client_id,fio,phone,email,city,created_at
c92218,Егор Шилова,+7 (936) 846-61-44,user92218@example.ru,С.-Петербург,20.03.2025
c90299,Алиса Савельев,+7 (998) 531-43-43,user90299@example.ru,Казань,23.03.2026
c92230,Наталья Осипова,+7 (938) 666-33-74,user92230@example.ru,Екатеринбург,31.07.2025
c105447,Артур Белых,+7 (928) 735-90-91,user105447@example.ru,Казань,29.03.2024
c90867,Ольга Зуева,+7 (955) 351-04-58,user90867@example.ru,С.-Петербург,28.03.2024
c92153,Глеб Сорокина,+7 (950) 402-96-77,user92153@example.ru,Красноярск,10.01.2026
c100068,Наталья Юдина,+7 (935) 763-23-43,user100068@example.ru,Екатеринбург,22.12.2024
c103037,Денис Зуева,+7 (945) 324-99-19,user103037@example.ru,Екатеринбург,20.11.2024
c90292,Артур Юдина,+7 (979) 860-59-86,user90292@example.ru,Красноярск,26.04.2025
c103326,Анна Нестеров,+7 (962) 045-22-13,user103326@example.ru,Казань,26.01.2025
c90633,Игорь Осипова,+7 (983) 819-79-24,user90633@example.ru,Новосибирск,27.06.2024
c102874,Вера Шилова,+7 (978) 687-76-25,user102874@example.ru,Красноярск,26.02.2025
c105080,Лидия Белых,+7 (919) 451-52-88,user105080@example.ru,Москва,18.09.2024
c92213,Алиса Гордеев,+7 (939) 626-33-20,user92213@example.ru,Казань,06.02.2026
c91780,Ольга Нестеров,+7 (998) 695-58-61,user91780@example.ru,С.-Петербург,28.03.2024
c90550,Полина Нестеров,+7 (966) 452-96-64,user90550@example.ru,С.-Петербург,14.01.2025
c90260,Тимур Ермаков,+7 (972) 645-13-74,user90260@example.ru,Красноярск,16.04.2026
c90353,Денис Юдина,+7 (938) 080-03-80,user90353@example.ru,Казань,15.02.2025
c90944,Денис Юдина,+7 (936) 186-15-89,user90944@example.ru,Екатеринбург,12.01.2025
c104313,Ольга Осипова,+7 (934) 580-59-41,user104313@example.ru,Москва,25.09.2024
c90238,Кирилл Ермаков,+7 (952) 388-54-49,user90238@example.ru,Казань,10.06.2026
c91168,Елена Савельев,+7 (985) 026-21-66,user91168@example.ru,Екатеринбург,21.09.2025
c92395,Анна Шилова,+7 (953) 425-95-72,user92395@example.ru,Москва,13.02.2026
c90404,Игорь Мешков,+7 (911) 759-57-95,user90404@example.ru,Новосибирск,09.05.2025
c91265,Егор Савельев,+7 (965) 466-96-14,user91265@example.ru,Новосибирск,07.07.2025
c90783,Денис Крылов,+7 (999) 795-43-75,user90783@example.ru,Москва,12.03.2026
c90948,Максим Мешков,+7 (942) 712-08-68,user90948@example.ru,Москва,14.05.2024
c90381,Денис Ковальчук,+7 (989) 863-98-96,user90381@example.ru,Новосибирск,13.06.2024
c90387,Тимур Мешков,+7 (914) 399-04-96,user90387@example.ru,Новосибирск,15.05.2026
c90472,Полина Осипова,+7 (969) 158-90-90,user90472@example.ru,Красноярск,23.01.2025
c92173,Денис Савельев,+7 (936) 945-88-31,user92173@example.ru,Казань,14.08.2024
c90050,Наталья Зуева,+7 (961) 554-14-20,user90050@example.ru,С.-Петербург,26.02.2024
c92424,Мария Савельев,+7 (945) 324-56-90,user92424@example.ru,С.-Петербург,23.06.2026
c92059,Игорь Гордеев,+7 (995) 393-84-78,user92059@example.ru,Москва,12.04.2026
c101876,Глеб Панин,+7 (914) 757-58-64,user101876@example.ru,С.-Петербург,14.06.2025
c91548,Егор Крылов,+7 (939) 743-60-32,user91548@example.ru,Казань,06.10.2025
c103555,Тимур Гордеев,+7 (939) 403-54-32,user103555@example.ru,Новосибирск,02.07.2024
c91865,Ольга Панин,+7 (935) 430-91-72,user91865@example.ru,Москва,18.03.2026
c90517,Егор Зуева,+7 (923) 700-54-48,user90517@example.ru,С.-Петербург,06.06.2025
c100088,Денис Белых,+7 (925) 902-14-98,user100088@example.ru,Екатеринбург,03.01.2025
c100960,Лидия Мешков,+7 (937) 586-31-26,user100960@example.ru,Красноярск,16.11.2024
c91852,Роман Тихонова,+7 (998) 147-52-23,user91852@example.ru,С.-Петербург,04.06.2025
c91873,Елена Ермаков,+7 (917) 023-83-68,user91873@example.ru,С.-Петербург,29.06.2025
c104398,Вера Юдина,+7 (923) 080-81-02,user104398@example.ru,Екатеринбург,06.12.2025
c90245,Егор Белых,+7 (952) 670-62-35,user90245@example.ru,Красноярск,16.12.2025
c91656,Максим Панин,+7 (988) 827-14-18,user91656@example.ru,Москва,23.12.2024
c103954,Юлия Ермаков,+7 (975) 623-11-94,user103954@example.ru,Екатеринбург,16.02.2026
c102819,Полина Тихонова,+7 (937) 581-11-32,user102819@example.ru,Красноярск,09.09.2024
c104115,Роман Гордеев,+7 (988) 493-11-02,user104115@example.ru,С.-Петербург,18.10.2025
c101856,Елена Тихонова,+7 (920) 625-53-01,user101856@example.ru,С.-Петербург,25.04.2026
c91443,Вера Панин,+7 (966) 615-68-31,user91443@example.ru,Казань,18.02.2026
c91088,Максим Шилова,+7 (992) 378-34-66,user91088@example.ru,Красноярск,30.03.2026
c90538,Тимур Ковальчук,+7 (987) 356-48-15,user90538@example.ru,Екатеринбург,03.01.2025
c103785,Анна Ковальчук,+7 (980) 292-96-43,user103785@example.ru,Красноярск,09.06.2025
c101410,Максим Юдина,+7 (916) 602-18-98,user101410@example.ru,Москва,19.02.2024
c104368,Павел Юдина,+7 (919) 581-89-33,user104368@example.ru,Казань,15.01.2024
c103309,Павел Ковальчук,+7 (961) 352-86-94,user103309@example.ru,Новосибирск,18.11.2024
c92280,Анна Ермаков,+7 (984) 641-83-85,user92280@example.ru,С.-Петербург,17.01.2025
c90640,Ольга Зуева,+7 (985) 481-26-99,user90640@example.ru,С.-Петербург,21.02.2026
c90534,Юлия Зуева,+7 (957) 300-53-97,user90534@example.ru,С.-Петербург,10.08.2025
c92182,Полина Панин,+7 (980) 127-49-99,user92182@example.ru,Красноярск,13.10.2025
c92245,Артур Ковальчук,+7 (997) 617-22-45,user92245@example.ru,С.-Петербург,27.06.2026
c91009,Денис Осипова,+7 (920) 340-40-24,user91009@example.ru,С.-Петербург,02.05.2026
c106525,Глеб Крылов,+7 (998) 267-86-25,user106525@example.ru,Новосибирск,29.08.2025
c91000,Артур Зуева,+7 (995) 520-64-03,user91000@example.ru,Красноярск,10.05.2024
c90795,Максим Юдина,+7 (911) 978-15-73,user90795@example.ru,С.-Петербург,10.08.2024
c106823,Максим Нестеров,+7 (938) 205-38-13,user106823@example.ru,Москва,18.04.2024
c91696,Юлия Белых,+7 (967) 551-70-52,user91696@example.ru,С.-Петербург,29.04.2026
c90810,Алиса Гордеев,+7 (942) 950-12-20,user90810@example.ru,Казань,26.03.2026
c105652,Павел Шилова,+7 (988) 489-25-85,user105652@example.ru,Казань,01.11.2025
c92011,Кирилл Зуева,+7 (963) 850-73-81,user92011@example.ru,Новосибирск,07.03.2025
c92188,Тимур Ковальчук,+7 (991) 979-00-31,user92188@example.ru,Новосибирск,31.03.2025
c92029,Игорь Сорокина,+7 (945) 116-98-80,user92029@example.ru,Москва,06.12.2024
c91571,Максим Мешков,+7 (977) 226-86-29,user91571@example.ru,Екатеринбург,16.03.2026
c91103,Игорь Тихонова,+7 (963) 783-99-05,user91103@example.ru,Новосибирск,19.04.2026
c92397,Глеб Панин,+7 (982) 671-11-52,user92397@example.ru,Казань,27.12.2024
c91843,Мария Мешков,+7 (946) 865-59-07,user91843@example.ru,С.-Петербург,30.05.2026
c90252,Павел Сорокина,+7 (936) 446-98-63,user90252@example.ru,Новосибирск,01.06.2024
c91920,Денис Шилова,+7 (948) 344-51-75,user91920@example.ru,Москва,13.11.2025
c102328,Лидия Савельев,+7 (953) 846-49-15,user102328@example.ru,С.-Петербург,01.02.2025
c90669,Глеб Лаптев,+7 (956) 766-45-55,user90669@example.ru,С.-Петербург,09.05.2025
c106341,Вера Мешков,+7 (965) 297-36-26,user106341@example.ru,Екатеринбург,27.06.2024
c104576,Роман Тихонова,+7 (991) 418-61-59,user104576@example.ru,Красноярск,13.05.2025
c92089,Елена Шилова,+7 (963) 843-27-36,user92089@example.ru,Красноярск,09.09.2025
c91203,Глеб Ермаков,+7 (943) 005-76-23,user91203@example.ru,Екатеринбург,07.01.2025
c91185,Павел Савельев,+7 (978) 278-59-73,user91185@example.ru,С.-Петербург,02.07.2024
c91647,Артур Савельев,+7 (960) 098-56-32,user91647@example.ru,Новосибирск,30.09.2025
c90291,Полина Нестеров,+7 (969) 044-27-38,user90291@example.ru,Москва,12.05.2024
c100569,Мария Лаптев,+7 (968) 127-86-01,user100569@example.ru,Казань,01.03.2026
c91202,Егор Зуева,+7 (986) 519-84-08,user91202@example.ru,Красноярск,18.12.2025
c92340,Артур Белых,+7 (960) 766-24-71,user92340@example.ru,Екатеринбург,05.03.2024
c92239,Алиса Савельев,+7 (949) 831-99-85,user92239@example.ru,Казань,04.09.2025
c91826,Тимур Мешков,+7 (933) 483-01-67,user91826@example.ru,Новосибирск,16.05.2024
c91470,Игорь Гордеев,+7 (958) 997-33-65,user91470@example.ru,Екатеринбург,18.03.2024
c90164,Юлия Нестеров,+7 (973) 995-97-73,user90164@example.ru,Екатеринбург,30.05.2024
c105282,Максим Савельев,+7 (977) 982-17-61,user105282@example.ru,Екатеринбург,07.06.2026
c90459,Вера Савельев,+7 (999) 685-30-05,user90459@example.ru,Красноярск,12.02.2026
c92148,Ольга Юдина,+7 (964) 815-63-11,user92148@example.ru,Екатеринбург,06.08.2025
c91860,Алиса Юдина,+7 (992) 982-65-89,user91860@example.ru,Москва,01.04.2026
c90463,Анна Тихонова,+7 (981) 521-35-61,user90463@example.ru,С.-Петербург,26.11.2025
c90373,Алиса Ковальчук,+7 (928) 264-20-02,user90373@example.ru,Красноярск,04.08.2025
c106480,Мария Юдина,+7 (948) 622-34-86,user106480@example.ru,Новосибирск,14.05.2024
c106842,Денис Мешков,+7 (925) 089-12-54,user106842@example.ru,Екатеринбург,09.04.2024
c91607,Глеб Сорокина,+7 (963) 934-70-58,user91607@example.ru,Красноярск,15.05.2025
c90179,Наталья Зуева,+7 (943) 614-00-69,user90179@example.ru,С.-Петербург,12.11.2024
c92019,Игорь Тихонова,+7 (989) 554-43-49,user92019@example.ru,Екатеринбург,02.04.2025
c91298,Елена Осипова,+7 (928) 294-44-25,user91298@example.ru,Новосибирск,13.07.2024
c91554,Тимур Осипова,+7 (985) 583-66-64,user91554@example.ru,Москва,17.03.2024
c90267,Павел Гордеев,+7 (987) 292-38-47,user90267@example.ru,Красноярск,07.06.2026
c106080,Денис Сорокина,+7 (959) 233-08-69,user106080@example.ru,Москва,24.01.2026
c91814,Наталья Гордеев,+7 (976) 425-70-97,user91814@example.ru,С.-Петербург,08.03.2024
c91833,Егор Зуева,+7 (935) 368-78-61,user91833@example.ru,Москва,18.04.2024
c106342,Елена Мешков,+7 (914) 803-80-41,user106342@example.ru,Москва,29.05.2026
c105116,Ольга Лаптев,+7 (927) 222-06-51,user105116@example.ru,Новосибирск,23.06.2024
c104147,Юлия Сорокина,+7 (946) 101-52-24,user104147@example.ru,Новосибирск,23.09.2024
c90185,Вера Зуева,+7 (969) 637-11-27,user90185@example.ru,Красноярск,27.08.2024
c104149,Максим Ковальчук,+7 (937) 866-71-07,user104149@example.ru,Москва,03.11.2025
c91749,Юлия Нестеров,+7 (943) 240-43-54,user91749@example.ru,С.-Петербург,31.05.2024
c90858,Егор Ковальчук,+7 (913) 581-65-58,user90858@example.ru,Красноярск,07.05.2024
c92220,Артур Крылов,+7 (967) 983-63-51,user92220@example.ru,Новосибирск,29.10.2025
c90796,Роман Гордеев,+7 (988) 489-53-37,user90796@example.ru,Красноярск,06.12.2025
c91915,Денис Зуева,+7 (911) 855-43-30,user91915@example.ru,Москва,10.06.2026
c90687,Лидия Зуева,+7 (922) 950-48-25,user90687@example.ru,Екатеринбург,13.07.2024
c90766,Павел Шилова,+7 (975) 036-81-23,user90766@example.ru,Красноярск,18.04.2025
c103484,Лидия Осипова,+7 (967) 903-37-49,user103484@example.ru,Москва,06.11.2025
c91422,Елена Ермаков,+7 (977) 903-05-89,user91422@example.ru,Казань,21.08.2025
c91384,Наталья Ермаков,+7 (992) 642-54-95,user91384@example.ru,Москва,18.01.2026
c100978,Максим Юдина,+7 (950) 493-59-46,user100978@example.ru,Москва,18.12.2025
c90988,Ольга Юдина,+7 (990) 118-08-11,user90988@example.ru,Казань,25.05.2026
c90825,Лидия Сорокина,+7 (974) 523-18-99,user90825@example.ru,Екатеринбург,21.05.2024
c100313,Анна Гордеев,+7 (952) 547-15-76,user100313@example.ru,Казань,11.05.2025
c90592,Кирилл Ковальчук,+7 (916) 034-74-12,user90592@example.ru,Екатеринбург,22.07.2024
c92417,Ольга Сорокина,+7 (986) 401-19-22,user92417@example.ru,Екатеринбург,10.04.2025
c102978,Мария Шилова,+7 (932) 934-32-32,user102978@example.ru,Новосибирск,03.02.2024
c100407,Полина Крылов,+7 (977) 840-21-50,user100407@example.ru,С.-Петербург,13.11.2025
c100329,Глеб Осипова,+7 (950) 617-06-51,user100329@example.ru,Казань,11.12.2024
c92436,Анна Ермаков,+7 (985) 295-79-59,user92436@example.ru,Новосибирск,20.04.2024
c92198,Кирилл Мешков,+7 (939) 628-34-69,user92198@example.ru,Казань,03.05.2024
c90230,Юлия Ермаков,+7 (930) 035-71-03,user90230@example.ru,Казань,15.04.2025
c92315,Анна Лаптев,+7 (992) 510-34-03,user92315@example.ru,Москва,15.09.2025
c90211,Максим Зуева,+7 (962) 281-27-51,user90211@example.ru,Москва,08.03.2025
c102474,Анна Зуева,+7 (954) 358-58-21,user102474@example.ru,Красноярск,25.02.2024
c92225,Глеб Осипова,+7 (918) 030-85-95,user92225@example.ru,Москва,14.08.2024
c91913,Павел Осипова,+7 (955) 027-86-64,user91913@example.ru,Москва,26.04.2024
c104630,Алиса Сорокина,+7 (950) 373-99-59,user104630@example.ru,Екатеринбург,05.03.2026
c92007,Роман Ермаков,+7 (962) 093-51-70,user92007@example.ru,С.-Петербург,04.09.2025
c90489,Егор Крылов,+7 (992) 621-67-25,user90489@example.ru,С.-Петербург,23.06.2025
c92125,Ольга Юдина,+7 (919) 784-39-34,user92125@example.ru,Екатеринбург,02.03.2024
c101371,Елена Белых,+7 (927) 485-03-34,user101371@example.ru,Екатеринбург,14.03.2024
c91054,Роман Ермаков,+7 (994) 504-45-75,user91054@example.ru,С.-Петербург,30.01.2025
c92254,Анна Тихонова,+7 (990) 413-00-17,user92254@example.ru,Казань,24.01.2025
c103259,Денис Ермаков,+7 (913) 390-79-68,user103259@example.ru,Москва,03.08.2025
c91681,Ольга Ермаков,+7 (915) 913-84-99,user91681@example.ru,Москва,26.01.2026
c90908,Наталья Зуева,+7 (993) 522-99-83,user90908@example.ru,Новосибирск,25.02.2025
c103003,Глеб Ермаков,+7 (975) 704-61-02,user103003@example.ru,Красноярск,28.09.2025
c101221,Полина Тихонова,+7 (974) 127-05-93,user101221@example.ru,Красноярск,24.03.2024
c103008,Кирилл Гордеев,+7 (984) 633-53-73,user103008@example.ru,Казань,21.10.2024
c91306,Павел Зуева,+7 (926) 805-34-66,user91306@example.ru,Красноярск,23.06.2026
c92474,Роман Панин,+7 (913) 224-13-86,user92474@example.ru,Красноярск,22.03.2025
c90331,Игорь Ермаков,+7 (955) 138-58-84,user90331@example.ru,Екатеринбург,07.01.2026
c90811,Алиса Сорокина,+7 (982) 862-78-82,user90811@example.ru,Москва,20.08.2025
c101755,Алиса Мешков,+7 (916) 483-55-30,user101755@example.ru,Москва,24.11.2024
c90820,Алиса Ермаков,+7 (983) 181-94-48,user90820@example.ru,Красноярск,30.01.2025
c92233,Елена Зуева,+7 (968) 522-38-07,user92233@example.ru,С.-Петербург,01.02.2026
c102652,Денис Тихонова,+7 (915) 594-84-12,user102652@example.ru,Казань,17.03.2026
c90155,Полина Панин,+7 (968) 581-07-11,user90155@example.ru,Екатеринбург,04.07.2025
c90503,Лидия Панин,+7 (990) 810-48-23,user90503@example.ru,Казань,29.08.2025
c90033,Павел Зуева,+7 (920) 656-34-55,user90033@example.ru,С.-Петербург,04.01.2026
c92276,Вера Лаптев,+7 (973) 562-20-20,user92276@example.ru,Красноярск,19.10.2025
c90231,Игорь Зуева,+7 (943) 355-12-37,user90231@example.ru,С.-Петербург,26.04.2026
c91562,Юлия Шилова,+7 (928) 415-96-87,user91562@example.ru,С.-Петербург,27.08.2025
c102421,Лидия Панин,+7 (924) 848-66-65,user102421@example.ru,Екатеринбург,20.11.2024
c92049,Роман Савельев,+7 (951) 759-53-48,user92049@example.ru,Екатеринбург,16.09.2024
c90791,Денис Панин,+7 (959) 906-85-58,user90791@example.ru,С.-Петербург,15.08.2024
c90879,Елена Сорокина,+7 (962) 338-91-68,user90879@example.ru,Новосибирск,19.01.2024
c91294,Роман Гордеев,+7 (957) 734-86-00,user91294@example.ru,Казань,28.08.2025
c90725,Наталья Осипова,+7 (981) 438-50-49,user90725@example.ru,С.-Петербург,23.07.2024
c106239,Артур Ковальчук,+7 (958) 035-23-71,user106239@example.ru,Москва,08.04.2025
c91421,Артур Лаптев,+7 (920) 722-38-00,user91421@example.ru,Казань,04.09.2024
c105252,Денис Юдина,+7 (946) 163-03-06,user105252@example.ru,Казань,03.11.2024
c92445,Максим Сорокина,+7 (984) 872-92-14,user92445@example.ru,Красноярск,21.09.2024
c100532,Роман Савельев,+7 (956) 408-83-29,user100532@example.ru,Москва,25.06.2026
c92086,Мария Лаптев,+7 (953) 223-09-47,user92086@example.ru,Казань,06.04.2024
c100155,Наталья Гордеев,+7 (940) 555-68-41,user100155@example.ru,Казань,23.01.2026
c91190,Анна Лаптев,+7 (931) 905-42-68,user91190@example.ru,Красноярск,26.09.2024
c90649,Роман Мешков,+7 (922) 570-25-66,user90649@example.ru,Екатеринбург,05.05.2025
c92382,Тимур Зуева,+7 (923) 493-06-26,user92382@example.ru,Красноярск,13.02.2025
c104697,Елена Лаптев,+7 (951) 768-05-53,user104697@example.ru,С.-Петербург,06.12.2025
c100713,Роман Гордеев,+7 (997) 194-95-46,user100713@example.ru,Новосибирск,28.11.2025
c90542,Егор Ермаков,+7 (955) 626-46-05,user90542@example.ru,С.-Петербург,25.09.2024
c91333,Егор Сорокина,+7 (976) 374-62-65,user91333@example.ru,Казань,20.03.2026
c102773,Елена Тихонова,+7 (959) 708-00-86,user102773@example.ru,Екатеринбург,15.06.2024
c91598,Наталья Ковальчук,+7 (938) 394-29-71,user91598@example.ru,Красноярск,26.08.2024
c91769,Лидия Сорокина,+7 (958) 602-60-70,user91769@example.ru,Москва,01.03.2026
c102226,Тимур Шилова,+7 (995) 168-65-60,user102226@example.ru,Красноярск,19.04.2026
c91417,Лидия Панин,+7 (917) 749-14-50,user91417@example.ru,Новосибирск,03.04.2024
c102082,Роман Мешков,+7 (923) 168-26-00,user102082@example.ru,С.-Петербург,27.05.2025
c92288,Павел Тихонова,+7 (990) 723-86-82,user92288@example.ru,Екатеринбург,07.02.2026
c91194,Егор Зуева,+7 (996) 090-52-89,user91194@example.ru,Казань,10.06.2025
c106323,Максим Мешков,+7 (948) 808-01-93,user106323@example.ru,Новосибирск,17.06.2024
c90405,Кирилл Осипова,+7 (919) 931-83-28,user90405@example.ru,Москва,24.02.2024
c90300,Ольга Нестеров,+7 (980) 793-21-37,user90300@example.ru,Казань,13.03.2024
c91750,Елена Панин,+7 (985) 313-55-50,user91750@example.ru,Казань,16.01.2024
c91857,Алиса Ковальчук,+7 (947) 983-27-99,user91857@example.ru,Казань,24.10.2025
c90578,Ольга Тихонова,+7 (991) 818-31-40,user90578@example.ru,Красноярск,06.03.2026
c91095,Максим Лаптев,+7 (932) 231-23-02,user91095@example.ru,Москва,01.10.2025
c101969,Полина Лаптев,+7 (918) 271-80-72,user101969@example.ru,Екатеринбург,22.06.2026
c90094,Роман Зуева,+7 (940) 080-48-01,user90094@example.ru,Москва,06.12.2024
c90785,Вера Зуева,+7 (919) 815-48-83,user90785@example.ru,Новосибирск,03.01.2026
c92134,Игорь Сорокина,+7 (983) 985-90-65,user92134@example.ru,Екатеринбург,08.07.2024
c90679,Артур Гордеев,+7 (914) 111-62-59,user90679@example.ru,Казань,17.07.2024
c91902,Кирилл Ковальчук,+7 (985) 600-70-66,user91902@example.ru,Екатеринбург,17.05.2024
c91832,Мария Юдина,+7 (974) 385-69-09,user91832@example.ru,Новосибирск,10.05.2024
c106843,Мария Лаптев,+7 (939) 971-45-95,user106843@example.ru,Новосибирск,07.04.2024
c91233,Егор Панин,+7 (934) 989-87-21,user91233@example.ru,Казань,25.04.2026
c91490,Юлия Гордеев,+7 (942) 469-47-89,user91490@example.ru,Москва,06.06.2025
c92056,Мария Гордеев,+7 (940) 317-74-37,user92056@example.ru,Казань,30.03.2024
c90615,Тимур Тихонова,+7 (917) 766-68-89,user90615@example.ru,Казань,22.03.2024
c90723,Артур Сорокина,+7 (935) 122-48-94,user90723@example.ru,Казань,01.04.2024
c90802,Тимур Савельев,+7 (940) 678-10-34,user90802@example.ru,Казань,30.05.2024
c101821,Денис Гордеев,+7 (954) 246-85-93,user101821@example.ru,Казань,20.11.2024
c92472,Роман Тихонова,+7 (937) 937-83-49,user92472@example.ru,Красноярск,22.10.2024
c90163,Наталья Лаптев,+7 (987) 753-19-44,user90163@example.ru,Новосибирск,14.05.2024
c100666,Ольга Сорокина,+7 (994) 681-11-66,user100666@example.ru,Красноярск,24.07.2024
c92464,Денис Панин,+7 (918) 536-83-18,user92464@example.ru,Екатеринбург,27.03.2024
c102321,Игорь Гордеев,+7 (922) 701-30-60,user102321@example.ru,С.-Петербург,27.07.2024
c90765,Мария Гордеев,+7 (985) 881-34-78,user90765@example.ru,Красноярск,13.09.2025
c106121,Ольга Гордеев,+7 (960) 028-64-18,user106121@example.ru,Екатеринбург,29.07.2024
c90440,Лидия Гордеев,+7 (932) 002-31-02,user90440@example.ru,Екатеринбург,03.01.2026
c91561,Вера Крылов,+7 (917) 666-80-95,user91561@example.ru,Москва,12.03.2024
c101539,Глеб Нестеров,+7 (927) 759-74-88,user101539@example.ru,Казань,11.10.2024
c90243,Елена Белых,+7 (928) 626-83-37,user90243@example.ru,Казань,16.09.2025
c92361,Максим Мешков,+7 (960) 322-49-30,user92361@example.ru,Красноярск,22.03.2024
c103655,Тимур Мешков,+7 (954) 875-61-83,user103655@example.ru,Москва,04.02.2025
c90873,Роман Лаптев,+7 (985) 899-81-58,user90873@example.ru,С.-Петербург,30.08.2025
c90945,Юлия Мешков,+7 (983) 349-90-19,user90945@example.ru,Екатеринбург,11.10.2024
c90484,Егор Савельев,+7 (924) 857-69-58,user90484@example.ru,Екатеринбург,05.02.2025
c92452,Роман Юдина,+7 (923) 455-15-82,user92452@example.ru,Новосибирск,15.04.2026
c90491,Роман Белых,+7 (965) 150-67-14,user90491@example.ru,Екатеринбург,03.05.2026
c92222,Юлия Юдина,+7 (988) 839-76-49,user92222@example.ru,С.-Петербург,27.05.2026
c90301,Тимур Юдина,+7 (913) 402-88-52,user90301@example.ru,Казань,25.10.2025
c91718,Игорь Нестеров,+7 (935) 326-90-07,user91718@example.ru,Москва,07.02.2025
c101469,Наталья Ковальчук,+7 (980) 032-16-10,user101469@example.ru,Новосибирск,17.08.2025
c90415,Егор Белых,+7 (991) 960-93-19,user90415@example.ru,С.-Петербург,06.10.2024
c92476,Егор Осипова,+7 (983) 925-65-04,user92476@example.ru,Новосибирск,30.11.2025
c91708,Денис Сорокина,+7 (945) 124-37-99,user91708@example.ru,Москва,28.04.2026
c92158,Вера Лаптев,+7 (971) 870-26-75,user92158@example.ru,Новосибирск,12.01.2025
c91502,Кирилл Шилова,+7 (968) 257-45-37,user91502@example.ru,Екатеринбург,24.12.2025
c100989,Лидия Лаптев,+7 (948) 312-46-98,user100989@example.ru,Екатеринбург,30.11.2025
c101919,Полина Осипова,+7 (933) 934-89-80,user101919@example.ru,Новосибирск,28.05.2026
c91199,Максим Нестеров,+7 (948) 665-93-34,user91199@example.ru,Казань,26.07.2025
c92003,Кирилл Шилова,+7 (971) 346-49-18,user92003@example.ru,Красноярск,29.08.2025
c90581,Павел Нестеров,+7 (976) 389-22-00,user90581@example.ru,Красноярск,12.06.2024
c105029,Полина Нестеров,+7 (946) 395-16-52,user105029@example.ru,Екатеринбург,28.08.2025
c91072,Анна Крылов,+7 (924) 790-10-20,user91072@example.ru,Красноярск,12.02.2026
c90516,Денис Лаптев,+7 (912) 527-84-02,user90516@example.ru,Москва,30.06.2025
c102529,Артур Сорокина,+7 (994) 716-26-12,user102529@example.ru,Казань,11.06.2026
c92372,Вера Шилова,+7 (926) 427-97-03,user92372@example.ru,Казань,12.07.2024
c91960,Наталья Зуева,+7 (947) 733-32-60,user91960@example.ru,Красноярск,27.04.2024
c103143,Егор Сорокина,+7 (991) 806-88-57,user103143@example.ru,Москва,03.11.2024
c103323,Егор Мешков,+7 (959) 685-87-49,user103323@example.ru,Новосибирск,04.05.2025
c102429,Елена Нестеров,+7 (964) 006-79-71,user102429@example.ru,Москва,02.03.2026
c91519,Кирилл Белых,+7 (978) 377-01-66,user91519@example.ru,Москва,24.06.2026
c91753,Мария Лаптев,+7 (936) 335-67-38,user91753@example.ru,Казань,04.04.2026
c91040,Максим Осипова,+7 (991) 940-51-91,user91040@example.ru,Красноярск,24.08.2025
c90832,Алиса Савельев,+7 (957) 651-62-35,user90832@example.ru,Екатеринбург,17.11.2025
c100249,Глеб Нестеров,+7 (985) 952-57-47,user100249@example.ru,Новосибирск,19.03.2026
c92374,Юлия Панин,+7 (980) 389-46-75,user92374@example.ru,Екатеринбург,19.12.2025
c104747,Лидия Белых,+7 (951) 381-09-62,user104747@example.ru,Красноярск,21.11.2025
c91796,Вера Юдина,+7 (977) 399-79-81,user91796@example.ru,Екатеринбург,26.06.2024
c103451,Юлия Лаптев,+7 (950) 199-69-10,user103451@example.ru,С.-Петербург,17.06.2026
c91342,Наталья Зуева,+7 (959) 076-05-08,user91342@example.ru,Екатеринбург,25.02.2024
c91755,Денис Мешков,+7 (919) 055-11-93,user91755@example.ru,Москва,03.09.2025
c92190,Юлия Лаптев,+7 (930) 594-97-13,user92190@example.ru,Казань,10.01.2025
c90663,Павел Зуева,+7 (995) 998-51-09,user90663@example.ru,С.-Петербург,02.07.2025
c91734,Полина Крылов,+7 (928) 260-40-87,user91734@example.ru,Новосибирск,07.02.2025
c105775,Павел Шилова,+7 (923) 140-90-55,user105775@example.ru,Новосибирск,31.03.2024
c91715,Максим Гордеев,+7 (951) 746-57-95,user91715@example.ru,Красноярск,22.01.2024
c90523,Анна Осипова,+7 (936) 901-86-40,user90523@example.ru,С.-Петербург,10.02.2025
c91740,Наталья Шилова,+7 (959) 952-75-39,user91740@example.ru,Казань,16.10.2024
c104384,Полина Нестеров,+7 (982) 789-88-35,user104384@example.ru,Екатеринбург,29.03.2025
c91467,Егор Шилова,+7 (931) 240-30-57,user91467@example.ru,Екатеринбург,08.08.2025
c92228,Анна Осипова,+7 (949) 785-13-74,user92228@example.ru,Казань,28.07.2024
c91563,Алиса Савельев,+7 (994) 298-63-93,user91563@example.ru,Москва,20.06.2026
c91994,Вера Панин,+7 (980) 029-30-91,user91994@example.ru,Москва,24.02.2026
c90553,Лидия Осипова,+7 (923) 556-15-51,user90553@example.ru,Новосибирск,28.02.2026
c91198,Артур Осипова,+7 (911) 587-69-73,user91198@example.ru,Красноярск,22.09.2024
c91836,Анна Юдина,+7 (927) 562-25-83,user91836@example.ru,С.-Петербург,14.01.2024
c91946,Лидия Крылов,+7 (953) 878-49-71,user91946@example.ru,Новосибирск,08.01.2025
c91135,Глеб Ковальчук,+7 (976) 488-92-32,user91135@example.ru,Екатеринбург,25.07.2025
c101566,Лидия Лаптев,+7 (993) 247-37-85,user101566@example.ru,С.-Петербург,24.03.2024
c100244,Кирилл Нестеров,+7 (923) 248-74-49,user100244@example.ru,Екатеринбург,05.03.2025
c101822,Елена Крылов,+7 (950) 145-27-34,user101822@example.ru,Казань,26.01.2024
c100351,Глеб Юдина,+7 (948) 992-40-58,user100351@example.ru,Екатеринбург,09.07.2024
c92252,Лидия Осипова,+7 (975) 597-76-06,user92252@example.ru,Казань,23.03.2024
c91436,Денис Панин,+7 (993) 613-26-45,user91436@example.ru,Новосибирск,10.04.2024
c100715,Юлия Зуева,+7 (991) 041-09-10,user100715@example.ru,Новосибирск,15.06.2025
c100257,Максим Шилова,+7 (982) 411-17-69,user100257@example.ru,Казань,22.08.2025
c90710,Денис Сорокина,+7 (990) 793-24-30,user90710@example.ru,Казань,07.06.2025
c92100,Тимур Белых,+7 (925) 804-14-60,user92100@example.ru,Новосибирск,02.06.2024
c90316,Тимур Белых,+7 (930) 071-11-27,user90316@example.ru,Екатеринбург,05.02.2024
c90294,Денис Ковальчук,+7 (938) 902-76-04,user90294@example.ru,С.-Петербург,29.05.2026
c101991,Полина Зуева,+7 (957) 144-24-68,user101991@example.ru,Новосибирск,14.03.2024
c91685,Лидия Гордеев,+7 (967) 827-26-29,user91685@example.ru,Казань,17.04.2026
c90646,Егор Лаптев,+7 (931) 147-74-16,user90646@example.ru,Новосибирск,31.10.2025
c91017,Мария Панин,+7 (927) 872-97-45,user91017@example.ru,Екатеринбург,14.04.2024
c92305,Наталья Лаптев,+7 (928) 112-27-66,user92305@example.ru,С.-Петербург,05.01.2025
c91187,Егор Ермаков,+7 (919) 150-98-18,user91187@example.ru,Красноярск,23.03.2025
c91477,Лидия Панин,+7 (947) 696-58-36,user91477@example.ru,С.-Петербург,05.05.2025
c91348,Елена Белых,+7 (996) 013-99-47,user91348@example.ru,Красноярск,22.12.2025
c105970,Артур Нестеров,+7 (984) 209-45-33,user105970@example.ru,Москва,28.04.2025
c103980,Роман Ковальчук,+7 (989) 310-51-32,user103980@example.ru,С.-Петербург,10.04.2026
c90999,Роман Лаптев,+7 (916) 330-31-42,user90999@example.ru,Красноярск,10.03.2025
c92273,Полина Зуева,+7 (939) 922-68-50,user92273@example.ru,Екатеринбург,03.04.2024
c102863,Лидия Панин,+7 (935) 374-54-09,user102863@example.ru,Красноярск,07.02.2024
c106303,Артур Крылов,+7 (963) 178-76-74,user106303@example.ru,С.-Петербург,18.03.2026
c90073,Тимур Белых,+7 (992) 515-10-58,user90073@example.ru,Красноярск,02.04.2025
c103755,Вера Нестеров,+7 (996) 150-49-79,user103755@example.ru,Москва,14.09.2025
c90137,Тимур Осипова,+7 (921) 437-78-38,user90137@example.ru,Москва,01.05.2026
c90579,Ольга Зуева,+7 (913) 529-32-07,user90579@example.ru,С.-Петербург,06.08.2024
c90861,Полина Лаптев,+7 (945) 895-74-62,user90861@example.ru,Новосибирск,13.01.2026
c91098,Тимур Зуева,+7 (965) 421-99-97,user91098@example.ru,С.-Петербург,30.09.2024
c90432,Вера Гордеев,+7 (954) 685-85-23,user90432@example.ru,Красноярск,25.09.2024
c90885,Мария Осипова,+7 (941) 474-35-97,user90885@example.ru,Екатеринбург,09.01.2026
c100571,Павел Крылов,+7 (964) 828-14-61,user100571@example.ru,Москва,31.12.2025
c90814,Елена Шилова,+7 (935) 658-36-56,user90814@example.ru,Новосибирск,02.05.2026
c91966,Павел Нестеров,+7 (962) 248-86-11,user91966@example.ru,Екатеринбург,04.10.2024
c100166,Игорь Осипова,+7 (939) 181-29-00,user100166@example.ru,Новосибирск,23.09.2025
c92262,Наталья Сорокина,+7 (916) 830-93-13,user92262@example.ru,Казань,19.07.2025
c106419,Максим Осипова,+7 (933) 097-20-67,user106419@example.ru,С.-Петербург,27.01.2026
c92402,Игорь Юдина,+7 (913) 727-96-08,user92402@example.ru,Москва,02.07.2025
c90470,Тимур Мешков,+7 (967) 687-38-36,user90470@example.ru,Екатеринбург,18.01.2026
c91703,Юлия Ковальчук,+7 (988) 204-85-76,user91703@example.ru,Казань,30.06.2024
c106498,Максим Шилова,+7 (989) 111-93-01,user106498@example.ru,Казань,06.02.2024
c90477,Анна Ковальчук,+7 (965) 991-70-49,user90477@example.ru,С.-Петербург,02.09.2025
c91525,Павел Ермаков,+7 (930) 994-75-46,user91525@example.ru,Новосибирск,30.08.2024
c90556,Игорь Мешков,+7 (937) 726-92-46,user90556@example.ru,Казань,26.11.2024
c92138,Максим Гордеев,+7 (978) 917-62-51,user92138@example.ru,Екатеринбург,02.02.2024
c90354,Кирилл Сорокина,+7 (914) 800-44-11,user90354@example.ru,С.-Петербург,02.10.2024
c104201,Максим Крылов,+7 (986) 462-96-12,user104201@example.ru,Новосибирск,05.02.2024
c103079,Юлия Ковальчук,+7 (959) 196-48-00,user103079@example.ru,Новосибирск,18.08.2025
c101645,Денис Ермаков,+7 (988) 516-32-00,user101645@example.ru,С.-Петербург,14.04.2026
c105043,Кирилл Лаптев,+7 (921) 760-26-68,user105043@example.ru,С.-Петербург,19.10.2025
c104308,Алиса Крылов,+7 (970) 601-23-62,user104308@example.ru,С.-Петербург,04.02.2025
c90143,Денис Белых,+7 (958) 155-93-06,user90143@example.ru,Новосибирск,13.07.2024
c90606,Егор Мешков,+7 (914) 662-89-49,user90606@example.ru,Новосибирск,25.06.2025
c91958,Роман Нестеров,+7 (977) 039-16-28,user91958@example.ru,Красноярск,14.02.2026
c92294,Анна Панин,+7 (969) 792-40-22,user92294@example.ru,Красноярск,25.05.2025
c100408,Полина Сорокина,+7 (960) 063-30-50,user100408@example.ru,С.-Петербург,24.11.2024
c102496,Ольга Мешков,+7 (954) 402-46-29,user102496@example.ru,Казань,24.01.2026
c90383,Глеб Мешков,+7 (929) 786-95-11,user90383@example.ru,Новосибирск,27.04.2024
c90892,Глеб Тихонова,+7 (974) 842-60-38,user90892@example.ru,Красноярск,05.11.2024
c92167,Полина Ковальчук,+7 (933) 174-66-94,user92167@example.ru,Новосибирск,09.06.2024
c90577,Анна Ермаков,+7 (963) 170-76-74,user90577@example.ru,Екатеринбург,14.01.2024
c91005,Кирилл Нестеров,+7 (962) 819-97-24,user91005@example.ru,Екатеринбург,31.07.2024
c91007,Кирилл Сорокина,+7 (941) 211-65-10,user91007@example.ru,С.-Петербург,11.07.2025
c91291,Роман Лаптев,+7 (916) 994-01-80,user91291@example.ru,С.-Петербург,04.02.2024
c101589,Лидия Белых,+7 (984) 220-63-21,user101589@example.ru,Москва,07.04.2025
c92378,Денис Савельев,+7 (922) 490-97-73,user92378@example.ru,Москва,28.06.2026
c101154,Артур Белых,+7 (952) 837-57-69,user101154@example.ru,Москва,18.08.2025
c91914,Максим Осипова,+7 (963) 066-58-04,user91914@example.ru,Москва,14.01.2025
c91744,Алиса Лаптев,+7 (924) 720-40-45,user91744@example.ru,Москва,22.05.2026
c104262,Тимур Крылов,+7 (963) 005-55-39,user104262@example.ru,Новосибирск,22.09.2024
c91013,Игорь Шилова,+7 (975) 602-85-24,user91013@example.ru,Екатеринбург,23.03.2026
c90569,Павел Белых,+7 (915) 977-58-64,user90569@example.ru,Москва,25.03.2024
c90696,Наталья Белых,+7 (932) 246-06-09,user90696@example.ru,Екатеринбург,29.01.2025
c101493,Глеб Ковальчук,+7 (976) 366-29-09,user101493@example.ru,С.-Петербург,21.05.2025
c101244,Полина Ермаков,+7 (990) 696-61-22,user101244@example.ru,Екатеринбург,10.05.2024
c92399,Денис Панин,+7 (970) 710-40-78,user92399@example.ru,С.-Петербург,20.04.2024
c90527,Денис Осипова,+7 (970) 658-99-89,user90527@example.ru,С.-Петербург,10.02.2024
c91192,Юлия Шилова,+7 (976) 476-17-42,user91192@example.ru,С.-Петербург,31.12.2024
c90120,Анна Юдина,+7 (940) 967-82-88,user90120@example.ru,Казань,07.05.2026
c90060,Анна Мешков,+7 (971) 686-01-31,user90060@example.ru,С.-Петербург,02.05.2024
c90749,Глеб Сорокина,+7 (961) 911-06-56,user90749@example.ru,С.-Петербург,17.02.2025
c91736,Анна Осипова,+7 (954) 176-58-61,user91736@example.ru,Казань,21.06.2026
c90886,Кирилл Тихонова,+7 (942) 282-04-87,user90886@example.ru,Екатеринбург,29.03.2025
c92426,Ольга Панин,+7 (961) 893-64-02,user92426@example.ru,С.-Петербург,25.09.2024
c90026,Артур Савельев,+7 (925) 824-69-09,user90026@example.ru,Екатеринбург,07.12.2025
c92453,Лидия Сорокина,+7 (966) 633-21-84,user92453@example.ru,Красноярск,08.03.2025
c105464,Егор Юдина,+7 (930) 073-03-73,user105464@example.ru,Москва,06.06.2025
c90827,Артур Юдина,+7 (922) 808-71-26,user90827@example.ru,С.-Петербург,05.12.2024
c92329,Павел Юдина,+7 (995) 344-46-92,user92329@example.ru,Москва,18.06.2024
c91097,Юлия Тихонова,+7 (987) 349-78-90,user91097@example.ru,С.-Петербург,29.10.2025
c91162,Вера Осипова,+7 (973) 810-52-42,user91162@example.ru,Новосибирск,17.05.2024
c101043,Алиса Ермаков,+7 (977) 678-36-38,user101043@example.ru,С.-Петербург,23.04.2025
c92341,Роман Ковальчук,+7 (968) 474-19-93,user92341@example.ru,Москва,29.07.2025
c90407,Наталья Крылов,+7 (991) 317-99-23,user90407@example.ru,С.-Петербург,12.01.2025
c92391,Павел Ковальчук,+7 (913) 524-67-41,user92391@example.ru,Новосибирск,14.04.2025
c104354,Денис Мешков,+7 (979) 065-24-17,user104354@example.ru,С.-Петербург,21.01.2025
c104532,Ольга Юдина,+7 (924) 329-86-64,user104532@example.ru,Казань,29.06.2024
c105353,Глеб Тихонова,+7 (972) 610-88-00,user105353@example.ru,Казань,10.08.2024
c100058,Егор Савельев,+7 (988) 047-92-70,user100058@example.ru,Екатеринбург,06.11.2024
c92104,Ольга Юдина,+7 (929) 198-31-50,user92104@example.ru,Москва,22.12.2025
c91510,Тимур Крылов,+7 (953) 665-10-35,user91510@example.ru,Новосибирск,18.08.2025
c90826,Вера Лаптев,+7 (918) 994-08-37,user90826@example.ru,Москва,06.12.2025
c103885,Юлия Тихонова,+7 (970) 277-07-82,user103885@example.ru,Новосибирск,03.05.2025
c104673,Павел Крылов,+7 (928) 991-59-94,user104673@example.ru,Новосибирск,29.11.2024
c91903,Мария Мешков,+7 (934) 093-59-07,user91903@example.ru,Новосибирск,02.05.2024
c90423,Юлия Юдина,+7 (945) 357-76-54,user90423@example.ru,С.-Петербург,22.11.2025
c91515,Лидия Белых,+7 (931) 704-06-96,user91515@example.ru,С.-Петербург,27.08.2025
c91465,Ольга Савельев,+7 (998) 718-15-56,user91465@example.ru,Москва,09.06.2026
c90652,Павел Нестеров,+7 (925) 958-47-95,user90652@example.ru,Красноярск,26.03.2025
c91453,Алиса Гордеев,+7 (961) 263-69-57,user91453@example.ru,Екатеринбург,04.06.2026
c90443,Глеб Гордеев,+7 (980) 153-85-82,user90443@example.ru,Екатеринбург,30.04.2024
c90201,Елена Тихонова,+7 (938) 996-26-76,user90201@example.ru,Новосибирск,05.06.2024
c90513,Денис Сорокина,+7 (936) 099-60-59,user90513@example.ru,Красноярск,29.03.2025
c105995,Полина Ермаков,+7 (967) 697-92-03,user105995@example.ru,Москва,14.11.2025
c90582,Глеб Зуева,+7 (923) 144-92-75,user90582@example.ru,Казань,20.06.2026
c100040,Егор Лаптев,+7 (979) 154-21-75,user100040@example.ru,Москва,24.02.2024
c91153,Елена Ковальчук,+7 (977) 682-42-43,user91153@example.ru,Москва,02.02.2025
c90017,Денис Крылов,+7 (949) 194-81-67,user90017@example.ru,С.-Петербург,07.12.2025
c90144,Глеб Зуева,+7 (988) 825-83-92,user90144@example.ru,Казань,26.10.2024
c92185,Игорь Сорокина,+7 (938) 016-36-98,user92185@example.ru,Екатеринбург,25.02.2026
c92404,Кирилл Сорокина,+7 (921) 703-49-95,user92404@example.ru,Красноярск,19.12.2025
c91019,Роман Нестеров,+7 (950) 989-89-14,user91019@example.ru,Екатеринбург,23.09.2024
c101441,Максим Сорокина,+7 (923) 774-24-99,user101441@example.ru,Екатеринбург,24.06.2024
c90930,Полина Нестеров,+7 (969) 775-15-65,user90930@example.ru,Казань,09.09.2024
c91984,Роман Шилова,+7 (991) 713-78-34,user91984@example.ru,С.-Петербург,14.09.2024
c102581,Полина Ермаков,+7 (921) 114-44-25,user102581@example.ru,Красноярск,15.05.2025
c102225,Павел Зуева,+7 (964) 401-10-68,user102225@example.ru,С.-Петербург,17.02.2026
c90729,Максим Тихонова,+7 (919) 609-63-76,user90729@example.ru,С.-Петербург,25.05.2026
c92132,Наталья Панин,+7 (981) 365-26-46,user92132@example.ru,Екатеринбург,08.05.2024
c90416,Вера Крылов,+7 (915) 292-55-75,user90416@example.ru,Екатеринбург,24.08.2024
c90539,Елена Осипова,+7 (989) 120-80-50,user90539@example.ru,Новосибирск,28.03.2024
c90453,Денис Шилова,+7 (996) 112-17-54,user90453@example.ru,Казань,17.01.2025
c91919,Ольга Панин,+7 (911) 753-76-29,user91919@example.ru,Казань,31.03.2026
c90320,Максим Мешков,+7 (959) 159-09-67,user90320@example.ru,Красноярск,17.06.2024
c91302,Денис Крылов,+7 (978) 124-34-31,user91302@example.ru,Екатеринбург,02.12.2025
c91361,Тимур Савельев,+7 (994) 126-31-88,user91361@example.ru,Казань,13.11.2024
c103680,Наталья Крылов,+7 (923) 071-72-87,user103680@example.ru,Красноярск,07.08.2024
c91301,Павел Савельев,+7 (966) 803-21-61,user91301@example.ru,Екатеринбург,19.08.2024
c90505,Вера Нестеров,+7 (941) 357-94-89,user90505@example.ru,Красноярск,25.05.2025
c91145,Ольга Осипова,+7 (949) 008-13-18,user91145@example.ru,С.-Петербург,17.07.2025
c105427,Лидия Тихонова,+7 (911) 426-94-98,user105427@example.ru,Казань,09.08.2025
c91345,Егор Ковальчук,+7 (911) 119-17-93,user91345@example.ru,Красноярск,19.05.2024
c90719,Юлия Сорокина,+7 (972) 472-15-89,user90719@example.ru,Казань,18.03.2025
c90913,Денис Ермаков,+7 (974) 999-57-54,user90913@example.ru,Екатеринбург,16.01.2026
c92147,Наталья Зуева,+7 (911) 419-78-12,user92147@example.ru,Екатеринбург,27.07.2024
c92109,Мария Лаптев,+7 (967) 711-28-17,user92109@example.ru,Красноярск,19.05.2025
c104375,Глеб Савельев,+7 (983) 698-63-25,user104375@example.ru,Екатеринбург,01.07.2024
c90540,Кирилл Панин,+7 (982) 849-26-58,user90540@example.ru,Красноярск,21.01.2026
c104900,Мария Гордеев,+7 (923) 385-94-39,user104900@example.ru,С.-Петербург,21.02.2026
c92151,Егор Гордеев,+7 (947) 853-81-06,user92151@example.ru,Красноярск,29.07.2025
c105582,Егор Нестеров,+7 (939) 931-69-21,user105582@example.ru,Казань,16.04.2025
c90056,Тимур Ковальчук,+7 (924) 930-19-65,user90056@example.ru,Екатеринбург,23.10.2025
c105556,Глеб Зуева,+7 (987) 433-09-38,user105556@example.ru,Новосибирск,04.09.2024
c92337,Вера Лаптев,+7 (911) 636-63-20,user92337@example.ru,Екатеринбург,10.12.2024
c90705,Глеб Ковальчук,+7 (939) 675-61-44,user90705@example.ru,Екатеринбург,21.11.2025
c91205,Мария Ермаков,+7 (922) 126-98-52,user91205@example.ru,Новосибирск,14.02.2024
c92128,Алиса Зуева,+7 (951) 279-90-70,user92128@example.ru,Москва,02.10.2025
c90863,Вера Белых,+7 (991) 608-69-44,user90863@example.ru,Новосибирск,05.10.2024
c105985,Артур Панин,+7 (920) 671-02-21,user105985@example.ru,Красноярск,25.05.2026
c103903,Елена Гордеев,+7 (988) 401-59-42,user103903@example.ru,С.-Петербург,08.02.2025
c91787,Максим Панин,+7 (937) 820-13-68,user91787@example.ru,Москва,21.02.2025
c100196,Егор Лаптев,+7 (980) 486-99-57,user100196@example.ru,Новосибирск,10.03.2024
c91313,Анна Лаптев,+7 (937) 517-03-65,user91313@example.ru,Казань,30.12.2025
c91164,Анна Зуева,+7 (915) 277-38-98,user91164@example.ru,Казань,21.04.2026
c90403,Максим Лаптев,+7 (971) 903-73-81,user90403@example.ru,Екатеринбург,28.06.2026
c103129,Юлия Мешков,+7 (966) 353-89-92,user103129@example.ru,С.-Петербург,09.09.2024
c91410,Павел Мешков,+7 (997) 548-69-07,user91410@example.ru,Екатеринбург,02.03.2026
c103126,Роман Гордеев,+7 (986) 987-34-75,user103126@example.ru,Новосибирск,15.02.2026
c90522,Павел Шилова,+7 (942) 398-02-07,user90522@example.ru,Красноярск,03.03.2026
c91442,Егор Зуева,+7 (974) 432-25-26,user91442@example.ru,Казань,23.06.2026
c105575,Денис Ермаков,+7 (961) 249-80-24,user105575@example.ru,Екатеринбург,02.03.2025
c102972,Павел Мешков,+7 (939) 014-93-83,user102972@example.ru,Казань,14.04.2024
c102656,Роман Ермаков,+7 (998) 115-59-38,user102656@example.ru,Казань,08.03.2026
c92250,Артур Тихонова,+7 (978) 408-47-70,user92250@example.ru,Казань,15.08.2024
c90935,Роман Гордеев,+7 (975) 214-31-55,user90935@example.ru,Новосибирск,27.01.2026
c100645,Максим Шилова,+7 (947) 705-04-88,user100645@example.ru,Новосибирск,04.10.2025
c90349,Максим Мешков,+7 (960) 949-61-74,user90349@example.ru,Казань,17.04.2024
c92175,Наталья Шилова,+7 (985) 242-59-51,user92175@example.ru,Москва,21.05.2025
c90926,Артур Савельев,+7 (911) 448-36-45,user90926@example.ru,Казань,11.09.2024
c92192,Наталья Крылов,+7 (949) 589-55-56,user92192@example.ru,Екатеринбург,07.03.2024
c103993,Денис Лаптев,+7 (980) 684-68-52,user103993@example.ru,Красноярск,02.03.2025
c92303,Павел Савельев,+7 (998) 891-13-01,user92303@example.ru,Москва,16.06.2026
c90313,Лидия Зуева,+7 (976) 741-09-89,user90313@example.ru,Красноярск,02.11.2024
c90761,Егор Ковальчук,+7 (994) 277-80-49,user90761@example.ru,Москва,22.03.2025
c90989,Юлия Тихонова,+7 (986) 923-88-20,user90989@example.ru,Новосибирск,16.05.2024
c92260,Юлия Зуева,+7 (978) 517-37-33,user92260@example.ru,Москва,15.05.2026
c91654,Глеб Панин,+7 (994) 802-87-80,user91654@example.ru,С.-Петербург,08.10.2025
c103962,Артур Зуева,+7 (912) 959-36-08,user103962@example.ru,Москва,14.10.2025
c104590,Юлия Гордеев,+7 (991) 208-50-91,user104590@example.ru,Красноярск,11.03.2024
c100688,Полина Лаптев,+7 (995) 264-70-02,user100688@example.ru,Красноярск,27.01.2025
c91391,Вера Мешков,+7 (940) 310-92-66,user91391@example.ru,С.-Петербург,23.06.2025
c91655,Игорь Юдина,+7 (930) 019-29-74,user91655@example.ru,Красноярск,12.04.2025
c90054,Анна Лаптев,+7 (963) 607-91-25,user90054@example.ru,С.-Петербург,24.11.2025
c91722,Полина Сорокина,+7 (966) 758-88-62,user91722@example.ru,Москва,08.06.2025
c90653,Роман Осипова,+7 (935) 748-85-90,user90653@example.ru,Москва,10.02.2025
c90310,Кирилл Белых,+7 (968) 163-53-39,user90310@example.ru,Новосибирск,14.02.2024
c91803,Кирилл Ермаков,+7 (985) 390-35-69,user91803@example.ru,Москва,25.07.2025
c90439,Наталья Крылов,+7 (911) 964-91-67,user90439@example.ru,Красноярск,18.05.2025
c90345,Наталья Мешков,+7 (921) 199-14-84,user90345@example.ru,С.-Петербург,19.09.2025
c91782,Мария Белых,+7 (933) 593-42-05,user91782@example.ru,Красноярск,12.05.2026
c90287,Павел Ковальчук,+7 (925) 592-63-39,user90287@example.ru,Новосибирск,15.11.2024
c91049,Глеб Зуева,+7 (915) 392-99-34,user91049@example.ru,Новосибирск,24.03.2024
c91112,Игорь Ермаков,+7 (970) 262-10-35,user91112@example.ru,Казань,20.03.2024
c91591,Мария Белых,+7 (925) 432-30-08,user91591@example.ru,Красноярск,09.07.2025
c92258,Елена Сорокина,+7 (970) 661-99-75,user92258@example.ru,Новосибирск,19.08.2024
c90541,Кирилл Крылов,+7 (993) 404-99-76,user90541@example.ru,Москва,12.05.2026
c90449,Анна Тихонова,+7 (924) 960-73-29,user90449@example.ru,С.-Петербург,17.04.2026
c91221,Полина Панин,+7 (953) 877-42-36,user91221@example.ru,Красноярск,21.03.2024
c92259,Павел Савельев,+7 (929) 425-14-64,user92259@example.ru,Казань,15.02.2025
c102592,Ольга Панин,+7 (945) 528-84-55,user102592@example.ru,Красноярск,29.03.2025
c91304,Артур Панин,+7 (930) 663-14-92,user91304@example.ru,Екатеринбург,04.06.2024
c90775,Павел Осипова,+7 (968) 669-47-56,user90775@example.ru,Новосибирск,05.03.2024
c103770,Глеб Панин,+7 (996) 654-88-92,user103770@example.ru,Красноярск,19.05.2025
c101902,Вера Зуева,+7 (965) 051-13-80,user101902@example.ru,Новосибирск,05.02.2024
c105762,Артур Ковальчук,+7 (952) 900-73-49,user105762@example.ru,Красноярск,22.01.2024
c102747,Вера Осипова,+7 (969) 121-73-19,user102747@example.ru,Казань,20.01.2024
c105445,Вера Лаптев,+7 (927) 273-81-90,user105445@example.ru,Красноярск,11.04.2026
c90454,Анна Панин,+7 (996) 407-74-30,user90454@example.ru,Новосибирск,28.11.2025
c90358,Ольга Зуева,+7 (939) 430-69-19,user90358@example.ru,Екатеринбург,29.09.2025
c90161,Максим Мешков,+7 (918) 670-40-52,user90161@example.ru,С.-Петербург,25.04.2025
c105692,Павел Савельев,+7 (962) 015-26-17,user105692@example.ru,Екатеринбург,05.06.2024
c100632,Алиса Белых,+7 (990) 097-60-66,user100632@example.ru,Москва,02.01.2026
c91872,Глеб Мешков,+7 (964) 552-75-78,user91872@example.ru,Москва,16.08.2024
c91800,Полина Тихонова,+7 (943) 004-30-55,user91800@example.ru,Москва,26.03.2024
c90429,Кирилл Гордеев,+7 (993) 500-56-89,user90429@example.ru,Екатеринбург,10.10.2025
c90724,Денис Панин,+7 (958) 911-42-94,user90724@example.ru,Екатеринбург,11.04.2026
c91059,Максим Мешков,+7 (959) 597-48-48,user91059@example.ru,Красноярск,03.02.2025
c92195,Полина Савельев,+7 (920) 703-30-28,user92195@example.ru,С.-Петербург,05.04.2025
c90575,Лидия Гордеев,+7 (913) 625-02-33,user90575@example.ru,Москва,15.02.2026
c105431,Егор Белых,+7 (948) 696-35-24,user105431@example.ru,Новосибирск,24.01.2025
c92289,Егор Мешков,+7 (912) 371-07-65,user92289@example.ru,С.-Петербург,13.06.2025
c105365,Вера Белых,+7 (934) 151-42-39,user105365@example.ru,Новосибирск,06.06.2024
c105490,Вера Лаптев,+7 (910) 238-34-18,user105490@example.ru,Казань,08.10.2025
c92170,Денис Шилова,+7 (938) 471-74-31,user92170@example.ru,Красноярск,17.08.2024
c92036,Анна Савельев,+7 (917) 863-24-62,user92036@example.ru,Красноярск,26.06.2025
c92165,Елена Юдина,+7 (990) 249-52-24,user92165@example.ru,Казань,29.08.2025
c92079,Павел Лаптев,+7 (930) 137-58-05,user92079@example.ru,Новосибирск,03.09.2025
c91944,Игорь Сорокина,+7 (957) 703-23-04,user91944@example.ru,Москва,14.11.2025
c92021,Юлия Белых,+7 (982) 188-33-55,user92021@example.ru,С.-Петербург,09.04.2025
c91858,Кирилл Юдина,+7 (987) 916-91-06,user91858@example.ru,Казань,02.08.2025
c100041,Лидия Лаптев,+7 (936) 464-67-40,user100041@example.ru,Екатеринбург,23.04.2026
c106866,Елена Зуева,+7 (977) 359-38-04,user106866@example.ru,С.-Петербург,29.01.2025
c101704,Егор Мешков,+7 (993) 561-78-58,user101704@example.ru,С.-Петербург,04.05.2025
c90174,Анна Сорокина,+7 (992) 369-47-23,user90174@example.ru,Красноярск,23.02.2025
c91640,Мария Ковальчук,+7 (981) 951-04-68,user91640@example.ru,Казань,12.01.2025
c90013,Тимур Ковальчук,+7 (913) 707-69-65,user90013@example.ru,С.-Петербург,06.07.2024
c92336,Тимур Лаптев,+7 (978) 849-47-17,user92336@example.ru,С.-Петербург,09.08.2024
c92156,Ольга Осипова,+7 (925) 426-96-12,user92156@example.ru,Новосибирск,27.04.2025
c91372,Полина Зуева,+7 (953) 249-66-99,user91372@example.ru,Красноярск,20.12.2025
c91487,Наталья Сорокина,+7 (966) 647-45-76,user91487@example.ru,Казань,22.04.2024
c104037,Тимур Ковальчук,+7 (911) 778-62-87,user104037@example.ru,Екатеринбург,22.02.2024
c102979,Юлия Шилова,+7 (921) 828-59-07,user102979@example.ru,С.-Петербург,06.05.2025
c90981,Павел Сорокина,+7 (910) 602-15-84,user90981@example.ru,С.-Петербург,18.10.2025
c91698,Егор Нестеров,+7 (958) 075-77-81,user91698@example.ru,Красноярск,25.02.2024
c90199,Роман Шилова,+7 (926) 618-77-94,user90199@example.ru,Москва,09.04.2025
c92459,Лидия Белых,+7 (969) 291-62-29,user92459@example.ru,Казань,21.04.2026
c90752,Полина Шилова,+7 (910) 487-49-47,user90752@example.ru,Новосибирск,29.10.2025
c92051,Роман Тихонова,+7 (973) 484-40-50,user92051@example.ru,Екатеринбург,31.01.2026
c90848,Мария Шилова,+7 (931) 527-34-34,user90848@example.ru,Екатеринбург,11.06.2026
c92319,Глеб Мешков,+7 (942) 009-95-85,user92319@example.ru,Екатеринбург,24.01.2024
c91216,Кирилл Зуева,+7 (946) 952-81-50,user91216@example.ru,Красноярск,06.11.2024
c103157,Максим Мешков,+7 (991) 842-81-30,user103157@example.ru,Новосибирск,28.07.2025
c90225,Роман Шилова,+7 (915) 675-22-63,user90225@example.ru,С.-Петербург,24.04.2024
c106103,Глеб Юдина,+7 (981) 669-48-37,user106103@example.ru,Казань,12.02.2026
c90126,Кирилл Белых,+7 (959) 037-47-74,user90126@example.ru,С.-Петербург,29.08.2025
c91140,Анна Гордеев,+7 (926) 458-23-64,user91140@example.ru,Красноярск,11.09.2025
c92229,Глеб Осипова,+7 (973) 761-38-20,user92229@example.ru,Казань,09.05.2025
c100696,Лидия Мешков,+7 (938) 613-43-03,user100696@example.ru,Екатеринбург,13.04.2024
c91133,Тимур Осипова,+7 (992) 854-70-91,user91133@example.ru,С.-Петербург,23.10.2025
c91084,Полина Сорокина,+7 (941) 512-65-60,user91084@example.ru,Екатеринбург,11.02.2026
c90409,Юлия Шилова,+7 (983) 672-78-82,user90409@example.ru,Новосибирск,11.06.2026
c91151,Анна Мешков,+7 (979) 375-57-04,user91151@example.ru,Новосибирск,14.12.2025
c90735,Тимур Зуева,+7 (982) 456-76-50,user90735@example.ru,Казань,22.01.2025
c91657,Егор Юдина,+7 (928) 633-98-14,user91657@example.ru,Казань,20.10.2024
c90487,Глеб Крылов,+7 (969) 516-84-15,user90487@example.ru,С.-Петербург,04.05.2024
c91961,Денис Тихонова,+7 (951) 835-75-02,user91961@example.ru,Екатеринбург,19.03.2025
c100129,Полина Осипова,+7 (995) 151-69-31,user100129@example.ru,Москва,16.04.2025
c91042,Елена Савельев,+7 (957) 255-77-83,user91042@example.ru,Москва,13.04.2025
c91437,Анна Лаптев,+7 (987) 296-24-08,user91437@example.ru,Екатеринбург,19.04.2026
c92057,Павел Ковальчук,+7 (947) 577-69-04,user92057@example.ru,Красноярск,20.04.2024
c90676,Анна Гордеев,+7 (913) 365-07-80,user90676@example.ru,С.-Петербург,03.04.2024
c90966,Ольга Осипова,+7 (959) 242-86-34,user90966@example.ru,Казань,26.07.2025
c92272,Максим Белых,+7 (928) 366-19-94,user92272@example.ru,Москва,29.05.2024
c91990,Глеб Нестеров,+7 (986) 593-52-69,user91990@example.ru,Екатеринбург,31.03.2026
c105293,Ольга Гордеев,+7 (910) 438-64-28,user105293@example.ru,С.-Петербург,24.10.2024
c101296,Максим Тихонова,+7 (954) 094-32-06,user101296@example.ru,С.-Петербург,04.05.2024
c92166,Егор Шилова,+7 (914) 121-00-58,user92166@example.ru,С.-Петербург,08.09.2024
c101768,Юлия Юдина,+7 (957) 151-46-33,user101768@example.ru,Новосибирск,16.12.2024
c100605,Полина Сорокина,+7 (917) 092-27-23,user100605@example.ru,Казань,13.01.2024
c104243,Мария Нестеров,+7 (916) 663-89-29,user104243@example.ru,Красноярск,07.01.2025
c92318,Лидия Нестеров,+7 (911) 545-50-84,user92318@example.ru,Екатеринбург,22.02.2024
c105508,Павел Савельев,+7 (928) 717-88-27,user105508@example.ru,С.-Петербург,21.02.2026
c90077,Наталья Тихонова,+7 (992) 614-97-62,user90077@example.ru,Екатеринбург,02.09.2025
c90251,Юлия Шилова,+7 (972) 867-67-25,user90251@example.ru,С.-Петербург,04.07.2024
c91965,Роман Савельев,+7 (973) 872-80-46,user91965@example.ru,Казань,07.06.2024
c92440,Артур Сорокина,+7 (988) 907-41-30,user92440@example.ru,Казань,28.01.2025
c91170,Тимур Мешков,+7 (945) 447-01-71,user91170@example.ru,Екатеринбург,22.04.2025
c90631,Алиса Гордеев,+7 (924) 830-58-72,user90631@example.ru,Екатеринбург,11.12.2024
c100555,Мария Панин,+7 (969) 307-26-56,user100555@example.ru,Москва,13.09.2024
c90444,Наталья Тихонова,+7 (960) 214-74-22,user90444@example.ru,Казань,21.02.2025
c92357,Юлия Юдина,+7 (995) 747-68-44,user92357@example.ru,Казань,05.06.2024
c106760,Анна Ермаков,+7 (980) 046-46-88,user106760@example.ru,Екатеринбург,26.10.2025
c90224,Наталья Ковальчук,+7 (988) 578-52-50,user90224@example.ru,Казань,21.06.2024
c90253,Юлия Нестеров,+7 (995) 669-70-35,user90253@example.ru,Красноярск,30.01.2026
c91435,Наталья Сорокина,+7 (972) 040-21-15,user91435@example.ru,Москва,09.05.2024
c90118,Мария Крылов,+7 (979) 485-55-53,user90118@example.ru,С.-Петербург,14.05.2024
c91772,Игорь Ермаков,+7 (946) 925-11-72,user91772@example.ru,Москва,29.04.2026
c101282,Ольга Сорокина,+7 (993) 614-23-60,user101282@example.ru,Москва,26.12.2025
c91528,Лидия Гордеев,+7 (947) 584-14-89,user91528@example.ru,Красноярск,11.08.2024
c105917,Максим Савельев,+7 (944) 498-97-85,user105917@example.ru,Екатеринбург,04.07.2025
c92298,Артур Лаптев,+7 (933) 364-36-41,user92298@example.ru,Москва,11.11.2025
c90955,Мария Тихонова,+7 (963) 578-57-59,user90955@example.ru,Екатеринбург,29.10.2025
c91363,Глеб Крылов,+7 (942) 315-33-94,user91363@example.ru,Красноярск,27.01.2025
c105847,Игорь Юдина,+7 (942) 512-81-90,user105847@example.ru,Новосибирск,11.04.2025
c102167,Лидия Сорокина,+7 (922) 889-58-89,user102167@example.ru,Екатеринбург,13.06.2026
c92203,Тимур Тихонова,+7 (931) 118-72-62,user92203@example.ru,Красноярск,13.03.2026
c92065,Лидия Нестеров,+7 (993) 265-49-10,user92065@example.ru,Москва,07.04.2026
c91239,Игорь Тихонова,+7 (911) 819-87-09,user91239@example.ru,Казань,13.09.2025
c92407,Павел Ковальчук,+7 (935) 187-84-97,user92407@example.ru,Екатеринбург,10.12.2025
c91330,Тимур Юдина,+7 (947) 639-59-95,user91330@example.ru,Красноярск,04.10.2025
c91326,Мария Юдина,+7 (932) 259-64-95,user91326@example.ru,Казань,01.01.2025
c92141,Роман Крылов,+7 (977) 814-07-71,user92141@example.ru,Екатеринбург,01.10.2024
c90559,Павел Юдина,+7 (970) 663-77-11,user90559@example.ru,Казань,19.06.2025
c90900,Алиса Осипова,+7 (969) 934-79-10,user90900@example.ru,Москва,07.11.2025
c106083,Лидия Панин,+7 (927) 022-76-30,user106083@example.ru,Москва,21.06.2026
c100413,Алиса Лаптев,+7 (992) 748-08-70,user100413@example.ru,С.-Петербург,23.06.2026
c91293,Кирилл Гордеев,+7 (989) 200-73-88,user91293@example.ru,Новосибирск,01.09.2025
c105990,Вера Шилова,+7 (940) 277-09-97,user105990@example.ru,Новосибирск,13.04.2026
c100530,Павел Тихонова,+7 (923) 025-91-16,user100530@example.ru,Новосибирск,19.07.2024
c92032,Максим Осипова,+7 (929) 332-85-76,user92032@example.ru,Москва,22.08.2024
c92385,Глеб Шилова,+7 (927) 637-69-42,user92385@example.ru,Новосибирск,16.04.2024
c100142,Павел Тихонова,+7 (967) 194-07-85,user100142@example.ru,Казань,16.05.2025
c91401,Юлия Сорокина,+7 (949) 500-33-71,user91401@example.ru,Екатеринбург,17.01.2026
c101253,Глеб Сорокина,+7 (929) 141-10-75,user101253@example.ru,Красноярск,10.05.2026
c102311,Максим Савельев,+7 (992) 011-79-33,user102311@example.ru,Екатеринбург,10.07.2024
c100457,Полина Панин,+7 (967) 542-10-15,user100457@example.ru,Новосибирск,04.03.2024
c102674,Кирилл Савельев,+7 (940) 848-26-53,user102674@example.ru,С.-Петербург,21.03.2025
c90249,Юлия Ковальчук,+7 (939) 575-12-91,user90249@example.ru,Екатеринбург,06.06.2024
c91241,Вера Сорокина,+7 (931) 677-55-06,user91241@example.ru,Новосибирск,16.12.2025
c91578,Игорь Лаптев,+7 (942) 520-51-30,user91578@example.ru,Казань,04.02.2026
c102104,Павел Ермаков,+7 (990) 415-31-21,user102104@example.ru,Новосибирск,30.04.2024
c90712,Артур Мешков,+7 (961) 217-58-43,user90712@example.ru,Екатеринбург,31.05.2025
c90593,Елена Панин,+7 (951) 524-56-66,user90593@example.ru,Екатеринбург,25.06.2025
c91257,Глеб Белых,+7 (974) 983-88-89,user91257@example.ru,Новосибирск,13.04.2024
c90699,Глеб Тихонова,+7 (922) 460-53-17,user90699@example.ru,С.-Петербург,22.03.2026
c91463,Артур Осипова,+7 (969) 849-94-70,user91463@example.ru,Москва,10.04.2024
c104709,Елена Мешков,+7 (996) 906-54-19,user104709@example.ru,Москва,02.11.2025
c91471,Тимур Лаптев,+7 (989) 698-59-48,user91471@example.ru,Красноярск,13.12.2024
c105159,Денис Сорокина,+7 (968) 225-71-12,user105159@example.ru,Екатеринбург,23.04.2026
c90625,Юлия Тихонова,+7 (940) 701-73-14,user90625@example.ru,Новосибирск,28.03.2025
c90222,Полина Гордеев,+7 (940) 320-34-77,user90222@example.ru,Новосибирск,08.11.2025
c91771,Максим Мешков,+7 (954) 080-18-90,user91771@example.ru,С.-Петербург,02.06.2025
c105774,Игорь Ермаков,+7 (988) 550-33-41,user105774@example.ru,Казань,27.07.2025
c101321,Артур Осипова,+7 (972) 959-73-00,user101321@example.ru,Екатеринбург,30.03.2025
c92031,Вера Шилова,+7 (934) 165-42-07,user92031@example.ru,Новосибирск,06.02.2025
c104955,Игорь Зуева,+7 (910) 040-80-22,user104955@example.ru,Казань,13.07.2025
c92352,Игорь Зуева,+7 (967) 297-90-76,user92352@example.ru,Новосибирск,02.05.2026
c91043,Елена Ковальчук,+7 (969) 197-13-04,user91043@example.ru,С.-Петербург,08.02.2026
c90993,Павел Шилова,+7 (958) 916-35-20,user90993@example.ru,Екатеринбург,29.01.2025
c91360,Елена Нестеров,+7 (952) 474-10-37,user91360@example.ru,Казань,05.09.2024
c91329,Мария Панин,+7 (991) 768-81-30,user91329@example.ru,Москва,20.04.2026
c91904,Глеб Сорокина,+7 (990) 874-00-90,user91904@example.ru,Екатеринбург,06.06.2024
c90732,Кирилл Савельев,+7 (934) 795-49-46,user90732@example.ru,Новосибирск,14.11.2024
c90642,Ольга Лаптев,+7 (967) 652-53-50,user90642@example.ru,Екатеринбург,19.01.2024
c91279,Вера Зуева,+7 (925) 269-08-98,user91279@example.ru,Москва,10.06.2024
c90283,Павел Панин,+7 (942) 955-26-05,user90283@example.ru,Новосибирск,20.05.2025
c101181,Артур Шилова,+7 (944) 070-84-98,user101181@example.ru,Новосибирск,15.09.2024
c90083,Денис Белых,+7 (932) 758-54-03,user90083@example.ru,Красноярск,28.06.2026
c92179,Мария Крылов,+7 (939) 636-37-69,user92179@example.ru,Красноярск,29.04.2026
c91867,Тимур Тихонова,+7 (933) 320-11-28,user91867@example.ru,Москва,19.06.2025
c90868,Игорь Сорокина,+7 (967) 324-79-24,user90868@example.ru,Москва,10.06.2024
c90105,Глеб Крылов,+7 (972) 112-88-97,user90105@example.ru,Красноярск,05.02.2026
c91022,Наталья Белых,+7 (948) 429-07-03,user91022@example.ru,Москва,25.04.2024
c90494,Вера Тихонова,+7 (943) 049-56-21,user90494@example.ru,Екатеринбург,05.07.2024
c104778,Павел Юдина,+7 (926) 710-47-19,user104778@example.ru,Красноярск,08.04.2024
c91589,Юлия Ермаков,+7 (997) 773-88-18,user91589@example.ru,Новосибирск,30.09.2025
c106435,Глеб Крылов,+7 (964) 739-24-19,user106435@example.ru,Новосибирск,27.01.2026
c104874,Юлия Осипова,+7 (988) 355-35-48,user104874@example.ru,Новосибирск,31.01.2025
c91917,Павел Нестеров,+7 (953) 970-04-85,user91917@example.ru,Красноярск,27.03.2025
c90176,Полина Савельев,+7 (969) 678-68-81,user90176@example.ru,Екатеринбург,25.12.2024
c91426,Ольга Осипова,+7 (958) 471-81-18,user91426@example.ru,Красноярск,31.08.2025
c90925,Полина Шилова,+7 (926) 960-14-22,user90925@example.ru,Новосибирск,04.03.2025
c104188,Артур Панин,+7 (932) 977-11-03,user104188@example.ru,Екатеринбург,04.10.2024
c91997,Павел Осипова,+7 (915) 720-12-94,user91997@example.ru,С.-Петербург,27.06.2024
c90226,Егор Шилова,+7 (970) 174-07-56,user90226@example.ru,С.-Петербург,22.03.2024
c90125,Игорь Ермаков,+7 (916) 175-51-55,user90125@example.ru,Казань,31.10.2024
c104397,Игорь Ермаков,+7 (957) 727-78-13,user104397@example.ru,Москва,13.03.2026
c101355,Денис Мешков,+7 (961) 008-12-09,user101355@example.ru,Новосибирск,07.10.2024
c90995,Вера Ковальчук,+7 (925) 671-62-40,user90995@example.ru,Красноярск,16.01.2026
c91910,Тимур Тихонова,+7 (914) 125-99-90,user91910@example.ru,Новосибирск,06.03.2024
c91223,Наталья Юдина,+7 (947) 045-23-67,user91223@example.ru,С.-Петербург,30.03.2024
c92209,Артур Осипова,+7 (962) 729-11-46,user92209@example.ru,С.-Петербург,01.07.2024
c90720,Кирилл Шилова,+7 (979) 345-51-60,user90720@example.ru,Москва,02.09.2024
c91069,Елена Шилова,+7 (972) 620-25-25,user91069@example.ru,Новосибирск,14.03.2024
c91880,Лидия Осипова,+7 (968) 986-85-75,user91880@example.ru,Красноярск,20.04.2024
c91032,Глеб Мешков,+7 (989) 308-02-24,user91032@example.ru,Красноярск,02.12.2024
c104415,Максим Белых,+7 (918) 432-87-41,user104415@example.ru,Красноярск,26.04.2026
c91754,Наталья Лаптев,+7 (922) 734-69-13,user91754@example.ru,Красноярск,03.05.2026
c90363,Роман Гордеев,+7 (945) 145-60-42,user90363@example.ru,С.-Петербург,01.08.2024
c92387,Кирилл Осипова,+7 (981) 395-45-12,user92387@example.ru,Казань,04.04.2024
c102569,Вера Ермаков,+7 (926) 712-87-47,user102569@example.ru,Екатеринбург,28.02.2026
c103894,Кирилл Савельев,+7 (984) 962-07-65,user103894@example.ru,Казань,04.06.2024
c92400,Тимур Гордеев,+7 (979) 208-82-14,user92400@example.ru,Новосибирск,16.08.2025
c101841,Павел Мешков,+7 (917) 403-66-16,user101841@example.ru,Казань,13.11.2025
c92321,Лидия Мешков,+7 (984) 296-42-40,user92321@example.ru,Казань,04.03.2025
c103446,Егор Зуева,+7 (979) 746-32-27,user103446@example.ru,Казань,03.03.2024
c91501,Денис Нестеров,+7 (955) 512-59-45,user91501@example.ru,Москва,08.11.2025
c90780,Вера Мешков,+7 (974) 023-14-25,user90780@example.ru,Екатеринбург,26.10.2025
c91349,Артур Гордеев,+7 (979) 380-34-82,user91349@example.ru,С.-Петербург,16.09.2025
c101543,Игорь Савельев,+7 (995) 393-88-77,user101543@example.ru,Казань,12.07.2024
c90746,Игорь Сорокина,+7 (918) 769-67-16,user90746@example.ru,Новосибирск,12.03.2025
c91077,Павел Зуева,+7 (975) 311-72-91,user91077@example.ru,Казань,09.10.2025
c92000,Максим Мешков,+7 (922) 304-73-66,user92000@example.ru,Москва,22.10.2024
c91969,Юлия Осипова,+7 (989) 230-10-38,user91969@example.ru,Красноярск,22.07.2024
c91719,Кирилл Панин,+7 (919) 186-17-22,user91719@example.ru,Казань,04.11.2025
c105530,Елена Юдина,+7 (985) 635-99-38,user105530@example.ru,Красноярск,17.01.2024
c105417,Юлия Белых,+7 (959) 446-00-18,user105417@example.ru,Казань,12.02.2024
c90756,Артур Белых,+7 (931) 510-20-23,user90756@example.ru,Екатеринбург,29.06.2026
c106518,Мария Нестеров,+7 (974) 910-40-08,user106518@example.ru,Новосибирск,23.06.2026
c91460,Егор Нестеров,+7 (974) 354-39-01,user91460@example.ru,С.-Петербург,14.12.2025
c90133,Ольга Мешков,+7 (960) 135-69-39,user90133@example.ru,Красноярск,02.10.2024
c91411,Тимур Шилова,+7 (974) 243-98-75,user91411@example.ru,Красноярск,16.02.2025
c101059,Наталья Нестеров,+7 (993) 420-76-04,user101059@example.ru,С.-Петербург,19.01.2024
c90376,Юлия Мешков,+7 (914) 033-44-25,user90376@example.ru,Казань,26.12.2025
c90856,Тимур Юдина,+7 (971) 533-02-27,user90856@example.ru,Екатеринбург,24.06.2024
c90956,Роман Нестеров,+7 (984) 877-89-94,user90956@example.ru,Москва,28.08.2025
c90536,Полина Панин,+7 (947) 255-70-77,user90536@example.ru,С.-Петербург,16.01.2026
c91295,Елена Савельев,+7 (974) 980-46-21,user91295@example.ru,С.-Петербург,04.01.2025
c91575,Ольга Сорокина,+7 (988) 575-73-05,user91575@example.ru,Москва,02.06.2025
c90788,Ольга Савельев,+7 (954) 543-79-65,user90788@example.ru,Казань,19.02.2026
c90807,Денис Панин,+7 (935) 656-46-17,user90807@example.ru,Екатеринбург,14.10.2024
c90660,Ольга Крылов,+7 (999) 831-63-95,user90660@example.ru,Красноярск,09.02.2024
c102372,Вера Тихонова,+7 (988) 083-85-51,user102372@example.ru,Новосибирск,09.05.2024
c91292,Елена Нестеров,+7 (957) 209-39-08,user91292@example.ru,С.-Петербург,19.02.2024
c92248,Игорь Белых,+7 (944) 247-82-85,user92248@example.ru,Екатеринбург,12.09.2024
c106857,Денис Нестеров,+7 (986) 751-65-11,user106857@example.ru,Екатеринбург,03.05.2026
c91633,Артур Юдина,+7 (992) 558-20-01,user91633@example.ru,Москва,22.05.2024
c91130,Вера Нестеров,+7 (986) 659-45-11,user91130@example.ru,Екатеринбург,25.11.2025
c105040,Мария Шилова,+7 (940) 834-30-96,user105040@example.ru,Новосибирск,04.12.2024
c90374,Павел Лаптев,+7 (959) 659-44-22,user90374@example.ru,С.-Петербург,31.01.2025
c91520,Денис Шилова,+7 (984) 629-35-35,user91520@example.ru,Новосибирск,15.03.2024
c90464,Юлия Крылов,+7 (976) 867-76-07,user90464@example.ru,Красноярск,23.11.2025
c100428,Мария Тихонова,+7 (946) 909-02-50,user100428@example.ru,Казань,19.11.2024
c100660,Глеб Белых,+7 (997) 919-25-85,user100660@example.ru,Красноярск,08.03.2026
c90909,Лидия Мешков,+7 (948) 151-44-51,user90909@example.ru,Казань,05.05.2026
c91114,Тимур Ковальчук,+7 (975) 070-97-03,user91114@example.ru,Москва,06.11.2025
c90617,Артур Мешков,+7 (962) 965-10-67,user90617@example.ru,Казань,08.04.2026
c90987,Юлия Тихонова,+7 (964) 570-47-55,user90987@example.ru,Новосибирск,01.01.2026
c90839,Денис Лаптев,+7 (912) 793-57-73,user90839@example.ru,Новосибирск,03.06.2025
c102238,Денис Сорокина,+7 (981) 765-80-37,user102238@example.ru,Москва,09.05.2026
c102176,Глеб Гордеев,+7 (941) 635-77-79,user102176@example.ru,Красноярск,14.01.2026
c90408,Артур Осипова,+7 (964) 124-95-38,user90408@example.ru,Новосибирск,13.03.2025
c104668,Ольга Юдина,+7 (930) 487-96-49,user104668@example.ru,Екатеринбург,19.08.2025
c90685,Анна Осипова,+7 (927) 611-95-30,user90685@example.ru,Екатеринбург,29.09.2025
c91380,Анна Мешков,+7 (964) 930-02-59,user91380@example.ru,Казань,04.11.2025
c90200,Тимур Лаптев,+7 (921) 583-91-65,user90200@example.ru,Казань,10.11.2024
c90437,Денис Лаптев,+7 (952) 077-52-00,user90437@example.ru,Казань,09.10.2025
c102242,Артур Шилова,+7 (990) 731-44-95,user102242@example.ru,Казань,06.09.2025
c91025,Полина Крылов,+7 (973) 280-20-12,user91025@example.ru,Казань,21.10.2025
c91339,Тимур Савельев,+7 (947) 135-39-88,user91339@example.ru,Красноярск,16.07.2024
c103403,Тимур Мешков,+7 (930) 722-93-78,user103403@example.ru,С.-Петербург,31.10.2024
c105396,Юлия Сорокина,+7 (971) 699-95-34,user105396@example.ru,С.-Петербург,16.02.2024
c92111,Роман Юдина,+7 (924) 020-72-71,user92111@example.ru,Москва,07.11.2025
c106626,Артур Савельев,+7 (997) 234-31-75,user106626@example.ru,Казань,11.11.2024
c90650,Юлия Ковальчук,+7 (963) 977-22-36,user90650@example.ru,Казань,07.12.2025
c90554,Павел Нестеров,+7 (919) 340-19-42,user90554@example.ru,Москва,06.12.2024
c101065,Тимур Нестеров,+7 (953) 694-76-62,user101065@example.ru,Красноярск,28.01.2026
c91768,Ольга Юдина,+7 (954) 562-05-20,user91768@example.ru,Казань,22.10.2024
c91096,Егор Сорокина,+7 (954) 567-09-53,user91096@example.ru,Москва,12.12.2024
c91838,Кирилл Осипова,+7 (931) 744-22-60,user91838@example.ru,Екатеринбург,30.07.2025
c101485,Юлия Нестеров,+7 (919) 906-38-34,user101485@example.ru,Красноярск,07.05.2024
c92316,Юлия Шилова,+7 (970) 270-44-89,user92316@example.ru,С.-Петербург,20.05.2025
c91136,Игорь Белых,+7 (969) 554-49-40,user91136@example.ru,Новосибирск,06.10.2024
c91211,Анна Сорокина,+7 (920) 122-80-17,user91211@example.ru,Москва,30.05.2025
c103661,Игорь Белых,+7 (930) 123-01-68,user103661@example.ru,Новосибирск,02.01.2026
c100509,Игорь Мешков,+7 (924) 559-64-13,user100509@example.ru,Екатеринбург,24.10.2025
c90102,Максим Осипова,+7 (913) 038-50-21,user90102@example.ru,Екатеринбург,30.04.2026
c105523,Максим Сорокина,+7 (937) 082-22-82,user105523@example.ru,Новосибирск,01.04.2024
c106067,Елена Мешков,+7 (977) 232-61-67,user106067@example.ru,Новосибирск,05.07.2024
c91073,Наталья Крылов,+7 (995) 956-91-07,user91073@example.ru,Москва,31.12.2024
c91353,Игорь Ермаков,+7 (934) 424-72-02,user91353@example.ru,Новосибирск,13.04.2025
c102841,Артур Лаптев,+7 (981) 539-19-57,user102841@example.ru,Екатеринбург,06.02.2024
c101779,Алиса Шилова,+7 (951) 808-31-02,user101779@example.ru,Казань,06.01.2025
c102540,Полина Савельев,+7 (911) 131-89-08,user102540@example.ru,Казань,15.06.2024
c105390,Вера Ермаков,+7 (963) 128-34-15,user105390@example.ru,С.-Петербург,28.04.2024
c90963,Юлия Юдина,+7 (940) 107-34-09,user90963@example.ru,Москва,31.03.2025
c90598,Наталья Панин,+7 (916) 372-86-64,user90598@example.ru,Москва,15.04.2025
c91172,Наталья Савельев,+7 (975) 155-26-98,user91172@example.ru,Казань,01.11.2024
c106243,Наталья Мешков,+7 (992) 727-49-91,user106243@example.ru,Москва,24.12.2024
c90815,Егор Шилова,+7 (995) 719-55-36,user90815@example.ru,Казань,23.03.2026
c104791,Ольга Савельев,+7 (914) 158-98-69,user104791@example.ru,Красноярск,04.11.2024
c90270,Игорь Белых,+7 (977) 291-84-62,user90270@example.ru,Екатеринбург,19.04.2024
c90714,Ольга Савельев,+7 (913) 339-30-94,user90714@example.ru,Москва,03.11.2025
c105610,Денис Юдина,+7 (936) 379-61-52,user105610@example.ru,Казань,19.07.2024
c90893,Мария Нестеров,+7 (982) 442-97-25,user90893@example.ru,С.-Петербург,11.08.2024
c103982,Ольга Савельев,+7 (946) 076-08-34,user103982@example.ru,Красноярск,15.03.2024
c90110,Наталья Ковальчук,+7 (942) 099-29-78,user90110@example.ru,Екатеринбург,18.08.2025
c90951,Кирилл Тихонова,+7 (913) 211-43-45,user90951@example.ru,Казань,24.09.2024
c91585,Глеб Сорокина,+7 (946) 948-46-50,user91585@example.ru,Екатеринбург,03.04.2026
c91511,Наталья Нестеров,+7 (960) 759-94-80,user91511@example.ru,Новосибирск,20.09.2024
c90198,Полина Ковальчук,+7 (951) 352-35-31,user90198@example.ru,Москва,22.02.2025
c91493,Артур Крылов,+7 (998) 534-06-74,user91493@example.ru,Казань,23.01.2024
c90740,Ольга Ермаков,+7 (996) 499-42-18,user90740@example.ru,Красноярск,15.01.2025
c91374,Кирилл Сорокина,+7 (952) 020-15-09,user91374@example.ru,Новосибирск,17.05.2025
c90446,Анна Крылов,+7 (981) 262-28-59,user90446@example.ru,Казань,26.04.2026
c90140,Глеб Крылов,+7 (917) 737-63-07,user90140@example.ru,Екатеринбург,28.05.2025
c102723,Егор Ковальчук,+7 (914) 195-02-05,user102723@example.ru,Новосибирск,10.10.2025
c91118,Егор Юдина,+7 (938) 650-41-16,user91118@example.ru,Казань,22.01.2026
c90978,Лидия Панин,+7 (912) 486-86-11,user90978@example.ru,Новосибирск,29.11.2024
c91697,Роман Ковальчук,+7 (926) 562-15-30,user91697@example.ru,С.-Петербург,21.02.2026
c90558,Денис Юдина,+7 (926) 554-26-28,user90558@example.ru,Казань,12.10.2024
c91252,Тимур Тихонова,+7 (962) 947-67-56,user91252@example.ru,Москва,06.08.2024
c90899,Тимур Зуева,+7 (985) 634-70-97,user90899@example.ru,Красноярск,19.07.2024
c102327,Алиса Ермаков,+7 (940) 526-94-95,user102327@example.ru,Казань,02.03.2025
c103284,Лидия Крылов,+7 (972) 837-81-62,user103284@example.ru,С.-Петербург,01.10.2025
c90637,Денис Сорокина,+7 (987) 161-99-87,user90637@example.ru,Красноярск,18.07.2024
c91980,Алиса Юдина,+7 (940) 536-91-24,user91980@example.ru,Казань,05.04.2025
c90751,Лидия Крылов,+7 (922) 902-57-55,user90751@example.ru,Казань,23.02.2026
c103328,Елена Гордеев,+7 (989) 366-84-74,user103328@example.ru,Красноярск,28.04.2026
c102430,Лидия Савельев,+7 (993) 722-87-36,user102430@example.ru,Екатеринбург,20.03.2025
c91309,Кирилл Гордеев,+7 (928) 151-07-48,user91309@example.ru,Новосибирск,07.04.2026
c105672,Лидия Панин,+7 (948) 286-80-54,user105672@example.ru,Красноярск,27.01.2026
c90289,Тимур Мешков,+7 (951) 686-32-96,user90289@example.ru,Екатеринбург,14.04.2025
c102399,Мария Юдина,+7 (992) 266-43-90,user102399@example.ru,Москва,28.10.2024
c102998,Максим Гордеев,+7 (984) 284-59-77,user102998@example.ru,Москва,21.07.2025
c90799,Игорь Шилова,+7 (992) 687-67-09,user90799@example.ru,С.-Петербург,19.03.2025
c90884,Глеб Крылов,+7 (921) 409-02-87,user90884@example.ru,Казань,11.04.2025
c91405,Максим Ковальчук,+7 (978) 737-82-90,user91405@example.ru,Москва,31.03.2024
c91596,Егор Нестеров,+7 (942) 809-80-07,user91596@example.ru,Красноярск,19.12.2025
c91182,Егор Лаптев,+7 (925) 914-41-94,user91182@example.ru,Красноярск,24.01.2026
c91243,Алиса Гордеев,+7 (971) 821-43-53,user91243@example.ru,Новосибирск,16.03.2024
c90071,Лидия Крылов,+7 (971) 504-28-60,user90071@example.ru,Красноярск,24.10.2024
c105006,Игорь Сорокина,+7 (983) 877-52-11,user105006@example.ru,Красноярск,01.11.2025
c100103,Юлия Мешков,+7 (941) 526-93-20,user100103@example.ru,Москва,10.10.2025
c100676,Мария Мешков,+7 (993) 323-00-97,user100676@example.ru,Екатеринбург,19.08.2025
c91492,Полина Осипова,+7 (932) 757-59-20,user91492@example.ru,Екатеринбург,19.05.2026
c90965,Максим Гордеев,+7 (937) 387-53-49,user90965@example.ru,Красноярск,11.11.2024
c105689,Вера Панин,+7 (937) 540-34-94,user105689@example.ru,Москва,19.04.2026
c101996,Павел Тихонова,+7 (957) 744-05-32,user101996@example.ru,Красноярск,28.02.2024
c100833,Глеб Белых,+7 (993) 760-11-26,user100833@example.ru,С.-Петербург,15.06.2026
c102224,Вера Панин,+7 (923) 163-70-76,user102224@example.ru,Москва,29.06.2024
c91849,Павел Крылов,+7 (915) 780-42-73,user91849@example.ru,Москва,26.06.2025
c91905,Анна Гордеев,+7 (959) 238-62-11,user91905@example.ru,Екатеринбург,03.07.2025
c91383,Полина Сорокина,+7 (971) 773-65-78,user91383@example.ru,Красноярск,25.03.2026
c90338,Максим Ермаков,+7 (977) 734-47-13,user90338@example.ru,Екатеринбург,15.04.2026
c90632,Глеб Ковальчук,+7 (937) 271-32-56,user90632@example.ru,Новосибирск,15.10.2025
c92181,Лидия Панин,+7 (936) 397-04-88,user92181@example.ru,Казань,22.02.2025
c101242,Глеб Панин,+7 (912) 539-74-81,user101242@example.ru,Красноярск,30.03.2024
c90933,Мария Шилова,+7 (934) 594-00-65,user90933@example.ru,Москва,09.09.2024
c90296,Ольга Савельев,+7 (936) 389-54-17,user90296@example.ru,С.-Петербург,01.10.2024
c92139,Максим Крылов,+7 (962) 146-60-56,user92139@example.ru,Екатеринбург,03.07.2025
c106269,Юлия Сорокина,+7 (943) 297-74-52,user106269@example.ru,Красноярск,11.11.2024
c90809,Вера Шилова,+7 (971) 895-48-83,user90809@example.ru,Красноярск,07.11.2025
c91979,Наталья Лаптев,+7 (940) 877-44-93,user91979@example.ru,Новосибирск,05.12.2024
c101125,Роман Нестеров,+7 (939) 602-96-27,user101125@example.ru,Красноярск,17.04.2026
c90521,Ольга Панин,+7 (986) 684-73-90,user90521@example.ru,Москва,26.03.2026
c90365,Ольга Юдина,+7 (983) 001-34-13,user90365@example.ru,Новосибирск,15.05.2026
c91983,Глеб Тихонова,+7 (965) 486-17-13,user91983@example.ru,Красноярск,25.11.2025
c106378,Глеб Савельев,+7 (921) 674-62-31,user106378@example.ru,Новосибирск,29.12.2024
c92193,Наталья Панин,+7 (998) 764-45-56,user92193@example.ru,Москва,27.07.2025
c91142,Наталья Зуева,+7 (917) 360-95-42,user91142@example.ru,Казань,28.10.2024
c90599,Егор Зуева,+7 (961) 839-30-81,user90599@example.ru,Екатеринбург,04.04.2025
c101600,Мария Крылов,+7 (911) 657-69-91,user101600@example.ru,Красноярск,22.03.2025
c90051,Артур Ермаков,+7 (984) 327-15-16,user90051@example.ru,С.-Петербург,24.05.2026
c92350,Лидия Гордеев,+7 (923) 706-03-02,user92350@example.ru,С.-Петербург,25.02.2026
c91687,Ольга Савельев,+7 (993) 723-28-09,user91687@example.ru,С.-Петербург,02.08.2025
c90840,Полина Мешков,+7 (951) 817-30-10,user90840@example.ru,Новосибирск,05.12.2025
c91549,Артур Мешков,+7 (934) 719-77-63,user91549@example.ru,Новосибирск,24.04.2024
c91464,Кирилл Белых,+7 (999) 916-10-94,user91464@example.ru,Казань,31.12.2024
c92046,Артур Мешков,+7 (972) 274-09-29,user92046@example.ru,С.-Петербург,24.10.2024
c91398,Максим Тихонова,+7 (928) 427-04-65,user91398@example.ru,Москва,15.04.2025
c90529,Лидия Лаптев,+7 (932) 223-55-70,user90529@example.ru,Екатеринбург,26.03.2025
c92348,Мария Нестеров,+7 (930) 788-23-36,user92348@example.ru,Красноярск,19.05.2026
c92394,Тимур Гордеев,+7 (993) 644-42-61,user92394@example.ru,Москва,02.12.2025
c101226,Кирилл Крылов,+7 (924) 700-56-39,user101226@example.ru,Москва,08.05.2026
c91125,Мария Панин,+7 (995) 433-40-96,user91125@example.ru,Красноярск,05.08.2025
c91889,Полина Тихонова,+7 (945) 306-16-71,user91889@example.ru,Казань,29.01.2026
c90486,Полина Белых,+7 (979) 928-72-74,user90486@example.ru,Новосибирск,30.04.2024
c90584,Кирилл Нестеров,+7 (968) 611-45-74,user90584@example.ru,Новосибирск,27.03.2026
c90533,Павел Тихонова,+7 (924) 832-29-18,user90533@example.ru,Казань,03.12.2024
c92403,Наталья Зуева,+7 (959) 040-89-45,user92403@example.ru,Екатеринбург,16.08.2024
c101667,Артур Тихонова,+7 (912) 154-87-09,user101667@example.ru,С.-Петербург,27.09.2024
c100625,Артур Лаптев,+7 (969) 438-99-42,user100625@example.ru,С.-Петербург,26.01.2026
c92116,Полина Мешков,+7 (987) 556-83-16,user92116@example.ru,Красноярск,03.08.2024
c91560,Елена Савельев,+7 (929) 892-43-70,user91560@example.ru,Москва,26.03.2024
c90445,Павел Шилова,+7 (967) 686-00-25,user90445@example.ru,Екатеринбург,06.02.2025
c91599,Лидия Крылов,+7 (971) 665-99-10,user91599@example.ru,С.-Петербург,11.09.2024
c91516,Полина Тихонова,+7 (947) 655-02-88,user91516@example.ru,Новосибирск,03.08.2024
c91594,Максим Зуева,+7 (920) 446-18-78,user91594@example.ru,Москва,06.10.2024
c90333,Павел Панин,+7 (980) 654-10-36,user90333@example.ru,Екатеринбург,10.02.2025
c106212,Лидия Гордеев,+7 (925) 415-72-03,user106212@example.ru,Новосибирск,16.10.2025
c101942,Артур Нестеров,+7 (975) 058-58-24,user101942@example.ru,Екатеринбург,27.05.2024
c101051,Алиса Савельев,+7 (996) 456-13-53,user101051@example.ru,Екатеринбург,12.02.2026
c100226,Артур Крылов,+7 (920) 770-32-61,user100226@example.ru,Казань,29.04.2024
c92098,Егор Гордеев,+7 (994) 132-76-29,user92098@example.ru,Красноярск,22.10.2025
c90864,Артур Зуева,+7 (920) 193-50-94,user90864@example.ru,Новосибирск,23.10.2024
c100399,Алиса Шилова,+7 (971) 809-21-39,user100399@example.ru,Екатеринбург,30.06.2024
c103053,Кирилл Савельев,+7 (933) 500-05-33,user103053@example.ru,С.-Петербург,20.12.2024
c90563,Глеб Сорокина,+7 (967) 455-56-75,user90563@example.ru,Москва,05.12.2025
c90135,Лидия Сорокина,+7 (936) 108-42-30,user90135@example.ru,Казань,27.03.2026
c90794,Юлия Тихонова,+7 (920) 336-36-22,user90794@example.ru,Красноярск,02.10.2025
c90907,Максим Юдина,+7 (933) 529-57-42,user90907@example.ru,С.-Петербург,28.07.2024
c100869,Ольга Савельев,+7 (911) 558-00-35,user100869@example.ru,Казань,22.03.2025
c92016,Полина Гордеев,+7 (923) 440-26-83,user92016@example.ru,Красноярск,21.04.2025
c106856,Юлия Панин,+7 (911) 838-06-72,user106856@example.ru,Новосибирск,12.08.2025
c91544,Артур Белых,+7 (954) 997-31-96,user91544@example.ru,Новосибирск,03.06.2024
c90326,Глеб Сорокина,+7 (966) 863-00-18,user90326@example.ru,С.-Петербург,18.03.2024
c91881,Денис Тихонова,+7 (970) 123-28-16,user91881@example.ru,Екатеринбург,17.12.2024
c100820,Роман Юдина,+7 (938) 054-53-36,user100820@example.ru,Екатеринбург,07.06.2026
c90941,Кирилл Белых,+7 (993) 121-12-04,user90941@example.ru,Казань,14.02.2026
c102087,Роман Ковальчук,+7 (983) 888-84-46,user102087@example.ru,Екатеринбург,06.03.2024
c91214,Анна Панин,+7 (990) 783-28-95,user91214@example.ru,Екатеринбург,31.12.2025
c103593,Полина Сорокина,+7 (921) 548-37-71,user103593@example.ru,Казань,15.10.2024
c92286,Наталья Мешков,+7 (991) 628-32-71,user92286@example.ru,Москва,19.12.2025
c101499,Лидия Нестеров,+7 (951) 025-38-58,user101499@example.ru,Казань,16.07.2024
c103425,Вера Сорокина,+7 (916) 338-79-11,user103425@example.ru,Новосибирск,20.06.2026
c91570,Полина Белых,+7 (968) 710-85-52,user91570@example.ru,Москва,11.02.2025
c90256,Мария Тихонова,+7 (973) 961-91-59,user90256@example.ru,С.-Петербург,08.08.2024
c92479,Полина Шилова,+7 (997) 078-50-38,user92479@example.ru,Казань,12.08.2024
c92077,Алиса Белых,+7 (978) 451-73-64,user92077@example.ru,Новосибирск,14.05.2025
c90781,Денис Лаптев,+7 (927) 185-19-25,user90781@example.ru,Казань,01.08.2025
c90612,Елена Ермаков,+7 (911) 277-10-45,user90612@example.ru,Казань,31.03.2024
c91230,Егор Шилова,+7 (991) 014-18-90,user91230@example.ru,Екатеринбург,07.11.2025
c90172,Анна Ковальчук,+7 (917) 344-06-41,user90172@example.ru,Екатеринбург,03.12.2024
c91611,Максим Крылов,+7 (956) 115-07-73,user91611@example.ru,Казань,05.09.2025
c91457,Лидия Панин,+7 (997) 869-67-97,user91457@example.ru,С.-Петербург,30.12.2024
c91610,Наталья Шилова,+7 (919) 414-82-13,user91610@example.ru,Новосибирск,26.02.2026
c105684,Егор Зуева,+7 (985) 341-34-93,user105684@example.ru,С.-Петербург,20.06.2025
c103474,Глеб Ермаков,+7 (935) 109-83-34,user103474@example.ru,Екатеринбург,12.03.2024
c100630,Тимур Юдина,+7 (980) 009-17-74,user100630@example.ru,Екатеринбург,19.01.2025
c92157,Егор Сорокина,+7 (933) 613-33-81,user92157@example.ru,С.-Петербург,25.03.2025
c90805,Алиса Зуева,+7 (982) 853-72-48,user90805@example.ru,Казань,24.02.2025
c90990,Кирилл Крылов,+7 (919) 677-73-95,user90990@example.ru,Москва,22.06.2024
c90305,Кирилл Зуева,+7 (950) 414-89-06,user90305@example.ru,Красноярск,30.01.2026
c90664,Максим Шилова,+7 (998) 370-05-42,user90664@example.ru,Екатеринбург,11.06.2024
c91949,Елена Ермаков,+7 (959) 215-34-67,user91949@example.ru,Казань,28.01.2024
c91710,Игорь Зуева,+7 (987) 143-71-39,user91710@example.ru,С.-Петербург,07.04.2026
c91522,Лидия Сорокина,+7 (943) 233-73-78,user91522@example.ru,Новосибирск,26.12.2025
c101990,Кирилл Сорокина,+7 (964) 114-39-33,user101990@example.ru,Москва,14.02.2025
c92027,Тимур Осипова,+7 (987) 624-42-85,user92027@example.ru,Красноярск,11.07.2025
c92114,Елена Осипова,+7 (985) 123-16-55,user92114@example.ru,С.-Петербург,15.02.2026
c92430,Елена Юдина,+7 (955) 220-35-83,user92430@example.ru,Казань,20.08.2025
c91812,Игорь Ермаков,+7 (983) 111-89-85,user91812@example.ru,С.-Петербург,16.10.2025
c105740,Алиса Белых,+7 (916) 241-95-88,user105740@example.ru,Новосибирск,13.08.2024
c106244,Кирилл Панин,+7 (995) 127-64-43,user106244@example.ru,Красноярск,08.04.2024
c101848,Егор Нестеров,+7 (965) 003-07-10,user101848@example.ru,Екатеринбург,05.10.2025
c91507,Тимур Мешков,+7 (925) 466-11-28,user91507@example.ru,Екатеринбург,02.08.2025
c90011,Полина Ермаков,+7 (962) 853-22-30,user90011@example.ru,С.-Петербург,08.08.2024
c90812,Кирилл Савельев,+7 (977) 496-62-96,user90812@example.ru,Красноярск,30.01.2025
c101852,Наталья Нестеров,+7 (926) 684-76-59,user101852@example.ru,С.-Петербург,25.09.2024
c103704,Денис Савельев,+7 (956) 911-83-66,user103704@example.ru,Казань,01.10.2024
c90388,Павел Савельев,+7 (930) 578-20-14,user90388@example.ru,Москва,22.01.2024
c91934,Анна Панин,+7 (925) 060-85-31,user91934@example.ru,Красноярск,12.06.2024
c90061,Анна Мешков,+7 (934) 369-69-02,user90061@example.ru,Новосибирск,08.10.2024
c90087,Денис Крылов,+7 (911) 721-35-45,user90087@example.ru,Красноярск,20.04.2025
c92346,Наталья Ковальчук,+7 (942) 420-05-87,user92346@example.ru,Москва,29.02.2024
c90823,Лидия Ковальчук,+7 (917) 974-99-94,user90823@example.ru,Казань,18.10.2024
c92304,Егор Гордеев,+7 (989) 850-21-32,user92304@example.ru,Красноярск,17.06.2024
c91861,Елена Савельев,+7 (911) 287-62-02,user91861@example.ru,С.-Петербург,13.03.2024
c90268,Игорь Мешков,+7 (927) 310-08-29,user90268@example.ru,Екатеринбург,03.05.2024
c92375,Тимур Белых,+7 (953) 513-08-53,user92375@example.ru,Новосибирск,21.11.2025
c103763,Ольга Нестеров,+7 (984) 954-44-49,user103763@example.ru,Новосибирск,06.05.2025
c90914,Алиса Лаптев,+7 (996) 690-08-34,user90914@example.ru,Новосибирск,28.02.2026
c90352,Роман Панин,+7 (971) 806-58-80,user90352@example.ru,Казань,12.06.2026
c91947,Лидия Белых,+7 (927) 117-84-78,user91947@example.ru,Казань,28.05.2026
c92431,Денис Юдина,+7 (943) 510-74-23,user92431@example.ru,Новосибирск,05.05.2025
c90342,Павел Савельев,+7 (982) 767-73-45,user90342@example.ru,С.-Петербург,02.09.2025
c92290,Алиса Осипова,+7 (965) 293-87-85,user92290@example.ru,Казань,18.01.2026
c91580,Роман Ковальчук,+7 (967) 209-39-23,user91580@example.ru,Екатеринбург,27.01.2024
c91653,Ольга Шилова,+7 (980) 296-32-76,user91653@example.ru,С.-Петербург,20.11.2025
c92062,Роман Мешков,+7 (913) 559-61-25,user92062@example.ru,Красноярск,17.01.2024
c90962,Вера Белых,+7 (915) 523-00-43,user90962@example.ru,Казань,17.06.2024
c90075,Павел Белых,+7 (991) 034-67-13,user90075@example.ru,Екатеринбург,27.08.2025
c92061,Игорь Лаптев,+7 (912) 442-44-01,user92061@example.ru,Новосибирск,12.12.2024
c102431,Юлия Белых,+7 (958) 221-78-64,user102431@example.ru,Екатеринбург,14.02.2024
c90561,Наталья Осипова,+7 (947) 773-11-71,user90561@example.ru,Новосибирск,24.02.2025
c90510,Артур Крылов,+7 (930) 757-29-23,user90510@example.ru,Казань,07.05.2026
c92146,Глеб Сорокина,+7 (942) 694-88-33,user92146@example.ru,Казань,27.12.2025
c91099,Лидия Белых,+7 (922) 040-28-19,user91099@example.ru,Красноярск,03.05.2024
c100926,Артур Шилова,+7 (972) 585-97-13,user100926@example.ru,Москва,01.05.2026
c102742,Анна Ковальчук,+7 (975) 781-08-51,user102742@example.ru,Новосибирск,21.04.2026
c105566,Ольга Гордеев,+7 (953) 533-77-00,user105566@example.ru,Казань,16.02.2024
c104355,Тимур Панин,+7 (980) 971-19-00,user104355@example.ru,Казань,02.08.2025
c91593,Глеб Шилова,+7 (972) 273-25-41,user91593@example.ru,Екатеринбург,04.06.2026
c103427,Роман Тихонова,+7 (941) 343-85-31,user103427@example.ru,С.-Петербург,25.05.2025
c105903,Ольга Крылов,+7 (939) 175-65-93,user105903@example.ru,Москва,20.01.2026
c92012,Артур Лаптев,+7 (953) 737-24-74,user92012@example.ru,Красноярск,16.01.2024
c91064,Полина Осипова,+7 (990) 803-40-17,user91064@example.ru,С.-Петербург,08.08.2024
c100570,Алиса Белых,+7 (919) 193-04-91,user100570@example.ru,Екатеринбург,24.05.2025
c91523,Денис Сорокина,+7 (939) 805-70-10,user91523@example.ru,С.-Петербург,12.01.2026
c104176,Артур Зуева,+7 (929) 167-37-94,user104176@example.ru,Казань,15.09.2025
c102346,Вера Осипова,+7 (995) 363-85-78,user102346@example.ru,Новосибирск,05.02.2025
c100882,Юлия Ковальчук,+7 (935) 467-35-48,user100882@example.ru,С.-Петербург,03.06.2024
c90530,Наталья Осипова,+7 (967) 337-58-42,user90530@example.ru,Красноярск,19.12.2024
c105395,Егор Нестеров,+7 (962) 338-03-37,user105395@example.ru,Москва,28.01.2025
c91225,Павел Юдина,+7 (930) 756-51-67,user91225@example.ru,Москва,29.09.2025
c91986,Вера Белых,+7 (929) 055-92-01,user91986@example.ru,Москва,19.09.2025
c104245,Анна Зуева,+7 (922) 104-57-94,user104245@example.ru,Казань,07.02.2025
c105773,Юлия Юдина,+7 (942) 902-42-44,user105773@example.ru,Новосибирск,27.02.2025
c91513,Юлия Зуева,+7 (933) 484-99-97,user91513@example.ru,Казань,01.09.2024
c90570,Денис Белых,+7 (999) 663-90-66,user90570@example.ru,Москва,02.09.2025
c91533,Ольга Гордеев,+7 (979) 278-43-44,user91533@example.ru,Москва,17.02.2026
c91627,Роман Шилова,+7 (987) 573-86-42,user91627@example.ru,Екатеринбург,09.10.2025
c90064,Юлия Белых,+7 (927) 602-52-97,user90064@example.ru,С.-Петербург,23.05.2026
c102147,Артур Мешков,+7 (955) 705-04-17,user102147@example.ru,С.-Петербург,16.06.2026
c100943,Вера Панин,+7 (946) 396-00-09,user100943@example.ru,Новосибирск,11.09.2025
c91132,Елена Крылов,+7 (914) 205-12-09,user91132@example.ru,Екатеринбург,06.03.2026
c90614,Глеб Осипова,+7 (959) 727-41-72,user90614@example.ru,Москва,30.05.2024
c91801,Павел Ковальчук,+7 (928) 150-29-21,user91801@example.ru,Красноярск,13.02.2025
c92092,Максим Савельев,+7 (910) 480-24-22,user92092@example.ru,С.-Петербург,19.04.2026
c100325,Юлия Тихонова,+7 (997) 890-55-13,user100325@example.ru,С.-Петербург,04.06.2026
c91358,Тимур Панин,+7 (992) 431-21-49,user91358@example.ru,Москва,16.04.2025
c100401,Анна Осипова,+7 (974) 639-99-15,user100401@example.ru,Казань,17.05.2026
c91385,Роман Шилова,+7 (941) 349-94-27,user91385@example.ru,Новосибирск,21.06.2025
c101762,Роман Нестеров,+7 (980) 362-75-51,user101762@example.ru,Москва,07.02.2024
c90062,Артур Осипова,+7 (968) 573-50-48,user90062@example.ru,Новосибирск,12.05.2026
c91148,Наталья Шилова,+7 (943) 665-78-01,user91148@example.ru,Красноярск,02.04.2025
c92103,Артур Юдина,+7 (989) 003-55-34,user92103@example.ru,Москва,06.05.2024
c106162,Денис Сорокина,+7 (930) 017-16-64,user106162@example.ru,Новосибирск,08.02.2026
c92200,Алиса Крылов,+7 (919) 812-17-33,user92200@example.ru,Москва,13.01.2026
c90038,Лидия Савельев,+7 (927) 456-02-68,user90038@example.ru,Казань,19.06.2024
c100822,Егор Крылов,+7 (960) 720-18-08,user100822@example.ru,Казань,01.05.2026
c90605,Алиса Ермаков,+7 (976) 001-44-55,user90605@example.ru,Москва,12.04.2024
c90800,Кирилл Осипова,+7 (981) 433-87-01,user90800@example.ru,Москва,23.06.2026
c90002,Наталья Сорокина,+7 (941) 442-37-84,user90002@example.ru,Красноярск,23.04.2024
c91441,Кирилл Сорокина,+7 (920) 160-28-10,user91441@example.ru,Екатеринбург,17.11.2024
c105832,Елена Юдина,+7 (915) 795-20-58,user105832@example.ru,Москва,08.08.2025
c90657,Вера Зуева,+7 (961) 006-61-85,user90657@example.ru,Казань,13.06.2026
c103264,Максим Ковальчук,+7 (963) 391-76-81,user103264@example.ru,Москва,28.07.2025
c91220,Алиса Гордеев,+7 (967) 992-45-06,user91220@example.ru,Екатеринбург,22.08.2024
c91052,Наталья Юдина,+7 (988) 797-77-37,user91052@example.ru,Красноярск,23.02.2026
c92161,Лидия Мешков,+7 (938) 463-84-72,user92161@example.ru,Новосибирск,16.11.2024
c90509,Роман Тихонова,+7 (965) 842-81-65,user90509@example.ru,Москва,07.11.2024
c91625,Глеб Шилова,+7 (913) 506-42-54,user91625@example.ru,Красноярск,28.01.2024
c90905,Глеб Лаптев,+7 (992) 062-16-60,user90905@example.ru,С.-Петербург,25.06.2024
c91752,Полина Ковальчук,+7 (912) 670-70-55,user91752@example.ru,Екатеринбург,29.09.2024
c91124,Алиса Шилова,+7 (920) 026-52-13,user91124@example.ru,Красноярск,23.05.2025
c92363,Глеб Юдина,+7 (952) 820-01-57,user92363@example.ru,Красноярск,27.02.2025
c92039,Егор Ковальчук,+7 (918) 100-22-04,user92039@example.ru,Казань,25.10.2025
c101360,Егор Сорокина,+7 (951) 694-39-53,user101360@example.ru,Новосибирск,24.12.2025
c90544,Вера Лаптев,+7 (995) 965-40-99,user90544@example.ru,Новосибирск,22.01.2024
c106127,Егор Зуева,+7 (926) 800-20-71,user106127@example.ru,Екатеринбург,12.06.2024
c103600,Денис Юдина,+7 (933) 769-62-99,user103600@example.ru,Москва,09.12.2024
c91868,Роман Мешков,+7 (916) 865-99-41,user91868@example.ru,Новосибирск,22.03.2025
c101918,Анна Ермаков,+7 (919) 358-09-47,user101918@example.ru,Екатеринбург,21.06.2025
c92463,Мария Ермаков,+7 (982) 262-19-19,user92463@example.ru,С.-Петербург,17.11.2025
c92369,Егор Ковальчук,+7 (957) 303-83-86,user92369@example.ru,Казань,01.12.2024
c90887,Лидия Тихонова,+7 (964) 040-43-25,user90887@example.ru,Красноярск,17.01.2024
c90821,Артур Сорокина,+7 (978) 836-76-24,user90821@example.ru,Казань,28.01.2025
c92251,Ольга Ковальчук,+7 (916) 405-62-27,user92251@example.ru,Красноярск,24.01.2026
c90482,Роман Тихонова,+7 (953) 627-49-59,user90482@example.ru,С.-Петербург,19.03.2026
c100273,Игорь Лаптев,+7 (968) 595-80-89,user100273@example.ru,Красноярск,08.02.2025
c90451,Глеб Гордеев,+7 (991) 478-75-21,user90451@example.ru,Новосибирск,06.04.2025
c91527,Алиса Лаптев,+7 (999) 538-29-98,user91527@example.ru,С.-Петербург,02.05.2024
c91034,Лидия Мешков,+7 (988) 716-28-36,user91034@example.ru,Новосибирск,22.03.2026
c91551,Павел Осипова,+7 (919) 833-11-05,user91551@example.ru,Екатеринбург,27.02.2024
c90085,Кирилл Зуева,+7 (996) 296-50-00,user90085@example.ru,Казань,08.03.2024
c90946,Кирилл Лаптев,+7 (990) 188-23-06,user90946@example.ru,Казань,25.08.2024
c90499,Юлия Сорокина,+7 (941) 369-29-64,user90499@example.ru,Новосибирск,28.10.2024
c91288,Максим Нестеров,+7 (984) 316-50-31,user91288@example.ru,Красноярск,05.02.2026
c90372,Алиса Шилова,+7 (968) 073-71-35,user90372@example.ru,Красноярск,03.12.2024
c92088,Тимур Крылов,+7 (959) 647-65-05,user92088@example.ru,Новосибирск,30.01.2026
c92078,Алиса Зуева,+7 (950) 346-77-47,user92078@example.ru,Новосибирск,01.01.2026
c92001,Полина Панин,+7 (916) 986-82-34,user92001@example.ru,С.-Петербург,09.01.2026
c92096,Роман Осипова,+7 (914) 835-91-62,user92096@example.ru,Новосибирск,22.02.2026
c102609,Тимур Панин,+7 (961) 772-99-32,user102609@example.ru,Казань,20.06.2025
c91679,Кирилл Зуева,+7 (927) 113-14-54,user91679@example.ru,Красноярск,03.03.2024
c90804,Артур Гордеев,+7 (989) 070-76-76,user90804@example.ru,Красноярск,22.08.2025
c92314,Вера Тихонова,+7 (999) 327-45-93,user92314@example.ru,Екатеринбург,12.11.2024
c100295,Вера Крылов,+7 (910) 837-03-60,user100295@example.ru,Москва,14.06.2026
c91094,Вера Крылов,+7 (996) 479-58-75,user91094@example.ru,Казань,14.05.2024
c91449,Ольга Осипова,+7 (930) 929-94-48,user91449@example.ru,Москва,17.02.2026
c102051,Вера Крылов,+7 (968) 372-76-25,user102051@example.ru,Красноярск,11.04.2026
c106718,Роман Сорокина,+7 (950) 131-05-97,user106718@example.ru,Красноярск,26.10.2025
c92301,Максим Ковальчук,+7 (955) 780-34-52,user92301@example.ru,Екатеринбург,02.09.2024
c100924,Денис Крылов,+7 (971) 687-13-65,user100924@example.ru,Москва,23.01.2025
c101909,Анна Ермаков,+7 (930) 265-55-42,user101909@example.ru,Москва,23.05.2026
c91888,Максим Осипова,+7 (922) 713-26-47,user91888@example.ru,С.-Петербург,06.12.2025
c90378,Максим Сорокина,+7 (949) 434-91-49,user90378@example.ru,Екатеринбург,06.05.2025
c92171,Денис Гордеев,+7 (959) 916-02-91,user92171@example.ru,Москва,15.08.2025
c91760,Мария Юдина,+7 (958) 362-23-35,user91760@example.ru,Красноярск,27.04.2025
c91668,Роман Савельев,+7 (912) 886-60-26,user91668@example.ru,Екатеринбург,28.02.2025
c100751,Максим Ковальчук,+7 (929) 694-39-38,user100751@example.ru,Казань,02.06.2026
c106298,Мария Нестеров,+7 (985) 020-60-72,user106298@example.ru,С.-Петербург,09.05.2024
c91420,Мария Шилова,+7 (951) 156-05-31,user91420@example.ru,Новосибирск,28.02.2025
c90368,Роман Нестеров,+7 (913) 985-36-98,user90368@example.ru,Новосибирск,17.05.2024
c92122,Глеб Ермаков,+7 (958) 125-59-99,user92122@example.ru,Красноярск,20.05.2024
c91039,Глеб Сорокина,+7 (979) 370-05-04,user91039@example.ru,С.-Петербург,12.10.2024
c91439,Ольга Сорокина,+7 (946) 778-55-93,user91439@example.ru,С.-Петербург,09.01.2025
c90414,Кирилл Шилова,+7 (963) 360-69-77,user90414@example.ru,Новосибирск,14.11.2025
c91635,Наталья Сорокина,+7 (973) 198-59-41,user91635@example.ru,Красноярск,17.03.2025
c91735,Максим Юдина,+7 (946) 096-22-27,user91735@example.ru,Екатеринбург,30.04.2026
c90475,Юлия Ковальчук,+7 (960) 519-91-31,user90475@example.ru,Красноярск,21.10.2024
c106174,Павел Сорокина,+7 (961) 228-71-71,user106174@example.ru,Екатеринбург,25.01.2026
c91282,Наталья Гордеев,+7 (965) 860-36-45,user91282@example.ru,С.-Петербург,07.02.2026
c91781,Игорь Панин,+7 (958) 552-09-59,user91781@example.ru,Москва,18.05.2024
c106475,Елена Гордеев,+7 (934) 814-97-47,user106475@example.ru,Москва,20.03.2024
c92384,Елена Зуева,+7 (952) 576-12-80,user92384@example.ru,Екатеринбург,02.10.2024
c91409,Ольга Зуева,+7 (931) 724-04-20,user91409@example.ru,Новосибирск,03.04.2025
c90269,Денис Ковальчук,+7 (992) 530-53-74,user90269@example.ru,Москва,03.03.2025
c90610,Денис Лаптев,+7 (952) 144-17-44,user90610@example.ru,С.-Петербург,25.07.2024
c92325,Лидия Белых,+7 (992) 514-90-80,user92325@example.ru,Казань,07.08.2025
c92087,Игорь Крылов,+7 (979) 121-56-80,user92087@example.ru,С.-Петербург,18.12.2025
c91839,Максим Зуева,+7 (916) 244-98-53,user91839@example.ru,С.-Петербург,14.07.2025
c105504,Елена Панин,+7 (972) 603-81-76,user105504@example.ru,Екатеринбург,25.01.2026
c91620,Глеб Крылов,+7 (987) 971-19-99,user91620@example.ru,Новосибирск,08.10.2025
c92126,Роман Мешков,+7 (980) 043-37-15,user92126@example.ru,Красноярск,23.08.2024
c91649,Анна Савельев,+7 (970) 676-18-25,user91649@example.ru,Екатеринбург,01.08.2025
c91188,Денис Осипова,+7 (911) 870-79-19,user91188@example.ru,С.-Петербург,29.10.2024
c90957,Юлия Тихонова,+7 (995) 550-22-09,user90957@example.ru,Новосибирск,17.12.2025
c103280,Роман Ермаков,+7 (918) 832-79-85,user103280@example.ru,Москва,01.10.2024
c91427,Лидия Белых,+7 (933) 058-71-15,user91427@example.ru,Красноярск,22.10.2024
c106493,Полина Шилова,+7 (991) 213-76-83,user106493@example.ru,Красноярск,31.10.2025
c106277,Наталья Лаптев,+7 (986) 690-32-25,user106277@example.ru,Новосибирск,24.12.2025
c91120,Алиса Нестеров,+7 (942) 604-82-49,user91120@example.ru,Новосибирск,27.04.2026
c100578,Елена Белых,+7 (963) 861-04-18,user100578@example.ru,Новосибирск,15.01.2024
c103303,Денис Сорокина,+7 (961) 471-21-19,user103303@example.ru,С.-Петербург,01.04.2025
c90209,Алиса Зуева,+7 (938) 626-88-82,user90209@example.ru,Красноярск,04.11.2024
c91632,Елена Мешков,+7 (977) 209-36-63,user91632@example.ru,Москва,16.01.2026
c106689,Роман Гордеев,+7 (942) 356-93-93,user106689@example.ru,Новосибирск,12.07.2025
c102022,Наталья Ковальчук,+7 (928) 082-41-80,user102022@example.ru,Казань,29.08.2025
c91431,Алиса Ковальчук,+7 (948) 429-75-06,user91431@example.ru,Екатеринбург,25.10.2025
c105699,Павел Сорокина,+7 (991) 739-65-00,user105699@example.ru,Красноярск,26.06.2024
c91181,Егор Лаптев,+7 (920) 402-91-80,user91181@example.ru,С.-Петербург,28.08.2025
c91973,Кирилл Зуева,+7 (924) 913-14-61,user91973@example.ru,Екатеринбург,17.10.2024
c90162,Вера Ковальчук,+7 (922) 699-13-56,user90162@example.ru,Казань,07.03.2026
c106759,Павел Крылов,+7 (992) 778-39-08,user106759@example.ru,С.-Петербург,24.01.2025
c106343,Глеб Сорокина,+7 (947) 038-44-89,user106343@example.ru,Казань,20.08.2024
c104850,Полина Лаптев,+7 (923) 800-16-22,user104850@example.ru,Красноярск,18.12.2025
c90274,Павел Нестеров,+7 (971) 595-10-70,user90274@example.ru,Москва,03.08.2025
c90390,Игорь Осипова,+7 (938) 636-62-40,user90390@example.ru,Казань,20.01.2025
c90039,Павел Панин,+7 (951) 693-46-21,user90039@example.ru,Красноярск,15.02.2025
c91173,Анна Тихонова,+7 (924) 924-37-54,user91173@example.ru,Москва,29.12.2024
c104343,Глеб Лаптев,+7 (994) 972-38-34,user104343@example.ru,С.-Петербург,30.04.2026
c90265,Егор Крылов,+7 (924) 128-25-66,user90265@example.ru,Красноярск,25.04.2026
c106430,Максим Белых,+7 (935) 720-43-92,user106430@example.ru,Екатеринбург,09.05.2024
c91141,Лидия Савельев,+7 (968) 222-25-60,user91141@example.ru,Красноярск,28.09.2024
c91138,Павел Савельев,+7 (915) 989-87-76,user91138@example.ru,Красноярск,01.06.2025
c90303,Кирилл Крылов,+7 (948) 668-96-31,user90303@example.ru,Москва,28.01.2026
c90288,Мария Ковальчук,+7 (959) 191-09-43,user90288@example.ru,Красноярск,17.10.2024
c90932,Мария Панин,+7 (987) 706-11-90,user90932@example.ru,С.-Петербург,21.09.2024
c90585,Павел Шилова,+7 (917) 283-00-30,user90585@example.ru,С.-Петербург,19.01.2025
c91930,Павел Осипова,+7 (965) 279-37-13,user91930@example.ru,С.-Петербург,06.08.2024
c91933,Анна Лаптев,+7 (978) 155-93-32,user91933@example.ru,С.-Петербург,16.09.2024
c92347,Тимур Гордеев,+7 (979) 203-10-71,user92347@example.ru,Новосибирск,29.11.2025
c91837,Денис Тихонова,+7 (950) 513-07-69,user91837@example.ru,С.-Петербург,17.05.2026
c91777,Егор Савельев,+7 (997) 141-03-29,user91777@example.ru,Красноярск,05.03.2024
c90181,Алиса Юдина,+7 (933) 436-72-18,user90181@example.ru,Казань,04.07.2024
c104442,Елена Мешков,+7 (956) 659-16-30,user104442@example.ru,Екатеринбург,13.09.2025
c105724,Глеб Ермаков,+7 (960) 284-42-62,user105724@example.ru,Москва,09.06.2026
c102788,Полина Мешков,+7 (999) 257-11-64,user102788@example.ru,Екатеринбург,31.03.2025
c102300,Наталья Шилова,+7 (985) 028-83-02,user102300@example.ru,С.-Петербург,20.05.2025
c91478,Денис Нестеров,+7 (950) 069-22-12,user91478@example.ru,С.-Петербург,12.04.2026
c105482,Наталья Белых,+7 (991) 429-59-02,user105482@example.ru,Красноярск,31.12.2025
c92206,Наталья Ковальчук,+7 (967) 449-24-22,user92206@example.ru,Казань,29.03.2024
c91871,Артур Гордеев,+7 (925) 446-74-73,user91871@example.ru,Екатеринбург,21.04.2024
c106073,Елена Мешков,+7 (940) 888-60-14,user106073@example.ru,Москва,14.08.2024
c105528,Роман Ковальчук,+7 (982) 580-94-26,user105528@example.ru,Красноярск,27.04.2025
c92090,Елена Ермаков,+7 (986) 558-90-45,user92090@example.ru,Москва,03.05.2024
c102786,Лидия Панин,+7 (999) 629-55-95,user102786@example.ru,Красноярск,19.02.2024
c100167,Роман Лаптев,+7 (922) 971-98-22,user100167@example.ru,Красноярск,29.07.2024
c91090,Глеб Лаптев,+7 (968) 620-70-48,user91090@example.ru,Новосибирск,20.01.2026
c91601,Юлия Осипова,+7 (986) 224-15-21,user91601@example.ru,Новосибирск,03.09.2025
c92380,Кирилл Шилова,+7 (930) 268-64-67,user92380@example.ru,Новосибирск,29.12.2024
c91331,Лидия Лаптев,+7 (934) 427-11-70,user91331@example.ru,Москва,06.12.2024
c92023,Тимур Крылов,+7 (972) 257-30-56,user92023@example.ru,Москва,31.05.2024
c92107,Артур Ковальчук,+7 (960) 127-65-41,user92107@example.ru,Казань,21.06.2025
c91415,Игорь Зуева,+7 (933) 394-59-82,user91415@example.ru,Екатеринбург,18.01.2024
c101887,Егор Гордеев,+7 (922) 901-23-96,user101887@example.ru,Красноярск,06.02.2024
c92455,Максим Сорокина,+7 (928) 493-95-77,user92455@example.ru,С.-Петербург,07.06.2025
c101311,Елена Гордеев,+7 (926) 940-87-74,user101311@example.ru,Москва,11.03.2026
c91175,Егор Лаптев,+7 (920) 844-27-91,user91175@example.ru,Екатеринбург,02.07.2025
c90465,Денис Зуева,+7 (962) 673-78-70,user90465@example.ru,Казань,16.01.2025
c90212,Денис Панин,+7 (937) 435-80-44,user90212@example.ru,Новосибирск,04.06.2026
c105027,Егор Юдина,+7 (988) 923-46-99,user105027@example.ru,Новосибирск,21.08.2024
c90629,Полина Крылов,+7 (950) 794-68-96,user90629@example.ru,С.-Петербург,20.06.2024
c91732,Лидия Тихонова,+7 (960) 552-16-12,user91732@example.ru,Москва,18.03.2026
c91637,Тимур Сорокина,+7 (979) 592-58-95,user91637@example.ru,Казань,23.02.2026
c92205,Елена Шилова,+7 (956) 672-28-70,user92205@example.ru,Новосибирск,01.01.2025
c91729,Лидия Панин,+7 (930) 268-72-79,user91729@example.ru,С.-Петербург,08.02.2024
c90024,Павел Савельев,+7 (984) 682-75-97,user90024@example.ru,Екатеринбург,03.03.2025
c91312,Максим Савельев,+7 (924) 781-68-05,user91312@example.ru,Екатеринбург,08.03.2026
c105146,Тимур Лаптев,+7 (959) 687-15-08,user105146@example.ru,Красноярск,01.06.2025
c91377,Павел Панин,+7 (957) 308-16-31,user91377@example.ru,Москва,27.02.2026
c90398,Глеб Крылов,+7 (979) 712-70-74,user90398@example.ru,Красноярск,03.07.2025
c91068,Ольга Нестеров,+7 (988) 898-56-26,user91068@example.ru,Красноярск,04.09.2025
c90784,Егор Осипова,+7 (986) 231-52-10,user90784@example.ru,Красноярск,15.04.2025
c91642,Наталья Лаптев,+7 (975) 641-47-87,user91642@example.ru,Красноярск,24.01.2025
c90327,Роман Савельев,+7 (988) 925-18-17,user90327@example.ru,Новосибирск,22.06.2025
c101025,Глеб Ермаков,+7 (937) 869-23-65,user101025@example.ru,Екатеринбург,23.07.2024
c90250,Максим Гордеев,+7 (911) 570-24-99,user90250@example.ru,Красноярск,24.05.2024
c90034,Наталья Белых,+7 (953) 390-77-71,user90034@example.ru,С.-Петербург,23.08.2025
c101920,Егор Сорокина,+7 (988) 998-15-51,user101920@example.ru,Екатеринбург,27.08.2025
c90319,Тимур Шилова,+7 (910) 952-17-40,user90319@example.ru,Казань,11.07.2024
c100189,Денис Лаптев,+7 (930) 347-92-06,user100189@example.ru,Екатеринбург,15.11.2025
c103195,Егор Лаптев,+7 (959) 190-93-69,user103195@example.ru,Новосибирск,11.02.2024
c91847,Анна Нестеров,+7 (961) 446-70-43,user91847@example.ru,С.-Петербург,04.04.2025
c90495,Вера Шилова,+7 (968) 801-75-16,user90495@example.ru,Красноярск,25.02.2026
c91350,Мария Белых,+7 (970) 006-11-00,user91350@example.ru,Москва,14.08.2025
c90604,Егор Нестеров,+7 (962) 466-84-30,user90604@example.ru,Москва,09.06.2024
c91432,Елена Ковальчук,+7 (958) 709-41-47,user91432@example.ru,Екатеринбург,19.09.2024
c103144,Наталья Зуева,+7 (989) 579-52-82,user103144@example.ru,Казань,15.09.2025
c92283,Ольга Панин,+7 (960) 201-80-24,user92283@example.ru,Москва,12.12.2024
c90776,Ольга Гордеев,+7 (929) 280-97-56,user90776@example.ru,Екатеринбург,24.05.2026
c92183,Полина Савельев,+7 (973) 519-16-33,user92183@example.ru,Казань,18.10.2024
c91213,Алиса Ермаков,+7 (985) 230-15-80,user91213@example.ru,Екатеринбург,22.11.2024
c104076,Егор Осипова,+7 (923) 425-94-36,user104076@example.ru,С.-Петербург,25.06.2026
c102361,Тимур Крылов,+7 (952) 989-92-16,user102361@example.ru,Новосибирск,08.05.2024
c100379,Мария Нестеров,+7 (948) 484-39-76,user100379@example.ru,Казань,22.03.2026
c91274,Юлия Юдина,+7 (969) 962-74-35,user91274@example.ru,С.-Петербург,24.03.2025
c102305,Полина Нестеров,+7 (985) 617-02-91,user102305@example.ru,Москва,31.03.2025
c90758,Тимур Юдина,+7 (986) 636-97-04,user90758@example.ru,Екатеринбург,02.09.2024
c91929,Павел Осипова,+7 (919) 946-94-76,user91929@example.ru,Новосибирск,23.01.2025
c106272,Тимур Мешков,+7 (974) 372-24-93,user106272@example.ru,С.-Петербург,03.03.2026
c90366,Лидия Осипова,+7 (990) 614-38-67,user90366@example.ru,Новосибирск,22.06.2026
c104736,Роман Крылов,+7 (949) 014-69-52,user104736@example.ru,Москва,23.09.2025
c92123,Анна Юдина,+7 (993) 686-65-26,user92123@example.ru,Красноярск,06.05.2026
c90302,Юлия Лаптев,+7 (970) 143-36-68,user90302@example.ru,Москва,15.05.2024
c100521,Глеб Тихонова,+7 (933) 338-38-31,user100521@example.ru,Москва,11.08.2024
c101454,Тимур Савельев,+7 (967) 805-71-15,user101454@example.ru,Екатеринбург,04.06.2026
c91911,Денис Тихонова,+7 (948) 389-15-79,user91911@example.ru,Казань,18.04.2025
c91208,Павел Шилова,+7 (939) 715-91-82,user91208@example.ru,Екатеринбург,22.06.2026
c100517,Денис Юдина,+7 (991) 688-99-23,user100517@example.ru,Новосибирск,02.04.2024
c90497,Наталья Тихонова,+7 (935) 115-46-88,user90497@example.ru,Казань,06.03.2024
c90121,Игорь Савельев,+7 (972) 686-64-14,user90121@example.ru,Казань,19.04.2025
c91959,Наталья Тихонова,+7 (969) 925-98-29,user91959@example.ru,Новосибирск,24.12.2025
c91287,Мария Нестеров,+7 (972) 660-65-20,user91287@example.ru,Москва,23.10.2025
c101703,Павел Осипова,+7 (911) 115-18-51,user101703@example.ru,Новосибирск,25.09.2025
c101303,Егор Сорокина,+7 (925) 256-34-77,user101303@example.ru,С.-Петербург,22.03.2026
c91458,Алиса Панин,+7 (914) 936-47-43,user91458@example.ru,Красноярск,24.02.2026
c90903,Егор Ковальчук,+7 (964) 179-09-73,user90903@example.ru,Казань,27.12.2024
c103627,Ольга Шилова,+7 (911) 047-71-83,user103627@example.ru,Казань,24.12.2024
c90726,Ольга Гордеев,+7 (971) 947-40-24,user90726@example.ru,Казань,12.03.2024
c91891,Максим Гордеев,+7 (916) 061-41-02,user91891@example.ru,С.-Петербург,10.05.2025
c90535,Максим Сорокина,+7 (915) 088-30-54,user90535@example.ru,Новосибирск,07.07.2024
c91246,Глеб Савельев,+7 (981) 619-86-36,user91246@example.ru,Екатеринбург,23.09.2025
c92050,Егор Гордеев,+7 (996) 633-37-69,user92050@example.ru,Красноярск,30.04.2025
c91484,Максим Тихонова,+7 (924) 865-96-71,user91484@example.ru,Новосибирск,25.06.2026
c91459,Елена Осипова,+7 (969) 080-24-73,user91459@example.ru,Екатеринбург,16.05.2026
c91255,Павел Зуева,+7 (919) 737-10-26,user91255@example.ru,Москва,27.12.2024
c92112,Анна Гордеев,+7 (953) 583-26-12,user92112@example.ru,Красноярск,21.08.2024
c92323,Ольга Осипова,+7 (993) 934-35-18,user92323@example.ru,Екатеринбург,06.05.2024
c90771,Наталья Лаптев,+7 (926) 918-70-51,user90771@example.ru,Казань,15.03.2024
c102619,Игорь Шилова,+7 (936) 290-52-57,user102619@example.ru,Екатеринбург,19.10.2024
c92130,Ольга Лаптев,+7 (912) 105-40-61,user92130@example.ru,С.-Петербург,09.09.2025
c92034,Юлия Юдина,+7 (999) 715-69-37,user92034@example.ru,Казань,20.04.2025
c104291,Мария Тихонова,+7 (948) 838-25-42,user104291@example.ru,С.-Петербург,10.01.2026
c91030,Тимур Юдина,+7 (997) 974-91-75,user91030@example.ru,Москва,16.05.2025
c91201,Артур Ковальчук,+7 (940) 909-97-61,user91201@example.ru,Москва,30.09.2025
c103672,Мария Ермаков,+7 (962) 911-12-37,user103672@example.ru,С.-Петербург,13.05.2026
c101598,Наталья Белых,+7 (970) 730-57-74,user101598@example.ru,Казань,09.02.2024
c90763,Наталья Нестеров,+7 (980) 256-03-85,user90763@example.ru,Москва,08.07.2025
c103502,Максим Зуева,+7 (995) 638-31-27,user103502@example.ru,Москва,07.02.2026
c105032,Кирилл Гордеев,+7 (936) 001-50-62,user105032@example.ru,Казань,26.09.2024
c92184,Глеб Панин,+7 (968) 796-82-21,user92184@example.ru,С.-Петербург,02.07.2024
c103586,Глеб Ковальчук,+7 (942) 711-64-61,user103586@example.ru,С.-Петербург,22.08.2025
c106325,Кирилл Панин,+7 (913) 799-90-80,user106325@example.ru,Казань,09.06.2024
c90393,Роман Шилова,+7 (959) 292-02-73,user90393@example.ru,С.-Петербург,11.09.2025
c90950,Мария Лаптев,+7 (997) 741-40-36,user90950@example.ru,Красноярск,01.03.2025
c90122,Алиса Ермаков,+7 (984) 223-04-38,user90122@example.ru,Новосибирск,20.12.2024
c91646,Юлия Шилова,+7 (916) 853-34-48,user91646@example.ru,Красноярск,15.09.2025
c92308,Полина Зуева,+7 (915) 609-91-35,user92308@example.ru,Москва,17.09.2024
c90009,Егор Гордеев,+7 (989) 531-32-78,user90009@example.ru,Красноярск,26.10.2024
c102655,Павел Зуева,+7 (925) 285-35-38,user102655@example.ru,Москва,13.05.2024
c91386,Анна Юдина,+7 (981) 131-16-56,user91386@example.ru,С.-Петербург,30.03.2026
c105766,Кирилл Осипова,+7 (991) 879-37-24,user105766@example.ru,Новосибирск,15.10.2025
c91882,Егор Нестеров,+7 (978) 062-93-37,user91882@example.ru,Екатеринбург,07.04.2025
c92451,Егор Гордеев,+7 (970) 365-31-56,user92451@example.ru,Москва,20.12.2024
c102222,Тимур Лаптев,+7 (938) 263-54-10,user102222@example.ru,С.-Петербург,02.10.2024
c90004,Алиса Шилова,+7 (996) 972-15-11,user90004@example.ru,С.-Петербург,11.05.2026
c92172,Максим Нестеров,+7 (917) 783-57-64,user92172@example.ru,Екатеринбург,19.05.2026
c91728,Тимур Крылов,+7 (956) 998-17-83,user91728@example.ru,Казань,23.11.2024
c91388,Тимур Шилова,+7 (912) 042-83-10,user91388@example.ru,Москва,19.10.2025
c92386,Юлия Белых,+7 (941) 020-36-79,user92386@example.ru,Казань,17.09.2025
c100643,Ольга Сорокина,+7 (959) 801-45-81,user100643@example.ru,С.-Петербург,14.06.2026
c90100,Елена Тихонова,+7 (934) 200-04-35,user90100@example.ru,Казань,23.05.2025
c103128,Наталья Ермаков,+7 (910) 288-38-96,user103128@example.ru,С.-Петербург,21.11.2024
c90894,Юлия Ковальчук,+7 (939) 441-04-45,user90894@example.ru,Казань,05.03.2025
c91403,Павел Сорокина,+7 (958) 646-98-37,user91403@example.ru,Новосибирск,18.04.2026
c92456,Вера Крылов,+7 (928) 166-33-20,user92456@example.ru,С.-Петербург,16.11.2024
c101123,Мария Нестеров,+7 (966) 231-88-41,user101123@example.ru,Екатеринбург,29.02.2024
c91428,Юлия Белых,+7 (948) 124-02-84,user91428@example.ru,Красноярск,17.01.2024
c91056,Глеб Савельев,+7 (975) 618-62-76,user91056@example.ru,Москва,16.06.2025
c90152,Павел Зуева,+7 (978) 266-39-04,user90152@example.ru,Москва,09.07.2024
c92334,Игорь Панин,+7 (998) 051-04-07,user92334@example.ru,Новосибирск,09.03.2025
c90284,Павел Лаптев,+7 (980) 652-94-13,user90284@example.ru,Москва,01.05.2025
c90748,Наталья Гордеев,+7 (919) 316-80-59,user90748@example.ru,С.-Петербург,10.10.2024
c91041,Тимур Юдина,+7 (952) 732-04-34,user91041@example.ru,Новосибирск,11.05.2026
c91992,Игорь Савельев,+7 (939) 226-31-44,user91992@example.ru,Казань,26.01.2024
c90684,Ольга Ковальчук,+7 (947) 542-56-72,user90684@example.ru,Казань,06.04.2024
c90661,Ольга Осипова,+7 (993) 102-13-99,user90661@example.ru,Казань,17.04.2026
c90078,Елена Крылов,+7 (990) 210-23-23,user90078@example.ru,Екатеринбург,20.05.2025
c91352,Тимур Гордеев,+7 (967) 783-35-57,user91352@example.ru,Новосибирск,15.08.2024
c90321,Юлия Белых,+7 (951) 269-71-16,user90321@example.ru,Новосибирск,01.10.2025
c91816,Лидия Белых,+7 (956) 536-33-93,user91816@example.ru,Екатеринбург,16.05.2025
c91235,Наталья Осипова,+7 (977) 054-90-60,user91235@example.ru,Казань,20.06.2024
c102177,Елена Нестеров,+7 (966) 077-86-05,user102177@example.ru,Екатеринбург,25.09.2025
c91285,Мария Савельев,+7 (965) 089-57-68,user91285@example.ru,Екатеринбург,08.05.2024
c90920,Ольга Тихонова,+7 (917) 025-99-36,user90920@example.ru,Красноярск,12.08.2024
c104180,Глеб Гордеев,+7 (992) 416-09-10,user104180@example.ru,Казань,26.09.2024
c103886,Денис Белых,+7 (917) 126-54-85,user103886@example.ru,Красноярск,02.09.2025
c91569,Глеб Сорокина,+7 (977) 917-60-18,user91569@example.ru,Казань,10.07.2024
c105088,Мария Ермаков,+7 (974) 816-89-18,user105088@example.ru,Москва,19.04.2025
c102445,Лидия Осипова,+7 (982) 361-48-36,user102445@example.ru,Новосибирск,27.09.2024
c92412,Анна Белых,+7 (973) 827-07-45,user92412@example.ru,Екатеринбург,16.07.2024
c91688,Игорь Осипова,+7 (939) 830-03-92,user91688@example.ru,Красноярск,28.09.2025
c91456,Ольга Крылов,+7 (912) 991-86-76,user91456@example.ru,Москва,27.10.2024
c91447,Денис Мешков,+7 (928) 534-56-71,user91447@example.ru,С.-Петербург,04.07.2025
c91716,Кирилл Белых,+7 (933) 532-36-89,user91716@example.ru,Казань,09.02.2025
c90552,Мария Осипова,+7 (977) 914-29-55,user90552@example.ru,Казань,12.03.2025
c103197,Глеб Крылов,+7 (959) 952-59-84,user103197@example.ru,Москва,23.12.2025
c91093,Артур Сорокина,+7 (991) 774-33-50,user91093@example.ru,Казань,30.06.2024
c91481,Ольга Лаптев,+7 (919) 159-63-71,user91481@example.ru,Екатеринбург,13.06.2024
c105518,Алиса Мешков,+7 (933) 930-76-95,user105518@example.ru,Казань,01.04.2024
c92212,Лидия Нестеров,+7 (919) 607-11-56,user92212@example.ru,Москва,29.01.2026
c90207,Ольга Ермаков,+7 (953) 998-32-92,user90207@example.ru,Екатеринбург,20.03.2025
c90694,Наталья Панин,+7 (965) 968-39-45,user90694@example.ru,С.-Петербург,15.09.2025
c102269,Егор Ковальчук,+7 (917) 600-76-59,user102269@example.ru,С.-Петербург,29.01.2025
c92136,Глеб Сорокина,+7 (962) 201-18-58,user92136@example.ru,Казань,19.11.2025
c92070,Денис Нестеров,+7 (971) 214-65-00,user92070@example.ru,Новосибирск,06.02.2024
c104696,Тимур Панин,+7 (924) 536-09-21,user104696@example.ru,Казань,21.05.2026
c90876,Юлия Панин,+7 (976) 550-57-45,user90876@example.ru,Москва,09.04.2024
c90195,Ольга Юдина,+7 (946) 737-22-72,user90195@example.ru,Москва,05.04.2024
c92178,Тимур Зуева,+7 (989) 597-71-13,user92178@example.ru,Екатеринбург,11.06.2024
c91588,Мария Ковальчук,+7 (914) 625-71-46,user91588@example.ru,Москва,16.08.2025
c100380,Игорь Тихонова,+7 (931) 864-54-37,user100380@example.ru,Москва,20.04.2025
c105242,Вера Нестеров,+7 (962) 139-14-44,user105242@example.ru,С.-Петербург,25.05.2025
c90266,Денис Сорокина,+7 (950) 574-19-29,user90266@example.ru,С.-Петербург,02.11.2025
c90154,Артур Зуева,+7 (927) 753-78-87,user90154@example.ru,Екатеринбург,04.10.2025
c91785,Денис Ермаков,+7 (935) 377-84-04,user91785@example.ru,Казань,16.12.2025
c91615,Егор Нестеров,+7 (986) 664-09-85,user91615@example.ru,Казань,08.10.2024
c90483,Вера Лаптев,+7 (968) 226-27-73,user90483@example.ru,Красноярск,11.02.2024
c106195,Алиса Юдина,+7 (998) 609-40-90,user106195@example.ru,Казань,16.11.2025
c91031,Павел Шилова,+7 (913) 702-66-12,user91031@example.ru,Екатеринбург,17.07.2025
c91468,Алиса Савельев,+7 (918) 124-35-29,user91468@example.ru,Екатеринбург,29.07.2024
c100219,Анна Лаптев,+7 (987) 024-13-67,user100219@example.ru,Екатеринбург,05.05.2026
c101370,Юлия Ковальчук,+7 (928) 136-41-85,user101370@example.ru,Москва,15.10.2024
c90973,Анна Ковальчук,+7 (961) 377-96-22,user90973@example.ru,С.-Петербург,11.05.2025
c91517,Игорь Осипова,+7 (943) 290-95-45,user91517@example.ru,Казань,11.07.2024
c106582,Егор Нестеров,+7 (956) 912-15-01,user106582@example.ru,Москва,30.05.2024
c90838,Кирилл Зуева,+7 (998) 352-35-55,user90838@example.ru,Новосибирск,18.01.2026
c91991,Павел Савельев,+7 (959) 246-23-01,user91991@example.ru,Новосибирск,07.09.2025
c104419,Егор Ермаков,+7 (971) 176-58-94,user104419@example.ru,Екатеринбург,21.07.2025
c105756,Юлия Тихонова,+7 (977) 688-52-31,user105756@example.ru,Красноярск,30.11.2025
c101752,Вера Лаптев,+7 (948) 559-68-82,user101752@example.ru,Красноярск,31.05.2026
c92284,Елена Крылов,+7 (975) 431-38-27,user92284@example.ru,Новосибирск,18.03.2025
c92362,Елена Савельев,+7 (981) 222-45-33,user92362@example.ru,С.-Петербург,10.02.2026
c90129,Ольга Савельев,+7 (930) 609-58-32,user90129@example.ru,Москва,16.06.2026
c91033,Павел Нестеров,+7 (993) 472-88-71,user91033@example.ru,С.-Петербург,03.05.2025
c105454,Алиса Гордеев,+7 (973) 241-60-20,user105454@example.ru,Красноярск,25.10.2025
c91325,Ольга Белых,+7 (938) 134-37-40,user91325@example.ru,Красноярск,16.07.2025
c105593,Павел Нестеров,+7 (965) 290-52-88,user105593@example.ru,Екатеринбург,24.04.2025
c90184,Глеб Тихонова,+7 (990) 336-17-49,user90184@example.ru,Красноярск,24.09.2024
c91676,Тимур Нестеров,+7 (954) 706-83-48,user91676@example.ru,С.-Петербург,19.12.2024
c91116,Тимур Лаптев,+7 (974) 467-55-19,user91116@example.ru,Красноярск,04.11.2024
c90244,Лидия Крылов,+7 (950) 510-94-05,user90244@example.ru,Москва,06.06.2024
c90430,Павел Нестеров,+7 (935) 110-86-24,user90430@example.ru,Новосибирск,16.12.2024
c91024,Ольга Савельев,+7 (979) 800-94-79,user91024@example.ru,Красноярск,24.03.2024
c92349,Алиса Тихонова,+7 (936) 047-97-91,user92349@example.ru,Новосибирск,09.12.2025
c90081,Юлия Мешков,+7 (914) 435-19-59,user90081@example.ru,Екатеринбург,01.02.2025
c92449,Роман Белых,+7 (954) 644-39-22,user92449@example.ru,Красноярск,01.02.2025
c101273,Елена Гордеев,+7 (997) 964-22-95,user101273@example.ru,Казань,28.08.2024
c104194,Лидия Гордеев,+7 (912) 365-85-85,user104194@example.ru,С.-Петербург,31.01.2024
c90851,Наталья Гордеев,+7 (928) 660-79-87,user90851@example.ru,Красноярск,12.11.2025
c104061,Кирилл Нестеров,+7 (985) 926-45-26,user104061@example.ru,Екатеринбург,05.04.2024
c90686,Юлия Лаптев,+7 (935) 969-18-75,user90686@example.ru,Москва,17.03.2025
c92299,Елена Сорокина,+7 (953) 004-74-39,user92299@example.ru,Новосибирск,01.03.2025
c91029,Тимур Сорокина,+7 (927) 316-18-23,user91029@example.ru,Красноярск,31.07.2025
c90160,Роман Савельев,+7 (935) 106-64-61,user90160@example.ru,Красноярск,03.09.2024
c90259,Елена Ермаков,+7 (921) 222-93-40,user90259@example.ru,С.-Петербург,11.02.2026
c91521,Алиса Мешков,+7 (935) 066-21-03,user91521@example.ru,Екатеринбург,17.06.2026
c91167,Лидия Мешков,+7 (928) 875-06-67,user91167@example.ru,Казань,22.12.2025
c90236,Павел Савельев,+7 (994) 988-43-96,user90236@example.ru,Красноярск,18.09.2024
c102262,Вера Юдина,+7 (929) 870-23-22,user102262@example.ru,Новосибирск,10.09.2024
c90228,Игорь Белых,+7 (985) 533-38-08,user90228@example.ru,Москва,10.04.2025
c91444,Роман Ермаков,+7 (960) 785-61-38,user91444@example.ru,Красноярск,20.10.2024
c91323,Максим Савельев,+7 (971) 449-57-88,user91323@example.ru,Москва,03.05.2025
c100355,Денис Ковальчук,+7 (938) 616-79-85,user100355@example.ru,С.-Петербург,09.05.2025
c105369,Анна Ковальчук,+7 (982) 368-65-09,user105369@example.ru,С.-Петербург,02.10.2024
c92133,Мария Шилова,+7 (953) 622-07-41,user92133@example.ru,Москва,21.11.2025
c91089,Тимур Тихонова,+7 (956) 611-38-94,user91089@example.ru,Екатеринбург,21.11.2025
c91770,Денис Панин,+7 (919) 798-62-57,user91770@example.ru,Казань,29.03.2026
c92364,Полина Ковальчук,+7 (986) 462-96-82,user92364@example.ru,Красноярск,29.05.2024
c91324,Глеб Гордеев,+7 (985) 891-45-12,user91324@example.ru,Красноярск,10.11.2024
c101853,Артур Юдина,+7 (965) 496-12-45,user101853@example.ru,Москва,14.02.2024
c90793,Павел Юдина,+7 (919) 656-86-48,user90793@example.ru,Москва,18.10.2024
c91310,Анна Ковальчук,+7 (973) 806-23-69,user91310@example.ru,Москва,23.09.2025
c90397,Вера Ермаков,+7 (915) 358-34-75,user90397@example.ru,Казань,07.02.2026
c90871,Глеб Ермаков,+7 (917) 305-66-31,user90871@example.ru,Москва,29.11.2024
c91117,Егор Мешков,+7 (943) 425-43-67,user91117@example.ru,Красноярск,16.09.2025
c91498,Лидия Савельев,+7 (994) 707-50-64,user91498@example.ru,С.-Петербург,26.11.2024
c91037,Глеб Белых,+7 (927) 928-75-47,user91037@example.ru,Новосибирск,01.01.2025
c91270,Максим Шилова,+7 (924) 933-66-30,user91270@example.ru,Красноярск,08.04.2026
c92018,Кирилл Мешков,+7 (986) 934-45-51,user92018@example.ru,Москва,06.07.2024
c91936,Алиса Зуева,+7 (963) 242-22-20,user91936@example.ru,С.-Петербург,06.03.2026
c91450,Лидия Осипова,+7 (912) 065-83-99,user91450@example.ru,С.-Петербург,25.02.2026
c91850,Мария Лаптев,+7 (947) 694-49-61,user91850@example.ru,С.-Петербург,31.05.2026
c106209,Полина Юдина,+7 (917) 003-64-90,user106209@example.ru,С.-Петербург,01.01.2025
c91454,Мария Юдина,+7 (994) 089-07-95,user91454@example.ru,Казань,24.02.2026
c91340,Денис Юдина,+7 (969) 985-72-46,user91340@example.ru,Казань,29.07.2024
c90824,Роман Нестеров,+7 (962) 677-70-24,user90824@example.ru,Красноярск,12.06.2026
c104450,Лидия Белых,+7 (932) 926-37-78,user104450@example.ru,Екатеринбург,23.02.2024
c92413,Егор Панин,+7 (991) 137-80-01,user92413@example.ru,Казань,24.03.2026
c92327,Кирилл Нестеров,+7 (945) 412-56-50,user92327@example.ru,Казань,08.11.2024
c92120,Юлия Тихонова,+7 (922) 082-84-76,user92120@example.ru,Екатеринбург,30.11.2024
c90159,Глеб Гордеев,+7 (976) 278-75-24,user90159@example.ru,Красноярск,02.02.2026
c90670,Павел Белых,+7 (912) 951-81-87,user90670@example.ru,Казань,04.03.2024
c91387,Роман Ермаков,+7 (936) 791-45-11,user91387@example.ru,Красноярск,05.05.2025
c90741,Вера Крылов,+7 (929) 153-67-33,user90741@example.ru,Красноярск,11.05.2025
c91622,Игорь Лаптев,+7 (956) 044-56-94,user91622@example.ru,Москва,11.12.2025
c92155,Роман Шилова,+7 (978) 517-28-73,user92155@example.ru,Казань,02.02.2025
c103477,Игорь Ковальчук,+7 (912) 000-08-20,user103477@example.ru,Казань,20.03.2024
c90411,Ольга Панин,+7 (916) 452-08-08,user90411@example.ru,Казань,01.07.2024
c90136,Артур Ермаков,+7 (913) 874-50-61,user90136@example.ru,С.-Петербург,24.08.2025
c91900,Егор Мешков,+7 (915) 231-00-35,user91900@example.ru,Екатеринбург,20.10.2024
c91746,Вера Зуева,+7 (947) 135-12-37,user91746@example.ru,Екатеринбург,06.09.2024
c91603,Елена Ковальчук,+7 (982) 867-55-52,user91603@example.ru,Красноярск,12.01.2026
c91334,Роман Юдина,+7 (980) 529-42-08,user91334@example.ru,С.-Петербург,10.09.2025
c106391,Ольга Сорокина,+7 (917) 325-80-54,user106391@example.ru,С.-Петербург,09.07.2025
c90370,Тимур Панин,+7 (986) 578-24-96,user90370@example.ru,Екатеринбург,15.03.2024
c91014,Мария Зуева,+7 (944) 758-96-14,user91014@example.ru,Красноярск,15.02.2024
c91705,Алиса Осипова,+7 (962) 130-14-21,user91705@example.ru,Красноярск,20.12.2024
c105943,Артур Белых,+7 (931) 756-28-99,user105943@example.ru,Екатеринбург,21.12.2024
c90834,Полина Юдина,+7 (995) 705-68-26,user90834@example.ru,Казань,08.06.2024
c102684,Наталья Тихонова,+7 (986) 655-95-84,user102684@example.ru,Казань,09.04.2025
c90958,Лидия Ковальчук,+7 (940) 379-16-72,user90958@example.ru,Красноярск,27.01.2024
c91748,Кирилл Белых,+7 (917) 074-38-29,user91748@example.ru,Красноярск,10.02.2026
c91823,Мария Ковальчук,+7 (974) 364-45-42,user91823@example.ru,С.-Петербург,12.11.2024
c103798,Артур Зуева,+7 (997) 578-25-43,user103798@example.ru,Красноярск,30.08.2025
c90743,Анна Гордеев,+7 (930) 048-41-80,user90743@example.ru,Новосибирск,09.01.2025
c102428,Павел Шилова,+7 (939) 498-27-93,user102428@example.ru,Казань,09.07.2025
c100575,Глеб Зуева,+7 (956) 773-17-54,user100575@example.ru,С.-Петербург,30.06.2026
c91351,Глеб Савельев,+7 (914) 599-96-99,user91351@example.ru,Красноярск,18.04.2025
c91700,Максим Осипова,+7 (926) 130-44-50,user91700@example.ru,Новосибирск,12.07.2024
c91650,Роман Тихонова,+7 (979) 001-97-13,user91650@example.ru,С.-Петербург,29.06.2025
c92416,Артур Нестеров,+7 (923) 816-67-45,user92416@example.ru,Екатеринбург,01.02.2025
c90565,Ольга Ермаков,+7 (956) 283-90-57,user90565@example.ru,Новосибирск,27.10.2025
c91567,Юлия Ковальчук,+7 (913) 021-26-82,user91567@example.ru,Казань,02.12.2024
c101753,Наталья Юдина,+7 (932) 457-07-06,user101753@example.ru,Красноярск,30.03.2024
c101554,Тимур Нестеров,+7 (998) 994-99-54,user101554@example.ru,Москва,02.05.2025
c103882,Егор Мешков,+7 (918) 527-22-74,user103882@example.ru,Красноярск,28.06.2024
c100950,Егор Шилова,+7 (921) 569-98-79,user100950@example.ru,Красноярск,05.02.2024
c100614,Мария Белых,+7 (963) 551-98-32,user100614@example.ru,Красноярск,06.10.2025
c91619,Игорь Белых,+7 (954) 696-08-60,user91619@example.ru,Казань,14.04.2025
c91462,Глеб Тихонова,+7 (978) 231-95-41,user91462@example.ru,Новосибирск,07.10.2025
c91763,Тимур Тихонова,+7 (951) 743-40-35,user91763@example.ru,Казань,15.02.2026
c90065,Анна Мешков,+7 (993) 671-65-25,user90065@example.ru,Москва,03.11.2024
c91835,Тимур Мешков,+7 (961) 741-55-47,user91835@example.ru,Москва,13.01.2024
c90028,Анна Гордеев,+7 (989) 878-99-82,user90028@example.ru,Новосибирск,28.11.2025
c103135,Лидия Лаптев,+7 (965) 586-20-46,user103135@example.ru,Екатеринбург,12.09.2024
c91553,Егор Ковальчук,+7 (939) 988-70-03,user91553@example.ru,Новосибирск,13.04.2024
c90929,Роман Гордеев,+7 (935) 169-06-07,user90929@example.ru,С.-Петербург,29.04.2024
c90974,Егор Лаптев,+7 (913) 473-83-48,user90974@example.ru,Москва,03.06.2025
c91542,Алиса Панин,+7 (970) 546-44-37,user91542@example.ru,Казань,11.01.2025
c90025,Глеб Панин,+7 (987) 531-21-56,user90025@example.ru,Екатеринбург,25.06.2024
c90998,Глеб Мешков,+7 (992) 253-46-24,user90998@example.ru,Москва,28.02.2026
c90490,Юлия Лаптев,+7 (987) 428-71-02,user90490@example.ru,Казань,06.08.2024
c106032,Глеб Гордеев,+7 (994) 442-30-11,user106032@example.ru,Казань,28.05.2025
c92450,Елена Ермаков,+7 (940) 975-73-75,user92450@example.ru,Красноярск,04.02.2025
c90010,Полина Шилова,+7 (910) 813-88-28,user90010@example.ru,Москва,31.01.2024
c91674,Глеб Гордеев,+7 (913) 576-26-41,user91674@example.ru,С.-Петербург,12.02.2025
c90170,Павел Ермаков,+7 (980) 498-57-91,user90170@example.ru,С.-Петербург,03.07.2025
c100766,Полина Шилова,+7 (934) 553-15-31,user100766@example.ru,Екатеринбург,16.06.2024
c91651,Денис Гордеев,+7 (929) 098-13-09,user91651@example.ru,Красноярск,05.06.2025
c92105,Алиса Панин,+7 (978) 836-19-34,user92105@example.ru,Казань,16.02.2025
c92127,Ольга Тихонова,+7 (950) 465-09-15,user92127@example.ru,Москва,11.12.2024
c91081,Роман Зуева,+7 (925) 007-65-02,user91081@example.ru,С.-Петербург,21.10.2025
c91618,Игорь Лаптев,+7 (970) 987-09-00,user91618@example.ru,Москва,09.06.2025
c92342,Вера Ковальчук,+7 (926) 929-08-71,user92342@example.ru,Казань,10.05.2025
c105206,Денис Крылов,+7 (913) 815-38-33,user105206@example.ru,Красноярск,12.01.2024
c91159,Анна Ковальчук,+7 (953) 494-06-19,user91159@example.ru,С.-Петербург,15.04.2025
c91536,Елена Ермаков,+7 (945) 183-84-52,user91536@example.ru,Казань,03.11.2024
c91461,Наталья Крылов,+7 (970) 472-22-79,user91461@example.ru,Москва,15.08.2024
c90607,Егор Крылов,+7 (951) 184-52-74,user90607@example.ru,Москва,10.06.2025
c102938,Максим Панин,+7 (969) 851-39-27,user102938@example.ru,Красноярск,19.11.2024
c106205,Игорь Белых,+7 (978) 227-22-41,user106205@example.ru,Новосибирск,17.07.2025
c90862,Денис Белых,+7 (997) 517-53-23,user90862@example.ru,С.-Петербург,01.09.2024
c91121,Кирилл Мешков,+7 (992) 927-83-04,user91121@example.ru,Новосибирск,23.04.2026
c91018,Кирилл Крылов,+7 (914) 776-68-46,user91018@example.ru,Москва,24.05.2025
c91110,Вера Гордеев,+7 (945) 101-78-28,user91110@example.ru,Москва,04.06.2025
c90037,Максим Юдина,+7 (999) 691-73-07,user90037@example.ru,Красноярск,27.03.2025
c90644,Максим Сорокина,+7 (945) 579-28-34,user90644@example.ru,Красноярск,13.07.2025
c90182,Максим Юдина,+7 (922) 939-82-95,user90182@example.ru,С.-Петербург,05.10.2025
c105470,Лидия Шилова,+7 (931) 025-38-69,user105470@example.ru,С.-Петербург,03.01.2025
c91824,Максим Ковальчук,+7 (936) 130-59-68,user91824@example.ru,С.-Петербург,05.11.2024
c91727,Тимур Сорокина,+7 (941) 657-26-88,user91727@example.ru,С.-Петербург,25.03.2024
c104841,Мария Лаптев,+7 (995) 587-66-34,user104841@example.ru,Москва,20.03.2025
c91261,Полина Зуева,+7 (991) 281-83-29,user91261@example.ru,Красноярск,18.04.2024
c103614,Юлия Панин,+7 (916) 895-79-49,user103614@example.ru,Красноярск,01.04.2024
c101835,Денис Мешков,+7 (960) 343-86-55,user101835@example.ru,Москва,12.10.2024
c90044,Юлия Панин,+7 (950) 830-90-86,user90044@example.ru,Новосибирск,11.09.2025
c90169,Алиса Крылов,+7 (945) 939-86-29,user90169@example.ru,Екатеринбург,21.09.2025
c100294,Юлия Шилова,+7 (982) 296-97-37,user100294@example.ru,Красноярск,16.08.2025
c90273,Павел Мешков,+7 (911) 439-02-88,user90273@example.ru,Красноярск,30.05.2024
c92265,Кирилл Савельев,+7 (949) 947-20-23,user92265@example.ru,Москва,17.07.2024
c91789,Наталья Савельев,+7 (964) 240-77-93,user91789@example.ru,Екатеринбург,06.10.2024
c91819,Елена Нестеров,+7 (998) 944-15-46,user91819@example.ru,С.-Петербург,30.12.2024
c104618,Глеб Тихонова,+7 (987) 231-19-17,user104618@example.ru,Красноярск,01.07.2025
c91332,Наталья Мешков,+7 (918) 178-48-47,user91332@example.ru,Красноярск,19.10.2025
c90655,Юлия Ковальчук,+7 (917) 526-29-83,user90655@example.ru,Красноярск,26.05.2025
c91658,Ольга Савельев,+7 (959) 303-03-54,user91658@example.ru,Казань,29.03.2024
c103599,Максим Мешков,+7 (928) 589-93-81,user103599@example.ru,Москва,15.04.2024
c102547,Игорь Шилова,+7 (916) 721-06-29,user102547@example.ru,С.-Петербург,19.08.2025
c105718,Лидия Тихонова,+7 (968) 112-42-08,user105718@example.ru,Москва,01.10.2025
c91271,Наталья Шилова,+7 (914) 563-93-62,user91271@example.ru,Казань,06.06.2024
c91662,Ольга Зуева,+7 (959) 906-38-29,user91662@example.ru,Красноярск,12.11.2024
c104807,Тимур Мешков,+7 (958) 250-90-85,user104807@example.ru,Казань,01.11.2024
c91237,Мария Осипова,+7 (982) 640-84-40,user91237@example.ru,Москва,19.07.2025
c92326,Роман Гордеев,+7 (993) 496-99-20,user92326@example.ru,Красноярск,25.03.2024
c90466,Максим Зуева,+7 (967) 796-61-30,user90466@example.ru,Красноярск,14.03.2024
c90147,Роман Зуева,+7 (943) 151-47-31,user90147@example.ru,Екатеринбург,16.08.2024
c90846,Кирилл Осипова,+7 (983) 356-62-83,user90846@example.ru,Екатеринбург,16.07.2025
c90622,Денис Нестеров,+7 (952) 549-15-66,user90622@example.ru,С.-Петербург,20.07.2025
c92396,Тимур Лаптев,+7 (960) 054-18-31,user92396@example.ru,Новосибирск,07.08.2025
c92331,Игорь Ермаков,+7 (999) 181-38-37,user92331@example.ru,Москва,13.09.2025
c104038,Глеб Лаптев,+7 (936) 292-41-41,user104038@example.ru,Москва,07.01.2025
c101891,Елена Ковальчук,+7 (985) 418-17-07,user101891@example.ru,Казань,23.03.2024
c90255,Егор Ковальчук,+7 (930) 577-15-46,user90255@example.ru,С.-Петербург,02.03.2025
c92454,Егор Ковальчук,+7 (997) 924-56-31,user92454@example.ru,Новосибирск,03.02.2025
c90991,Полина Зуева,+7 (984) 999-15-11,user90991@example.ru,Казань,14.07.2025
c90478,Денис Лаптев,+7 (921) 985-60-55,user90478@example.ru,Екатеринбург,29.07.2025
c91693,Алиса Савельев,+7 (986) 713-80-71,user91693@example.ru,Новосибирск,17.08.2024
c105888,Полина Панин,+7 (943) 337-15-05,user105888@example.ru,Казань,25.11.2025
c90427,Артур Сорокина,+7 (980) 740-99-81,user90427@example.ru,С.-Петербург,18.02.2024
c91605,Наталья Крылов,+7 (972) 615-84-10,user91605@example.ru,Казань,04.06.2025
c91737,Полина Зуева,+7 (945) 351-99-75,user91737@example.ru,С.-Петербург,12.12.2025
c91472,Денис Тихонова,+7 (983) 411-54-31,user91472@example.ru,Новосибирск,28.03.2025
c105122,Ольга Нестеров,+7 (957) 448-33-91,user105122@example.ru,Новосибирск,28.05.2024
c91898,Артур Ковальчук,+7 (962) 118-77-31,user91898@example.ru,Москва,18.06.2024
c91743,Анна Шилова,+7 (999) 788-64-36,user91743@example.ru,Екатеринбург,06.11.2025
c91712,Павел Осипова,+7 (927) 463-61-92,user91712@example.ru,Казань,03.05.2024
c92279,Артур Ермаков,+7 (975) 570-10-23,user92279@example.ru,Казань,13.02.2024
c91389,Полина Сорокина,+7 (994) 674-05-85,user91389@example.ru,Новосибирск,17.11.2024
c90192,Наталья Гордеев,+7 (964) 087-60-05,user90192@example.ru,Казань,13.02.2026
c102776,Глеб Ермаков,+7 (947) 399-07-34,user102776@example.ru,Москва,01.09.2024
c90036,Полина Ермаков,+7 (960) 178-57-12,user90036@example.ru,Красноярск,15.11.2025
c90980,Ольга Юдина,+7 (970) 341-59-74,user90980@example.ru,Казань,11.02.2026
c105333,Вера Белых,+7 (975) 641-06-45,user105333@example.ru,Новосибирск,21.04.2024
c90177,Полина Сорокина,+7 (952) 698-12-16,user90177@example.ru,Красноярск,26.02.2025
c91429,Елена Юдина,+7 (913) 092-89-22,user91429@example.ru,Казань,24.08.2025
c103807,Павел Шилова,+7 (959) 976-32-49,user103807@example.ru,Екатеринбург,21.05.2026
c91075,Полина Шилова,+7 (923) 233-48-66,user91075@example.ru,Красноярск,06.02.2024
c101787,Глеб Зуева,+7 (929) 651-51-87,user101787@example.ru,Красноярск,29.05.2024
c91286,Лидия Осипова,+7 (927) 619-97-57,user91286@example.ru,Екатеринбург,22.09.2025
c100894,Юлия Гордеев,+7 (939) 964-25-78,user100894@example.ru,Казань,06.06.2025
c101559,Артур Осипова,+7 (920) 006-62-82,user101559@example.ru,Екатеринбург,05.12.2025
c90401,Егор Ковальчук,+7 (996) 877-03-61,user90401@example.ru,С.-Петербург,17.06.2025
c90356,Максим Тихонова,+7 (991) 045-90-38,user90356@example.ru,Красноярск,02.06.2025
c91189,Тимур Юдина,+7 (916) 188-46-97,user91189@example.ru,Москва,04.03.2025
c91815,Роман Сорокина,+7 (970) 791-02-53,user91815@example.ru,Новосибирск,13.04.2026
c90471,Игорь Панин,+7 (958) 887-48-15,user90471@example.ru,Екатеринбург,05.01.2025
c91308,Елена Ковальчук,+7 (927) 749-74-27,user91308@example.ru,Новосибирск,25.01.2025
c91634,Павел Шилова,+7 (967) 174-91-33,user91634@example.ru,Екатеринбург,09.02.2025
c102574,Полина Осипова,+7 (920) 539-89-06,user102574@example.ru,Красноярск,19.01.2025
c105132,Тимур Ермаков,+7 (987) 003-16-50,user105132@example.ru,Красноярск,01.02.2024
c103468,Наталья Лаптев,+7 (970) 311-36-75,user103468@example.ru,Казань,28.01.2024
c90142,Елена Юдина,+7 (913) 792-62-22,user90142@example.ru,Казань,25.06.2024
c104692,Полина Сорокина,+7 (972) 410-42-29,user104692@example.ru,Екатеринбург,14.10.2025
c92084,Мария Тихонова,+7 (932) 362-33-96,user92084@example.ru,Красноярск,05.06.2024
c92389,Алиса Гордеев,+7 (976) 302-79-51,user92389@example.ru,Екатеринбург,20.02.2026
c90183,Мария Сорокина,+7 (990) 117-45-43,user90183@example.ru,С.-Петербург,23.01.2024
c103179,Глеб Панин,+7 (912) 580-39-91,user103179@example.ru,Новосибирск,12.02.2024
c106474,Кирилл Осипова,+7 (933) 046-48-11,user106474@example.ru,Москва,02.10.2025
c91793,Глеб Нестеров,+7 (958) 705-55-03,user91793@example.ru,Казань,12.06.2026
c90580,Ольга Мешков,+7 (915) 460-22-50,user90580@example.ru,Москва,28.08.2024
c100311,Егор Сорокина,+7 (959) 984-84-27,user100311@example.ru,Москва,02.06.2024
c90968,Вера Крылов,+7 (969) 856-75-45,user90968@example.ru,Красноярск,26.03.2024
c92443,Глеб Нестеров,+7 (972) 523-99-20,user92443@example.ru,Екатеринбург,15.03.2024
c90241,Алиса Нестеров,+7 (973) 875-56-89,user90241@example.ru,Екатеринбург,19.06.2025
c100535,Ольга Белых,+7 (936) 724-33-26,user100535@example.ru,Красноярск,30.06.2026
c106432,Максим Лаптев,+7 (940) 167-85-36,user106432@example.ru,Красноярск,31.10.2025
c91848,Наталья Сорокина,+7 (953) 191-95-48,user91848@example.ru,Красноярск,28.10.2024
c91341,Тимур Зуева,+7 (921) 725-52-61,user91341@example.ru,Красноярск,05.11.2025
c101683,Кирилл Зуева,+7 (999) 251-98-70,user101683@example.ru,Екатеринбург,20.07.2024
c92278,Павел Крылов,+7 (967) 098-95-11,user92278@example.ru,Екатеринбург,27.09.2025
c90984,Полина Крылов,+7 (998) 543-10-51,user90984@example.ru,Москва,16.11.2024
c103805,Егор Савельев,+7 (977) 227-44-09,user103805@example.ru,Красноярск,23.02.2025
c90258,Павел Сорокина,+7 (924) 497-02-73,user90258@example.ru,Красноярск,01.06.2026
c92204,Игорь Лаптев,+7 (935) 736-45-99,user92204@example.ru,Казань,28.03.2026
c91828,Мария Юдина,+7 (949) 939-13-54,user91828@example.ru,Екатеринбург,27.04.2024
c90797,Роман Крылов,+7 (994) 280-09-00,user90797@example.ru,Красноярск,16.09.2025
c91448,Артур Ковальчук,+7 (961) 665-11-74,user91448@example.ru,Москва,15.10.2024
c91702,Павел Мешков,+7 (921) 689-46-65,user91702@example.ru,Новосибирск,28.09.2025
c91776,Роман Крылов,+7 (927) 770-29-18,user91776@example.ru,Красноярск,30.01.2026
c91741,Лидия Осипова,+7 (924) 925-41-15,user91741@example.ru,Казань,19.02.2024
c91669,Кирилл Лаптев,+7 (925) 324-22-68,user91669@example.ru,Новосибирск,13.08.2024
c105295,Анна Мешков,+7 (962) 832-76-21,user105295@example.ru,Москва,26.08.2024
c106573,Артур Нестеров,+7 (974) 881-03-99,user106573@example.ru,Казань,14.09.2024
c90346,Кирилл Юдина,+7 (989) 173-38-70,user90346@example.ru,Казань,16.08.2024
c90835,Наталья Юдина,+7 (999) 483-84-67,user90835@example.ru,Екатеринбург,23.07.2025
c90772,Игорь Сорокина,+7 (948) 800-35-65,user90772@example.ru,Казань,28.02.2025
c91102,Юлия Панин,+7 (995) 081-77-81,user91102@example.ru,Казань,28.02.2026
c103048,Игорь Шилова,+7 (977) 571-05-36,user103048@example.ru,Новосибирск,15.07.2025
c91901,Лидия Крылов,+7 (960) 206-53-85,user91901@example.ru,Москва,23.07.2025
c90677,Игорь Гордеев,+7 (939) 239-04-19,user90677@example.ru,Екатеринбург,04.04.2025
c92333,Роман Гордеев,+7 (994) 280-99-71,user92333@example.ru,Екатеринбург,21.12.2025
c91217,Игорь Нестеров,+7 (988) 808-15-92,user91217@example.ru,Москва,09.06.2024
c104621,Егор Осипова,+7 (977) 317-02-66,user104621@example.ru,Новосибирск,26.10.2025
c90084,Мария Белых,+7 (930) 065-41-91,user90084@example.ru,Казань,05.09.2025
c90911,Юлия Ермаков,+7 (995) 537-06-50,user90911@example.ru,Казань,27.09.2025
c103373,Кирилл Крылов,+7 (979) 176-44-71,user103373@example.ru,Москва,18.08.2025
c90742,Полина Осипова,+7 (977) 638-42-79,user90742@example.ru,Екатеринбург,10.08.2024
c90344,Егор Мешков,+7 (953) 242-98-92,user90344@example.ru,Новосибирск,14.09.2025
c91218,Полина Осипова,+7 (986) 828-27-68,user91218@example.ru,Новосибирск,22.09.2025
c104832,Кирилл Шилова,+7 (966) 482-26-25,user104832@example.ru,Казань,06.05.2026
c105460,Денис Ковальчук,+7 (998) 955-42-49,user105460@example.ru,Москва,18.12.2024
c105300,Максим Ковальчук,+7 (946) 077-14-42,user105300@example.ru,Новосибирск,07.11.2024
c90386,Глеб Савельев,+7 (973) 585-85-86,user90386@example.ru,С.-Петербург,25.12.2025
c91742,Анна Зуева,+7 (993) 668-19-83,user91742@example.ru,Москва,07.02.2026
c91303,Кирилл Шилова,+7 (978) 929-94-43,user91303@example.ru,Екатеринбург,04.07.2025
c104573,Ольга Лаптев,+7 (926) 965-26-49,user104573@example.ru,Казань,09.12.2024
c102705,Мария Тихонова,+7 (987) 123-31-80,user102705@example.ru,Москва,21.02.2026
c104566,Денис Шилова,+7 (910) 062-26-89,user104566@example.ru,Москва,02.06.2025
c103869,Алиса Юдина,+7 (959) 654-09-43,user103869@example.ru,Екатеринбург,29.08.2025
c90458,Роман Нестеров,+7 (998) 410-06-57,user90458@example.ru,Новосибирск,26.07.2025
c92099,Тимур Юдина,+7 (916) 738-52-60,user92099@example.ru,Красноярск,30.05.2025
c100508,Игорь Зуева,+7 (975) 341-49-59,user100508@example.ru,Екатеринбург,23.09.2024
c91483,Егор Юдина,+7 (925) 303-97-90,user91483@example.ru,Екатеринбург,06.02.2024
c92199,Роман Ермаков,+7 (956) 549-71-58,user92199@example.ru,Новосибирск,03.03.2024
c100451,Анна Белых,+7 (942) 455-38-26,user100451@example.ru,Красноярск,24.06.2024
c90246,Роман Шилова,+7 (984) 286-44-82,user90246@example.ru,Казань,02.10.2024
c92085,Кирилл Зуева,+7 (942) 185-62-10,user92085@example.ru,Екатеринбург,19.11.2025
c91250,Тимур Тихонова,+7 (929) 084-36-00,user91250@example.ru,Москва,02.02.2024
c104443,Денис Тихонова,+7 (930) 083-23-68,user104443@example.ru,Екатеринбург,02.10.2024
c105171,Глеб Ковальчук,+7 (985) 089-19-04,user105171@example.ru,Новосибирск,10.07.2025
c90053,Вера Шилова,+7 (962) 193-00-09,user90053@example.ru,Казань,27.06.2025
c90647,Артур Тихонова,+7 (956) 572-41-19,user90647@example.ru,Новосибирск,30.10.2025
c91100,Максим Юдина,+7 (998) 737-65-81,user91100@example.ru,С.-Петербург,08.02.2024
c90233,Алиса Белых,+7 (992) 076-38-22,user90233@example.ru,Красноярск,01.07.2024
c90511,Алиса Зуева,+7 (984) 798-84-98,user90511@example.ru,Москва,03.09.2024
c90047,Алиса Нестеров,+7 (926) 637-58-60,user90047@example.ru,Казань,28.07.2024
c91756,Полина Мешков,+7 (922) 646-56-52,user91756@example.ru,Москва,13.05.2025
c105404,Игорь Тихонова,+7 (992) 232-60-88,user105404@example.ru,Казань,12.05.2026
c90234,Глеб Панин,+7 (965) 545-80-11,user90234@example.ru,Екатеринбург,21.03.2025
c92006,Максим Лаптев,+7 (942) 737-38-54,user92006@example.ru,Красноярск,25.03.2024
c106758,Егор Тихонова,+7 (935) 615-36-55,user106758@example.ru,Москва,10.09.2025
c91717,Мария Ермаков,+7 (973) 583-39-21,user91717@example.ru,С.-Петербург,13.06.2026
c90689,Елена Ковальчук,+7 (941) 535-03-39,user90689@example.ru,Казань,17.11.2024
c102443,Анна Шилова,+7 (945) 342-83-32,user102443@example.ru,Красноярск,28.04.2026
c90128,Мария Лаптев,+7 (984) 495-68-66,user90128@example.ru,Екатеринбург,23.10.2024
c90079,Полина Шилова,+7 (911) 769-56-12,user90079@example.ru,Красноярск,17.05.2024
c90972,Денис Гордеев,+7 (970) 680-88-70,user90972@example.ru,Екатеринбург,15.11.2025
c91922,Мария Савельев,+7 (949) 768-64-28,user91922@example.ru,Екатеринбург,05.05.2026
c101007,Глеб Тихонова,+7 (915) 635-35-49,user101007@example.ru,Красноярск,11.11.2025
c91895,Елена Белых,+7 (975) 127-38-98,user91895@example.ru,Москва,20.03.2026
c100085,Павел Тихонова,+7 (948) 227-76-54,user100085@example.ru,Казань,16.11.2025
c90089,Кирилл Осипова,+7 (984) 483-44-34,user90089@example.ru,Красноярск,21.03.2025
c90736,Ольга Сорокина,+7 (955) 221-60-18,user90736@example.ru,Екатеринбург,03.06.2024
c91424,Лидия Сорокина,+7 (992) 254-44-52,user91424@example.ru,Казань,06.03.2024
c91143,Юлия Тихонова,+7 (917) 406-25-57,user91143@example.ru,Красноярск,13.05.2025
c91667,Роман Нестеров,+7 (998) 039-64-97,user91667@example.ru,Москва,01.05.2025
c91897,Игорь Крылов,+7 (981) 675-75-01,user91897@example.ru,Москва,12.06.2024
c90938,Лидия Белых,+7 (916) 460-09-23,user90938@example.ru,Новосибирск,15.12.2024
c90413,Денис Крылов,+7 (963) 075-89-21,user90413@example.ru,Москва,13.11.2025
c91972,Елена Лаптев,+7 (917) 074-32-23,user91972@example.ru,Екатеринбург,05.12.2025
c106559,Тимур Крылов,+7 (963) 351-14-69,user106559@example.ru,Новосибирск,30.01.2025
c104137,Вера Панин,+7 (973) 881-29-86,user104137@example.ru,С.-Петербург,02.02.2025
c91012,Егор Панин,+7 (953) 611-47-60,user91012@example.ru,Красноярск,16.10.2024
c106744,Полина Ермаков,+7 (918) 786-79-83,user106744@example.ru,Новосибирск,13.06.2025
c103554,Денис Панин,+7 (969) 943-56-08,user103554@example.ru,Казань,08.11.2024
c91379,Вера Лаптев,+7 (931) 590-35-00,user91379@example.ru,Казань,03.10.2025
c90531,Вера Ермаков,+7 (980) 003-07-88,user90531@example.ru,Москва,04.01.2026
c91338,Роман Ермаков,+7 (947) 776-95-75,user91338@example.ru,Красноярск,12.07.2025
c92017,Роман Зуева,+7 (925) 452-59-65,user92017@example.ru,Казань,18.07.2025
c92207,Кирилл Савельев,+7 (914) 229-87-13,user92207@example.ru,Екатеринбург,22.10.2024
c91810,Игорь Осипова,+7 (944) 512-67-63,user91810@example.ru,Екатеринбург,01.01.2026
c92030,Ольга Осипова,+7 (978) 130-11-72,user92030@example.ru,Москва,18.04.2024
c90953,Максим Савельев,+7 (972) 735-21-60,user90953@example.ru,Новосибирск,09.04.2026
c91509,Максим Ермаков,+7 (962) 384-00-42,user91509@example.ru,С.-Петербург,11.11.2024
c92201,Елена Гордеев,+7 (968) 392-72-42,user92201@example.ru,Новосибирск,16.07.2025
c91158,Мария Ковальчук,+7 (954) 641-21-16,user91158@example.ru,Москва,19.05.2024
c90643,Артур Юдина,+7 (962) 714-99-84,user90643@example.ru,Казань,07.01.2026
c92287,Артур Юдина,+7 (982) 447-33-29,user92287@example.ru,С.-Петербург,17.08.2025
c103545,Павел Тихонова,+7 (962) 776-74-68,user103545@example.ru,Красноярск,26.10.2024
c90695,Полина Ковальчук,+7 (922) 331-38-53,user90695@example.ru,Екатеринбург,31.07.2024
c91122,Лидия Белых,+7 (979) 990-64-79,user91122@example.ru,Новосибирск,07.04.2026
c90171,Глеб Савельев,+7 (913) 285-15-90,user90171@example.ru,Екатеринбург,20.12.2024
c92249,Елена Ковальчук,+7 (976) 212-30-05,user92249@example.ru,Екатеринбург,21.10.2024
c105898,Ольга Ковальчук,+7 (924) 177-76-93,user105898@example.ru,Красноярск,30.07.2024
c92285,Полина Сорокина,+7 (951) 564-81-66,user92285@example.ru,Москва,13.01.2024
c91784,Тимур Юдина,+7 (965) 580-32-66,user91784@example.ru,Москва,17.06.2024
c92144,Лидия Панин,+7 (922) 782-10-14,user92144@example.ru,Екатеринбург,10.09.2025
c91540,Максим Панин,+7 (965) 474-43-66,user91540@example.ru,Новосибирск,13.09.2024
c91606,Егор Ковальчук,+7 (991) 416-55-36,user91606@example.ru,Москва,15.06.2025
c105839,Роман Белых,+7 (976) 663-79-44,user105839@example.ru,Новосибирск,10.05.2026
c91706,Павел Мешков,+7 (940) 771-63-28,user91706@example.ru,С.-Петербург,10.02.2026
c92142,Кирилл Нестеров,+7 (930) 138-15-54,user92142@example.ru,Красноярск,14.03.2026
c90928,Полина Осипова,+7 (998) 591-50-43,user90928@example.ru,Екатеринбург,21.02.2024
c101404,Егор Панин,+7 (914) 032-19-00,user101404@example.ru,Екатеринбург,22.02.2025
c90167,Денис Гордеев,+7 (954) 619-44-14,user90167@example.ru,Екатеринбург,19.02.2025
c92024,Денис Юдина,+7 (923) 474-10-64,user92024@example.ru,С.-Петербург,24.03.2026
c90095,Вера Савельев,+7 (960) 669-45-57,user90095@example.ru,Новосибирск,29.03.2024
c105449,Юлия Савельев,+7 (964) 205-01-71,user105449@example.ru,Екатеринбург,13.09.2025
c90576,Вера Ковальчук,+7 (988) 901-65-85,user90576@example.ru,Екатеринбург,21.06.2024
c90190,Лидия Нестеров,+7 (940) 949-95-59,user90190@example.ru,Казань,03.05.2026
c91115,Егор Гордеев,+7 (917) 673-97-44,user91115@example.ru,Новосибирск,08.04.2024
c100478,Вера Тихонова,+7 (956) 333-29-11,user100478@example.ru,Москва,07.11.2024
c91269,Ольга Ковальчук,+7 (934) 684-76-38,user91269@example.ru,С.-Петербург,19.11.2024
c90520,Роман Тихонова,+7 (947) 191-64-44,user90520@example.ru,Москва,18.03.2024
c90986,Павел Крылов,+7 (968) 185-89-76,user90986@example.ru,С.-Петербург,19.04.2026
c103487,Вера Сорокина,+7 (918) 359-73-45,user103487@example.ru,Красноярск,21.04.2024
c90870,Тимур Ковальчук,+7 (918) 650-45-46,user90870@example.ru,Москва,20.09.2024
c91643,Павел Савельев,+7 (974) 169-51-26,user91643@example.ru,С.-Петербург,25.10.2024
c105235,Анна Гордеев,+7 (927) 996-59-21,user105235@example.ru,Новосибирск,14.04.2024
c90910,Анна Зуева,+7 (936) 662-24-21,user90910@example.ru,Москва,09.10.2025
c90057,Елена Шилова,+7 (961) 690-21-52,user90057@example.ru,Новосибирск,25.08.2024
c90070,Артур Гордеев,+7 (945) 355-30-53,user90070@example.ru,С.-Петербург,01.01.2025
c104159,Ольга Мешков,+7 (981) 177-34-55,user104159@example.ru,С.-Петербург,15.06.2026
c100022,Максим Лаптев,+7 (916) 363-85-99,user100022@example.ru,Москва,06.03.2024
c91491,Лидия Сорокина,+7 (921) 920-12-55,user91491@example.ru,Новосибирск,04.02.2026
c91565,Ольга Шилова,+7 (924) 996-29-37,user91565@example.ru,Красноярск,16.09.2024
c90997,Игорь Осипова,+7 (919) 178-27-75,user90997@example.ru,Казань,18.05.2024
c91113,Егор Юдина,+7 (937) 794-15-78,user91113@example.ru,С.-Петербург,30.10.2025
c100796,Юлия Крылов,+7 (975) 180-57-11,user100796@example.ru,Красноярск,13.07.2024
c106486,Кирилл Нестеров,+7 (912) 954-89-69,user106486@example.ru,С.-Петербург,29.09.2025
c91790,Наталья Сорокина,+7 (976) 472-90-93,user91790@example.ru,Москва,01.07.2025
c106134,Глеб Ковальчук,+7 (915) 951-96-74,user106134@example.ru,Екатеринбург,14.09.2024
c92054,Полина Осипова,+7 (998) 837-88-57,user92054@example.ru,С.-Петербург,18.05.2026
c91163,Кирилл Лаптев,+7 (999) 989-25-63,user91163@example.ru,Красноярск,27.05.2024
c92296,Егор Юдина,+7 (921) 623-04-85,user92296@example.ru,С.-Петербург,02.03.2025
c100247,Вера Ковальчук,+7 (942) 584-58-26,user100247@example.ru,С.-Петербург,20.06.2026
c91576,Наталья Тихонова,+7 (988) 853-25-57,user91576@example.ru,Екатеринбург,23.04.2024
c90667,Глеб Нестеров,+7 (919) 311-25-10,user90667@example.ru,Красноярск,28.03.2024
c92442,Максим Лаптев,+7 (964) 110-92-82,user92442@example.ru,Москва,27.02.2024
c91264,Кирилл Осипова,+7 (960) 055-02-54,user91264@example.ru,Екатеринбург,09.10.2024
c91962,Артур Лаптев,+7 (977) 044-25-68,user91962@example.ru,С.-Петербург,15.03.2024
c90641,Егор Гордеев,+7 (948) 348-34-42,user90641@example.ru,Казань,15.01.2026
c90221,Лидия Гордеев,+7 (922) 841-21-71,user90221@example.ru,Новосибирск,04.11.2025
c90052,Юлия Гордеев,+7 (975) 214-08-51,user90052@example.ru,Новосибирск,13.01.2026
c92219,Игорь Мешков,+7 (955) 124-91-22,user92219@example.ru,Красноярск,10.08.2024
c106074,Максим Мешков,+7 (937) 845-14-23,user106074@example.ru,Екатеринбург,02.03.2026
c91686,Вера Белых,+7 (960) 997-95-52,user91686@example.ru,Казань,30.07.2024
c102562,Алиса Юдина,+7 (983) 511-26-13,user102562@example.ru,Красноярск,29.02.2024
c91677,Наталья Сорокина,+7 (945) 361-52-84,user91677@example.ru,Екатеринбург,03.02.2024
c90311,Максим Шилова,+7 (975) 864-86-05,user90311@example.ru,Новосибирск,04.10.2025
c91357,Игорь Осипова,+7 (965) 200-65-25,user91357@example.ru,С.-Петербург,26.11.2024
c91496,Мария Юдина,+7 (987) 908-93-41,user91496@example.ru,Новосибирск,15.07.2024
c90382,Кирилл Ковальчук,+7 (987) 215-76-92,user90382@example.ru,С.-Петербург,04.07.2025
c90656,Денис Шилова,+7 (925) 853-24-41,user90656@example.ru,Казань,24.02.2024
c91613,Денис Лаптев,+7 (998) 233-75-98,user91613@example.ru,Екатеринбург,16.12.2024
c91534,Вера Тихонова,+7 (973) 281-68-60,user91534@example.ru,Новосибирск,17.04.2024
c92076,Глеб Ермаков,+7 (993) 876-12-14,user92076@example.ru,Казань,30.01.2024
c92119,Юлия Ковальчук,+7 (922) 181-59-20,user92119@example.ru,Новосибирск,25.07.2025
c104873,Денис Шилова,+7 (990) 527-82-51,user104873@example.ru,Красноярск,07.12.2025
c92339,Наталья Крылов,+7 (910) 989-45-45,user92339@example.ru,Новосибирск,25.02.2024
c90114,Вера Нестеров,+7 (913) 171-26-74,user90114@example.ru,Москва,22.04.2026
c90918,Глеб Мешков,+7 (922) 457-08-24,user90918@example.ru,Екатеринбург,14.05.2026
c104790,Денис Гордеев,+7 (979) 213-36-57,user104790@example.ru,С.-Петербург,15.04.2024
c91378,Наталья Ковальчук,+7 (995) 777-57-78,user91378@example.ru,С.-Петербург,25.04.2025
c105961,Анна Осипова,+7 (933) 518-04-34,user105961@example.ru,Красноярск,07.04.2026
c92390,Анна Панин,+7 (943) 171-74-65,user92390@example.ru,Новосибирск,13.09.2024
c90822,Ольга Ковальчук,+7 (931) 049-62-13,user90822@example.ru,С.-Петербург,22.02.2024
c90937,Денис Ермаков,+7 (953) 662-45-23,user90937@example.ru,С.-Петербург,14.02.2026
c91395,Вера Шилова,+7 (953) 545-57-51,user91395@example.ru,С.-Петербург,12.11.2024
c91690,Денис Зуева,+7 (910) 368-99-24,user91690@example.ru,Москва,14.10.2024
c104898,Елена Савельев,+7 (978) 499-47-56,user104898@example.ru,Красноярск,14.12.2025
c91355,Егор Гордеев,+7 (926) 889-80-57,user91355@example.ru,Новосибирск,24.10.2025
c91842,Денис Ковальчук,+7 (951) 322-31-32,user91842@example.ru,Новосибирск,12.04.2026
c92332,Игорь Зуева,+7 (932) 202-42-25,user92332@example.ru,Екатеринбург,27.03.2024
c102759,Наталья Нестеров,+7 (973) 477-38-85,user102759@example.ru,Казань,29.11.2025
c90031,Наталья Ковальчук,+7 (925) 121-31-80,user90031@example.ru,Новосибирск,27.01.2025
c91369,Юлия Шилова,+7 (996) 204-82-44,user91369@example.ru,Казань,25.09.2024
c90829,Анна Шилова,+7 (921) 353-39-67,user90829@example.ru,Екатеринбург,22.06.2026
c91579,Денис Нестеров,+7 (929) 983-90-59,user91579@example.ru,С.-Петербург,29.01.2026
c90713,Павел Мешков,+7 (914) 105-64-19,user90713@example.ru,Москва,13.07.2024
c90424,Полина Зуева,+7 (999) 301-64-24,user90424@example.ru,С.-Петербург,28.01.2026
c92028,Анна Нестеров,+7 (964) 851-75-66,user92028@example.ru,Москва,23.10.2025
c106655,Егор Ковальчук,+7 (955) 691-81-64,user106655@example.ru,Казань,13.07.2025
c90113,Ольга Панин,+7 (924) 094-84-15,user90113@example.ru,Москва,20.06.2024
c92425,Павел Осипова,+7 (996) 424-25-25,user92425@example.ru,Новосибирск,05.09.2025
c91157,Глеб Мешков,+7 (995) 857-18-05,user91157@example.ru,С.-Петербург,14.12.2025
c90543,Елена Лаптев,+7 (925) 079-98-64,user90543@example.ru,Красноярск,12.12.2024
c105558,Алиса Лаптев,+7 (932) 053-95-27,user105558@example.ru,Красноярск,07.10.2025
c91783,Лидия Белых,+7 (984) 533-66-99,user91783@example.ru,Москва,13.08.2024
c103127,Елена Сорокина,+7 (964) 161-44-88,user103127@example.ru,Красноярск,03.02.2026
c101364,Лидия Крылов,+7 (961) 374-98-66,user101364@example.ru,Казань,04.11.2025
c102939,Игорь Лаптев,+7 (995) 186-57-36,user102939@example.ru,Казань,10.07.2025
c90297,Егор Ермаков,+7 (910) 581-86-67,user90297@example.ru,Москва,15.10.2024
c100678,Игорь Мешков,+7 (938) 573-26-81,user100678@example.ru,Новосибирск,02.08.2024
c90877,Артур Юдина,+7 (935) 878-80-80,user90877@example.ru,Казань,15.10.2024
c92435,Елена Панин,+7 (997) 142-59-30,user92435@example.ru,Новосибирск,06.09.2025
c91210,Полина Зуева,+7 (975) 522-63-30,user91210@example.ru,Новосибирск,07.11.2024
c90210,Егор Ковальчук,+7 (943) 368-72-82,user90210@example.ru,Красноярск,25.07.2025
c103273,Егор Ермаков,+7 (941) 211-34-33,user103273@example.ru,Москва,08.04.2024
c104577,Анна Тихонова,+7 (937) 146-57-70,user104577@example.ru,Казань,15.05.2026
c104853,Артур Сорокина,+7 (913) 077-12-79,user104853@example.ru,Новосибирск,02.06.2024
c90080,Роман Ковальчук,+7 (969) 926-37-46,user90080@example.ru,Москва,24.12.2024
c91731,Егор Осипова,+7 (999) 554-35-08,user91731@example.ru,С.-Петербург,05.05.2026
c91416,Максим Мешков,+7 (988) 668-97-86,user91416@example.ru,Красноярск,14.12.2025
c101192,Алиса Нестеров,+7 (919) 151-34-47,user101192@example.ru,Казань,19.08.2025
c92022,Денис Осипова,+7 (911) 395-84-19,user92022@example.ru,Москва,17.10.2024
c105984,Роман Осипова,+7 (955) 816-92-33,user105984@example.ru,С.-Петербург,27.10.2025
c102153,Артур Савельев,+7 (962) 461-91-18,user102153@example.ru,Москва,07.03.2026
c91370,Полина Ермаков,+7 (965) 972-78-92,user91370@example.ru,Екатеринбург,21.05.2026
c102610,Ольга Савельев,+7 (939) 514-48-56,user102610@example.ru,Казань,28.01.2026
c92268,Юлия Нестеров,+7 (964) 965-23-97,user92268@example.ru,Красноярск,14.03.2024
c92216,Игорь Осипова,+7 (923) 469-60-01,user92216@example.ru,Екатеринбург,30.04.2024
c90149,Максим Нестеров,+7 (996) 083-57-36,user90149@example.ru,Новосибирск,12.07.2025
c102469,Алиса Лаптев,+7 (944) 516-09-94,user102469@example.ru,С.-Петербург,26.08.2024
c105334,Игорь Зуева,+7 (910) 784-29-16,user105334@example.ru,Екатеринбург,09.05.2024
c91557,Тимур Ермаков,+7 (941) 201-63-04,user91557@example.ru,Екатеринбург,11.04.2026
c92068,Лидия Лаптев,+7 (928) 074-06-83,user92068@example.ru,Казань,14.03.2024
c92312,Игорь Шилова,+7 (973) 535-81-48,user92312@example.ru,Екатеринбург,05.05.2025
c100438,Елена Савельев,+7 (932) 268-26-76,user100438@example.ru,Москва,05.11.2025
c91063,Алиса Ермаков,+7 (963) 367-87-35,user91063@example.ru,Новосибирск,01.05.2024
c90066,Павел Крылов,+7 (927) 422-31-82,user90066@example.ru,Новосибирск,05.11.2025
c90340,Егор Тихонова,+7 (977) 372-34-02,user90340@example.ru,Москва,20.02.2026
c105841,Полина Панин,+7 (998) 540-64-80,user105841@example.ru,Москва,21.01.2025
c90769,Глеб Сорокина,+7 (962) 672-57-56,user90769@example.ru,Москва,26.01.2025
c91874,Наталья Осипова,+7 (947) 437-23-29,user91874@example.ru,Новосибирск,01.11.2025
c101315,Полина Тихонова,+7 (980) 501-78-08,user101315@example.ru,Москва,07.10.2025
c90845,Кирилл Панин,+7 (960) 053-35-88,user90845@example.ru,Казань,17.01.2026
c91950,Юлия Юдина,+7 (990) 686-06-60,user91950@example.ru,Красноярск,09.10.2025
c100551,Артур Крылов,+7 (984) 237-28-81,user100551@example.ru,Красноярск,26.05.2026
c105809,Максим Юдина,+7 (925) 476-11-18,user105809@example.ru,Екатеринбург,07.09.2025
c90777,Артур Лаптев,+7 (953) 933-19-59,user90777@example.ru,С.-Петербург,28.06.2026
c105599,Алиса Ермаков,+7 (914) 512-21-16,user105599@example.ru,Новосибирск,04.08.2024
c90927,Глеб Нестеров,+7 (956) 640-05-79,user90927@example.ru,Новосибирск,18.05.2024
c104540,Елена Крылов,+7 (953) 146-89-45,user104540@example.ru,Екатеринбург,16.06.2026
c90148,Елена Тихонова,+7 (990) 179-89-63,user90148@example.ru,Новосибирск,23.10.2024
c91445,Роман Нестеров,+7 (913) 054-61-06,user91445@example.ru,Казань,03.02.2024
c90916,Лидия Ковальчук,+7 (986) 643-84-46,user90916@example.ru,С.-Петербург,22.05.2025
c92457,Вера Юдина,+7 (933) 607-24-18,user92457@example.ru,Красноярск,17.11.2025
c90240,Анна Ковальчук,+7 (920) 376-88-43,user90240@example.ru,Екатеринбург,06.06.2026
c91244,Егор Белых,+7 (979) 294-65-53,user91244@example.ru,С.-Петербург,01.09.2024
c92423,Лидия Тихонова,+7 (928) 557-60-26,user92423@example.ru,Новосибирск,14.06.2026
c90651,Игорь Зуева,+7 (964) 698-41-56,user90651@example.ru,Красноярск,14.05.2025
c91636,Игорь Лаптев,+7 (968) 337-52-71,user91636@example.ru,Москва,09.07.2025
c90512,Максим Савельев,+7 (921) 325-76-35,user90512@example.ru,Красноярск,05.07.2024
c90347,Алиса Гордеев,+7 (932) 241-98-08,user90347@example.ru,Москва,16.02.2026
c104010,Ольга Ермаков,+7 (925) 125-12-18,user104010@example.ru,Казань,08.04.2026
c91537,Денис Гордеев,+7 (973) 583-26-40,user91537@example.ru,Новосибирск,06.08.2025
c90707,Елена Ковальчук,+7 (965) 809-96-76,user90707@example.ru,Красноярск,13.12.2024
c90567,Тимур Осипова,+7 (986) 503-63-48,user90567@example.ru,Казань,06.06.2025
c90843,Максим Крылов,+7 (995) 938-90-89,user90843@example.ru,Казань,25.01.2025
c90555,Игорь Савельев,+7 (942) 135-84-46,user90555@example.ru,Казань,03.03.2024
c91892,Юлия Лаптев,+7 (970) 455-98-96,user91892@example.ru,Екатеринбург,06.05.2025
c106674,Артур Панин,+7 (914) 323-33-74,user106674@example.ru,Красноярск,12.11.2024
c91267,Алиса Ковальчук,+7 (956) 491-69-55,user91267@example.ru,Казань,17.01.2024
c91709,Кирилл Сорокина,+7 (941) 304-56-49,user91709@example.ru,Красноярск,12.01.2025
c101141,Егор Юдина,+7 (920) 062-23-73,user101141@example.ru,Екатеринбург,08.05.2024
c90737,Мария Панин,+7 (970) 048-15-31,user90737@example.ru,Казань,02.01.2026
c92355,Ольга Осипова,+7 (929) 914-85-89,user92355@example.ru,С.-Петербург,27.01.2026
c91556,Роман Гордеев,+7 (925) 222-95-46,user91556@example.ru,Казань,11.06.2026
c91111,Лидия Ковальчук,+7 (963) 665-02-71,user91111@example.ru,Москва,02.02.2026
c90934,Елена Тихонова,+7 (998) 719-29-77,user90934@example.ru,Екатеринбург,14.11.2025
c91119,Кирилл Тихонова,+7 (960) 922-15-71,user91119@example.ru,Казань,28.01.2026
c102439,Глеб Юдина,+7 (941) 199-63-93,user102439@example.ru,Красноярск,22.11.2025
c104136,Тимур Юдина,+7 (926) 975-63-85,user104136@example.ru,Новосибирск,09.02.2025
c90882,Максим Осипова,+7 (957) 902-44-27,user90882@example.ru,С.-Петербург,30.08.2024
c90912,Кирилл Зуева,+7 (956) 986-85-49,user90912@example.ru,Новосибирск,22.11.2024
c101413,Роман Белых,+7 (930) 002-09-55,user101413@example.ru,Москва,30.03.2026
c91008,Егор Ермаков,+7 (935) 554-38-41,user91008@example.ru,Красноярск,19.01.2026
c91512,Максим Нестеров,+7 (915) 988-12-49,user91512@example.ru,Новосибирск,13.06.2024
c92113,Елена Лаптев,+7 (932) 630-99-91,user92113@example.ru,Казань,26.12.2025
c91572,Лидия Мешков,+7 (937) 223-53-20,user91572@example.ru,Новосибирск,23.06.2026
c90069,Полина Ермаков,+7 (964) 341-89-44,user90069@example.ru,Красноярск,11.09.2025
c92197,Павел Ковальчук,+7 (997) 680-83-91,user92197@example.ru,Москва,05.02.2025
c91038,Юлия Гордеев,+7 (986) 445-62-61,user91038@example.ru,Москва,23.08.2024
c102686,Денис Осипова,+7 (988) 993-89-98,user102686@example.ru,Москва,27.05.2026
c92478,Полина Ермаков,+7 (984) 952-79-80,user92478@example.ru,Красноярск,08.09.2025
c91711,Роман Сорокина,+7 (955) 091-79-55,user91711@example.ru,Казань,20.11.2024
c92368,Анна Крылов,+7 (942) 123-93-88,user92368@example.ru,С.-Петербург,03.09.2025
c103536,Денис Мешков,+7 (924) 282-05-18,user103536@example.ru,Новосибирск,10.04.2025
c101425,Ольга Гордеев,+7 (974) 574-79-24,user101425@example.ru,С.-Петербург,22.03.2024
c92005,Ольга Тихонова,+7 (918) 960-66-26,user92005@example.ru,С.-Петербург,08.05.2026
c91451,Тимур Крылов,+7 (941) 977-42-92,user91451@example.ru,Казань,26.07.2024
c104942,Елена Тихонова,+7 (913) 174-74-86,user104942@example.ru,Казань,03.10.2024
c104617,Егор Ермаков,+7 (933) 333-79-30,user104617@example.ru,Москва,16.01.2025
c91638,Егор Лаптев,+7 (921) 872-33-22,user91638@example.ru,Екатеринбург,08.06.2026
c91207,Глеб Белых,+7 (924) 664-27-07,user91207@example.ru,Красноярск,01.02.2024
c91126,Денис Сорокина,+7 (937) 524-41-16,user91126@example.ru,Новосибирск,27.04.2025
c92309,Вера Белых,+7 (954) 532-73-30,user92309@example.ru,Москва,22.02.2024
c105382,Лидия Ермаков,+7 (969) 109-04-66,user105382@example.ru,Новосибирск,27.02.2025
c100945,Ольга Сорокина,+7 (927) 162-65-51,user100945@example.ru,Екатеринбург,23.07.2025
c102248,Кирилл Ковальчук,+7 (929) 699-58-05,user102248@example.ru,Красноярск,08.06.2026
c102961,Роман Ковальчук,+7 (979) 977-16-56,user102961@example.ru,Екатеринбург,06.02.2024
c91684,Елена Гордеев,+7 (986) 255-38-70,user91684@example.ru,С.-Петербург,19.07.2024
c92064,Артур Шилова,+7 (937) 668-79-42,user92064@example.ru,Екатеринбург,23.07.2024
c102031,Наталья Крылов,+7 (964) 016-88-67,user102031@example.ru,Екатеринбург,24.02.2026
c91974,Максим Белых,+7 (974) 899-27-49,user91974@example.ru,Екатеринбург,14.05.2024
c91026,Глеб Ермаков,+7 (931) 473-29-31,user91026@example.ru,Новосибирск,12.05.2025
c90418,Глеб Белых,+7 (926) 239-18-71,user90418@example.ru,Новосибирск,12.04.2024
c91197,Мария Лаптев,+7 (935) 891-50-05,user91197@example.ru,Красноярск,17.04.2026
c92462,Максим Осипова,+7 (910) 121-06-85,user92462@example.ru,С.-Петербург,10.05.2025
c91311,Наталья Ермаков,+7 (940) 094-75-62,user91311@example.ru,Москва,20.01.2026
c103812,Юлия Савельев,+7 (990) 225-77-63,user103812@example.ru,Москва,02.03.2025
c91390,Артур Крылов,+7 (929) 489-93-39,user91390@example.ru,Казань,02.07.2024
c90206,Вера Панин,+7 (925) 450-12-10,user90206@example.ru,Москва,19.02.2024
c104047,Артур Юдина,+7 (941) 989-66-09,user104047@example.ru,С.-Петербург,30.11.2024
c105744,Ольга Нестеров,+7 (938) 477-70-14,user105744@example.ru,Красноярск,02.06.2026
c103068,Павел Крылов,+7 (938) 953-58-17,user103068@example.ru,Москва,15.01.2026
c103559,Павел Сорокина,+7 (919) 515-06-73,user103559@example.ru,Екатеринбург,29.10.2024
c91831,Кирилл Тихонова,+7 (922) 797-63-25,user91831@example.ru,Москва,14.08.2025
c92009,Игорь Панин,+7 (960) 540-63-41,user92009@example.ru,Казань,25.07.2025
c91200,Лидия Сорокина,+7 (917) 267-46-58,user91200@example.ru,Красноярск,02.11.2024
c92223,Юлия Панин,+7 (923) 431-92-92,user92223@example.ru,Екатеринбург,20.07.2025
c106688,Полина Лаптев,+7 (999) 053-44-24,user106688@example.ru,Казань,17.01.2024
c91916,Тимур Тихонова,+7 (930) 930-12-93,user91916@example.ru,Казань,18.02.2026
c90982,Наталья Мешков,+7 (993) 599-02-55,user90982@example.ru,Новосибирск,04.02.2024
c91262,Лидия Шилова,+7 (930) 237-95-11,user91262@example.ru,Казань,20.11.2024
c90730,Денис Тихонова,+7 (976) 690-96-43,user90730@example.ru,С.-Петербург,08.05.2025
c91226,Роман Гордеев,+7 (932) 778-13-05,user91226@example.ru,Екатеринбург,25.09.2024
c91317,Елена Сорокина,+7 (992) 911-13-93,user91317@example.ru,Казань,11.03.2024
c104539,Ольга Ковальчук,+7 (954) 607-10-92,user104539@example.ru,Новосибирск,02.05.2026
c104906,Полина Савельев,+7 (954) 309-06-01,user104906@example.ru,Новосибирск,25.04.2025
c91337,Анна Сорокина,+7 (925) 316-91-30,user91337@example.ru,Красноярск,14.02.2025
c90635,Кирилл Ковальчук,+7 (950) 894-34-91,user90635@example.ru,Красноярск,14.01.2025
c91469,Егор Крылов,+7 (911) 002-27-14,user91469@example.ru,С.-Петербург,26.04.2024
c91975,Павел Савельев,+7 (967) 637-56-24,user91975@example.ru,Казань,22.01.2026
c106899,Наталья Савельев,+7 (937) 064-26-81,user106899@example.ru,Казань,30.07.2024
c92377,Игорь Крылов,+7 (977) 387-53-98,user92377@example.ru,Екатеринбург,11.08.2024
c106415,Глеб Савельев,+7 (971) 246-43-74,user106415@example.ru,Красноярск,06.01.2025
c91943,Мария Мешков,+7 (971) 595-77-40,user91943@example.ru,Красноярск,26.04.2024
c100803,Полина Ермаков,+7 (977) 131-32-30,user100803@example.ru,Красноярск,19.04.2025
c92071,Егор Шилова,+7 (981) 043-98-63,user92071@example.ru,Екатеринбург,21.02.2024
c105241,Игорь Ермаков,+7 (935) 406-88-81,user105241@example.ru,Новосибирск,31.01.2025
c92388,Кирилл Ковальчук,+7 (986) 715-82-48,user92388@example.ru,Москва,12.06.2026
c103640,Глеб Зуева,+7 (950) 026-59-98,user103640@example.ru,Красноярск,21.03.2024
c100985,Егор Панин,+7 (953) 236-18-75,user100985@example.ru,Казань,19.08.2025
c101921,Максим Зуева,+7 (939) 928-17-82,user101921@example.ru,Красноярск,26.05.2024
c91404,Юлия Зуева,+7 (922) 790-12-69,user91404@example.ru,Екатеринбург,17.10.2024
c90587,Лидия Мешков,+7 (935) 930-21-36,user90587@example.ru,Красноярск,03.02.2025
c106741,Артур Нестеров,+7 (925) 496-51-62,user106741@example.ru,С.-Петербург,09.06.2025
c102470,Артур Нестеров,+7 (984) 484-30-18,user102470@example.ru,Москва,15.09.2024
c91036,Егор Мешков,+7 (961) 796-49-05,user91036@example.ru,Москва,25.05.2024
c101119,Глеб Сорокина,+7 (993) 704-24-87,user101119@example.ru,Казань,13.12.2024
c105309,Кирилл Гордеев,+7 (966) 586-16-04,user105309@example.ru,С.-Петербург,16.12.2025
c105286,Полина Шилова,+7 (967) 553-55-87,user105286@example.ru,Казань,09.07.2024
c100128,Ольга Панин,+7 (924) 228-91-95,user100128@example.ru,Москва,25.05.2026
c101731,Глеб Сорокина,+7 (995) 166-98-17,user101731@example.ru,Красноярск,30.09.2025
c90134,Наталья Сорокина,+7 (910) 964-29-13,user90134@example.ru,Казань,13.10.2025
c105956,Глеб Тихонова,+7 (945) 010-70-33,user105956@example.ru,Екатеринбург,06.05.2025
c92093,Вера Сорокина,+7 (991) 561-60-23,user92093@example.ru,Красноярск,19.06.2025
c91766,Елена Юдина,+7 (920) 750-13-08,user91766@example.ru,С.-Петербург,26.04.2025
c103441,Игорь Юдина,+7 (995) 578-28-76,user103441@example.ru,Москва,13.03.2025
c91546,Роман Юдина,+7 (954) 654-95-94,user91546@example.ru,С.-Петербург,03.05.2026
c90417,Игорь Зуева,+7 (973) 645-98-85,user90417@example.ru,Красноярск,31.10.2024
c92243,Игорь Юдина,+7 (987) 315-01-73,user92243@example.ru,Москва,20.11.2025
c90970,Вера Юдина,+7 (922) 333-76-16,user90970@example.ru,Красноярск,22.12.2024
c91989,Глеб Савельев,+7 (944) 591-12-09,user91989@example.ru,Новосибирск,20.07.2024
c90197,Наталья Савельев,+7 (998) 730-29-05,user90197@example.ru,Екатеринбург,07.12.2024
c100503,Артур Зуева,+7 (970) 909-84-63,user100503@example.ru,Казань,08.05.2026
c90375,Глеб Нестеров,+7 (977) 085-53-31,user90375@example.ru,Екатеринбург,16.02.2024
c104575,Денис Гордеев,+7 (912) 219-13-88,user104575@example.ru,Новосибирск,18.08.2024
c100345,Артур Тихонова,+7 (910) 064-40-49,user100345@example.ru,Москва,29.09.2025
c102673,Елена Нестеров,+7 (991) 540-12-08,user102673@example.ru,Екатеринбург,16.05.2025
c90665,Глеб Тихонова,+7 (978) 548-25-66,user90665@example.ru,Красноярск,07.06.2024
c90189,Денис Сорокина,+7 (986) 530-32-01,user90189@example.ru,Новосибирск,25.06.2025
c101474,Максим Нестеров,+7 (922) 601-85-78,user101474@example.ru,Новосибирск,19.03.2026
c91165,Артур Гордеев,+7 (923) 188-42-77,user91165@example.ru,Новосибирск,17.07.2025
c91855,Егор Зуева,+7 (936) 844-23-95,user91855@example.ru,Екатеринбург,24.01.2025
c90214,Глеб Панин,+7 (996) 974-96-10,user90214@example.ru,Екатеринбург,24.05.2025
c100889,Ольга Тихонова,+7 (930) 965-42-00,user100889@example.ru,Казань,24.01.2026
c90315,Игорь Осипова,+7 (934) 493-68-27,user90315@example.ru,Новосибирск,05.03.2025
c91970,Юлия Ермаков,+7 (921) 543-02-42,user91970@example.ru,Новосибирск,22.10.2024
c101763,Лидия Тихонова,+7 (951) 322-91-51,user101763@example.ru,Казань,20.07.2024
c90709,Тимур Зуева,+7 (932) 633-05-62,user90709@example.ru,Новосибирск,08.10.2025
c91526,Тимур Осипова,+7 (983) 583-20-24,user91526@example.ru,Екатеринбург,01.04.2025
c91006,Наталья Сорокина,+7 (970) 984-43-53,user91006@example.ru,Красноярск,20.07.2024
c91927,Денис Савельев,+7 (931) 034-68-51,user91927@example.ru,Новосибирск,20.11.2025
c100420,Анна Панин,+7 (998) 012-28-15,user100420@example.ru,Казань,08.12.2024
c90940,Анна Тихонова,+7 (945) 840-42-33,user90940@example.ru,С.-Петербург,13.11.2024
c100685,Тимур Гордеев,+7 (942) 330-84-12,user100685@example.ru,Казань,13.04.2025
c102627,Анна Сорокина,+7 (985) 660-15-79,user102627@example.ru,Красноярск,04.06.2025
c91957,Егор Мешков,+7 (957) 902-04-97,user91957@example.ru,С.-Петербург,15.05.2024
c90546,Денис Ермаков,+7 (912) 304-25-68,user90546@example.ru,Красноярск,21.09.2024
c102669,Полина Осипова,+7 (968) 070-23-75,user102669@example.ru,Казань,23.01.2025
c91926,Алиса Ковальчук,+7 (910) 387-26-81,user91926@example.ru,Казань,29.01.2024
c102758,Ольга Осипова,+7 (921) 376-68-33,user102758@example.ru,Новосибирск,01.10.2025
c90609,Лидия Лаптев,+7 (939) 063-76-76,user90609@example.ru,С.-Петербург,27.11.2025
c100874,Анна Белых,+7 (993) 172-60-72,user100874@example.ru,Москва,18.03.2024
c92045,Елена Нестеров,+7 (963) 973-94-32,user92045@example.ru,Екатеринбург,13.11.2025
c90548,Максим Лаптев,+7 (994) 873-70-20,user90548@example.ru,С.-Петербург,06.03.2026
c91101,Полина Зуева,+7 (965) 886-74-70,user91101@example.ru,Красноярск,02.08.2025
c90357,Юлия Шилова,+7 (997) 221-94-57,user90357@example.ru,Москва,24.04.2026
c91608,Полина Нестеров,+7 (979) 348-85-05,user91608@example.ru,Новосибирск,05.11.2024
c106116,Максим Гордеев,+7 (982) 423-18-79,user106116@example.ru,Казань,26.01.2026
c90493,Максим Ковальчук,+7 (958) 693-60-24,user90493@example.ru,Казань,14.01.2025
c92164,Роман Ковальчук,+7 (945) 346-46-37,user92164@example.ru,Москва,28.09.2024
c90425,Елена Панин,+7 (955) 195-83-05,user90425@example.ru,Красноярск,20.01.2025
c92270,Полина Нестеров,+7 (943) 564-26-34,user92270@example.ru,Красноярск,03.02.2025
c106000,Анна Сорокина,+7 (936) 533-47-72,user106000@example.ru,С.-Петербург,23.11.2024
c91778,Денис Гордеев,+7 (986) 154-07-79,user91778@example.ru,Москва,13.12.2024
c105873,Игорь Ермаков,+7 (990) 906-05-66,user105873@example.ru,Красноярск,29.03.2026
c90435,Глеб Панин,+7 (974) 107-71-13,user90435@example.ru,Казань,08.04.2025
c92367,Глеб Шилова,+7 (980) 232-04-39,user92367@example.ru,Казань,12.10.2024
c90410,Алиса Нестеров,+7 (948) 403-84-49,user90410@example.ru,С.-Петербург,17.01.2024
c100426,Кирилл Мешков,+7 (922) 022-58-69,user100426@example.ru,Казань,12.06.2025
c104578,Мария Савельев,+7 (924) 107-94-30,user104578@example.ru,Новосибирск,25.11.2024
c104503,Глеб Панин,+7 (997) 596-69-31,user104503@example.ru,С.-Петербург,29.06.2024
c106020,Полина Ермаков,+7 (973) 618-33-73,user106020@example.ru,Красноярск,08.05.2025
c91573,Павел Лаптев,+7 (974) 106-93-29,user91573@example.ru,С.-Петербург,04.05.2024
c100042,Анна Зуева,+7 (974) 384-88-99,user100042@example.ru,С.-Петербург,06.07.2025
c106207,Наталья Нестеров,+7 (993) 320-22-23,user106207@example.ru,С.-Петербург,04.12.2024
c91047,Роман Нестеров,+7 (991) 307-27-13,user91047@example.ru,Новосибирск,14.07.2024
c91862,Мария Панин,+7 (943) 664-18-21,user91862@example.ru,Красноярск,16.05.2025
c90371,Елена Лаптев,+7 (914) 133-12-34,user90371@example.ru,Казань,22.05.2024
c101653,Анна Панин,+7 (918) 773-37-37,user101653@example.ru,Казань,14.05.2025
c90722,Артур Шилова,+7 (974) 786-93-50,user90722@example.ru,С.-Петербург,08.09.2024
c90202,Игорь Осипова,+7 (949) 849-11-80,user90202@example.ru,Казань,14.04.2026
c90019,Денис Тихонова,+7 (965) 411-40-79,user90019@example.ru,С.-Петербург,15.01.2025
c102319,Елена Панин,+7 (992) 464-05-01,user102319@example.ru,Казань,24.06.2024
c91147,Максим Осипова,+7 (917) 017-14-50,user91147@example.ru,Екатеринбург,23.02.2024
c90745,Роман Лаптев,+7 (940) 447-04-98,user90745@example.ru,Казань,08.04.2024
c90130,Лидия Зуева,+7 (941) 636-53-30,user90130@example.ru,Екатеринбург,29.11.2024
c90666,Ольга Мешков,+7 (927) 014-18-02,user90666@example.ru,Москва,12.08.2024
c90392,Глеб Белых,+7 (989) 116-71-24,user90392@example.ru,Казань,12.03.2024
c100728,Юлия Белых,+7 (950) 996-05-23,user100728@example.ru,С.-Петербург,02.02.2026
c90658,Вера Шилова,+7 (931) 080-73-75,user90658@example.ru,С.-Петербург,15.10.2025
c91909,Роман Гордеев,+7 (961) 714-25-56,user91909@example.ru,Красноярск,09.03.2024
c90400,Юлия Лаптев,+7 (956) 501-84-52,user90400@example.ru,С.-Петербург,21.02.2026
c91851,Мария Савельев,+7 (997) 772-46-61,user91851@example.ru,Екатеринбург,22.11.2024
c106229,Лидия Ковальчук,+7 (931) 310-47-55,user106229@example.ru,Новосибирск,02.10.2025
c91738,Юлия Юдина,+7 (996) 630-28-20,user91738@example.ru,Новосибирск,05.04.2025
c90603,Алиса Юдина,+7 (945) 817-86-89,user90603@example.ru,Новосибирск,27.03.2024
c91215,Тимур Ковальчук,+7 (921) 985-03-47,user91215@example.ru,Москва,04.03.2025
c91799,Лидия Гордеев,+7 (936) 030-85-60,user91799@example.ru,Москва,15.11.2024
c90755,Роман Ковальчук,+7 (942) 558-78-68,user90755@example.ru,С.-Петербург,23.05.2024
c100223,Анна Белых,+7 (911) 236-48-27,user100223@example.ru,Екатеринбург,30.03.2024
c90290,Кирилл Мешков,+7 (912) 076-01-78,user90290@example.ru,Казань,04.05.2024
c91846,Роман Белых,+7 (919) 472-39-99,user91846@example.ru,Екатеринбург,15.08.2024
c90263,Юлия Савельев,+7 (929) 051-89-70,user90263@example.ru,Москва,29.06.2024
c90086,Павел Лаптев,+7 (972) 023-05-53,user90086@example.ru,Москва,21.12.2024
c91178,Игорь Нестеров,+7 (969) 076-77-15,user91178@example.ru,Екатеринбург,11.09.2024
c92420,Кирилл Сорокина,+7 (932) 880-21-05,user92420@example.ru,Красноярск,21.08.2025
c92083,Артур Нестеров,+7 (932) 248-23-29,user92083@example.ru,Екатеринбург,15.06.2025
c92215,Ольга Белых,+7 (963) 002-41-75,user92215@example.ru,С.-Петербург,23.02.2024
c91678,Ольга Лаптев,+7 (956) 517-87-34,user91678@example.ru,Екатеринбург,12.02.2025
c103231,Анна Мешков,+7 (993) 765-83-05,user103231@example.ru,Новосибирск,20.08.2025
c90942,Лидия Гордеев,+7 (910) 256-73-74,user90942@example.ru,С.-Петербург,16.06.2026
c91346,Юлия Нестеров,+7 (985) 036-97-90,user91346@example.ru,Казань,24.11.2025
c102734,Елена Лаптев,+7 (910) 635-23-83,user102734@example.ru,Москва,25.12.2025
c90285,Елена Нестеров,+7 (972) 578-52-48,user90285@example.ru,Новосибирск,11.08.2025
c105671,Полина Шилова,+7 (976) 353-51-00,user105671@example.ru,Казань,22.05.2024
c92211,Алиса Шилова,+7 (960) 516-88-50,user92211@example.ru,Екатеринбург,06.07.2024
c90560,Денис Сорокина,+7 (934) 182-30-91,user90560@example.ru,Москва,24.02.2024
c91260,Юлия Осипова,+7 (974) 903-35-99,user91260@example.ru,Москва,02.10.2024
c91128,Глеб Гордеев,+7 (926) 975-72-02,user91128@example.ru,Москва,16.03.2025
c90971,Ольга Юдина,+7 (970) 387-96-51,user90971@example.ru,Красноярск,27.05.2024
c92118,Денис Лаптев,+7 (968) 702-98-29,user92118@example.ru,Красноярск,04.01.2025
c91945,Денис Савельев,+7 (993) 688-66-06,user91945@example.ru,С.-Петербург,11.04.2026
c91105,Кирилл Зуева,+7 (980) 623-73-46,user91105@example.ru,С.-Петербург,15.03.2025
c90272,Лидия Шилова,+7 (987) 159-00-55,user90272@example.ru,С.-Петербург,08.08.2025
c90498,Егор Тихонова,+7 (978) 595-10-33,user90498@example.ru,Москва,31.03.2025
c90906,Мария Белых,+7 (912) 854-93-47,user90906@example.ru,Красноярск,16.02.2025
c91791,Игорь Тихонова,+7 (974) 486-56-96,user91791@example.ru,С.-Петербург,29.08.2025
c90525,Юлия Панин,+7 (913) 023-90-33,user90525@example.ru,Екатеринбург,18.05.2025
c91180,Артур Сорокина,+7 (937) 227-75-95,user91180@example.ru,Красноярск,03.08.2024
c90708,Алиса Панин,+7 (963) 715-98-48,user90708@example.ru,Казань,26.09.2025
c90428,Ольга Белых,+7 (969) 829-75-45,user90428@example.ru,С.-Петербург,08.01.2025
c101770,Тимур Савельев,+7 (931) 363-38-47,user101770@example.ru,Москва,19.11.2025
c90012,Глеб Савельев,+7 (931) 787-98-78,user90012@example.ru,Екатеринбург,01.12.2024
c90841,Артур Юдина,+7 (921) 495-75-82,user90841@example.ru,Красноярск,06.02.2026
c104295,Артур Юдина,+7 (930) 249-74-35,user104295@example.ru,Красноярск,26.09.2024
c91485,Денис Белых,+7 (999) 155-04-59,user91485@example.ru,Екатеринбург,01.02.2026
c90096,Максим Мешков,+7 (947) 222-28-12,user90096@example.ru,Новосибирск,22.08.2025
c90042,Наталья Нестеров,+7 (937) 607-19-74,user90042@example.ru,Екатеринбург,06.04.2026
c101610,Мария Шилова,+7 (955) 781-76-50,user101610@example.ru,Казань,06.01.2025
c90778,Артур Сорокина,+7 (929) 650-52-17,user90778@example.ru,Казань,03.04.2026
c91050,Юлия Юдина,+7 (978) 047-83-89,user91050@example.ru,Москва,19.08.2024
c92048,Вера Лаптев,+7 (950) 720-37-37,user92048@example.ru,С.-Петербург,27.03.2026
c106732,Алиса Сорокина,+7 (951) 280-30-55,user106732@example.ru,Красноярск,25.01.2025
c91466,Анна Осипова,+7 (957) 247-77-21,user91466@example.ru,Красноярск,26.09.2024
c91256,Глеб Лаптев,+7 (965) 633-11-47,user91256@example.ru,Казань,20.08.2024
c90295,Егор Юдина,+7 (973) 677-50-24,user90295@example.ru,С.-Петербург,08.12.2024
c90691,Ольга Нестеров,+7 (946) 059-32-77,user90691@example.ru,Екатеринбург,28.08.2024
c90099,Полина Савельев,+7 (967) 429-05-43,user90099@example.ru,Москва,17.01.2026
c92240,Максим Осипова,+7 (912) 397-53-51,user92240@example.ru,Москва,24.12.2024
c91245,Кирилл Панин,+7 (938) 458-21-21,user91245@example.ru,С.-Петербург,22.08.2024
c92307,Глеб Юдина,+7 (994) 140-91-40,user92307@example.ru,С.-Петербург,30.06.2024
c103514,Тимур Крылов,+7 (972) 452-10-14,user103514@example.ru,С.-Петербург,16.05.2024
c90682,Вера Ермаков,+7 (940) 027-95-00,user90682@example.ru,Москва,14.05.2026
c104300,Егор Гордеев,+7 (953) 551-53-45,user104300@example.ru,Казань,29.11.2024
c90636,Елена Зуева,+7 (917) 033-30-55,user90636@example.ru,Красноярск,07.03.2024
c90969,Максим Юдина,+7 (987) 449-44-10,user90969@example.ru,Москва,10.07.2025
c91046,Роман Ермаков,+7 (947) 246-46-71,user91046@example.ru,С.-Петербург,29.03.2024
c92004,Денис Шилова,+7 (985) 576-77-78,user92004@example.ru,Москва,16.09.2025
c102378,Юлия Мешков,+7 (996) 111-80-18,user102378@example.ru,С.-Петербург,03.04.2025
c90334,Анна Белых,+7 (943) 715-85-68,user90334@example.ru,С.-Петербург,10.03.2025
c91191,Юлия Ермаков,+7 (983) 281-74-37,user91191@example.ru,Красноярск,31.08.2025
c91362,Лидия Зуева,+7 (953) 943-44-84,user91362@example.ru,Екатеринбург,04.05.2026
c101899,Глеб Белых,+7 (947) 147-39-19,user101899@example.ru,С.-Петербург,22.12.2025
c103111,Вера Мешков,+7 (995) 523-63-85,user103111@example.ru,Екатеринбург,10.10.2025
c100619,Лидия Гордеев,+7 (952) 276-26-33,user100619@example.ru,Красноярск,27.01.2026
c92281,Максим Ковальчук,+7 (942) 613-47-83,user92281@example.ru,Екатеринбург,22.04.2025
c91604,Максим Осипова,+7 (948) 110-24-69,user91604@example.ru,С.-Петербург,25.03.2025
c91664,Максим Ковальчук,+7 (998) 316-87-63,user91664@example.ru,Красноярск,25.11.2025
c90335,Максим Нестеров,+7 (991) 669-53-75,user90335@example.ru,Новосибирск,07.04.2024
c90232,Лидия Сорокина,+7 (945) 337-47-33,user90232@example.ru,Новосибирск,19.06.2024
c92160,Юлия Крылов,+7 (988) 942-45-19,user92160@example.ru,Екатеринбург,28.06.2025
c91845,Полина Нестеров,+7 (931) 091-69-00,user91845@example.ru,Казань,30.07.2025
c91531,Денис Белых,+7 (999) 137-17-02,user91531@example.ru,Екатеринбург,16.04.2026
c92467,Юлия Крылов,+7 (928) 162-43-09,user92467@example.ru,Москва,21.05.2024
c91137,Максим Ермаков,+7 (996) 557-17-13,user91137@example.ru,Красноярск,30.01.2025
c90985,Ольга Шилова,+7 (975) 573-34-07,user90985@example.ru,Казань,17.06.2026
c92392,Денис Зуева,+7 (946) 876-06-78,user92392@example.ru,Казань,09.01.2026
c92143,Денис Сорокина,+7 (984) 490-40-10,user92143@example.ru,Казань,11.04.2025
c90450,Кирилл Белых,+7 (974) 362-62-25,user90450@example.ru,Новосибирск,28.11.2025
c91183,Алиса Мешков,+7 (923) 417-19-88,user91183@example.ru,Красноярск,19.10.2025
c90500,Лидия Панин,+7 (926) 815-29-92,user90500@example.ru,Казань,10.09.2025
c91586,Алиса Нестеров,+7 (987) 785-87-86,user91586@example.ru,Казань,14.08.2024
c92317,Анна Ермаков,+7 (999) 240-66-97,user92317@example.ru,Москва,04.10.2024
c101870,Егор Ермаков,+7 (944) 682-25-37,user101870@example.ru,Новосибирск,26.02.2025
c100629,Елена Тихонова,+7 (957) 421-88-54,user100629@example.ru,Красноярск,04.03.2026
c104145,Юлия Ермаков,+7 (967) 837-78-00,user104145@example.ru,Красноярск,16.07.2024
c90759,Полина Нестеров,+7 (936) 004-93-16,user90759@example.ru,Казань,08.05.2024
c90860,Максим Мешков,+7 (963) 593-25-24,user90860@example.ru,Москва,01.02.2025
c91425,Полина Юдина,+7 (910) 009-55-15,user91425@example.ru,Екатеринбург,09.11.2024
c91021,Тимур Ковальчук,+7 (991) 390-87-50,user91021@example.ru,Новосибирск,20.01.2024
c91767,Анна Осипова,+7 (925) 942-49-91,user91767@example.ru,Казань,27.05.2026
c105791,Юлия Крылов,+7 (969) 607-92-49,user105791@example.ru,Красноярск,06.03.2024
c91086,Наталья Белых,+7 (911) 274-44-56,user91086@example.ru,Екатеринбург,12.01.2024
c91956,Елена Белых,+7 (917) 241-95-25,user91956@example.ru,Красноярск,04.04.2025
c91689,Ольга Зуева,+7 (935) 848-95-14,user91689@example.ru,Новосибирск,01.06.2025
c90264,Максим Осипова,+7 (973) 608-65-77,user90264@example.ru,Новосибирск,17.07.2024
c91878,Глеб Панин,+7 (987) 766-18-86,user91878@example.ru,Екатеринбург,12.01.2024
c90239,Лидия Ковальчук,+7 (948) 744-22-07,user90239@example.ru,Казань,25.02.2026
c91275,Роман Тихонова,+7 (951) 283-80-48,user91275@example.ru,Новосибирск,17.01.2024
c101759,Полина Осипова,+7 (997) 971-06-41,user101759@example.ru,Москва,14.07.2025
c100239,Кирилл Шилова,+7 (961) 648-56-66,user100239@example.ru,Красноярск,03.04.2025
c92414,Кирилл Ковальчук,+7 (973) 344-46-36,user92414@example.ru,Новосибирск,25.10.2024
c90762,Игорь Нестеров,+7 (932) 474-37-94,user90762@example.ru,Новосибирск,10.07.2025
c103202,Глеб Зуева,+7 (965) 397-25-28,user103202@example.ru,Екатеринбург,17.07.2025
c91394,Наталья Осипова,+7 (926) 097-42-99,user91394@example.ru,Красноярск,11.05.2026
c103624,Павел Шилова,+7 (959) 855-50-96,user103624@example.ru,Москва,16.01.2024
c90282,Наталья Гордеев,+7 (972) 009-76-26,user90282@example.ru,С.-Петербург,02.04.2026
c92295,Мария Нестеров,+7 (973) 509-78-59,user92295@example.ru,Казань,17.04.2026
c106737,Глеб Панин,+7 (933) 520-78-65,user106737@example.ru,Красноярск,28.01.2024
c91236,Кирилл Ермаков,+7 (921) 795-43-07,user91236@example.ru,Новосибирск,25.11.2024
c91939,Егор Юдина,+7 (991) 885-93-88,user91939@example.ru,Казань,12.03.2026
c90402,Игорь Сорокина,+7 (921) 770-99-67,user90402@example.ru,Новосибирск,14.08.2024
c92082,Кирилл Гордеев,+7 (935) 618-36-79,user92082@example.ru,Москва,09.06.2026
c90626,Кирилл Шилова,+7 (920) 873-95-65,user90626@example.ru,Екатеринбург,10.10.2024
c91174,Лидия Ковальчук,+7 (923) 983-87-97,user91174@example.ru,Красноярск,18.07.2024
c100060,Юлия Лаптев,+7 (911) 595-79-21,user100060@example.ru,С.-Петербург,17.04.2026
c90117,Игорь Гордеев,+7 (928) 079-66-57,user90117@example.ru,Екатеринбург,16.05.2025
c106178,Мария Сорокина,+7 (988) 461-62-56,user106178@example.ru,Москва,06.02.2026
c91701,Полина Нестеров,+7 (928) 918-88-43,user91701@example.ru,С.-Петербург,15.11.2025
c106380,Денис Гордеев,+7 (997) 051-73-61,user106380@example.ru,Москва,31.05.2024
c90688,Юлия Гордеев,+7 (950) 173-39-79,user90688@example.ru,Казань,30.10.2024
c90624,Игорь Юдина,+7 (942) 903-16-16,user90624@example.ru,Екатеринбург,21.02.2026
c92074,Наталья Мешков,+7 (984) 890-95-19,user92074@example.ru,Красноярск,02.09.2025
c91813,Игорь Белых,+7 (953) 769-71-77,user91813@example.ru,Казань,09.11.2024
c91893,Ольга Юдина,+7 (997) 949-81-68,user91893@example.ru,Екатеринбург,11.12.2025
c90146,Юлия Гордеев,+7 (927) 289-43-23,user90146@example.ru,Новосибирск,17.04.2024
c91204,Роман Ковальчук,+7 (965) 193-35-22,user91204@example.ru,Москва,11.05.2025
c91518,Егор Нестеров,+7 (937) 403-64-94,user91518@example.ru,Казань,28.06.2025
c90385,Мария Гордеев,+7 (915) 101-45-01,user90385@example.ru,Екатеринбург,15.12.2024
c92015,Артур Ермаков,+7 (973) 677-53-13,user92015@example.ru,Новосибирск,22.01.2025
c90568,Вера Крылов,+7 (926) 443-83-91,user90568@example.ru,С.-Петербург,12.10.2025
c102708,Ольга Тихонова,+7 (940) 126-52-08,user102708@example.ru,С.-Петербург,09.01.2025
c90496,Кирилл Тихонова,+7 (934) 976-13-48,user90496@example.ru,Казань,13.12.2025
c90528,Артур Ковальчук,+7 (986) 088-70-46,user90528@example.ru,Новосибирск,07.02.2024
c91440,Кирилл Панин,+7 (951) 699-42-64,user91440@example.ru,С.-Петербург,23.11.2024
c91406,Вера Белых,+7 (932) 207-39-09,user91406@example.ru,Красноярск,27.02.2025
c103790,Максим Юдина,+7 (978) 209-51-29,user103790@example.ru,Екатеринбург,12.02.2026
c90898,Артур Зуева,+7 (980) 783-30-13,user90898@example.ru,Екатеринбург,25.06.2025
c91863,Игорь Ковальчук,+7 (910) 197-47-15,user91863@example.ru,Новосибирск,09.01.2026
c91268,Глеб Тихонова,+7 (974) 495-75-02,user91268@example.ru,Москва,16.10.2024
c92411,Елена Панин,+7 (928) 695-40-18,user92411@example.ru,С.-Петербург,17.06.2024
c90391,Юлия Савельев,+7 (965) 100-15-73,user90391@example.ru,Казань,27.11.2024
c92338,Алиса Мешков,+7 (981) 430-97-95,user92338@example.ru,Екатеринбург,07.12.2024
c90322,Артур Гордеев,+7 (998) 060-08-02,user90322@example.ru,Екатеринбург,13.03.2024
c101003,Максим Ермаков,+7 (988) 594-85-79,user101003@example.ru,Москва,07.03.2024
c91219,Егор Савельев,+7 (950) 605-52-92,user91219@example.ru,С.-Петербург,02.05.2026
c104043,Полина Шилова,+7 (951) 524-36-38,user104043@example.ru,Екатеринбург,19.09.2025
c100594,Наталья Крылов,+7 (915) 843-56-82,user100594@example.ru,С.-Петербург,13.01.2025
c90869,Глеб Ковальчук,+7 (982) 862-78-85,user90869@example.ru,Екатеринбург,30.01.2026
c90474,Мария Гордеев,+7 (923) 026-33-84,user90474@example.ru,Новосибирск,17.06.2025
c91707,Ольга Шилова,+7 (982) 206-45-92,user91707@example.ru,Красноярск,22.02.2025
c104713,Павел Ковальчук,+7 (934) 771-26-69,user104713@example.ru,Казань,28.01.2025
c103756,Наталья Ковальчук,+7 (920) 674-33-31,user103756@example.ru,Новосибирск,24.09.2024
c90329,Артур Тихонова,+7 (999) 332-65-79,user90329@example.ru,Красноярск,03.03.2025
c91724,Вера Шилова,+7 (994) 808-55-69,user91724@example.ru,Екатеринбург,26.03.2025
c90619,Мария Нестеров,+7 (970) 650-86-59,user90619@example.ru,Казань,16.05.2024
c91048,Анна Ермаков,+7 (915) 095-99-83,user91048@example.ru,С.-Петербург,19.08.2025
c91234,Анна Тихонова,+7 (993) 993-77-71,user91234@example.ru,Екатеринбург,29.01.2026
c106858,Анна Ковальчук,+7 (920) 653-54-14,user106858@example.ru,Екатеринбург,05.10.2025
c91082,Анна Осипова,+7 (955) 068-83-89,user91082@example.ru,Казань,15.01.2025
c92094,Анна Панин,+7 (946) 998-51-79,user92094@example.ru,Красноярск,16.01.2024
c91002,Максим Нестеров,+7 (993) 691-36-72,user91002@example.ru,Новосибирск,16.08.2024
c92439,Юлия Ковальчук,+7 (979) 459-11-81,user92439@example.ru,С.-Петербург,23.11.2024
c92081,Егор Лаптев,+7 (923) 927-19-21,user92081@example.ru,Екатеринбург,20.04.2026
c92351,Юлия Тихонова,+7 (984) 227-52-18,user92351@example.ru,Москва,28.04.2025
c90855,Полина Крылов,+7 (956) 480-73-79,user90855@example.ru,Казань,09.01.2025
c90818,Роман Юдина,+7 (983) 919-83-97,user90818@example.ru,Екатеринбург,27.10.2025
c92101,Алиса Панин,+7 (962) 497-14-46,user92101@example.ru,Красноярск,08.08.2025
c101342,Артур Юдина,+7 (930) 149-34-88,user101342@example.ru,Красноярск,12.08.2025
c102484,Павел Гордеев,+7 (982) 396-09-82,user102484@example.ru,Красноярск,30.10.2024
c103228,Павел Нестеров,+7 (961) 315-04-99,user103228@example.ru,Москва,12.12.2024
c90261,Егор Мешков,+7 (914) 535-17-86,user90261@example.ru,Казань,05.07.2024
c106699,Елена Сорокина,+7 (958) 118-09-01,user106699@example.ru,Екатеринбург,27.05.2026
c91999,Денис Ковальчук,+7 (981) 546-13-00,user91999@example.ru,Екатеринбург,10.04.2024
c90831,Вера Мешков,+7 (964) 383-06-87,user90831@example.ru,Екатеринбург,06.01.2026
c103361,Денис Белых,+7 (915) 336-43-58,user103361@example.ru,Казань,23.07.2024
c92275,Роман Панин,+7 (974) 049-54-04,user92275@example.ru,Красноярск,19.11.2025
c91376,Наталья Лаптев,+7 (988) 298-64-69,user91376@example.ru,Красноярск,12.01.2025
c90286,Игорь Ермаков,+7 (944) 793-87-31,user90286@example.ru,Красноярск,27.09.2025
c91817,Лидия Осипова,+7 (983) 211-53-08,user91817@example.ru,Новосибирск,06.05.2025
c91407,Полина Савельев,+7 (925) 609-03-64,user91407@example.ru,Москва,03.02.2024
c100864,Денис Савельев,+7 (948) 691-13-12,user100864@example.ru,Казань,07.05.2026
c91830,Полина Мешков,+7 (996) 011-22-59,user91830@example.ru,С.-Петербург,26.02.2024
c102536,Алиса Лаптев,+7 (920) 625-30-17,user102536@example.ru,С.-Петербург,03.07.2024
c91092,Глеб Сорокина,+7 (976) 261-80-38,user91092@example.ru,Москва,22.03.2025
c91805,Павел Мешков,+7 (978) 306-60-44,user91805@example.ru,Казань,09.05.2026
c90467,Кирилл Ермаков,+7 (995) 627-38-04,user90467@example.ru,Новосибирск,21.02.2024
c91489,Вера Ермаков,+7 (972) 434-98-90,user91489@example.ru,Красноярск,18.06.2024
c92473,Павел Лаптев,+7 (911) 064-83-92,user92473@example.ru,Москва,09.08.2024
c92055,Ольга Нестеров,+7 (961) 239-29-32,user92055@example.ru,С.-Петербург,27.06.2026
c92159,Наталья Лаптев,+7 (921) 980-92-59,user92159@example.ru,Екатеринбург,26.01.2025
c90874,Кирилл Шилова,+7 (960) 627-22-12,user90874@example.ru,Екатеринбург,13.02.2026
c91774,Кирилл Шилова,+7 (925) 194-91-79,user91774@example.ru,С.-Петербург,18.05.2025
c90590,Ольга Осипова,+7 (967) 020-23-66,user90590@example.ru,Новосибирск,08.07.2025
c90959,Денис Лаптев,+7 (983) 631-70-07,user90959@example.ru,Красноярск,17.06.2026
c90447,Игорь Лаптев,+7 (911) 506-06-57,user90447@example.ru,С.-Петербург,05.02.2025
c90205,Роман Мешков,+7 (984) 594-18-80,user90205@example.ru,Екатеринбург,13.09.2024
c90242,Алиса Юдина,+7 (926) 989-57-41,user90242@example.ru,С.-Петербург,04.11.2024
c90545,Юлия Гордеев,+7 (921) 739-24-21,user90545@example.ru,Красноярск,12.07.2024
c105432,Тимур Белых,+7 (974) 847-86-77,user105432@example.ru,Екатеринбург,25.02.2024
c90108,Тимур Лаптев,+7 (947) 384-71-90,user90108@example.ru,Казань,12.07.2025
c102097,Егор Шилова,+7 (960) 364-13-93,user102097@example.ru,С.-Петербург,12.09.2025
c91289,Мария Крылов,+7 (988) 879-75-38,user91289@example.ru,Москва,06.05.2025
c90768,Наталья Савельев,+7 (935) 124-92-08,user90768@example.ru,Красноярск,08.09.2025
c91176,Анна Сорокина,+7 (921) 401-43-07,user91176@example.ru,Казань,02.11.2025
c90608,Мария Мешков,+7 (963) 679-92-79,user90608@example.ru,Новосибирск,18.01.2026
c91713,Глеб Нестеров,+7 (963) 343-25-71,user91713@example.ru,Красноярск,22.03.2024
c90878,Юлия Юдина,+7 (915) 810-67-76,user90878@example.ru,С.-Петербург,30.03.2026
c91629,Елена Лаптев,+7 (945) 885-61-97,user91629@example.ru,Новосибирск,29.01.2025
c91328,Тимур Савельев,+7 (956) 856-46-72,user91328@example.ru,Екатеринбург,25.01.2026
c105513,Лидия Зуева,+7 (991) 801-01-16,user105513@example.ru,С.-Петербург,20.04.2025
c90697,Игорь Тихонова,+7 (966) 569-11-89,user90697@example.ru,Красноярск,23.04.2025
c91258,Лидия Панин,+7 (991) 550-10-89,user91258@example.ru,Красноярск,10.06.2025
c91249,Лидия Белых,+7 (981) 422-70-32,user91249@example.ru,Новосибирск,11.05.2025
c90852,Кирилл Мешков,+7 (978) 579-06-02,user90852@example.ru,Новосибирск,12.03.2026
c90747,Ольга Лаптев,+7 (930) 177-50-43,user90747@example.ru,Москва,27.11.2024
c90634,Вера Гордеев,+7 (921) 554-26-16,user90634@example.ru,Москва,27.03.2025
c90654,Павел Белых,+7 (936) 982-80-29,user90654@example.ru,С.-Петербург,13.04.2024
c90330,Егор Ермаков,+7 (987) 032-87-19,user90330@example.ru,Казань,07.07.2024
c105327,Лидия Ермаков,+7 (963) 451-15-04,user105327@example.ru,Новосибирск,14.09.2025
c90754,Кирилл Ермаков,+7 (965) 131-08-74,user90754@example.ru,С.-Петербург,07.03.2025
c106556,Глеб Панин,+7 (943) 613-42-11,user106556@example.ru,С.-Петербург,09.11.2024
c90813,Юлия Тихонова,+7 (934) 201-20-44,user90813@example.ru,Новосибирск,28.12.2024
c90994,Глеб Ковальчук,+7 (922) 500-45-77,user90994@example.ru,Екатеринбург,11.06.2025
c105489,Кирилл Панин,+7 (936) 660-03-56,user105489@example.ru,Екатеринбург,05.06.2024
c91319,Павел Сорокина,+7 (912) 642-91-56,user91319@example.ru,Красноярск,29.11.2024
c90369,Вера Белых,+7 (999) 116-53-74,user90369@example.ru,Новосибирск,06.07.2024
c92244,Лидия Ермаков,+7 (981) 279-13-90,user92244@example.ru,С.-Петербург,14.10.2024
c105151,Анна Шилова,+7 (932) 426-76-99,user105151@example.ru,Красноярск,23.01.2024
c90188,Анна Гордеев,+7 (919) 489-41-26,user90188@example.ru,Екатеринбург,31.08.2024
c92313,Полина Тихонова,+7 (951) 620-77-08,user92313@example.ru,Новосибирск,23.06.2024
c91952,Елена Юдина,+7 (923) 476-28-46,user91952@example.ru,Екатеринбург,22.03.2026
c92365,Егор Нестеров,+7 (990) 034-66-31,user92365@example.ru,С.-Петербург,11.02.2025
c90597,Вера Зуева,+7 (922) 732-74-15,user90597@example.ru,Казань,29.09.2025
c91765,Мария Зуева,+7 (990) 903-11-27,user91765@example.ru,С.-Петербург,30.10.2025
c90412,Артур Ермаков,+7 (920) 221-05-54,user90412@example.ru,Казань,15.01.2025
c90837,Глеб Савельев,+7 (924) 916-55-25,user90837@example.ru,Москва,17.04.2024
c106304,Роман Крылов,+7 (948) 023-50-90,user106304@example.ru,Новосибирск,09.09.2024
c105435,Денис Крылов,+7 (958) 219-76-96,user105435@example.ru,С.-Петербург,07.05.2025
c105784,Максим Гордеев,+7 (920) 240-74-56,user105784@example.ru,Красноярск,24.03.2025
c91798,Полина Гордеев,+7 (991) 662-41-91,user91798@example.ru,Новосибирск,07.06.2026
c90306,Игорь Лаптев,+7 (998) 167-33-79,user90306@example.ru,Москва,08.05.2025
c103784,Лидия Белых,+7 (972) 515-83-93,user103784@example.ru,Красноярск,27.07.2025
c106702,Павел Гордеев,+7 (958) 243-47-47,user106702@example.ru,Москва,09.04.2024
c91809,Алиса Гордеев,+7 (961) 704-90-95,user91809@example.ru,Москва,07.10.2024
c91564,Павел Гордеев,+7 (999) 261-42-91,user91564@example.ru,Казань,03.05.2024
c90888,Роман Тихонова,+7 (920) 995-42-82,user90888@example.ru,Москва,08.12.2024
c92073,Игорь Юдина,+7 (957) 739-59-90,user92073@example.ru,Москва,22.09.2024
c92433,Кирилл Панин,+7 (945) 681-49-17,user92433@example.ru,Казань,19.02.2026
c90173,Мария Нестеров,+7 (936) 466-44-88,user90173@example.ru,Казань,15.04.2024
c92269,Анна Мешков,+7 (992) 162-22-51,user92269@example.ru,С.-Петербург,23.10.2025
c101230,Полина Гордеев,+7 (989) 599-23-88,user101230@example.ru,Москва,11.03.2026
c90594,Денис Крылов,+7 (994) 960-54-75,user90594@example.ru,Екатеринбург,13.12.2024
c91683,Егор Гордеев,+7 (986) 173-16-50,user91683@example.ru,Екатеринбург,25.01.2025
c102824,Мария Белых,+7 (971) 430-90-21,user102824@example.ru,Москва,23.05.2026
c102493,Мария Крылов,+7 (969) 051-66-93,user102493@example.ru,Москва,28.10.2025
c90715,Артур Тихонова,+7 (948) 264-69-74,user90715@example.ru,Новосибирск,01.05.2024
c91953,Лидия Юдина,+7 (968) 580-47-04,user91953@example.ru,С.-Петербург,17.11.2024
c90027,Егор Крылов,+7 (922) 717-25-14,user90027@example.ru,Красноярск,06.12.2024
c90067,Кирилл Лаптев,+7 (955) 156-81-80,user90067@example.ru,С.-Петербург,07.08.2024
c92373,Тимур Тихонова,+7 (925) 123-85-52,user92373@example.ru,Красноярск,30.03.2026
c91479,Егор Лаптев,+7 (934) 879-69-53,user91479@example.ru,Москва,18.12.2025
c106891,Павел Панин,+7 (979) 957-07-51,user106891@example.ru,Москва,09.07.2024
c91626,Ольга Юдина,+7 (968) 606-40-14,user91626@example.ru,Казань,29.12.2024
c91977,Павел Савельев,+7 (948) 347-74-03,user91977@example.ru,Новосибирск,14.04.2025
c101638,Наталья Мешков,+7 (919) 284-20-74,user101638@example.ru,С.-Петербург,25.12.2024
c91886,Кирилл Белых,+7 (932) 855-35-10,user91886@example.ru,Красноярск,27.06.2026
c91371,Юлия Юдина,+7 (923) 672-79-98,user91371@example.ru,С.-Петербург,14.04.2024
c92052,Егор Ковальчук,+7 (940) 644-89-23,user92052@example.ru,Красноярск,04.03.2026
c90101,Полина Савельев,+7 (948) 679-61-97,user90101@example.ru,Красноярск,09.06.2025
c90627,Алиса Тихонова,+7 (979) 525-49-96,user90627@example.ru,Москва,27.01.2026
c102716,Павел Сорокина,+7 (999) 194-26-05,user102716@example.ru,С.-Петербург,23.04.2024
c91670,Тимур Ермаков,+7 (944) 050-31-42,user91670@example.ru,Екатеринбург,30.09.2025
c92282,Кирилл Шилова,+7 (965) 632-95-35,user92282@example.ru,Красноярск,16.02.2025
c105983,Лидия Нестеров,+7 (929) 307-54-32,user105983@example.ru,Москва,09.03.2026
c103153,Артур Савельев,+7 (969) 622-23-51,user103153@example.ru,Москва,27.10.2025
c92187,Денис Савельев,+7 (929) 468-47-20,user92187@example.ru,Казань,20.03.2025
c90139,Елена Ермаков,+7 (912) 036-87-97,user90139@example.ru,Красноярск,21.04.2025
c91364,Полина Зуева,+7 (911) 775-41-27,user91364@example.ru,Екатеринбург,10.10.2024
c105389,Денис Юдина,+7 (923) 495-33-80,user105389@example.ru,Екатеринбург,14.08.2025
c91399,Юлия Сорокина,+7 (965) 013-96-05,user91399@example.ru,С.-Петербург,29.01.2024
c103066,Мария Гордеев,+7 (948) 502-07-56,user103066@example.ru,Казань,25.06.2024
c90461,Павел Лаптев,+7 (992) 862-96-67,user90461@example.ru,Москва,14.07.2024
c91242,Игорь Лаптев,+7 (988) 065-56-58,user91242@example.ru,Новосибирск,19.05.2025
c92162,Елена Савельев,+7 (925) 756-33-26,user92162@example.ru,Казань,26.01.2026
c91232,Максим Савельев,+7 (949) 253-24-06,user91232@example.ru,Екатеринбург,19.02.2026
c91027,Мария Шилова,+7 (933) 850-44-24,user91027@example.ru,Москва,14.02.2025
c91802,Мария Гордеев,+7 (986) 480-75-05,user91802@example.ru,Казань,26.07.2024
c106793,Кирилл Ермаков,+7 (938) 266-43-22,user106793@example.ru,Москва,29.04.2024
c90975,Артур Крылов,+7 (917) 902-71-42,user90975@example.ru,Казань,24.10.2024
c100641,Наталья Нестеров,+7 (976) 619-02-97,user100641@example.ru,С.-Петербург,09.11.2025
c91877,Артур Тихонова,+7 (967) 890-58-03,user91877@example.ru,Новосибирск,27.08.2025
c92437,Ольга Мешков,+7 (975) 660-63-52,user92437@example.ru,Красноярск,08.12.2024
c92444,Максим Ковальчук,+7 (983) 560-03-78,user92444@example.ru,С.-Петербург,23.04.2026
c91584,Денис Сорокина,+7 (933) 817-35-67,user91584@example.ru,Красноярск,12.11.2024
c105372,Максим Савельев,+7 (929) 338-51-55,user105372@example.ru,Казань,02.05.2024
c106519,Денис Гордеев,+7 (923) 121-00-44,user106519@example.ru,Москва,09.02.2026
c90524,Наталья Панин,+7 (959) 059-51-22,user90524@example.ru,Казань,01.06.2024
c90420,Елена Ковальчук,+7 (927) 887-70-83,user90420@example.ru,Казань,10.06.2026
c90680,Павел Ермаков,+7 (998) 185-99-11,user90680@example.ru,Красноярск,17.11.2025
c91494,Юлия Крылов,+7 (980) 641-47-92,user91494@example.ru,Красноярск,18.04.2025
c90153,Лидия Тихонова,+7 (960) 323-86-86,user90153@example.ru,Москва,22.05.2025
c90035,Кирилл Тихонова,+7 (987) 635-75-21,user90035@example.ru,Екатеринбург,06.05.2025
c90583,Наталья Сорокина,+7 (994) 676-71-00,user90583@example.ru,Екатеринбург,14.11.2025
c92418,Артур Лаптев,+7 (983) 047-90-63,user92418@example.ru,Екатеринбург,16.07.2025
c101291,Наталья Крылов,+7 (959) 561-73-86,user101291@example.ru,Екатеринбург,17.12.2025
c103852,Павел Панин,+7 (998) 456-32-16,user103852@example.ru,Казань,10.05.2026
c100541,Вера Гордеев,+7 (990) 781-94-79,user100541@example.ru,Красноярск,27.04.2025
c90215,Глеб Сорокина,+7 (979) 419-70-85,user90215@example.ru,Казань,09.02.2026
c91430,Мария Лаптев,+7 (974) 198-86-85,user91430@example.ru,Красноярск,17.12.2025
c92047,Роман Зуева,+7 (956) 502-04-41,user92047@example.ru,Екатеринбург,24.06.2025
c90014,Лидия Сорокина,+7 (951) 643-36-37,user90014@example.ru,Красноярск,13.06.2026
c103677,Егор Шилова,+7 (910) 815-96-94,user103677@example.ru,Новосибирск,28.10.2024
c102316,Ольга Зуева,+7 (973) 681-59-59,user102316@example.ru,Новосибирск,21.07.2025
c105047,Полина Крылов,+7 (926) 023-97-61,user105047@example.ru,Москва,29.11.2024
c90904,Вера Панин,+7 (914) 884-26-70,user90904@example.ru,Екатеринбург,27.03.2024
c90753,Тимур Савельев,+7 (972) 880-79-08,user90753@example.ru,Красноярск,06.08.2024
c92461,Наталья Ермаков,+7 (979) 295-06-30,user92461@example.ru,С.-Петербург,25.02.2024
c90281,Вера Зуева,+7 (967) 255-57-77,user90281@example.ru,С.-Петербург,22.10.2025
c90127,Роман Крылов,+7 (943) 593-07-35,user90127@example.ru,Казань,29.05.2024
c106885,Юлия Лаптев,+7 (986) 760-67-28,user106885@example.ru,Екатеринбург,17.02.2024
c90115,Глеб Лаптев,+7 (996) 281-40-41,user90115@example.ru,Красноярск,05.06.2024
c104114,Наталья Зуева,+7 (933) 026-18-96,user104114@example.ru,С.-Петербург,20.11.2024
c90960,Алиса Ермаков,+7 (943) 545-33-17,user90960@example.ru,Красноярск,16.01.2026
c92241,Мария Нестеров,+7 (953) 405-50-18,user92241@example.ru,Новосибирск,13.11.2024
c100018,Вера Крылов,+7 (955) 302-26-47,user100018@example.ru,Москва,22.06.2025
c91811,Егор Осипова,+7 (962) 028-32-74,user91811@example.ru,С.-Петербург,09.07.2025
c102729,Максим Мешков,+7 (943) 138-43-42,user102729@example.ru,Москва,22.01.2026
c90806,Кирилл Шилова,+7 (996) 945-12-75,user90806@example.ru,С.-Петербург,03.06.2025
c91834,Роман Панин,+7 (943) 665-88-49,user91834@example.ru,Новосибирск,09.04.2025
c90029,Полина Гордеев,+7 (945) 248-10-90,user90029@example.ru,Москва,19.04.2025
c90671,Ольга Осипова,+7 (929) 690-57-23,user90671@example.ru,Казань,18.05.2025
c91003,Лидия Гордеев,+7 (978) 418-88-69,user91003@example.ru,Екатеринбург,11.06.2025
c91160,Мария Зуева,+7 (973) 623-32-61,user91160@example.ru,Казань,13.05.2025
c91827,Игорь Юдина,+7 (925) 048-16-62,user91827@example.ru,С.-Петербург,26.01.2025
c91179,Денис Савельев,+7 (920) 246-13-30,user91179@example.ru,Красноярск,29.05.2026
c90158,Денис Нестеров,+7 (969) 201-55-21,user90158@example.ru,С.-Петербург,22.12.2025
c90309,Ольга Лаптев,+7 (990) 296-17-38,user90309@example.ru,Казань,22.10.2024
c91682,Мария Зуева,+7 (960) 069-87-25,user91682@example.ru,С.-Петербург,07.11.2025
c90895,Анна Осипова,+7 (969) 410-31-89,user90895@example.ru,Казань,13.06.2024
c92271,Мария Тихонова,+7 (942) 024-32-77,user92271@example.ru,Екатеринбург,03.04.2024
c102324,Игорь Крылов,+7 (988) 740-45-90,user102324@example.ru,Красноярск,18.05.2024
c90711,Максим Ковальчук,+7 (962) 982-05-80,user90711@example.ru,Екатеринбург,28.06.2025
c90339,Вера Юдина,+7 (929) 605-11-53,user90339@example.ru,С.-Петербург,03.02.2026
c90124,Мария Осипова,+7 (995) 855-89-92,user90124@example.ru,Новосибирск,21.06.2026
c92274,Игорь Мешков,+7 (961) 858-94-35,user92274@example.ru,С.-Петербург,14.06.2025
c90058,Максим Осипова,+7 (980) 824-43-42,user90058@example.ru,Казань,04.09.2024
c90000,Алиса Мешков,+7 (992) 363-17-20,user90000@example.ru,Красноярск,31.12.2025
c92379,Елена Лаптев,+7 (988) 331-35-47,user92379@example.ru,Москва,02.05.2024
c91951,Игорь Мешков,+7 (993) 408-84-48,user91951@example.ru,Екатеринбург,30.03.2024
c90683,Алиса Ковальчук,+7 (943) 544-34-13,user90683@example.ru,Новосибирск,08.04.2024
c90890,Юлия Гордеев,+7 (920) 719-42-51,user90890@example.ru,С.-Петербург,30.08.2025
c102101,Ольга Белых,+7 (991) 795-76-13,user102101@example.ru,Екатеринбург,09.03.2026
c92263,Елена Гордеев,+7 (980) 998-39-35,user92263@example.ru,Екатеринбург,14.01.2024
c90954,Игорь Сорокина,+7 (945) 964-33-97,user90954@example.ru,Красноярск,17.01.2024
c91184,Лидия Тихонова,+7 (998) 328-26-41,user91184@example.ru,Красноярск,12.08.2025
c91672,Глеб Мешков,+7 (914) 570-69-25,user91672@example.ru,Казань,14.10.2025
c100741,Павел Лаптев,+7 (936) 287-86-10,user100741@example.ru,Москва,08.06.2026
c92415,Алиса Сорокина,+7 (982) 666-90-70,user92415@example.ru,Москва,12.02.2025
c103544,Роман Зуева,+7 (924) 598-49-75,user103544@example.ru,Москва,20.06.2024
c91229,Полина Крылов,+7 (918) 144-54-47,user91229@example.ru,Екатеринбург,22.01.2025
c90859,Лидия Сорокина,+7 (994) 413-35-62,user90859@example.ru,Новосибирск,11.12.2025
c92152,Денис Мешков,+7 (912) 194-13-09,user92152@example.ru,Казань,06.07.2025
c90468,Кирилл Ермаков,+7 (991) 944-91-51,user90468@example.ru,Казань,13.10.2024
c92053,Лидия Юдина,+7 (920) 627-51-87,user92053@example.ru,Красноярск,15.07.2024
c91614,Алиса Зуева,+7 (994) 134-49-92,user91614@example.ru,Екатеринбург,12.08.2025
c90620,Павел Зуева,+7 (988) 246-07-26,user90620@example.ru,Екатеринбург,20.04.2026
c91597,Кирилл Тихонова,+7 (973) 989-66-16,user91597@example.ru,Москва,21.08.2025
c104770,Анна Сорокина,+7 (917) 676-34-89,user104770@example.ru,Москва,01.02.2026
c106645,Тимур Нестеров,+7 (989) 488-00-17,user106645@example.ru,Казань,22.06.2026
c91808,Елена Савельев,+7 (936) 614-16-39,user91808@example.ru,С.-Петербург,23.07.2024
c90721,Наталья Крылов,+7 (948) 736-44-58,user90721@example.ru,Москва,02.11.2025
c91600,Глеб Мешков,+7 (949) 199-18-20,user91600@example.ru,Москва,26.01.2026
c91978,Егор Панин,+7 (932) 051-61-80,user91978@example.ru,С.-Петербург,05.11.2025
c90138,Мария Ермаков,+7 (997) 792-42-84,user90138@example.ru,Москва,15.09.2024
c90178,Игорь Сорокина,+7 (926) 714-36-06,user90178@example.ru,Новосибирск,17.01.2024
c91277,Мария Тихонова,+7 (937) 716-49-68,user91277@example.ru,Новосибирск,16.01.2024
c91758,Тимур Шилова,+7 (985) 068-66-80,user91758@example.ru,Красноярск,06.02.2024
c101665,Павел Шилова,+7 (966) 595-84-95,user101665@example.ru,Новосибирск,01.08.2025
c90596,Роман Шилова,+7 (959) 563-85-31,user90596@example.ru,Москва,03.04.2025
c90007,Юлия Ермаков,+7 (982) 543-26-49,user90007@example.ru,Новосибирск,02.02.2024
c91154,Игорь Мешков,+7 (950) 673-69-23,user91154@example.ru,С.-Петербург,27.09.2025
c90448,Полина Гордеев,+7 (954) 226-86-96,user90448@example.ru,Екатеринбург,17.03.2025
c90638,Павел Тихонова,+7 (993) 208-53-53,user90638@example.ru,С.-Петербург,07.08.2024
c90389,Тимур Тихонова,+7 (964) 483-23-60,user90389@example.ru,С.-Петербург,12.12.2025
c105157,Кирилл Тихонова,+7 (915) 912-86-86,user105157@example.ru,Красноярск,27.04.2024
c90462,Павел Зуева,+7 (979) 352-65-68,user90462@example.ru,С.-Петербург,26.03.2025
c91751,Глеб Юдина,+7 (953) 014-86-49,user91751@example.ru,Казань,25.03.2025
c101481,Алиса Шилова,+7 (988) 408-53-87,user101481@example.ru,Москва,08.10.2024
c90005,Максим Юдина,+7 (960) 632-57-81,user90005@example.ru,Казань,23.02.2026
c90566,Юлия Савельев,+7 (989) 770-65-05,user90566@example.ru,Казань,08.03.2024
c92366,Наталья Зуева,+7 (912) 896-48-56,user92366@example.ru,Новосибирск,15.10.2024
c104166,Вера Тихонова,+7 (952) 238-01-73,user104166@example.ru,Новосибирск,10.03.2026
c106877,Денис Гордеев,+7 (927) 346-50-32,user106877@example.ru,С.-Петербург,12.06.2024
c104175,Юлия Панин,+7 (911) 812-79-87,user104175@example.ru,Екатеринбург,04.03.2026
c91797,Игорь Тихонова,+7 (920) 718-41-86,user91797@example.ru,Красноярск,19.06.2026
c90628,Кирилл Нестеров,+7 (916) 534-86-41,user90628@example.ru,С.-Петербург,25.03.2025
c104417,Тимур Савельев,+7 (938) 890-24-10,user104417@example.ru,Новосибирск,21.07.2024
c90367,Артур Крылов,+7 (914) 559-40-62,user90367@example.ru,Москва,18.04.2026
c90227,Павел Лаптев,+7 (992) 591-28-32,user90227@example.ru,Красноярск,22.11.2025
c92129,Роман Осипова,+7 (972) 384-77-29,user92129@example.ru,С.-Петербург,15.08.2024
c90203,Кирилл Нестеров,+7 (981) 220-62-26,user90203@example.ru,Екатеринбург,29.11.2025
c92360,Полина Осипова,+7 (943) 474-13-94,user92360@example.ru,Екатеринбург,05.02.2026
c91368,Глеб Савельев,+7 (931) 228-42-37,user91368@example.ru,Казань,04.03.2025
c90063,Юлия Гордеев,+7 (988) 630-88-69,user90063@example.ru,С.-Петербург,18.07.2025
c90842,Игорь Ковальчук,+7 (974) 823-03-66,user90842@example.ru,С.-Петербург,22.12.2024
c91413,Игорь Зуева,+7 (972) 466-96-63,user91413@example.ru,Красноярск,20.01.2025
c104086,Кирилл Осипова,+7 (922) 308-68-68,user104086@example.ru,Москва,11.05.2026
c100406,Алиса Белых,+7 (989) 783-88-70,user100406@example.ru,Москва,16.09.2025
c105648,Елена Мешков,+7 (987) 603-32-80,user105648@example.ru,С.-Петербург,03.04.2026
c100393,Игорь Ермаков,+7 (911) 473-15-28,user100393@example.ru,Москва,19.11.2024
c106399,Тимур Юдина,+7 (949) 395-84-72,user106399@example.ru,Красноярск,14.09.2024
c91344,Павел Крылов,+7 (937) 432-41-48,user91344@example.ru,С.-Петербург,17.05.2025
c91704,Алиса Панин,+7 (911) 659-14-41,user91704@example.ru,Казань,03.06.2025
c100314,Глеб Осипова,+7 (920) 631-88-19,user100314@example.ru,Екатеринбург,25.11.2024
c105915,Кирилл Мешков,+7 (936) 517-90-91,user105915@example.ru,Новосибирск,19.06.2024
c91545,Кирилл Юдина,+7 (920) 336-44-22,user91545@example.ru,Казань,29.06.2024
c104847,Егор Ермаков,+7 (998) 195-28-70,user104847@example.ru,Красноярск,18.09.2025
c90426,Алиса Гордеев,+7 (917) 079-78-10,user90426@example.ru,Екатеринбург,24.09.2025
c104327,Егор Ковальчук,+7 (914) 218-72-84,user104327@example.ru,Екатеринбург,03.03.2024
c91885,Елена Нестеров,+7 (984) 082-05-67,user91885@example.ru,Москва,15.08.2025
c91104,Вера Осипова,+7 (952) 695-31-01,user91104@example.ru,Новосибирск,25.01.2025
c106366,Алиса Зуева,+7 (960) 215-76-42,user106366@example.ru,Казань,16.05.2024
c91854,Игорь Сорокина,+7 (962) 065-63-98,user91854@example.ru,Новосибирск,07.02.2025
c102613,Алиса Юдина,+7 (995) 007-15-20,user102613@example.ru,Казань,21.10.2024
c104726,Максим Зуева,+7 (942) 503-12-27,user104726@example.ru,Казань,09.08.2025
c91080,Артур Савельев,+7 (979) 553-05-43,user91080@example.ru,С.-Петербург,14.09.2025
c106816,Вера Ковальчук,+7 (941) 985-62-79,user106816@example.ru,Новосибирск,08.03.2025
c101409,Ольга Лаптев,+7 (936) 141-45-81,user101409@example.ru,Новосибирск,09.03.2025
c102703,Артур Зуева,+7 (915) 313-67-31,user102703@example.ru,Новосибирск,26.03.2026
c92376,Павел Нестеров,+7 (954) 969-07-62,user92376@example.ru,Красноярск,30.06.2025
c105360,Павел Савельев,+7 (918) 131-05-66,user105360@example.ru,Москва,27.10.2024
c90808,Мария Ковальчук,+7 (928) 144-42-68,user90808@example.ru,Казань,21.05.2025
c105686,Ольга Лаптев,+7 (986) 278-62-93,user105686@example.ru,С.-Петербург,04.01.2025
c91864,Мария Гордеев,+7 (914) 910-23-70,user91864@example.ru,Екатеринбург,18.04.2025
c92202,Вера Савельев,+7 (936) 720-15-78,user92202@example.ru,Новосибирск,15.11.2024
c91015,Егор Гордеев,+7 (962) 573-02-70,user91015@example.ru,Казань,27.03.2026
c91659,Егор Сорокина,+7 (933) 082-91-93,user91659@example.ru,Красноярск,24.07.2025
c102163,Роман Юдина,+7 (926) 426-27-83,user102163@example.ru,Екатеринбург,30.05.2024
c90308,Тимур Тихонова,+7 (984) 948-75-31,user90308@example.ru,Красноярск,14.06.2024
c91123,Алиса Юдина,+7 (966) 056-67-74,user91123@example.ru,Казань,01.09.2025
c90032,Егор Сорокина,+7 (987) 780-82-91,user90032@example.ru,Красноярск,25.07.2025
c106060,Анна Ковальчук,+7 (981) 594-48-84,user106060@example.ru,Новосибирск,06.01.2026
c90419,Алиса Мешков,+7 (931) 783-92-20,user90419@example.ru,Новосибирск,05.08.2025
c90112,Полина Гордеев,+7 (996) 084-44-94,user90112@example.ru,Красноярск,17.05.2026
c91859,Игорь Зуева,+7 (958) 054-36-20,user91859@example.ru,Екатеринбург,07.03.2025
c90547,Игорь Панин,+7 (996) 762-46-49,user90547@example.ru,Красноярск,04.12.2024
c90048,Алиса Гордеев,+7 (941) 453-39-71,user90048@example.ru,Красноярск,19.06.2025
c90325,Елена Юдина,+7 (943) 462-90-94,user90325@example.ru,Казань,05.01.2025
c105048,Полина Лаптев,+7 (956) 306-32-85,user105048@example.ru,Казань,02.06.2025
c105932,Роман Юдина,+7 (995) 553-61-12,user105932@example.ru,Москва,24.11.2024
c90043,Кирилл Тихонова,+7 (926) 916-43-90,user90043@example.ru,Новосибирск,23.06.2025
c90979,Полина Лаптев,+7 (919) 898-91-32,user90979@example.ru,Новосибирск,08.01.2025
c91631,Елена Мешков,+7 (932) 938-05-71,user91631@example.ru,Красноярск,10.11.2024
c105853,Наталья Мешков,+7 (991) 631-78-32,user105853@example.ru,Екатеринбург,20.12.2024
c91883,Кирилл Юдина,+7 (968) 259-54-47,user91883@example.ru,Москва,11.06.2025
c90616,Денис Нестеров,+7 (986) 834-72-26,user90616@example.ru,С.-Петербург,17.05.2025
c91555,Максим Панин,+7 (961) 335-24-54,user91555@example.ru,С.-Петербург,26.09.2025
c91733,Кирилл Гордеев,+7 (979) 171-04-41,user91733@example.ru,С.-Петербург,29.08.2025
c102333,Ольга Ковальчук,+7 (944) 075-33-01,user102333@example.ru,С.-Петербург,30.11.2025
c90798,Лидия Сорокина,+7 (915) 954-08-55,user90798@example.ru,Красноярск,29.01.2025
c91347,Егор Осипова,+7 (986) 552-54-33,user91347@example.ru,С.-Петербург,03.12.2025
c103097,Вера Осипова,+7 (913) 362-42-03,user103097@example.ru,С.-Петербург,05.01.2026
c101767,Глеб Зуева,+7 (970) 985-19-17,user101767@example.ru,Казань,24.07.2025
c90359,Кирилл Савельев,+7 (994) 887-40-34,user90359@example.ru,Москва,17.06.2026
c92458,Алиса Ковальчук,+7 (914) 366-21-44,user92458@example.ru,С.-Петербург,20.02.2024
c91535,Анна Сорокина,+7 (990) 441-66-05,user91535@example.ru,Москва,09.04.2025
c105400,Лидия Юдина,+7 (963) 048-76-40,user105400@example.ru,Москва,18.09.2024
c91924,Юлия Крылов,+7 (945) 675-72-35,user91924@example.ru,Казань,01.02.2025
c100668,Кирилл Нестеров,+7 (997) 680-47-73,user100668@example.ru,Новосибирск,03.03.2025
c90046,Тимур Мешков,+7 (913) 160-51-01,user90046@example.ru,С.-Петербург,06.04.2025
c91418,Максим Ермаков,+7 (971) 455-11-99,user91418@example.ru,Екатеринбург,09.03.2026
c92174,Игорь Юдина,+7 (932) 586-51-43,user92174@example.ru,Новосибирск,23.06.2024
c91612,Мария Юдина,+7 (928) 206-38-58,user91612@example.ru,С.-Петербург,12.05.2024
c104586,Наталья Савельев,+7 (934) 377-69-15,user104586@example.ru,Екатеринбург,12.08.2024
c102749,Максим Мешков,+7 (952) 093-17-94,user102749@example.ru,Москва,14.08.2024
c92237,Алиса Осипова,+7 (976) 631-77-92,user92237@example.ru,Москва,06.06.2025
c90833,Егор Гордеев,+7 (934) 406-99-81,user90833@example.ru,Новосибирск,01.10.2025
c91414,Наталья Шилова,+7 (951) 418-83-42,user91414@example.ru,Екатеринбург,07.09.2025
c90564,Максим Крылов,+7 (975) 286-16-61,user90564@example.ru,Москва,25.09.2025
c105273,Елена Лаптев,+7 (919) 294-41-45,user105273@example.ru,Красноярск,26.10.2024
c91547,Егор Сорокина,+7 (914) 566-94-57,user91547@example.ru,Казань,21.02.2024
c90324,Кирилл Шилова,+7 (959) 502-75-15,user90324@example.ru,Новосибирск,13.05.2025
c92037,Лидия Савельев,+7 (949) 195-70-26,user92037@example.ru,Новосибирск,19.02.2024
c106691,Тимур Ермаков,+7 (954) 246-68-95,user106691@example.ru,Красноярск,19.07.2024
c104916,Артур Белых,+7 (964) 494-28-14,user104916@example.ru,Екатеринбург,10.01.2025
c106652,Юлия Нестеров,+7 (959) 961-90-12,user106652@example.ru,С.-Петербург,15.06.2026
c91222,Елена Осипова,+7 (990) 927-70-42,user91222@example.ru,Москва,03.05.2026
c90947,Анна Нестеров,+7 (933) 605-95-78,user90947@example.ru,Новосибирск,28.02.2024
c100376,Мария Сорокина,+7 (921) 905-57-58,user100376@example.ru,Екатеринбург,03.03.2024
c90952,Тимур Осипова,+7 (976) 176-20-50,user90952@example.ru,Екатеринбург,23.04.2024
c91577,Кирилл Крылов,+7 (917) 653-60-64,user91577@example.ru,С.-Петербург,07.03.2026
c104324,Анна Тихонова,+7 (939) 731-68-18,user104324@example.ru,Новосибирск,12.08.2024
c101416,Глеб Гордеев,+7 (963) 897-56-37,user101416@example.ru,Новосибирск,13.04.2026
c91076,Максим Зуева,+7 (914) 901-42-08,user91076@example.ru,Москва,22.05.2026
c90364,Лидия Тихонова,+7 (994) 964-70-36,user90364@example.ru,Екатеринбург,30.06.2025
c90571,Юлия Лаптев,+7 (965) 507-20-60,user90571@example.ru,Казань,08.06.2024
c106077,Егор Савельев,+7 (977) 271-24-69,user106077@example.ru,Новосибирск,05.04.2025
c105233,Максим Юдина,+7 (928) 079-74-25,user105233@example.ru,Казань,24.06.2024
c92226,Глеб Зуева,+7 (938) 672-16-63,user92226@example.ru,Новосибирск,22.11.2024
c91583,Денис Савельев,+7 (989) 414-85-57,user91583@example.ru,Казань,04.07.2024
c92328,Денис Белых,+7 (933) 780-60-43,user92328@example.ru,Москва,10.06.2025
c90881,Алиса Нестеров,+7 (971) 877-10-61,user90881@example.ru,Казань,02.10.2025
c105173,Кирилл Нестеров,+7 (966) 975-23-12,user105173@example.ru,Москва,18.01.2025
c92460,Егор Тихонова,+7 (946) 524-51-74,user92460@example.ru,Москва,09.01.2026
c103293,Егор Шилова,+7 (927) 751-69-51,user103293@example.ru,Москва,11.04.2026
c101142,Роман Осипова,+7 (999) 970-45-41,user101142@example.ru,Екатеринбург,10.05.2026
c91231,Полина Савельев,+7 (959) 737-84-13,user91231@example.ru,Новосибирск,25.05.2026
c90196,Егор Тихонова,+7 (985) 888-93-60,user90196@example.ru,Москва,12.02.2025
c91074,Глеб Лаптев,+7 (997) 169-20-56,user91074@example.ru,Красноярск,12.09.2024
c91590,Мария Нестеров,+7 (940) 018-44-10,user91590@example.ru,Казань,16.08.2024
c90456,Максим Осипова,+7 (991) 457-37-35,user90456@example.ru,Москва,30.06.2026
c92320,Елена Мешков,+7 (983) 950-57-45,user92320@example.ru,Казань,05.12.2024
c103104,Елена Белых,+7 (956) 239-50-96,user103104@example.ru,Москва,15.05.2025
c105563,Максим Савельев,+7 (971) 954-46-12,user105563@example.ru,Казань,19.04.2026
c91804,Ольга Осипова,+7 (966) 677-66-22,user91804@example.ru,Екатеринбург,06.06.2026
c90733,Артур Крылов,+7 (984) 186-39-94,user90733@example.ru,Москва,03.03.2026
c90595,Анна Мешков,+7 (971) 667-71-46,user90595@example.ru,Новосибирск,05.01.2026
c90917,Полина Белых,+7 (995) 818-26-91,user90917@example.ru,Екатеринбург,03.08.2024
c103386,Лидия Нестеров,+7 (975) 333-96-23,user103386@example.ru,Москва,25.03.2025
c91078,Ольга Гордеев,+7 (983) 612-45-86,user91078@example.ru,Красноярск,16.12.2024
c91955,Вера Лаптев,+7 (949) 078-21-03,user91955@example.ru,С.-Петербург,17.08.2024
c91998,Полина Ермаков,+7 (926) 636-45-30,user91998@example.ru,С.-Петербург,15.02.2026
c100972,Роман Юдина,+7 (989) 852-46-86,user100972@example.ru,Москва,01.12.2024
c90645,Алиса Мешков,+7 (957) 312-83-06,user90645@example.ru,Екатеринбург,09.04.2025
c91558,Глеб Савельев,+7 (920) 627-73-98,user91558@example.ru,С.-Петербург,03.11.2024
c90727,Юлия Сорокина,+7 (912) 935-19-51,user90727@example.ru,Екатеринбург,04.06.2025
c103482,Глеб Тихонова,+7 (995) 492-23-85,user103482@example.ru,Красноярск,27.05.2025
c104163,Кирилл Сорокина,+7 (962) 430-46-69,user104163@example.ru,Красноярск,27.02.2026
c90213,Наталья Панин,+7 (959) 451-79-53,user90213@example.ru,С.-Петербург,15.04.2025
c90921,Лидия Шилова,+7 (985) 101-29-59,user90921@example.ru,Москва,29.07.2024
c92371,Денис Шилова,+7 (932) 130-41-71,user92371@example.ru,Казань,03.10.2025
c103166,Юлия Тихонова,+7 (942) 013-91-12,user103166@example.ru,Москва,18.07.2024
c106260,Полина Шилова,+7 (921) 668-51-41,user106260@example.ru,Екатеринбург,17.06.2025
c102795,Глеб Крылов,+7 (934) 236-06-53,user102795@example.ru,Казань,27.01.2024
c91739,Ольга Белых,+7 (962) 374-99-44,user91739@example.ru,Казань,03.03.2026
c106175,Ольга Зуева,+7 (949) 127-13-29,user106175@example.ru,Екатеринбург,23.06.2025
c91149,Полина Юдина,+7 (961) 040-24-04,user91149@example.ru,Казань,23.01.2025
c102907,Вера Гордеев,+7 (939) 614-50-59,user102907@example.ru,С.-Петербург,29.04.2026
c92261,Алиса Зуева,+7 (947) 654-88-12,user92261@example.ru,С.-Петербург,12.01.2026
c103433,Полина Осипова,+7 (931) 518-24-52,user103433@example.ru,Новосибирск,16.11.2024
c90131,Ольга Белых,+7 (923) 137-77-03,user90131@example.ru,С.-Петербург,20.02.2025
c91263,Тимур Шилова,+7 (983) 693-06-82,user91263@example.ru,Екатеринбург,06.12.2024
c101365,Лидия Лаптев,+7 (961) 174-17-41,user101365@example.ru,С.-Петербург,26.10.2025
c91773,Алиса Осипова,+7 (974) 520-21-88,user91773@example.ru,Москва,28.06.2025
c91942,Павел Панин,+7 (917) 976-71-58,user91942@example.ru,Красноярск,29.01.2025
c91079,Тимур Сорокина,+7 (927) 159-48-18,user91079@example.ru,Новосибирск,31.03.2025
c106853,Глеб Ермаков,+7 (928) 783-59-55,user106853@example.ru,С.-Петербург,04.10.2025
c90506,Роман Шилова,+7 (945) 237-24-77,user90506@example.ru,Красноярск,28.04.2026
c100455,Кирилл Юдина,+7 (928) 009-03-65,user100455@example.ru,Москва,11.05.2024
c91745,Егор Лаптев,+7 (920) 394-53-98,user91745@example.ru,Екатеринбург,07.02.2025
c103844,Павел Савельев,+7 (976) 305-00-00,user103844@example.ru,Москва,16.06.2024
c91085,Игорь Крылов,+7 (942) 745-46-06,user91085@example.ru,Москва,08.02.2024
c105160,Юлия Лаптев,+7 (947) 924-10-47,user105160@example.ru,Москва,25.06.2026
c101751,Артур Мешков,+7 (964) 782-55-85,user101751@example.ru,Москва,10.04.2026
c100631,Артур Нестеров,+7 (990) 740-43-80,user100631@example.ru,Екатеринбург,19.02.2026
c91035,Лидия Юдина,+7 (985) 595-62-93,user91035@example.ru,Казань,16.05.2024
c105670,Елена Белых,+7 (997) 712-12-46,user105670@example.ru,С.-Петербург,24.09.2025
c101997,Игорь Мешков,+7 (917) 267-24-08,user101997@example.ru,С.-Петербург,24.03.2026
c106541,Роман Крылов,+7 (932) 487-24-86,user106541@example.ru,Казань,30.10.2024
c92344,Алиса Гордеев,+7 (941) 978-75-83,user92344@example.ru,Екатеринбург,20.05.2024
c91856,Егор Шилова,+7 (999) 823-53-95,user91856@example.ru,Новосибирск,28.12.2025
c92176,Мария Осипова,+7 (968) 349-12-70,user92176@example.ru,Москва,25.03.2026
c91146,Глеб Гордеев,+7 (999) 643-23-83,user91146@example.ru,Красноярск,22.09.2024
c92040,Полина Нестеров,+7 (920) 155-33-10,user92040@example.ru,Новосибирск,07.12.2025
c91894,Денис Гордеев,+7 (982) 986-68-12,user91894@example.ru,Новосибирск,27.06.2025
c90773,Алиса Савельев,+7 (935) 305-02-68,user90773@example.ru,Казань,15.05.2024
c90237,Тимур Зуева,+7 (971) 463-75-78,user90237@example.ru,Екатеринбург,07.12.2024
c104721,Мария Ермаков,+7 (928) 930-08-09,user104721@example.ru,Красноярск,07.08.2024
c105112,Ольга Лаптев,+7 (989) 274-52-33,user105112@example.ru,С.-Петербург,25.03.2025
c90020,Максим Гордеев,+7 (964) 036-29-22,user90020@example.ru,Новосибирск,05.01.2026
c90662,Денис Ермаков,+7 (975) 516-95-74,user90662@example.ru,Новосибирск,11.06.2025
c90897,Денис Зуева,+7 (998) 724-71-68,user90897@example.ru,Екатеринбург,04.07.2025
c105380,Наталья Савельев,+7 (945) 731-88-80,user105380@example.ru,С.-Петербург,03.04.2024
c91829,Роман Сорокина,+7 (941) 560-48-57,user91829@example.ru,Красноярск,27.10.2024
c90880,Полина Лаптев,+7 (966) 986-54-02,user90880@example.ru,Красноярск,11.03.2025
c101769,Роман Панин,+7 (946) 440-83-56,user101769@example.ru,Екатеринбург,27.03.2025
c90853,Наталья Савельев,+7 (925) 642-23-94,user90853@example.ru,Новосибирск,09.10.2024
c92293,Ольга Мешков,+7 (976) 957-17-32,user92293@example.ru,Новосибирск,14.03.2025
c92401,Алиса Гордеев,+7 (949) 571-40-72,user92401@example.ru,Екатеринбург,27.05.2024
c102586,Игорь Нестеров,+7 (994) 074-57-78,user102586@example.ru,С.-Петербург,05.10.2025
c92038,Игорь Панин,+7 (915) 893-44-13,user92038@example.ru,Казань,03.02.2025
c103623,Лидия Ковальчук,+7 (976) 394-73-23,user103623@example.ru,Москва,02.12.2024
c90976,Наталья Зуева,+7 (991) 370-01-15,user90976@example.ru,Красноярск,18.01.2024
c92441,Глеб Осипова,+7 (967) 382-58-97,user92441@example.ru,Екатеринбург,21.08.2025
c90692,Денис Осипова,+7 (984) 680-56-43,user90692@example.ru,Казань,17.04.2025
c90257,Алиса Юдина,+7 (986) 437-03-44,user90257@example.ru,С.-Петербург,14.09.2024
c104283,Елена Гордеев,+7 (972) 091-12-81,user104283@example.ru,Казань,06.03.2025
c90586,Анна Юдина,+7 (935) 218-29-93,user90586@example.ru,Казань,09.09.2024
c90141,Наталья Крылов,+7 (920) 099-93-17,user90141@example.ru,С.-Петербург,29.08.2024
c91940,Наталья Осипова,+7 (973) 452-07-34,user91940@example.ru,Москва,30.06.2024
c90574,Егор Сорокина,+7 (978) 488-50-23,user90574@example.ru,Москва,21.07.2024
c91938,Тимур Юдина,+7 (945) 583-64-32,user91938@example.ru,С.-Петербург,20.06.2025
c104513,Игорь Тихонова,+7 (932) 157-02-82,user104513@example.ru,Москва,29.09.2025
c90728,Полина Мешков,+7 (911) 408-34-44,user90728@example.ru,Новосибирск,16.03.2025
c91228,Анна Панин,+7 (925) 510-82-20,user91228@example.ru,Казань,01.12.2024
c105212,Павел Белых,+7 (953) 414-46-42,user105212@example.ru,Москва,15.02.2026
c104960,Юлия Лаптев,+7 (972) 431-91-09,user104960@example.ru,Казань,18.03.2025
c90693,Анна Мешков,+7 (991) 756-09-71,user90693@example.ru,Новосибирск,04.03.2024
c91821,Вера Белых,+7 (934) 914-14-95,user91821@example.ru,С.-Петербург,06.11.2024
c92137,Анна Зуева,+7 (914) 541-79-81,user92137@example.ru,Красноярск,15.09.2025
c101211,Павел Савельев,+7 (994) 471-10-76,user101211@example.ru,Новосибирск,04.05.2026
c92135,Павел Панин,+7 (985) 772-50-77,user92135@example.ru,С.-Петербург,30.04.2024
c90332,Юлия Савельев,+7 (935) 414-36-71,user90332@example.ru,Екатеринбург,30.12.2024
c101567,Игорь Ковальчук,+7 (935) 491-38-79,user101567@example.ru,С.-Петербург,20.10.2025
c103469,Глеб Нестеров,+7 (980) 248-43-60,user103469@example.ru,Москва,17.05.2025
c90248,Глеб Крылов,+7 (987) 315-31-80,user90248@example.ru,Красноярск,07.02.2026
c90421,Полина Мешков,+7 (948) 385-45-82,user90421@example.ru,Казань,23.02.2025
c90588,Вера Тихонова,+7 (928) 582-09-92,user90588@example.ru,С.-Петербург,24.06.2025
c90219,Кирилл Ковальчук,+7 (932) 083-08-69,user90219@example.ru,С.-Петербург,22.10.2024
c92235,Павел Сорокина,+7 (930) 743-25-05,user92235@example.ru,Новосибирск,14.03.2024
c91818,Егор Панин,+7 (990) 733-27-78,user91818@example.ru,Красноярск,08.09.2025
c90889,Лидия Савельев,+7 (968) 500-21-34,user90889@example.ru,Красноярск,27.03.2026
c105003,Наталья Гордеев,+7 (943) 107-94-28,user105003@example.ru,Красноярск,09.03.2025
c91107,Павел Осипова,+7 (966) 145-89-65,user91107@example.ru,Новосибирск,17.05.2026
c91530,Алиса Зуева,+7 (991) 005-72-59,user91530@example.ru,Новосибирск,08.11.2024
c101757,Ольга Шилова,+7 (932) 986-88-73,user101757@example.ru,Новосибирск,26.11.2024
c103817,Вера Осипова,+7 (966) 659-50-60,user103817@example.ru,Красноярск,16.12.2024
c105654,Денис Юдина,+7 (987) 003-87-47,user105654@example.ru,Екатеринбург,04.03.2024
c104081,Глеб Гордеев,+7 (932) 189-94-44,user104081@example.ru,Красноярск,12.02.2026
c91937,Елена Шилова,+7 (945) 071-47-25,user91937@example.ru,Екатеринбург,06.07.2024
c103665,Глеб Зуева,+7 (913) 684-39-53,user103665@example.ru,Красноярск,08.03.2025
c100854,Егор Нестеров,+7 (990) 551-76-30,user100854@example.ru,Москва,11.03.2026
c92117,Роман Сорокина,+7 (912) 690-89-26,user92117@example.ru,Казань,28.03.2024
c103382,Павел Нестеров,+7 (960) 488-17-31,user103382@example.ru,Казань,11.02.2026
c102812,Павел Крылов,+7 (962) 402-48-03,user102812@example.ru,Казань,17.03.2026
c91757,Полина Осипова,+7 (963) 729-47-87,user91757@example.ru,Екатеринбург,14.05.2025
c91397,Роман Зуева,+7 (975) 004-80-97,user91397@example.ru,Екатеринбург,13.03.2025
c91807,Егор Белых,+7 (955) 385-16-46,user91807@example.ru,С.-Петербург,18.09.2024
c90254,Алиса Нестеров,+7 (918) 992-73-50,user90254@example.ru,Казань,30.01.2024
c104309,Глеб Панин,+7 (927) 768-99-33,user104309@example.ru,Новосибирск,24.01.2024
c90992,Елена Юдина,+7 (985) 017-17-70,user90992@example.ru,Москва,08.11.2025
c106226,Глеб Осипова,+7 (940) 215-52-59,user106226@example.ru,Красноярск,01.05.2026
c103639,Тимур Осипова,+7 (920) 883-50-94,user103639@example.ru,Красноярск,03.09.2024
c92405,Елена Лаптев,+7 (949) 128-34-25,user92405@example.ru,Екатеринбург,05.02.2026
c101325,Кирилл Сорокина,+7 (972) 761-22-87,user101325@example.ru,Казань,01.03.2026
c92354,Наталья Юдина,+7 (928) 255-32-28,user92354@example.ru,Красноярск,06.02.2025
c104514,Вера Ковальчук,+7 (955) 049-50-97,user104514@example.ru,Новосибирск,26.02.2024
c91786,Денис Лаптев,+7 (994) 469-38-65,user91786@example.ru,Москва,19.09.2024
c90116,Артур Осипова,+7 (934) 306-38-94,user90116@example.ru,Екатеринбург,17.08.2025
c90018,Юлия Сорокина,+7 (958) 448-01-18,user90018@example.ru,С.-Петербург,07.02.2024
c90700,Лидия Сорокина,+7 (976) 109-18-35,user90700@example.ru,Казань,15.10.2024
c102864,Юлия Осипова,+7 (963) 524-66-20,user102864@example.ru,Екатеринбург,09.05.2024
c91617,Елена Юдина,+7 (970) 559-26-70,user91617@example.ru,Новосибирск,29.07.2025
c91695,Наталья Савельев,+7 (913) 272-77-78,user91695@example.ru,Екатеринбург,19.01.2024
c103957,Артур Крылов,+7 (931) 443-60-33,user103957@example.ru,Новосибирск,30.05.2025
c91070,Мария Гордеев,+7 (976) 443-61-24,user91070@example.ru,С.-Петербург,14.04.2026
c101516,Вера Белых,+7 (992) 435-19-15,user101516@example.ru,Москва,12.12.2024
c90235,Полина Панин,+7 (926) 636-25-05,user90235@example.ru,Казань,15.03.2024
c106188,Денис Панин,+7 (920) 492-40-63,user106188@example.ru,Москва,24.04.2026
c90770,Кирилл Шилова,+7 (967) 207-11-36,user90770@example.ru,Новосибирск,20.01.2024
c91912,Игорь Сорокина,+7 (971) 153-90-66,user91912@example.ru,Екатеринбург,09.04.2026
c90875,Павел Тихонова,+7 (983) 889-30-61,user90875@example.ru,Новосибирск,16.10.2025
c90673,Наталья Гордеев,+7 (968) 123-29-57,user90673@example.ru,Новосибирск,23.01.2026
c100994,Мария Гордеев,+7 (915) 203-04-26,user100994@example.ru,Новосибирск,18.08.2024
c101650,Денис Юдина,+7 (919) 631-19-19,user101650@example.ru,Красноярск,29.05.2024
c104993,Мария Мешков,+7 (998) 160-24-01,user104993@example.ru,С.-Петербург,09.03.2025
c92311,Денис Ермаков,+7 (962) 672-61-44,user92311@example.ru,Екатеринбург,23.10.2024
c91582,Артур Крылов,+7 (939) 023-67-85,user91582@example.ru,Екатеринбург,06.12.2024
c91721,Полина Гордеев,+7 (943) 167-54-75,user91721@example.ru,Казань,28.04.2025
c103230,Вера Шилова,+7 (933) 782-28-72,user103230@example.ru,С.-Петербург,09.06.2026
c91918,Полина Савельев,+7 (952) 471-97-63,user91918@example.ru,Казань,17.10.2025
c92370,Анна Крылов,+7 (927) 069-83-81,user92370@example.ru,Красноярск,13.08.2025
c104826,Полина Юдина,+7 (919) 097-90-80,user104826@example.ru,Казань,29.10.2024
c90639,Полина Гордеев,+7 (950) 387-99-24,user90639@example.ru,Казань,12.02.2025
c92267,Роман Шилова,+7 (993) 857-89-21,user92267@example.ru,С.-Петербург,14.06.2025
c104088,Полина Сорокина,+7 (968) 442-06-77,user104088@example.ru,Красноярск,20.03.2026
c90621,Алиса Зуева,+7 (947) 437-18-94,user90621@example.ru,Казань,14.02.2024
c91106,Тимур Крылов,+7 (969) 138-80-74,user91106@example.ru,Новосибирск,04.02.2026
c91503,Максим Шилова,+7 (975) 934-51-66,user91503@example.ru,Москва,19.02.2024
c90504,Роман Сорокина,+7 (940) 320-32-31,user90504@example.ru,Красноярск,06.09.2024
c91028,Елена Ермаков,+7 (951) 699-39-81,user91028@example.ru,Новосибирск,26.04.2026
c90668,Полина Сорокина,+7 (970) 101-10-62,user90668@example.ru,Красноярск,07.01.2025
c92466,Кирилл Сорокина,+7 (975) 966-22-71,user92466@example.ru,Новосибирск,09.07.2024
c104478,Мария Крылов,+7 (921) 090-09-66,user104478@example.ru,Казань,09.05.2026
c90165,Наталья Гордеев,+7 (910) 301-64-19,user90165@example.ru,Красноярск,24.06.2026
c91921,Вера Тихонова,+7 (924) 016-81-04,user91921@example.ru,С.-Петербург,06.01.2026
c90204,Анна Панин,+7 (937) 479-28-65,user90204@example.ru,Москва,17.01.2025
c90896,Роман Осипова,+7 (998) 850-10-40,user90896@example.ru,Красноярск,24.02.2026
c90003,Алиса Тихонова,+7 (945) 160-96-69,user90003@example.ru,С.-Петербург,11.04.2026
c106755,Егор Сорокина,+7 (945) 885-07-05,user106755@example.ru,Красноярск,20.03.2025
c91259,Егор Нестеров,+7 (917) 081-98-31,user91259@example.ru,Казань,14.05.2024
c101871,Максим Крылов,+7 (990) 498-12-26,user101871@example.ru,Казань,10.03.2025
c92168,Павел Нестеров,+7 (934) 081-56-42,user92168@example.ru,Москва,29.09.2025
c90949,Мария Белых,+7 (960) 316-21-50,user90949@example.ru,Екатеринбург,27.06.2024
c92330,Елена Зуева,+7 (930) 113-24-60,user92330@example.ru,Казань,09.12.2024
c92208,Мария Мешков,+7 (975) 036-64-47,user92208@example.ru,Новосибирск,23.11.2024
c92227,Полина Лаптев,+7 (985) 450-33-70,user92227@example.ru,Екатеринбург,02.02.2025
c90406,Вера Мешков,+7 (926) 815-27-80,user90406@example.ru,С.-Петербург,28.09.2025
c91691,Глеб Белых,+7 (998) 412-34-02,user91691@example.ru,Красноярск,17.11.2024
c91775,Анна Гордеев,+7 (916) 951-16-30,user91775@example.ru,Екатеринбург,12.03.2024
c90964,Максим Юдина,+7 (998) 239-29-83,user90964@example.ru,Красноярск,18.10.2024
c104671,Кирилл Сорокина,+7 (981) 084-48-99,user104671@example.ru,Новосибирск,14.02.2025
c91408,Тимур Нестеров,+7 (968) 760-19-52,user91408@example.ru,Новосибирск,13.03.2025
c101143,Алиса Лаптев,+7 (957) 235-14-47,user101143@example.ru,С.-Петербург,21.04.2024
c90537,Егор Савельев,+7 (984) 014-58-43,user90537@example.ru,Москва,01.06.2024
c91552,Ольга Тихонова,+7 (919) 802-40-02,user91552@example.ru,С.-Петербург,28.12.2024
c90157,Наталья Ермаков,+7 (972) 506-85-56,user90157@example.ru,Москва,18.12.2024
c91354,Артур Лаптев,+7 (981) 654-84-50,user91354@example.ru,Екатеринбург,18.07.2024
c92154,Ольга Савельев,+7 (981) 452-48-02,user92154@example.ru,Казань,02.04.2024
c92434,Лидия Осипова,+7 (953) 786-23-29,user92434@example.ru,Казань,06.04.2026
c90764,Мария Сорокина,+7 (993) 093-56-59,user90764@example.ru,Казань,16.12.2025
c91139,Мария Сорокина,+7 (995) 041-82-06,user91139@example.ru,С.-Петербург,26.02.2025
c105092,Роман Шилова,+7 (992) 445-94-08,user105092@example.ru,Красноярск,05.01.2026
c91327,Игорь Мешков,+7 (916) 216-66-89,user91327@example.ru,Екатеринбург,27.12.2024
c91890,Глеб Ермаков,+7 (967) 700-99-11,user91890@example.ru,Москва,18.03.2026
c90828,Глеб Гордеев,+7 (934) 955-35-01,user90828@example.ru,Казань,20.11.2025
c92393,Игорь Гордеев,+7 (998) 848-38-15,user92393@example.ru,Москва,09.03.2025
c92421,Максим Лаптев,+7 (976) 720-76-02,user92421@example.ru,Екатеринбург,11.12.2024
c92408,Артур Ермаков,+7 (934) 487-45-87,user92408@example.ru,Москва,13.07.2024
c90380,Тимур Белых,+7 (915) 888-74-10,user90380@example.ru,Москва,17.04.2025
c92353,Глеб Мешков,+7 (936) 928-43-51,user92353@example.ru,Москва,06.04.2025
c91870,Максим Панин,+7 (936) 000-85-91,user91870@example.ru,Москва,11.02.2024
c92186,Глеб Осипова,+7 (951) 490-55-63,user92186@example.ru,Новосибирск,10.01.2025
c100900,Денис Зуева,+7 (959) 923-62-37,user100900@example.ru,Москва,30.06.2026
c105057,Глеб Мешков,+7 (914) 392-25-33,user105057@example.ru,Новосибирск,24.11.2025
c90006,Елена Савельев,+7 (925) 010-41-50,user90006@example.ru,С.-Петербург,06.09.2024
c91981,Ольга Гордеев,+7 (960) 217-87-78,user91981@example.ru,Екатеринбург,19.01.2024
c90731,Алиса Зуева,+7 (954) 486-57-23,user90731@example.ru,Новосибирск,25.06.2026
c106034,Артур Юдина,+7 (964) 987-51-83,user106034@example.ru,Москва,02.03.2025
c91840,Глеб Мешков,+7 (939) 588-47-56,user91840@example.ru,Казань,18.05.2024
c90280,Денис Лаптев,+7 (932) 666-31-95,user90280@example.ru,Новосибирск,03.09.2024
c90119,Роман Белых,+7 (989) 583-83-31,user90119@example.ru,Новосибирск,18.01.2026
c101183,Роман Тихонова,+7 (958) 955-92-75,user101183@example.ru,С.-Петербург,28.07.2024
c91272,Ольга Шилова,+7 (933) 506-31-45,user91272@example.ru,Красноярск,08.08.2025
c90262,Юлия Сорокина,+7 (946) 702-89-31,user90262@example.ru,Казань,20.01.2026
c90106,Максим Зуева,+7 (980) 751-08-86,user90106@example.ru,Москва,20.06.2025
c91083,Тимур Крылов,+7 (966) 020-52-99,user91083@example.ru,Москва,01.05.2026
c100554,Тимур Лаптев,+7 (920) 712-32-50,user100554@example.ru,Красноярск,09.05.2026
c104887,Мария Ермаков,+7 (986) 969-08-58,user104887@example.ru,С.-Петербург,02.11.2025
c91543,Мария Лаптев,+7 (920) 462-67-99,user91543@example.ru,Казань,10.06.2025
c92322,Вера Шилова,+7 (962) 257-10-24,user92322@example.ru,Красноярск,17.12.2024
c102803,Мария Крылов,+7 (939) 800-01-44,user102803@example.ru,С.-Петербург,14.06.2026
c92335,Вера Ермаков,+7 (925) 291-39-39,user92335@example.ru,Новосибирск,04.12.2025
c105031,Кирилл Шилова,+7 (976) 354-78-42,user105031@example.ru,Казань,29.06.2025
c90021,Егор Ермаков,+7 (996) 683-04-36,user90021@example.ru,Казань,23.02.2025
c91876,Кирилл Савельев,+7 (912) 542-20-96,user91876@example.ru,Москва,22.03.2025
c104075,Егор Шилова,+7 (926) 872-54-73,user104075@example.ru,С.-Петербург,06.08.2024
c90395,Роман Савельев,+7 (928) 861-72-41,user90395@example.ru,Москва,30.03.2026
c104435,Алиса Гордеев,+7 (920) 405-28-98,user104435@example.ru,Екатеринбург,03.10.2025
c90919,Алиса Шилова,+7 (962) 015-92-03,user90919@example.ru,Красноярск,01.08.2025
c92247,Анна Тихонова,+7 (925) 131-39-39,user92247@example.ru,Москва,25.08.2025
c103706,Тимур Зуева,+7 (988) 594-29-33,user103706@example.ru,Москва,03.04.2026
c105143,Игорь Крылов,+7 (958) 868-56-90,user105143@example.ru,Новосибирск,27.03.2024
c101661,Павел Савельев,+7 (964) 967-61-74,user101661@example.ru,Новосибирск,27.01.2024
c102181,Полина Ковальчук,+7 (981) 258-03-65,user102181@example.ru,Екатеринбург,01.09.2024
c101737,Глеб Нестеров,+7 (960) 943-42-70,user101737@example.ru,Москва,13.03.2026
c100721,Наталья Ермаков,+7 (936) 132-70-79,user100721@example.ru,Красноярск,29.10.2025
c92108,Ольга Зуева,+7 (960) 575-92-18,user92108@example.ru,Екатеринбург,18.04.2026
c91853,Тимур Осипова,+7 (943) 803-50-74,user91853@example.ru,Новосибирск,11.07.2025
c90441,Лидия Крылов,+7 (952) 445-15-58,user90441@example.ru,Москва,22.09.2025
c91356,Лидия Ковальчук,+7 (953) 045-70-43,user91356@example.ru,Казань,29.01.2026
c90961,Игорь Белых,+7 (990) 683-54-22,user90961@example.ru,Екатеринбург,15.02.2024
c90618,Павел Ковальчук,+7 (943) 993-06-03,user90618@example.ru,С.-Петербург,29.08.2024
c102880,Мария Сорокина,+7 (989) 560-14-37,user102880@example.ru,С.-Петербург,09.08.2025
c91343,Вера Юдина,+7 (936) 388-58-69,user91343@example.ru,Екатеринбург,06.03.2024
c92033,Тимур Савельев,+7 (988) 662-38-00,user92033@example.ru,Екатеринбург,27.09.2024
c90452,Роман Крылов,+7 (917) 074-91-82,user90452@example.ru,Казань,06.04.2024
c104885,Кирилл Осипова,+7 (993) 898-97-73,user104885@example.ru,Екатеринбург,19.03.2026
c91968,Артур Нестеров,+7 (915) 721-97-44,user91968@example.ru,Москва,17.01.2024
c106284,Алиса Сорокина,+7 (954) 169-09-60,user106284@example.ru,Новосибирск,14.11.2025
c103038,Ольга Шилова,+7 (949) 088-47-92,user103038@example.ru,С.-Петербург,08.11.2024
c91480,Игорь Осипова,+7 (927) 098-15-54,user91480@example.ru,С.-Петербург,19.11.2025
c90701,Егор Юдина,+7 (934) 812-50-57,user90701@example.ru,Новосибирск,22.07.2024
c91666,Роман Зуева,+7 (997) 355-36-42,user91666@example.ru,Казань,04.10.2025
c92446,Денис Белых,+7 (956) 116-75-06,user92446@example.ru,Новосибирск,20.03.2024
c91514,Ольга Ковальчук,+7 (915) 666-00-64,user91514@example.ru,Москва,26.05.2024
c103597,Роман Белых,+7 (947) 598-21-06,user103597@example.ru,Москва,27.08.2024
c90049,Лидия Шилова,+7 (990) 167-00-41,user90049@example.ru,Екатеринбург,11.11.2025
c92194,Денис Крылов,+7 (969) 060-74-03,user92194@example.ru,Москва,24.08.2024
c90681,Роман Сорокина,+7 (920) 872-43-99,user90681@example.ru,Красноярск,11.03.2025
c102415,Наталья Осипова,+7 (980) 855-12-40,user102415@example.ru,Екатеринбург,12.08.2024
c91307,Роман Белых,+7 (933) 678-10-04,user91307@example.ru,С.-Петербург,24.03.2026
c91541,Юлия Шилова,+7 (974) 974-40-67,user91541@example.ru,Казань,22.01.2024
c101402,Игорь Белых,+7 (958) 747-21-24,user101402@example.ru,С.-Петербург,05.05.2025
c91209,Анна Мешков,+7 (939) 484-68-06,user91209@example.ru,Красноярск,23.04.2024
c91171,Павел Нестеров,+7 (933) 779-43-97,user91171@example.ru,Москва,30.12.2025
c90757,Анна Крылов,+7 (981) 501-10-36,user90757@example.ru,Екатеринбург,17.02.2025
c91057,Полина Осипова,+7 (911) 899-67-41,user91057@example.ru,С.-Петербург,24.06.2025
c92150,Артур Зуева,+7 (962) 782-54-59,user92150@example.ru,Новосибирск,27.06.2024
c92224,Елена Осипова,+7 (910) 971-64-77,user92224@example.ru,Москва,15.07.2025
c103598,Наталья Ковальчук,+7 (996) 252-15-25,user103598@example.ru,Новосибирск,23.11.2024
c91300,Наталья Юдина,+7 (978) 682-33-77,user91300@example.ru,Красноярск,01.07.2024
c104230,Юлия Тихонова,+7 (942) 571-19-48,user104230@example.ru,Новосибирск,10.02.2025
c92217,Егор Тихонова,+7 (941) 283-93-55,user92217@example.ru,Екатеринбург,27.01.2025
c102632,Артур Гордеев,+7 (946) 109-48-19,user102632@example.ru,С.-Петербург,24.01.2025
c101579,Глеб Мешков,+7 (961) 293-97-48,user101579@example.ru,Екатеринбург,01.06.2026
c90601,Максим Юдина,+7 (945) 523-50-30,user90601@example.ru,Казань,26.05.2025
c102299,Денис Савельев,+7 (913) 912-34-86,user102299@example.ru,Новосибирск,06.12.2024
c100847,Егор Ермаков,+7 (957) 789-99-12,user100847@example.ru,Красноярск,23.01.2026
c90750,Наталья Савельев,+7 (919) 242-86-74,user90750@example.ru,С.-Петербург,21.03.2026
c90706,Елена Осипова,+7 (924) 178-90-66,user90706@example.ru,Новосибирск,16.05.2024
c92189,Юлия Белых,+7 (992) 201-19-60,user92189@example.ru,Москва,27.07.2025
c90168,Лидия Савельев,+7 (928) 787-63-26,user90168@example.ru,Казань,15.02.2026
c90718,Лидия Лаптев,+7 (989) 082-20-63,user90718@example.ru,Красноярск,10.05.2025
c101843,Игорь Тихонова,+7 (967) 920-57-63,user101843@example.ru,Москва,12.02.2024
c90247,Денис Лаптев,+7 (975) 670-21-26,user90247@example.ru,Новосибирск,21.09.2024
c90041,Максим Ермаков,+7 (918) 419-35-31,user90041@example.ru,С.-Петербург,23.06.2025
c91129,Наталья Зуева,+7 (998) 790-81-81,user91129@example.ru,Москва,08.06.2025
c106353,Артур Белых,+7 (921) 724-40-18,user106353@example.ru,С.-Петербург,30.11.2025
c91524,Егор Нестеров,+7 (962) 920-21-61,user91524@example.ru,Красноярск,01.01.2025
c90518,Юлия Савельев,+7 (923) 993-23-45,user90518@example.ru,Москва,20.06.2026
c90792,Максим Зуева,+7 (971) 042-64-27,user90792@example.ru,С.-Петербург,26.06.2026
c90166,Вера Сорокина,+7 (990) 909-27-22,user90166@example.ru,Новосибирск,07.07.2025
c90515,Анна Белых,+7 (914) 445-01-50,user90515@example.ru,Москва,18.09.2025
c105067,Игорь Лаптев,+7 (990) 451-16-39,user105067@example.ru,Новосибирск,21.06.2026
c104555,Артур Лаптев,+7 (916) 681-54-38,user104555@example.ru,Казань,25.07.2024
c91764,Кирилл Ковальчук,+7 (926) 461-23-34,user91764@example.ru,Красноярск,20.10.2024
c92069,Алиса Зуева,+7 (947) 513-05-55,user92069@example.ru,Новосибирск,13.07.2024
c100208,Алиса Нестеров,+7 (976) 092-73-41,user100208@example.ru,Москва,26.09.2024
c90275,Тимур Тихонова,+7 (916) 070-59-08,user90275@example.ru,Красноярск,12.04.2026
c90107,Тимур Сорокина,+7 (926) 160-52-18,user90107@example.ru,Москва,26.01.2024
c103921,Елена Ковальчук,+7 (951) 033-53-88,user103921@example.ru,С.-Петербург,03.11.2024
c90623,Ольга Лаптев,+7 (924) 195-40-70,user90623@example.ru,Екатеринбург,12.10.2024
c90557,Глеб Гордеев,+7 (976) 841-32-68,user90557@example.ru,Красноярск,08.05.2025
c106696,Наталья Крылов,+7 (965) 246-53-20,user106696@example.ru,С.-Петербург,02.09.2024
c92356,Лидия Юдина,+7 (929) 143-38-88,user92356@example.ru,Екатеринбург,26.01.2024
c91273,Кирилл Сорокина,+7 (914) 208-23-00,user91273@example.ru,Новосибирск,04.02.2025
c90156,Ольга Тихонова,+7 (991) 549-17-90,user90156@example.ru,Казань,18.04.2025
c104107,Елена Тихонова,+7 (917) 734-61-74,user104107@example.ru,Красноярск,09.01.2025
c91504,Ольга Лаптев,+7 (970) 383-47-02,user91504@example.ru,Екатеринбург,30.04.2025
c90734,Полина Ковальчук,+7 (997) 157-32-90,user90734@example.ru,Екатеринбург,06.04.2026
c91320,Игорь Ковальчук,+7 (946) 199-69-10,user91320@example.ru,Красноярск,19.02.2024
c90304,Артур Ковальчук,+7 (926) 334-02-89,user90304@example.ru,Новосибирск,03.12.2025
c91161,Ольга Крылов,+7 (971) 572-67-32,user91161@example.ru,Екатеринбург,27.07.2024
c91932,Вера Тихонова,+7 (935) 858-37-91,user91932@example.ru,Красноярск,30.06.2025
c90082,Полина Юдина,+7 (919) 664-88-98,user90082@example.ru,Новосибирск,29.06.2024
c90343,Кирилл Юдина,+7 (963) 929-61-68,user90343@example.ru,Красноярск,25.11.2025
c90514,Кирилл Ермаков,+7 (959) 515-56-83,user90514@example.ru,Новосибирск,17.05.2024
c101117,Мария Юдина,+7 (919) 180-83-52,user101117@example.ru,Екатеринбург,06.03.2024
c92145,Кирилл Сорокина,+7 (992) 686-15-28,user92145@example.ru,Москва,22.06.2025
c101197,Полина Панин,+7 (981) 301-98-69,user101197@example.ru,Екатеринбург,24.02.2026
c92432,Елена Белых,+7 (947) 662-79-86,user92432@example.ru,Екатеринбург,13.07.2024
c91908,Полина Сорокина,+7 (923) 540-45-74,user91908@example.ru,Екатеринбург,25.05.2024
c92058,Кирилл Сорокина,+7 (934) 970-53-40,user92058@example.ru,Екатеринбург,12.05.2026
c90457,Анна Зуева,+7 (990) 466-33-01,user90457@example.ru,Екатеринбург,12.12.2024
c100476,Елена Белых,+7 (979) 003-57-97,user100476@example.ru,Красноярск,28.04.2024
c105371,Анна Мешков,+7 (916) 684-77-28,user105371@example.ru,Новосибирск,30.08.2024
c103165,Глеб Лаптев,+7 (948) 454-51-35,user103165@example.ru,Казань,04.09.2025
c92075,Кирилл Крылов,+7 (987) 198-38-82,user92075@example.ru,Казань,03.10.2025
c92041,Максим Осипова,+7 (940) 477-00-15,user92041@example.ru,Красноярск,03.03.2024
c90208,Наталья Нестеров,+7 (958) 462-81-36,user90208@example.ru,Казань,15.07.2025
c91581,Игорь Лаптев,+7 (957) 695-06-08,user91581@example.ru,Москва,19.03.2024
c90803,Глеб Гордеев,+7 (945) 557-09-80,user90803@example.ru,Москва,07.08.2024
c104387,Игорь Тихонова,+7 (969) 497-93-82,user104387@example.ru,С.-Петербург,26.07.2025
c106682,Анна Ковальчук,+7 (918) 877-17-81,user106682@example.ru,Москва,30.06.2024
c106895,Полина Шилова,+7 (960) 787-75-20,user106895@example.ru,Красноярск,09.05.2026
c91156,Анна Савельев,+7 (936) 569-61-85,user91156@example.ru,Красноярск,01.10.2024
c100255,Максим Нестеров,+7 (982) 724-07-46,user100255@example.ru,Новосибирск,17.05.2025
c101903,Тимур Белых,+7 (954) 813-17-27,user101903@example.ru,Москва,01.02.2026
c91254,Наталья Юдина,+7 (957) 213-15-28,user91254@example.ru,Казань,16.05.2024
c91907,Мария Белых,+7 (957) 046-57-30,user91907@example.ru,С.-Петербург,20.08.2024
c91663,Ольга Юдина,+7 (992) 065-97-36,user91663@example.ru,Екатеринбург,23.01.2026
c100964,Полина Ермаков,+7 (976) 752-62-41,user100964@example.ru,Казань,05.06.2024
c101057,Мария Тихонова,+7 (962) 036-05-87,user101057@example.ru,Новосибирск,27.02.2024
c92302,Ольга Гордеев,+7 (958) 392-75-94,user92302@example.ru,Новосибирск,16.04.2026
c92191,Вера Зуева,+7 (987) 125-10-98,user92191@example.ru,С.-Петербург,25.04.2026
c104654,Вера Шилова,+7 (962) 826-95-81,user104654@example.ru,Казань,13.01.2024
c101503,Егор Савельев,+7 (994) 873-40-18,user101503@example.ru,С.-Петербург,02.05.2026
c91506,Егор Панин,+7 (979) 800-82-30,user91506@example.ru,Москва,29.04.2024
c101055,Кирилл Ермаков,+7 (959) 511-04-17,user101055@example.ru,Екатеринбург,26.09.2024
c91051,Юлия Гордеев,+7 (918) 418-09-10,user91051@example.ru,С.-Петербург,27.09.2025
c91066,Максим Зуева,+7 (979) 608-33-23,user91066@example.ru,Казань,27.04.2024
c92398,Павел Шилова,+7 (943) 160-03-50,user92398@example.ru,Москва,27.06.2026
c92140,Юлия Ковальчук,+7 (950) 097-13-05,user92140@example.ru,Москва,23.02.2026
c92234,Игорь Лаптев,+7 (959) 525-59-47,user92234@example.ru,Москва,28.03.2025
c92438,Егор Панин,+7 (957) 858-97-63,user92438@example.ru,Красноярск,18.09.2024
c91795,Тимур Панин,+7 (956) 961-99-82,user91795@example.ru,Екатеринбург,04.06.2025
c90076,Полина Мешков,+7 (936) 239-05-19,user90076@example.ru,Новосибирск,01.11.2025
c106566,Глеб Лаптев,+7 (966) 551-53-24,user106566@example.ru,С.-Петербург,20.11.2025
c100366,Павел Лаптев,+7 (915) 360-59-71,user100366@example.ru,Казань,01.12.2025
c91623,Денис Сорокина,+7 (910) 463-27-03,user91623@example.ru,Москва,19.08.2024
c103925,Вера Осипова,+7 (943) 407-67-60,user103925@example.ru,Казань,12.04.2025
c91529,Юлия Лаптев,+7 (985) 503-57-68,user91529@example.ru,Казань,05.04.2026
c91963,Павел Лаптев,+7 (969) 735-44-73,user91963@example.ru,Казань,27.04.2026
c91166,Глеб Тихонова,+7 (987) 040-11-17,user91166@example.ru,С.-Петербург,12.05.2026
c90145,Артур Тихонова,+7 (971) 649-36-19,user90145@example.ru,Москва,09.02.2026
c100243,Юлия Мешков,+7 (977) 636-11-09,user100243@example.ru,Красноярск,22.02.2024
c90348,Тимур Ковальчук,+7 (916) 090-57-66,user90348@example.ru,Красноярск,06.02.2026
c104381,Лидия Гордеев,+7 (930) 138-92-17,user104381@example.ru,Москва,29.03.2024
c90492,Максим Ковальчук,+7 (993) 440-83-29,user90492@example.ru,Красноярск,23.07.2024
c104466,Денис Шилова,+7 (982) 320-29-48,user104466@example.ru,С.-Петербург,11.11.2025
c90016,Глеб Осипова,+7 (969) 628-23-06,user90016@example.ru,Красноярск,24.04.2024
c102028,Анна Юдина,+7 (979) 960-97-38,user102028@example.ru,С.-Петербург,28.05.2024
c103479,Егор Сорокина,+7 (970) 642-05-97,user103479@example.ru,Красноярск,15.04.2026
c101772,Наталья Шилова,+7 (945) 036-53-71,user101772@example.ru,Екатеринбург,04.10.2024
c90442,Мария Гордеев,+7 (938) 972-49-94,user90442@example.ru,Москва,30.11.2025
c104268,Роман Мешков,+7 (920) 921-39-18,user104268@example.ru,С.-Петербург,01.10.2025
c91062,Лидия Шилова,+7 (979) 111-58-30,user91062@example.ru,С.-Петербург,12.07.2024
c90132,Глеб Нестеров,+7 (972) 226-14-66,user90132@example.ru,Красноярск,26.08.2025
c91434,Юлия Тихонова,+7 (965) 513-15-42,user91434@example.ru,Москва,13.02.2025
c103619,Полина Крылов,+7 (987) 306-51-09,user103619@example.ru,Казань,01.01.2025
c101719,Роман Осипова,+7 (921) 182-00-55,user101719@example.ru,С.-Петербург,10.09.2024
c104865,Лидия Зуева,+7 (987) 499-97-17,user104865@example.ru,Москва,22.06.2026
c91665,Роман Зуева,+7 (924) 793-08-86,user91665@example.ru,Красноярск,16.11.2024
c90659,Вера Крылов,+7 (940) 361-28-44,user90659@example.ru,С.-Петербург,07.03.2025
c106042,Анна Осипова,+7 (955) 639-47-08,user106042@example.ru,Красноярск,07.10.2025
c102200,Наталья Шилова,+7 (955) 170-72-75,user102200@example.ru,Москва,16.11.2025
c105653,Егор Ковальчук,+7 (994) 401-65-00,user105653@example.ru,Красноярск,25.03.2026
c105436,Юлия Мешков,+7 (966) 305-77-56,user105436@example.ru,Красноярск,13.04.2026
c91196,Лидия Лаптев,+7 (929) 445-91-36,user91196@example.ru,Екатеринбург,19.09.2024
c92106,Мария Панин,+7 (948) 977-67-68,user92106@example.ru,Новосибирск,15.08.2025
c90600,Артур Белых,+7 (973) 354-44-82,user90600@example.ru,Екатеринбург,16.12.2024
c92102,Алиса Мешков,+7 (915) 760-82-90,user92102@example.ru,Екатеринбург,18.03.2024
c91144,Денис Ковальчук,+7 (943) 015-76-13,user91144@example.ru,С.-Петербург,29.05.2025
c105628,Роман Лаптев,+7 (976) 290-56-23,user105628@example.ru,Казань,14.01.2025
c91550,Денис Сорокина,+7 (950) 481-90-13,user91550@example.ru,Москва,03.05.2025
c92345,Юлия Юдина,+7 (949) 335-39-72,user92345@example.ru,С.-Петербург,20.08.2025
c90704,Игорь Юдина,+7 (989) 402-25-54,user90704@example.ru,Красноярск,17.05.2025
c91065,Максим Тихонова,+7 (990) 220-72-50,user91065@example.ru,С.-Петербург,22.02.2026
c100415,Лидия Ковальчук,+7 (912) 547-13-79,user100415@example.ru,Москва,19.11.2025
c92066,Вера Гордеев,+7 (988) 352-36-95,user92066@example.ru,С.-Петербург,08.01.2025
c106878,Алиса Ермаков,+7 (963) 495-38-32,user106878@example.ru,Екатеринбург,05.09.2025
c104027,Глеб Сорокина,+7 (932) 975-94-85,user104027@example.ru,Москва,08.04.2025
c90312,Лидия Белых,+7 (917) 221-48-11,user90312@example.ru,Екатеринбург,13.11.2024
c91476,Тимур Юдина,+7 (971) 450-59-36,user91476@example.ru,Екатеринбург,14.08.2025
c100481,Юлия Зуева,+7 (996) 043-83-83,user100481@example.ru,Москва,13.12.2025
c90573,Елена Нестеров,+7 (943) 774-82-30,user90573@example.ru,С.-Петербург,19.11.2025
c91964,Лидия Панин,+7 (946) 792-24-52,user91964@example.ru,Казань,28.07.2024
c92063,Павел Осипова,+7 (948) 329-29-27,user92063@example.ru,С.-Петербург,06.11.2024
c91899,Анна Гордеев,+7 (982) 563-74-68,user91899@example.ru,Екатеринбург,24.02.2025
c101947,Лидия Ковальчук,+7 (922) 798-18-59,user101947@example.ru,Красноярск,18.09.2025
c105163,Мария Крылов,+7 (959) 593-64-61,user105163@example.ru,Казань,28.05.2026
c102206,Полина Зуева,+7 (926) 389-20-16,user102206@example.ru,Екатеринбург,30.01.2025
c101633,Ольга Ковальчук,+7 (935) 400-48-92,user101633@example.ru,Москва,26.04.2026
c91644,Глеб Панин,+7 (978) 312-78-78,user91644@example.ru,С.-Петербург,08.01.2026
c90526,Вера Ермаков,+7 (925) 870-85-74,user90526@example.ru,Красноярск,14.11.2025
c92231,Ольга Осипова,+7 (925) 779-14-97,user92231@example.ru,Казань,03.05.2025
c106356,Егор Зуева,+7 (948) 604-32-66,user106356@example.ru,Екатеринбург,08.06.2024
c91108,Ольга Гордеев,+7 (991) 963-81-57,user91108@example.ru,Екатеринбург,08.04.2026
c91375,Мария Ермаков,+7 (992) 707-96-84,user91375@example.ru,Екатеринбург,11.06.2024
c91925,Денис Зуева,+7 (959) 266-47-90,user91925@example.ru,Новосибирск,30.08.2024
c92095,Денис Шилова,+7 (915) 137-75-26,user92095@example.ru,Казань,02.01.2025
c90361,Максим Мешков,+7 (989) 037-98-73,user90361@example.ru,Екатеринбург,01.03.2026
c104416,Полина Мешков,+7 (951) 554-67-33,user104416@example.ru,Екатеринбург,23.08.2025
c106789,Мария Шилова,+7 (961) 655-71-08,user106789@example.ru,Казань,27.02.2024
c105054,Роман Ковальчук,+7 (971) 395-76-06,user105054@example.ru,С.-Петербург,29.04.2026
c90931,Полина Шилова,+7 (968) 678-84-91,user90931@example.ru,Москва,26.07.2024
c91928,Егор Крылов,+7 (990) 468-38-04,user91928@example.ru,Красноярск,11.03.2024
c101160,Елена Белых,+7 (989) 736-61-52,user101160@example.ru,Москва,08.11.2025
c102743,Лидия Крылов,+7 (933) 554-08-18,user102743@example.ru,Красноярск,22.04.2026
c104717,Игорь Сорокина,+7 (962) 509-50-23,user104717@example.ru,С.-Петербург,18.04.2024
c91875,Роман Юдина,+7 (932) 245-46-57,user91875@example.ru,Казань,03.11.2025
c91844,Лидия Панин,+7 (931) 185-62-33,user91844@example.ru,Казань,20.11.2024
c105971,Кирилл Мешков,+7 (960) 191-24-65,user105971@example.ru,Красноярск,13.02.2026
c91299,Глеб Юдина,+7 (916) 741-97-49,user91299@example.ru,С.-Петербург,07.03.2025
c91392,Анна Гордеев,+7 (919) 788-50-58,user91392@example.ru,Екатеринбург,26.10.2024
c90479,Ольга Шилова,+7 (925) 557-07-27,user90479@example.ru,Екатеринбург,01.06.2026
c91248,Лидия Зуева,+7 (968) 487-01-70,user91248@example.ru,С.-Петербург,24.04.2024
c91280,Мария Ермаков,+7 (978) 722-03-39,user91280@example.ru,Новосибирск,29.10.2025
c104825,Егор Нестеров,+7 (921) 987-25-83,user104825@example.ru,С.-Петербург,13.11.2024
c90507,Елена Тихонова,+7 (922) 632-74-25,user90507@example.ru,С.-Петербург,25.03.2026
c91673,Анна Савельев,+7 (948) 554-14-12,user91673@example.ru,Казань,06.05.2024
c102438,Юлия Ковальчук,+7 (964) 615-91-64,user102438@example.ru,Москва,06.02.2025
c90001,Кирилл Сорокина,+7 (953) 693-74-88,user90001@example.ru,Казань,15.03.2026
c92469,Роман Осипова,+7 (918) 617-21-73,user92469@example.ru,Новосибирск,22.06.2026
c100140,Юлия Мешков,+7 (989) 018-63-80,user100140@example.ru,Новосибирск,26.01.2026
c100592,Роман Крылов,+7 (914) 341-02-12,user100592@example.ru,Екатеринбург,21.03.2025
c92419,Денис Сорокина,+7 (983) 131-84-11,user92419@example.ru,Екатеринбург,12.07.2024
c90480,Анна Юдина,+7 (949) 944-42-21,user90480@example.ru,Красноярск,12.08.2024
c92002,Роман Тихонова,+7 (970) 896-60-10,user92002@example.ru,Казань,09.03.2026
c90481,Тимур Белых,+7 (976) 161-92-20,user90481@example.ru,Новосибирск,05.04.2024
c90767,Егор Осипова,+7 (983) 889-39-65,user90767@example.ru,С.-Петербург,18.07.2025
c90399,Мария Ермаков,+7 (987) 895-10-32,user90399@example.ru,Москва,16.09.2024
c104126,Егор Зуева,+7 (991) 254-56-31,user104126@example.ru,Новосибирск,25.06.2026
c91177,Вера Гордеев,+7 (911) 220-66-55,user91177@example.ru,Москва,16.05.2025
c92242,Максим Шилова,+7 (965) 126-18-52,user92242@example.ru,Москва,08.11.2025
c91822,Юлия Сорокина,+7 (984) 823-84-67,user91822@example.ru,Новосибирск,23.10.2025
c91044,Роман Осипова,+7 (917) 470-35-05,user91044@example.ru,С.-Петербург,19.12.2025
c101362,Елена Сорокина,+7 (977) 321-41-34,user101362@example.ru,С.-Петербург,29.08.2024
c103226,Тимур Панин,+7 (917) 537-87-54,user103226@example.ru,Москва,15.07.2024
c104795,Павел Сорокина,+7 (923) 497-72-11,user104795@example.ru,Екатеринбург,05.09.2024
c102892,Максим Лаптев,+7 (976) 725-24-13,user102892@example.ru,Москва,24.08.2024
c91641,Лидия Савельев,+7 (972) 396-73-91,user91641@example.ru,Красноярск,14.05.2026
c90698,Вера Сорокина,+7 (988) 081-06-56,user90698@example.ru,Москва,01.03.2026
c102189,Максим Гордеев,+7 (939) 279-88-33,user102189@example.ru,Казань,26.11.2024
c91412,Глеб Зуева,+7 (920) 937-28-68,user91412@example.ru,Екатеринбург,09.02.2025
c91321,Анна Тихонова,+7 (973) 061-59-17,user91321@example.ru,Казань,30.04.2025
c91568,Павел Ковальчук,+7 (987) 872-04-73,user91568@example.ru,Москва,28.01.2026
c104241,Анна Осипова,+7 (953) 765-61-77,user104241@example.ru,Москва,17.06.2026
c100893,Вера Савельев,+7 (938) 915-11-15,user100893@example.ru,Казань,24.05.2024
c90434,Павел Панин,+7 (940) 944-05-54,user90434@example.ru,Москва,17.06.2024
c92409,Артур Нестеров,+7 (942) 665-54-22,user92409@example.ru,Казань,06.04.2024
c90675,Мария Зуева,+7 (984) 924-57-65,user90675@example.ru,Красноярск,17.01.2025
c91660,Кирилл Гордеев,+7 (940) 532-02-08,user91660@example.ru,Новосибирск,29.04.2024
c90093,Павел Гордеев,+7 (972) 981-76-41,user90093@example.ru,Новосибирск,02.02.2025
c90229,Алиса Лаптев,+7 (939) 293-49-19,user90229@example.ru,Новосибирск,05.01.2025
c91486,Полина Осипова,+7 (987) 572-14-57,user91486@example.ru,Казань,14.01.2024
c91359,Денис Нестеров,+7 (997) 783-14-48,user91359@example.ru,Новосибирск,02.03.2026
c91382,Алиса Мешков,+7 (914) 246-33-01,user91382@example.ru,Новосибирск,22.10.2024
c105661,Артур Нестеров,+7 (946) 324-88-26,user105661@example.ru,Казань,30.03.2025
c105096,Глеб Зуева,+7 (943) 008-46-08,user105096@example.ru,Новосибирск,07.10.2024
c90103,Алиса Лаптев,+7 (984) 431-89-43,user90103@example.ru,Новосибирск,02.12.2024
c102715,Кирилл Белых,+7 (980) 415-59-51,user102715@example.ru,Екатеринбург,29.03.2024
c101636,Юлия Савельев,+7 (953) 068-44-61,user101636@example.ru,Москва,14.11.2025
c100560,Анна Савельев,+7 (952) 497-78-17,user100560@example.ru,Екатеринбург,24.09.2025
c101054,Наталья Гордеев,+7 (983) 206-53-04,user101054@example.ru,Новосибирск,01.04.2025
c91993,Юлия Крылов,+7 (928) 578-27-58,user91993@example.ru,Екатеринбург,22.02.2025
c92343,Роман Савельев,+7 (962) 282-77-59,user92343@example.ru,Казань,03.03.2024
c91730,Вера Шилова,+7 (912) 233-24-65,user91730@example.ru,Екатеринбург,23.05.2024
c106630,Кирилл Ковальчук,+7 (973) 744-82-24,user106630@example.ru,Екатеринбург,12.06.2024
c90943,Денис Гордеев,+7 (994) 924-80-17,user90943@example.ru,С.-Петербург,03.04.2024
c90362,Полина Мешков,+7 (962) 344-74-64,user90362@example.ru,Новосибирск,30.06.2026
c90847,Наталья Юдина,+7 (961) 351-62-56,user90847@example.ru,Москва,09.09.2024
c100119,Ольга Зуева,+7 (988) 141-97-09,user100119@example.ru,С.-Петербург,28.01.2024
c102982,Егор Сорокина,+7 (934) 030-14-14,user102982@example.ru,Москва,23.11.2024
c91866,Ольга Тихонова,+7 (918) 375-11-61,user91866@example.ru,Екатеринбург,16.09.2024
c91278,Кирилл Шилова,+7 (915) 771-67-55,user91278@example.ru,Новосибирск,08.05.2024
c91131,Мария Нестеров,+7 (989) 608-40-04,user91131@example.ru,Казань,17.01.2025
c92324,Максим Гордеев,+7 (916) 785-89-80,user92324@example.ru,С.-Петербург,16.05.2024
c90589,Роман Шилова,+7 (971) 087-98-30,user90589@example.ru,Красноярск,23.12.2025
c90787,Павел Сорокина,+7 (986) 151-79-88,user90787@example.ru,Красноярск,28.04.2025
c105211,Глеб Гордеев,+7 (979) 508-12-57,user105211@example.ru,Москва,21.11.2024
c91497,Денис Лаптев,+7 (975) 808-87-12,user91497@example.ru,Екатеринбург,01.10.2025
c90092,Роман Зуева,+7 (948) 897-63-38,user90092@example.ru,Казань,07.10.2024
c101351,Алиса Лаптев,+7 (945) 962-69-52,user101351@example.ru,Красноярск,15.05.2026
c90854,Лидия Юдина,+7 (946) 022-87-25,user90854@example.ru,Москва,02.11.2024
c90816,Артур Ковальчук,+7 (941) 343-98-41,user90816@example.ru,Новосибирск,13.04.2025
c90271,Максим Нестеров,+7 (937) 361-80-94,user90271@example.ru,Москва,29.01.2026
c100076,Мария Нестеров,+7 (947) 177-24-32,user100076@example.ru,Екатеринбург,14.05.2026
c91645,Тимур Савельев,+7 (913) 665-58-70,user91645@example.ru,Новосибирск,14.02.2026
c90819,Лидия Лаптев,+7 (921) 136-77-21,user90819@example.ru,Новосибирск,06.12.2024
c90924,Алиса Нестеров,+7 (953) 208-82-45,user90924@example.ru,С.-Петербург,07.03.2024
c91639,Артур Сорокина,+7 (919) 600-11-36,user91639@example.ru,С.-Петербург,13.05.2025
c90123,Мария Ковальчук,+7 (962) 979-37-97,user90123@example.ru,Красноярск,02.08.2024
c103040,Елена Зуева,+7 (975) 980-04-54,user103040@example.ru,Красноярск,02.12.2025
c90194,Елена Зуева,+7 (937) 949-55-06,user90194@example.ru,Екатеринбург,17.08.2024
c91474,Артур Ковальчук,+7 (937) 090-21-71,user91474@example.ru,Новосибирск,04.04.2026
c91794,Павел Тихонова,+7 (929) 421-34-47,user91794@example.ru,С.-Петербург,21.11.2025
c92477,Артур Лаптев,+7 (947) 480-43-62,user92477@example.ru,Казань,03.10.2024
c92035,Игорь Крылов,+7 (969) 195-69-65,user92035@example.ru,Новосибирск,06.02.2024
c105152,Алиса Лаптев,+7 (983) 577-90-70,user105152@example.ru,Москва,19.03.2024
c91624,Кирилл Крылов,+7 (988) 964-20-83,user91624@example.ru,С.-Петербург,22.04.2025
c100547,Мария Мешков,+7 (984) 943-39-58,user100547@example.ru,Новосибирск,06.05.2024
c91539,Алиса Тихонова,+7 (936) 789-84-68,user91539@example.ru,Новосибирск,04.03.2024
c91595,Роман Гордеев,+7 (957) 891-10-12,user91595@example.ru,Новосибирск,22.01.2024
c91060,Максим Панин,+7 (940) 231-02-26,user91060@example.ru,Красноярск,01.06.2024
c90549,Роман Савельев,+7 (948) 071-80-86,user90549@example.ru,Москва,07.12.2024
c101396,Егор Белых,+7 (960) 521-65-16,user101396@example.ru,Новосибирск,07.06.2024
c90703,Павел Лаптев,+7 (936) 007-64-38,user90703@example.ru,Новосибирск,17.09.2025
c91720,Глеб Тихонова,+7 (938) 643-75-51,user91720@example.ru,Казань,18.12.2025
c91373,Егор Ермаков,+7 (935) 040-58-72,user91373@example.ru,С.-Петербург,14.12.2025
c90915,Артур Тихонова,+7 (924) 797-22-18,user90915@example.ru,Красноярск,16.09.2025
c90674,Вера Лаптев,+7 (984) 906-50-59,user90674@example.ru,Красноярск,24.07.2025
c104688,Тимур Савельев,+7 (962) 242-43-94,user104688@example.ru,Казань,18.01.2025
c104711,Максим Шилова,+7 (950) 674-48-17,user104711@example.ru,Красноярск,05.12.2024
c90023,Артур Нестеров,+7 (940) 547-89-27,user90023@example.ru,С.-Петербург,29.06.2025
c105825,Денис Гордеев,+7 (920) 578-99-48,user105825@example.ru,Казань,27.06.2026
c91505,Егор Сорокина,+7 (938) 768-60-68,user91505@example.ru,Новосибирск,13.12.2025
c91495,Роман Крылов,+7 (934) 957-97-95,user91495@example.ru,Новосибирск,23.04.2025
c100134,Лидия Гордеев,+7 (939) 569-25-44,user100134@example.ru,Новосибирск,21.04.2024
c103990,Юлия Тихонова,+7 (920) 729-68-35,user103990@example.ru,Москва,18.10.2025
c91538,Тимур Сорокина,+7 (988) 095-84-46,user91538@example.ru,Казань,20.03.2024
c91004,Денис Шилова,+7 (948) 469-32-66,user91004@example.ru,Новосибирск,09.07.2025
c90936,Максим Панин,+7 (920) 083-21-86,user90936@example.ru,Красноярск,29.12.2025
c92013,Павел Зуева,+7 (968) 546-08-34,user92013@example.ru,Казань,19.10.2025
c92406,Полина Лаптев,+7 (967) 517-11-02,user92406@example.ru,Казань,06.03.2026
c90180,Роман Белых,+7 (929) 674-15-78,user90180@example.ru,Казань,10.09.2024
c92300,Алиса Савельев,+7 (999) 234-11-41,user92300@example.ru,Казань,13.12.2025
c100870,Роман Осипова,+7 (995) 759-44-50,user100870@example.ru,Красноярск,12.02.2025
c91971,Егор Зуева,+7 (943) 002-44-25,user91971@example.ru,Красноярск,15.06.2025
c90068,Павел Мешков,+7 (981) 900-25-10,user90068@example.ru,Екатеринбург,17.08.2025
c90866,Игорь Юдина,+7 (970) 470-48-38,user90866@example.ru,Новосибирск,12.09.2024
c102366,Юлия Тихонова,+7 (962) 660-29-03,user102366@example.ru,Москва,07.07.2025
c91941,Игорь Нестеров,+7 (924) 642-55-47,user91941@example.ru,С.-Петербург,18.02.2024
c91419,Алиса Панин,+7 (957) 369-78-89,user91419@example.ru,Красноярск,05.03.2025
c90396,Елена Осипова,+7 (932) 982-58-68,user90396@example.ru,Екатеринбург,05.04.2024
c101165,Кирилл Мешков,+7 (926) 941-33-99,user101165@example.ru,Казань,09.06.2025
c90611,Тимур Зуева,+7 (953) 443-74-98,user90611@example.ru,Екатеринбург,14.06.2025
c90008,Елена Мешков,+7 (984) 297-41-02,user90008@example.ru,Москва,17.02.2026
c90967,Вера Нестеров,+7 (937) 515-33-99,user90967@example.ru,Екатеринбург,17.02.2025
c90088,Игорь Зуева,+7 (935) 099-92-21,user90088@example.ru,С.-Петербург,07.06.2026
c91055,Егор Тихонова,+7 (966) 055-49-40,user91055@example.ru,С.-Петербург,28.05.2024
c90591,Павел Шилова,+7 (992) 194-49-32,user90591@example.ru,С.-Петербург,28.03.2026
c92163,Мария Осипова,+7 (951) 417-54-76,user92163@example.ru,С.-Петербург,28.12.2025
c90022,Глеб Савельев,+7 (986) 358-13-15,user90022@example.ru,Москва,18.01.2024
c92010,Роман Юдина,+7 (943) 024-79-90,user92010@example.ru,Новосибирск,07.11.2024
c90872,Наталья Нестеров,+7 (931) 382-89-21,user90872@example.ru,С.-Петербург,28.04.2024
c91193,Наталья Савельев,+7 (935) 009-17-67,user91193@example.ru,Казань,25.02.2025
c90040,Лидия Савельев,+7 (997) 844-63-70,user90040@example.ru,Новосибирск,28.05.2025
c100151,Полина Савельев,+7 (953) 962-88-05,user100151@example.ru,Новосибирск,20.10.2025
c102098,Роман Белых,+7 (990) 878-78-02,user102098@example.ru,Красноярск,17.03.2025
c100735,Вера Ермаков,+7 (932) 879-51-10,user100735@example.ru,Красноярск,11.06.2024
c91508,Роман Ковальчук,+7 (947) 786-66-79,user91508@example.ru,Казань,31.05.2024
c91020,Максим Мешков,+7 (935) 471-52-43,user91020@example.ru,С.-Петербург,19.02.2026
c91011,Алиса Ковальчук,+7 (992) 364-20-67,user91011@example.ru,С.-Петербург,03.05.2025
c90098,Кирилл Панин,+7 (955) 174-11-09,user90098@example.ru,Красноярск,13.03.2025
c92008,Полина Крылов,+7 (997) 755-77-64,user92008@example.ru,Новосибирск,11.12.2025
c91675,Максим Крылов,+7 (910) 473-39-67,user91675@example.ru,Красноярск,06.03.2025
c106465,Максим Ковальчук,+7 (963) 652-01-52,user106465@example.ru,С.-Петербург,29.01.2024
c92429,Юлия Юдина,+7 (927) 973-83-80,user92429@example.ru,Казань,26.03.2025
c103463,Егор Ковальчук,+7 (922) 409-41-08,user103463@example.ru,С.-Петербург,11.01.2026
c90379,Ольга Тихонова,+7 (918) 856-10-31,user90379@example.ru,Казань,10.08.2025
c91896,Наталья Гордеев,+7 (922) 633-07-39,user91896@example.ru,Красноярск,22.10.2024
c91725,Лидия Крылов,+7 (983) 993-54-85,user91725@example.ru,С.-Петербург,14.02.2025
c106107,Мария Крылов,+7 (999) 685-04-16,user106107@example.ru,Екатеринбург,06.11.2024
c92110,Глеб Ермаков,+7 (994) 253-22-22,user92110@example.ru,Красноярск,08.02.2026
c102762,Елена Ермаков,+7 (933) 342-84-47,user102762@example.ru,Казань,12.01.2024
c91240,Максим Савельев,+7 (953) 839-93-12,user91240@example.ru,Красноярск,24.12.2025
c90648,Тимур Тихонова,+7 (953) 308-33-28,user90648@example.ru,С.-Петербург,11.06.2024
c90151,Павел Гордеев,+7 (979) 727-93-89,user90151@example.ru,Екатеринбург,23.10.2025
c106530,Мария Гордеев,+7 (962) 584-69-71,user106530@example.ru,Екатеринбург,24.04.2025
c91455,Юлия Зуева,+7 (936) 940-72-07,user91455@example.ru,С.-Петербург,21.07.2025
c90030,Полина Сорокина,+7 (998) 120-39-62,user90030@example.ru,Москва,28.09.2024
c91212,Мария Зуева,+7 (950) 457-07-65,user91212@example.ru,Красноярск,28.12.2025
c91305,Ольга Зуева,+7 (955) 748-04-55,user91305@example.ru,Екатеринбург,26.08.2024
c104362,Игорь Шилова,+7 (936) 162-71-78,user104362@example.ru,Красноярск,04.03.2024
c92257,Алиса Шилова,+7 (935) 492-76-71,user92257@example.ru,Красноярск,22.11.2024
c101100,Елена Нестеров,+7 (980) 992-36-39,user101100@example.ru,Казань,10.10.2025
c91887,Наталья Савельев,+7 (980) 045-34-47,user91887@example.ru,Екатеринбург,16.01.2026
c106631,Ольга Лаптев,+7 (993) 364-27-61,user106631@example.ru,Казань,29.02.2024
c92097,Елена Ермаков,+7 (927) 453-57-05,user92097@example.ru,Москва,23.01.2026
c100961,Алиса Зуева,+7 (939) 024-64-73,user100961@example.ru,Новосибирск,16.11.2024
c90223,Павел Лаптев,+7 (956) 340-79-83,user90223@example.ru,Новосибирск,29.01.2025
c91661,Артур Осипова,+7 (994) 754-94-92,user91661@example.ru,Новосибирск,18.12.2025
c92291,Мария Шилова,+7 (936) 245-36-77,user92291@example.ru,Екатеринбург,26.04.2025
c91820,Игорь Ковальчук,+7 (959) 342-26-93,user91820@example.ru,Красноярск,16.09.2025
c102455,Вера Нестеров,+7 (992) 339-52-48,user102455@example.ru,Красноярск,06.01.2026
c91759,Елена Зуева,+7 (974) 061-68-46,user91759@example.ru,С.-Петербург,05.03.2025
c101263,Наталья Белых,+7 (943) 248-05-08,user101263@example.ru,Екатеринбург,14.11.2024
c90501,Егор Мешков,+7 (922) 729-65-48,user90501@example.ru,Красноярск,18.10.2025
c103857,Роман Шилова,+7 (945) 382-29-34,user103857@example.ru,Казань,31.03.2025
c104314,Тимур Шилова,+7 (935) 294-81-81,user104314@example.ru,Казань,04.12.2024
c101017,Тимур Крылов,+7 (983) 507-61-50,user101017@example.ru,Красноярск,21.04.2024
c100706,Глеб Лаптев,+7 (912) 720-04-33,user100706@example.ru,Казань,04.03.2024
c91393,Егор Сорокина,+7 (952) 367-10-13,user91393@example.ru,С.-Петербург,14.07.2025
c92014,Тимур Шилова,+7 (974) 431-97-88,user92014@example.ru,Красноярск,15.09.2025
c101869,Игорь Осипова,+7 (976) 490-51-09,user101869@example.ru,Москва,10.03.2026
c105315,Алиса Ермаков,+7 (917) 507-36-03,user105315@example.ru,Казань,27.07.2024
c90191,Роман Панин,+7 (914) 236-34-58,user90191@example.ru,Екатеринбург,05.08.2024
c92358,Артур Тихонова,+7 (984) 205-91-04,user92358@example.ru,Москва,21.05.2025
c92232,Егор Гордеев,+7 (988) 215-44-70,user92232@example.ru,Екатеринбург,07.12.2025
c101689,Тимур Ермаков,+7 (944) 509-69-33,user101689@example.ru,Москва,19.05.2024
c90850,Мария Белых,+7 (956) 125-99-74,user90850@example.ru,Екатеринбург,24.12.2024
c106808,Анна Нестеров,+7 (943) 243-75-06,user106808@example.ru,Красноярск,08.10.2024
c90488,Артур Гордеев,+7 (969) 454-91-56,user90488@example.ru,Москва,29.07.2025
c90059,Полина Зуева,+7 (929) 476-91-27,user90059@example.ru,Новосибирск,06.07.2024
c91134,Мария Шилова,+7 (981) 261-93-05,user91134@example.ru,Екатеринбург,14.12.2025
c103589,Роман Панин,+7 (941) 604-87-37,user103589@example.ru,Новосибирск,08.08.2024
c92043,Юлия Савельев,+7 (998) 505-68-97,user92043@example.ru,Красноярск,13.04.2026
c91621,Ольга Гордеев,+7 (993) 808-54-67,user91621@example.ru,Новосибирск,25.04.2026
c90384,Вера Белых,+7 (926) 353-59-68,user90384@example.ru,Екатеринбург,19.09.2024
c91559,Юлия Ковальчук,+7 (966) 218-76-55,user91559@example.ru,Екатеринбург,25.04.2025
c91087,Елена Крылов,+7 (968) 657-25-54,user91087@example.ru,Новосибирск,11.03.2026
c92277,Анна Ковальчук,+7 (910) 233-10-46,user92277@example.ru,Казань,17.04.2024
c90678,Артур Тихонова,+7 (994) 473-84-35,user90678@example.ru,Казань,08.10.2024
c101542,Юлия Юдина,+7 (970) 298-91-33,user101542@example.ru,С.-Петербург,11.08.2025
c91723,Ольга Ковальчук,+7 (972) 007-46-88,user91723@example.ru,Новосибирск,26.01.2026
c91053,Мария Савельев,+7 (956) 972-44-99,user91053@example.ru,Красноярск,20.06.2025
c105274,Глеб Гордеев,+7 (914) 645-79-42,user105274@example.ru,С.-Петербург,22.03.2024
c90072,Елена Сорокина,+7 (980) 257-09-64,user90072@example.ru,Красноярск,13.09.2025
c102026,Юлия Крылов,+7 (931) 584-47-42,user102026@example.ru,Красноярск,12.06.2024
c100711,Павел Шилова,+7 (988) 330-61-24,user100711@example.ru,Екатеринбург,20.10.2024
c91314,Лидия Ермаков,+7 (948) 295-21-49,user91314@example.ru,С.-Петербург,27.12.2024
c91045,Наталья Белых,+7 (928) 800-02-33,user91045@example.ru,Казань,15.10.2025
c92422,Лидия Ермаков,+7 (947) 099-46-65,user92422@example.ru,Новосибирск,02.05.2026
c92427,Павел Панин,+7 (952) 976-08-23,user92427@example.ru,Красноярск,25.10.2025
c91433,Юлия Тихонова,+7 (960) 771-13-13,user91433@example.ru,Казань,18.03.2024
c90433,Полина Лаптев,+7 (954) 754-60-04,user90433@example.ru,Новосибирск,09.11.2025
c92306,Глеб Ковальчук,+7 (977) 335-65-54,user92306@example.ru,С.-Петербург,28.01.2026
c92255,Елена Крылов,+7 (917) 961-36-24,user92255@example.ru,Красноярск,06.02.2025
c91841,Елена Лаптев,+7 (914) 073-42-27,user91841@example.ru,Москва,06.01.2025
c103131,Лидия Сорокина,+7 (988) 552-79-30,user103131@example.ru,Екатеринбург,29.01.2025
c100492,Роман Крылов,+7 (950) 811-57-22,user100492@example.ru,Казань,21.02.2026
c90738,Мария Крылов,+7 (953) 589-23-93,user90738@example.ru,Новосибирск,15.03.2024
c91779,Елена Панин,+7 (984) 864-61-90,user91779@example.ru,Москва,17.01.2026
c102621,Ольга Гордеев,+7 (982) 774-20-09,user102621@example.ru,Новосибирск,27.05.2025
c91954,Вера Крылов,+7 (963) 418-78-54,user91954@example.ru,Новосибирск,19.03.2025
c105476,Юлия Гордеев,+7 (920) 709-76-65,user105476@example.ru,Москва,18.04.2024
c91336,Егор Ковальчук,+7 (962) 112-54-20,user91336@example.ru,Москва,15.05.2024
c90328,Игорь Крылов,+7 (978) 391-89-40,user90328@example.ru,Новосибирск,10.05.2024
c91714,Вера Сорокина,+7 (973) 973-46-34,user91714@example.ru,Новосибирск,30.11.2025
c101766,Тимур Нестеров,+7 (939) 153-98-09,user101766@example.ru,Москва,13.01.2025
c105890,Роман Ермаков,+7 (990) 197-40-26,user105890@example.ru,Красноярск,28.12.2024
c104104,Тимур Нестеров,+7 (992) 568-99-03,user104104@example.ru,Казань,24.06.2025
c101255,Юлия Юдина,+7 (984) 239-18-52,user101255@example.ru,Казань,22.05.2024
c105867,Мария Нестеров,+7 (974) 683-71-35,user105867@example.ru,С.-Петербург,01.05.2024
c105276,Лидия Мешков,+7 (918) 783-26-34,user105276@example.ru,Москва,07.11.2025
c90317,Артур Мешков,+7 (966) 357-02-96,user90317@example.ru,Казань,21.09.2025
c91482,Максим Тихонова,+7 (917) 358-85-30,user91482@example.ru,Москва,06.09.2025
c100289,Елена Мешков,+7 (978) 321-61-98,user100289@example.ru,Новосибирск,28.12.2024
c90922,Артур Тихонова,+7 (935) 714-12-17,user90922@example.ru,Екатеринбург,03.05.2025
c92060,Денис Мешков,+7 (926) 494-96-17,user92060@example.ru,Новосибирск,20.06.2024
c92475,Елена Белых,+7 (937) 534-44-55,user92475@example.ru,Екатеринбург,28.07.2025
c90551,Егор Осипова,+7 (927) 939-77-54,user90551@example.ru,Москва,09.03.2024
c92448,Кирилл Юдина,+7 (966) 194-60-79,user92448@example.ru,Новосибирск,04.05.2024
c92210,Наталья Савельев,+7 (961) 974-13-37,user92210@example.ru,Екатеринбург,15.04.2024
c90438,Глеб Белых,+7 (997) 201-52-87,user90438@example.ru,Красноярск,03.06.2026
c91652,Наталья Савельев,+7 (930) 587-58-78,user91652@example.ru,С.-Петербург,11.06.2026
c92044,Денис Нестеров,+7 (929) 596-20-73,user92044@example.ru,Красноярск,15.10.2024
c92067,Вера Сорокина,+7 (951) 711-92-42,user92067@example.ru,Новосибирск,23.05.2026
c92115,Ольга Тихонова,+7 (965) 467-46-17,user92115@example.ru,Москва,22.06.2025
c91001,Денис Шилова,+7 (992) 751-60-55,user91001@example.ru,Казань,30.05.2024
c90350,Лидия Зуева,+7 (911) 830-57-30,user90350@example.ru,Казань,28.03.2026
c90613,Мария Савельев,+7 (940) 705-68-94,user90613@example.ru,Москва,28.04.2024
c90150,Кирилл Юдина,+7 (913) 953-26-99,user90150@example.ru,Москва,02.04.2025
c101359,Кирилл Крылов,+7 (979) 870-28-67,user101359@example.ru,Казань,26.01.2024
c100746,Мария Крылов,+7 (922) 000-67-36,user100746@example.ru,Москва,08.05.2024
c91825,Егор Белых,+7 (958) 605-76-41,user91825@example.ru,Новосибирск,26.03.2024
c102835,Елена Сорокина,+7 (942) 791-81-12,user102835@example.ru,Новосибирск,22.08.2024
c91206,Наталья Сорокина,+7 (994) 171-03-83,user91206@example.ru,С.-Петербург,04.10.2025
c91253,Анна Гордеев,+7 (977) 774-66-80,user91253@example.ru,Казань,26.06.2025
c91692,Мария Лаптев,+7 (923) 292-34-41,user91692@example.ru,Москва,18.01.2026
c92410,Мария Тихонова,+7 (964) 899-62-89,user92410@example.ru,Москва,13.03.2026
c106540,Полина Ермаков,+7 (973) 936-77-89,user106540@example.ru,Москва,18.12.2024
c92026,Ольга Тихонова,+7 (921) 563-31-22,user92026@example.ru,Красноярск,14.02.2024
c90844,Полина Белых,+7 (919) 622-65-58,user90844@example.ru,Екатеринбург,18.01.2026
c92246,Лидия Тихонова,+7 (955) 679-90-48,user92246@example.ru,Казань,14.03.2024
c92169,Роман Мешков,+7 (915) 555-86-20,user92169@example.ru,Екатеринбург,08.03.2024
c91694,Елена Ковальчук,+7 (968) 507-02-04,user91694@example.ru,Новосибирск,25.04.2026
c101212,Роман Шилова,+7 (916) 502-05-02,user101212@example.ru,Москва,04.04.2024
c91726,Полина Шилова,+7 (947) 857-45-74,user91726@example.ru,Новосибирск,23.12.2024
c91475,Вера Ковальчук,+7 (955) 601-67-26,user91475@example.ru,Москва,24.06.2024
c106721,Елена Савельев,+7 (973) 882-35-55,user106721@example.ru,Новосибирск,26.10.2024
c92080,Мария Гордеев,+7 (982) 904-26-44,user92080@example.ru,Москва,13.12.2025
c90351,Игорь Белых,+7 (943) 552-60-35,user90351@example.ru,С.-Петербург,25.09.2025
c101308,Кирилл Гордеев,+7 (949) 744-78-45,user101308@example.ru,Москва,05.06.2024
c90779,Наталья Панин,+7 (988) 977-98-16,user90779@example.ru,Казань,28.10.2024
c91283,Елена Крылов,+7 (951) 794-32-91,user91283@example.ru,Екатеринбург,21.03.2025
c91251,Игорь Ковальчук,+7 (952) 229-43-75,user91251@example.ru,Красноярск,31.03.2026
c91023,Анна Тихонова,+7 (918) 204-51-51,user91023@example.ru,Казань,05.03.2024
c102259,Кирилл Юдина,+7 (982) 274-45-25,user102259@example.ru,Новосибирск,17.08.2025
c91592,Игорь Савельев,+7 (983) 892-04-49,user91592@example.ru,Казань,17.09.2024
c100378,Полина Савельев,+7 (942) 678-35-51,user100378@example.ru,Екатеринбург,17.01.2024
c90485,Вера Белых,+7 (960) 211-49-65,user90485@example.ru,С.-Петербург,25.09.2024
c91290,Вера Шилова,+7 (978) 118-84-07,user91290@example.ru,С.-Петербург,18.12.2024
c91806,Наталья Зуева,+7 (921) 861-05-80,user91806@example.ru,Екатеринбург,20.06.2025
c90217,Павел Юдина,+7 (929) 951-93-52,user90217@example.ru,Новосибирск,11.12.2025
c92042,Тимур Нестеров,+7 (994) 539-23-99,user92042@example.ru,Казань,15.04.2025
c91366,Роман Юдина,+7 (965) 660-28-03,user91366@example.ru,Красноярск,28.01.2024
c90923,Наталья Юдина,+7 (990) 454-16-84,user90923@example.ru,Новосибирск,09.06.2026
c106374,Елена Тихонова,+7 (942) 759-82-33,user106374@example.ru,Казань,06.05.2024
c91628,Юлия Сорокина,+7 (966) 171-73-90,user91628@example.ru,Красноярск,13.02.2024
c105992,Лидия Шилова,+7 (954) 055-17-29,user105992@example.ru,Новосибирск,16.06.2026
c91155,Ольга Лаптев,+7 (968) 889-74-02,user91155@example.ru,Красноярск,25.03.2026
c91680,Максим Ермаков,+7 (933) 339-19-53,user91680@example.ru,Казань,27.02.2024
c103015,Мария Сорокина,+7 (936) 082-16-77,user103015@example.ru,Новосибирск,19.04.2025
c90865,Мария Сорокина,+7 (911) 460-72-10,user90865@example.ru,Екатеринбург,23.12.2024
c92264,Лидия Ковальчук,+7 (928) 472-80-65,user92264@example.ru,Новосибирск,11.07.2025
c92091,Мария Ермаков,+7 (947) 004-86-12,user92091@example.ru,Казань,05.02.2026
c92221,Кирилл Крылов,+7 (913) 474-27-86,user92221@example.ru,Новосибирск,26.08.2024
c104552,Ольга Юдина,+7 (941) 989-75-61,user104552@example.ru,Екатеринбург,06.04.2025
c103845,Глеб Тихонова,+7 (928) 965-34-06,user103845@example.ru,С.-Петербург,11.10.2025
c102360,Вера Юдина,+7 (954) 651-91-07,user102360@example.ru,Екатеринбург,10.05.2024
c101563,Тимур Мешков,+7 (972) 414-02-09,user101563@example.ru,Москва,18.10.2025
c92297,Мария Зуева,+7 (916) 758-68-42,user92297@example.ru,Москва,19.01.2024
c90193,Елена Шилова,+7 (960) 434-88-06,user90193@example.ru,Екатеринбург,01.12.2025
c92121,Игорь Нестеров,+7 (963) 998-39-23,user92121@example.ru,Москва,10.07.2024
c91227,Алиса Панин,+7 (995) 566-09-44,user91227@example.ru,Москва,19.01.2025
c90983,Глеб Зуева,+7 (912) 521-99-14,user90983@example.ru,Казань,21.01.2024
c90716,Мария Мешков,+7 (946) 108-55-97,user90716@example.ru,С.-Петербург,02.09.2025
c91602,Игорь Ковальчук,+7 (919) 211-45-59,user91602@example.ru,Екатеринбург,30.06.2026
c91396,Кирилл Шилова,+7 (934) 119-08-79,user91396@example.ru,Казань,08.06.2024
c92381,Максим Ермаков,+7 (934) 268-34-98,user92381@example.ru,Новосибирск,24.06.2024
c102488,Ольга Мешков,+7 (924) 012-17-01,user102488@example.ru,Москва,14.08.2024
c102109,Артур Осипова,+7 (996) 179-48-91,user102109@example.ru,Красноярск,08.06.2025
c90455,Ольга Гордеев,+7 (951) 808-66-80,user90455@example.ru,Москва,04.02.2024
c91906,Игорь Шилова,+7 (950) 445-92-09,user91906@example.ru,Новосибирск,27.01.2026
c101860,Тимур Савельев,+7 (933) 716-72-55,user101860@example.ru,Москва,17.11.2024
c91058,Анна Ермаков,+7 (995) 940-76-03,user91058@example.ru,С.-Петербург,02.03.2024
c105182,Тимур Зуева,+7 (972) 906-63-14,user105182@example.ru,С.-Петербург,30.06.2026
c102916,Анна Лаптев,+7 (934) 681-08-23,user102916@example.ru,Москва,23.02.2026
c92180,Наталья Юдина,+7 (939) 505-18-87,user92180@example.ru,С.-Петербург,03.10.2024
c102393,Егор Нестеров,+7 (936) 021-74-49,user102393@example.ru,Екатеринбург,20.04.2026
c92428,Юлия Ковальчук,+7 (912) 760-99-30,user92428@example.ru,Екатеринбург,22.10.2025
c90774,Артур Савельев,+7 (944) 560-15-58,user90774@example.ru,Екатеринбург,04.02.2026
c91574,Роман Крылов,+7 (956) 820-66-26,user91574@example.ru,Новосибирск,02.08.2025
c91995,Глеб Лаптев,+7 (953) 607-58-99,user91995@example.ru,Москва,21.10.2024
c90355,Максим Гордеев,+7 (928) 034-75-19,user90355@example.ru,Казань,29.04.2026
c90104,Кирилл Зуева,+7 (968) 124-24-41,user90104@example.ru,Москва,30.03.2025
c90323,Денис Ермаков,+7 (928) 453-00-65,user90323@example.ru,Красноярск,19.04.2024
c102075,Анна Гордеев,+7 (979) 632-66-60,user102075@example.ru,Новосибирск,25.09.2024
c92177,Роман Ермаков,+7 (928) 159-59-34,user92177@example.ru,Новосибирск,03.08.2025
c90436,Денис Юдина,+7 (970) 499-66-92,user90436@example.ru,Москва,12.07.2024
c91985,Полина Ермаков,+7 (990) 927-43-37,user91985@example.ru,Новосибирск,17.11.2024
c91935,Лидия Белых,+7 (932) 323-60-95,user91935@example.ru,Красноярск,20.12.2024
c90849,Вера Ермаков,+7 (978) 905-45-23,user90849@example.ru,Красноярск,15.01.2024
c91284,Елена Лаптев,+7 (994) 103-62-30,user91284@example.ru,Красноярск,13.06.2025
c91609,Максим Сорокина,+7 (929) 746-77-23,user91609@example.ru,С.-Петербург,25.11.2025
c90276,Глеб Тихонова,+7 (914) 770-86-56,user90276@example.ru,Новосибирск,13.05.2024
c91224,Тимур Крылов,+7 (991) 686-59-33,user91224@example.ru,Москва,28.11.2024
c103115,Алиса Зуева,+7 (968) 296-81-26,user103115@example.ru,Москва,20.01.2025
c101435,Игорь Зуева,+7 (925) 875-87-24,user101435@example.ru,Казань,19.01.2025
c105551,Наталья Лаптев,+7 (970) 017-68-70,user105551@example.ru,Казань,07.02.2024
c91367,Ольга Нестеров,+7 (992) 892-68-17,user91367@example.ru,Москва,22.03.2024
c92020,Юлия Сорокина,+7 (916) 861-76-81,user92020@example.ru,Казань,29.01.2025
c90508,Игорь Ковальчук,+7 (911) 019-08-49,user90508@example.ru,Красноярск,25.07.2025
c91297,Кирилл Белых,+7 (924) 310-28-02,user91297@example.ru,Красноярск,12.01.2024
c91016,Юлия Крылов,+7 (989) 901-53-64,user91016@example.ru,Красноярск,16.02.2025
c92310,Лидия Нестеров,+7 (989) 766-44-58,user92310@example.ru,Новосибирск,28.02.2026
c90760,Елена Панин,+7 (943) 006-16-90,user90760@example.ru,С.-Петербург,24.01.2024
c101475,Кирилл Белых,+7 (983) 313-85-98,user101475@example.ru,Новосибирск,08.09.2024
c91762,Артур Панин,+7 (976) 992-10-27,user91762@example.ru,С.-Петербург,22.06.2025
c92470,Елена Гордеев,+7 (978) 720-43-51,user92470@example.ru,Казань,07.12.2025
c102930,Ольга Лаптев,+7 (967) 904-07-43,user102930@example.ru,Екатеринбург,30.08.2025
c90901,Алиса Осипова,+7 (931) 123-13-56,user90901@example.ru,С.-Петербург,22.08.2025
c90218,Кирилл Крылов,+7 (952) 179-06-56,user90218@example.ru,Москва,27.11.2024
c90519,Егор Зуева,+7 (945) 546-85-16,user90519@example.ru,Красноярск,09.01.2026
c106796,Павел Крылов,+7 (970) 756-17-72,user106796@example.ru,Москва,22.02.2024
c103700,Алиса Осипова,+7 (910) 535-34-43,user103700@example.ru,Екатеринбург,14.11.2024
c91931,Тимур Мешков,+7 (981) 996-19-54,user91931@example.ru,С.-Петербург,05.08.2025
c92025,Мария Ковальчук,+7 (912) 493-91-88,user92025@example.ru,Новосибирск,05.04.2025
c102364,Павел Лаптев,+7 (980) 312-70-99,user102364@example.ru,Казань,09.04.2026
c104996,Кирилл Тихонова,+7 (971) 486-79-11,user104996@example.ru,Новосибирск,12.08.2025
c92072,Юлия Панин,+7 (967) 048-31-68,user92072@example.ru,Красноярск,18.11.2025
c100642,Юлия Крылов,+7 (977) 441-03-50,user100642@example.ru,Казань,03.07.2024
c105467,Глеб Панин,+7 (963) 747-33-51,user105467@example.ru,Москва,26.11.2024
c104687,Максим Панин,+7 (987) 578-97-79,user104687@example.ru,Москва,25.02.2025
c102057,Анна Панин,+7 (928) 787-25-71,user102057@example.ru,Новосибирск,13.07.2024
c103608,Глеб Белых,+7 (959) 609-21-86,user103608@example.ru,С.-Петербург,26.09.2025
c91276,Алиса Сорокина,+7 (973) 624-97-34,user91276@example.ru,С.-Петербург,14.06.2026
c92465,Лидия Ермаков,+7 (982) 586-30-70,user92465@example.ru,Москва,07.05.2025
c103520,Алиса Юдина,+7 (913) 532-37-40,user103520@example.ru,Екатеринбург,27.06.2024
c91884,Елена Крылов,+7 (922) 001-92-01,user91884@example.ru,С.-Петербург,01.03.2024
c102018,Анна Осипова,+7 (932) 532-38-05,user102018@example.ru,Новосибирск,28.01.2026
c103497,Полина Шилова,+7 (979) 723-24-04,user103497@example.ru,Казань,10.09.2025
c92238,Павел Нестеров,+7 (961) 514-90-31,user92238@example.ru,Казань,14.04.2024
c90360,Кирилл Панин,+7 (943) 525-25-02,user90360@example.ru,Екатеринбург,06.07.2025
c101438,Алиса Белых,+7 (994) 338-40-02,user101438@example.ru,Москва,10.09.2024
c90817,Кирилл Сорокина,+7 (933) 252-99-41,user90817@example.ru,Москва,27.03.2026
c101187,Артур Ермаков,+7 (922) 660-89-65,user101187@example.ru,Красноярск,21.05.2025
c101888,Мария Тихонова,+7 (950) 079-31-30,user101888@example.ru,Казань,05.06.2026
c90015,Кирилл Лаптев,+7 (913) 864-58-59,user90015@example.ru,С.-Петербург,26.06.2024
c91792,Полина Осипова,+7 (918) 173-43-33,user91792@example.ru,Казань,28.07.2024
c90336,Денис Лаптев,+7 (984) 470-87-73,user90336@example.ru,Екатеринбург,09.08.2025
c91630,Тимур Мешков,+7 (987) 653-66-28,user91630@example.ru,Красноярск,23.12.2025
c90307,Кирилл Осипова,+7 (940) 781-69-59,user90307@example.ru,Екатеринбург,02.03.2025
c91446,Кирилл Ермаков,+7 (922) 392-89-20,user91446@example.ru,Казань,27.09.2024
c105312,Максим Гордеев,+7 (913) 480-10-11,user105312@example.ru,Красноярск,26.01.2026
c91381,Мария Савельев,+7 (988) 846-63-62,user91381@example.ru,Красноярск,08.05.2026
c91238,Лидия Зуева,+7 (917) 455-60-92,user91238@example.ru,Екатеринбург,27.01.2026
c90090,Максим Савельев,+7 (924) 344-82-33,user90090@example.ru,Москва,13.03.2024
c103112,Лидия Мешков,+7 (910) 826-73-73,user103112@example.ru,Казань,30.04.2025
c92292,Павел Ковальчук,+7 (965) 744-04-93,user92292@example.ru,Новосибирск,05.02.2025
c91747,Тимур Гордеев,+7 (949) 771-04-96,user91747@example.ru,Москва,11.12.2025
c92149,Наталья Тихонова,+7 (966) 368-55-39,user92149@example.ru,Екатеринбург,26.11.2024
c90109,Игорь Юдина,+7 (954) 296-35-47,user90109@example.ru,Красноярск,25.04.2026
c90055,Артур Белых,+7 (944) 028-93-23,user90055@example.ru,Казань,20.06.2025
c91988,Полина Крылов,+7 (993) 271-16-33,user91988@example.ru,Новосибирск,13.01.2025
c91566,Вера Юдина,+7 (960) 566-44-43,user91566@example.ru,Екатеринбург,16.08.2024
c90091,Павел Осипова,+7 (960) 146-58-21,user90091@example.ru,Красноярск,10.06.2026
c91127,Максим Шилова,+7 (929) 238-34-85,user91127@example.ru,Красноярск,28.06.2024
c106203,Елена Панин,+7 (945) 855-77-89,user106203@example.ru,Екатеринбург,26.03.2025
c90298,Мария Нестеров,+7 (945) 028-59-85,user90298@example.ru,Екатеринбург,03.05.2026
c105415,Юлия Нестеров,+7 (915) 800-44-95,user105415@example.ru,Новосибирск,17.05.2025
c100658,Елена Белых,+7 (971) 404-15-54,user100658@example.ru,Красноярск,07.04.2024
c105325,Егор Мешков,+7 (939) 260-36-19,user105325@example.ru,Красноярск,26.12.2025
c91788,Артур Юдина,+7 (932) 717-76-28,user91788@example.ru,С.-Петербург,06.12.2025
c90717,Артур Ковальчук,+7 (981) 228-29-61,user90717@example.ru,С.-Петербург,10.07.2024
c90045,Мария Шилова,+7 (914) 367-17-87,user90045@example.ru,С.-Петербург,21.05.2024
c102448,Тимур Сорокина,+7 (930) 872-40-15,user102448@example.ru,Красноярск,24.02.2025
c90891,Ольга Ковальчук,+7 (957) 766-43-28,user90891@example.ru,С.-Петербург,18.12.2024
c92124,Артур Шилова,+7 (953) 943-70-14,user92124@example.ru,Новосибирск,29.07.2025
c91438,Алиса Ермаков,+7 (966) 233-83-72,user91438@example.ru,Новосибирск,28.09.2024
c92131,Наталья Юдина,+7 (989) 351-83-64,user92131@example.ru,Казань,14.02.2026
c92253,Юлия Савельев,+7 (952) 369-82-29,user92253@example.ru,Казань,02.12.2024
c90341,Игорь Тихонова,+7 (938) 622-35-91,user90341@example.ru,Новосибирск,13.10.2024
c91195,Глеб Мешков,+7 (947) 617-88-56,user91195@example.ru,Екатеринбург,24.02.2026
c100036,Алиса Нестеров,+7 (946) 780-10-28,user100036@example.ru,Москва,06.11.2024
c90097,Артур Гордеев,+7 (998) 327-00-01,user90097@example.ru,Новосибирск,18.05.2026
c104404,Игорь Шилова,+7 (933) 621-27-85,user104404@example.ru,Екатеринбург,03.04.2024
c92468,Артур Савельев,+7 (976) 469-95-17,user92468@example.ru,С.-Петербург,27.02.2026
c90786,Алиса Белых,+7 (996) 209-28-83,user90786@example.ru,Новосибирск,06.04.2025
c90939,Игорь Белых,+7 (933) 916-04-92,user90939@example.ru,Москва,14.05.2025
c90836,Вера Тихонова,+7 (933) 409-75-45,user90836@example.ru,Казань,29.04.2025
c92266,Юлия Зуева,+7 (961) 953-75-04,user92266@example.ru,Новосибирск,07.05.2024
c91400,Денис Юдина,+7 (971) 126-57-88,user91400@example.ru,С.-Петербург,25.04.2024
c90187,Полина Лаптев,+7 (958) 975-09-95,user90187@example.ru,С.-Петербург,13.10.2024
c90830,Вера Ермаков,+7 (994) 725-36-46,user90830@example.ru,Новосибирск,11.02.2025
c102417,Наталья Осипова,+7 (968) 562-20-30,user102417@example.ru,Екатеринбург,09.04.2024
c90186,Наталья Ермаков,+7 (971) 751-26-38,user90186@example.ru,Казань,01.11.2024
c91879,Игорь Нестеров,+7 (921) 902-90-04,user91879@example.ru,Новосибирск,23.01.2026
c100488,Вера Юдина,+7 (965) 300-38-72,user100488@example.ru,Новосибирск,17.10.2024
c91150,Анна Савельев,+7 (969) 723-93-72,user91150@example.ru,Москва,10.04.2024
c101845,Алиса Панин,+7 (972) 369-33-47,user101845@example.ru,Москва,17.04.2026
c90279,Юлия Гордеев,+7 (913) 270-33-27,user90279@example.ru,Москва,15.02.2025
c90473,Лидия Сорокина,+7 (913) 792-62-29,user90473@example.ru,Красноярск,25.09.2025
c90074,Артур Белых,+7 (965) 213-12-00,user90074@example.ru,Казань,20.04.2025
c90502,Анна Савельев,+7 (973) 692-15-12,user90502@example.ru,С.-Петербург,09.08.2025
c91923,Артур Нестеров,+7 (927) 449-49-43,user91923@example.ru,Москва,09.01.2026
c90476,Наталья Осипова,+7 (964) 813-83-80,user90476@example.ru,Казань,10.05.2026
c90857,Юлия Нестеров,+7 (961) 195-05-66,user90857@example.ru,С.-Петербург,03.02.2025
c90790,Максим Сорокина,+7 (981) 798-75-71,user90790@example.ru,Казань,01.02.2026
c90314,Вера Нестеров,+7 (936) 927-73-19,user90314@example.ru,Екатеринбург,12.09.2024
c102561,Ольга Ковальчук,+7 (999) 871-05-16,user102561@example.ru,Москва,02.11.2024
c103533,Павел Лаптев,+7 (980) 339-85-60,user103533@example.ru,Екатеринбург,18.12.2025
c90431,Денис Савельев,+7 (942) 641-95-79,user90431@example.ru,Казань,12.07.2025
c90996,Мария Лаптев,+7 (960) 448-32-09,user90996@example.ru,Москва,06.04.2026
c90630,Полина Осипова,+7 (958) 669-68-71,user90630@example.ru,Новосибирск,03.12.2024
c90377,Игорь Шилова,+7 (911) 808-35-71,user90377@example.ru,Красноярск,10.08.2024
c90902,Елена Ермаков,+7 (920) 358-39-94,user90902@example.ru,Екатеринбург,04.08.2025
c91061,Павел Лаптев,+7 (931) 991-00-84,user91061@example.ru,Казань,04.02.2026
c101232,Алиса Савельев,+7 (980) 808-97-60,user101232@example.ru,Москва,22.03.2026
c90460,Денис Гордеев,+7 (966) 427-86-40,user90460@example.ru,Красноярск,18.02.2025
c90337,Мария Юдина,+7 (947) 100-52-75,user90337@example.ru,Казань,07.06.2026
c91532,Тимур Савельев,+7 (918) 221-97-35,user91532@example.ru,Москва,01.05.2026
c92383,Роман Ермаков,+7 (913) 778-98-99,user92383@example.ru,Новосибирск,02.11.2025
c90672,Роман Нестеров,+7 (998) 912-41-16,user90672@example.ru,Новосибирск,03.10.2024
c104632,Игорь Савельев,+7 (914) 208-76-11,user104632@example.ru,Екатеринбург,16.05.2025
c92359,Тимур Ермаков,+7 (975) 360-77-70,user92359@example.ru,Красноярск,17.01.2024
c90277,Павел Мешков,+7 (922) 124-15-15,user90277@example.ru,Новосибирск,08.04.2024
c91335,Игорь Зуева,+7 (970) 556-75-93,user91335@example.ru,С.-Петербург,09.07.2025
c90469,Денис Шилова,+7 (992) 172-96-99,user90469@example.ru,Москва,17.05.2024
c91067,Елена Юдина,+7 (962) 612-11-46,user91067@example.ru,С.-Петербург,11.12.2024
c90883,Лидия Савельев,+7 (953) 529-81-32,user90883@example.ru,Екатеринбург,05.01.2025
c91967,Полина Сорокина,+7 (915) 557-30-01,user91967@example.ru,Екатеринбург,10.01.2025
c101593,Глеб Мешков,+7 (998) 852-28-56,user101593@example.ru,С.-Петербург,02.06.2024
c91296,Тимур Лаптев,+7 (931) 001-69-47,user91296@example.ru,Красноярск,21.11.2024
c100749,Кирилл Юдина,+7 (947) 917-21-04,user100749@example.ru,Казань,02.07.2024
c106584,Анна Крылов,+7 (998) 539-99-98,user106584@example.ru,Екатеринбург,09.06.2025
c90394,Роман Ковальчук,+7 (975) 463-93-89,user90394@example.ru,Новосибирск,03.03.2025
c90602,Максим Нестеров,+7 (998) 462-80-98,user90602@example.ru,Москва,12.03.2026
c104954,Павел Ермаков,+7 (924) 215-23-74,user104954@example.ru,Красноярск,27.08.2025
c91365,Елена Тихонова,+7 (923) 910-93-55,user91365@example.ru,Москва,21.05.2025
c91500,Максим Осипова,+7 (923) 136-74-48,user91500@example.ru,Новосибирск,06.05.2025
c90318,Глеб Нестеров,+7 (997) 702-05-88,user90318@example.ru,С.-Петербург,20.05.2025
c100942,Артур Тихонова,+7 (976) 774-86-56,user100942@example.ru,Москва,29.12.2025
c90801,Ольга Савельев,+7 (940) 904-47-13,user90801@example.ru,Новосибирск,18.02.2026
c91322,Максим Панин,+7 (954) 578-91-07,user91322@example.ru,Красноярск,18.02.2025
c92196,Вера Шилова,+7 (969) 567-14-31,user92196@example.ru,Новосибирск,24.04.2024
c101276,Глеб Крылов,+7 (938) 117-13-94,user101276@example.ru,С.-Петербург,19.01.2025
c91452,Павел Сорокина,+7 (996) 459-69-85,user91452@example.ru,Казань,30.05.2026
c104629,Глеб Зуева,+7 (960) 995-81-28,user104629@example.ru,Москва,12.06.2024
c91169,Глеб Лаптев,+7 (961) 566-22-66,user91169@example.ru,Казань,08.03.2024
c91402,Лидия Сорокина,+7 (944) 220-56-88,user91402@example.ru,Казань,05.06.2026
c92214,Кирилл Юдина,+7 (935) 540-71-12,user92214@example.ru,Москва,05.01.2026
c100525,Денис Лаптев,+7 (946) 399-60-03,user100525@example.ru,Новосибирск,24.04.2024
c91247,Анна Лаптев,+7 (991) 209-20-74,user91247@example.ru,С.-Петербург,15.05.2026
c91109,Артур Белых,+7 (988) 025-68-67,user91109@example.ru,Москва,13.03.2025
c91671,Тимур Сорокина,+7 (930) 848-34-32,user91671@example.ru,Москва,07.01.2026
c105571,Елена Ковальчук,+7 (962) 970-88-54,user105571@example.ru,Красноярск,23.02.2026
c91996,Кирилл Сорокина,+7 (957) 968-88-51,user91996@example.ru,Екатеринбург,19.09.2024
c90175,Максим Шилова,+7 (975) 679-94-43,user90175@example.ru,Красноярск,20.04.2026
c91186,Анна Зуева,+7 (970) 069-57-11,user91186@example.ru,Екатеринбург,24.02.2025
c91869,Юлия Зуева,+7 (945) 443-61-99,user91869@example.ru,Екатеринбург,16.03.2025
c91982,Игорь Шилова,+7 (986) 397-76-05,user91982@example.ru,Новосибирск,16.08.2025
c106734,Денис Лаптев,+7 (958) 389-57-89,user106734@example.ru,С.-Петербург,28.03.2025
c90977,Юлия Крылов,+7 (993) 851-81-07,user90977@example.ru,Москва,20.11.2025
c105377,Мария Нестеров,+7 (920) 470-00-82,user105377@example.ru,Москва,11.02.2026
c91152,Ольга Тихонова,+7 (925) 332-16-09,user91152@example.ru,Новосибирск,02.02.2026
c101148,Денис Лаптев,+7 (939) 313-50-49,user101148@example.ru,Красноярск,09.07.2024
c91266,Артур Ковальчук,+7 (953) 025-47-39,user91266@example.ru,Новосибирск,28.08.2024
c90220,Анна Нестеров,+7 (968) 958-29-83,user90220@example.ru,Москва,06.05.2026
c90532,Алиса Тихонова,+7 (912) 159-67-37,user90532@example.ru,Екатеринбург,21.12.2024
c91499,Денис Лаптев,+7 (998) 221-60-66,user91499@example.ru,Москва,26.04.2026
c91316,Глеб Осипова,+7 (932) 767-90-46,user91316@example.ru,Красноярск,01.09.2025
c91987,Полина Юдина,+7 (914) 104-46-00,user91987@example.ru,Красноярск,20.01.2026
c90572,Игорь Нестеров,+7 (977) 515-32-20,user90572@example.ru,Москва,24.08.2024
c90562,Павел Гордеев,+7 (930) 964-90-66,user90562@example.ru,Москва,02.02.2025
c91071,Наталья Юдина,+7 (974) 915-18-66,user91071@example.ru,С.-Петербург,13.04.2025
c103890,Юлия Лаптев,+7 (928) 274-31-93,user103890@example.ru,Казань,18.05.2024
c90111,Кирилл Сорокина,+7 (949) 662-36-94,user90111@example.ru,С.-Петербург,22.07.2024
c101517,Денис Ковальчук,+7 (989) 103-22-90,user101517@example.ru,Красноярск,09.03.2026
c102629,Ольга Шилова,+7 (980) 178-11-73,user102629@example.ru,Красноярск,04.10.2024
c103035,Тимур Лаптев,+7 (935) 064-45-53,user103035@example.ru,Казань,23.07.2025
c91948,Денис Ковальчук,+7 (938) 688-73-65,user91948@example.ru,Москва,25.03.2024
c92236,Роман Белых,+7 (972) 835-57-13,user92236@example.ru,Москва,22.01.2024
c91648,Ольга Савельев,+7 (992) 491-60-35,user91648@example.ru,С.-Петербург,03.10.2025
c91315,Тимур Нестеров,+7 (954) 329-00-72,user91315@example.ru,Новосибирск,28.08.2024
c90690,Кирилл Тихонова,+7 (916) 188-24-17,user90690@example.ru,Москва,20.12.2025
c91976,Денис Крылов,+7 (950) 318-53-37,user91976@example.ru,Новосибирск,27.09.2025
c104519,Артур Тихонова,+7 (991) 046-33-89,user104519@example.ru,Екатеринбург,16.01.2024
c106448,Ольга Шилова,+7 (965) 592-90-63,user106448@example.ru,С.-Петербург,16.05.2024
c105862,Лидия Ковальчук,+7 (952) 131-78-47,user105862@example.ru,Москва,08.03.2024
c91473,Денис Сорокина,+7 (922) 247-78-69,user91473@example.ru,С.-Петербург,01.08.2025
c91488,Максим Белых,+7 (952) 329-08-07,user91488@example.ru,Казань,23.03.2025
c90278,Лидия Зуева,+7 (947) 689-12-32,user90278@example.ru,Новосибирск,07.12.2025
c105025,Анна Нестеров,+7 (920) 541-85-68,user105025@example.ru,Москва,24.09.2025
c90702,Артур Панин,+7 (953) 134-98-87,user90702@example.ru,Казань,15.02.2025
c91761,Тимур Белых,+7 (913) 520-23-86,user91761@example.ru,Москва,18.04.2024
c91616,Павел Осипова,+7 (922) 803-89-25,user91616@example.ru,Казань,19.10.2025
c91318,Павел Панин,+7 (934) 294-38-90,user91318@example.ru,Екатеринбург,23.08.2025
c91423,Ольга Крылов,+7 (970) 226-25-54,user91423@example.ru,Новосибирск,27.05.2025
c104625,Егор Сорокина,+7 (996) 763-10-74,user104625@example.ru,С.-Петербург,17.02.2025
c106446,Максим Крылов,+7 (918) 078-12-97,user106446@example.ru,Красноярск,25.10.2025
c92447,Ольга Мешков,+7 (987) 974-19-34,user92447@example.ru,Москва,02.01.2025
c100288,Ольга Крылов,+7 (934) 097-12-44,user100288@example.ru,С.-Петербург,20.05.2026
c92256,Алиса Шилова,+7 (986) 798-80-25,user92256@example.ru,С.-Петербург,25.03.2024
c90789,Игорь Юдина,+7 (951) 385-68-24,user90789@example.ru,Новосибирск,14.09.2025
c102952,Лидия Шилова,+7 (957) 060-01-38,user102952@example.ru,Красноярск,06.05.2024
c91587,Мария Ермаков,+7 (985) 543-85-39,user91587@example.ru,С.-Петербург,22.06.2026
c90739,Лидия Осипова,+7 (911) 464-20-15,user90739@example.ru,Москва,24.09.2024
c100512,Вера Крылов,+7 (969) 481-00-20,user100512@example.ru,Казань,13.04.2026
c102017,Мария Осипова,+7 (927) 497-13-09,user102017@example.ru,Екатеринбург,11.03.2026
c90422,Ольга Осипова,+7 (998) 574-60-32,user90422@example.ru,Казань,21.05.2025
c91010,Вера Мешков,+7 (912) 433-73-84,user91010@example.ru,Новосибирск,13.09.2025
c91281,Мария Мешков,+7 (965) 897-87-83,user91281@example.ru,Новосибирск,06.08.2025
c92471,Игорь Ермаков,+7 (913) 354-67-12,user92471@example.ru,Москва,04.02.2025
c91091,Алиса Шилова,+7 (949) 559-97-02,user91091@example.ru,Новосибирск,08.10.2024
c90744,Полина Белых,+7 (951) 094-41-03,user90744@example.ru,Новосибирск,31.05.2024
c90293,Мария Сорокина,+7 (988) 172-31-31,user90293@example.ru,Москва,28.04.2024
c103194,Максим Юдина,+7 (998) 091-85-26,user103194@example.ru,Москва,01.06.2025
c90782,Павел Тихонова,+7 (920) 022-72-58,user90782@example.ru,Екатеринбург,30.06.2026
c91699,Павел Белых,+7 (938) 402-11-65,user91699@example.ru,Красноярск,08.04.2025
c104530,Кирилл Ермаков,+7 (997) 278-31-27,user104530@example.ru,Москва,19.06.2024
c105708,Максим Крылов,+7 (981) 695-01-19,user105708@example.ru,С.-Петербург,03.09.2025
c90216,Павел Тихонова,+7 (945) 294-52-10,user90216@example.ru,Москва,04.01.2025
c101350,Тимур Сорокина,+7 (945) 872-52-22,user101350@example.ru,Казань,08.11.2024
c100540,Роман Крылов,+7 (974) 976-69-96,user100540@example.ru,Казань,09.09.2025
