client_id,fio,phone,email,city,created_at
c105508,Денис Шилова,+7 (921) 626-40-10,user105508@example.ru,Казань,30.09.2024
c104544,Ольга Гордеев,+7 (946) 246-23-86,user104544@example.ru,Санкт-Петербург,27.12.2025
c102593,Алиса Юдина,+7 (980) 827-89-49,user102593@example.ru,Новосибирск,14.09.2024
c106645,Павел Савельев,+7 (934) 688-90-88,user106645@example.ru,Санкт-Петербург,03.06.2025
c106167,Павел Сорокина,+7 (976) 828-56-84,user106167@example.ru,Москва,17.11.2024
c106838,Мария Шилова,+7 (956) 247-67-09,user106838@example.ru,Москва,16.02.2024
c103889,Елена Савельев,+7 (949) 030-66-96,user103889@example.ru,Новосибирск,07.06.2024
c100148,Кирилл Ермаков,+7 (965) 332-51-44,user100148@example.ru,Казань,21.11.2025
c106356,Елена Лаптев,+7 (959) 042-45-81,user106356@example.ru,Москва,10.04.2024
c103579,Елена Крылов,+7 (938) 656-84-63,user103579@example.ru,Москва,23.04.2024
c105415,Вера Юдина,+7 (932) 691-70-95,user105415@example.ru,Екатеринбург,25.12.2024
c105790,Тимур Белых,+7 (991) 322-10-42,user105790@example.ru,Москва,16.04.2024
c104402,Денис Шилова,+7 (973) 297-47-76,user104402@example.ru,Красноярск,30.07.2024
c100211,Артур Лаптев,+7 (987) 296-50-86,user100211@example.ru,Санкт-Петербург,12.12.2024
c105863,Лидия Мешков,+7 (974) 797-97-42,user105863@example.ru,Санкт-Петербург,08.12.2024
c100489,Полина Савельев,+7 (951) 954-39-67,user100489@example.ru,Екатеринбург,30.08.2024
c103549,Глеб Ковальчук,+7 (947) 704-50-60,user103549@example.ru,Москва,08.03.2025
c103044,Елена Панин,+7 (958) 628-27-81,user103044@example.ru,Санкт-Петербург,02.10.2025
c105740,Павел Осипова,+7 (969) 639-57-18,user105740@example.ru,Санкт-Петербург,02.03.2024
c101763,Тимур Нестеров,+7 (912) 930-34-96,user101763@example.ru,Красноярск,06.09.2024
c105817,Юлия Панин,+7 (942) 457-60-57,user105817@example.ru,Санкт-Петербург,05.10.2025
c104696,Игорь Ковальчук,+7 (927) 160-27-13,user104696@example.ru,Красноярск,13.01.2025
c106509,Ольга Крылов,+7 (971) 991-41-40,user106509@example.ru,Казань,11.11.2024
c104309,Артур Крылов,+7 (949) 705-34-98,user104309@example.ru,Казань,09.01.2025
c100343,Артур Осипова,+7 (926) 923-61-52,user100343@example.ru,Санкт-Петербург,28.09.2025
c103928,Роман Мешков,+7 (969) 833-00-56,user103928@example.ru,Казань,26.09.2025
c104694,Мария Нестеров,+7 (919) 861-85-97,user104694@example.ru,Казань,07.07.2025
c101717,Денис Юдина,+7 (943) 447-85-68,user101717@example.ru,Казань,05.04.2024
c102890,Игорь Белых,+7 (971) 052-11-20,user102890@example.ru,Екатеринбург,30.06.2025
c100047,Вера Нестеров,+7 (923) 933-75-89,user100047@example.ru,Екатеринбург,01.05.2024
c102603,Ольга Белых,+7 (949) 466-98-46,user102603@example.ru,Москва,16.02.2025
c102527,Полина Гордеев,+7 (933) 663-74-65,user102527@example.ru,Екатеринбург,16.09.2024
c105101,Вера Ковальчук,+7 (993) 882-81-19,user105101@example.ru,Казань,27.07.2024
c104621,Егор Зуева,+7 (924) 385-34-86,user104621@example.ru,Москва,06.03.2025
c104013,Максим Гордеев,+7 (914) 021-76-67,user104013@example.ru,Новосибирск,16.02.2024
c100440,Роман Тихонова,+7 (945) 844-86-96,user100440@example.ru,Красноярск,03.01.2025
c105887,Артур Шилова,+7 (939) 451-40-92,user105887@example.ru,Екатеринбург,29.06.2026
c106353,Мария Белых,+7 (925) 558-59-44,user106353@example.ru,Новосибирск,01.04.2024
c106677,Лидия Ковальчук,+7 (979) 313-74-74,user106677@example.ru,Новосибирск,04.02.2025
c105648,Мария Осипова,+7 (994) 049-97-09,user105648@example.ru,Новосибирск,18.11.2025
c101228,Елена Осипова,+7 (942) 761-05-74,user101228@example.ru,Москва,11.04.2024
c104923,Мария Мешков,+7 (935) 585-52-32,user104923@example.ru,Москва,10.03.2025
c101281,Вера Нестеров,+7 (929) 490-31-09,user101281@example.ru,Новосибирск,21.12.2024
c101382,Кирилл Ковальчук,+7 (942) 022-17-39,user101382@example.ru,Казань,08.06.2024
c102036,Ольга Савельев,+7 (929) 922-10-99,user102036@example.ru,Красноярск,08.01.2025
c106118,Елена Гордеев,+7 (955) 962-12-16,user106118@example.ru,Санкт-Петербург,12.02.2025
c104539,Кирилл Белых,+7 (974) 148-38-20,user104539@example.ru,Красноярск,01.09.2025
c104707,Анна Лаптев,+7 (944) 946-54-76,user104707@example.ru,Москва,05.07.2024
c101339,Денис Мешков,+7 (967) 571-14-81,user101339@example.ru,Екатеринбург,17.03.2024
c102104,Анна Лаптев,+7 (949) 467-47-19,user102104@example.ru,Новосибирск,04.06.2025
c102611,Тимур Белых,+7 (958) 940-65-20,user102611@example.ru,Москва,08.02.2026
c103895,Кирилл Шилова,+7 (950) 737-47-68,user103895@example.ru,Москва,23.11.2025
c101110,Мария Шилова,+7 (939) 007-25-88,user101110@example.ru,Санкт-Петербург,14.12.2025
c106747,Глеб Шилова,+7 (933) 728-92-52,user106747@example.ru,Красноярск,26.09.2024
c101211,Анна Савельев,+7 (931) 007-53-59,user101211@example.ru,Москва,25.01.2026
c102679,Анна Сорокина,+7 (985) 140-43-77,user102679@example.ru,Москва,17.01.2025
c103564,Роман Лаптев,+7 (945) 646-09-40,user103564@example.ru,Екатеринбург,21.01.2025
c102055,Кирилл Белых,+7 (954) 756-88-48,user102055@example.ru,Казань,30.06.2025
c101582,Денис Лаптев,+7 (988) 002-08-31,user101582@example.ru,Санкт-Петербург,25.02.2025
c103513,Максим Нестеров,+7 (973) 468-26-52,user103513@example.ru,Санкт-Петербург,30.03.2025
c100238,Алиса Ермаков,+7 (967) 536-19-73,user100238@example.ru,Новосибирск,14.02.2024
c100869,Егор Сорокина,+7 (995) 785-92-27,user100869@example.ru,Екатеринбург,14.05.2026
c103943,Роман Тихонова,+7 (914) 830-86-30,user103943@example.ru,Санкт-Петербург,11.01.2026
c102498,Тимур Ермаков,+7 (933) 137-64-41,user102498@example.ru,Санкт-Петербург,19.05.2025
c105880,Вера Панин,+7 (911) 298-66-86,user105880@example.ru,Новосибирск,09.03.2025
c105233,Наталья Шилова,+7 (911) 121-54-63,user105233@example.ru,Санкт-Петербург,31.01.2026
c102409,Егор Тихонова,+7 (978) 422-95-18,user102409@example.ru,Санкт-Петербург,08.01.2026
c106768,Алиса Мешков,+7 (932) 693-85-89,user106768@example.ru,Санкт-Петербург,12.06.2025
c105680,Павел Юдина,+7 (948) 373-10-97,user105680@example.ru,Екатеринбург,01.01.2026
c106767,Мария Мешков,+7 (974) 637-27-30,user106767@example.ru,Красноярск,14.07.2024
c105459,Денис Гордеев,+7 (925) 458-52-62,user105459@example.ru,Красноярск,14.02.2026
c100484,Анна Тихонова,+7 (978) 033-93-63,user100484@example.ru,Екатеринбург,11.03.2024
c105030,Вера Мешков,+7 (917) 481-88-90,user105030@example.ru,Екатеринбург,01.11.2025
c101649,Алиса Панин,+7 (923) 383-57-02,user101649@example.ru,Казань,04.07.2024
c106591,Анна Панин,+7 (951) 092-35-21,user106591@example.ru,Санкт-Петербург,15.12.2024
c105603,Вера Сорокина,+7 (966) 116-16-04,user105603@example.ru,Красноярск,18.06.2024
c103929,Вера Тихонова,+7 (978) 784-84-19,user103929@example.ru,Санкт-Петербург,23.04.2026
c103198,Кирилл Панин,+7 (931) 329-95-02,user103198@example.ru,Екатеринбург,22.08.2024
c101414,Алиса Тихонова,+7 (954) 422-13-41,user101414@example.ru,Новосибирск,15.01.2025
c104726,Максим Лаптев,+7 (987) 675-22-62,user104726@example.ru,Новосибирск,21.08.2025
c100332,Юлия Сорокина,+7 (931) 279-50-83,user100332@example.ru,Казань,04.11.2025
c106610,Лидия Тихонова,+7 (922) 117-74-12,user106610@example.ru,Казань,24.08.2024
c105209,Роман Мешков,+7 (965) 467-53-32,user105209@example.ru,Красноярск,20.01.2025
c101542,Игорь Нестеров,+7 (949) 589-77-57,user101542@example.ru,Казань,21.10.2024
c103152,Максим Савельев,+7 (944) 605-51-94,user103152@example.ru,Красноярск,08.02.2025
c101220,Анна Ермаков,+7 (922) 456-17-37,user101220@example.ru,Новосибирск,24.03.2026
c100975,Павел Гордеев,+7 (972) 759-46-46,user100975@example.ru,Екатеринбург,23.06.2026
c106171,Кирилл Белых,+7 (989) 038-16-52,user106171@example.ru,Новосибирск,13.03.2025
c103379,Максим Шилова,+7 (955) 912-96-27,user103379@example.ru,Екатеринбург,17.10.2024
c100513,Глеб Гордеев,+7 (929) 254-70-89,user100513@example.ru,Красноярск,08.07.2024
c105986,Максим Ермаков,+7 (932) 733-17-85,user105986@example.ru,Красноярск,30.08.2024
c101728,Лидия Осипова,+7 (966) 750-40-83,user101728@example.ru,Красноярск,08.01.2025
c101962,Юлия Белых,+7 (926) 780-65-88,user101962@example.ru,Красноярск,04.06.2026
c104051,Кирилл Ермаков,+7 (955) 024-28-52,user104051@example.ru,Екатеринбург,22.11.2024
c105854,Ольга Сорокина,+7 (945) 696-94-65,user105854@example.ru,Красноярск,03.08.2025
c106090,Игорь Осипова,+7 (914) 637-71-74,user106090@example.ru,Санкт-Петербург,07.03.2025
c100227,Лидия Мешков,+7 (919) 993-67-00,user100227@example.ru,Екатеринбург,25.01.2026
c101400,Елена Савельев,+7 (927) 441-34-44,user101400@example.ru,Санкт-Петербург,28.04.2026
c100813,Елена Мешков,+7 (989) 554-78-02,user100813@example.ru,Новосибирск,18.10.2024
c106517,Елена Нестеров,+7 (995) 082-25-60,user106517@example.ru,Красноярск,16.01.2024
c106811,Максим Савельев,+7 (918) 555-50-46,user106811@example.ru,Москва,19.11.2025
c102798,Роман Ермаков,+7 (925) 586-75-82,user102798@example.ru,Новосибирск,14.02.2025
c106539,Максим Ковальчук,+7 (973) 831-32-13,user106539@example.ru,Красноярск,17.02.2026
c101374,Артур Мешков,+7 (961) 804-16-18,user101374@example.ru,Казань,22.10.2025
c105503,Игорь Сорокина,+7 (939) 492-15-12,user105503@example.ru,Красноярск,17.12.2025
c102449,Мария Гордеев,+7 (965) 522-83-34,user102449@example.ru,Москва,30.05.2026
c101183,Мария Шилова,+7 (958) 032-36-78,user101183@example.ru,Красноярск,13.02.2024
c100372,Игорь Осипова,+7 (959) 447-88-64,user100372@example.ru,Санкт-Петербург,03.05.2025
c106012,Егор Белых,+7 (987) 544-20-36,user106012@example.ru,Казань,13.01.2024
c101437,Юлия Лаптев,+7 (988) 492-90-68,user101437@example.ru,Казань,14.05.2026
c101794,Артур Осипова,+7 (924) 982-24-48,user101794@example.ru,Екатеринбург,02.07.2025
c103462,Мария Гордеев,+7 (963) 084-18-18,user103462@example.ru,Санкт-Петербург,22.04.2025
c101783,Вера Шилова,+7 (969) 054-15-83,user101783@example.ru,Москва,08.09.2025
c106032,Артур Крылов,+7 (928) 440-66-34,user106032@example.ru,Санкт-Петербург,23.05.2025
c100060,Алиса Мешков,+7 (965) 510-07-25,user100060@example.ru,Екатеринбург,12.04.2025
c105176,Мария Нестеров,+7 (947) 384-93-66,user105176@example.ru,Москва,01.12.2024
c105642,Тимур Сорокина,+7 (931) 414-78-94,user105642@example.ru,Екатеринбург,22.06.2025
c105453,Кирилл Савельев,+7 (972) 666-32-24,user105453@example.ru,Красноярск,10.11.2024
c101754,Денис Ковальчук,+7 (939) 669-20-11,user101754@example.ru,Казань,14.04.2025
c104379,Тимур Нестеров,+7 (997) 563-70-51,user104379@example.ru,Новосибирск,12.02.2024
c104485,Тимур Панин,+7 (923) 197-43-20,user104485@example.ru,Казань,03.11.2025
c101065,Алиса Гордеев,+7 (919) 915-31-61,user101065@example.ru,Новосибирск,27.09.2025
c104093,Лидия Крылов,+7 (946) 717-97-78,user104093@example.ru,Санкт-Петербург,22.09.2024
c100016,Артур Крылов,+7 (958) 680-84-63,user100016@example.ru,Казань,14.06.2024
c100915,Глеб Белых,+7 (987) 935-15-17,user100915@example.ru,Санкт-Петербург,23.03.2024
c100046,Наталья Гордеев,+7 (914) 048-02-16,user100046@example.ru,Москва,19.08.2025
c101536,Анна Юдина,+7 (962) 507-08-57,user101536@example.ru,Красноярск,05.06.2026
c104683,Анна Ермаков,+7 (942) 652-55-42,user104683@example.ru,Екатеринбург,21.08.2025
c105706,Мария Гордеев,+7 (920) 822-86-30,user105706@example.ru,Москва,25.07.2024
c103524,Глеб Гордеев,+7 (913) 189-87-15,user103524@example.ru,Красноярск,07.10.2025
c103417,Егор Зуева,+7 (950) 099-16-24,user103417@example.ru,Екатеринбург,19.02.2025
c101927,Артур Гордеев,+7 (936) 157-88-03,user101927@example.ru,Санкт-Петербург,19.09.2025
c103614,Денис Ковальчук,+7 (938) 920-55-28,user103614@example.ru,Казань,05.04.2026
c102736,Павел Мешков,+7 (938) 085-47-26,user102736@example.ru,Новосибирск,23.04.2025
c100721,Юлия Мешков,+7 (935) 778-03-59,user100721@example.ru,Казань,13.05.2026
c105903,Павел Сорокина,+7 (923) 623-12-61,user105903@example.ru,Москва,28.10.2025
c102412,Анна Лаптев,+7 (910) 302-08-48,user102412@example.ru,Санкт-Петербург,20.07.2024
c102521,Тимур Лаптев,+7 (960) 498-23-94,user102521@example.ru,Екатеринбург,28.02.2026
c106458,Алиса Савельев,+7 (953) 014-97-99,user106458@example.ru,Новосибирск,11.02.2026
c102514,Максим Белых,+7 (941) 877-36-68,user102514@example.ru,Казань,09.12.2025
c103777,Мария Крылов,+7 (977) 258-39-62,user103777@example.ru,Москва,06.04.2026
c101104,Павел Юдина,+7 (956) 774-29-59,user101104@example.ru,Москва,10.04.2026
c106506,Глеб Шилова,+7 (922) 715-04-92,user106506@example.ru,Казань,29.08.2025
c101920,Полина Шилова,+7 (929) 424-86-63,user101920@example.ru,Екатеринбург,29.11.2025
c103037,Игорь Сорокина,+7 (968) 570-42-85,user103037@example.ru,Новосибирск,25.10.2025
c101697,Роман Крылов,+7 (916) 629-26-99,user101697@example.ru,Новосибирск,06.04.2025
c101765,Вера Ковальчук,+7 (911) 181-65-83,user101765@example.ru,Санкт-Петербург,10.03.2025
c105438,Максим Юдина,+7 (935) 970-60-94,user105438@example.ru,Казань,15.11.2025
c102841,Тимур Савельев,+7 (950) 591-16-91,user102841@example.ru,Казань,15.02.2025
c103178,Алиса Панин,+7 (996) 092-21-06,user103178@example.ru,Новосибирск,12.02.2026
c103552,Ольга Тихонова,+7 (982) 942-32-84,user103552@example.ru,Казань,13.01.2025
c103412,Денис Ковальчук,+7 (970) 728-32-61,user103412@example.ru,Новосибирск,15.11.2024
c104407,Алиса Ковальчук,+7 (989) 568-34-55,user104407@example.ru,Санкт-Петербург,02.06.2024
c105722,Тимур Осипова,+7 (993) 679-08-44,user105722@example.ru,Санкт-Петербург,20.12.2024
c106121,Глеб Белых,+7 (926) 092-66-27,user106121@example.ru,Екатеринбург,25.03.2024
c104835,Кирилл Осипова,+7 (955) 319-75-63,user104835@example.ru,Санкт-Петербург,10.05.2024
c106511,Алиса Панин,+7 (985) 264-16-87,user106511@example.ru,Красноярск,26.04.2024
c105430,Полина Ковальчук,+7 (935) 195-10-64,user105430@example.ru,Москва,27.12.2024
c105060,Наталья Тихонова,+7 (954) 961-86-98,user105060@example.ru,Новосибирск,04.03.2024
c101832,Максим Ермаков,+7 (927) 011-65-33,user101832@example.ru,Красноярск,09.07.2024
c105904,Павел Осипова,+7 (927) 771-26-96,user105904@example.ru,Казань,08.06.2026
c101199,Денис Зуева,+7 (983) 654-48-80,user101199@example.ru,Санкт-Петербург,16.12.2025
c102429,Ольга Савельев,+7 (916) 285-78-17,user102429@example.ru,Екатеринбург,26.03.2026
c106393,Юлия Крылов,+7 (955) 754-05-51,user106393@example.ru,Новосибирск,15.12.2024
c104102,Тимур Тихонова,+7 (923) 904-44-75,user104102@example.ru,Новосибирск,12.01.2026
c106741,Ольга Сорокина,+7 (968) 799-91-61,user106741@example.ru,Красноярск,15.04.2024
c104723,Максим Шилова,+7 (915) 204-53-52,user104723@example.ru,Москва,13.05.2024
c102962,Артур Гордеев,+7 (938) 687-28-94,user102962@example.ru,Казань,02.05.2026
c100488,Наталья Тихонова,+7 (980) 341-79-66,user100488@example.ru,Красноярск,13.04.2025
c102758,Роман Зуева,+7 (915) 506-45-02,user102758@example.ru,Санкт-Петербург,25.12.2024
c100693,Денис Нестеров,+7 (972) 916-11-96,user100693@example.ru,Москва,24.05.2024
c106819,Наталья Гордеев,+7 (912) 195-07-20,user106819@example.ru,Москва,19.09.2024
c104693,Анна Крылов,+7 (922) 682-63-28,user104693@example.ru,Новосибирск,22.03.2025
c105077,Артур Гордеев,+7 (918) 549-52-98,user105077@example.ru,Екатеринбург,20.09.2024
c104382,Вера Ермаков,+7 (915) 769-24-04,user104382@example.ru,Екатеринбург,20.02.2026
c103047,Алиса Осипова,+7 (980) 020-02-52,user103047@example.ru,Новосибирск,13.03.2024
c106181,Лидия Панин,+7 (958) 321-53-13,user106181@example.ru,Екатеринбург,14.08.2024
c105784,Максим Сорокина,+7 (971) 843-67-17,user105784@example.ru,Санкт-Петербург,08.10.2025
c102239,Денис Ковальчук,+7 (967) 747-53-72,user102239@example.ru,Екатеринбург,03.08.2025
c102294,Алиса Нестеров,+7 (930) 990-14-83,user102294@example.ru,Москва,21.11.2025
c103450,Полина Крылов,+7 (930) 673-33-43,user103450@example.ru,Екатеринбург,29.10.2025
c100675,Роман Крылов,+7 (910) 465-50-16,user100675@example.ru,Новосибирск,14.04.2024
c106260,Роман Ковальчук,+7 (940) 934-84-98,user106260@example.ru,Новосибирск,15.06.2025
c102321,Глеб Мешков,+7 (988) 954-60-61,user102321@example.ru,Москва,22.03.2025
c105885,Полина Осипова,+7 (923) 664-62-56,user105885@example.ru,Санкт-Петербург,25.07.2025
c103816,Елена Лаптев,+7 (988) 835-03-79,user103816@example.ru,Красноярск,27.07.2024
c101715,Лидия Нестеров,+7 (994) 272-54-82,user101715@example.ru,Москва,16.11.2025
c100277,Юлия Белых,+7 (928) 356-58-78,user100277@example.ru,Красноярск,07.02.2026
c100185,Наталья Тихонова,+7 (955) 279-63-66,user100185@example.ru,Екатеринбург,01.12.2024
c105281,Тимур Сорокина,+7 (932) 912-15-98,user105281@example.ru,Казань,21.02.2025
c105609,Лидия Ковальчук,+7 (980) 194-34-29,user105609@example.ru,Казань,29.03.2024
c101145,Денис Крылов,+7 (987) 473-50-88,user101145@example.ru,Красноярск,16.02.2024
c100304,Алиса Юдина,+7 (925) 433-97-75,user100304@example.ru,Екатеринбург,30.08.2025
c106764,Павел Осипова,+7 (915) 658-99-79,user106764@example.ru,Казань,20.10.2024
c102925,Кирилл Тихонова,+7 (977) 728-01-00,user102925@example.ru,Казань,18.02.2025
c101838,Артур Крылов,+7 (997) 195-75-15,user101838@example.ru,Москва,17.01.2026
c105997,Ольга Осипова,+7 (931) 595-24-86,user105997@example.ru,Новосибирск,24.10.2024
c101552,Полина Ковальчук,+7 (950) 917-35-03,user101552@example.ru,Красноярск,04.08.2025
c103247,Игорь Ермаков,+7 (980) 313-92-25,user103247@example.ru,Санкт-Петербург,20.06.2025
c103244,Алиса Ермаков,+7 (931) 991-37-12,user103244@example.ru,Москва,01.02.2026
c102853,Лидия Савельев,+7 (943) 114-64-68,user102853@example.ru,Новосибирск,17.06.2026
c103947,Кирилл Савельев,+7 (918) 806-74-38,user103947@example.ru,Санкт-Петербург,01.02.2025
c104597,Елена Шилова,+7 (930) 498-65-42,user104597@example.ru,Новосибирск,21.01.2026
c100486,Ольга Нестеров,+7 (998) 489-05-06,user100486@example.ru,Казань,07.08.2024
c103485,Роман Сорокина,+7 (947) 702-07-01,user103485@example.ru,Санкт-Петербург,28.09.2025
c102307,Лидия Лаптев,+7 (987) 107-81-81,user102307@example.ru,Красноярск,12.02.2024
c100979,Анна Сорокина,+7 (929) 743-35-45,user100979@example.ru,Москва,30.04.2026
c101504,Юлия Юдина,+7 (917) 686-18-82,user101504@example.ru,Новосибирск,10.10.2024
c100339,Тимур Гордеев,+7 (922) 345-47-30,user100339@example.ru,Красноярск,16.02.2024
c105063,Егор Гордеев,+7 (978) 810-29-65,user105063@example.ru,Красноярск,21.02.2024
c102738,Анна Крылов,+7 (982) 031-83-46,user102738@example.ru,Екатеринбург,23.04.2024
c100195,Роман Белых,+7 (925) 863-80-12,user100195@example.ru,Санкт-Петербург,13.05.2026
c102146,Тимур Белых,+7 (973) 333-88-79,user102146@example.ru,Казань,18.07.2024
c101996,Максим Гордеев,+7 (993) 135-50-74,user101996@example.ru,Екатеринбург,27.01.2025
c103668,Максим Савельев,+7 (923) 721-09-46,user103668@example.ru,Казань,30.10.2024
c105157,Полина Нестеров,+7 (936) 259-96-22,user105157@example.ru,Москва,01.06.2026
c105695,Наталья Гордеев,+7 (978) 626-01-07,user105695@example.ru,Красноярск,17.03.2024
c101258,Мария Крылов,+7 (951) 430-94-85,user101258@example.ru,Красноярск,25.08.2024
c103596,Павел Нестеров,+7 (995) 348-48-27,user103596@example.ru,Санкт-Петербург,21.09.2025
c101811,Полина Шилова,+7 (965) 843-10-63,user101811@example.ru,Красноярск,22.06.2026
c104411,Вера Ковальчук,+7 (937) 784-60-58,user104411@example.ru,Санкт-Петербург,04.03.2025
c102323,Павел Ермаков,+7 (936) 894-36-38,user102323@example.ru,Москва,19.05.2025
c105773,Анна Мешков,+7 (965) 371-96-63,user105773@example.ru,Санкт-Петербург,23.06.2025
c104499,Анна Крылов,+7 (922) 246-04-09,user104499@example.ru,Новосибирск,15.03.2026
c101119,Анна Нестеров,+7 (978) 067-42-18,user101119@example.ru,Красноярск,30.04.2024
c100722,Анна Мешков,+7 (956) 547-87-97,user100722@example.ru,Новосибирск,23.11.2024
c100032,Анна Ермаков,+7 (932) 382-66-09,user100032@example.ru,Красноярск,13.03.2026
c105343,Роман Тихонова,+7 (983) 798-72-34,user105343@example.ru,Казань,16.04.2025
c105276,Мария Ковальчук,+7 (979) 473-28-27,user105276@example.ru,Санкт-Петербург,15.01.2024
c100333,Роман Крылов,+7 (996) 550-34-61,user100333@example.ru,Москва,08.05.2024
c102141,Анна Мешков,+7 (927) 803-91-74,user102141@example.ru,Екатеринбург,01.05.2026
c102606,Денис Нестеров,+7 (992) 823-62-46,user102606@example.ru,Екатеринбург,21.11.2024
c104573,Анна Шилова,+7 (921) 734-67-41,user104573@example.ru,Екатеринбург,19.03.2025
c101645,Ольга Шилова,+7 (950) 544-92-21,user101645@example.ru,Казань,20.09.2024
c100608,Денис Тихонова,+7 (978) 753-29-09,user100608@example.ru,Екатеринбург,27.06.2026
c106877,Алиса Ковальчук,+7 (913) 779-14-28,user106877@example.ru,Новосибирск,02.07.2025
c105294,Алиса Зуева,+7 (984) 187-77-82,user105294@example.ru,Екатеринбург,16.05.2024
c101290,Артур Тихонова,+7 (914) 277-65-19,user101290@example.ru,Новосибирск,26.01.2024
c101519,Егор Белых,+7 (910) 097-42-00,user101519@example.ru,Казань,14.11.2024
c105497,Игорь Зуева,+7 (978) 485-32-49,user105497@example.ru,Новосибирск,20.08.2025
c106560,Алиса Зуева,+7 (974) 346-59-17,user106560@example.ru,Красноярск,11.02.2025
c101301,Роман Белых,+7 (990) 927-02-65,user101301@example.ru,Екатеринбург,27.11.2024
c102287,Елена Белых,+7 (935) 445-78-42,user102287@example.ru,Красноярск,15.07.2024
c100143,Максим Крылов,+7 (995) 624-71-10,user100143@example.ru,Москва,16.07.2024
c101853,Максим Панин,+7 (922) 373-96-65,user101853@example.ru,Новосибирск,15.12.2024
c101681,Алиса Юдина,+7 (979) 286-32-36,user101681@example.ru,Екатеринбург,27.01.2024
c100718,Артур Гордеев,+7 (987) 977-86-68,user100718@example.ru,Санкт-Петербург,26.09.2024
c102244,Мария Крылов,+7 (973) 044-96-69,user102244@example.ru,Красноярск,30.06.2026
c105021,Лидия Ермаков,+7 (965) 631-31-43,user105021@example.ru,Санкт-Петербург,01.04.2024
c106086,Юлия Мешков,+7 (972) 675-88-86,user106086@example.ru,Екатеринбург,24.03.2026
c105715,Юлия Шилова,+7 (963) 684-33-30,user105715@example.ru,Новосибирск,25.07.2024
c103568,Елена Панин,+7 (955) 174-16-73,user103568@example.ru,Москва,11.02.2026
c100541,Наталья Белых,+7 (968) 446-07-78,user100541@example.ru,Новосибирск,15.08.2024
c101545,Полина Савельев,+7 (993) 676-46-02,user101545@example.ru,Казань,24.04.2026
c104997,Денис Ковальчук,+7 (915) 745-23-21,user104997@example.ru,Новосибирск,13.10.2025
c102717,Игорь Савельев,+7 (915) 959-81-81,user102717@example.ru,Новосибирск,09.12.2025
c101265,Алиса Панин,+7 (995) 268-98-61,user101265@example.ru,Екатеринбург,23.04.2024
c103355,Наталья Гордеев,+7 (974) 940-64-61,user103355@example.ru,Санкт-Петербург,04.04.2026
c102069,Алиса Савельев,+7 (991) 247-42-65,user102069@example.ru,Красноярск,13.05.2025
c102954,Ольга Савельев,+7 (955) 719-17-39,user102954@example.ru,Новосибирск,11.10.2025
c100244,Ольга Тихонова,+7 (943) 144-06-99,user100244@example.ru,Новосибирск,07.01.2026
c102468,Юлия Юдина,+7 (919) 660-96-28,user102468@example.ru,Казань,25.01.2024
c105117,Глеб Тихонова,+7 (949) 205-43-04,user105117@example.ru,Москва,04.05.2025
c100068,Анна Ермаков,+7 (937) 521-42-27,user100068@example.ru,Казань,31.03.2025
c104438,Кирилл Панин,+7 (922) 736-48-73,user104438@example.ru,Екатеринбург,28.05.2024
c102645,Мария Зуева,+7 (925) 977-10-82,user102645@example.ru,Екатеринбург,01.09.2024
c106559,Мария Шилова,+7 (992) 613-49-23,user106559@example.ru,Казань,30.03.2025
c104810,Полина Савельев,+7 (935) 186-51-89,user104810@example.ru,Москва,26.12.2025
c103196,Егор Зуева,+7 (979) 519-68-55,user103196@example.ru,Красноярск,27.11.2025
c101925,Лидия Панин,+7 (976) 639-77-67,user101925@example.ru,Казань,21.02.2025
c106599,Павел Савельев,+7 (993) 895-18-38,user106599@example.ru,Красноярск,01.11.2024
c100073,Мария Гордеев,+7 (914) 090-59-96,user100073@example.ru,Новосибирск,10.02.2024
c104558,Максим Лаптев,+7 (923) 721-73-36,user104558@example.ru,Новосибирск,27.10.2025
c106478,Алиса Сорокина,+7 (987) 413-82-14,user106478@example.ru,Новосибирск,04.11.2024
c101924,Алиса Тихонова,+7 (951) 675-81-85,user101924@example.ru,Новосибирск,27.10.2025
c100963,Анна Мешков,+7 (926) 038-22-29,user100963@example.ru,Москва,09.01.2026
c100209,Ольга Шилова,+7 (921) 985-49-35,user100209@example.ru,Санкт-Петербург,21.10.2024
c102760,Роман Зуева,+7 (953) 642-72-35,user102760@example.ru,Казань,04.03.2026
c101702,Егор Мешков,+7 (913) 104-91-26,user101702@example.ru,Новосибирск,25.09.2024
c102328,Максим Белых,+7 (998) 049-17-20,user102328@example.ru,Казань,30.07.2024
c102808,Тимур Осипова,+7 (929) 197-46-62,user102808@example.ru,Санкт-Петербург,17.03.2025
c104036,Максим Лаптев,+7 (997) 269-66-55,user104036@example.ru,Казань,31.05.2026
c106289,Глеб Савельев,+7 (923) 258-81-59,user106289@example.ru,Екатеринбург,11.07.2024
c101361,Павел Зуева,+7 (922) 231-23-38,user101361@example.ru,Москва,10.08.2024
c106745,Анна Сорокина,+7 (974) 522-08-63,user106745@example.ru,Санкт-Петербург,12.04.2025
c106211,Елена Белых,+7 (925) 891-94-48,user106211@example.ru,Казань,05.02.2025
c100411,Елена Ермаков,+7 (941) 586-15-49,user100411@example.ru,Красноярск,11.05.2024
c105608,Максим Гордеев,+7 (969) 849-04-74,user105608@example.ru,Санкт-Петербург,30.01.2026
c103045,Вера Ермаков,+7 (980) 607-29-62,user103045@example.ru,Москва,08.03.2024
c105340,Полина Белых,+7 (932) 500-16-17,user105340@example.ru,Новосибирск,29.08.2024
c101998,Глеб Сорокина,+7 (954) 595-29-39,user101998@example.ru,Новосибирск,24.10.2025
c103393,Роман Панин,+7 (954) 797-58-72,user103393@example.ru,Москва,07.03.2024
c103414,Игорь Лаптев,+7 (916) 004-46-74,user103414@example.ru,Москва,28.04.2024
c102101,Глеб Нестеров,+7 (946) 186-08-67,user102101@example.ru,Красноярск,29.11.2024
c105697,Юлия Панин,+7 (987) 542-68-44,user105697@example.ru,Екатеринбург,10.08.2025
c100283,Вера Белых,+7 (930) 620-80-95,user100283@example.ru,Екатеринбург,16.03.2025
c106108,Тимур Зуева,+7 (987) 527-42-77,user106108@example.ru,Красноярск,08.08.2025
c104177,Кирилл Гордеев,+7 (952) 437-01-93,user104177@example.ru,Новосибирск,22.02.2025
c106320,Лидия Крылов,+7 (980) 478-23-20,user106320@example.ru,Красноярск,11.09.2024
c105870,Тимур Ермаков,+7 (942) 580-83-97,user105870@example.ru,Москва,09.10.2025
c103389,Лидия Мешков,+7 (975) 248-58-39,user103389@example.ru,Москва,19.03.2024
c100170,Елена Ковальчук,+7 (949) 891-11-01,user100170@example.ru,Красноярск,04.05.2025
c103040,Мария Лаптев,+7 (919) 156-46-53,user103040@example.ru,Санкт-Петербург,25.09.2024
c101229,Мария Панин,+7 (987) 768-28-73,user101229@example.ru,Красноярск,17.12.2025
c101106,Егор Лаптев,+7 (948) 060-37-30,user101106@example.ru,Екатеринбург,23.02.2025
c100281,Кирилл Шилова,+7 (996) 440-63-82,user100281@example.ru,Новосибирск,27.04.2024
c100566,Максим Осипова,+7 (993) 514-77-19,user100566@example.ru,Москва,08.12.2024
c103990,Алиса Осипова,+7 (949) 507-52-24,user103990@example.ru,Москва,08.12.2025
c101714,Глеб Тихонова,+7 (985) 363-25-08,user101714@example.ru,Санкт-Петербург,22.08.2025
c101099,Денис Савельев,+7 (916) 479-74-58,user101099@example.ru,Новосибирск,19.10.2025
c101558,Игорь Осипова,+7 (979) 140-59-07,user101558@example.ru,Москва,12.09.2025
c102186,Ольга Нестеров,+7 (965) 685-81-93,user102186@example.ru,Екатеринбург,08.12.2025
c106554,Лидия Зуева,+7 (969) 098-61-90,user106554@example.ru,Екатеринбург,04.10.2025
c100155,Мария Лаптев,+7 (956) 302-85-81,user100155@example.ru,Санкт-Петербург,04.02.2024
c102236,Денис Лаптев,+7 (920) 675-51-95,user102236@example.ru,Новосибирск,13.12.2025
c100980,Наталья Белых,+7 (948) 622-46-88,user100980@example.ru,Новосибирск,22.05.2026
c103455,Ольга Ермаков,+7 (926) 856-54-90,user103455@example.ru,Екатеринбург,23.02.2024
c105703,Мария Юдина,+7 (924) 033-20-81,user105703@example.ru,Екатеринбург,11.01.2025
c103016,Тимур Ковальчук,+7 (988) 201-73-23,user103016@example.ru,Новосибирск,12.03.2024
c104750,Тимур Гордеев,+7 (983) 700-68-09,user104750@example.ru,Казань,15.04.2026
c101742,Лидия Белых,+7 (960) 467-76-55,user101742@example.ru,Санкт-Петербург,02.07.2024
c104483,Анна Лаптев,+7 (989) 779-67-72,user104483@example.ru,Красноярск,16.01.2024
c104952,Игорь Савельев,+7 (942) 370-39-47,user104952@example.ru,Казань,30.07.2024
c102038,Алиса Мешков,+7 (914) 513-84-83,user102038@example.ru,Красноярск,04.01.2026
c106550,Юлия Нестеров,+7 (998) 194-71-43,user106550@example.ru,Казань,09.02.2026
c100719,Егор Гордеев,+7 (919) 843-32-58,user100719@example.ru,Красноярск,06.02.2025
c101078,Вера Мешков,+7 (978) 452-01-45,user101078@example.ru,Красноярск,27.09.2024
c105484,Алиса Белых,+7 (960) 249-81-36,user105484@example.ru,Красноярск,03.11.2025
c102112,Вера Крылов,+7 (913) 102-79-78,user102112@example.ru,Москва,03.01.2025
c106749,Мария Ермаков,+7 (933) 043-05-85,user106749@example.ru,Казань,23.02.2025
c106606,Елена Панин,+7 (961) 463-60-41,user106606@example.ru,Казань,31.07.2025
c106826,Игорь Ковальчук,+7 (977) 219-31-67,user106826@example.ru,Новосибирск,23.03.2026
c104619,Максим Савельев,+7 (954) 880-28-16,user104619@example.ru,Красноярск,19.08.2024
c104070,Анна Ермаков,+7 (919) 413-16-73,user104070@example.ru,Москва,08.05.2026
c102773,Максим Ермаков,+7 (939) 017-64-87,user102773@example.ru,Екатеринбург,11.03.2026
c101069,Тимур Крылов,+7 (966) 707-85-33,user101069@example.ru,Санкт-Петербург,07.06.2026
c103522,Денис Савельев,+7 (988) 895-39-78,user103522@example.ru,Санкт-Петербург,11.05.2025
c101988,Максим Нестеров,+7 (941) 143-41-87,user101988@example.ru,Екатеринбург,25.06.2024
c104221,Егор Зуева,+7 (956) 934-33-35,user104221@example.ru,Новосибирск,15.03.2026
c103517,Артур Крылов,+7 (952) 614-84-16,user103517@example.ru,Санкт-Петербург,06.12.2025
c105395,Тимур Мешков,+7 (913) 785-22-32,user105395@example.ru,Екатеринбург,23.09.2025
c102189,Анна Нестеров,+7 (930) 639-27-80,user102189@example.ru,Казань,03.08.2024
c104806,Полина Зуева,+7 (921) 409-54-26,user104806@example.ru,Новосибирск,18.05.2025
c100538,Алиса Ермаков,+7 (964) 222-69-72,user100538@example.ru,Москва,06.02.2025
c103275,Кирилл Лаптев,+7 (952) 688-93-22,user103275@example.ru,Москва,12.12.2025
c102402,Глеб Зуева,+7 (955) 147-61-86,user102402@example.ru,Москва,14.12.2024
c104331,Мария Юдина,+7 (977) 323-00-84,user104331@example.ru,Красноярск,05.05.2024
c104089,Алиса Нестеров,+7 (964) 330-65-61,user104089@example.ru,Красноярск,15.05.2024
c100223,Наталья Гордеев,+7 (915) 796-00-42,user100223@example.ru,Новосибирск,15.08.2024
c105581,Кирилл Савельев,+7 (927) 834-77-84,user105581@example.ru,Екатеринбург,23.09.2025
c103062,Артур Белых,+7 (976) 579-87-29,user103062@example.ru,Екатеринбург,08.06.2024
c104334,Елена Панин,+7 (953) 702-00-33,user104334@example.ru,Санкт-Петербург,27.04.2026
c102956,Наталья Осипова,+7 (965) 066-77-88,user102956@example.ru,Казань,19.05.2025
c102536,Лидия Нестеров,+7 (968) 663-26-95,user102536@example.ru,Екатеринбург,19.07.2025
c105563,Анна Юдина,+7 (955) 989-96-77,user105563@example.ru,Москва,24.05.2025
c106516,Мария Панин,+7 (965) 815-14-69,user106516@example.ru,Красноярск,21.09.2025
c105483,Анна Панин,+7 (912) 168-73-13,user105483@example.ru,Новосибирск,07.05.2026
c103162,Мария Гордеев,+7 (950) 984-91-01,user103162@example.ru,Москва,24.05.2024
c106593,Максим Ермаков,+7 (932) 747-19-12,user106593@example.ru,Екатеринбург,04.10.2025
c104975,Павел Осипова,+7 (951) 444-91-76,user104975@example.ru,Санкт-Петербург,04.07.2025
c104549,Артур Лаптев,+7 (933) 028-81-00,user104549@example.ru,Новосибирск,12.08.2025
c105083,Юлия Юдина,+7 (979) 808-14-14,user105083@example.ru,Новосибирск,13.02.2026
c102094,Кирилл Гордеев,+7 (944) 801-56-48,user102094@example.ru,Екатеринбург,25.09.2025
c104903,Юлия Шилова,+7 (965) 806-85-05,user104903@example.ru,Казань,07.11.2025
c104598,Артур Крылов,+7 (948) 013-06-68,user104598@example.ru,Санкт-Петербург,18.06.2026
c102834,Полина Савельев,+7 (945) 007-50-33,user102834@example.ru,Санкт-Петербург,17.04.2024
c105148,Анна Крылов,+7 (998) 271-80-05,user105148@example.ru,Москва,17.05.2025
c100911,Роман Лаптев,+7 (910) 887-74-15,user100911@example.ru,Санкт-Петербург,04.05.2025
c103526,Тимур Осипова,+7 (920) 886-39-84,user103526@example.ru,Санкт-Петербург,14.04.2025
c101107,Денис Мешков,+7 (937) 293-48-71,user101107@example.ru,Новосибирск,25.01.2025
c104009,Анна Ермаков,+7 (919) 714-57-11,user104009@example.ru,Санкт-Петербург,27.03.2026
c106835,Наталья Осипова,+7 (964) 006-62-21,user106835@example.ru,Екатеринбург,05.08.2025
c103306,Полина Зуева,+7 (979) 022-64-40,user103306@example.ru,Екатеринбург,03.02.2025
c100901,Артур Гордеев,+7 (968) 768-85-13,user100901@example.ru,Красноярск,23.03.2024
c101898,Мария Белых,+7 (924) 259-40-02,user101898@example.ru,Казань,27.09.2024
c105088,Анна Осипова,+7 (973) 202-57-43,user105088@example.ru,Москва,15.03.2026
c104030,Роман Лаптев,+7 (953) 327-03-23,user104030@example.ru,Санкт-Петербург,16.05.2026
c102779,Анна Сорокина,+7 (985) 410-15-46,user102779@example.ru,Красноярск,15.06.2025
c104251,Мария Ермаков,+7 (914) 285-88-69,user104251@example.ru,Казань,02.12.2024
c101641,Ольга Лаптев,+7 (940) 094-15-40,user101641@example.ru,Новосибирск,15.01.2026
c104687,Юлия Гордеев,+7 (953) 654-57-14,user104687@example.ru,Екатеринбург,03.08.2025
c101406,Мария Осипова,+7 (920) 111-07-09,user101406@example.ru,Санкт-Петербург,08.11.2025
c105286,Вера Мешков,+7 (948) 674-94-46,user105286@example.ru,Казань,03.11.2024
c103610,Вера Крылов,+7 (912) 100-03-21,user103610@example.ru,Москва,01.05.2025
c102616,Юлия Сорокина,+7 (931) 584-71-85,user102616@example.ru,Новосибирск,07.12.2025
c103532,Лидия Шилова,+7 (980) 704-76-70,user103532@example.ru,Казань,27.08.2024
c101944,Елена Сорокина,+7 (965) 171-66-69,user101944@example.ru,Санкт-Петербург,03.02.2024
c103570,Алиса Ермаков,+7 (938) 478-96-87,user103570@example.ru,Москва,20.02.2026
c105786,Павел Лаптев,+7 (927) 735-33-48,user105786@example.ru,Красноярск,23.05.2024
c106844,Денис Ковальчук,+7 (993) 500-04-27,user106844@example.ru,Москва,29.05.2024
c101926,Кирилл Панин,+7 (954) 572-12-60,user101926@example.ru,Красноярск,01.10.2025
c104530,Вера Сорокина,+7 (951) 265-05-29,user104530@example.ru,Екатеринбург,29.05.2026
c106462,Игорь Осипова,+7 (961) 820-72-73,user106462@example.ru,Санкт-Петербург,30.01.2024
c102827,Лидия Панин,+7 (970) 892-28-41,user102827@example.ru,Красноярск,07.09.2024
c106684,Тимур Мешков,+7 (912) 863-40-98,user106684@example.ru,Санкт-Петербург,10.10.2024
c100137,Елена Зуева,+7 (943) 077-01-10,user100137@example.ru,Москва,29.10.2025
c101973,Кирилл Крылов,+7 (912) 850-80-15,user101973@example.ru,Екатеринбург,20.03.2024
c106214,Лидия Юдина,+7 (946) 977-68-30,user106214@example.ru,Москва,03.07.2025
c106523,Полина Юдина,+7 (995) 706-24-56,user106523@example.ru,Москва,10.04.2024
c102568,Игорь Юдина,+7 (926) 687-96-67,user102568@example.ru,Казань,29.01.2024
c104786,Мария Белых,+7 (986) 451-24-20,user104786@example.ru,Москва,11.04.2025
c104216,Артур Крылов,+7 (998) 134-19-58,user104216@example.ru,Санкт-Петербург,20.05.2024
c102998,Лидия Тихонова,+7 (974) 365-75-37,user102998@example.ru,Новосибирск,16.08.2024
c100595,Егор Нестеров,+7 (940) 678-49-41,user100595@example.ru,Красноярск,02.09.2024
c102924,Роман Юдина,+7 (912) 343-61-51,user102924@example.ru,Красноярск,26.05.2025
c105782,Кирилл Зуева,+7 (978) 393-82-73,user105782@example.ru,Санкт-Петербург,05.06.2025
c105879,Максим Лаптев,+7 (943) 396-87-38,user105879@example.ru,Красноярск,13.12.2024
c104200,Алиса Шилова,+7 (930) 867-51-47,user104200@example.ru,Новосибирск,06.12.2024
c103177,Денис Ермаков,+7 (998) 122-47-60,user103177@example.ru,Санкт-Петербург,24.08.2024
c104325,Анна Шилова,+7 (992) 890-08-65,user104325@example.ru,Казань,24.01.2024
c104971,Анна Гордеев,+7 (918) 890-20-24,user104971@example.ru,Красноярск,01.08.2024
c101940,Игорь Крылов,+7 (965) 002-39-75,user101940@example.ru,Санкт-Петербург,09.02.2024
c103753,Лидия Панин,+7 (993) 737-70-47,user103753@example.ru,Екатеринбург,15.06.2025
c106512,Егор Сорокина,+7 (965) 714-48-10,user106512@example.ru,Красноярск,25.03.2025
c104146,Егор Зуева,+7 (983) 649-48-05,user104146@example.ru,Екатеринбург,04.10.2024
c101667,Игорь Мешков,+7 (915) 272-25-05,user101667@example.ru,Санкт-Петербург,19.05.2026
c102387,Денис Нестеров,+7 (916) 380-67-52,user102387@example.ru,Красноярск,23.04.2024
c105989,Артур Шилова,+7 (981) 876-74-77,user105989@example.ru,Новосибирск,05.12.2025
c105708,Елена Мешков,+7 (922) 757-16-66,user105708@example.ru,Екатеринбург,24.10.2024
c101739,Денис Ковальчук,+7 (942) 431-22-35,user101739@example.ru,Казань,21.02.2024
c106692,Лидия Белых,+7 (952) 995-82-22,user106692@example.ru,Екатеринбург,13.09.2025
c104647,Лидия Гордеев,+7 (962) 001-18-94,user104647@example.ru,Казань,04.06.2026
c101655,Глеб Осипова,+7 (929) 890-55-34,user101655@example.ru,Казань,17.12.2025
c104025,Глеб Мешков,+7 (928) 764-60-92,user104025@example.ru,Казань,16.02.2025
c105620,Полина Белых,+7 (970) 681-87-18,user105620@example.ru,Москва,14.08.2024
c105240,Наталья Мешков,+7 (978) 233-64-85,user105240@example.ru,Санкт-Петербург,11.01.2026
c106572,Артур Белых,+7 (962) 960-04-68,user106572@example.ru,Санкт-Петербург,13.01.2025
c101758,Павел Крылов,+7 (939) 926-16-38,user101758@example.ru,Санкт-Петербург,01.11.2024
c104606,Лидия Мешков,+7 (938) 904-80-43,user104606@example.ru,Казань,21.02.2025
c100412,Артур Сорокина,+7 (955) 902-01-31,user100412@example.ru,Новосибирск,20.02.2026
c101164,Полина Панин,+7 (935) 458-51-56,user101164@example.ru,Казань,22.06.2024
c105465,Роман Савельев,+7 (919) 455-44-66,user105465@example.ru,Красноярск,27.09.2024
c104518,Ольга Тихонова,+7 (928) 385-69-23,user104518@example.ru,Красноярск,24.12.2024
c104744,Игорь Ковальчук,+7 (932) 827-86-76,user104744@example.ru,Красноярск,13.02.2025
c105746,Наталья Крылов,+7 (926) 043-02-77,user105746@example.ru,Екатеринбург,02.03.2026
c105053,Ольга Тихонова,+7 (987) 724-64-87,user105053@example.ru,Екатеринбург,05.02.2025
c104245,Тимур Савельев,+7 (955) 700-98-19,user104245@example.ru,Екатеринбург,07.10.2024
c102690,Елена Нестеров,+7 (971) 993-97-47,user102690@example.ru,Санкт-Петербург,16.10.2025
c101166,Артур Ермаков,+7 (919) 608-48-70,user101166@example.ru,Санкт-Петербург,19.06.2024
c100382,Ольга Лаптев,+7 (915) 315-99-36,user100382@example.ru,Москва,04.03.2025
c102008,Денис Лаптев,+7 (920) 204-07-70,user102008@example.ru,Екатеринбург,17.02.2024
c105458,Тимур Мешков,+7 (983) 308-61-54,user105458@example.ru,Екатеринбург,23.12.2025
c100342,Ольга Сорокина,+7 (933) 877-75-09,user100342@example.ru,Новосибирск,09.06.2024
c103001,Кирилл Зуева,+7 (994) 796-06-61,user103001@example.ru,Санкт-Петербург,07.09.2025
c104857,Вера Лаптев,+7 (992) 642-30-23,user104857@example.ru,Санкт-Петербург,22.12.2025
c101689,Елена Мешков,+7 (969) 630-40-84,user101689@example.ru,Красноярск,29.06.2026
c103095,Мария Лаптев,+7 (965) 633-82-83,user103095@example.ru,Красноярск,17.10.2024
c106522,Вера Тихонова,+7 (951) 439-54-51,user106522@example.ru,Екатеринбург,17.01.2025
c105798,Тимур Юдина,+7 (938) 945-00-42,user105798@example.ru,Казань,09.03.2024
c102097,Юлия Панин,+7 (996) 405-28-73,user102097@example.ru,Екатеринбург,08.12.2024
c100973,Глеб Ковальчук,+7 (918) 660-54-10,user100973@example.ru,Екатеринбург,20.05.2024
c102386,Анна Тихонова,+7 (989) 229-58-67,user102386@example.ru,Новосибирск,06.02.2025
c102476,Егор Шилова,+7 (939) 830-82-08,user102476@example.ru,Москва,09.10.2025
c100345,Алиса Гордеев,+7 (911) 882-06-56,user100345@example.ru,Красноярск,07.05.2024
c105081,Анна Юдина,+7 (949) 053-62-78,user105081@example.ru,Москва,17.04.2024
c104024,Вера Панин,+7 (947) 411-25-36,user104024@example.ru,Новосибирск,18.04.2026
c101744,Глеб Юдина,+7 (948) 259-94-78,user101744@example.ru,Красноярск,25.07.2025
c100887,Игорь Юдина,+7 (912) 874-51-85,user100887@example.ru,Красноярск,27.04.2024
c100199,Полина Шилова,+7 (993) 928-39-12,user100199@example.ru,Екатеринбург,11.12.2025
c100631,Мария Мешков,+7 (921) 879-47-30,user100631@example.ru,Екатеринбург,25.11.2024
c103717,Кирилл Савельев,+7 (968) 694-55-98,user103717@example.ru,Красноярск,23.06.2024
c104197,Роман Гордеев,+7 (978) 730-24-33,user104197@example.ru,Екатеринбург,08.08.2025
c103867,Лидия Шилова,+7 (941) 660-00-05,user103867@example.ru,Москва,20.02.2026
c105366,Вера Крылов,+7 (950) 861-47-94,user105366@example.ru,Казань,10.03.2026
c101204,Максим Тихонова,+7 (963) 887-28-33,user101204@example.ru,Новосибирск,08.12.2024
c104569,Максим Сорокина,+7 (912) 384-38-74,user104569@example.ru,Москва,29.03.2026
c100860,Анна Шилова,+7 (981) 829-30-51,user100860@example.ru,Екатеринбург,07.12.2024
c105560,Артур Юдина,+7 (936) 799-94-77,user105560@example.ru,Казань,29.12.2025
c104143,Юлия Тихонова,+7 (968) 310-60-78,user104143@example.ru,Москва,10.06.2024
c106325,Игорь Зуева,+7 (939) 745-05-52,user106325@example.ru,Красноярск,28.09.2025
c102153,Мария Гордеев,+7 (969) 542-72-84,user102153@example.ru,Казань,02.04.2024
c102184,Анна Мешков,+7 (989) 653-11-16,user102184@example.ru,Казань,09.07.2025
c106404,Тимур Панин,+7 (995) 186-32-24,user106404@example.ru,Казань,31.10.2024
c105007,Юлия Шилова,+7 (932) 673-17-99,user105007@example.ru,Санкт-Петербург,03.11.2024
c100630,Мария Осипова,+7 (967) 062-90-54,user100630@example.ru,Красноярск,07.03.2024
c104783,Игорь Нестеров,+7 (968) 155-72-73,user104783@example.ru,Москва,20.09.2024
c100446,Вера Сорокина,+7 (948) 142-91-93,user100446@example.ru,Екатеринбург,27.08.2025
c104543,Денис Панин,+7 (954) 952-48-18,user104543@example.ru,Москва,11.08.2025
c106364,Елена Тихонова,+7 (935) 949-87-75,user106364@example.ru,Екатеринбург,14.05.2024
c102305,Полина Тихонова,+7 (975) 092-18-35,user102305@example.ru,Новосибирск,21.01.2025
c101026,Артур Сорокина,+7 (950) 471-88-03,user101026@example.ru,Екатеринбург,20.06.2025
c104109,Егор Зуева,+7 (962) 984-26-98,user104109@example.ru,Казань,08.03.2024
c102231,Максим Белых,+7 (967) 377-98-84,user102231@example.ru,Казань,08.04.2025
c104640,Егор Ковальчук,+7 (954) 707-17-83,user104640@example.ru,Новосибирск,03.08.2024
c101867,Алиса Нестеров,+7 (923) 968-53-42,user101867@example.ru,Москва,03.04.2025
c106875,Ольга Шилова,+7 (969) 880-36-68,user106875@example.ru,Санкт-Петербург,19.12.2024
c100347,Егор Панин,+7 (924) 990-68-27,user100347@example.ru,Новосибирск,13.11.2024
c103019,Ольга Сорокина,+7 (996) 186-93-86,user103019@example.ru,Казань,18.02.2025
c100414,Лидия Гордеев,+7 (982) 615-66-16,user100414@example.ru,Красноярск,22.04.2026
c104357,Глеб Тихонова,+7 (916) 667-68-43,user104357@example.ru,Казань,27.10.2024
c101918,Вера Гордеев,+7 (985) 227-04-10,user101918@example.ru,Москва,04.01.2025
c102986,Вера Лаптев,+7 (985) 758-18-27,user102986@example.ru,Казань,01.09.2024
c102997,Мария Шилова,+7 (939) 179-78-14,user102997@example.ru,Екатеринбург,09.09.2025
c101829,Максим Ермаков,+7 (948) 051-96-32,user101829@example.ru,Красноярск,15.12.2025
c101369,Лидия Лаптев,+7 (973) 643-00-34,user101369@example.ru,Красноярск,02.02.2026
c105744,Юлия Лаптев,+7 (914) 453-16-51,user105744@example.ru,Санкт-Петербург,24.04.2025
c100121,Ольга Белых,+7 (978) 582-47-65,user100121@example.ru,Санкт-Петербург,14.06.2025
c106042,Денис Савельев,+7 (974) 987-09-68,user106042@example.ru,Красноярск,03.02.2026
c106367,Ольга Крылов,+7 (954) 281-38-00,user106367@example.ru,Красноярск,07.02.2026
c100110,Юлия Юдина,+7 (920) 166-69-98,user100110@example.ru,Казань,02.04.2025
c104204,Павел Юдина,+7 (975) 484-83-86,user104204@example.ru,Красноярск,19.10.2024
c105596,Денис Тихонова,+7 (961) 509-47-91,user105596@example.ru,Екатеринбург,02.01.2026
c104874,Егор Савельев,+7 (983) 227-46-37,user104874@example.ru,Новосибирск,10.06.2026
c105306,Максим Юдина,+7 (985) 403-54-95,user105306@example.ru,Казань,26.12.2025
c103838,Лидия Панин,+7 (948) 816-75-13,user103838@example.ru,Красноярск,13.03.2024
c106291,Анна Ковальчук,+7 (948) 823-87-55,user106291@example.ru,Казань,24.02.2026
c102027,Глеб Лаптев,+7 (972) 413-71-31,user102027@example.ru,Екатеринбург,10.08.2024
c105183,Максим Белых,+7 (982) 077-01-56,user105183@example.ru,Новосибирск,03.02.2025
c106129,Кирилл Сорокина,+7 (991) 054-65-18,user106129@example.ru,Санкт-Петербург,12.04.2026
c104905,Роман Сорокина,+7 (929) 634-32-40,user104905@example.ru,Новосибирск,27.07.2025
c102171,Максим Панин,+7 (931) 527-55-93,user102171@example.ru,Казань,05.04.2024
c105224,Игорь Нестеров,+7 (963) 525-69-31,user105224@example.ru,Санкт-Петербург,27.06.2026
c100862,Юлия Сорокина,+7 (940) 822-86-80,user100862@example.ru,Санкт-Петербург,21.04.2026
c101732,Тимур Ковальчук,+7 (959) 139-29-04,user101732@example.ru,Казань,21.07.2025
c101489,Игорь Юдина,+7 (945) 006-64-52,user101489@example.ru,Красноярск,10.02.2024
c101295,Денис Нестеров,+7 (999) 530-03-30,user101295@example.ru,Новосибирск,16.05.2026
c100193,Роман Осипова,+7 (912) 091-86-05,user100193@example.ru,Екатеринбург,04.07.2024
c101659,Ольга Осипова,+7 (984) 178-99-67,user101659@example.ru,Новосибирск,29.06.2026
c104048,Кирилл Осипова,+7 (928) 486-40-10,user104048@example.ru,Санкт-Петербург,31.07.2025
c106788,Елена Нестеров,+7 (931) 152-63-50,user106788@example.ru,Санкт-Петербург,18.12.2025
c105250,Тимур Юдина,+7 (939) 584-27-78,user105250@example.ru,Казань,24.10.2024
c105896,Павел Шилова,+7 (956) 265-81-21,user105896@example.ru,Екатеринбург,29.06.2024
c100839,Павел Крылов,+7 (995) 791-04-53,user100839@example.ru,Красноярск,08.11.2024
c104497,Денис Осипова,+7 (955) 475-66-49,user104497@example.ru,Екатеринбург,13.12.2025
c104415,Денис Шилова,+7 (925) 079-29-25,user104415@example.ru,Санкт-Петербург,13.04.2026
c104662,Игорь Юдина,+7 (945) 400-26-45,user104662@example.ru,Новосибирск,02.07.2024
c101302,Денис Лаптев,+7 (987) 354-49-59,user101302@example.ru,Красноярск,14.04.2025
c106672,Юлия Ермаков,+7 (950) 345-41-69,user106672@example.ru,Екатеринбург,28.05.2026
c105650,Полина Панин,+7 (971) 903-02-05,user105650@example.ru,Санкт-Петербург,27.01.2026
c103548,Мария Панин,+7 (919) 370-18-45,user103548@example.ru,Казань,26.08.2024
c104823,Полина Панин,+7 (914) 676-35-18,user104823@example.ru,Казань,20.04.2025
c102868,Игорь Сорокина,+7 (990) 957-82-32,user102868@example.ru,Красноярск,13.02.2026
c104356,Игорь Крылов,+7 (995) 291-11-92,user104356@example.ru,Санкт-Петербург,31.10.2024
c102550,Игорь Зуева,+7 (918) 408-66-83,user102550@example.ru,Новосибирск,28.06.2026
c104192,Кирилл Мешков,+7 (976) 238-01-77,user104192@example.ru,Москва,22.11.2024
c101402,Юлия Ермаков,+7 (987) 561-84-92,user101402@example.ru,Санкт-Петербург,09.02.2024
c103954,Игорь Мешков,+7 (975) 659-11-58,user103954@example.ru,Москва,22.05.2026
c104388,Павел Гордеев,+7 (991) 867-43-42,user104388@example.ru,Казань,11.02.2025
c106056,Елена Панин,+7 (928) 052-29-97,user106056@example.ru,Екатеринбург,16.01.2026
c101378,Павел Савельев,+7 (987) 130-19-48,user101378@example.ru,Москва,27.04.2024
c105206,Мария Лаптев,+7 (998) 346-80-65,user105206@example.ru,Новосибирск,06.03.2025
c103737,Павел Лаптев,+7 (983) 944-38-70,user103737@example.ru,Санкт-Петербург,08.09.2024
c103075,Ольга Шилова,+7 (983) 250-55-86,user103075@example.ru,Екатеринбург,14.06.2026
c103931,Вера Сорокина,+7 (972) 209-52-65,user103931@example.ru,Новосибирск,23.02.2024
c106022,Лидия Мешков,+7 (919) 565-29-43,user106022@example.ru,Екатеринбург,28.12.2025
c100763,Алиса Сорокина,+7 (927) 378-51-51,user100763@example.ru,Казань,28.01.2026
c105634,Мария Крылов,+7 (910) 023-69-15,user105634@example.ru,Казань,13.04.2024
c101416,Тимур Панин,+7 (984) 516-32-16,user101416@example.ru,Москва,23.01.2024
c101251,Максим Мешков,+7 (921) 639-94-64,user101251@example.ru,Казань,10.04.2024
c101770,Анна Панин,+7 (941) 458-39-21,user101770@example.ru,Москва,14.05.2024
c105987,Павел Крылов,+7 (963) 489-67-51,user105987@example.ru,Москва,25.05.2024
c105530,Денис Крылов,+7 (971) 848-80-75,user105530@example.ru,Санкт-Петербург,01.04.2026
c106656,Денис Панин,+7 (971) 234-38-08,user106656@example.ru,Санкт-Петербург,08.02.2024
c102509,Максим Сорокина,+7 (967) 385-16-47,user102509@example.ru,Казань,27.10.2024
c104390,Роман Нестеров,+7 (978) 981-18-08,user104390@example.ru,Москва,05.06.2025
c102199,Наталья Сорокина,+7 (954) 374-36-90,user102199@example.ru,Красноярск,28.12.2025
c100231,Елена Сорокина,+7 (945) 400-98-30,user100231@example.ru,Санкт-Петербург,26.02.2024
c103494,Наталья Тихонова,+7 (991) 745-91-72,user103494@example.ru,Москва,24.08.2025
c106146,Кирилл Юдина,+7 (914) 547-68-10,user106146@example.ru,Красноярск,02.06.2025
c101653,Полина Шилова,+7 (959) 658-96-66,user101653@example.ru,Москва,03.07.2025
c103653,Денис Шилова,+7 (912) 342-59-62,user103653@example.ru,Новосибирск,30.06.2025
c103332,Денис Савельев,+7 (984) 321-62-65,user103332@example.ru,Новосибирск,13.01.2026
c102946,Кирилл Юдина,+7 (912) 135-82-15,user102946@example.ru,Казань,23.01.2024
c104721,Полина Крылов,+7 (918) 850-20-38,user104721@example.ru,Санкт-Петербург,11.07.2025
c101614,Алиса Зуева,+7 (987) 860-64-37,user101614@example.ru,Санкт-Петербург,11.06.2026
c106425,Юлия Шилова,+7 (972) 934-11-01,user106425@example.ru,Москва,10.08.2025
c103118,Тимур Белых,+7 (911) 407-34-64,user103118@example.ru,Новосибирск,22.10.2024
c100422,Игорь Осипова,+7 (929) 868-04-30,user100422@example.ru,Москва,02.01.2026
c106640,Мария Нестеров,+7 (956) 941-12-41,user106640@example.ru,Екатеринбург,21.06.2024
c102372,Денис Сорокина,+7 (931) 641-40-24,user102372@example.ru,Красноярск,23.08.2024
c105928,Наталья Гордеев,+7 (991) 006-33-30,user105928@example.ru,Казань,31.05.2024
c102909,Егор Лаптев,+7 (968) 577-71-30,user102909@example.ru,Казань,28.06.2025
c101383,Вера Зуева,+7 (994) 432-36-26,user101383@example.ru,Казань,15.04.2025
c102092,Лидия Зуева,+7 (967) 150-09-63,user102092@example.ru,Санкт-Петербург,24.04.2025
c106546,Тимур Крылов,+7 (956) 059-38-59,user106546@example.ru,Новосибирск,24.09.2024
c106051,Елена Савельев,+7 (976) 423-56-50,user106051@example.ru,Санкт-Петербург,25.01.2024
c105809,Наталья Крылов,+7 (910) 223-63-37,user105809@example.ru,Санкт-Петербург,28.05.2024
c104114,Юлия Панин,+7 (999) 467-80-72,user104114@example.ru,Санкт-Петербург,30.08.2024
c102363,Юлия Нестеров,+7 (957) 493-71-90,user102363@example.ru,Екатеринбург,17.01.2026
c106199,Максим Осипова,+7 (981) 940-05-57,user106199@example.ru,Екатеринбург,05.08.2025
c101911,Кирилл Белых,+7 (966) 477-49-39,user101911@example.ru,Екатеринбург,12.12.2025
c103451,Денис Лаптев,+7 (945) 832-77-99,user103451@example.ru,Москва,12.04.2026
c105154,Ольга Ковальчук,+7 (937) 117-84-84,user105154@example.ru,Казань,01.12.2024
c105832,Игорь Белых,+7 (989) 857-30-05,user105832@example.ru,Новосибирск,09.03.2025
c101394,Кирилл Осипова,+7 (942) 633-72-08,user101394@example.ru,Новосибирск,22.07.2024
c101491,Юлия Лаптев,+7 (995) 010-56-59,user101491@example.ru,Екатеринбург,25.04.2026
c101636,Анна Ермаков,+7 (945) 445-47-18,user101636@example.ru,Красноярск,25.05.2024
c100540,Артур Юдина,+7 (947) 634-77-68,user100540@example.ru,Москва,16.05.2025
c105204,Анна Гордеев,+7 (999) 643-87-38,user105204@example.ru,Казань,16.06.2024
c104346,Алиса Сорокина,+7 (998) 545-37-15,user104346@example.ru,Новосибирск,12.01.2026
c101056,Лидия Нестеров,+7 (952) 816-66-46,user101056@example.ru,Санкт-Петербург,20.05.2024
c106448,Глеб Ермаков,+7 (943) 737-59-17,user106448@example.ru,Казань,30.05.2025
c101422,Мария Савельев,+7 (928) 306-84-37,user101422@example.ru,Красноярск,09.05.2026
c104546,Лидия Тихонова,+7 (976) 958-49-03,user104546@example.ru,Новосибирск,27.09.2024
c105143,Тимур Лаптев,+7 (998) 514-64-15,user105143@example.ru,Санкт-Петербург,19.12.2025
c104419,Мария Крылов,+7 (967) 456-69-50,user104419@example.ru,Санкт-Петербург,07.08.2025
c100217,Анна Лаптев,+7 (998) 274-85-78,user100217@example.ru,Екатеринбург,07.03.2026
c102864,Глеб Панин,+7 (952) 176-46-10,user102864@example.ru,Москва,29.11.2024
c100021,Елена Шилова,+7 (920) 960-99-68,user100021@example.ru,Екатеринбург,01.12.2024
c106060,Кирилл Панин,+7 (987) 188-09-28,user106060@example.ru,Красноярск,22.01.2026
c105728,Лидия Мешков,+7 (926) 812-56-69,user105728@example.ru,Санкт-Петербург,12.08.2024
c105579,Мария Сорокина,+7 (950) 171-81-16,user105579@example.ru,Казань,20.12.2024
c105537,Вера Панин,+7 (925) 922-11-98,user105537@example.ru,Санкт-Петербург,18.06.2026
c102049,Вера Нестеров,+7 (942) 080-15-50,user102049@example.ru,Екатеринбург,09.08.2025
c102102,Тимур Крылов,+7 (911) 445-05-28,user102102@example.ru,Екатеринбург,16.01.2025
c106526,Юлия Гордеев,+7 (974) 131-44-99,user106526@example.ru,Красноярск,11.06.2026
c103670,Елена Шилова,+7 (963) 671-67-25,user103670@example.ru,Казань,26.12.2025
c103673,Павел Крылов,+7 (984) 376-69-23,user103673@example.ru,Казань,27.04.2024
c100920,Кирилл Панин,+7 (980) 286-50-95,user100920@example.ru,Красноярск,19.03.2024
c104865,Роман Лаптев,+7 (930) 237-39-21,user104865@example.ru,Москва,07.05.2024
c105151,Юлия Лаптев,+7 (915) 131-46-35,user105151@example.ru,Екатеринбург,23.05.2026
c102958,Роман Савельев,+7 (923) 673-61-24,user102958@example.ru,Санкт-Петербург,17.08.2024
c103975,Вера Мешков,+7 (920) 559-19-41,user103975@example.ru,Красноярск,09.04.2025
c105062,Лидия Осипова,+7 (956) 933-58-04,user105062@example.ru,Санкт-Петербург,18.11.2024
c106426,Денис Крылов,+7 (926) 834-43-53,user106426@example.ru,Красноярск,27.11.2025
c103053,Ольга Белых,+7 (964) 988-83-14,user103053@example.ru,Красноярск,29.04.2025
c103115,Денис Гордеев,+7 (978) 543-85-41,user103115@example.ru,Новосибирск,09.02.2025
c103553,Артур Шилова,+7 (987) 509-65-48,user103553@example.ru,Санкт-Петербург,03.01.2025
c102541,Вера Юдина,+7 (918) 044-45-98,user102541@example.ru,Санкт-Петербург,06.07.2025
c102980,Юлия Панин,+7 (927) 126-35-33,user102980@example.ru,Санкт-Петербург,25.06.2025
c106793,Вера Осипова,+7 (920) 662-48-39,user106793@example.ru,Казань,04.03.2025
c101370,Артур Белых,+7 (967) 582-75-53,user101370@example.ru,Екатеринбург,17.09.2025
c104152,Денис Лаптев,+7 (999) 106-76-42,user104152@example.ru,Екатеринбург,12.04.2026
c102084,Полина Белых,+7 (933) 243-98-99,user102084@example.ru,Новосибирск,15.09.2024
c105726,Денис Панин,+7 (912) 020-52-95,user105726@example.ru,Москва,04.03.2025
c104021,Павел Нестеров,+7 (974) 948-99-37,user104021@example.ru,Москва,18.11.2025
c102435,Кирилл Мешков,+7 (945) 967-88-10,user102435@example.ru,Казань,30.08.2024
c101284,Елена Зуева,+7 (930) 870-11-24,user101284@example.ru,Санкт-Петербург,12.09.2025
c100643,Ольга Осипова,+7 (931) 569-18-25,user100643@example.ru,Новосибирск,26.05.2026
c105584,Тимур Осипова,+7 (941) 286-73-18,user105584@example.ru,Красноярск,29.05.2025
c101158,Ольга Нестеров,+7 (941) 949-02-03,user101158@example.ru,Санкт-Петербург,12.09.2024
c103938,Кирилл Осипова,+7 (914) 249-67-09,user103938@example.ru,Екатеринбург,28.01.2026
c103699,Полина Ермаков,+7 (972) 242-10-32,user103699@example.ru,Красноярск,10.03.2026
c104669,Полина Ермаков,+7 (930) 438-82-79,user104669@example.ru,Казань,19.09.2024
c102413,Игорь Крылов,+7 (936) 193-18-92,user102413@example.ru,Новосибирск,30.09.2025
c103028,Юлия Крылов,+7 (948) 474-06-34,user103028@example.ru,Москва,21.09.2024
c102978,Максим Мешков,+7 (926) 223-78-23,user102978@example.ru,Красноярск,09.07.2024
c106551,Анна Шилова,+7 (940) 583-30-73,user106551@example.ru,Екатеринбург,28.02.2026
c104034,Мария Осипова,+7 (915) 311-65-06,user104034@example.ru,Екатеринбург,24.12.2024
c101740,Лидия Панин,+7 (980) 345-20-59,user101740@example.ru,Санкт-Петербург,14.05.2025
c104213,Максим Сорокина,+7 (932) 023-49-34,user104213@example.ru,Екатеринбург,14.07.2024
c100491,Вера Сорокина,+7 (942) 601-36-34,user100491@example.ru,Новосибирск,17.07.2025
c103381,Полина Юдина,+7 (988) 119-61-66,user103381@example.ru,Екатеринбург,13.02.2024
c101029,Глеб Осипова,+7 (923) 930-07-61,user101029@example.ru,Санкт-Петербург,21.06.2025
c102747,Егор Крылов,+7 (922) 360-59-83,user102747@example.ru,Екатеринбург,12.11.2024
c102223,Павел Панин,+7 (952) 123-87-64,user102223@example.ru,Екатеринбург,18.04.2026
c102127,Артур Лаптев,+7 (917) 230-60-80,user102127@example.ru,Красноярск,22.05.2024
c105657,Глеб Савельев,+7 (994) 105-87-21,user105657@example.ru,Москва,26.02.2025
c103284,Полина Сорокина,+7 (995) 754-45-12,user103284@example.ru,Москва,14.12.2025
c102178,Тимур Ермаков,+7 (966) 769-87-68,user102178@example.ru,Москва,28.06.2026
c103119,Павел Белых,+7 (935) 767-95-11,user103119@example.ru,Екатеринбург,25.04.2025
c104342,Вера Ермаков,+7 (922) 510-15-29,user104342@example.ru,Екатеринбург,19.02.2026
c100458,Анна Сорокина,+7 (963) 231-16-61,user100458@example.ru,Екатеринбург,11.12.2025
c100530,Павел Белых,+7 (986) 218-73-60,user100530@example.ru,Москва,08.09.2024
c106657,Тимур Сорокина,+7 (941) 184-40-49,user106657@example.ru,Красноярск,22.09.2024
c104243,Павел Ковальчук,+7 (989) 800-48-11,user104243@example.ru,Санкт-Петербург,04.05.2024
c104265,Артур Гордеев,+7 (990) 038-86-16,user104265@example.ru,Новосибирск,16.06.2025
c104279,Наталья Нестеров,+7 (976) 477-99-72,user104279@example.ru,Казань,29.09.2025
c103143,Максим Юдина,+7 (952) 963-08-90,user103143@example.ru,Москва,02.06.2024
c103317,Лидия Тихонова,+7 (926) 546-29-74,user103317@example.ru,Новосибирск,11.08.2024
c106859,Роман Зуева,+7 (910) 701-15-63,user106859@example.ru,Екатеринбург,29.09.2024
c104067,Ольга Лаптев,+7 (927) 543-76-47,user104067@example.ru,Казань,02.02.2024
c105923,Наталья Нестеров,+7 (940) 946-51-88,user105923@example.ru,Санкт-Петербург,12.09.2025
c106405,Тимур Зуева,+7 (955) 298-92-27,user106405@example.ru,Санкт-Петербург,27.12.2024
c106421,Алиса Зуева,+7 (964) 924-57-48,user106421@example.ru,Красноярск,19.10.2024
c104567,Глеб Зуева,+7 (927) 453-66-26,user104567@example.ru,Санкт-Петербург,11.11.2024
c106313,Денис Лаптев,+7 (947) 154-81-02,user106313@example.ru,Москва,20.03.2025
c105019,Анна Юдина,+7 (927) 393-70-47,user105019@example.ru,Новосибирск,16.12.2025
c104969,Денис Ермаков,+7 (979) 569-38-61,user104969@example.ru,Новосибирск,03.02.2024
c100903,Денис Ковальчук,+7 (994) 569-04-72,user100903@example.ru,Казань,05.03.2026
c100771,Анна Нестеров,+7 (964) 743-63-79,user100771@example.ru,Красноярск,02.10.2025
c106597,Алиса Лаптев,+7 (930) 712-42-87,user106597@example.ru,Красноярск,05.05.2024
c103385,Тимур Крылов,+7 (939) 696-31-99,user103385@example.ru,Екатеринбург,28.05.2026
c100616,Полина Мешков,+7 (998) 581-57-02,user100616@example.ru,Красноярск,27.04.2025
c101508,Денис Шилова,+7 (940) 445-32-56,user101508@example.ru,Санкт-Петербург,30.01.2025
c106582,Алиса Тихонова,+7 (957) 760-18-99,user106582@example.ru,Новосибирск,14.06.2026
c103888,Максим Тихонова,+7 (927) 684-68-62,user103888@example.ru,Екатеринбург,05.04.2025
c103535,Кирилл Шилова,+7 (983) 992-72-94,user103535@example.ru,Москва,14.08.2024
c102103,Максим Тихонова,+7 (989) 322-71-10,user102103@example.ru,Санкт-Петербург,06.08.2025
c102855,Ольга Шилова,+7 (979) 511-35-88,user102855@example.ru,Новосибирск,20.06.2025
c105875,Юлия Ермаков,+7 (972) 238-29-99,user105875@example.ru,Новосибирск,10.07.2025
c103692,Елена Панин,+7 (977) 047-08-24,user103692@example.ru,Санкт-Петербург,31.03.2025
c106103,Полина Савельев,+7 (914) 792-16-98,user106103@example.ru,Красноярск,02.08.2024
c105731,Лидия Осипова,+7 (964) 407-36-55,user105731@example.ru,Казань,15.07.2025
c100327,Егор Мешков,+7 (912) 155-86-99,user100327@example.ru,Новосибирск,25.03.2026
c105338,Мария Юдина,+7 (935) 181-58-23,user105338@example.ru,Санкт-Петербург,17.01.2026
c106266,Егор Ермаков,+7 (913) 216-53-45,user106266@example.ru,Екатеринбург,15.06.2025
c102251,Игорь Тихонова,+7 (983) 297-73-34,user102251@example.ru,Красноярск,14.03.2024
c105821,Елена Ковальчук,+7 (950) 538-83-27,user105821@example.ru,Екатеринбург,17.12.2024
c100057,Юлия Нестеров,+7 (945) 008-60-26,user100057@example.ru,Москва,23.02.2024
c102133,Ольга Сорокина,+7 (931) 521-79-15,user102133@example.ru,Новосибирск,03.06.2024
c103915,Роман Ермаков,+7 (982) 957-85-53,user103915@example.ru,Красноярск,27.02.2026
c102994,Егор Мешков,+7 (955) 007-59-50,user102994@example.ru,Казань,26.06.2026
c104015,Ольга Юдина,+7 (998) 926-52-32,user104015@example.ru,Санкт-Петербург,11.09.2024
c101942,Тимур Юдина,+7 (934) 916-71-75,user101942@example.ru,Новосибирск,06.04.2024
c106411,Вера Нестеров,+7 (966) 335-90-61,user106411@example.ru,Красноярск,22.11.2024
c105219,Кирилл Ермаков,+7 (941) 248-23-21,user105219@example.ru,Новосибирск,31.05.2026
c106077,Юлия Тихонова,+7 (984) 012-94-08,user106077@example.ru,Казань,26.06.2025
c100705,Ольга Нестеров,+7 (932) 169-67-76,user100705@example.ru,Екатеринбург,13.06.2024
c103145,Максим Тихонова,+7 (946) 329-90-21,user103145@example.ru,Красноярск,12.08.2025
c105768,Артур Зуева,+7 (935) 380-82-48,user105768@example.ru,Казань,11.08.2024
c102662,Глеб Ермаков,+7 (974) 167-52-35,user102662@example.ru,Санкт-Петербург,07.09.2024
c102450,Тимур Ковальчук,+7 (937) 186-25-08,user102450@example.ru,Санкт-Петербург,18.11.2024
c100011,Кирилл Ковальчук,+7 (986) 271-98-63,user100011@example.ru,Казань,27.02.2026
c101873,Мария Сорокина,+7 (956) 943-59-79,user101873@example.ru,Москва,09.06.2025
c101737,Мария Шилова,+7 (924) 133-37-70,user101737@example.ru,Санкт-Петербург,28.02.2026
c101206,Анна Осипова,+7 (994) 474-09-44,user101206@example.ru,Новосибирск,21.04.2026
c103739,Юлия Ковальчук,+7 (993) 139-08-79,user103739@example.ru,Казань,16.04.2026
c102206,Артур Крылов,+7 (973) 564-01-78,user102206@example.ru,Казань,06.09.2025
c101213,Егор Зуева,+7 (947) 790-90-10,user101213@example.ru,Екатеринбург,23.01.2024
c104845,Ольга Мешков,+7 (928) 763-50-11,user104845@example.ru,Казань,01.05.2025
c105877,Егор Сорокина,+7 (913) 307-33-02,user105877@example.ru,Казань,24.01.2026
c102716,Елена Савельев,+7 (987) 031-80-72,user102716@example.ru,Москва,10.07.2025
c100507,Кирилл Ермаков,+7 (998) 947-05-91,user100507@example.ru,Красноярск,12.01.2024
c101446,Юлия Мешков,+7 (979) 650-98-70,user101446@example.ru,Москва,04.08.2025
c106867,Елена Мешков,+7 (955) 168-08-67,user106867@example.ru,Москва,06.10.2025
c103239,Наталья Тихонова,+7 (927) 365-16-02,user103239@example.ru,Москва,21.08.2024
c101133,Егор Гордеев,+7 (987) 024-27-76,user101133@example.ru,Красноярск,03.12.2025
c106574,Алиса Шилова,+7 (910) 108-29-53,user106574@example.ru,Красноярск,18.11.2025
c103845,Анна Тихонова,+7 (926) 896-96-81,user103845@example.ru,Новосибирск,10.06.2024
c106192,Юлия Крылов,+7 (965) 496-58-51,user106192@example.ru,Санкт-Петербург,23.05.2024
c100982,Денис Мешков,+7 (980) 287-55-54,user100982@example.ru,Санкт-Петербург,22.02.2026
c106716,Анна Гордеев,+7 (983) 977-24-25,user106716@example.ru,Санкт-Петербург,24.07.2024
c105104,Юлия Зуева,+7 (990) 535-87-58,user105104@example.ru,Красноярск,24.04.2025
c106286,Тимур Панин,+7 (951) 287-19-07,user106286@example.ru,Москва,29.08.2025
c101799,Елена Юдина,+7 (959) 056-53-19,user101799@example.ru,Казань,29.01.2025
c101330,Юлия Лаптев,+7 (922) 085-35-53,user101330@example.ru,Екатеринбург,10.12.2024
c101493,Денис Гордеев,+7 (999) 027-61-76,user101493@example.ru,Казань,30.12.2025
c105793,Полина Нестеров,+7 (936) 744-58-87,user105793@example.ru,Новосибирск,18.02.2026
c102110,Егор Тихонова,+7 (965) 236-22-66,user102110@example.ru,Казань,02.07.2025
c102597,Егор Лаптев,+7 (960) 960-06-31,user102597@example.ru,Новосибирск,28.01.2025
c105410,Денис Тихонова,+7 (989) 355-99-08,user105410@example.ru,Казань,31.07.2024
c106254,Лидия Юдина,+7 (998) 370-25-39,user106254@example.ru,Казань,10.08.2025
c103471,Лидия Нестеров,+7 (990) 055-64-26,user103471@example.ru,Москва,18.04.2024
c103992,Юлия Тихонова,+7 (930) 061-53-09,user103992@example.ru,Красноярск,20.05.2026
c104965,Глеб Шилова,+7 (932) 471-27-95,user104965@example.ru,Казань,08.06.2024
c106050,Павел Крылов,+7 (959) 482-70-81,user106050@example.ru,Новосибирск,19.11.2024
c104317,Елена Шилова,+7 (936) 828-63-55,user104317@example.ru,Новосибирск,13.01.2025
c105556,Лидия Юдина,+7 (921) 617-36-27,user105556@example.ru,Санкт-Петербург,01.11.2024
c101443,Глеб Осипова,+7 (979) 113-30-80,user101443@example.ru,Казань,26.03.2026
c103373,Елена Тихонова,+7 (923) 768-13-30,user103373@example.ru,Казань,06.02.2025
c102371,Артур Тихонова,+7 (916) 700-23-51,user102371@example.ru,Екатеринбург,14.10.2025
c101844,Максим Сорокина,+7 (941) 569-97-62,user101844@example.ru,Санкт-Петербург,03.03.2024
c100674,Елена Лаптев,+7 (950) 218-81-60,user100674@example.ru,Москва,27.12.2025
c102940,Наталья Нестеров,+7 (995) 345-68-38,user102940@example.ru,Екатеринбург,12.07.2024
c101389,Кирилл Нестеров,+7 (976) 177-18-84,user101389@example.ru,Екатеринбург,06.10.2025
c102971,Глеб Ковальчук,+7 (948) 718-35-32,user102971@example.ru,Казань,27.03.2024
c100548,Анна Панин,+7 (956) 009-54-31,user100548@example.ru,Екатеринбург,15.10.2025
c101411,Лидия Гордеев,+7 (921) 835-17-48,user101411@example.ru,Екатеринбург,06.12.2025
c101309,Тимур Лаптев,+7 (999) 423-65-24,user101309@example.ru,Москва,24.02.2024
c103043,Анна Осипова,+7 (951) 515-54-66,user103043@example.ru,Новосибирск,21.06.2026
c105843,Наталья Крылов,+7 (937) 009-02-27,user105843@example.ru,Новосибирск,18.08.2025
c103840,Полина Ковальчук,+7 (946) 001-69-33,user103840@example.ru,Новосибирск,11.09.2024
c104649,Вера Савельев,+7 (917) 967-45-94,user104649@example.ru,Новосибирск,26.06.2026
c100801,Егор Тихонова,+7 (987) 203-90-95,user100801@example.ru,Москва,28.04.2026
c102730,Денис Ковальчук,+7 (945) 108-99-98,user102730@example.ru,Москва,19.05.2026
c102851,Артур Савельев,+7 (953) 407-71-61,user102851@example.ru,Санкт-Петербург,03.04.2025
c103689,Полина Ковальчук,+7 (990) 630-83-55,user103689@example.ru,Казань,11.10.2024
c104653,Павел Ковальчук,+7 (939) 399-27-48,user104653@example.ru,Екатеринбург,22.12.2025
c100707,Егор Савельев,+7 (996) 034-90-89,user100707@example.ru,Санкт-Петербург,03.01.2026
c104796,Павел Осипова,+7 (916) 170-78-25,user104796@example.ru,Екатеринбург,01.11.2025
c105668,Тимур Юдина,+7 (932) 010-24-73,user105668@example.ru,Екатеринбург,16.06.2024
c105940,Елена Ковальчук,+7 (939) 697-54-25,user105940@example.ru,Новосибирск,13.01.2024
c104935,Мария Шилова,+7 (978) 505-52-68,user104935@example.ru,Казань,28.06.2024
c104590,Егор Осипова,+7 (957) 718-47-04,user104590@example.ru,Красноярск,13.11.2025
c103225,Тимур Нестеров,+7 (991) 387-58-48,user103225@example.ru,Санкт-Петербург,05.11.2024
c104316,Егор Белых,+7 (912) 257-24-68,user104316@example.ru,Красноярск,11.04.2024
c101807,Полина Ковальчук,+7 (992) 383-66-63,user101807@example.ru,Екатеринбург,06.08.2024
c106432,Глеб Шилова,+7 (966) 828-69-85,user106432@example.ru,Москва,11.04.2025
c100607,Юлия Панин,+7 (921) 443-14-53,user100607@example.ru,Новосибирск,05.10.2024
c102395,Кирилл Сорокина,+7 (977) 032-60-38,user102395@example.ru,Новосибирск,13.04.2024
c101971,Вера Юдина,+7 (933) 950-43-47,user101971@example.ru,Красноярск,07.09.2025
c105946,Анна Мешков,+7 (932) 695-74-59,user105946@example.ru,Екатеринбург,20.01.2026
c102888,Лидия Лаптев,+7 (986) 344-39-79,user102888@example.ru,Москва,15.12.2025
c104968,Полина Нестеров,+7 (948) 181-89-50,user104968@example.ru,Екатеринбург,15.07.2024
c101631,Юлия Лаптев,+7 (981) 534-28-90,user101631@example.ru,Казань,31.10.2024
c103515,Алиса Крылов,+7 (969) 051-75-81,user103515@example.ru,Новосибирск,19.04.2025
c102448,Кирилл Белых,+7 (997) 205-12-43,user102448@example.ru,Красноярск,12.06.2026
c100881,Юлия Панин,+7 (966) 061-59-05,user100881@example.ru,Казань,18.04.2026
c100004,Кирилл Шилова,+7 (963) 859-55-71,user100004@example.ru,Казань,24.11.2024
c100310,Кирилл Осипова,+7 (943) 565-04-95,user100310@example.ru,Екатеринбург,05.10.2024
c103354,Полина Гордеев,+7 (969) 359-28-12,user103354@example.ru,Новосибирск,02.05.2026
c105008,Полина Крылов,+7 (988) 519-81-51,user105008@example.ru,Казань,25.11.2024
c102469,Артур Зуева,+7 (932) 716-04-41,user102469@example.ru,Новосибирск,22.05.2025
c102718,Елена Панин,+7 (987) 012-20-13,user102718@example.ru,Санкт-Петербург,02.01.2025
c105489,Наталья Сорокина,+7 (950) 786-09-58,user105489@example.ru,Новосибирск,07.04.2025
c104879,Елена Савельев,+7 (951) 440-43-40,user104879@example.ru,Санкт-Петербург,03.03.2026
c100325,Денис Белых,+7 (936) 342-01-56,user100325@example.ru,Екатеринбург,01.04.2024
c104768,Кирилл Мешков,+7 (927) 805-15-48,user104768@example.ru,Екатеринбург,24.12.2025
c106361,Максим Осипова,+7 (984) 800-85-70,user106361@example.ru,Казань,04.03.2025
c102455,Вера Лаптев,+7 (915) 396-49-27,user102455@example.ru,Казань,28.02.2024
c100000,Глеб Белых,+7 (929) 766-85-63,user100000@example.ru,Новосибирск,30.03.2024
c104366,Полина Панин,+7 (969) 070-37-89,user104366@example.ru,Санкт-Петербург,27.01.2024
c104091,Роман Лаптев,+7 (995) 490-33-57,user104091@example.ru,Казань,14.06.2026
c102857,Денис Панин,+7 (998) 268-48-63,user102857@example.ru,Москва,10.06.2026
c100071,Вера Лаптев,+7 (993) 450-63-05,user100071@example.ru,Казань,27.01.2025
c100258,Павел Тихонова,+7 (930) 603-36-13,user100258@example.ru,Екатеринбург,29.04.2024
c101157,Максим Ермаков,+7 (978) 202-53-95,user101157@example.ru,Екатеринбург,25.02.2026
c102213,Глеб Ермаков,+7 (956) 763-39-84,user102213@example.ru,Москва,02.03.2026
c103628,Глеб Тихонова,+7 (962) 267-62-74,user103628@example.ru,Новосибирск,16.10.2025
c100830,Кирилл Зуева,+7 (930) 706-45-51,user100830@example.ru,Санкт-Петербург,11.07.2025
c100543,Алиса Юдина,+7 (980) 415-76-88,user100543@example.ru,Казань,28.11.2025
c105473,Глеб Ермаков,+7 (917) 588-63-69,user105473@example.ru,Санкт-Петербург,12.12.2025
c105296,Наталья Лаптев,+7 (958) 985-13-55,user105296@example.ru,Новосибирск,04.09.2025
c105725,Егор Панин,+7 (990) 728-58-91,user105725@example.ru,Новосибирск,28.03.2026
c103460,Лидия Зуева,+7 (913) 960-27-20,user103460@example.ru,Казань,09.04.2024
c101946,Алиса Тихонова,+7 (979) 788-73-16,user101946@example.ru,Санкт-Петербург,20.12.2025
c102134,Алиса Крылов,+7 (911) 223-79-80,user102134@example.ru,Санкт-Петербург,22.09.2025
c100351,Елена Тихонова,+7 (988) 951-56-04,user100351@example.ru,Москва,27.01.2024
c100162,Денис Савельев,+7 (954) 238-69-10,user100162@example.ru,Новосибирск,27.05.2026
c104100,Полина Юдина,+7 (928) 299-80-00,user104100@example.ru,Екатеринбург,26.11.2024
c105719,Тимур Нестеров,+7 (920) 609-66-19,user105719@example.ru,Санкт-Петербург,23.08.2024
c105500,Наталья Тихонова,+7 (991) 553-15-56,user105500@example.ru,Новосибирск,23.11.2024
c103168,Вера Панин,+7 (979) 659-33-37,user103168@example.ru,Екатеринбург,08.10.2025
c102472,Лидия Сорокина,+7 (926) 212-41-48,user102472@example.ru,Санкт-Петербург,20.07.2025
c106298,Полина Осипова,+7 (926) 951-77-73,user106298@example.ru,Красноярск,20.07.2025
c101930,Кирилл Белых,+7 (947) 733-22-63,user101930@example.ru,Санкт-Петербург,18.12.2024
c103170,Кирилл Зуева,+7 (944) 433-72-47,user103170@example.ru,Красноярск,07.02.2026
c103294,Алиса Лаптев,+7 (962) 909-09-14,user103294@example.ru,Казань,24.01.2024
c102176,Павел Зуева,+7 (971) 726-14-52,user102176@example.ru,Екатеринбург,31.03.2024
c102073,Максим Белых,+7 (927) 351-34-63,user102073@example.ru,Санкт-Петербург,16.10.2024
c104130,Егор Панин,+7 (973) 516-47-99,user104130@example.ru,Новосибирск,04.12.2024
c104680,Глеб Осипова,+7 (930) 954-82-67,user104680@example.ru,Казань,21.07.2025
c103459,Павел Нестеров,+7 (943) 269-02-09,user103459@example.ru,Казань,02.10.2025
c100457,Тимур Зуева,+7 (945) 981-64-99,user100457@example.ru,Казань,09.05.2024
c106472,Денис Зуева,+7 (936) 558-16-97,user106472@example.ru,Красноярск,10.02.2025
c103173,Кирилл Нестеров,+7 (958) 169-56-26,user103173@example.ru,Санкт-Петербург,02.07.2024
c102197,Егор Шилова,+7 (965) 221-77-22,user102197@example.ru,Екатеринбург,17.12.2025
c104432,Глеб Панин,+7 (960) 377-50-40,user104432@example.ru,Москва,19.12.2024
c100745,Глеб Юдина,+7 (995) 564-05-62,user100745@example.ru,Новосибирск,30.05.2025
c106183,Денис Крылов,+7 (975) 111-31-32,user106183@example.ru,Екатеринбург,01.12.2024
c103829,Елена Панин,+7 (959) 766-75-09,user103829@example.ru,Казань,15.01.2024
c106428,Артур Осипова,+7 (916) 412-54-55,user106428@example.ru,Екатеринбург,16.10.2024
c105324,Наталья Нестеров,+7 (984) 232-48-91,user105324@example.ru,Новосибирск,21.07.2024
c100177,Игорь Гордеев,+7 (956) 073-45-61,user100177@example.ru,Красноярск,21.01.2025
c101670,Алиса Гордеев,+7 (946) 892-29-66,user101670@example.ru,Новосибирск,08.05.2025
c106196,Тимур Тихонова,+7 (970) 860-27-99,user106196@example.ru,Екатеринбург,21.04.2025
c106018,Ольга Крылов,+7 (927) 836-60-07,user106018@example.ru,Новосибирск,06.11.2024
c100910,Лидия Панин,+7 (939) 320-35-81,user100910@example.ru,Красноярск,17.08.2025
c105036,Артур Тихонова,+7 (994) 844-48-91,user105036@example.ru,Екатеринбург,21.11.2024
c102604,Лидия Лаптев,+7 (976) 482-11-50,user102604@example.ru,Москва,28.01.2024
c103107,Кирилл Сорокина,+7 (961) 627-64-63,user103107@example.ru,Новосибирск,16.10.2025
c102929,Наталья Шилова,+7 (953) 562-77-95,user102929@example.ru,Москва,06.12.2024
c105223,Роман Крылов,+7 (955) 888-66-31,user105223@example.ru,Москва,07.12.2024
c105772,Мария Ковальчук,+7 (960) 096-54-59,user105772@example.ru,Москва,29.01.2024
c102163,Елена Сорокина,+7 (913) 709-94-50,user102163@example.ru,Екатеринбург,19.01.2024
c106034,Павел Тихонова,+7 (910) 409-67-63,user106034@example.ru,Красноярск,06.08.2024
c103642,Артур Шилова,+7 (926) 385-78-51,user103642@example.ru,Новосибирск,17.05.2026
c100407,Артур Белых,+7 (917) 823-92-57,user100407@example.ru,Красноярск,15.04.2024
c100711,Наталья Гордеев,+7 (977) 085-45-03,user100711@example.ru,Казань,10.04.2024
c106352,Вера Зуева,+7 (993) 409-44-85,user106352@example.ru,Казань,26.10.2025
c100852,Вера Мешков,+7 (923) 765-92-37,user100852@example.ru,Екатеринбург,22.05.2024
c101267,Максим Сорокина,+7 (989) 434-36-39,user101267@example.ru,Красноярск,20.05.2024
c105346,Юлия Панин,+7 (944) 600-26-14,user105346@example.ru,Казань,02.12.2025
c106858,Тимур Мешков,+7 (963) 449-42-94,user106858@example.ru,Москва,19.02.2024
c104858,Денис Крылов,+7 (973) 969-55-62,user104858@example.ru,Казань,28.06.2025
c101412,Вера Белых,+7 (993) 987-05-54,user101412@example.ru,Санкт-Петербург,15.05.2025
c104848,Алиса Осипова,+7 (938) 312-48-35,user104848@example.ru,Санкт-Петербург,11.04.2025
c102894,Елена Белых,+7 (918) 086-73-62,user102894@example.ru,Красноярск,16.07.2025
c101886,Максим Шилова,+7 (993) 324-72-56,user101886@example.ru,Новосибирск,05.01.2026
c103295,Мария Юдина,+7 (915) 136-79-12,user103295@example.ru,Москва,23.12.2025
c104301,Кирилл Белых,+7 (919) 759-34-39,user104301@example.ru,Красноярск,10.03.2025
c103528,Глеб Белых,+7 (926) 979-70-17,user103528@example.ru,Санкт-Петербург,28.06.2025
c105082,Денис Тихонова,+7 (925) 934-91-90,user105082@example.ru,Екатеринбург,14.07.2024
c101733,Вера Тихонова,+7 (972) 173-41-09,user101733@example.ru,Москва,14.06.2026
c103866,Вера Зуева,+7 (931) 533-43-60,user103866@example.ru,Красноярск,09.02.2025
c100646,Юлия Гордеев,+7 (963) 916-60-38,user100646@example.ru,Екатеринбург,19.10.2025
c105921,Вера Ковальчук,+7 (984) 945-69-33,user105921@example.ru,Казань,01.02.2024
c102441,Анна Крылов,+7 (976) 930-95-73,user102441@example.ru,Екатеринбург,16.06.2025
c100266,Тимур Гордеев,+7 (929) 513-75-68,user100266@example.ru,Красноярск,29.02.2024
c101082,Павел Крылов,+7 (983) 005-60-36,user101082@example.ru,Екатеринбург,28.03.2025
c104456,Юлия Крылов,+7 (956) 251-87-70,user104456@example.ru,Красноярск,02.06.2024
c104641,Алиса Осипова,+7 (934) 632-43-29,user104641@example.ru,Казань,30.09.2025
c106890,Лидия Осипова,+7 (970) 498-94-44,user106890@example.ru,Казань,09.05.2026
c101041,Артур Осипова,+7 (920) 837-05-29,user101041@example.ru,Красноярск,11.06.2024
c101672,Вера Юдина,+7 (935) 919-68-81,user101672@example.ru,Санкт-Петербург,18.12.2024
c104149,Глеб Зуева,+7 (970) 273-00-02,user104149@example.ru,Красноярск,07.02.2026
c100033,Роман Панин,+7 (978) 566-31-91,user100033@example.ru,Новосибирск,12.05.2025
c104882,Егор Осипова,+7 (986) 190-77-55,user104882@example.ru,Новосибирск,06.06.2025
c100395,Максим Панин,+7 (962) 713-76-04,user100395@example.ru,Красноярск,09.08.2025
c100626,Алиса Сорокина,+7 (932) 784-97-38,user100626@example.ru,Красноярск,26.05.2025
c105423,Егор Зуева,+7 (918) 932-73-75,user105423@example.ru,Екатеринбург,22.03.2025
c102805,Полина Шилова,+7 (955) 579-25-46,user102805@example.ru,Москва,22.10.2025
c106825,Артур Крылов,+7 (993) 757-13-37,user106825@example.ru,Красноярск,19.05.2024
c104262,Вера Мешков,+7 (976) 677-21-09,user104262@example.ru,Красноярск,20.03.2025
c100961,Егор Ермаков,+7 (951) 086-91-13,user100961@example.ru,Казань,24.09.2024
c102713,Вера Тихонова,+7 (998) 679-94-88,user102713@example.ru,Екатеринбург,01.09.2025
c101036,Павел Ковальчук,+7 (915) 702-41-21,user101036@example.ru,Казань,10.01.2026
c105787,Вера Шилова,+7 (971) 681-81-66,user105787@example.ru,Москва,14.12.2024
c105044,Мария Ковальчук,+7 (996) 727-09-95,user105044@example.ru,Красноярск,15.07.2024
c102025,Игорь Савельев,+7 (910) 958-99-27,user102025@example.ru,Москва,06.02.2026
c105720,Алиса Зуева,+7 (947) 750-59-59,user105720@example.ru,Екатеринбург,02.09.2024
c103925,Егор Лаптев,+7 (919) 674-17-86,user103925@example.ru,Санкт-Петербург,07.12.2024
c104563,Юлия Шилова,+7 (985) 507-03-15,user104563@example.ru,Казань,09.09.2025
c105482,Анна Тихонова,+7 (910) 664-55-10,user105482@example.ru,Санкт-Петербург,29.10.2025
c103014,Кирилл Зуева,+7 (935) 743-59-87,user103014@example.ru,Екатеринбург,24.02.2024
c101881,Ольга Панин,+7 (957) 795-65-10,user101881@example.ru,Новосибирск,09.12.2025
c105356,Кирилл Тихонова,+7 (922) 299-05-35,user105356@example.ru,Красноярск,23.05.2026
c101748,Максим Ермаков,+7 (956) 304-23-61,user101748@example.ru,Москва,11.01.2025
c104734,Денис Ковальчук,+7 (960) 602-07-92,user104734@example.ru,Санкт-Петербург,14.04.2026
c102565,Игорь Ковальчук,+7 (967) 384-29-74,user102565@example.ru,Москва,11.11.2024
c100582,Елена Шилова,+7 (991) 321-40-08,user100582@example.ru,Санкт-Петербург,02.07.2025
c104595,Денис Белых,+7 (959) 523-73-77,user104595@example.ru,Новосибирск,26.04.2025
c100528,Полина Гордеев,+7 (993) 315-00-36,user100528@example.ru,Новосибирск,22.07.2024
c102050,Алиса Гордеев,+7 (947) 501-36-59,user102050@example.ru,Новосибирск,16.12.2024
c104831,Тимур Мешков,+7 (961) 461-81-04,user104831@example.ru,Екатеринбург,12.01.2024
c102959,Глеб Крылов,+7 (933) 864-53-72,user102959@example.ru,Новосибирск,24.01.2025
c100797,Кирилл Зуева,+7 (956) 917-13-60,user100797@example.ru,Новосибирск,08.04.2026
c106422,Денис Панин,+7 (936) 272-48-62,user106422@example.ru,Екатеринбург,27.09.2025
c104795,Тимур Савельев,+7 (982) 711-94-55,user104795@example.ru,Красноярск,19.01.2026
c100197,Лидия Нестеров,+7 (998) 087-89-70,user100197@example.ru,Санкт-Петербург,30.11.2025
c103597,Тимур Панин,+7 (934) 842-07-97,user103597@example.ru,Новосибирск,10.12.2024
c104311,Павел Лаптев,+7 (990) 707-20-04,user104311@example.ru,Казань,17.02.2025
c103541,Кирилл Осипова,+7 (967) 890-63-70,user103541@example.ru,Красноярск,23.03.2025
c100888,Глеб Крылов,+7 (984) 135-01-27,user100888@example.ru,Санкт-Петербург,22.08.2025
c104889,Алиса Нестеров,+7 (959) 872-41-37,user104889@example.ru,Москва,04.11.2025
c102528,Ольга Крылов,+7 (969) 653-30-28,user102528@example.ru,Новосибирск,02.11.2024
c105893,Роман Лаптев,+7 (997) 854-70-19,user105893@example.ru,Красноярск,17.04.2024
c102400,Лидия Крылов,+7 (983) 008-90-74,user102400@example.ru,Красноярск,13.01.2026
c100550,Полина Ермаков,+7 (944) 429-96-99,user100550@example.ru,Новосибирск,04.06.2025
c104686,Лидия Осипова,+7 (968) 825-40-38,user104686@example.ru,Санкт-Петербург,28.01.2026
c102892,Артур Зуева,+7 (916) 722-63-76,user102892@example.ru,Новосибирск,28.11.2025
c105901,Елена Сорокина,+7 (916) 144-33-84,user105901@example.ru,Красноярск,02.01.2026
c101768,Глеб Лаптев,+7 (948) 264-64-32,user101768@example.ru,Красноярск,24.08.2024
c100010,Кирилл Юдина,+7 (931) 475-67-30,user100010@example.ru,Красноярск,30.04.2025
c102051,Лидия Тихонова,+7 (982) 461-33-87,user102051@example.ru,Екатеринбург,03.03.2024
c103923,Павел Ермаков,+7 (951) 136-67-08,user103923@example.ru,Новосибирск,12.01.2025
c103155,Артур Лаптев,+7 (995) 443-58-79,user103155@example.ru,Красноярск,23.08.2025
c102374,Полина Белых,+7 (952) 573-12-09,user102374@example.ru,Санкт-Петербург,02.12.2025
c100319,Максим Гордеев,+7 (977) 763-76-47,user100319@example.ru,Москва,18.03.2026
c104380,Артур Тихонова,+7 (961) 419-98-30,user104380@example.ru,Москва,05.11.2024
c103432,Юлия Панин,+7 (925) 207-22-03,user103432@example.ru,Новосибирск,11.01.2025
c105860,Полина Ковальчук,+7 (954) 817-54-24,user105860@example.ru,Москва,24.10.2024
c102012,Егор Ермаков,+7 (947) 078-45-25,user102012@example.ru,Казань,24.12.2024
c101950,Алиса Зуева,+7 (920) 301-44-87,user101950@example.ru,Екатеринбург,11.01.2026
c103054,Артур Осипова,+7 (951) 422-47-11,user103054@example.ru,Санкт-Петербург,28.02.2025
c105391,Наталья Шилова,+7 (970) 756-96-49,user105391@example.ru,Новосибирск,24.04.2024
c100490,Лидия Мешков,+7 (994) 279-07-19,user100490@example.ru,Санкт-Петербург,20.09.2025
c106154,Денис Юдина,+7 (931) 944-32-34,user106154@example.ru,Новосибирск,27.12.2024
c105014,Анна Нестеров,+7 (950) 344-81-61,user105014@example.ru,Казань,05.09.2024
c101223,Егор Савельев,+7 (986) 434-71-41,user101223@example.ru,Казань,30.05.2026
c104235,Игорь Панин,+7 (994) 428-64-03,user104235@example.ru,Екатеринбург,20.03.2025
c102286,Алиса Панин,+7 (954) 296-60-49,user102286@example.ru,Санкт-Петербург,15.03.2025
c101181,Игорь Тихонова,+7 (990) 918-41-93,user101181@example.ru,Екатеринбург,05.12.2025
c104271,Анна Белых,+7 (984) 827-32-13,user104271@example.ru,Новосибирск,08.10.2024
c105095,Кирилл Крылов,+7 (980) 745-19-88,user105095@example.ru,Санкт-Петербург,09.05.2025
c106343,Алиса Белых,+7 (910) 878-28-08,user106343@example.ru,Санкт-Петербург,29.04.2026
c106880,Мария Белых,+7 (913) 157-28-20,user106880@example.ru,Казань,11.02.2024
c103565,Ольга Панин,+7 (932) 045-64-41,user103565@example.ru,Красноярск,25.12.2024
c100311,Ольга Савельев,+7 (978) 157-39-51,user100311@example.ru,Красноярск,22.01.2024
c102026,Юлия Сорокина,+7 (953) 995-07-85,user102026@example.ru,Новосибирск,06.03.2025
c105748,Полина Мешков,+7 (952) 789-36-87,user105748@example.ru,Красноярск,03.12.2024
c104564,Алиса Шилова,+7 (925) 159-30-27,user104564@example.ru,Екатеринбург,29.08.2025
c103083,Анна Гордеев,+7 (962) 794-09-09,user103083@example.ru,Новосибирск,26.08.2024
c103839,Максим Гордеев,+7 (937) 111-57-28,user103839@example.ru,Москва,19.04.2026
c103970,Мария Юдина,+7 (958) 268-42-64,user103970@example.ru,Санкт-Петербург,17.05.2024
c105070,Анна Зуева,+7 (940) 993-91-74,user105070@example.ru,Красноярск,03.09.2024
c103740,Анна Сорокина,+7 (938) 531-50-03,user103740@example.ru,Москва,07.08.2025
c104678,Игорь Осипова,+7 (986) 051-08-95,user104678@example.ru,Екатеринбург,18.02.2025
c106653,Артур Белых,+7 (980) 141-01-55,user106653@example.ru,Новосибирск,31.03.2026
c102423,Анна Зуева,+7 (947) 260-92-26,user102423@example.ru,Санкт-Петербург,10.03.2025
c104655,Лидия Ковальчук,+7 (978) 340-38-67,user104655@example.ru,Новосибирск,22.11.2024
c101341,Юлия Сорокина,+7 (948) 272-68-20,user101341@example.ru,Казань,16.08.2025
c103848,Елена Зуева,+7 (951) 518-98-39,user103848@example.ru,Казань,17.05.2024
c104359,Вера Шилова,+7 (953) 411-40-46,user104359@example.ru,Санкт-Петербург,19.03.2025
c103713,Лидия Панин,+7 (941) 183-69-14,user103713@example.ru,Новосибирск,07.01.2026
c105211,Егор Сорокина,+7 (999) 886-18-69,user105211@example.ru,Казань,12.02.2024
c102275,Лидия Нестеров,+7 (960) 715-16-81,user102275@example.ru,Москва,23.03.2024
c102487,Наталья Осипова,+7 (981) 626-15-28,user102487@example.ru,Казань,30.03.2026
c103666,Ольга Сорокина,+7 (988) 764-07-91,user103666@example.ru,Казань,09.02.2025
c104524,Мария Крылов,+7 (959) 835-53-05,user104524@example.ru,Москва,14.11.2024
c103248,Наталья Юдина,+7 (952) 705-48-16,user103248@example.ru,Новосибирск,08.01.2025
c104596,Полина Осипова,+7 (916) 579-14-49,user104596@example.ru,Москва,15.03.2026
c102379,Лидия Гордеев,+7 (974) 574-59-87,user102379@example.ru,Москва,02.10.2024
c103795,Кирилл Тихонова,+7 (966) 345-86-57,user103795@example.ru,Новосибирск,25.06.2025
c103025,Глеб Осипова,+7 (947) 181-06-27,user103025@example.ru,Екатеринбург,11.06.2024
c106168,Кирилл Нестеров,+7 (995) 296-34-32,user106168@example.ru,Санкт-Петербург,20.04.2025
c104700,Игорь Мешков,+7 (973) 307-10-64,user104700@example.ru,Екатеринбург,29.06.2025
c103600,Юлия Панин,+7 (973) 694-82-69,user103600@example.ru,Новосибирск,07.11.2024
c106558,Роман Зуева,+7 (954) 404-16-42,user106558@example.ru,Санкт-Петербург,26.09.2025
c101751,Мария Гордеев,+7 (967) 640-71-30,user101751@example.ru,Екатеринбург,29.01.2024
c105232,Глеб Крылов,+7 (994) 874-00-32,user105232@example.ru,Санкт-Петербург,17.11.2025
c103765,Егор Осипова,+7 (945) 680-17-78,user103765@example.ru,Новосибирск,13.09.2025
c103622,Максим Осипова,+7 (929) 951-43-44,user103622@example.ru,Красноярск,09.07.2025
c104027,Елена Ермаков,+7 (917) 265-21-74,user104027@example.ru,Екатеринбург,30.01.2025
c103690,Роман Крылов,+7 (976) 921-86-07,user103690@example.ru,Красноярск,19.10.2025
c105359,Елена Осипова,+7 (916) 143-87-83,user105359@example.ru,Санкт-Петербург,28.12.2024
c105641,Наталья Шилова,+7 (973) 473-58-31,user105641@example.ru,Новосибирск,27.10.2025
c100985,Юлия Крылов,+7 (992) 353-88-31,user100985@example.ru,Москва,16.03.2026
c102159,Егор Осипова,+7 (992) 705-11-11,user102159@example.ru,Новосибирск,27.11.2024
c106565,Елена Юдина,+7 (980) 598-81-83,user106565@example.ru,Екатеринбург,03.10.2024
c102119,Алиса Шилова,+7 (965) 482-75-49,user102119@example.ru,Санкт-Петербург,12.04.2026
c101153,Наталья Шилова,+7 (947) 589-38-66,user101153@example.ru,Красноярск,20.06.2024
c105470,Артур Нестеров,+7 (980) 518-36-43,user105470@example.ru,Казань,31.03.2025
c103531,Юлия Мешков,+7 (918) 060-19-05,user103531@example.ru,Новосибирск,13.06.2025
c104581,Роман Сорокина,+7 (963) 112-61-51,user104581@example.ru,Новосибирск,14.04.2026
c101323,Полина Ковальчук,+7 (937) 272-78-44,user101323@example.ru,Казань,31.01.2026
c106861,Егор Зуева,+7 (980) 246-29-75,user106861@example.ru,Новосибирск,12.04.2026
c104223,Роман Шилова,+7 (948) 237-60-97,user104223@example.ru,Екатеринбург,25.03.2026
c106247,Денис Шилова,+7 (949) 458-97-52,user106247@example.ru,Казань,22.06.2026
c101089,Роман Мешков,+7 (918) 285-84-12,user101089@example.ru,Екатеринбург,21.06.2025
c103863,Тимур Гордеев,+7 (974) 278-56-79,user103863@example.ru,Екатеринбург,14.07.2025
c105033,Наталья Ермаков,+7 (972) 520-04-23,user105033@example.ru,Казань,08.09.2025
c103312,Роман Тихонова,+7 (948) 093-56-82,user103312@example.ru,Казань,18.02.2025
c103841,Полина Нестеров,+7 (919) 350-97-55,user103841@example.ru,Казань,27.10.2024
c100366,Денис Ермаков,+7 (915) 195-42-71,user100366@example.ru,Красноярск,25.08.2025
c103251,Павел Панин,+7 (994) 294-29-97,user103251@example.ru,Москва,19.03.2025
c104090,Роман Зуева,+7 (941) 112-37-29,user104090@example.ru,Красноярск,29.12.2024
c102551,Вера Юдина,+7 (924) 028-26-07,user102551@example.ru,Санкт-Петербург,31.01.2025
c105845,Игорь Зуева,+7 (980) 750-94-24,user105845@example.ru,Казань,18.01.2026
c105751,Денис Ковальчук,+7 (973) 275-90-57,user105751@example.ru,Новосибирск,18.01.2026
c102416,Роман Савельев,+7 (945) 319-63-81,user102416@example.ru,Екатеринбург,20.03.2024
c102352,Роман Зуева,+7 (971) 639-58-92,user102352@example.ru,Красноярск,07.01.2026
c104299,Егор Гордеев,+7 (955) 181-81-22,user104299@example.ru,Красноярск,05.05.2026
c100058,Роман Ковальчук,+7 (972) 773-47-87,user100058@example.ru,Екатеринбург,29.11.2024
c105820,Юлия Нестеров,+7 (935) 506-54-91,user105820@example.ru,Санкт-Петербург,12.02.2024
c106618,Роман Нестеров,+7 (918) 054-29-44,user106618@example.ru,Москва,16.01.2024
c100893,Максим Белых,+7 (991) 102-35-26,user100893@example.ru,Санкт-Петербург,15.10.2025
c101194,Глеб Нестеров,+7 (938) 901-51-95,user101194@example.ru,Красноярск,28.06.2026
c106278,Павел Крылов,+7 (976) 834-21-91,user106278@example.ru,Казань,02.07.2025
c102876,Игорь Гордеев,+7 (989) 990-55-19,user102876@example.ru,Санкт-Петербург,27.01.2025
c102401,Тимур Осипова,+7 (939) 343-80-99,user102401@example.ru,Санкт-Петербург,14.01.2024
c100045,Денис Савельев,+7 (913) 935-75-54,user100045@example.ru,Казань,05.12.2024
c101710,Ольга Осипова,+7 (992) 403-58-03,user101710@example.ru,Казань,25.11.2025
c102278,Денис Ковальчук,+7 (961) 512-29-97,user102278@example.ru,Красноярск,04.04.2026
c104820,Алиса Панин,+7 (950) 809-57-97,user104820@example.ru,Москва,05.06.2024
c105413,Анна Мешков,+7 (913) 876-39-47,user105413@example.ru,Екатеринбург,04.12.2025
c101627,Максим Белых,+7 (966) 795-97-08,user101627@example.ru,Новосибирск,22.05.2024
c104735,Алиса Нестеров,+7 (947) 657-50-72,user104735@example.ru,Казань,27.11.2024
c105285,Тимур Савельев,+7 (931) 781-06-43,user105285@example.ru,Екатеринбург,04.03.2024
c104681,Елена Ковальчук,+7 (938) 308-88-33,user104681@example.ru,Санкт-Петербург,27.08.2025
c104264,Денис Зуева,+7 (979) 800-76-20,user104264@example.ru,Санкт-Петербург,19.08.2025
c104417,Полина Ковальчук,+7 (953) 887-56-39,user104417@example.ru,Казань,07.01.2025
c100710,Лидия Тихонова,+7 (931) 649-15-95,user100710@example.ru,Москва,28.05.2024
c103908,Игорь Ковальчук,+7 (969) 891-83-86,user103908@example.ru,Екатеринбург,04.05.2024
c105850,Игорь Лаптев,+7 (983) 166-50-70,user105850@example.ru,Санкт-Петербург,02.12.2024
c105431,Егор Ковальчук,+7 (933) 276-46-05,user105431@example.ru,Красноярск,23.09.2024
c104320,Мария Крылов,+7 (991) 182-73-07,user104320@example.ru,Казань,16.04.2024
c105573,Максим Нестеров,+7 (955) 913-01-63,user105573@example.ru,Красноярск,14.12.2025
c106705,Максим Ковальчук,+7 (939) 197-75-11,user106705@example.ru,Казань,28.10.2024
c102927,Елена Зуева,+7 (910) 038-96-73,user102927@example.ru,Екатеринбург,03.07.2024
c105612,Наталья Тихонова,+7 (917) 280-94-16,user105612@example.ru,Москва,05.10.2024
c106175,Денис Панин,+7 (950) 015-30-56,user106175@example.ru,Екатеринбург,11.04.2025
c100228,Вера Осипова,+7 (963) 758-92-41,user100228@example.ru,Екатеринбург,08.02.2026
c105131,Юлия Нестеров,+7 (994) 052-08-92,user105131@example.ru,Казань,12.12.2025
c106020,Артур Мешков,+7 (943) 703-84-59,user106020@example.ru,Москва,13.07.2024
c104599,Артур Тихонова,+7 (935) 547-06-88,user104599@example.ru,Екатеринбург,28.01.2025
c105463,Игорь Панин,+7 (986) 757-47-86,user105463@example.ru,Москва,02.11.2024
c102981,Мария Белых,+7 (922) 900-26-20,user102981@example.ru,Москва,15.02.2025
c103870,Юлия Мешков,+7 (950) 030-55-45,user103870@example.ru,Екатеринбург,18.09.2025
c106717,Глеб Савельев,+7 (942) 067-74-40,user106717@example.ru,Красноярск,03.04.2025
c103339,Кирилл Мешков,+7 (996) 436-29-90,user103339@example.ru,Новосибирск,04.03.2024
c103959,Тимур Ковальчук,+7 (961) 915-92-65,user103959@example.ru,Москва,13.03.2026
c103994,Наталья Крылов,+7 (935) 790-67-32,user103994@example.ru,Новосибирск,20.01.2026
c100267,Егор Нестеров,+7 (994) 613-41-10,user100267@example.ru,Новосибирск,22.06.2024
c105533,Ольга Лаптев,+7 (965) 549-83-90,user105533@example.ru,Москва,27.01.2026
c100474,Денис Лаптев,+7 (989) 420-11-52,user100474@example.ru,Казань,12.10.2024
c106776,Максим Мешков,+7 (925) 258-96-08,user106776@example.ru,Екатеринбург,07.07.2024
c102116,Тимур Гордеев,+7 (964) 352-88-24,user102116@example.ru,Екатеринбург,14.04.2025
c103817,Наталья Юдина,+7 (936) 022-76-95,user103817@example.ru,Санкт-Петербург,26.09.2025
c103006,Игорь Нестеров,+7 (918) 060-97-11,user103006@example.ru,Новосибирск,30.12.2024
c105884,Кирилл Зуева,+7 (990) 230-10-01,user105884@example.ru,Казань,06.04.2025
c104551,Егор Тихонова,+7 (925) 032-38-50,user104551@example.ru,Новосибирск,13.11.2024
c106036,Кирилл Ермаков,+7 (996) 850-72-52,user106036@example.ru,Казань,21.02.2025
c106459,Алиса Панин,+7 (943) 858-60-14,user106459@example.ru,Новосибирск,15.02.2025
c102109,Мария Ермаков,+7 (972) 505-89-75,user102109@example.ru,Екатеринбург,15.07.2025
c103492,Наталья Крылов,+7 (964) 277-61-64,user103492@example.ru,Казань,17.02.2024
c102672,Денис Шилова,+7 (914) 125-68-18,user102672@example.ru,Красноярск,15.07.2025
c102165,Ольга Крылов,+7 (912) 290-11-90,user102165@example.ru,Новосибирск,04.05.2024
c100533,Павел Осипова,+7 (918) 400-15-39,user100533@example.ru,Москва,19.04.2026
c102154,Игорь Белых,+7 (965) 220-86-26,user102154@example.ru,Москва,16.04.2026
c102480,Лидия Осипова,+7 (991) 579-11-00,user102480@example.ru,Москва,25.01.2025
c100962,Лидия Мешков,+7 (991) 546-27-21,user100962@example.ru,Екатеринбург,18.04.2024
c100051,Игорь Тихонова,+7 (946) 261-86-58,user100051@example.ru,Екатеринбург,14.06.2026
c103930,Тимур Шилова,+7 (984) 143-72-25,user103930@example.ru,Москва,01.08.2024
c105867,Полина Нестеров,+7 (931) 251-26-97,user105867@example.ru,Санкт-Петербург,10.10.2024
c105536,Игорь Гордеев,+7 (962) 544-27-79,user105536@example.ru,Санкт-Петербург,21.11.2025
c106892,Ольга Ермаков,+7 (986) 756-20-02,user106892@example.ru,Екатеринбург,19.07.2025
c104506,Лидия Гордеев,+7 (933) 583-67-54,user104506@example.ru,Красноярск,07.07.2025
c102107,Вера Панин,+7 (937) 812-81-21,user102107@example.ru,Екатеринбург,09.02.2024
c100614,Кирилл Ковальчук,+7 (916) 439-95-55,user100614@example.ru,Казань,16.06.2026
c100755,Вера Гордеев,+7 (934) 847-53-83,user100755@example.ru,Москва,14.02.2025
c100757,Игорь Савельев,+7 (922) 342-97-85,user100757@example.ru,Красноярск,29.11.2025
c103018,Кирилл Панин,+7 (923) 270-37-51,user103018@example.ru,Екатеринбург,07.07.2025
c101952,Тимур Ермаков,+7 (981) 032-91-48,user101952@example.ru,Казань,21.05.2024
c103406,Анна Осипова,+7 (912) 011-10-42,user103406@example.ru,Красноярск,22.06.2025
c100561,Егор Савельев,+7 (957) 061-83-73,user100561@example.ru,Санкт-Петербург,01.10.2025
c100761,Наталья Крылов,+7 (915) 123-03-12,user100761@example.ru,Екатеринбург,02.06.2025
c101560,Анна Сорокина,+7 (973) 761-02-82,user101560@example.ru,Казань,14.07.2024
c104170,Елена Савельев,+7 (991) 143-34-74,user104170@example.ru,Казань,13.05.2025
c103738,Игорь Ковальчук,+7 (923) 257-85-88,user103738@example.ru,Новосибирск,17.10.2024
c106142,Наталья Сорокина,+7 (997) 944-92-24,user106142@example.ru,Москва,30.01.2026
c102525,Максим Мешков,+7 (969) 713-61-50,user102525@example.ru,Москва,27.08.2024
c105522,Егор Савельев,+7 (942) 960-25-24,user105522@example.ru,Красноярск,08.12.2025
c102456,Егор Ковальчук,+7 (934) 813-26-46,user102456@example.ru,Санкт-Петербург,11.08.2025
c101578,Максим Савельев,+7 (955) 523-78-71,user101578@example.ru,Казань,23.03.2024
c103767,Юлия Савельев,+7 (982) 985-58-29,user103767@example.ru,Москва,17.06.2024
c106076,Лидия Гордеев,+7 (945) 131-78-10,user106076@example.ru,Казань,15.09.2024
c102749,Глеб Нестеров,+7 (992) 871-92-45,user102749@example.ru,Екатеринбург,07.04.2024
c103167,Игорь Осипова,+7 (986) 594-17-75,user103167@example.ru,Новосибирск,04.11.2024
c104985,Максим Осипова,+7 (989) 943-12-58,user104985@example.ru,Москва,06.02.2026
c105310,Егор Савельев,+7 (927) 559-02-50,user105310@example.ru,Казань,13.02.2025
c103820,Мария Ковальчук,+7 (933) 192-62-91,user103820@example.ru,Екатеринбург,08.10.2024
c102567,Роман Осипова,+7 (911) 040-71-94,user102567@example.ru,Москва,01.05.2024
c106730,Анна Савельев,+7 (948) 214-69-31,user106730@example.ru,Москва,08.10.2025
c105652,Мария Осипова,+7 (980) 248-95-06,user105652@example.ru,Екатеринбург,29.03.2025
c105297,Ольга Белых,+7 (916) 138-22-97,user105297@example.ru,Новосибирск,10.11.2025
c103850,Анна Зуева,+7 (983) 598-49-20,user103850@example.ru,Красноярск,02.08.2025
c104756,Роман Тихонова,+7 (964) 073-13-30,user104756@example.ru,Новосибирск,22.03.2025
c101826,Лидия Гордеев,+7 (914) 793-96-02,user101826@example.ru,Москва,23.02.2024
c104224,Анна Мешков,+7 (918) 476-05-31,user104224@example.ru,Красноярск,06.05.2024
c102204,Ольга Осипова,+7 (972) 441-38-62,user102204@example.ru,Красноярск,09.03.2025
c105049,Елена Тихонова,+7 (925) 686-75-76,user105049@example.ru,Казань,11.06.2024
c103940,Тимур Крылов,+7 (926) 478-47-91,user103940@example.ru,Екатеринбург,07.11.2025
c102945,Роман Ермаков,+7 (957) 169-18-64,user102945@example.ru,Санкт-Петербург,20.12.2025
c106898,Егор Сорокина,+7 (965) 530-86-06,user106898@example.ru,Екатеринбург,08.04.2024
c105398,Павел Мешков,+7 (946) 733-11-40,user105398@example.ru,Красноярск,04.10.2024
c106773,Тимур Сорокина,+7 (992) 958-60-28,user106773@example.ru,Казань,24.09.2024
c105360,Вера Савельев,+7 (937) 667-66-82,user105360@example.ru,Красноярск,13.06.2026
c105637,Алиса Мешков,+7 (933) 641-31-58,user105637@example.ru,Казань,06.01.2025
c100108,Кирилл Белых,+7 (952) 352-94-30,user100108@example.ru,Красноярск,07.12.2024
c100669,Тимур Шилова,+7 (932) 594-91-78,user100669@example.ru,Красноярск,31.10.2024
c105311,Артур Савельев,+7 (917) 135-75-97,user105311@example.ru,Санкт-Петербург,03.05.2024
c105498,Лидия Ермаков,+7 (972) 448-96-71,user105498@example.ru,Казань,21.04.2024
c105514,Егор Шилова,+7 (965) 895-37-07,user105514@example.ru,Новосибирск,14.05.2025
c104692,Тимур Осипова,+7 (982) 171-48-51,user104692@example.ru,Новосибирск,03.03.2026
c103712,Лидия Белых,+7 (969) 627-72-07,user103712@example.ru,Москва,30.09.2024
c101398,Анна Нестеров,+7 (972) 618-42-70,user101398@example.ru,Красноярск,31.01.2024
c103905,Вера Ковальчук,+7 (986) 409-41-62,user103905@example.ru,Москва,20.07.2024
c103998,Полина Мешков,+7 (962) 812-91-88,user103998@example.ru,Казань,15.08.2025
c101850,Наталья Лаптев,+7 (968) 461-72-54,user101850@example.ru,Казань,01.06.2025
c106241,Глеб Ковальчук,+7 (910) 383-26-52,user106241@example.ru,Москва,15.06.2025
c102200,Анна Ковальчук,+7 (995) 153-64-79,user102200@example.ru,Казань,14.01.2024
c103890,Павел Белых,+7 (999) 739-03-47,user103890@example.ru,Санкт-Петербург,26.05.2026
c100609,Елена Гордеев,+7 (911) 045-03-02,user100609@example.ru,Москва,04.02.2024
c103886,Мария Ермаков,+7 (951) 894-76-78,user103886@example.ru,Екатеринбург,07.07.2024
c102250,Кирилл Нестеров,+7 (951) 962-61-58,user102250@example.ru,Красноярск,23.07.2024
c102548,Анна Мешков,+7 (977) 386-63-95,user102548@example.ru,Красноярск,25.02.2024
c105114,Артур Ермаков,+7 (980) 795-25-59,user105114@example.ru,Казань,19.03.2024
c104479,Артур Ермаков,+7 (971) 567-17-80,user104479@example.ru,Новосибирск,30.07.2024
c106847,Анна Гордеев,+7 (988) 019-73-80,user106847@example.ru,Новосибирск,11.06.2024
c106842,Ольга Крылов,+7 (976) 049-42-23,user106842@example.ru,Санкт-Петербург,29.03.2026
c103489,Роман Осипова,+7 (922) 680-17-97,user103489@example.ru,Казань,16.04.2026
c103544,Ольга Лаптев,+7 (919) 637-91-21,user103544@example.ru,Санкт-Петербург,01.02.2024
c103490,Игорь Ковальчук,+7 (931) 221-08-05,user103490@example.ru,Красноярск,18.10.2025
c102032,Артур Гордеев,+7 (992) 478-47-96,user102032@example.ru,Новосибирск,27.04.2025
c100809,Денис Лаптев,+7 (963) 597-30-16,user100809@example.ru,Санкт-Петербург,19.08.2024
c101421,Елена Крылов,+7 (944) 346-82-97,user101421@example.ru,Москва,16.04.2026
c105513,Роман Тихонова,+7 (947) 968-57-58,user105513@example.ru,Санкт-Петербург,15.08.2024
c100024,Елена Сорокина,+7 (980) 952-30-13,user100024@example.ru,Москва,08.02.2026
c103441,Павел Крылов,+7 (935) 313-77-14,user103441@example.ru,Санкт-Петербург,15.02.2024
c104554,Юлия Сорокина,+7 (956) 556-06-97,user104554@example.ru,Москва,28.02.2025
c103243,Анна Осипова,+7 (915) 039-33-09,user103243@example.ru,Москва,02.05.2025
c106548,Анна Мешков,+7 (933) 135-24-24,user106548@example.ru,Екатеринбург,24.10.2025
c101637,Полина Панин,+7 (933) 513-02-47,user101637@example.ru,Новосибирск,05.06.2025
c105619,Глеб Осипова,+7 (960) 057-62-98,user105619@example.ru,Екатеринбург,10.07.2024
c103809,Лидия Белых,+7 (960) 073-90-30,user103809@example.ru,Екатеринбург,17.09.2024
c104001,Кирилл Белых,+7 (993) 738-27-98,user104001@example.ru,Казань,23.08.2024
c103097,Полина Панин,+7 (996) 314-73-17,user103097@example.ru,Красноярск,20.01.2025
c104701,Максим Крылов,+7 (929) 792-00-75,user104701@example.ru,Санкт-Петербург,28.09.2024
c100309,Вера Панин,+7 (913) 740-21-23,user100309@example.ru,Красноярск,14.04.2025
c106456,Кирилл Зуева,+7 (983) 228-91-06,user106456@example.ru,Красноярск,12.03.2026
c105566,Игорь Зуева,+7 (940) 737-21-26,user105566@example.ru,Казань,16.02.2024
c105094,Алиса Крылов,+7 (914) 584-71-19,user105094@example.ru,Красноярск,15.12.2025
c102687,Роман Белых,+7 (935) 545-52-80,user102687@example.ru,Казань,15.01.2024
c102030,Алиса Лаптев,+7 (957) 677-28-71,user102030@example.ru,Москва,18.03.2025
c103754,Денис Шилова,+7 (946) 592-96-94,user103754@example.ru,Екатеринбург,26.04.2026
c106843,Максим Зуева,+7 (916) 265-76-90,user106843@example.ru,Санкт-Петербург,24.09.2024
c104508,Вера Крылов,+7 (988) 402-44-97,user104508@example.ru,Москва,14.05.2024
c100302,Тимур Ермаков,+7 (928) 265-58-40,user100302@example.ru,Красноярск,20.08.2025
c104980,Юлия Белых,+7 (973) 962-81-45,user104980@example.ru,Екатеринбург,04.03.2026
c100497,Елена Гордеев,+7 (955) 756-54-64,user100497@example.ru,Екатеринбург,06.01.2026
c105509,Роман Ермаков,+7 (942) 781-66-58,user105509@example.ru,Екатеринбург,16.03.2024
c101674,Игорь Белых,+7 (943) 340-94-53,user101674@example.ru,Красноярск,20.02.2024
c103388,Роман Осипова,+7 (956) 210-45-66,user103388@example.ru,Красноярск,20.08.2024
c100114,Глеб Зуева,+7 (978) 800-10-68,user100114@example.ru,Санкт-Петербург,17.12.2025
c101958,Егор Савельев,+7 (959) 766-49-81,user101958@example.ru,Красноярск,01.04.2024
c103704,Лидия Белых,+7 (987) 468-73-56,user103704@example.ru,Екатеринбург,15.04.2025
c100153,Полина Гордеев,+7 (985) 668-58-41,user100153@example.ru,Красноярск,06.08.2024
c106807,Анна Лаптев,+7 (945) 103-54-37,user106807@example.ru,Санкт-Петербург,02.06.2025
c103927,Артур Юдина,+7 (911) 245-02-44,user103927@example.ru,Новосибирск,09.04.2026
c104327,Павел Ермаков,+7 (987) 821-43-18,user104327@example.ru,Москва,20.12.2025
c100861,Артур Гордеев,+7 (928) 498-11-53,user100861@example.ru,Казань,05.05.2026
c106409,Полина Савельев,+7 (993) 584-19-82,user106409@example.ru,Казань,09.02.2025
c102180,Денис Лаптев,+7 (915) 776-43-81,user102180@example.ru,Красноярск,09.05.2025
c102443,Мария Панин,+7 (956) 636-66-32,user102443@example.ru,Новосибирск,03.07.2024
c100262,Денис Нестеров,+7 (921) 646-24-46,user100262@example.ru,Казань,06.02.2024
c103128,Мария Панин,+7 (977) 130-06-67,user103128@example.ru,Екатеринбург,27.02.2024
c100521,Полина Ермаков,+7 (938) 342-50-52,user100521@example.ru,Москва,17.01.2024
c102586,Максим Тихонова,+7 (928) 867-63-05,user102586@example.ru,Екатеринбург,08.12.2025
c100120,Елена Осипова,+7 (951) 886-39-27,user100120@example.ru,Казань,23.05.2024
c104844,Денис Нестеров,+7 (913) 600-00-96,user104844@example.ru,Москва,17.05.2025
c100163,Артур Гордеев,+7 (924) 321-39-09,user100163@example.ru,Екатеринбург,02.09.2024
c104108,Павел Зуева,+7 (928) 614-53-02,user104108@example.ru,Санкт-Петербург,11.05.2025
c101456,Елена Ковальчук,+7 (989) 767-27-27,user101456@example.ru,Екатеринбург,27.07.2025
c103102,Юлия Ермаков,+7 (955) 057-36-41,user103102@example.ru,Санкт-Петербург,22.11.2025
c105087,Артур Юдина,+7 (980) 940-15-11,user105087@example.ru,Москва,15.05.2025
c102006,Анна Осипова,+7 (994) 149-82-50,user102006@example.ru,Санкт-Петербург,27.04.2025
c103687,Игорь Ковальчук,+7 (934) 178-25-30,user103687@example.ru,Санкт-Петербург,24.02.2026
c105753,Полина Панин,+7 (959) 573-85-18,user105753@example.ru,Екатеринбург,26.03.2025
c103693,Егор Нестеров,+7 (939) 453-76-68,user103693@example.ru,Санкт-Петербург,30.04.2025
c106416,Елена Крылов,+7 (991) 185-45-62,user106416@example.ru,Казань,08.08.2025
c102350,Елена Белых,+7 (967) 789-94-37,user102350@example.ru,Казань,05.10.2025
c106498,Анна Тихонова,+7 (912) 562-26-05,user106498@example.ru,Екатеринбург,20.09.2025
c104646,Юлия Савельев,+7 (935) 609-77-51,user104646@example.ru,Новосибирск,11.01.2025
c104922,Игорь Осипова,+7 (951) 351-96-48,user104922@example.ru,Новосибирск,25.03.2024
c105878,Тимур Тихонова,+7 (969) 861-75-52,user105878@example.ru,Новосибирск,12.10.2024
c106461,Наталья Нестеров,+7 (957) 221-45-59,user106461@example.ru,Красноярск,18.01.2026
c104053,Игорь Панин,+7 (922) 933-94-16,user104053@example.ru,Новосибирск,28.04.2024
c105193,Кирилл Белых,+7 (972) 154-15-99,user105193@example.ru,Новосибирск,20.09.2025
c101037,Егор Осипова,+7 (981) 301-82-40,user101037@example.ru,Казань,25.07.2024
c105289,Егор Гордеев,+7 (986) 598-77-04,user105289@example.ru,Красноярск,20.09.2025
c102334,Анна Зуева,+7 (950) 156-80-97,user102334@example.ru,Москва,09.02.2025
c101836,Павел Крылов,+7 (911) 041-53-77,user101836@example.ru,Новосибирск,23.08.2024
c100183,Алиса Гордеев,+7 (944) 003-14-67,user100183@example.ru,Екатеринбург,23.10.2024
c100534,Глеб Ковальчук,+7 (939) 665-82-28,user100534@example.ru,Казань,10.04.2026
c100257,Максим Мешков,+7 (948) 974-01-33,user100257@example.ru,Екатеринбург,13.12.2025
c106467,Егор Савельев,+7 (980) 603-29-37,user106467@example.ru,Москва,16.01.2025
c106481,Глеб Мешков,+7 (914) 477-68-47,user106481@example.ru,Новосибирск,18.08.2024
c103137,Денис Шилова,+7 (970) 914-37-55,user103137@example.ru,Казань,21.12.2024
c102836,Мария Ермаков,+7 (999) 206-24-35,user102836@example.ru,Санкт-Петербург,28.10.2025
c100742,Вера Тихонова,+7 (949) 703-61-37,user100742@example.ru,Новосибирск,13.04.2026
c106357,Вера Зуева,+7 (959) 524-09-94,user106357@example.ru,Красноярск,24.03.2026
c101052,Глеб Осипова,+7 (959) 047-57-86,user101052@example.ru,Казань,19.07.2024
c100087,Максим Лаптев,+7 (961) 828-79-12,user100087@example.ru,Москва,07.01.2026
c102201,Наталья Крылов,+7 (956) 888-09-22,user102201@example.ru,Санкт-Петербург,26.11.2025
c104335,Наталья Тихонова,+7 (954) 626-56-74,user104335@example.ru,Казань,31.01.2025
c104493,Кирилл Ковальчук,+7 (949) 979-37-87,user104493@example.ru,Казань,22.10.2025
c103488,Мария Лаптев,+7 (978) 530-31-83,user103488@example.ru,Екатеринбург,23.05.2024
c106855,Полина Савельев,+7 (913) 188-88-95,user106855@example.ru,Санкт-Петербург,01.04.2025
c104242,Алиса Осипова,+7 (954) 959-66-37,user104242@example.ru,Екатеринбург,20.06.2025
c106127,Ольга Нестеров,+7 (977) 826-48-96,user106127@example.ru,Новосибирск,10.11.2024
c103007,Мария Ермаков,+7 (974) 818-83-28,user103007@example.ru,Казань,25.08.2025
c100335,Денис Ковальчук,+7 (999) 262-75-17,user100335@example.ru,Казань,20.03.2025
c100084,Павел Шилова,+7 (914) 519-60-27,user100084@example.ru,Красноярск,29.07.2024
c106256,Юлия Шилова,+7 (910) 276-35-76,user106256@example.ru,Москва,07.03.2026
c102118,Полина Зуева,+7 (922) 438-00-64,user102118@example.ru,Красноярск,29.01.2026
c104628,Егор Осипова,+7 (984) 691-45-56,user104628@example.ru,Красноярск,24.08.2025
c106038,Наталья Савельев,+7 (915) 366-74-22,user106038@example.ru,Красноярск,22.01.2024
c103853,Наталья Ермаков,+7 (973) 768-28-45,user103853@example.ru,Москва,10.06.2026
c102803,Юлия Гордеев,+7 (938) 547-64-22,user102803@example.ru,Казань,09.02.2026
c101974,Роман Крылов,+7 (953) 583-04-25,user101974@example.ru,Казань,10.02.2025
c103110,Денис Сорокина,+7 (980) 962-49-73,user103110@example.ru,Казань,20.05.2026
c100573,Игорь Тихонова,+7 (974) 289-04-47,user100573@example.ru,Санкт-Петербург,17.12.2024
c101006,Ольга Савельев,+7 (951) 666-76-06,user101006@example.ru,Казань,19.03.2026
c102589,Ольга Шилова,+7 (935) 460-92-20,user102589@example.ru,Москва,16.04.2024
c106282,Алиса Юдина,+7 (960) 451-56-01,user106282@example.ru,Санкт-Петербург,08.06.2026
c101835,Максим Юдина,+7 (961) 548-84-34,user101835@example.ru,Новосибирск,29.10.2024
c101688,Вера Панин,+7 (972) 130-57-77,user101688@example.ru,Екатеринбург,04.03.2026
c105636,Алиса Юдина,+7 (956) 723-28-38,user105636@example.ru,Екатеринбург,20.02.2024
c101367,Максим Савельев,+7 (990) 377-43-42,user101367@example.ru,Санкт-Петербург,27.11.2025
c101516,Полина Савельев,+7 (975) 576-00-17,user101516@example.ru,Санкт-Петербург,19.01.2026
c103725,Анна Лаптев,+7 (985) 749-10-80,user103725@example.ru,Санкт-Петербург,26.10.2024
c103395,Егор Шилова,+7 (972) 912-73-64,user103395@example.ru,Красноярск,15.06.2024
c100495,Роман Юдина,+7 (965) 662-47-21,user100495@example.ru,Красноярск,02.03.2026
c106760,Глеб Шилова,+7 (990) 505-06-64,user106760@example.ru,Новосибирск,15.02.2026
c105737,Артур Юдина,+7 (935) 070-59-36,user105737@example.ru,Новосибирск,07.05.2025
c103390,Анна Шилова,+7 (984) 160-92-66,user103390@example.ru,Новосибирск,16.01.2025
c104042,Ольга Панин,+7 (980) 146-08-38,user104042@example.ru,Казань,01.01.2025
c102011,Юлия Нестеров,+7 (944) 268-65-00,user102011@example.ru,Санкт-Петербург,30.03.2025
c106475,Игорь Лаптев,+7 (942) 025-48-54,user106475@example.ru,Красноярск,02.02.2026
c105400,Роман Зуева,+7 (938) 960-79-61,user105400@example.ru,Санкт-Петербург,19.07.2024
c101094,Алиса Юдина,+7 (946) 508-15-30,user101094@example.ru,Казань,06.04.2026
c103821,Елена Белых,+7 (923) 852-14-74,user103821@example.ru,Екатеринбург,13.05.2026
c105017,Глеб Сорокина,+7 (951) 494-56-30,user105017@example.ru,Красноярск,05.01.2025
c102683,Кирилл Юдина,+7 (925) 998-85-19,user102683@example.ru,Красноярск,07.10.2025
c103529,Лидия Мешков,+7 (993) 616-17-80,user103529@example.ru,Санкт-Петербург,06.10.2024
c106513,Егор Лаптев,+7 (915) 243-89-60,user106513@example.ru,Москва,21.10.2025
c103882,Мария Лаптев,+7 (939) 500-88-42,user103882@example.ru,Казань,06.03.2025
c104504,Алиса Шилова,+7 (912) 896-62-97,user104504@example.ru,Санкт-Петербург,09.11.2025
c100451,Кирилл Юдина,+7 (964) 705-00-03,user100451@example.ru,Екатеринбург,06.10.2025
c105611,Мария Ковальчук,+7 (967) 298-20-60,user105611@example.ru,Красноярск,14.02.2026
c102462,Вера Белых,+7 (980) 602-25-12,user102462@example.ru,Екатеринбург,16.09.2025
c102078,Тимур Сорокина,+7 (921) 869-27-44,user102078@example.ru,Москва,21.01.2024
c100452,Роман Панин,+7 (924) 823-53-56,user100452@example.ru,Красноярск,30.09.2024
c103274,Елена Лаптев,+7 (954) 226-78-11,user103274@example.ru,Казань,12.10.2024
c105178,Игорь Юдина,+7 (928) 214-76-58,user105178@example.ru,Санкт-Петербург,13.09.2025
c104418,Игорь Юдина,+7 (943) 889-10-91,user104418@example.ru,Санкт-Петербург,16.01.2024
c106204,Наталья Ковальчук,+7 (945) 933-55-29,user106204@example.ru,Казань,08.04.2026
c100052,Полина Ковальчук,+7 (947) 471-56-57,user100052@example.ru,Москва,27.06.2024
c105263,Юлия Ковальчук,+7 (923) 517-54-44,user105263@example.ru,Санкт-Петербург,15.07.2025
c101014,Тимур Шилова,+7 (944) 421-86-17,user101014@example.ru,Санкт-Петербург,03.02.2026
c102187,Денис Ермаков,+7 (994) 418-72-02,user102187@example.ru,Москва,09.08.2025
c103574,Полина Белых,+7 (960) 832-45-91,user103574@example.ru,Екатеринбург,01.04.2024
c100076,Анна Мешков,+7 (994) 501-89-70,user100076@example.ru,Екатеринбург,25.02.2024
c101629,Вера Тихонова,+7 (968) 998-25-66,user101629@example.ru,Новосибирск,02.06.2025
c102671,Лидия Белых,+7 (958) 083-24-47,user102671@example.ru,Москва,30.09.2025
c101985,Наталья Мешков,+7 (963) 143-72-22,user101985@example.ru,Новосибирск,21.03.2026
c103634,Полина Гордеев,+7 (935) 111-09-49,user103634@example.ru,Москва,27.07.2025
c102793,Тимур Крылов,+7 (976) 090-98-99,user102793@example.ru,Красноярск,15.02.2026
c106673,Тимур Лаптев,+7 (934) 970-99-78,user106673@example.ru,Новосибирск,30.11.2025
c104297,Тимур Юдина,+7 (948) 162-90-81,user104297@example.ru,Екатеринбург,27.01.2026
c101495,Юлия Крылов,+7 (934) 456-15-79,user101495@example.ru,Казань,16.06.2026
c103824,Денис Савельев,+7 (999) 305-09-22,user103824@example.ru,Красноярск,10.09.2025
c102230,Юлия Лаптев,+7 (981) 657-07-11,user102230@example.ru,Екатеринбург,20.01.2025
c100291,Роман Зуева,+7 (994) 717-93-30,user100291@example.ru,Новосибирск,23.08.2025
c103588,Лидия Тихонова,+7 (952) 534-48-01,user103588@example.ru,Красноярск,13.05.2025
c105777,Денис Гордеев,+7 (915) 467-81-63,user105777@example.ru,Екатеринбург,16.02.2025
c105757,Денис Зуева,+7 (988) 907-61-20,user105757@example.ru,Москва,13.02.2025
c100969,Мария Савельев,+7 (946) 365-96-34,user100969@example.ru,Красноярск,01.05.2025
c103518,Анна Савельев,+7 (912) 968-86-26,user103518@example.ru,Красноярск,12.06.2026
c103651,Павел Крылов,+7 (972) 844-66-28,user103651@example.ru,Красноярск,22.12.2024
c103361,Ольга Нестеров,+7 (910) 916-28-70,user103361@example.ru,Екатеринбург,02.12.2024
c104033,Вера Тихонова,+7 (915) 087-87-06,user104033@example.ru,Казань,12.10.2024
c104156,Павел Лаптев,+7 (941) 148-14-31,user104156@example.ru,Санкт-Петербург,10.10.2024
c100447,Денис Савельев,+7 (921) 689-86-43,user100447@example.ru,Санкт-Петербург,02.09.2025
c101792,Анна Белых,+7 (922) 674-50-26,user101792@example.ru,Казань,31.05.2025
c102505,Ольга Тихонова,+7 (988) 633-22-15,user102505@example.ru,Красноярск,01.06.2026
c102705,Юлия Ковальчук,+7 (942) 732-22-75,user102705@example.ru,Санкт-Петербург,30.06.2024
c104364,Денис Белых,+7 (990) 105-31-80,user104364@example.ru,Москва,11.08.2024
c103575,Ольга Мешков,+7 (928) 580-91-44,user103575@example.ru,Санкт-Петербург,14.11.2025
c102515,Егор Тихонова,+7 (999) 140-30-75,user102515@example.ru,Санкт-Петербург,07.07.2024
c105420,Артур Гордеев,+7 (987) 302-44-32,user105420@example.ru,Екатеринбург,26.01.2024
c106029,Максим Лаптев,+7 (976) 022-83-54,user106029@example.ru,Казань,30.03.2025
c105572,Анна Лаптев,+7 (928) 475-42-51,user105572@example.ru,Екатеринбург,26.01.2024
c101534,Алиса Тихонова,+7 (960) 953-37-05,user101534@example.ru,Красноярск,25.06.2026
c104495,Максим Нестеров,+7 (965) 920-83-16,user104495@example.ru,Новосибирск,13.07.2025
c106573,Полина Мешков,+7 (979) 029-02-42,user106573@example.ru,Санкт-Петербург,08.05.2025
c105113,Егор Нестеров,+7 (918) 126-90-28,user105113@example.ru,Санкт-Петербург,22.05.2026
c104516,Елена Белых,+7 (936) 093-83-42,user104516@example.ru,Красноярск,23.04.2024
c102269,Кирилл Ермаков,+7 (973) 550-60-30,user102269@example.ru,Москва,27.09.2025
c101581,Денис Сорокина,+7 (929) 023-31-99,user101581@example.ru,Москва,09.03.2025
c101647,Павел Мешков,+7 (964) 618-29-86,user101647@example.ru,Санкт-Петербург,19.05.2026
c101820,Егор Осипова,+7 (976) 236-72-77,user101820@example.ru,Казань,01.12.2024
c102130,Анна Белых,+7 (973) 887-03-96,user102130@example.ru,Екатеринбург,16.03.2025
c106430,Тимур Шилова,+7 (978) 738-82-59,user106430@example.ru,Новосибирск,18.03.2026
c102242,Лидия Белых,+7 (939) 305-52-48,user102242@example.ru,Новосибирск,18.06.2026
c104741,Максим Осипова,+7 (968) 515-47-79,user104741@example.ru,Москва,11.08.2024
c105043,Глеб Сорокина,+7 (990) 291-45-61,user105043@example.ru,Новосибирск,04.11.2024
c104502,Юлия Сорокина,+7 (926) 703-25-28,user104502@example.ru,Санкт-Петербург,13.09.2025
c105292,Тимур Тихонова,+7 (976) 190-44-81,user105292@example.ru,Красноярск,13.09.2025
c103583,Полина Нестеров,+7 (921) 078-88-35,user103583@example.ru,Красноярск,17.09.2025
c101571,Анна Юдина,+7 (962) 563-92-78,user101571@example.ru,Новосибирск,10.10.2024
c103792,Артур Сорокина,+7 (996) 235-65-95,user103792@example.ru,Казань,24.09.2025
c100044,Роман Сорокина,+7 (948) 051-46-73,user100044@example.ru,Новосибирск,04.12.2024
c106332,Егор Крылов,+7 (956) 130-87-64,user106332@example.ru,Санкт-Петербург,12.03.2024
c102121,Елена Сорокина,+7 (930) 298-62-00,user102121@example.ru,Москва,20.06.2026
c106473,Егор Крылов,+7 (928) 865-60-77,user106473@example.ru,Москва,10.05.2024
c106041,Наталья Тихонова,+7 (979) 459-65-59,user106041@example.ru,Казань,01.05.2025
c103089,Тимур Сорокина,+7 (959) 434-07-61,user103089@example.ru,Красноярск,12.04.2025
c104422,Полина Шилова,+7 (978) 958-48-47,user104422@example.ru,Екатеринбург,14.08.2025
c106106,Елена Белых,+7 (976) 180-81-71,user106106@example.ru,Москва,20.11.2024
c101296,Юлия Ермаков,+7 (997) 682-32-77,user101296@example.ru,Новосибирск,26.09.2024
c102235,Полина Крылов,+7 (979) 871-32-27,user102235@example.ru,Екатеринбург,29.01.2025
c102572,Егор Белых,+7 (964) 545-20-63,user102572@example.ru,Красноярск,20.03.2025
c103103,Ольга Осипова,+7 (922) 383-76-52,user103103@example.ru,Красноярск,25.12.2024
c100819,Роман Тихонова,+7 (987) 858-26-33,user100819@example.ru,Екатеринбург,16.10.2025
c102869,Глеб Гордеев,+7 (975) 270-99-95,user102869@example.ru,Москва,11.06.2026
c102594,Лидия Зуева,+7 (915) 961-76-61,user102594@example.ru,Новосибирск,05.09.2024
c101634,Павел Крылов,+7 (979) 862-12-12,user101634@example.ru,Красноярск,14.06.2026
c101299,Игорь Шилова,+7 (994) 071-90-46,user101299@example.ru,Красноярск,07.03.2025
c105427,Роман Панин,+7 (961) 280-79-52,user105427@example.ru,Казань,26.01.2024
c106318,Елена Крылов,+7 (920) 448-02-53,user106318@example.ru,Новосибирск,07.08.2024
c102619,Денис Тихонова,+7 (984) 820-57-24,user102619@example.ru,Екатеринбург,26.06.2025
c104305,Ольга Сорокина,+7 (933) 024-67-07,user104305@example.ru,Новосибирск,01.10.2024
c104634,Ольга Сорокина,+7 (984) 939-29-10,user104634@example.ru,Казань,23.03.2024
c103755,Вера Мешков,+7 (915) 684-59-15,user103755@example.ru,Москва,07.08.2024
c105555,Ольга Осипова,+7 (951) 659-96-42,user105555@example.ru,Казань,07.08.2025
c103240,Елена Крылов,+7 (950) 460-94-40,user103240@example.ru,Санкт-Петербург,01.12.2025
c105702,Тимур Шилова,+7 (970) 121-00-11,user105702@example.ru,Казань,21.04.2025
c102433,Игорь Панин,+7 (947) 960-79-39,user102433@example.ru,Санкт-Петербург,03.06.2026
c104023,Денис Ермаков,+7 (938) 438-97-09,user104023@example.ru,Москва,11.06.2026
c103851,Денис Лаптев,+7 (976) 325-89-68,user103851@example.ru,Красноярск,08.05.2024
c104031,Денис Тихонова,+7 (980) 251-54-75,user104031@example.ru,Москва,04.08.2025
c105527,Полина Шилова,+7 (924) 170-05-21,user105527@example.ru,Красноярск,07.04.2025
c101460,Игорь Лаптев,+7 (930) 065-11-31,user101460@example.ru,Санкт-Петербург,25.02.2026
c105984,Юлия Шилова,+7 (915) 672-20-28,user105984@example.ru,Красноярск,10.02.2025
c100298,Полина Лаптев,+7 (936) 035-29-40,user100298@example.ru,Москва,03.08.2024
c103124,Елена Нестеров,+7 (921) 611-64-14,user103124@example.ru,Екатеринбург,06.04.2026
c105646,Лидия Шилова,+7 (915) 973-83-98,user105646@example.ru,Красноярск,15.07.2025
c106028,Максим Белых,+7 (949) 650-56-51,user106028@example.ru,Екатеринбург,27.10.2025
c103806,Мария Зуева,+7 (985) 853-44-59,user103806@example.ru,Санкт-Петербург,19.04.2026
c106370,Алиса Шилова,+7 (910) 390-19-79,user106370@example.ru,Красноярск,19.06.2025
c104020,Игорь Сорокина,+7 (995) 702-47-91,user104020@example.ru,Новосибирск,12.06.2025
c104525,Ольга Ермаков,+7 (996) 825-14-16,user104525@example.ru,Москва,18.10.2025
c102967,Тимур Зуева,+7 (939) 337-50-50,user102967@example.ru,Екатеринбург,12.07.2025
c105040,Полина Юдина,+7 (956) 827-89-65,user105040@example.ru,Красноярск,16.01.2025
c102830,Глеб Нестеров,+7 (969) 619-30-67,user102830@example.ru,Москва,03.02.2025
c104217,Полина Панин,+7 (947) 239-05-21,user104217@example.ru,Москва,07.09.2024
c103158,Мария Осипова,+7 (954) 073-08-16,user103158@example.ru,Новосибирск,16.02.2026
c106527,Тимур Белых,+7 (935) 481-88-72,user106527@example.ru,Екатеринбург,14.04.2026
c103953,Денис Юдина,+7 (925) 883-13-72,user103953@example.ru,Екатеринбург,30.05.2025
c101272,Роман Панин,+7 (951) 396-97-59,user101272@example.ru,Новосибирск,13.11.2024
c104107,Артур Зуева,+7 (966) 510-44-65,user104107@example.ru,Новосибирск,18.05.2025
c104050,Тимур Савельев,+7 (986) 587-24-91,user104050@example.ru,Новосибирск,07.05.2024
c103169,Вера Ковальчук,+7 (984) 815-67-90,user103169@example.ru,Красноярск,08.02.2025
c106495,Денис Лаптев,+7 (932) 739-83-58,user106495@example.ru,Москва,24.04.2025
c100958,Ольга Осипова,+7 (958) 676-55-46,user100958@example.ru,Екатеринбург,30.07.2024
c104856,Елена Шилова,+7 (973) 438-90-85,user104856@example.ru,Красноярск,29.08.2025
c106824,Мария Зуева,+7 (981) 023-25-72,user106824@example.ru,Красноярск,27.04.2024
c104412,Кирилл Зуева,+7 (935) 198-45-86,user104412@example.ru,Красноярск,11.11.2025
c101947,Глеб Нестеров,+7 (973) 151-49-58,user101947@example.ru,Красноярск,12.06.2025
c101143,Юлия Ковальчук,+7 (944) 042-83-74,user101143@example.ru,Москва,18.06.2026
c105189,Мария Осипова,+7 (941) 311-59-54,user105189@example.ru,Новосибирск,15.05.2025
c106740,Вера Нестеров,+7 (981) 738-64-16,user106740@example.ru,Санкт-Петербург,22.04.2026
c103822,Максим Панин,+7 (911) 744-64-90,user103822@example.ru,Казань,24.02.2025
c106736,Елена Панин,+7 (940) 709-38-39,user106736@example.ru,Екатеринбург,10.02.2026
c101122,Денис Нестеров,+7 (994) 949-86-38,user101122@example.ru,Санкт-Петербург,15.02.2025
c101775,Елена Ермаков,+7 (982) 497-70-82,user101775@example.ru,Красноярск,24.07.2025
c106697,Павел Сорокина,+7 (917) 264-61-13,user106697@example.ru,Новосибирск,26.06.2026
c103195,Анна Ковальчук,+7 (911) 146-73-88,user103195@example.ru,Москва,17.01.2026
c100849,Юлия Лаптев,+7 (964) 876-77-39,user100849@example.ru,Москва,22.05.2024
c105175,Кирилл Шилова,+7 (973) 255-79-29,user105175@example.ru,Екатеринбург,05.09.2025
c103104,Кирилл Гордеев,+7 (989) 826-08-48,user103104@example.ru,Новосибирск,15.02.2026
c100994,Мария Нестеров,+7 (979) 039-58-74,user100994@example.ru,Санкт-Петербург,10.03.2025
c105182,Елена Ермаков,+7 (915) 402-16-43,user105182@example.ru,Санкт-Петербург,04.06.2024
c104870,Юлия Гордеев,+7 (920) 084-69-57,user104870@example.ru,Казань,22.06.2025
c101845,Глеб Сорокина,+7 (930) 908-78-36,user101845@example.ru,Красноярск,10.02.2026
c103621,Анна Нестеров,+7 (943) 638-26-18,user103621@example.ru,Новосибирск,28.01.2026
c101705,Артур Мешков,+7 (993) 550-65-01,user101705@example.ru,Казань,07.06.2024
c106770,Артур Шилова,+7 (983) 463-96-93,user106770@example.ru,Москва,26.02.2025
c101019,Лидия Ковальчук,+7 (929) 116-34-44,user101019@example.ru,Москва,05.02.2025
c106178,Елена Юдина,+7 (971) 631-42-94,user106178@example.ru,Казань,02.07.2024
c104159,Павел Савельев,+7 (998) 495-93-27,user104159@example.ru,Екатеринбург,06.04.2026
c106680,Игорь Мешков,+7 (917) 212-06-95,user106680@example.ru,Казань,18.01.2026
c100134,Максим Нестеров,+7 (989) 450-71-71,user100134@example.ru,Новосибирск,16.01.2024
c101630,Анна Шилова,+7 (950) 255-81-02,user101630@example.ru,Москва,17.05.2025
c105541,Юлия Мешков,+7 (912) 471-32-83,user105541@example.ru,Москва,04.02.2025
c102579,Роман Тихонова,+7 (933) 345-67-81,user102579@example.ru,Красноярск,22.10.2024
c103936,Егор Тихонова,+7 (976) 611-48-31,user103936@example.ru,Москва,18.11.2025
c106774,Игорь Сорокина,+7 (959) 977-23-59,user106774@example.ru,Екатеринбург,03.07.2024
c106440,Юлия Панин,+7 (974) 224-46-98,user106440@example.ru,Красноярск,13.11.2024
c102873,Игорь Лаптев,+7 (982) 255-77-16,user102873@example.ru,Казань,02.05.2024
c103236,Наталья Осипова,+7 (951) 496-59-68,user103236@example.ru,Казань,14.01.2025
c102390,Егор Ковальчук,+7 (954) 583-47-97,user102390@example.ru,Новосибирск,17.03.2024
c103924,Денис Шилова,+7 (976) 854-54-95,user103924@example.ru,Санкт-Петербург,13.11.2025
c104399,Алиса Осипова,+7 (912) 949-35-44,user104399@example.ru,Казань,31.12.2025
c104762,Артур Гордеев,+7 (975) 131-68-27,user104762@example.ru,Москва,04.04.2025
c103914,Роман Панин,+7 (973) 417-68-61,user103914@example.ru,Екатеринбург,01.11.2025
c106795,Игорь Зуева,+7 (960) 831-34-29,user106795@example.ru,Санкт-Петербург,01.03.2025
c101787,Егор Мешков,+7 (919) 433-84-02,user101787@example.ru,Санкт-Петербург,18.03.2024
c106721,Анна Белых,+7 (926) 927-87-27,user106721@example.ru,Красноярск,24.02.2024
c103429,Денис Панин,+7 (927) 548-88-01,user103429@example.ru,Москва,08.01.2025
c102147,Игорь Гордеев,+7 (981) 062-21-97,user102147@example.ru,Санкт-Петербург,02.04.2024
c101651,Максим Ермаков,+7 (997) 401-32-04,user101651@example.ru,Санкт-Петербург,05.01.2025
c101862,Ольга Панин,+7 (974) 367-65-49,user101862@example.ru,Екатеринбург,18.01.2025
c103536,Елена Нестеров,+7 (960) 973-34-79,user103536@example.ru,Красноярск,28.04.2024
c103100,Ольга Гордеев,+7 (983) 469-35-69,user103100@example.ru,Санкт-Петербург,05.07.2025
c101498,Наталья Юдина,+7 (954) 742-39-12,user101498@example.ru,Екатеринбург,21.02.2025
c102318,Анна Ермаков,+7 (948) 077-46-42,user102318@example.ru,Красноярск,29.04.2024
c103735,Юлия Гордеев,+7 (969) 660-76-24,user103735@example.ru,Красноярск,29.10.2024
c101904,Мария Панин,+7 (932) 667-65-35,user101904@example.ru,Екатеринбург,20.08.2025
c103707,Глеб Шилова,+7 (976) 534-09-08,user103707@example.ru,Казань,20.09.2025
c102657,Роман Крылов,+7 (952) 417-99-03,user102657@example.ru,Красноярск,28.02.2026
c103557,Глеб Крылов,+7 (931) 056-51-63,user103557@example.ru,Екатеринбург,19.12.2025
c103302,Роман Савельев,+7 (984) 107-80-67,user103302@example.ru,Екатеринбург,23.07.2024
c100129,Полина Шилова,+7 (998) 664-87-64,user100129@example.ru,Санкт-Петербург,23.02.2026
c103454,Вера Ермаков,+7 (999) 423-80-54,user103454@example.ru,Красноярск,09.06.2024
c106110,Кирилл Лаптев,+7 (974) 880-73-77,user106110@example.ru,Санкт-Петербург,21.08.2024
c101202,Павел Ковальчук,+7 (993) 015-94-89,user101202@example.ru,Казань,06.10.2024
c105856,Алиса Лаптев,+7 (976) 675-97-54,user105856@example.ru,Красноярск,31.12.2025
c101685,Ольга Юдина,+7 (987) 775-85-27,user101685@example.ru,Казань,20.04.2025
c106813,Егор Осипова,+7 (939) 020-30-32,user106813@example.ru,Красноярск,13.04.2025
c105436,Мария Сорокина,+7 (983) 229-06-78,user105436@example.ru,Санкт-Петербург,20.12.2025
c103766,Юлия Сорокина,+7 (969) 424-48-95,user103766@example.ru,Санкт-Петербург,18.12.2024
c103211,Денис Сорокина,+7 (933) 512-64-28,user103211@example.ru,Новосибирск,26.02.2025
c104545,Тимур Лаптев,+7 (997) 137-06-05,user104545@example.ru,Казань,07.04.2025
c101311,Елена Сорокина,+7 (918) 577-57-23,user101311@example.ru,Новосибирск,14.02.2025
c106460,Игорь Сорокина,+7 (952) 438-90-16,user106460@example.ru,Казань,22.08.2025
c102729,Кирилл Зуева,+7 (922) 269-07-25,user102729@example.ru,Санкт-Петербург,05.09.2025
c102375,Ольга Белых,+7 (986) 239-27-99,user102375@example.ru,Казань,29.03.2024
c106243,Игорь Ермаков,+7 (924) 662-36-04,user106243@example.ru,Санкт-Петербург,26.09.2025
c103060,Денис Шилова,+7 (923) 620-13-11,user103060@example.ru,Санкт-Петербург,15.01.2025
c102583,Глеб Лаптев,+7 (936) 349-98-67,user102583@example.ru,Новосибирск,26.01.2024
c105302,Игорь Крылов,+7 (949) 882-30-34,user105302@example.ru,Новосибирск,23.06.2024
c104913,Денис Белых,+7 (946) 478-46-14,user104913@example.ru,Казань,02.07.2025
c104682,Алиса Панин,+7 (928) 641-79-91,user104682@example.ru,Красноярск,21.11.2024
c105315,Кирилл Шилова,+7 (941) 413-27-24,user105315@example.ru,Казань,15.06.2024
c100243,Артур Крылов,+7 (997) 182-20-57,user100243@example.ru,Санкт-Петербург,12.11.2025
c106238,Роман Тихонова,+7 (913) 046-50-51,user106238@example.ru,Казань,23.09.2025
c102233,Лидия Юдина,+7 (946) 098-52-63,user102233@example.ru,Екатеринбург,25.05.2025
c102563,Роман Савельев,+7 (978) 848-12-01,user102563@example.ru,Новосибирск,04.08.2025
c100293,Ольга Лаптев,+7 (973) 245-69-58,user100293@example.ru,Екатеринбург,28.11.2024
c102625,Артур Сорокина,+7 (933) 698-13-88,user102625@example.ru,Казань,27.08.2024
c105710,Кирилл Зуева,+7 (957) 438-54-63,user105710@example.ru,Санкт-Петербург,03.02.2026
c106613,Тимур Зуева,+7 (924) 795-14-22,user106613@example.ru,Красноярск,08.04.2024
c100913,Мария Сорокина,+7 (942) 463-14-47,user100913@example.ru,Казань,21.05.2024
c104572,Кирилл Савельев,+7 (991) 287-36-85,user104572@example.ru,Санкт-Петербург,16.08.2025
c105788,Елена Сорокина,+7 (913) 043-44-77,user105788@example.ru,Казань,08.06.2024
c106139,Игорь Ермаков,+7 (940) 563-95-60,user106139@example.ru,Красноярск,26.10.2024
c106711,Роман Юдина,+7 (977) 852-75-97,user106711@example.ru,Красноярск,12.06.2025
c101720,Денис Ковальчук,+7 (973) 658-63-46,user101720@example.ru,Казань,07.01.2025
c105407,Мария Ермаков,+7 (977) 854-72-32,user105407@example.ru,Екатеринбург,23.04.2024
c105085,Глеб Белых,+7 (933) 058-34-19,user105085@example.ru,Екатеринбург,10.06.2024
c100363,Кирилл Юдина,+7 (948) 050-23-38,user100363@example.ru,Новосибирск,19.12.2024
c101184,Мария Лаптев,+7 (911) 854-53-95,user101184@example.ru,Екатеринбург,21.09.2024
c102996,Егор Тихонова,+7 (922) 067-74-68,user102996@example.ru,Красноярск,25.11.2024
c105304,Полина Лаптев,+7 (977) 899-80-67,user105304@example.ru,Екатеринбург,23.03.2025
c106007,Максим Зуева,+7 (985) 431-73-69,user106007@example.ru,Красноярск,22.07.2025
c102005,Павел Шилова,+7 (942) 400-51-85,user102005@example.ru,Красноярск,26.02.2025
c105037,Вера Лаптев,+7 (945) 017-24-94,user105037@example.ru,Санкт-Петербург,19.06.2024
c103721,Ольга Белых,+7 (983) 921-81-06,user103721@example.ru,Санкт-Петербург,12.09.2025
c105228,Наталья Шилова,+7 (947) 897-82-74,user105228@example.ru,Новосибирск,22.11.2024
c102553,Ольга Юдина,+7 (943) 543-62-23,user102553@example.ru,Москва,25.02.2026
c104079,Полина Сорокина,+7 (917) 555-48-25,user104079@example.ru,Москва,02.09.2024
c103369,Мария Осипова,+7 (977) 638-11-52,user103369@example.ru,Санкт-Петербург,09.06.2025
c105371,Вера Шилова,+7 (988) 786-28-97,user105371@example.ru,Новосибирск,03.11.2024
c101419,Артур Савельев,+7 (937) 676-45-56,user101419@example.ru,Новосибирск,08.10.2024
c102013,Юлия Лаптев,+7 (964) 054-94-27,user102013@example.ru,Красноярск,29.09.2024
c103977,Вера Нестеров,+7 (957) 205-81-56,user103977@example.ru,Москва,14.12.2024
c106501,Глеб Осипова,+7 (921) 928-94-08,user106501@example.ru,Красноярск,30.07.2025
c101805,Павел Осипова,+7 (955) 967-36-42,user101805@example.ru,Екатеринбург,07.06.2026
c102765,Лидия Нестеров,+7 (919) 616-40-78,user102765@example.ru,Екатеринбург,28.09.2025
c104160,Тимур Юдина,+7 (915) 357-81-44,user104160@example.ru,Москва,26.09.2025
c100806,Роман Шилова,+7 (962) 106-09-38,user100806@example.ru,Москва,05.05.2024
c100777,Глеб Нестеров,+7 (919) 098-34-66,user100777@example.ru,Казань,23.03.2025
c102961,Денис Гордеев,+7 (925) 438-60-87,user102961@example.ru,Казань,08.05.2026
c103615,Глеб Панин,+7 (938) 362-30-32,user103615@example.ru,Санкт-Петербург,20.03.2025
c102516,Юлия Ковальчук,+7 (924) 221-34-86,user102516@example.ru,Санкт-Петербург,12.11.2024
c100083,Лидия Юдина,+7 (998) 244-13-41,user100083@example.ru,Москва,22.02.2025
c105439,Алиса Зуева,+7 (948) 453-28-11,user105439@example.ru,Новосибирск,13.05.2025
c106317,Денис Гордеев,+7 (949) 287-68-21,user106317@example.ru,Москва,10.10.2025
c103683,Артур Осипова,+7 (967) 137-79-84,user103683@example.ru,Екатеринбург,29.05.2024
c100508,Елена Гордеев,+7 (962) 501-14-23,user100508@example.ru,Санкт-Петербург,18.07.2024
c100930,Анна Зуева,+7 (922) 769-00-48,user100930@example.ru,Москва,21.01.2025
c101210,Юлия Шилова,+7 (925) 883-02-73,user101210@example.ru,Новосибирск,19.10.2024
c105667,Глеб Гордеев,+7 (914) 000-74-78,user105667@example.ru,Красноярск,27.02.2025
c103403,Кирилл Панин,+7 (966) 949-68-99,user103403@example.ru,Санкт-Петербург,26.03.2026
c102359,Вера Юдина,+7 (936) 348-92-98,user102359@example.ru,Новосибирск,03.06.2024
c103330,Денис Ковальчук,+7 (983) 737-29-67,user103330@example.ru,Новосибирск,19.10.2024
c102777,Юлия Шилова,+7 (983) 822-48-91,user102777@example.ru,Казань,17.02.2024
c104473,Игорь Нестеров,+7 (996) 178-40-81,user104473@example.ru,Новосибирск,21.06.2025
c103229,Мария Савельев,+7 (940) 555-58-79,user103229@example.ru,Новосибирск,08.03.2024
c105120,Кирилл Тихонова,+7 (986) 855-42-69,user105120@example.ru,Санкт-Петербург,27.03.2025
c101986,Роман Юдина,+7 (990) 067-30-34,user101986@example.ru,Новосибирск,25.08.2024
c101960,Алиса Сорокина,+7 (942) 275-74-11,user101960@example.ru,Новосибирск,28.01.2024
c104157,Роман Крылов,+7 (990) 592-80-93,user104157@example.ru,Санкт-Петербург,24.03.2026
c104732,Егор Мешков,+7 (926) 689-22-87,user104732@example.ru,Новосибирск,27.08.2025
c102182,Ольга Тихонова,+7 (946) 971-82-66,user102182@example.ru,Москва,04.02.2026
c100509,Роман Ермаков,+7 (931) 602-87-99,user100509@example.ru,Казань,12.11.2024
c105012,Максим Тихонова,+7 (947) 380-02-79,user105012@example.ru,Казань,21.12.2025
c101150,Егор Крылов,+7 (964) 453-51-04,user101150@example.ru,Екатеринбург,05.05.2025
c104507,Максим Тихонова,+7 (957) 399-80-82,user104507@example.ru,Казань,16.02.2024
c100568,Кирилл Юдина,+7 (917) 093-23-75,user100568@example.ru,Москва,02.01.2026
c101823,Артур Нестеров,+7 (911) 782-55-39,user101823@example.ru,Казань,05.09.2025
c101706,Денис Сорокина,+7 (915) 557-48-06,user101706@example.ru,Красноярск,15.06.2024
c103378,Глеб Мешков,+7 (975) 326-95-39,user103378@example.ru,Санкт-Петербург,27.08.2024
c106386,Елена Гордеев,+7 (971) 702-54-15,user106386@example.ru,Екатеринбург,03.05.2026
c106250,Павел Зуева,+7 (993) 836-78-98,user106250@example.ru,Москва,20.02.2025
c106258,Игорь Гордеев,+7 (919) 793-16-05,user106258@example.ru,Екатеринбург,26.01.2026
c102824,Максим Юдина,+7 (932) 653-38-77,user102824@example.ru,Красноярск,24.02.2026
c101833,Тимур Мешков,+7 (916) 694-16-06,user101833@example.ru,Красноярск,25.02.2024
c104730,Павел Тихонова,+7 (944) 322-21-40,user104730@example.ru,Красноярск,16.04.2025
c106395,Вера Осипова,+7 (999) 125-58-14,user106395@example.ru,Москва,17.02.2025
c105100,Денис Нестеров,+7 (920) 455-05-19,user105100@example.ru,Екатеринбург,07.04.2024
c106857,Артур Шилова,+7 (966) 406-13-38,user106857@example.ru,Красноярск,03.04.2026
c102457,Анна Юдина,+7 (975) 263-41-08,user102457@example.ru,Екатеринбург,04.03.2024
c105906,Игорь Гордеев,+7 (943) 204-51-83,user105906@example.ru,Казань,24.04.2026
c104942,Павел Панин,+7 (910) 281-73-05,user104942@example.ru,Москва,12.09.2025
c102486,Елена Гордеев,+7 (974) 455-56-26,user102486@example.ru,Санкт-Петербург,22.11.2024
c103701,Роман Гордеев,+7 (945) 070-08-44,user103701@example.ru,Красноярск,21.06.2026
c101945,Наталья Ковальчук,+7 (968) 379-76-26,user101945@example.ru,Санкт-Петербург,22.06.2025
c100399,Роман Крылов,+7 (926) 638-60-95,user100399@example.ru,Москва,27.09.2024
c104129,Анна Юдина,+7 (942) 009-44-92,user104129@example.ru,Екатеринбург,28.03.2025
c102810,Артур Шилова,+7 (942) 097-53-10,user102810@example.ru,Екатеринбург,25.06.2026
c103539,Вера Белых,+7 (973) 883-64-29,user103539@example.ru,Новосибирск,17.01.2026
c105712,Игорь Осипова,+7 (961) 763-99-09,user105712@example.ru,Екатеринбург,02.03.2024
c103263,Роман Панин,+7 (914) 475-18-90,user103263@example.ru,Новосибирск,21.03.2026
c105499,Артур Мешков,+7 (943) 075-72-90,user105499@example.ru,Санкт-Петербург,26.05.2026
c106709,Елена Шилова,+7 (944) 429-98-20,user106709@example.ru,Санкт-Петербург,09.06.2025
c105985,Ольга Осипова,+7 (971) 502-42-78,user105985@example.ru,Новосибирск,13.01.2025
c105414,Егор Панин,+7 (938) 416-93-66,user105414@example.ru,Красноярск,05.01.2025
c104144,Анна Гордеев,+7 (990) 202-71-86,user104144@example.ru,Казань,04.11.2025
c102496,Ольга Савельев,+7 (931) 737-70-93,user102496@example.ru,Казань,05.01.2025
c100583,Игорь Мешков,+7 (977) 158-33-78,user100583@example.ru,Казань,05.04.2024
c100527,Юлия Ковальчук,+7 (967) 992-15-76,user100527@example.ru,Екатеринбург,29.06.2025
c102331,Ольга Мешков,+7 (956) 020-78-94,user102331@example.ru,Санкт-Петербург,17.05.2026
c104861,Лидия Осипова,+7 (943) 446-72-96,user104861@example.ru,Санкт-Петербург,14.04.2025
c106228,Анна Гордеев,+7 (919) 983-41-99,user106228@example.ru,Казань,29.12.2024
c106096,Глеб Зуева,+7 (943) 702-31-19,user106096@example.ru,Екатеринбург,06.03.2025
c101156,Павел Юдина,+7 (985) 305-48-25,user101156@example.ru,Санкт-Петербург,11.01.2025
c104695,Лидия Тихонова,+7 (957) 810-28-00,user104695@example.ru,Казань,10.02.2026
c102504,Алиса Мешков,+7 (956) 447-77-43,user102504@example.ru,Москва,01.04.2026
c106304,Артур Гордеев,+7 (985) 102-85-99,user106304@example.ru,Казань,29.02.2024
c102340,Кирилл Лаптев,+7 (996) 160-75-64,user102340@example.ru,Москва,05.10.2025
c105462,Павел Панин,+7 (989) 621-43-92,user105462@example.ru,Москва,06.08.2024
c105785,Наталья Тихонова,+7 (982) 636-30-43,user105785@example.ru,Красноярск,17.11.2024
c101810,Вера Юдина,+7 (984) 062-88-74,user101810@example.ru,Новосибирск,22.06.2024
c100929,Денис Ковальчук,+7 (996) 539-76-97,user100929@example.ru,Казань,08.12.2024
c106375,Лидия Осипова,+7 (985) 809-58-81,user106375@example.ru,Казань,02.04.2024
c101623,Лидия Ермаков,+7 (932) 966-00-86,user101623@example.ru,Санкт-Петербург,28.02.2024
c100271,Роман Ковальчук,+7 (935) 424-28-36,user100271@example.ru,Новосибирск,27.12.2025
c106580,Кирилл Ковальчук,+7 (946) 229-87-07,user106580@example.ru,Новосибирск,18.06.2024
c101755,Мария Тихонова,+7 (944) 599-59-96,user101755@example.ru,Санкт-Петербург,18.07.2025
c100307,Вера Крылов,+7 (991) 166-27-10,user100307@example.ru,Новосибирск,08.03.2026
c100479,Алиса Савельев,+7 (974) 141-76-84,user100479@example.ru,Екатеринбург,09.06.2025
c103934,Кирилл Тихонова,+7 (968) 320-97-60,user103934@example.ru,Санкт-Петербург,09.03.2024
c106515,Егор Шилова,+7 (996) 793-49-10,user106515@example.ru,Казань,18.06.2025
c105093,Тимур Зуева,+7 (959) 849-81-77,user105093@example.ru,Казань,24.02.2026
c100090,Артур Крылов,+7 (977) 784-59-46,user100090@example.ru,Санкт-Петербург,19.05.2024
c103249,Мария Сорокина,+7 (950) 612-89-95,user103249@example.ru,Красноярск,25.01.2026
c102253,Ольга Зуева,+7 (941) 407-86-67,user102253@example.ru,Красноярск,21.02.2024
c104278,Полина Тихонова,+7 (922) 453-38-50,user104278@example.ru,Красноярск,13.01.2025
c100816,Елена Зуева,+7 (962) 946-25-67,user100816@example.ru,Екатеринбург,29.05.2026
c100328,Кирилл Тихонова,+7 (979) 411-74-86,user100328@example.ru,Казань,16.10.2025
c102470,Полина Мешков,+7 (935) 498-54-31,user102470@example.ru,Казань,01.01.2026
c100726,Анна Нестеров,+7 (967) 973-97-39,user100726@example.ru,Екатеринбург,31.05.2026
c105724,Тимур Мешков,+7 (947) 646-67-28,user105724@example.ru,Казань,14.09.2025
c103472,Мария Осипова,+7 (912) 381-95-97,user103472@example.ru,Новосибирск,07.02.2026
c106585,Максим Нестеров,+7 (968) 997-16-06,user106585@example.ru,Москва,23.01.2026
c102311,Анна Ермаков,+7 (992) 761-71-83,user102311@example.ru,Казань,05.12.2024
c102706,Вера Белых,+7 (940) 485-31-46,user102706@example.ru,Екатеринбург,10.01.2025
c101413,Игорь Савельев,+7 (962) 985-23-30,user101413@example.ru,Санкт-Петербург,14.07.2025
c102439,Кирилл Тихонова,+7 (918) 872-33-82,user102439@example.ru,Казань,22.01.2026
c105048,Глеб Юдина,+7 (996) 049-35-91,user105048@example.ru,Новосибирск,14.12.2025
c103830,Наталья Шилова,+7 (955) 783-06-79,user103830@example.ru,Красноярск,08.11.2024
c104000,Артур Тихонова,+7 (961) 509-31-22,user104000@example.ru,Казань,07.09.2025
c104807,Максим Нестеров,+7 (952) 502-51-82,user104807@example.ru,Казань,13.08.2025
c101610,Елена Панин,+7 (991) 429-83-49,user101610@example.ru,Москва,08.05.2026
c100807,Ольга Панин,+7 (939) 423-49-03,user100807@example.ru,Москва,13.04.2025
c100652,Лидия Савельев,+7 (911) 536-28-32,user100652@example.ru,Екатеринбург,07.04.2025
c100780,Наталья Тихонова,+7 (919) 339-56-89,user100780@example.ru,Новосибирск,02.03.2025
c104367,Анна Мешков,+7 (992) 204-80-58,user104367@example.ru,Казань,19.05.2025
c103479,Егор Тихонова,+7 (959) 506-66-48,user103479@example.ru,Санкт-Петербург,19.04.2026
c102930,Елена Крылов,+7 (996) 373-42-01,user102930@example.ru,Москва,22.09.2025
c102539,Елена Лаптев,+7 (933) 107-53-73,user102539@example.ru,Красноярск,10.01.2025
c100784,Максим Зуева,+7 (960) 739-17-97,user100784@example.ru,Красноярск,10.07.2024
c106742,Артур Гордеев,+7 (921) 295-59-12,user106742@example.ru,Санкт-Петербург,07.12.2024
c106229,Артур Савельев,+7 (996) 649-69-26,user106229@example.ru,Новосибирск,01.12.2024
c100349,Денис Зуева,+7 (988) 736-78-70,user100349@example.ru,Казань,30.03.2024
c100937,Наталья Лаптев,+7 (943) 822-87-76,user100937@example.ru,Санкт-Петербург,24.11.2024
c102088,Ольга Ковальчук,+7 (937) 517-78-15,user102088@example.ru,Казань,02.01.2025
c105432,Егор Гордеев,+7 (945) 727-84-25,user105432@example.ru,Санкт-Петербург,11.03.2026
c101241,Максим Осипова,+7 (916) 176-72-68,user101241@example.ru,Красноярск,01.06.2025
c104463,Ольга Крылов,+7 (961) 399-92-98,user104463@example.ru,Новосибирск,18.03.2026
c100655,Лидия Ермаков,+7 (961) 486-00-25,user100655@example.ru,Екатеринбург,06.05.2025
c104816,Анна Крылов,+7 (981) 964-55-45,user104816@example.ru,Новосибирск,14.03.2026
c104637,Ольга Ковальчук,+7 (984) 589-32-39,user104637@example.ru,Красноярск,01.04.2024
c103301,Наталья Белых,+7 (973) 427-52-38,user103301@example.ru,Казань,13.03.2026
c102264,Вера Гордеев,+7 (915) 932-62-67,user102264@example.ru,Москва,06.01.2025
c100964,Лидия Тихонова,+7 (972) 112-92-90,user100964@example.ru,Новосибирск,30.08.2024
c106062,Анна Панин,+7 (912) 064-81-06,user106062@example.ru,Новосибирск,22.06.2024
c100069,Роман Гордеев,+7 (946) 085-89-63,user100069@example.ru,Екатеринбург,26.09.2024
c106457,Роман Лаптев,+7 (969) 110-41-81,user106457@example.ru,Москва,04.10.2025
c102960,Наталья Юдина,+7 (949) 444-14-45,user102960@example.ru,Москва,24.06.2025
c100420,Полина Сорокина,+7 (973) 604-23-19,user100420@example.ru,Санкт-Петербург,31.03.2026
c103315,Анна Белых,+7 (972) 165-18-23,user103315@example.ru,Красноярск,09.01.2026
c103604,Глеб Лаптев,+7 (979) 976-45-94,user103604@example.ru,Новосибирск,05.01.2025
c103203,Елена Шилова,+7 (921) 182-11-89,user103203@example.ru,Казань,30.04.2025
c102700,Игорь Савельев,+7 (933) 579-15-06,user102700@example.ru,Екатеринбург,28.10.2024
c106449,Максим Мешков,+7 (960) 158-60-80,user106449@example.ru,Санкт-Петербург,12.05.2026
c101625,Анна Ковальчук,+7 (973) 819-23-06,user101625@example.ru,Красноярск,08.08.2024
c106226,Глеб Панин,+7 (952) 674-44-97,user106226@example.ru,Москва,24.11.2024
c101354,Денис Сорокина,+7 (936) 327-06-03,user101354@example.ru,Москва,18.08.2025
c106004,Полина Тихонова,+7 (968) 529-54-20,user106004@example.ru,Москва,30.01.2024
c106198,Мария Шилова,+7 (933) 644-99-26,user106198@example.ru,Красноярск,09.03.2025
c101784,Мария Сорокина,+7 (988) 860-46-00,user101784@example.ru,Екатеринбург,26.01.2024
c105236,Денис Сорокина,+7 (991) 655-75-17,user105236@example.ru,Казань,10.02.2025
c106091,Наталья Белых,+7 (995) 379-02-29,user106091@example.ru,Москва,27.12.2024
c100194,Игорь Лаптев,+7 (912) 730-07-09,user100194@example.ru,Новосибирск,20.07.2024
c101734,Роман Зуева,+7 (923) 578-76-48,user101734@example.ru,Новосибирск,28.01.2024
c102835,Анна Ковальчук,+7 (977) 389-48-16,user102835@example.ru,Екатеринбург,08.12.2024
c101949,Павел Осипова,+7 (947) 117-85-76,user101949@example.ru,Санкт-Петербург,06.09.2025
c104802,Полина Нестеров,+7 (961) 257-35-18,user104802@example.ru,Красноярск,19.02.2024
c106285,Полина Сорокина,+7 (943) 756-33-43,user106285@example.ru,Екатеринбург,07.06.2026
c105974,Игорь Панин,+7 (919) 667-59-36,user105974@example.ru,Санкт-Петербург,30.04.2025
c106592,Артур Панин,+7 (990) 679-47-08,user106592@example.ru,Екатеринбург,28.07.2025
c106683,Игорь Ковальчук,+7 (965) 785-11-45,user106683@example.ru,Санкт-Петербург,18.11.2024
c103438,Алиса Крылов,+7 (952) 519-37-18,user103438@example.ru,Санкт-Петербург,28.06.2025
c106120,Наталья Мешков,+7 (999) 115-34-64,user106120@example.ru,Красноярск,01.09.2025
c100280,Елена Белых,+7 (947) 185-96-86,user100280@example.ru,Санкт-Петербург,06.01.2025
c104345,Мария Шилова,+7 (978) 887-89-59,user104345@example.ru,Москва,15.02.2024
c101139,Павел Белых,+7 (974) 284-54-55,user101139@example.ru,Красноярск,12.07.2024
c106800,Павел Осипова,+7 (919) 627-48-45,user106800@example.ru,Санкт-Петербург,23.04.2025
c105119,Егор Мешков,+7 (977) 922-98-69,user105119@example.ru,Екатеринбург,19.06.2024
c105075,Лидия Гордеев,+7 (947) 501-39-13,user105075@example.ru,Санкт-Петербург,04.04.2026
c105307,Кирилл Панин,+7 (951) 909-64-05,user105307@example.ru,Екатеринбург,04.10.2025
c100645,Полина Лаптев,+7 (921) 868-54-79,user100645@example.ru,Санкт-Петербург,21.11.2025
c101588,Юлия Сорокина,+7 (939) 862-80-34,user101588@example.ru,Красноярск,25.04.2025
c103922,Елена Осипова,+7 (980) 067-78-04,user103922@example.ru,Красноярск,06.02.2024
c103933,Денис Лаптев,+7 (921) 853-46-84,user103933@example.ru,Санкт-Петербург,10.09.2024
c101291,Максим Лаптев,+7 (995) 428-99-00,user101291@example.ru,Казань,30.10.2024
c104623,Юлия Панин,+7 (996) 833-13-02,user104623@example.ru,Москва,12.03.2025
c105011,Роман Ковальчук,+7 (924) 771-24-49,user105011@example.ru,Москва,19.05.2025
c100814,Тимур Тихонова,+7 (981) 255-82-34,user100814@example.ru,Санкт-Петербург,12.02.2026
c105949,Максим Тихонова,+7 (977) 415-13-32,user105949@example.ru,Красноярск,03.04.2026
c102809,Елена Юдина,+7 (965) 747-04-66,user102809@example.ru,Екатеринбург,20.05.2026
c105831,Елена Нестеров,+7 (942) 189-42-20,user105831@example.ru,Казань,10.01.2026
c106552,Кирилл Зуева,+7 (971) 610-54-65,user106552@example.ru,Санкт-Петербург,08.01.2026
c104018,Елена Сорокина,+7 (987) 979-61-25,user104018@example.ru,Екатеринбург,26.03.2024
c100445,Алиса Осипова,+7 (965) 669-98-95,user100445@example.ru,Екатеринбург,22.01.2025
c102644,Егор Нестеров,+7 (955) 397-86-27,user102644@example.ru,Красноярск,31.10.2025
c104964,Максим Нестеров,+7 (926) 821-90-21,user104964@example.ru,Санкт-Петербург,10.03.2024
c100297,Алиса Шилова,+7 (936) 696-56-50,user100297@example.ru,Екатеринбург,05.12.2024
c100936,Павел Мешков,+7 (966) 241-65-74,user100936@example.ru,Новосибирск,10.09.2025
c106262,Кирилл Нестеров,+7 (958) 655-80-11,user106262@example.ru,Екатеринбург,15.02.2025
c105732,Юлия Лаптев,+7 (984) 403-09-76,user105732@example.ru,Казань,05.03.2025
c104117,Елена Нестеров,+7 (950) 628-99-53,user104117@example.ru,Казань,27.09.2025
c101693,Тимур Ковальчук,+7 (937) 158-93-20,user101693@example.ru,Новосибирск,10.10.2025
c105532,Полина Белых,+7 (956) 339-79-64,user105532@example.ru,Санкт-Петербург,22.05.2026
c102282,Юлия Савельев,+7 (932) 075-12-53,user102282@example.ru,Новосибирск,01.08.2025
c105280,Полина Савельев,+7 (948) 833-43-73,user105280@example.ru,Новосибирск,09.12.2025
c102157,Тимур Савельев,+7 (921) 160-37-62,user102157@example.ru,Красноярск,29.11.2025
c106111,Алиса Тихонова,+7 (984) 159-66-94,user106111@example.ru,Новосибирск,07.09.2025
c106627,Денис Шилова,+7 (993) 210-50-18,user106627@example.ru,Москва,25.07.2024
c101564,Анна Ермаков,+7 (972) 781-74-57,user101564@example.ru,Екатеринбург,15.06.2024
c100256,Лидия Гордеев,+7 (980) 741-21-18,user100256@example.ru,Москва,14.06.2026
c105358,Анна Шилова,+7 (994) 199-99-77,user105358@example.ru,Казань,17.02.2024
c101721,Полина Белых,+7 (953) 047-53-59,user101721@example.ru,Екатеринбург,13.09.2025
c106579,Кирилл Тихонова,+7 (910) 063-33-79,user106579@example.ru,Москва,20.08.2024
c105520,Лидия Савельев,+7 (944) 903-13-60,user105520@example.ru,Москва,02.09.2024
c101236,Глеб Осипова,+7 (974) 743-03-16,user101236@example.ru,Казань,26.10.2024
c104248,Лидия Сорокина,+7 (948) 862-40-18,user104248@example.ru,Москва,21.06.2026
c103676,Кирилл Белых,+7 (965) 492-37-44,user103676@example.ru,Санкт-Петербург,29.10.2024
c103400,Кирилл Мешков,+7 (939) 617-51-05,user103400@example.ru,Новосибирск,06.12.2024
c104947,Максим Крылов,+7 (939) 195-80-14,user104947@example.ru,Казань,09.12.2024
c105022,Глеб Зуева,+7 (977) 692-95-58,user105022@example.ru,Москва,23.11.2024
c101436,Полина Мешков,+7 (997) 705-46-88,user101436@example.ru,Красноярск,05.02.2024
c103511,Роман Ковальчук,+7 (926) 886-81-79,user103511@example.ru,Москва,24.07.2024
c102799,Егор Савельев,+7 (944) 765-09-40,user102799@example.ru,Казань,29.01.2026
c100656,Елена Юдина,+7 (997) 076-76-82,user100656@example.ru,Красноярск,26.12.2025
c104057,Егор Осипова,+7 (984) 821-33-78,user104057@example.ru,Екатеринбург,13.12.2025
c100556,Вера Нестеров,+7 (971) 800-16-96,user100556@example.ru,Казань,18.03.2025
c102506,Роман Крылов,+7 (936) 071-12-79,user102506@example.ru,Красноярск,03.07.2024
c105529,Анна Белых,+7 (931) 001-34-57,user105529@example.ru,Красноярск,10.01.2026
c101880,Лидия Шилова,+7 (996) 053-14-45,user101880@example.ru,Санкт-Петербург,01.09.2025
c100091,Елена Лаптев,+7 (968) 342-58-76,user100091@example.ru,Казань,20.08.2025
c102195,Юлия Белых,+7 (933) 916-82-29,user102195@example.ru,Казань,25.08.2024
c102485,Ольга Савельев,+7 (913) 953-63-96,user102485@example.ru,Красноярск,16.02.2024
c101884,Роман Нестеров,+7 (975) 513-25-57,user101884@example.ru,Санкт-Петербург,19.02.2025
c103336,Роман Тихонова,+7 (911) 839-52-46,user103336@example.ru,Красноярск,18.03.2024
c101293,Юлия Мешков,+7 (978) 139-62-87,user101293@example.ru,Красноярск,23.10.2025
c104821,Тимур Гордеев,+7 (960) 484-30-50,user104821@example.ru,Новосибирск,30.04.2024
c101860,Елена Лаптев,+7 (950) 455-83-61,user101860@example.ru,Екатеринбург,03.03.2025
c100984,Артур Сорокина,+7 (989) 265-54-00,user100984@example.ru,Казань,02.06.2025
c104039,Елена Крылов,+7 (952) 576-71-66,user104039@example.ru,Красноярск,22.08.2025
c103519,Вера Тихонова,+7 (947) 736-36-88,user103519@example.ru,Санкт-Петербург,13.04.2025
c102915,Ольга Нестеров,+7 (983) 524-01-11,user102915@example.ru,Екатеринбург,28.11.2024
c103296,Лидия Мешков,+7 (972) 616-26-86,user103296@example.ru,Екатеринбург,18.01.2024
c106476,Мария Савельев,+7 (964) 661-51-90,user106476@example.ru,Красноярск,06.11.2025
c105222,Наталья Осипова,+7 (955) 952-92-51,user105222@example.ru,Санкт-Петербург,28.06.2024
c102394,Кирилл Зуева,+7 (996) 170-21-51,user102394@example.ru,Санкт-Петербург,01.08.2025
c102813,Елена Зуева,+7 (982) 719-38-23,user102813@example.ru,Москва,06.01.2026
c103077,Максим Ковальчук,+7 (949) 244-02-60,user103077@example.ru,Санкт-Петербург,14.12.2025
c106075,Лидия Юдина,+7 (991) 774-67-77,user106075@example.ru,Красноярск,22.01.2026
c102744,Игорь Шилова,+7 (998) 203-41-57,user102744@example.ru,Красноярск,11.06.2026
c101679,Егор Савельев,+7 (999) 953-36-05,user101679@example.ru,Москва,25.01.2025
c103066,Вера Сорокина,+7 (945) 493-35-28,user103066@example.ru,Новосибирск,19.01.2025
c104267,Наталья Нестеров,+7 (983) 705-93-60,user104267@example.ru,Казань,15.01.2024
c103921,Полина Мешков,+7 (913) 587-08-54,user103921@example.ru,Екатеринбург,22.03.2025
c104826,Полина Шилова,+7 (946) 231-50-80,user104826@example.ru,Новосибирск,15.07.2024
c101861,Полина Крылов,+7 (951) 431-34-52,user101861@example.ru,Санкт-Петербург,17.08.2024
c103331,Юлия Юдина,+7 (958) 087-02-25,user103331@example.ru,Новосибирск,09.04.2025
c102932,Артур Лаптев,+7 (980) 314-74-68,user102932@example.ru,Новосибирск,28.05.2024
c104187,Наталья Лаптев,+7 (933) 468-22-80,user104187@example.ru,Екатеринбург,07.08.2024
c103445,Ольга Лаптев,+7 (971) 172-09-27,user103445@example.ru,Казань,26.01.2026
c103527,Глеб Зуева,+7 (974) 825-11-20,user103527@example.ru,Екатеринбург,08.10.2024
c101357,Елена Тихонова,+7 (931) 792-19-77,user101357@example.ru,Новосибирск,06.03.2025
c105736,Егор Зуева,+7 (976) 434-33-89,user105736@example.ru,Санкт-Петербург,29.04.2025
c105460,Мария Зуева,+7 (925) 188-74-95,user105460@example.ru,Москва,01.02.2025
c103184,Алиса Панин,+7 (927) 355-30-49,user103184@example.ru,Екатеринбург,12.06.2026
c101127,Лидия Савельев,+7 (917) 394-76-86,user101127@example.ru,Красноярск,30.01.2025
c102203,Глеб Гордеев,+7 (913) 126-74-72,user102203@example.ru,Новосибирск,08.10.2024
c106259,Максим Юдина,+7 (938) 849-06-88,user106259@example.ru,Новосибирск,10.12.2025
c103159,Юлия Сорокина,+7 (941) 101-65-17,user103159@example.ru,Екатеринбург,15.10.2025
c103865,Елена Панин,+7 (997) 744-14-33,user103865@example.ru,Казань,03.08.2025
c101118,Глеб Ковальчук,+7 (920) 288-19-84,user101118@example.ru,Новосибирск,11.02.2025
c106321,Наталья Зуева,+7 (916) 854-79-52,user106321@example.ru,Москва,16.08.2024
c105192,Артур Ковальчук,+7 (964) 675-84-66,user105192@example.ru,Новосибирск,27.10.2025
c101385,Тимур Лаптев,+7 (978) 614-36-88,user101385@example.ru,Новосибирск,11.06.2025
c100151,Полина Ермаков,+7 (919) 053-62-10,user100151@example.ru,Красноярск,21.03.2025
c101527,Роман Сорокина,+7 (987) 367-96-80,user101527@example.ru,Казань,19.12.2024
c106292,Глеб Савельев,+7 (923) 898-97-95,user106292@example.ru,Казань,03.03.2025
c103149,Глеб Тихонова,+7 (910) 454-61-31,user103149@example.ru,Красноярск,04.11.2024
c100324,Мария Ковальчук,+7 (938) 979-59-87,user100324@example.ru,Красноярск,02.11.2024
c106001,Мария Мешков,+7 (927) 367-47-82,user106001@example.ru,Екатеринбург,21.06.2025
c100133,Кирилл Тихонова,+7 (988) 674-48-55,user100133@example.ru,Санкт-Петербург,13.01.2024
c100292,Денис Лаптев,+7 (955) 493-65-02,user100292@example.ru,Москва,04.12.2024
c100999,Елена Савельев,+7 (926) 587-45-00,user100999@example.ru,Санкт-Петербург,04.03.2024
c103869,Кирилл Зуева,+7 (973) 593-45-03,user103869@example.ru,Казань,04.05.2026
c103592,Анна Гордеев,+7 (921) 167-06-68,user103592@example.ru,Казань,08.05.2024
c101275,Павел Зуева,+7 (927) 054-25-94,user101275@example.ru,Казань,24.05.2025
c106362,Анна Нестеров,+7 (986) 780-71-46,user106362@example.ru,Казань,28.03.2024
c100834,Елена Белых,+7 (975) 814-06-15,user100834@example.ru,Санкт-Петербург,15.06.2026
c100295,Егор Савельев,+7 (979) 255-70-73,user100295@example.ru,Красноярск,19.06.2024
c103894,Мария Нестеров,+7 (966) 546-14-62,user103894@example.ru,Санкт-Петербург,15.10.2025
c106588,Мария Савельев,+7 (979) 107-94-05,user106588@example.ru,Санкт-Петербург,02.03.2026
c104347,Игорь Шилова,+7 (921) 561-03-28,user104347@example.ru,Казань,09.05.2025
c101098,Юлия Юдина,+7 (944) 457-74-07,user101098@example.ru,Казань,27.06.2024
c106676,Глеб Гордеев,+7 (939) 258-57-23,user106676@example.ru,Красноярск,03.04.2026
c100454,Анна Мешков,+7 (925) 964-31-84,user100454@example.ru,Москва,25.08.2025
c104302,Тимур Зуева,+7 (917) 574-06-57,user104302@example.ru,Екатеринбург,06.04.2024
c103802,Глеб Панин,+7 (987) 431-29-78,user103802@example.ru,Красноярск,02.08.2025
c101287,Наталья Белых,+7 (954) 728-09-07,user101287@example.ru,Красноярск,24.01.2025
c106647,Анна Сорокина,+7 (914) 578-48-62,user106647@example.ru,Екатеринбург,19.08.2025
c102510,Ольга Осипова,+7 (944) 102-07-15,user102510@example.ru,Санкт-Петербург,13.05.2026
c104206,Наталья Ермаков,+7 (961) 406-00-44,user104206@example.ru,Москва,16.05.2024
c104920,Полина Осипова,+7 (969) 438-49-04,user104920@example.ru,Красноярск,03.08.2025
c106188,Глеб Савельев,+7 (938) 321-95-24,user106188@example.ru,Санкт-Петербург,04.04.2025
c102255,Роман Шилова,+7 (973) 015-84-30,user102255@example.ru,Красноярск,18.02.2026
c106490,Анна Лаптев,+7 (921) 478-83-46,user106490@example.ru,Красноярск,21.09.2024
c104540,Мария Гордеев,+7 (992) 430-12-76,user104540@example.ru,Новосибирск,11.10.2025
c106398,Елена Юдина,+7 (984) 685-24-86,user106398@example.ru,Казань,16.08.2025
c101968,Наталья Ермаков,+7 (997) 304-05-30,user101968@example.ru,Новосибирск,03.06.2024
c101885,Мария Гордеев,+7 (913) 384-82-28,user101885@example.ru,Красноярск,04.04.2025
c104256,Алиса Юдина,+7 (974) 093-27-78,user104256@example.ru,Санкт-Петербург,18.11.2024
c106682,Кирилл Савельев,+7 (963) 648-84-58,user106682@example.ru,Казань,19.10.2024
c101607,Кирилл Панин,+7 (990) 418-56-47,user101607@example.ru,Екатеринбург,21.11.2025
c101444,Полина Савельев,+7 (927) 023-52-69,user101444@example.ru,Санкт-Петербург,28.06.2024
c106708,Юлия Ермаков,+7 (974) 426-05-75,user106708@example.ru,Новосибирск,26.03.2025
c104012,Игорь Осипова,+7 (937) 104-20-30,user104012@example.ru,Новосибирск,07.04.2026
c103603,Юлия Тихонова,+7 (988) 439-24-97,user103603@example.ru,Казань,13.02.2026
c102701,Кирилл Сорокина,+7 (999) 079-79-38,user102701@example.ru,Казань,27.06.2025
c103321,Глеб Ермаков,+7 (911) 897-78-60,user103321@example.ru,Москва,20.12.2024
c100130,Денис Шилова,+7 (935) 020-07-00,user100130@example.ru,Москва,19.02.2026
c102143,Наталья Мешков,+7 (940) 491-22-92,user102143@example.ru,Санкт-Петербург,28.06.2025
c103807,Анна Шилова,+7 (951) 514-18-88,user103807@example.ru,Екатеринбург,08.07.2025
c100694,Егор Панин,+7 (999) 426-39-91,user100694@example.ru,Санкт-Петербург,27.05.2024
c101712,Вера Тихонова,+7 (941) 320-25-23,user101712@example.ru,Красноярск,10.06.2026
c102664,Егор Зуева,+7 (933) 356-02-35,user102664@example.ru,Новосибирск,13.06.2024
c101462,Павел Тихонова,+7 (914) 823-05-30,user101462@example.ru,Москва,27.07.2024
c104132,Глеб Осипова,+7 (962) 075-08-31,user104132@example.ru,Новосибирск,10.09.2025
c104484,Вера Мешков,+7 (932) 896-80-15,user104484@example.ru,Казань,14.01.2026
c100360,Анна Панин,+7 (946) 794-61-98,user100360@example.ru,Новосибирск,09.01.2025
c101188,Роман Крылов,+7 (911) 532-67-12,user101188@example.ru,Екатеринбург,28.04.2026
c101611,Елена Ковальчук,+7 (941) 306-38-63,user101611@example.ru,Санкт-Петербург,11.06.2025
c101819,Павел Панин,+7 (998) 317-19-11,user101819@example.ru,Москва,11.06.2025
c104461,Максим Савельев,+7 (960) 060-97-10,user104461@example.ru,Екатеринбург,28.01.2025
c106631,Егор Осипова,+7 (940) 427-40-81,user106631@example.ru,Казань,04.04.2024
c104095,Лидия Крылов,+7 (923) 180-57-26,user104095@example.ru,Санкт-Петербург,10.10.2024
c105390,Игорь Гордеев,+7 (956) 422-09-44,user105390@example.ru,Новосибирск,28.09.2025
c103011,Юлия Ковальчук,+7 (983) 403-12-80,user103011@example.ru,Екатеринбург,26.03.2024
c102488,Максим Осипова,+7 (953) 335-83-71,user102488@example.ru,Москва,05.09.2024
c103273,Максим Юдина,+7 (945) 323-39-18,user103273@example.ru,Новосибирск,25.09.2025
c100201,Елена Ковальчук,+7 (919) 612-92-16,user100201@example.ru,Красноярск,16.08.2024
c103773,Павел Ермаков,+7 (953) 110-74-54,user103773@example.ru,Казань,19.02.2024
c104552,Глеб Осипова,+7 (981) 980-08-85,user104552@example.ru,Новосибирск,15.08.2024
c106752,Максим Тихонова,+7 (995) 252-70-06,user106752@example.ru,Москва,26.01.2025
c104836,Артур Зуева,+7 (918) 725-78-97,user104836@example.ru,Екатеринбург,22.05.2025
c100353,Наталья Гордеев,+7 (926) 894-22-71,user100353@example.ru,Казань,30.09.2025
c106141,Лидия Нестеров,+7 (966) 076-26-20,user106141@example.ru,Казань,24.11.2025
c103833,Мария Ермаков,+7 (944) 765-84-45,user103833@example.ru,Новосибирск,15.10.2024
c105163,Максим Осипова,+7 (992) 641-69-24,user105163@example.ru,Москва,01.02.2026
c102727,Денис Тихонова,+7 (980) 817-89-64,user102727@example.ru,Казань,26.04.2026
c102772,Денис Савельев,+7 (964) 453-64-61,user102772@example.ru,Красноярск,06.07.2025
c100589,Павел Шилова,+7 (971) 714-81-13,user100589@example.ru,Новосибирск,10.03.2025
c103658,Кирилл Шилова,+7 (924) 121-76-52,user103658@example.ru,Казань,16.02.2026
c101675,Роман Лаптев,+7 (991) 341-28-35,user101675@example.ru,Новосибирск,28.04.2024
c106823,Полина Юдина,+7 (987) 098-65-46,user106823@example.ru,Красноярск,27.06.2025
c101469,Елена Шилова,+7 (968) 543-15-69,user101469@example.ru,Екатеринбург,31.12.2025
c104426,Максим Нестеров,+7 (984) 271-48-77,user104426@example.ru,Москва,27.05.2025
c102870,Мария Зуева,+7 (981) 249-10-97,user102870@example.ru,Красноярск,26.04.2025
c102349,Егор Юдина,+7 (961) 852-27-99,user102349@example.ru,Москва,22.04.2026
c100612,Кирилл Мешков,+7 (997) 175-38-72,user100612@example.ru,Москва,17.02.2026
c101989,Мария Крылов,+7 (929) 026-61-52,user101989@example.ru,Санкт-Петербург,04.05.2025
c103407,Денис Нестеров,+7 (990) 085-09-76,user103407@example.ru,Санкт-Петербург,25.03.2024
c100876,Полина Осипова,+7 (988) 847-02-75,user100876@example.ru,Казань,02.03.2025
c102722,Наталья Нестеров,+7 (944) 935-21-32,user102722@example.ru,Новосибирск,22.08.2025
c106755,Роман Гордеев,+7 (953) 690-26-39,user106755@example.ru,Казань,23.12.2024
c102649,Артур Гордеев,+7 (998) 943-43-85,user102649@example.ru,Екатеринбург,22.01.2025
c105763,Глеб Зуева,+7 (968) 678-95-03,user105763@example.ru,Красноярск,02.06.2025
c101890,Максим Шилова,+7 (925) 137-38-92,user101890@example.ru,Екатеринбург,17.06.2024
c105575,Роман Шилова,+7 (920) 635-85-22,user105575@example.ru,Казань,24.05.2025
c103210,Максим Юдина,+7 (910) 551-49-15,user103210@example.ru,Санкт-Петербург,12.06.2026
c102904,Наталья Осипова,+7 (937) 582-15-67,user102904@example.ru,Казань,19.10.2024
c101390,Наталья Тихонова,+7 (971) 926-62-81,user101390@example.ru,Казань,05.06.2024
c105973,Вера Гордеев,+7 (939) 023-68-87,user105973@example.ru,Екатеринбург,01.12.2024
c100017,Юлия Шилова,+7 (971) 651-18-33,user100017@example.ru,Москва,17.01.2024
c103408,Лидия Сорокина,+7 (932) 358-37-89,user103408@example.ru,Казань,28.09.2025
c102692,Игорь Гордеев,+7 (957) 980-32-25,user102692@example.ru,Казань,12.02.2025
c106777,Вера Юдина,+7 (997) 890-00-75,user106777@example.ru,Новосибирск,02.04.2024
c105750,Полина Зуева,+7 (919) 901-06-01,user105750@example.ru,Санкт-Петербург,14.01.2026
c102151,Анна Ковальчук,+7 (946) 244-17-37,user102151@example.ru,Москва,07.12.2024
c101001,Денис Ермаков,+7 (928) 906-88-36,user101001@example.ru,Новосибирск,08.03.2025
c102755,Наталья Савельев,+7 (954) 923-03-39,user102755@example.ru,Красноярск,03.05.2025
c101999,Игорь Ковальчук,+7 (911) 477-82-53,user101999@example.ru,Казань,08.08.2024
c106407,Полина Нестеров,+7 (973) 153-17-44,user106407@example.ru,Новосибирск,20.08.2025
c104241,Павел Белых,+7 (963) 558-83-35,user104241@example.ru,Екатеринбург,04.05.2025
c104862,Павел Мешков,+7 (958) 831-03-40,user104862@example.ru,Екатеринбург,13.06.2025
c100312,Елена Панин,+7 (972) 913-91-25,user100312@example.ru,Екатеринбург,01.03.2024
c104295,Кирилл Юдина,+7 (940) 092-33-05,user104295@example.ru,Красноярск,27.04.2025
c101640,Ольга Шилова,+7 (996) 365-66-87,user101640@example.ru,Санкт-Петербург,10.05.2025
c100008,Елена Осипова,+7 (964) 263-35-34,user100008@example.ru,Казань,30.10.2024
c105601,Тимур Зуева,+7 (991) 990-39-21,user105601@example.ru,Новосибирск,23.02.2026
c100241,Кирилл Белых,+7 (977) 412-86-53,user100241@example.ru,Екатеринбург,10.09.2024
c102068,Егор Ермаков,+7 (927) 274-12-98,user102068@example.ru,Казань,13.03.2025
c106406,Вера Савельев,+7 (967) 147-00-34,user106406@example.ru,Екатеринбург,09.10.2025
c102442,Павел Ковальчук,+7 (961) 119-47-62,user102442@example.ru,Казань,22.11.2025
c103718,Анна Мешков,+7 (963) 001-28-93,user103718@example.ru,Казань,17.07.2024
c100072,Вера Нестеров,+7 (947) 707-11-67,user100072@example.ru,Екатеринбург,01.05.2025
c106635,Полина Гордеев,+7 (934) 296-51-93,user106635@example.ru,Москва,27.10.2025
c101872,Вера Панин,+7 (952) 011-85-11,user101872@example.ru,Санкт-Петербург,20.04.2026
c106604,Юлия Нестеров,+7 (997) 360-16-21,user106604@example.ru,Новосибирск,26.01.2026
c103629,Павел Сорокина,+7 (986) 954-54-20,user103629@example.ru,Красноярск,28.01.2025
c104620,Денис Шилова,+7 (923) 377-50-69,user104620@example.ru,Москва,07.12.2024
c101771,Павел Гордеев,+7 (947) 562-68-48,user101771@example.ru,Казань,07.11.2024
c104298,Кирилл Ермаков,+7 (943) 634-07-59,user104298@example.ru,Казань,10.07.2024
c100585,Денис Савельев,+7 (964) 293-92-97,user100585@example.ru,Красноярск,06.06.2024
c104838,Артур Крылов,+7 (979) 018-77-31,user104838@example.ru,Красноярск,21.06.2024
c101553,Павел Белых,+7 (972) 971-12-67,user101553@example.ru,Москва,31.01.2026
c105969,Артур Крылов,+7 (928) 896-05-74,user105969@example.ru,Екатеринбург,10.03.2025
c100756,Егор Ковальчук,+7 (987) 447-75-62,user100756@example.ru,Москва,29.04.2024
c106145,Наталья Лаптев,+7 (938) 786-55-97,user106145@example.ru,Новосибирск,23.07.2024
c102913,Анна Нестеров,+7 (986) 124-53-20,user102913@example.ru,Казань,27.09.2024
c105031,Денис Савельев,+7 (925) 865-67-12,user105031@example.ru,Красноярск,24.06.2024
c101773,Игорь Мешков,+7 (994) 850-79-45,user101773@example.ru,Красноярск,23.03.2024
c102707,Глеб Савельев,+7 (993) 965-90-40,user102707@example.ru,Новосибирск,28.02.2025
c100014,Алиса Крылов,+7 (962) 402-06-58,user100014@example.ru,Казань,05.02.2024
c101506,Анна Ермаков,+7 (994) 428-80-82,user101506@example.ru,Новосибирск,10.11.2025
c106687,Егор Зуева,+7 (974) 066-32-34,user106687@example.ru,Москва,13.11.2025
c102053,Полина Савельев,+7 (991) 507-57-55,user102053@example.ru,Красноярск,29.03.2025
c103861,Лидия Ковальчук,+7 (919) 527-43-71,user103861@example.ru,Санкт-Петербург,22.12.2025
c103836,Глеб Ермаков,+7 (955) 822-08-30,user103836@example.ru,Санкт-Петербург,12.02.2024
c106402,Наталья Ковальчук,+7 (951) 374-23-95,user106402@example.ru,Красноярск,20.10.2025
c104234,Мария Зуева,+7 (937) 604-99-91,user104234@example.ru,Новосибирск,14.06.2025
c104884,Артур Гордеев,+7 (915) 985-95-76,user104884@example.ru,Красноярск,23.05.2026
c106535,Ольга Белых,+7 (940) 380-87-91,user106535@example.ru,Екатеринбург,22.06.2025
c102090,Наталья Крылов,+7 (913) 302-75-55,user102090@example.ru,Красноярск,21.02.2024
c102451,Наталья Нестеров,+7 (951) 452-98-64,user102451@example.ru,Новосибирск,02.02.2025
c104250,Тимур Зуева,+7 (970) 465-74-42,user104250@example.ru,Екатеринбург,29.06.2026
c106650,Полина Юдина,+7 (930) 259-59-17,user106650@example.ru,Новосибирск,01.02.2025
c105626,Ольга Ермаков,+7 (994) 523-84-13,user105626@example.ru,Екатеринбург,16.08.2024
c105792,Павел Ковальчук,+7 (941) 351-92-20,user105792@example.ru,Казань,01.08.2024
c101511,Тимур Шилова,+7 (921) 185-07-62,user101511@example.ru,Казань,27.04.2026
c104570,Кирилл Крылов,+7 (954) 186-92-49,user104570@example.ru,Казань,04.11.2025
c106372,Максим Осипова,+7 (946) 708-44-91,user106372@example.ru,Москва,22.02.2026
c101856,Алиса Осипова,+7 (981) 422-22-71,user101856@example.ru,Москва,19.06.2025
c105851,Лидия Белых,+7 (985) 630-76-60,user105851@example.ru,Москва,14.06.2024
c101396,Лидия Лаптев,+7 (988) 635-61-60,user101396@example.ru,Казань,12.04.2025
c103500,Ольга Белых,+7 (997) 540-21-75,user103500@example.ru,Красноярск,16.10.2024
c105876,Артур Гордеев,+7 (961) 481-17-97,user105876@example.ru,Красноярск,24.09.2025
c100285,Наталья Крылов,+7 (975) 372-60-23,user100285@example.ru,Санкт-Петербург,15.05.2025
c104451,Елена Тихонова,+7 (965) 486-42-51,user104451@example.ru,Екатеринбург,25.06.2026
c102833,Роман Тихонова,+7 (910) 929-91-13,user102833@example.ru,Санкт-Петербург,23.02.2024
c103092,Артур Зуева,+7 (955) 816-14-87,user103092@example.ru,Казань,23.05.2024
c102018,Глеб Гордеев,+7 (963) 713-54-03,user102018@example.ru,Санкт-Петербург,18.01.2025
c105549,Мария Шилова,+7 (987) 170-65-73,user105549@example.ru,Казань,25.11.2025
c101695,Алиса Ермаков,+7 (932) 819-87-91,user101695@example.ru,Екатеринбург,13.10.2025
c101730,Юлия Шилова,+7 (980) 880-33-86,user101730@example.ru,Казань,02.05.2025
c103114,Юлия Шилова,+7 (976) 406-01-53,user103114@example.ru,Казань,03.12.2025
c103576,Роман Нестеров,+7 (957) 393-00-76,user103576@example.ru,Москва,25.08.2024
c105171,Глеб Мешков,+7 (981) 606-69-56,user105171@example.ru,Екатеринбург,26.03.2026
c104585,Максим Лаптев,+7 (996) 658-50-59,user104585@example.ru,Красноярск,16.01.2024
c103763,Анна Осипова,+7 (988) 857-38-99,user103763@example.ru,Санкт-Петербург,07.04.2026
c100696,Роман Зуева,+7 (950) 095-59-33,user100696@example.ru,Новосибирск,16.03.2025
c105443,Полина Крылов,+7 (952) 601-67-50,user105443@example.ru,Москва,27.10.2025
c103823,Денис Ермаков,+7 (980) 175-43-23,user103823@example.ru,Москва,13.03.2026
c102982,Тимур Шилова,+7 (940) 828-50-19,user102982@example.ru,Москва,21.04.2025
c100260,Наталья Панин,+7 (994) 487-29-14,user100260@example.ru,Екатеринбург,28.12.2025
c100115,Тимур Зуева,+7 (959) 499-75-63,user100115@example.ru,Екатеринбург,18.08.2025
c103757,Лидия Белых,+7 (924) 872-87-31,user103757@example.ru,Санкт-Петербург,04.01.2026
c106720,Денис Нестеров,+7 (960) 122-96-84,user106720@example.ru,Екатеринбург,08.04.2026
c101827,Полина Нестеров,+7 (923) 642-58-57,user101827@example.ru,Москва,05.11.2024
c105745,Елена Зуева,+7 (937) 286-24-02,user105745@example.ru,Санкт-Петербург,23.05.2024
c103837,Егор Нестеров,+7 (982) 633-40-67,user103837@example.ru,Новосибирск,07.05.2025
c102990,Лидия Осипова,+7 (943) 535-78-96,user102990@example.ru,Москва,01.07.2024
c103112,Денис Панин,+7 (992) 397-50-18,user103112@example.ru,Москва,09.01.2025
c101308,Игорь Крылов,+7 (978) 619-52-55,user101308@example.ru,Новосибирск,26.01.2024
c105207,Егор Лаптев,+7 (970) 934-30-14,user105207@example.ru,Казань,17.06.2024
c104344,Алиса Ермаков,+7 (997) 864-32-81,user104344@example.ru,Казань,07.02.2026
c105858,Наталья Сорокина,+7 (970) 148-46-69,user105858@example.ru,Казань,05.09.2025
c103012,Ольга Сорокина,+7 (995) 111-44-75,user103012@example.ru,Новосибирск,16.01.2026
c103293,Елена Нестеров,+7 (946) 530-33-18,user103293@example.ru,Новосибирск,12.02.2026
c104211,Алиса Осипова,+7 (950) 575-70-09,user104211@example.ru,Екатеринбург,20.04.2025
c103202,Юлия Савельев,+7 (936) 550-72-97,user103202@example.ru,Москва,22.02.2025
c100385,Артур Зуева,+7 (959) 901-03-49,user100385@example.ru,Санкт-Петербург,30.05.2024
c100560,Анна Панин,+7 (950) 448-71-05,user100560@example.ru,Москва,21.06.2025
c103533,Кирилл Ковальчук,+7 (960) 038-90-63,user103533@example.ru,Санкт-Петербург,21.06.2026
c103775,Анна Панин,+7 (952) 128-71-98,user103775@example.ru,Москва,30.04.2024
c105097,Вера Савельев,+7 (955) 860-96-07,user105097@example.ru,Екатеринбург,27.04.2024
c106454,Юлия Нестеров,+7 (918) 504-77-59,user106454@example.ru,Новосибирск,23.05.2026
c103297,Лидия Крылов,+7 (995) 229-05-57,user103297@example.ru,Москва,05.12.2024
c104338,Лидия Юдина,+7 (935) 708-15-50,user104338@example.ru,Красноярск,18.04.2024
c100531,Кирилл Сорокина,+7 (974) 762-15-36,user100531@example.ru,Москва,07.11.2025
c102839,Елена Сорокина,+7 (949) 271-42-32,user102839@example.ru,Москва,20.02.2025
c106497,Юлия Белых,+7 (914) 490-27-61,user106497@example.ru,Москва,05.05.2025
c105658,Роман Крылов,+7 (978) 050-90-75,user105658@example.ru,Санкт-Петербург,04.09.2025
c100421,Юлия Панин,+7 (964) 361-84-45,user100421@example.ru,Новосибирск,14.03.2024
c102845,Елена Савельев,+7 (925) 452-39-47,user102845@example.ru,Красноярск,12.09.2025
c102210,Полина Гордеев,+7 (990) 977-67-89,user102210@example.ru,Екатеринбург,27.05.2025
c105150,Глеб Крылов,+7 (949) 671-17-71,user105150@example.ru,Красноярск,03.06.2024
c104618,Анна Зуева,+7 (953) 446-08-57,user104618@example.ru,Красноярск,30.01.2024
c103426,Тимур Ермаков,+7 (959) 544-32-22,user103426@example.ru,Красноярск,13.07.2025
c105684,Максим Савельев,+7 (962) 306-54-58,user105684@example.ru,Санкт-Петербург,24.06.2024
c105293,Тимур Крылов,+7 (936) 563-86-26,user105293@example.ru,Казань,13.02.2026
c104011,Максим Белых,+7 (967) 893-22-30,user104011@example.ru,Красноярск,27.05.2026
c103123,Алиса Зуева,+7 (939) 122-88-38,user103123@example.ru,Екатеринбург,11.11.2024
c100662,Егор Зуева,+7 (932) 922-47-39,user100662@example.ru,Красноярск,30.01.2026
c102677,Елена Зуева,+7 (935) 167-24-74,user102677@example.ru,Новосибирск,28.04.2025
c106828,Алиса Ермаков,+7 (987) 752-72-41,user106828@example.ru,Москва,26.03.2026
c101612,Юлия Савельев,+7 (986) 315-89-85,user101612@example.ru,Казань,31.08.2024
c100208,Глеб Осипова,+7 (921) 474-61-67,user100208@example.ru,Красноярск,10.02.2024
c106882,Егор Лаптев,+7 (929) 527-36-03,user106882@example.ru,Красноярск,11.06.2026
c106355,Наталья Мешков,+7 (913) 699-85-16,user106355@example.ru,Москва,31.07.2024
c106553,Вера Белых,+7 (943) 435-67-97,user106553@example.ru,Санкт-Петербург,28.02.2024
c104987,Елена Ермаков,+7 (948) 013-60-22,user104987@example.ru,Екатеринбург,24.05.2026
c106743,Вера Крылов,+7 (969) 401-99-75,user106743@example.ru,Красноярск,13.04.2025
c104509,Полина Гордеев,+7 (918) 258-84-05,user104509@example.ru,Екатеринбург,12.04.2025
c102065,Игорь Сорокина,+7 (940) 678-28-32,user102065@example.ru,Казань,06.12.2025
c105466,Роман Осипова,+7 (934) 277-06-95,user105466@example.ru,Казань,05.04.2026
c101914,Мария Юдина,+7 (913) 123-89-85,user101914@example.ru,Санкт-Петербург,23.04.2025
c100603,Мария Панин,+7 (912) 449-90-05,user100603@example.ru,Екатеринбург,16.04.2024
c104029,Наталья Осипова,+7 (963) 833-17-14,user104029@example.ru,Москва,23.02.2025
c103189,Кирилл Панин,+7 (938) 675-74-86,user103189@example.ru,Москва,10.05.2026
c104209,Анна Гордеев,+7 (946) 040-50-40,user104209@example.ru,Москва,05.01.2025
c103356,Алиса Ковальчук,+7 (963) 830-03-51,user103356@example.ru,Екатеринбург,02.08.2024
c103218,Юлия Зуева,+7 (919) 051-36-31,user103218@example.ru,Екатеринбург,05.11.2024
c101306,Мария Шилова,+7 (995) 840-77-34,user101306@example.ru,Екатеринбург,26.06.2026
c102317,Павел Зуева,+7 (975) 013-05-43,user102317@example.ru,Красноярск,13.07.2025
c103644,Денис Крылов,+7 (943) 061-95-94,user103644@example.ru,Москва,13.10.2025
c101577,Тимур Ковальчук,+7 (911) 960-22-76,user101577@example.ru,Новосибирск,20.01.2024
c100570,Лидия Мешков,+7 (948) 424-60-28,user100570@example.ru,Казань,24.10.2024
c103325,Анна Белых,+7 (924) 048-55-96,user103325@example.ru,Новосибирск,19.02.2026
c103719,Глеб Нестеров,+7 (928) 300-86-30,user103719@example.ru,Красноярск,19.10.2024
c100321,Алиса Осипова,+7 (934) 504-91-95,user100321@example.ru,Москва,13.07.2024
c100082,Роман Тихонова,+7 (983) 437-51-22,user100082@example.ru,Москва,07.06.2024
c103074,Елена Ермаков,+7 (952) 852-38-98,user103074@example.ru,Москва,09.07.2024
c104652,Полина Юдина,+7 (915) 011-52-52,user104652@example.ru,Казань,12.03.2025
c102675,Павел Гордеев,+7 (990) 636-39-43,user102675@example.ru,Санкт-Петербург,21.08.2024
c104333,Артур Ковальчук,+7 (968) 944-40-66,user104333@example.ru,Москва,20.04.2025
c104778,Юлия Ермаков,+7 (929) 946-93-75,user104778@example.ru,Санкт-Петербург,03.03.2025
c106817,Вера Савельев,+7 (921) 476-02-09,user106817@example.ru,Казань,21.10.2024
c102028,Игорь Гордеев,+7 (942) 961-89-85,user102028@example.ru,Новосибирск,14.09.2025
c104416,Анна Зуева,+7 (927) 621-50-50,user104416@example.ru,Екатеринбург,08.07.2025
c105759,Юлия Мешков,+7 (987) 327-66-60,user105759@example.ru,Санкт-Петербург,26.03.2025
c105687,Вера Савельев,+7 (949) 305-29-44,user105687@example.ru,Новосибирск,26.11.2025
c101669,Денис Сорокина,+7 (991) 375-37-10,user101669@example.ru,Санкт-Петербург,19.02.2025
c101613,Игорь Крылов,+7 (973) 006-24-94,user101613@example.ru,Екатеринбург,08.02.2025
c103650,Глеб Зуева,+7 (956) 068-58-23,user103650@example.ru,Новосибирск,06.03.2025
c104891,Глеб Панин,+7 (980) 088-65-22,user104891@example.ru,Москва,24.11.2025
c106543,Мария Тихонова,+7 (931) 396-05-10,user106543@example.ru,Казань,04.11.2025
c103633,Полина Ермаков,+7 (951) 811-63-84,user103633@example.ru,Москва,09.11.2025
c106392,Мария Ковальчук,+7 (954) 771-74-02,user106392@example.ru,Екатеринбург,16.06.2025
c106568,Алиса Осипова,+7 (998) 763-78-42,user106568@example.ru,Новосибирск,15.11.2025
c105378,Артур Мешков,+7 (956) 215-86-64,user105378@example.ru,Екатеринбург,15.03.2024
c100854,Артур Нестеров,+7 (993) 892-25-41,user100854@example.ru,Казань,11.05.2024
c106757,Глеб Зуева,+7 (944) 326-17-29,user106757@example.ru,Красноярск,20.06.2024
c100288,Ольга Лаптев,+7 (951) 706-04-98,user100288@example.ru,Казань,11.04.2025
c100529,Игорь Лаптев,+7 (977) 879-26-50,user100529@example.ru,Красноярск,19.02.2026
c104189,Ольга Сорокина,+7 (940) 578-04-65,user104189@example.ru,Новосибирск,03.02.2025
c104890,Денис Лаптев,+7 (931) 637-30-02,user104890@example.ru,Санкт-Петербург,01.02.2026
c106235,Денис Панин,+7 (914) 497-80-06,user106235@example.ru,Казань,02.05.2024
c102571,Роман Панин,+7 (971) 965-56-73,user102571@example.ru,Красноярск,09.02.2026
c104503,Алиса Гордеев,+7 (989) 124-09-98,user104503@example.ru,Санкт-Петербург,23.10.2024
c101260,Алиса Ковальчук,+7 (986) 117-66-02,user101260@example.ru,Санкт-Петербург,05.06.2025
c101403,Максим Осипова,+7 (920) 583-83-60,user101403@example.ru,Казань,20.10.2025
c101494,Кирилл Гордеев,+7 (930) 341-26-82,user101494@example.ru,Екатеринбург,15.03.2026
c103090,Наталья Лаптев,+7 (925) 878-71-14,user103090@example.ru,Красноярск,19.05.2024
c101415,Тимур Лаптев,+7 (977) 435-78-39,user101415@example.ru,Новосибирск,07.01.2026
c104420,Полина Лаптев,+7 (916) 125-66-27,user104420@example.ru,Екатеринбург,06.04.2025
c100866,Денис Ковальчук,+7 (937) 511-86-29,user100866@example.ru,Красноярск,20.01.2026
c101196,Анна Савельев,+7 (920) 384-64-87,user101196@example.ru,Екатеринбург,13.04.2026
c101559,Ольга Ермаков,+7 (958) 648-00-36,user101559@example.ru,Казань,03.11.2024
c100023,Полина Савельев,+7 (969) 365-17-39,user100023@example.ru,Новосибирск,09.07.2025
c101410,Ольга Нестеров,+7 (924) 267-14-97,user101410@example.ru,Москва,29.05.2025
c101496,Роман Нестеров,+7 (945) 053-26-87,user101496@example.ru,Красноярск,13.04.2025
c105216,Кирилл Шилова,+7 (967) 413-12-80,user105216@example.ru,Санкт-Петербург,01.11.2024
c105123,Павел Зуева,+7 (957) 992-24-18,user105123@example.ru,Москва,13.01.2026
c102878,Анна Сорокина,+7 (956) 533-33-02,user102878@example.ru,Красноярск,10.10.2024
c104665,Максим Лаптев,+7 (960) 854-05-37,user104665@example.ru,Красноярск,29.06.2026
c100012,Вера Ковальчук,+7 (931) 016-21-27,user100012@example.ru,Санкт-Петербург,25.06.2026
c103855,Тимур Белых,+7 (965) 265-83-27,user103855@example.ru,Казань,19.11.2025
c103048,Вера Ковальчук,+7 (936) 519-83-70,user103048@example.ru,Красноярск,14.02.2024
c103349,Денис Панин,+7 (913) 514-59-78,user103349@example.ru,Екатеринбург,27.04.2025
c106809,Глеб Ковальчук,+7 (931) 481-00-47,user106809@example.ru,Санкт-Петербург,01.07.2025
c101879,Максим Лаптев,+7 (912) 569-35-22,user101879@example.ru,Казань,28.01.2026
c100330,Наталья Белых,+7 (910) 079-03-48,user100330@example.ru,Москва,07.07.2025
c102454,Анна Белых,+7 (964) 545-72-31,user102454@example.ru,Москва,17.12.2025
c100430,Максим Сорокина,+7 (978) 762-71-27,user100430@example.ru,Казань,05.09.2024
c106125,Елена Ермаков,+7 (973) 247-49-09,user106125@example.ru,Екатеринбург,11.11.2025
c100899,Алиса Панин,+7 (958) 006-69-40,user100899@example.ru,Новосибирск,26.07.2025
c100935,Максим Тихонова,+7 (926) 815-92-74,user100935@example.ru,Екатеринбург,21.02.2024
c102631,Роман Гордеев,+7 (959) 681-36-98,user102631@example.ru,Санкт-Петербург,29.06.2026
c103981,Кирилл Нестеров,+7 (980) 077-06-23,user103981@example.ru,Казань,22.11.2024
c101252,Егор Шилова,+7 (924) 776-39-68,user101252@example.ru,Казань,03.03.2025
c104612,Тимур Белых,+7 (980) 496-98-74,user104612@example.ru,Казань,06.08.2025
c106496,Максим Шилова,+7 (962) 706-32-03,user106496@example.ru,Санкт-Петербург,01.03.2024
c100758,Елена Сорокина,+7 (965) 486-22-71,user100758@example.ru,Москва,27.09.2025
c103503,Наталья Шилова,+7 (936) 553-01-29,user103503@example.ru,Новосибирск,21.07.2024
c101878,Полина Юдина,+7 (979) 763-93-19,user101878@example.ru,Красноярск,10.09.2025
c101257,Вера Шилова,+7 (912) 234-84-84,user101257@example.ru,Москва,03.12.2025
c103510,Елена Крылов,+7 (995) 161-94-23,user103510@example.ru,Москва,07.10.2024
c100377,Наталья Гордеев,+7 (934) 831-44-79,user100377@example.ru,Москва,14.02.2025
c104348,Лидия Панин,+7 (918) 765-41-95,user104348@example.ru,Красноярск,16.03.2026
c106810,Артур Осипова,+7 (950) 235-68-94,user106810@example.ru,Казань,24.01.2025
c101468,Артур Сорокина,+7 (974) 402-97-02,user101468@example.ru,Новосибирск,03.01.2026
c106025,Наталья Лаптев,+7 (915) 483-41-81,user106025@example.ru,Екатеринбург,22.06.2025
c106144,Денис Гордеев,+7 (996) 264-43-30,user106144@example.ru,Новосибирск,17.07.2024
c102039,Юлия Зуева,+7 (976) 200-08-31,user102039@example.ru,Екатеринбург,21.07.2024
c103338,Глеб Панин,+7 (960) 955-82-05,user103338@example.ru,Красноярск,27.06.2024
c106270,Игорь Зуева,+7 (999) 976-43-90,user106270@example.ru,Москва,23.02.2026
c105649,Ольга Ермаков,+7 (943) 803-42-12,user105649@example.ru,Красноярск,01.01.2026
c104113,Тимур Сорокина,+7 (959) 961-59-63,user104113@example.ru,Казань,30.06.2026
c104777,Павел Сорокина,+7 (981) 845-57-80,user104777@example.ru,Санкт-Петербург,11.06.2024
c101162,Анна Нестеров,+7 (959) 644-05-92,user101162@example.ru,Екатеринбург,07.08.2024
c105110,Лидия Белых,+7 (995) 339-48-56,user105110@example.ru,Казань,18.04.2025
c104616,Анна Ковальчук,+7 (988) 052-15-38,user104616@example.ru,Новосибирск,28.04.2025
c103971,Денис Осипова,+7 (990) 214-12-40,user103971@example.ru,Казань,14.04.2026
c102732,Максим Крылов,+7 (964) 343-96-84,user102732@example.ru,Москва,20.02.2026
c102831,Егор Мешков,+7 (989) 250-41-58,user102831@example.ru,Екатеринбург,27.01.2026
c106532,Алиса Белых,+7 (956) 925-30-21,user106532@example.ru,Новосибирск,20.05.2025
c104633,Ольга Мешков,+7 (994) 852-97-38,user104633@example.ru,Санкт-Петербург,26.08.2024
c100019,Денис Савельев,+7 (951) 853-98-86,user100019@example.ru,Казань,05.09.2024
c100150,Юлия Крылов,+7 (991) 813-35-01,user100150@example.ru,Новосибирск,26.03.2026
c104834,Павел Мешков,+7 (933) 950-58-66,user104834@example.ru,Санкт-Петербург,04.04.2026
c104892,Вера Ермаков,+7 (933) 886-37-07,user104892@example.ru,Новосибирск,10.12.2024
c103200,Лидия Панин,+7 (950) 233-23-14,user103200@example.ru,Новосибирск,14.02.2025
c101350,Павел Зуева,+7 (968) 612-14-38,user101350@example.ru,Казань,13.05.2024
c106575,Наталья Гордеев,+7 (976) 486-11-58,user106575@example.ru,Казань,04.06.2024
c103314,Денис Лаптев,+7 (937) 685-57-20,user103314@example.ru,Екатеринбург,04.09.2025
c104395,Егор Ермаков,+7 (996) 090-15-93,user104395@example.ru,Красноярск,26.12.2024
c103320,Игорь Шилова,+7 (929) 938-01-58,user103320@example.ru,Красноярск,10.10.2025
c101074,Мария Шилова,+7 (947) 253-52-59,user101074@example.ru,Красноярск,23.05.2024
c102854,Мария Крылов,+7 (975) 870-06-81,user102854@example.ru,Казань,19.07.2024
c105640,Роман Ковальчук,+7 (980) 740-96-81,user105640@example.ru,Санкт-Петербург,09.04.2024
c104579,Наталья Лаптев,+7 (917) 165-81-29,user104579@example.ru,Санкт-Петербург,14.03.2025
c105905,Павел Лаптев,+7 (957) 528-08-81,user105905@example.ru,Москва,20.01.2025
c105597,Мария Крылов,+7 (965) 466-50-72,user105597@example.ru,Санкт-Петербург,13.01.2024
c104470,Денис Шилова,+7 (958) 633-43-29,user104470@example.ru,Санкт-Петербург,06.04.2026
c104178,Алиса Шилова,+7 (990) 897-27-61,user104178@example.ru,Санкт-Петербург,09.11.2025
c101008,Юлия Мешков,+7 (951) 649-61-14,user101008@example.ru,Красноярск,11.02.2026
c105617,Елена Шилова,+7 (974) 875-72-21,user105617@example.ru,Санкт-Петербург,21.03.2026
c102658,Елена Шилова,+7 (944) 442-95-61,user102658@example.ru,Москва,07.07.2025
c105242,Юлия Юдина,+7 (972) 374-32-29,user105242@example.ru,Москва,26.02.2025
c106165,Роман Савельев,+7 (952) 172-50-42,user106165@example.ru,Екатеринбург,21.04.2024
c103589,Наталья Ковальчук,+7 (996) 431-43-41,user103589@example.ru,Москва,29.10.2024
c103283,Елена Юдина,+7 (991) 653-00-11,user103283@example.ru,Екатеринбург,15.03.2024
c105900,Павел Ермаков,+7 (926) 788-75-43,user105900@example.ru,Новосибирск,27.08.2024
c106443,Лидия Юдина,+7 (963) 821-67-08,user106443@example.ru,Новосибирск,18.05.2024
c100515,Тимур Сорокина,+7 (938) 960-12-66,user100515@example.ru,Санкт-Петербург,23.06.2025
c103031,Артур Тихонова,+7 (981) 142-65-09,user103031@example.ru,Новосибирск,14.07.2024
c105059,Егор Зуева,+7 (970) 018-91-77,user105059@example.ru,Санкт-Петербург,17.06.2025
c105275,Наталья Ермаков,+7 (933) 428-19-33,user105275@example.ru,Красноярск,07.07.2025
c103192,Алиса Ковальчук,+7 (992) 784-60-34,user103192@example.ru,Санкт-Петербург,13.12.2024
c104675,Анна Савельев,+7 (970) 102-65-20,user104675@example.ru,Санкт-Петербург,23.01.2026
c104974,Полина Осипова,+7 (974) 224-99-07,user104974@example.ru,Казань,23.01.2026
c104285,Денис Тихонова,+7 (979) 317-32-84,user104285@example.ru,Москва,02.05.2026
c100837,Кирилл Крылов,+7 (999) 131-61-76,user100837@example.ru,Екатеринбург,17.03.2026
c102948,Кирилл Зуева,+7 (910) 442-27-15,user102948@example.ru,Казань,01.06.2025
c104757,Анна Савельев,+7 (951) 405-23-53,user104757@example.ru,Новосибирск,28.11.2025
c102963,Юлия Гордеев,+7 (920) 349-24-15,user102963@example.ru,Новосибирск,17.05.2026
c105990,Мария Шилова,+7 (986) 638-35-55,user105990@example.ru,Казань,10.07.2025
c102522,Елена Сорокина,+7 (982) 925-25-49,user102522@example.ru,Санкт-Петербург,25.11.2025
c106116,Егор Савельев,+7 (943) 513-62-34,user106116@example.ru,Красноярск,21.03.2024
c102545,Елена Осипова,+7 (999) 319-43-08,user102545@example.ru,Красноярск,01.07.2024
c102523,Юлия Зуева,+7 (986) 287-35-74,user102523@example.ru,Екатеринбург,13.09.2024
c100629,Мария Белых,+7 (937) 033-53-44,user100629@example.ru,Казань,20.08.2025
c106487,Наталья Шилова,+7 (988) 539-22-00,user106487@example.ru,Екатеринбург,26.03.2024
c101175,Вера Савельев,+7 (995) 668-31-08,user101175@example.ru,Казань,12.03.2025
c101105,Денис Сорокина,+7 (942) 837-94-22,user101105@example.ru,Казань,18.02.2026
c104384,Артур Зуева,+7 (957) 200-33-09,user104384@example.ru,Москва,05.04.2024
c100847,Мария Сорокина,+7 (937) 349-46-51,user100847@example.ru,Казань,08.05.2024
c100954,Анна Ковальчук,+7 (979) 040-85-79,user100954@example.ru,Москва,14.04.2024
c103191,Вера Лаптев,+7 (912) 091-94-48,user103191@example.ru,Екатеринбург,22.06.2025
c103750,Кирилл Нестеров,+7 (991) 465-91-38,user103750@example.ru,Санкт-Петербург,31.08.2025
c106700,Павел Савельев,+7 (964) 770-19-28,user106700@example.ru,Казань,06.01.2025
c105675,Тимур Юдина,+7 (971) 608-81-21,user105675@example.ru,Екатеринбург,17.07.2024
c102711,Полина Тихонова,+7 (984) 019-36-84,user102711@example.ru,Москва,21.02.2025
c100886,Елена Панин,+7 (949) 275-90-70,user100886@example.ru,Екатеринбург,14.12.2024
c103667,Елена Ковальчук,+7 (930) 846-11-31,user103667@example.ru,Екатеринбург,08.11.2025
c105274,Ольга Белых,+7 (991) 202-94-90,user105274@example.ru,Красноярск,11.01.2025
c103514,Денис Юдина,+7 (978) 494-65-60,user103514@example.ru,Новосибирск,16.05.2024
c103425,Кирилл Гордеев,+7 (943) 266-60-98,user103425@example.ru,Красноярск,03.05.2024
c106268,Глеб Ковальчук,+7 (942) 037-12-87,user106268@example.ru,Екатеринбург,27.01.2025
c103463,Лидия Шилова,+7 (989) 458-70-53,user103463@example.ru,Екатеринбург,21.06.2026
c104547,Павел Ковальчук,+7 (925) 766-36-22,user104547@example.ru,Санкт-Петербург,03.03.2024
c105098,Ольга Савельев,+7 (914) 252-76-15,user105098@example.ru,Санкт-Петербург,30.01.2026
c100833,Мария Юдина,+7 (999) 493-31-09,user100833@example.ru,Санкт-Петербург,06.07.2025
c102801,Мария Ермаков,+7 (961) 044-72-89,user102801@example.ru,Екатеринбург,16.06.2025
c101785,Алиса Осипова,+7 (947) 126-30-26,user101785@example.ru,Санкт-Петербург,15.11.2024
c102070,Елена Юдина,+7 (935) 176-73-27,user102070@example.ru,Красноярск,25.12.2024
c105729,Игорь Ковальчук,+7 (991) 107-82-03,user105729@example.ru,Санкт-Петербург,15.07.2024
c101699,Павел Панин,+7 (941) 926-95-69,user101699@example.ru,Красноярск,23.04.2025
c100518,Кирилл Лаптев,+7 (929) 873-63-92,user100518@example.ru,Казань,11.05.2025
c100683,Вера Тихонова,+7 (993) 979-95-09,user100683@example.ru,Санкт-Петербург,17.08.2025
c101584,Ольга Белых,+7 (958) 652-44-32,user101584@example.ru,Казань,03.05.2026
c101665,Павел Сорокина,+7 (945) 767-78-47,user101665@example.ru,Санкт-Петербург,31.10.2024
c106714,Тимур Панин,+7 (929) 764-11-76,user106714@example.ru,Москва,01.10.2025
c101573,Наталья Зуева,+7 (936) 770-86-69,user101573@example.ru,Москва,25.01.2025
c100874,Ольга Нестеров,+7 (945) 475-35-44,user100874@example.ru,Казань,07.12.2024
c105674,Кирилл Крылов,+7 (939) 392-88-11,user105674@example.ru,Санкт-Петербург,19.09.2024
c103209,Елена Белых,+7 (938) 772-25-17,user103209@example.ru,Екатеринбург,24.01.2026
c101902,Полина Осипова,+7 (938) 863-92-75,user101902@example.ru,Казань,22.06.2026
c106596,Максим Гордеев,+7 (995) 875-57-59,user106596@example.ru,Новосибирск,28.01.2025
c101144,Алиса Белых,+7 (960) 882-66-51,user101144@example.ru,Казань,29.09.2024
c103079,Вера Зуева,+7 (945) 340-08-51,user103079@example.ru,Красноярск,30.06.2024
c102060,Павел Панин,+7 (936) 260-08-48,user102060@example.ru,Москва,09.02.2026
c101003,Кирилл Савельев,+7 (982) 927-67-20,user101003@example.ru,Красноярск,23.04.2025
c101186,Егор Ковальчук,+7 (999) 271-81-42,user101186@example.ru,Казань,15.05.2025
c101335,Глеб Нестеров,+7 (974) 824-47-92,user101335@example.ru,Санкт-Петербург,16.05.2025
c104614,Тимур Осипова,+7 (989) 657-83-30,user104614@example.ru,Екатеринбург,01.06.2026
c106725,Павел Лаптев,+7 (930) 917-22-21,user106725@example.ru,Казань,04.09.2024
c101518,Юлия Лаптев,+7 (920) 429-80-04,user101518@example.ru,Москва,11.12.2025
c103318,Ольга Зуева,+7 (942) 083-31-45,user103318@example.ru,Екатеринбург,13.02.2025
c100661,Полина Савельев,+7 (976) 146-93-48,user100661@example.ru,Красноярск,04.04.2026
c100334,Игорь Юдина,+7 (968) 420-45-83,user100334@example.ru,Новосибирск,23.09.2024
c100049,Тимур Нестеров,+7 (965) 093-32-63,user100049@example.ru,Екатеринбург,30.04.2024
c100154,Алиса Гордеев,+7 (957) 149-75-36,user100154@example.ru,Екатеринбург,28.08.2024
c106792,Наталья Нестеров,+7 (945) 145-09-43,user106792@example.ru,Москва,06.04.2025
c101700,Егор Белых,+7 (993) 001-35-18,user101700@example.ru,Москва,29.12.2024
c100138,Роман Ермаков,+7 (978) 123-67-88,user100138@example.ru,Казань,26.07.2025
c106048,Полина Гордеев,+7 (934) 343-75-59,user106048@example.ru,Красноярск,02.09.2025
c106099,Игорь Шилова,+7 (921) 479-70-68,user106099@example.ru,Новосибирск,17.05.2026
c106622,Павел Гордеев,+7 (919) 312-53-83,user106622@example.ru,Екатеринбург,17.01.2025
c100314,Денис Шилова,+7 (999) 525-57-18,user100314@example.ru,Москва,09.06.2025
c102479,Тимур Осипова,+7 (958) 020-39-96,user102479@example.ru,Санкт-Петербург,11.11.2024
c104195,Лидия Ермаков,+7 (994) 012-46-46,user104195@example.ru,Екатеринбург,22.12.2025
c104897,Глеб Савельев,+7 (916) 675-78-53,user104897@example.ru,Екатеринбург,09.05.2024
c101214,Полина Юдина,+7 (913) 162-12-51,user101214@example.ru,Новосибирск,31.10.2024
c106140,Егор Ковальчук,+7 (946) 923-38-20,user106140@example.ru,Казань,25.09.2024
c102478,Ольга Ковальчук,+7 (995) 009-28-95,user102478@example.ru,Новосибирск,11.02.2025
c104659,Лидия Савельев,+7 (965) 685-30-68,user104659@example.ru,Москва,11.11.2024
c102217,Артур Юдина,+7 (954) 958-03-38,user102217@example.ru,Москва,27.11.2024
c100815,Полина Белых,+7 (979) 242-18-96,user100815@example.ru,Екатеринбург,24.10.2024
c106257,Артур Крылов,+7 (997) 250-10-41,user106257@example.ru,Казань,03.10.2025
c103357,Роман Лаптев,+7 (980) 509-43-86,user103357@example.ru,Санкт-Петербург,11.08.2024
c104185,Вера Осипова,+7 (984) 563-96-35,user104185@example.ru,Екатеринбург,02.02.2026
c102283,Тимур Ермаков,+7 (966) 100-15-57,user102283@example.ru,Екатеринбург,08.04.2024
c100429,Кирилл Сорокина,+7 (936) 905-28-76,user100429@example.ru,Новосибирск,14.01.2026
c104047,Мария Тихонова,+7 (965) 297-11-44,user104047@example.ru,Москва,22.02.2026
c102566,Тимур Сорокина,+7 (995) 479-50-48,user102566@example.ru,Санкт-Петербург,24.08.2025
c102748,Анна Осипова,+7 (978) 651-66-35,user102748@example.ru,Красноярск,12.06.2025
c105428,Полина Сорокина,+7 (913) 480-31-41,user105428@example.ru,Москва,11.11.2024
c100864,Наталья Сорокина,+7 (931) 060-81-74,user100864@example.ru,Казань,14.12.2025
c103096,Вера Осипова,+7 (993) 046-31-78,user103096@example.ru,Казань,07.09.2025
c105322,Мария Гордеев,+7 (959) 811-24-80,user105322@example.ru,Москва,11.07.2024
c100863,Полина Панин,+7 (927) 281-74-43,user100863@example.ru,Санкт-Петербург,24.09.2024
c103475,Денис Савельев,+7 (955) 136-25-12,user103475@example.ru,Санкт-Петербург,26.05.2025
c100667,Егор Савельев,+7 (997) 657-50-54,user100667@example.ru,Казань,09.02.2024
c105220,Роман Тихонова,+7 (963) 036-30-31,user105220@example.ru,Москва,09.07.2024
c105251,Глеб Мешков,+7 (982) 948-24-82,user105251@example.ru,Санкт-Петербург,10.12.2025
c105869,Глеб Ермаков,+7 (962) 125-70-96,user105869@example.ru,Екатеринбург,18.01.2025
c104743,Кирилл Сорокина,+7 (968) 246-93-21,user104743@example.ru,Санкт-Петербург,16.04.2024
c100410,Кирилл Мешков,+7 (965) 516-67-82,user100410@example.ru,Новосибирск,27.10.2025
c101657,Полина Ермаков,+7 (942) 470-31-51,user101657@example.ru,Новосибирск,27.01.2024
c101314,Денис Тихонова,+7 (943) 699-11-33,user101314@example.ru,Санкт-Петербург,26.01.2025
c100520,Ольга Панин,+7 (927) 334-15-06,user100520@example.ru,Красноярск,02.01.2026
c102863,Павел Ковальчук,+7 (920) 594-18-69,user102863@example.ru,Санкт-Петербург,24.06.2024
c102177,Денис Сорокина,+7 (911) 448-75-39,user102177@example.ru,Москва,23.08.2024
c100959,Елена Крылов,+7 (984) 693-55-63,user100959@example.ru,Москва,28.06.2026
c106263,Мария Крылов,+7 (982) 917-61-35,user106263@example.ru,Казань,31.05.2025
c106058,Алиса Мешков,+7 (969) 176-29-85,user106058@example.ru,Санкт-Петербург,18.05.2025
c105727,Тимур Белых,+7 (979) 400-33-52,user105727@example.ru,Москва,09.04.2025
c101671,Игорь Шилова,+7 (926) 687-70-51,user101671@example.ru,Москва,04.06.2026
c100001,Максим Белых,+7 (960) 249-04-30,user100001@example.ru,Казань,09.12.2025
c102792,Мария Белых,+7 (990) 435-53-72,user102792@example.ru,Москва,12.06.2025
c105797,Глеб Ковальчук,+7 (982) 343-42-51,user105797@example.ru,Красноярск,10.06.2026
c100754,Глеб Белых,+7 (990) 213-77-27,user100754@example.ru,Москва,15.01.2025
c105518,Мария Ковальчук,+7 (978) 938-27-20,user105518@example.ru,Красноярск,12.06.2026
c104937,Артур Шилова,+7 (941) 999-50-26,user104937@example.ru,Санкт-Петербург,05.04.2024
c101316,Лидия Шилова,+7 (985) 322-48-57,user101316@example.ru,Новосибирск,15.03.2024
c103741,Максим Крылов,+7 (990) 400-28-92,user103741@example.ru,Санкт-Петербург,14.05.2026
c101373,Егор Осипова,+7 (977) 093-18-92,user101373@example.ru,Екатеринбург,23.07.2024
c102259,Глеб Крылов,+7 (945) 315-38-12,user102259@example.ru,Красноярск,15.04.2024
c102668,Мария Белых,+7 (967) 624-94-13,user102668@example.ru,Новосибирск,13.08.2024
c102304,Наталья Белых,+7 (922) 759-69-97,user102304@example.ru,Екатеринбург,30.04.2026
c105721,Игорь Зуева,+7 (930) 552-60-57,user105721@example.ru,Казань,08.05.2024
c103844,Артур Тихонова,+7 (941) 028-93-44,user103844@example.ru,Санкт-Петербург,02.10.2024
c102241,Кирилл Ермаков,+7 (941) 084-71-85,user102241@example.ru,Екатеринбург,06.04.2025
c104291,Елена Тихонова,+7 (943) 259-57-37,user104291@example.ru,Санкт-Петербург,17.02.2024
c106715,Кирилл Юдина,+7 (924) 983-28-00,user106715@example.ru,Москва,19.01.2026
c104578,Егор Ермаков,+7 (962) 122-01-99,user104578@example.ru,Санкт-Петербург,10.01.2026
c103380,Ольга Мешков,+7 (965) 540-51-63,user103380@example.ru,Казань,11.03.2024
c100948,Игорь Панин,+7 (974) 266-91-56,user100948@example.ru,Красноярск,07.06.2026
c106837,Глеб Лаптев,+7 (918) 490-69-53,user106837@example.ru,Санкт-Петербург,29.02.2024
c102136,Мария Зуева,+7 (964) 471-36-87,user102136@example.ru,Москва,19.01.2025
c102844,Роман Белых,+7 (992) 126-97-33,user102844@example.ru,Казань,12.05.2025
c101912,Максим Нестеров,+7 (943) 204-76-06,user101912@example.ru,Казань,14.03.2026
c100841,Максим Осипова,+7 (938) 747-62-23,user100841@example.ru,Москва,08.10.2025
c103586,Ольга Шилова,+7 (913) 414-04-90,user103586@example.ru,Санкт-Петербург,29.09.2025
c105444,Полина Мешков,+7 (942) 296-68-85,user105444@example.ru,Красноярск,08.03.2024
c102756,Вера Панин,+7 (975) 061-95-54,user102756@example.ru,Москва,31.05.2024
c101315,Вера Ермаков,+7 (923) 492-37-62,user101315@example.ru,Екатеринбург,19.01.2026
c105409,Наталья Осипова,+7 (933) 853-16-38,user105409@example.ru,Екатеринбург,21.02.2024
c100740,Алиса Савельев,+7 (910) 862-58-59,user100740@example.ru,Санкт-Петербург,27.02.2024
c103671,Артур Ермаков,+7 (971) 452-97-66,user103671@example.ru,Красноярск,21.05.2025
c105741,Максим Нестеров,+7 (955) 743-03-11,user105741@example.ru,Москва,15.09.2024
c103020,Глеб Сорокина,+7 (978) 227-29-87,user103020@example.ru,Санкт-Петербург,17.03.2026
c105225,Кирилл Панин,+7 (993) 041-31-33,user105225@example.ru,Красноярск,08.10.2025
c102320,Анна Крылов,+7 (968) 633-32-22,user102320@example.ru,Новосибирск,24.10.2025
c105534,Алиса Крылов,+7 (972) 147-90-35,user105534@example.ru,Санкт-Петербург,13.04.2026
c104501,Игорь Мешков,+7 (962) 507-64-48,user104501@example.ru,Новосибирск,15.06.2026
c103502,Денис Лаптев,+7 (958) 708-50-33,user103502@example.ru,Казань,25.06.2024
c102491,Павел Тихонова,+7 (943) 223-05-39,user102491@example.ru,Екатеринбург,26.10.2024
c104663,Лидия Мешков,+7 (939) 861-24-33,user104663@example.ru,Санкт-Петербург,03.02.2024
c104650,Вера Нестеров,+7 (956) 953-91-06,user104650@example.ru,Красноярск,02.11.2025
c104244,Максим Мешков,+7 (989) 308-73-00,user104244@example.ru,Санкт-Петербург,07.01.2026
c105920,Павел Савельев,+7 (961) 225-76-83,user105920@example.ru,Красноярск,27.01.2026
c102762,Юлия Сорокина,+7 (949) 037-93-81,user102762@example.ru,Москва,24.06.2026
c102272,Глеб Шилова,+7 (981) 679-12-39,user102272@example.ru,Москва,24.11.2025
c102046,Лидия Ковальчук,+7 (990) 691-49-93,user102046@example.ru,Новосибирск,27.07.2025
c104328,Денис Ермаков,+7 (977) 086-33-84,user104328@example.ru,Москва,12.04.2025
c106237,Вера Тихонова,+7 (986) 979-52-12,user106237@example.ru,Новосибирск,09.10.2024
c105221,Павел Ермаков,+7 (991) 119-30-93,user105221@example.ru,Санкт-Петербург,26.08.2024
c105918,Максим Шилова,+7 (992) 427-98-16,user105918@example.ru,Москва,12.07.2025
c101372,Роман Нестеров,+7 (917) 061-32-24,user101372@example.ru,Новосибирск,06.03.2026
c106759,Полина Савельев,+7 (932) 844-39-23,user106759@example.ru,Санкт-Петербург,19.09.2025
c103685,Лидия Шилова,+7 (953) 243-67-70,user103685@example.ru,Красноярск,17.09.2024
c103447,Роман Шилова,+7 (971) 153-03-63,user103447@example.ru,Москва,23.11.2024
c104462,Алиса Ермаков,+7 (981) 813-75-94,user104462@example.ru,Красноярск,22.03.2026
c103566,Егор Зуева,+7 (937) 138-90-53,user103566@example.ru,Санкт-Петербург,15.11.2025
c103163,Павел Шилова,+7 (914) 836-03-91,user103163@example.ru,Москва,23.01.2024
c106189,Полина Савельев,+7 (947) 215-03-62,user106189@example.ru,Москва,01.09.2025
c105819,Елена Крылов,+7 (957) 207-32-22,user105819@example.ru,Москва,31.01.2024
c102761,Павел Юдина,+7 (913) 347-42-33,user102761@example.ru,Екатеринбург,12.04.2024
c105631,Лидия Белых,+7 (937) 902-28-94,user105631@example.ru,Москва,27.03.2025
c101132,Ольга Нестеров,+7 (932) 218-12-95,user101132@example.ru,Казань,29.11.2024
c105032,Елена Тихонова,+7 (984) 523-65-12,user105032@example.ru,Казань,27.02.2025
c106133,Юлия Лаптев,+7 (974) 327-05-55,user106133@example.ru,Санкт-Петербург,22.05.2026
c106667,Ольга Мешков,+7 (923) 761-00-75,user106667@example.ru,Екатеринбург,25.02.2025
c106790,Юлия Гордеев,+7 (938) 369-38-46,user106790@example.ru,Москва,20.07.2025
c103783,Ольга Савельев,+7 (959) 964-07-27,user103783@example.ru,Новосибирск,18.06.2026
c103382,Анна Осипова,+7 (947) 867-01-55,user103382@example.ru,Новосибирск,09.09.2025
c106848,Наталья Тихонова,+7 (924) 530-94-05,user106848@example.ru,Екатеринбург,11.09.2024
c101165,Артур Гордеев,+7 (933) 799-57-62,user101165@example.ru,Новосибирск,13.02.2024
c106287,Мария Белых,+7 (937) 309-40-77,user106287@example.ru,Новосибирск,21.06.2024
c103974,Полина Крылов,+7 (936) 603-93-61,user103974@example.ru,Екатеринбург,23.12.2025
c105354,Глеб Панин,+7 (945) 124-86-65,user105354@example.ru,Красноярск,25.05.2026
c102140,Максим Тихонова,+7 (922) 773-74-09,user102140@example.ru,Санкт-Петербург,06.05.2026
c100744,Максим Лаптев,+7 (934) 552-31-84,user100744@example.ru,Новосибирск,25.03.2026
c102908,Павел Сорокина,+7 (930) 248-80-66,user102908@example.ru,Красноярск,01.12.2024
c100315,Елена Тихонова,+7 (912) 512-59-38,user100315@example.ru,Новосибирск,06.09.2024
c100167,Роман Гордеев,+7 (973) 479-77-01,user100167@example.ru,Екатеринбург,10.09.2025
c102556,Лидия Юдина,+7 (912) 547-40-76,user102556@example.ru,Санкт-Петербург,12.08.2024
c105655,Павел Сорокина,+7 (937) 538-59-32,user105655@example.ru,Санкт-Петербург,17.04.2025
c101277,Кирилл Зуева,+7 (977) 007-23-19,user101277@example.ru,Красноярск,19.02.2026
c101793,Алиса Белых,+7 (953) 447-04-51,user101793@example.ru,Екатеринбург,07.12.2025
c100028,Глеб Юдина,+7 (938) 087-48-88,user100028@example.ru,Новосибирск,04.05.2025
c100409,Игорь Белых,+7 (971) 210-61-40,user100409@example.ru,Новосибирск,02.11.2024
c101073,Наталья Сорокина,+7 (981) 700-87-84,user101073@example.ru,Москва,31.03.2025
c102411,Лидия Белых,+7 (929) 016-84-22,user102411@example.ru,Новосибирск,02.05.2026
c105999,Егор Панин,+7 (977) 710-81-70,user105999@example.ru,Москва,20.08.2025
c103398,Лидия Панин,+7 (983) 382-91-69,user103398@example.ru,Красноярск,24.12.2024
c102623,Алиса Белых,+7 (984) 240-14-69,user102623@example.ru,Казань,19.10.2025
c104512,Павел Сорокина,+7 (929) 376-11-23,user104512@example.ru,Москва,24.05.2024
c104381,Анна Ермаков,+7 (994) 643-64-38,user104381@example.ru,Красноярск,30.06.2025
c102273,Глеб Крылов,+7 (970) 756-15-39,user102273@example.ru,Красноярск,15.09.2024
c105421,Денис Крылов,+7 (985) 698-85-09,user105421@example.ru,Новосибирск,18.03.2026
c100313,Мария Гордеев,+7 (960) 090-88-12,user100313@example.ru,Красноярск,11.06.2025
c103988,Юлия Зуева,+7 (949) 556-28-05,user103988@example.ru,Москва,24.05.2026
c106652,Тимур Панин,+7 (937) 575-50-95,user106652@example.ru,Екатеринбург,29.04.2025
c102560,Артур Тихонова,+7 (981) 441-00-53,user102560@example.ru,Новосибирск,13.05.2024
c101336,Артур Ковальчук,+7 (967) 079-42-34,user101336@example.ru,Новосибирск,12.12.2025
c106213,Роман Нестеров,+7 (920) 462-46-68,user106213@example.ru,Екатеринбург,03.03.2026
c101401,Юлия Тихонова,+7 (990) 113-67-73,user101401@example.ru,Красноярск,11.09.2025
c105416,Артур Лаптев,+7 (997) 580-68-00,user105416@example.ru,Санкт-Петербург,26.12.2025
c105170,Роман Мешков,+7 (952) 772-90-85,user105170@example.ru,Красноярск,20.01.2024
c105234,Денис Тихонова,+7 (982) 733-54-11,user105234@example.ru,Екатеринбург,15.01.2024
c100851,Кирилл Зуева,+7 (999) 585-59-40,user100851@example.ru,Красноярск,21.01.2026
c104782,Елена Мешков,+7 (971) 693-54-97,user104782@example.ru,Красноярск,24.01.2026
c103700,Кирилл Панин,+7 (996) 985-19-31,user103700@example.ru,Красноярск,04.04.2025
c106079,Полина Мешков,+7 (915) 076-67-04,user106079@example.ru,Екатеринбург,08.07.2024
c105041,Елена Нестеров,+7 (917) 542-38-70,user105041@example.ru,Москва,22.03.2024
c104902,Артур Зуева,+7 (969) 646-73-90,user104902@example.ru,Новосибирск,08.05.2024
c106351,Егор Панин,+7 (946) 295-46-31,user106351@example.ru,Екатеринбург,07.05.2025
c100354,Елена Панин,+7 (957) 283-24-02,user100354@example.ru,Екатеринбург,24.11.2024
c100483,Анна Юдина,+7 (980) 474-73-98,user100483@example.ru,Екатеринбург,19.04.2026
c106862,Денис Зуева,+7 (919) 766-84-59,user106862@example.ru,Санкт-Петербург,20.07.2024
c106649,Тимур Тихонова,+7 (928) 124-77-23,user106649@example.ru,Санкт-Петербург,28.07.2024
c101824,Алиса Сорокина,+7 (997) 770-55-16,user101824@example.ru,Казань,17.06.2025
c103623,Егор Гордеев,+7 (989) 272-29-26,user103623@example.ru,Красноярск,26.07.2025
c102667,Елена Белых,+7 (936) 899-90-06,user102667@example.ru,Казань,07.04.2024
c102295,Денис Гордеев,+7 (923) 934-67-06,user102295@example.ru,Москва,01.04.2024
c100537,Мария Зуева,+7 (969) 003-01-80,user100537@example.ru,Москва,15.01.2025
c103397,Игорь Сорокина,+7 (970) 759-85-04,user103397@example.ru,Москва,19.05.2026
c101969,Полина Ермаков,+7 (944) 669-37-93,user101969@example.ru,Москва,05.06.2024
c102240,Мария Ермаков,+7 (970) 957-75-94,user102240@example.ru,Красноярск,30.06.2025
c105169,Максим Мешков,+7 (982) 158-02-18,user105169@example.ru,Новосибирск,23.07.2025
c105916,Игорь Юдина,+7 (956) 625-74-73,user105916@example.ru,Красноярск,04.10.2024
c105998,Тимур Белых,+7 (986) 022-36-11,user105998@example.ru,Новосибирск,04.06.2026
c105598,Юлия Зуева,+7 (998) 474-14-76,user105598@example.ru,Казань,21.06.2025
c105670,Максим Гордеев,+7 (965) 396-20-80,user105670@example.ru,Казань,13.03.2025
c102988,Денис Ермаков,+7 (996) 978-90-45,user102988@example.ru,Москва,14.01.2026
c102715,Артур Белых,+7 (932) 350-81-62,user102715@example.ru,Екатеринбург,25.04.2024
c102814,Егор Панин,+7 (935) 525-27-92,user102814@example.ru,Санкт-Петербург,06.04.2026
c106658,Кирилл Сорокина,+7 (971) 391-68-87,user106658@example.ru,Екатеринбург,07.02.2025
c101955,Елена Савельев,+7 (961) 326-70-62,user101955@example.ru,Санкт-Петербург,21.02.2025
c104931,Ольга Мешков,+7 (982) 365-44-21,user104931@example.ru,Санкт-Петербург,24.09.2025
c104201,Юлия Шилова,+7 (971) 841-30-06,user104201@example.ru,Санкт-Петербург,05.01.2025
c101141,Мария Ермаков,+7 (910) 877-65-58,user101141@example.ru,Екатеринбург,26.09.2024
c102221,Артур Ермаков,+7 (963) 967-34-17,user102221@example.ru,Санкт-Петербург,07.03.2024
c102440,Лидия Осипова,+7 (999) 629-02-93,user102440@example.ru,Красноярск,09.03.2026
c105365,Елена Савельев,+7 (969) 620-12-16,user105365@example.ru,Казань,17.08.2024
c105791,Роман Шилова,+7 (997) 345-19-71,user105791@example.ru,Екатеринбург,28.02.2025
c104780,Вера Белых,+7 (943) 440-21-98,user104780@example.ru,Казань,01.09.2024
c106660,Кирилл Лаптев,+7 (949) 778-56-73,user106660@example.ru,Красноярск,24.03.2024
c101344,Артур Осипова,+7 (987) 652-11-56,user101344@example.ru,Красноярск,08.07.2024
c105442,Глеб Ковальчук,+7 (980) 373-40-83,user105442@example.ru,Красноярск,25.09.2025
c105140,Денис Панин,+7 (936) 435-89-08,user105140@example.ru,Екатеринбург,16.03.2024
c102608,Вера Белых,+7 (913) 404-36-84,user102608@example.ru,Красноярск,30.11.2024
c101618,Максим Мешков,+7 (994) 888-56-10,user101618@example.ru,Красноярск,06.03.2026
c105379,Наталья Нестеров,+7 (938) 161-63-67,user105379@example.ru,Новосибирск,23.12.2025
c100065,Игорь Гордеев,+7 (953) 559-78-39,user100065@example.ru,Красноярск,25.02.2025
c105507,Ольга Ермаков,+7 (914) 840-42-93,user105507@example.ru,Санкт-Петербург,01.02.2024
c100128,Павел Гордеев,+7 (964) 208-36-99,user100128@example.ru,Москва,01.12.2025
c102085,Денис Ермаков,+7 (973) 294-49-06,user102085@example.ru,Москва,31.12.2024
c102923,Наталья Тихонова,+7 (974) 515-18-02,user102923@example.ru,Москва,02.08.2024
c105660,Егор Зуева,+7 (946) 383-98-56,user105660@example.ru,Екатеринбург,26.07.2024
c105699,Мария Лаптев,+7 (919) 931-39-97,user105699@example.ru,Красноярск,13.04.2025
c100933,Артур Ермаков,+7 (992) 194-95-26,user100933@example.ru,Новосибирск,25.04.2024
c101543,Роман Мешков,+7 (925) 932-82-57,user101543@example.ru,Санкт-Петербург,28.10.2025
c105864,Максим Панин,+7 (986) 745-41-08,user105864@example.ru,Казань,22.02.2025
c104600,Наталья Тихонова,+7 (969) 091-16-86,user104600@example.ru,Санкт-Петербург,15.09.2024
c101632,Тимур Зуева,+7 (941) 990-45-79,user101632@example.ru,Красноярск,06.08.2025
c101418,Игорь Лаптев,+7 (961) 061-75-30,user101418@example.ru,Новосибирск,19.07.2025
c106699,Роман Ковальчук,+7 (944) 438-23-16,user106699@example.ru,Санкт-Петербург,06.12.2024
c106537,Глеб Шилова,+7 (988) 448-44-80,user106537@example.ru,Казань,31.07.2025
c100187,Анна Тихонова,+7 (910) 207-11-59,user100187@example.ru,Екатеринбург,06.11.2025
c103495,Тимур Лаптев,+7 (967) 738-71-52,user103495@example.ru,Казань,09.07.2024
c102360,Анна Панин,+7 (946) 296-25-88,user102360@example.ru,Новосибирск,29.07.2024
c104654,Максим Шилова,+7 (962) 169-52-06,user104654@example.ru,Красноярск,07.06.2026
c104811,Алиса Крылов,+7 (911) 212-28-82,user104811@example.ru,Екатеринбург,19.09.2025
c106410,Полина Тихонова,+7 (920) 902-85-41,user106410@example.ru,Красноярск,03.06.2024
c100259,Егор Гордеев,+7 (985) 583-48-19,user100259@example.ru,Санкт-Петербург,14.05.2025
c106724,Денис Зуева,+7 (920) 143-19-19,user106724@example.ru,Казань,16.06.2024
c105342,Денис Ермаков,+7 (950) 791-91-44,user105342@example.ru,Новосибирск,02.02.2026
c100156,Артур Крылов,+7 (971) 499-65-99,user100156@example.ru,Москва,28.07.2025
c102916,Денис Панин,+7 (948) 252-58-23,user102916@example.ru,Москва,10.06.2026
c103966,Игорь Мешков,+7 (951) 949-21-36,user103966@example.ru,Екатеринбург,08.02.2026
c101592,Роман Савельев,+7 (930) 681-14-31,user101592@example.ru,Москва,08.05.2026
c101054,Лидия Тихонова,+7 (965) 725-54-05,user101054@example.ru,Санкт-Петербург,24.06.2026
c105434,Максим Мешков,+7 (912) 847-19-74,user105434@example.ru,Москва,05.07.2024
c101575,Павел Савельев,+7 (995) 690-05-72,user101575@example.ru,Санкт-Петербург,01.03.2024
c102596,Денис Осипова,+7 (967) 107-27-91,user102596@example.ru,Красноярск,06.12.2024
c100856,Кирилл Лаптев,+7 (910) 636-39-87,user100856@example.ru,Москва,31.01.2026
c100598,Наталья Белых,+7 (917) 612-45-73,user100598@example.ru,Москва,27.08.2025
c104917,Павел Юдина,+7 (913) 348-82-45,user104917@example.ru,Новосибирск,04.11.2024
c105569,Денис Нестеров,+7 (990) 548-98-80,user105569@example.ru,Новосибирск,27.05.2025
c105237,Тимур Белых,+7 (975) 028-06-18,user105237@example.ru,Санкт-Петербург,07.11.2024
c106643,Лидия Ермаков,+7 (922) 752-25-83,user106643@example.ru,Новосибирск,10.10.2025
c101752,Роман Гордеев,+7 (927) 591-66-56,user101752@example.ru,Екатеринбург,25.12.2025
c101540,Наталья Ковальчук,+7 (972) 126-62-13,user101540@example.ru,Москва,07.08.2025
c100378,Анна Гордеев,+7 (919) 124-32-46,user100378@example.ru,Казань,02.09.2025
c100939,Алиса Савельев,+7 (943) 028-76-68,user100939@example.ru,Казань,04.03.2026
c101615,Полина Осипова,+7 (987) 058-98-08,user101615@example.ru,Казань,11.09.2024
c103232,Наталья Панин,+7 (986) 560-03-12,user103232@example.ru,Красноярск,19.11.2024
c100136,Денис Ермаков,+7 (911) 131-56-57,user100136@example.ru,Новосибирск,23.11.2025
c101101,Тимур Ермаков,+7 (956) 782-22-43,user101101@example.ru,Екатеринбург,05.09.2025
c101849,Глеб Сорокина,+7 (939) 085-20-26,user101849@example.ru,Санкт-Петербург,31.01.2026
c106832,Роман Тихонова,+7 (977) 322-39-25,user106832@example.ru,Санкт-Петербург,29.10.2024
c103815,Лидия Осипова,+7 (966) 858-63-18,user103815@example.ru,Москва,07.09.2024
c102636,Наталья Гордеев,+7 (948) 448-91-09,user102636@example.ru,Новосибирск,03.06.2025
c100950,Елена Ермаков,+7 (999) 155-00-34,user100950@example.ru,Новосибирск,11.09.2024
c104349,Лидия Савельев,+7 (961) 132-46-44,user104349@example.ru,Новосибирск,30.01.2024
c102535,Роман Сорокина,+7 (970) 033-54-90,user102535@example.ru,Красноярск,07.05.2024
c104429,Максим Мешков,+7 (921) 450-12-18,user104429@example.ru,Екатеринбург,06.10.2024
c105717,Роман Зуева,+7 (919) 595-41-11,user105717@example.ru,Екатеринбург,19.11.2025
c105180,Анна Ермаков,+7 (913) 937-14-62,user105180@example.ru,Москва,24.06.2026
c105392,Полина Мешков,+7 (995) 057-72-18,user105392@example.ru,Екатеринбург,06.09.2024
c104092,Полина Панин,+7 (994) 749-76-19,user104092@example.ru,Казань,15.10.2024
c100842,Артур Тихонова,+7 (944) 172-85-74,user100842@example.ru,Санкт-Петербург,20.06.2024
c101888,Вера Нестеров,+7 (935) 590-38-52,user101888@example.ru,Москва,17.12.2025
c104962,Денис Гордеев,+7 (983) 944-80-18,user104962@example.ru,Санкт-Петербург,11.05.2024
c101169,Максим Сорокина,+7 (973) 768-65-95,user101169@example.ru,Санкт-Петербург,31.03.2024
c104699,Вера Крылов,+7 (952) 867-41-27,user104699@example.ru,Казань,07.12.2024
c106503,Лидия Ермаков,+7 (976) 372-88-30,user106503@example.ru,Москва,02.07.2025
c105943,Наталья Юдина,+7 (939) 795-90-50,user105943@example.ru,Новосибирск,14.05.2026
c100097,Артур Шилова,+7 (947) 530-04-84,user100097@example.ru,Москва,12.09.2024
c106468,Алиса Зуева,+7 (956) 391-89-05,user106468@example.ru,Казань,17.10.2024
c103487,Алиса Осипова,+7 (931) 794-42-21,user103487@example.ru,Новосибирск,20.11.2024
c102042,Глеб Нестеров,+7 (916) 229-49-82,user102042@example.ru,Красноярск,26.08.2025
c103111,Кирилл Шилова,+7 (919) 393-95-20,user103111@example.ru,Новосибирск,03.07.2025
c105054,Анна Гордеев,+7 (962) 201-06-10,user105054@example.ru,Санкт-Петербург,09.10.2024
c102919,Глеб Нестеров,+7 (935) 150-08-14,user102919@example.ru,Москва,19.04.2026
c101449,Наталья Юдина,+7 (989) 690-26-19,user101449@example.ru,Москва,08.12.2024
c106115,Глеб Крылов,+7 (951) 231-58-33,user106115@example.ru,Новосибирск,05.09.2024
c101708,Егор Мешков,+7 (993) 751-57-58,user101708@example.ru,Красноярск,04.03.2025
c100751,Артур Зуева,+7 (917) 821-13-93,user100751@example.ru,Екатеринбург,08.03.2024
c105767,Игорь Гордеев,+7 (960) 649-87-02,user105767@example.ru,Москва,17.03.2026
c101580,Максим Осипова,+7 (915) 070-77-22,user101580@example.ru,Екатеринбург,28.07.2024
c102075,Максим Шилова,+7 (991) 196-97-68,user102075@example.ru,Екатеринбург,14.10.2025
c100597,Егор Осипова,+7 (945) 613-82-76,user100597@example.ru,Санкт-Петербург,10.12.2024
c100699,Юлия Юдина,+7 (936) 321-21-52,user100699@example.ru,Москва,08.03.2026
c100098,Ольга Сорокина,+7 (981) 378-43-24,user100098@example.ru,Казань,15.12.2024
c101161,Мария Савельев,+7 (920) 590-52-16,user101161@example.ru,Санкт-Петербург,28.07.2025
c102754,Егор Осипова,+7 (988) 434-41-38,user102754@example.ru,Санкт-Петербург,22.06.2024
c103174,Павел Ковальчук,+7 (994) 265-45-23,user103174@example.ru,Красноярск,07.07.2024
c104040,Вера Ковальчук,+7 (941) 606-21-47,user104040@example.ru,Екатеринбург,25.08.2025
c106162,Елена Панин,+7 (982) 686-60-19,user106162@example.ru,Санкт-Петербург,02.05.2026
c106719,Егор Крылов,+7 (996) 932-14-99,user106719@example.ru,Красноярск,01.02.2026
c104174,Павел Лаптев,+7 (940) 906-45-18,user104174@example.ru,Красноярск,04.09.2024
c100836,Юлия Белых,+7 (994) 970-48-15,user100836@example.ru,Казань,06.09.2024
c101195,Павел Шилова,+7 (929) 175-28-80,user101195@example.ru,Екатеринбург,04.05.2026
c100248,Тимур Зуева,+7 (912) 153-94-81,user100248@example.ru,Екатеринбург,22.11.2025
c104866,Павел Зуева,+7 (979) 559-94-78,user104866@example.ru,Москва,31.03.2026
c102721,Вера Тихонова,+7 (973) 824-62-87,user102721@example.ru,Москва,22.10.2025
c105291,Анна Гордеев,+7 (970) 001-14-07,user105291@example.ru,Казань,10.06.2025
c103161,Ольга Тихонова,+7 (932) 094-82-45,user103161@example.ru,Санкт-Петербург,09.03.2026
c106135,Кирилл Зуева,+7 (975) 812-22-04,user106135@example.ru,Новосибирск,08.02.2025
c106338,Егор Сорокина,+7 (925) 113-30-84,user106338@example.ru,Санкт-Петербург,02.03.2026
c105194,Мария Савельев,+7 (935) 726-29-15,user105194@example.ru,Санкт-Петербург,10.03.2026
c103995,Максим Крылов,+7 (927) 436-02-00,user103995@example.ru,Новосибирск,19.06.2026
c106161,Максим Крылов,+7 (961) 525-26-22,user106161@example.ru,Москва,09.06.2024
c104173,Павел Юдина,+7 (947) 148-39-37,user104173@example.ru,Новосибирск,19.05.2026
c100677,Вера Белых,+7 (936) 294-40-80,user100677@example.ru,Москва,01.03.2024
c100434,Роман Нестеров,+7 (936) 332-96-30,user100434@example.ru,Красноярск,25.10.2025
c104138,Денис Сорокина,+7 (941) 325-50-09,user104138@example.ru,Москва,14.06.2026
c104916,Елена Ермаков,+7 (993) 355-19-69,user104916@example.ru,Красноярск,01.02.2025
c100426,Павел Савельев,+7 (966) 962-04-32,user100426@example.ru,Санкт-Петербург,28.12.2025
c106797,Елена Зуева,+7 (943) 629-43-37,user106797@example.ru,Екатеринбург,18.02.2024
c100926,Глеб Мешков,+7 (955) 477-28-70,user100926@example.ru,Казань,09.06.2025
c101691,Глеб Гордеев,+7 (927) 025-63-61,user101691@example.ru,Красноярск,20.12.2025
c106419,Вера Тихонова,+7 (914) 698-86-22,user106419@example.ru,Санкт-Петербург,03.05.2026
c101368,Артур Ковальчук,+7 (944) 911-35-59,user101368@example.ru,Санкт-Петербург,24.10.2025
c100870,Артур Мешков,+7 (957) 051-80-36,user100870@example.ru,Казань,10.02.2025
c105866,Максим Зуева,+7 (910) 969-22-00,user105866@example.ru,Новосибирск,11.02.2026
c104321,Вера Шилова,+7 (969) 540-70-57,user104321@example.ru,Москва,07.03.2024
c105823,Игорь Гордеев,+7 (914) 362-72-23,user105823@example.ru,Новосибирск,18.11.2025
c101648,Алиса Тихонова,+7 (915) 460-23-50,user101648@example.ru,Москва,19.05.2024
c100013,Мария Мешков,+7 (985) 046-88-36,user100013@example.ru,Санкт-Петербург,20.07.2025
c102670,Артур Мешков,+7 (963) 005-15-08,user102670@example.ru,Новосибирск,06.06.2024
c101044,Роман Осипова,+7 (919) 870-61-43,user101044@example.ru,Новосибирск,21.01.2026
c100413,Алиса Савельев,+7 (951) 457-58-92,user100413@example.ru,Санкт-Петербург,05.12.2024
c100549,Егор Савельев,+7 (992) 953-83-11,user100549@example.ru,Санкт-Петербург,10.10.2024
c100118,Егор Гордеев,+7 (926) 894-01-42,user100118@example.ru,Казань,15.01.2024
c101594,Павел Юдина,+7 (954) 748-74-40,user101594@example.ru,Екатеринбург,08.09.2025
c104876,Мария Лаптев,+7 (979) 661-25-32,user104876@example.ru,Москва,15.07.2025
c100781,Максим Нестеров,+7 (986) 413-61-48,user100781@example.ru,Москва,29.03.2026
c101984,Максим Юдина,+7 (930) 819-21-04,user101984@example.ru,Екатеринбург,17.11.2025
c105531,Игорь Юдина,+7 (925) 983-57-32,user105531@example.ru,Красноярск,10.01.2026
c101011,Вера Белых,+7 (929) 133-56-21,user101011@example.ru,Санкт-Петербург,01.03.2026
c103784,Егор Ермаков,+7 (914) 975-69-26,user103784@example.ru,Москва,08.04.2025
c105678,Роман Савельев,+7 (959) 884-53-88,user105678@example.ru,Новосибирск,16.03.2025
c105872,Мария Ермаков,+7 (988) 127-39-69,user105872@example.ru,Санкт-Петербург,02.03.2024
c105822,Кирилл Осипова,+7 (958) 699-36-71,user105822@example.ru,Санкт-Петербург,25.06.2026
c105073,Егор Мешков,+7 (975) 674-99-69,user105073@example.ru,Москва,05.07.2024
c105264,Мария Осипова,+7 (932) 462-04-85,user105264@example.ru,Казань,30.12.2024
c105313,Егор Ковальчук,+7 (984) 375-78-91,user105313@example.ru,Москва,23.08.2025
c100955,Лидия Ковальчук,+7 (983) 422-80-94,user100955@example.ru,Москва,26.09.2025
c106726,Артур Тихонова,+7 (913) 829-10-48,user106726@example.ru,Санкт-Петербург,04.02.2026
c102216,Юлия Шилова,+7 (931) 113-20-65,user102216@example.ru,Казань,10.05.2024
c106413,Вера Сорокина,+7 (987) 870-87-20,user106413@example.ru,Москва,20.08.2025
c105871,Денис Гордеев,+7 (937) 520-49-93,user105871@example.ru,Новосибирск,11.10.2025
c103892,Мария Ермаков,+7 (914) 398-13-45,user103892@example.ru,Красноярск,09.09.2025
c105679,Денис Нестеров,+7 (965) 788-75-99,user105679@example.ru,Красноярск,07.03.2025
c104531,Елена Белых,+7 (976) 705-00-39,user104531@example.ru,Красноярск,03.05.2026
c100638,Павел Тихонова,+7 (949) 767-46-43,user100638@example.ru,Новосибирск,17.12.2025
c100818,Егор Осипова,+7 (915) 193-16-24,user100818@example.ru,Москва,08.07.2025
c101808,Мария Панин,+7 (986) 936-30-70,user101808@example.ru,Новосибирск,23.01.2026
c103796,Артур Осипова,+7 (936) 998-52-05,user103796@example.ru,Екатеринбург,23.02.2024
c100714,Кирилл Лаптев,+7 (914) 927-95-86,user100714@example.ru,Екатеринбург,10.03.2026
c100247,Павел Лаптев,+7 (923) 857-27-74,user100247@example.ru,Москва,26.07.2024
c100501,Егор Осипова,+7 (970) 958-18-23,user100501@example.ru,Москва,14.10.2024
c102612,Кирилл Шилова,+7 (978) 796-91-31,user102612@example.ru,Новосибирск,27.09.2025
c101035,Полина Лаптев,+7 (930) 312-33-44,user101035@example.ru,Санкт-Петербург,09.09.2024
c106510,Анна Юдина,+7 (974) 358-26-97,user106510@example.ru,Москва,10.05.2026
c102600,Ольга Тихонова,+7 (935) 772-16-14,user102600@example.ru,Екатеринбург,26.09.2025
c100623,Егор Нестеров,+7 (926) 789-15-90,user100623@example.ru,Красноярск,28.04.2024
c103279,Елена Гордеев,+7 (915) 271-39-32,user103279@example.ru,Екатеринбург,21.12.2024
c101381,Вера Ковальчук,+7 (931) 710-74-33,user101381@example.ru,Санкт-Петербург,28.01.2024
c106073,Анна Лаптев,+7 (963) 835-52-11,user106073@example.ru,Москва,20.11.2025
c101987,Глеб Ковальчук,+7 (979) 969-86-39,user101987@example.ru,Екатеринбург,04.04.2026
c100213,Наталья Лаптев,+7 (971) 945-37-32,user100213@example.ru,Красноярск,07.04.2024
c102461,Елена Лаптев,+7 (952) 676-19-66,user102461@example.ru,Казань,14.12.2024
c100750,Вера Лаптев,+7 (975) 889-14-33,user100750@example.ru,Москва,09.08.2024
c105277,Глеб Шилова,+7 (989) 099-59-21,user105277@example.ru,Екатеринбург,25.08.2025
c103469,Вера Лаптев,+7 (931) 407-48-56,user103469@example.ru,Екатеринбург,22.10.2024
c102993,Кирилл Шилова,+7 (975) 798-67-31,user102993@example.ru,Красноярск,05.05.2026
c104843,Роман Нестеров,+7 (938) 338-55-92,user104843@example.ru,Казань,12.10.2024
c100095,Лидия Шилова,+7 (990) 906-69-67,user100095@example.ru,Екатеринбург,05.03.2024
c102847,Максим Савельев,+7 (923) 324-01-97,user102847@example.ru,Санкт-Петербург,03.11.2025
c106899,Юлия Юдина,+7 (946) 819-59-72,user106899@example.ru,Новосибирск,08.03.2025
c106453,Ольга Гордеев,+7 (952) 558-78-63,user106453@example.ru,Санкт-Петербург,21.12.2025
c103646,Ольга Ермаков,+7 (939) 467-93-86,user103646@example.ru,Москва,15.04.2024
c101723,Мария Сорокина,+7 (973) 861-12-61,user101723@example.ru,Красноярск,08.06.2026
c103846,Егор Крылов,+7 (927) 798-72-30,user103846@example.ru,Красноярск,09.09.2024
c102918,Ольга Белых,+7 (911) 468-79-84,user102918@example.ru,Москва,03.04.2024
c104915,Полина Юдина,+7 (944) 845-81-96,user104915@example.ru,Москва,09.02.2024
c104498,Полина Панин,+7 (931) 094-94-85,user104498@example.ru,Новосибирск,08.12.2024
c102040,Роман Тихонова,+7 (923) 474-48-18,user102040@example.ru,Санкт-Петербург,06.12.2024
c104960,Егор Шилова,+7 (977) 180-71-02,user104960@example.ru,Екатеринбург,01.06.2026
c105246,Максим Нестеров,+7 (950) 039-59-04,user105246@example.ru,Санкт-Петербург,06.10.2025
c102082,Артур Белых,+7 (970) 165-13-45,user102082@example.ru,Казань,05.10.2025
c103166,Анна Ковальчук,+7 (979) 801-78-99,user103166@example.ru,Москва,19.10.2024
c105295,Тимур Юдина,+7 (981) 198-40-27,user105295@example.ru,Красноярск,07.09.2025
c102829,Юлия Панин,+7 (976) 214-83-79,user102829@example.ru,Москва,25.02.2026
c104126,Кирилл Лаптев,+7 (911) 446-41-38,user104126@example.ru,Санкт-Петербург,05.09.2025
c102654,Наталья Белых,+7 (964) 348-60-48,user102654@example.ru,Новосибирск,24.03.2024
c104593,Максим Гордеев,+7 (988) 426-16-60,user104593@example.ru,Казань,16.02.2024
c102686,Алиса Лаптев,+7 (914) 885-46-30,user102686@example.ru,Санкт-Петербург,13.08.2025
c101639,Игорь Сорокина,+7 (944) 382-25-71,user101639@example.ru,Москва,29.04.2025
c106193,Тимур Панин,+7 (957) 483-84-43,user106193@example.ru,Санкт-Петербург,10.02.2024
c103951,Максим Тихонова,+7 (962) 605-70-41,user103951@example.ru,Екатеринбург,08.07.2024
c101591,Павел Панин,+7 (992) 653-96-83,user101591@example.ru,Казань,26.04.2024
c101471,Наталья Осипова,+7 (955) 476-42-80,user101471@example.ru,Санкт-Петербург,29.07.2025
c104396,Алиса Савельев,+7 (919) 533-29-32,user104396@example.ru,Красноярск,09.05.2025
c104661,Алиса Ермаков,+7 (952) 487-41-79,user104661@example.ru,Москва,30.07.2024
c104751,Артур Нестеров,+7 (969) 385-96-29,user104751@example.ru,Екатеринбург,29.01.2024
c106524,Павел Осипова,+7 (995) 226-95-55,user106524@example.ru,Москва,21.11.2024
c100358,Денис Сорокина,+7 (973) 601-33-73,user100358@example.ru,Санкт-Петербург,03.03.2024
c100331,Павел Гордеев,+7 (962) 246-83-37,user100331@example.ru,Новосибирск,04.05.2025
c101572,Лидия Панин,+7 (978) 347-08-98,user101572@example.ru,Москва,02.04.2025
c102592,Артур Панин,+7 (972) 553-15-79,user102592@example.ru,Екатеринбург,19.02.2026
c105551,Мария Юдина,+7 (921) 199-31-20,user105551@example.ru,Екатеринбург,17.09.2024
c101747,Денис Осипова,+7 (998) 294-83-11,user101747@example.ru,Москва,15.04.2024
c101429,Елена Крылов,+7 (972) 889-54-97,user101429@example.ru,Санкт-Петербург,22.01.2025
c105418,Егор Мешков,+7 (992) 244-17-11,user105418@example.ru,Санкт-Петербург,22.08.2025
c106150,Алиса Тихонова,+7 (961) 703-69-78,user106150@example.ru,Новосибирск,08.01.2025
c101903,Глеб Осипова,+7 (957) 201-49-63,user101903@example.ru,Москва,11.06.2024
c101964,Мария Шилова,+7 (973) 894-44-20,user101964@example.ru,Санкт-Петербург,11.02.2025
c102407,Максим Гордеев,+7 (984) 129-31-19,user102407@example.ru,Красноярск,20.03.2026
c103769,Глеб Нестеров,+7 (968) 263-59-35,user103769@example.ru,Красноярск,11.04.2024
c100525,Алиса Шилова,+7 (925) 266-65-36,user100525@example.ru,Екатеринбург,01.12.2024
c101249,Павел Гордеев,+7 (998) 450-01-64,user101249@example.ru,Санкт-Петербург,08.03.2024
c100481,Мария Юдина,+7 (979) 410-88-40,user100481@example.ru,Москва,07.01.2025
c105146,Игорь Белых,+7 (951) 793-99-10,user105146@example.ru,Красноярск,01.11.2024
c102246,Мария Ермаков,+7 (912) 356-91-72,user102246@example.ru,Екатеринбург,21.04.2026
c105226,Елена Осипова,+7 (965) 584-07-02,user105226@example.ru,Екатеринбург,13.06.2026
c105016,Артур Ермаков,+7 (933) 049-45-61,user105016@example.ru,Новосибирск,02.06.2026
c103362,Егор Сорокина,+7 (930) 187-67-37,user103362@example.ru,Новосибирск,04.08.2024
c101874,Денис Лаптев,+7 (973) 016-26-23,user101874@example.ru,Новосибирск,26.06.2026
c104656,Полина Зуева,+7 (944) 830-65-64,user104656@example.ru,Москва,23.09.2025
c106083,Лидия Нестеров,+7 (990) 342-52-77,user106083@example.ru,Екатеринбург,27.02.2026
c104789,Вера Сорокина,+7 (961) 417-62-72,user104789@example.ru,Казань,22.03.2025
c104617,Полина Сорокина,+7 (997) 066-36-75,user104617@example.ru,Красноярск,02.06.2026
c101447,Алиса Гордеев,+7 (985) 301-48-86,user101447@example.ru,Санкт-Петербург,30.11.2025
c100210,Лидия Шилова,+7 (938) 741-53-82,user100210@example.ru,Красноярск,10.01.2025
c105512,Егор Осипова,+7 (989) 443-76-42,user105512@example.ru,Казань,01.05.2026
c105001,Елена Мешков,+7 (938) 328-72-52,user105001@example.ru,Казань,04.08.2024
c100952,Кирилл Ковальчук,+7 (926) 353-95-16,user100952@example.ru,Екатеринбург,09.05.2024
c103593,Денис Юдина,+7 (933) 575-96-89,user103593@example.ru,Новосибирск,14.05.2024
c105931,Максим Нестеров,+7 (923) 849-12-38,user105931@example.ru,Красноярск,05.09.2024
c105956,Максим Зуева,+7 (911) 412-82-16,user105956@example.ru,Москва,06.01.2025
c102973,Юлия Савельев,+7 (966) 047-84-18,user102973@example.ru,Санкт-Петербург,08.01.2025
c102520,Ольга Тихонова,+7 (973) 808-44-41,user102520@example.ru,Казань,01.06.2026
c103709,Кирилл Юдина,+7 (991) 283-44-95,user103709@example.ru,Санкт-Петербург,04.11.2024
c102599,Алиса Шилова,+7 (985) 946-71-15,user102599@example.ru,Екатеринбург,04.02.2024
c100712,Павел Нестеров,+7 (988) 391-14-86,user100712@example.ru,Екатеринбург,19.06.2024
c106307,Кирилл Ермаков,+7 (989) 227-98-96,user106307@example.ru,Красноярск,20.10.2024
c102029,Роман Мешков,+7 (975) 747-11-62,user102029@example.ru,Красноярск,29.06.2025
c100268,Лидия Осипова,+7 (971) 319-58-13,user100268@example.ru,Москва,21.02.2026
c101598,Тимур Гордеев,+7 (950) 708-35-11,user101598@example.ru,Екатеринбург,25.01.2026
c103386,Юлия Крылов,+7 (950) 998-36-05,user103386@example.ru,Санкт-Петербург,19.04.2026
c101682,Ольга Ковальчук,+7 (977) 010-99-87,user101682@example.ru,Санкт-Петербург,11.12.2024
c105080,Алиса Панин,+7 (967) 810-65-18,user105080@example.ru,Санкт-Петербург,14.04.2024
c102271,Ольга Лаптев,+7 (945) 848-99-85,user102271@example.ru,Екатеринбург,19.01.2024
c105545,Роман Крылов,+7 (941) 578-37-56,user105545@example.ru,Москва,18.05.2024
c101345,Егор Зуева,+7 (976) 051-39-51,user101345@example.ru,Екатеринбург,21.01.2025
c106067,Тимур Панин,+7 (944) 969-44-07,user106067@example.ru,Казань,24.04.2026
c104098,Мария Ковальчук,+7 (995) 596-20-97,user104098@example.ru,Красноярск,07.10.2025
c104747,Денис Шилова,+7 (924) 508-82-89,user104747@example.ru,Екатеринбург,12.05.2024
c102214,Елена Осипова,+7 (937) 711-80-54,user102214@example.ru,Казань,10.11.2024
c102774,Полина Лаптев,+7 (916) 439-73-15,user102774@example.ru,Казань,23.02.2026
c101857,Тимур Крылов,+7 (948) 455-08-31,user101857@example.ru,Красноярск,19.09.2025
c100553,Денис Лаптев,+7 (999) 402-08-33,user100553@example.ru,Новосибирск,03.11.2024
c104475,Тимур Шилова,+7 (960) 382-10-65,user104475@example.ru,Санкт-Петербург,23.01.2024
c104007,Елена Шилова,+7 (959) 641-90-58,user104007@example.ru,Москва,10.06.2026
c101616,Лидия Белых,+7 (931) 162-49-80,user101616@example.ru,Екатеринбург,17.09.2025
c105451,Роман Юдина,+7 (950) 241-82-69,user105451@example.ru,Казань,05.04.2024
c103743,Наталья Ермаков,+7 (926) 230-85-59,user103743@example.ru,Екатеринбург,02.06.2024
c101809,Игорь Юдина,+7 (958) 699-84-59,user101809@example.ru,Екатеринбург,08.01.2026
c104181,Роман Тихонова,+7 (991) 287-86-80,user104181@example.ru,Екатеринбург,04.08.2024
c105937,Ольга Осипова,+7 (952) 954-54-21,user105937@example.ru,Москва,17.07.2025
c106373,Наталья Сорокина,+7 (962) 360-30-39,user106373@example.ru,Москва,15.09.2024
c101846,Ольга Нестеров,+7 (970) 263-52-04,user101846@example.ru,Казань,20.07.2025
c102970,Игорь Савельев,+7 (963) 400-47-02,user102970@example.ru,Красноярск,04.12.2025
c102558,Тимур Ковальчук,+7 (966) 568-23-40,user102558@example.ru,Новосибирск,04.11.2025
c105024,Наталья Ковальчук,+7 (983) 262-93-99,user105024@example.ru,Казань,02.07.2024
c102952,Полина Сорокина,+7 (995) 693-59-57,user102952@example.ru,Санкт-Петербург,20.12.2025
c106616,Глеб Крылов,+7 (988) 462-06-88,user106616@example.ru,Казань,29.05.2025
c100301,Артур Осипова,+7 (970) 994-26-09,user100301@example.ru,Новосибирск,27.01.2024
c100990,Игорь Юдина,+7 (982) 143-95-15,user100990@example.ru,Санкт-Петербург,21.02.2026
c103108,Максим Мешков,+7 (959) 331-18-08,user103108@example.ru,Москва,10.03.2025
c106646,Егор Мешков,+7 (965) 652-36-89,user106646@example.ru,Казань,17.12.2025
c103798,Полина Зуева,+7 (917) 726-42-66,user103798@example.ru,Казань,09.11.2024
c105588,Глеб Сорокина,+7 (966) 376-92-43,user105588@example.ru,Казань,03.12.2024
c100676,Наталья Шилова,+7 (969) 015-86-05,user100676@example.ru,Казань,01.10.2025
c103665,Лидия Белых,+7 (967) 433-13-74,user103665@example.ru,Санкт-Петербург,13.09.2024
c106801,Тимур Ковальчук,+7 (939) 366-82-32,user106801@example.ru,Красноярск,16.06.2026
c106378,Анна Крылов,+7 (982) 336-93-96,user106378@example.ru,Санкт-Петербург,02.05.2026
c104815,Ольга Ермаков,+7 (977) 826-12-05,user104815@example.ru,Красноярск,13.10.2025
c106595,Анна Юдина,+7 (944) 180-37-78,user106595@example.ru,Красноярск,25.04.2025
c104526,Алиса Лаптев,+7 (910) 791-96-80,user104526@example.ru,Новосибирск,13.05.2025
c105891,Лидия Зуева,+7 (948) 889-50-73,user105891@example.ru,Красноярск,20.06.2024
c102067,Кирилл Крылов,+7 (936) 016-52-18,user102067@example.ru,Санкт-Петербург,13.04.2026
c103803,Алиса Ковальчук,+7 (934) 152-01-06,user103803@example.ru,Екатеринбург,23.03.2026
c106269,Максим Крылов,+7 (968) 832-97-95,user106269@example.ru,Санкт-Петербург,18.04.2025
c106851,Егор Шилова,+7 (927) 579-95-10,user106851@example.ru,Екатеринбург,16.05.2024
c103659,Игорь Лаптев,+7 (991) 320-59-26,user103659@example.ru,Екатеринбург,28.11.2024
c106138,Артур Гордеев,+7 (951) 355-14-44,user106138@example.ru,Екатеринбург,01.06.2025
c105685,Ольга Крылов,+7 (942) 651-89-91,user105685@example.ru,Казань,22.09.2025
c101177,Елена Панин,+7 (951) 101-20-68,user101177@example.ru,Санкт-Петербург,06.03.2026
c100953,Вера Шилова,+7 (981) 844-74-94,user100953@example.ru,Новосибирск,05.02.2024
c103255,Артур Савельев,+7 (935) 087-17-15,user103255@example.ru,Екатеринбург,13.02.2026
c104677,Алиса Осипова,+7 (980) 161-75-98,user104677@example.ru,Москва,13.10.2024
c105662,Максим Мешков,+7 (982) 785-54-21,user105662@example.ru,Москва,24.05.2025
c104664,Ольга Панин,+7 (971) 784-83-14,user104664@example.ru,Новосибирск,12.03.2026
c103695,Елена Ермаков,+7 (928) 255-55-69,user103695@example.ru,Красноярск,09.01.2026
c100654,Мария Сорокина,+7 (999) 390-01-06,user100654@example.ru,Санкт-Петербург,29.06.2025
c102975,Роман Зуева,+7 (967) 285-72-74,user102975@example.ru,Новосибирск,10.05.2024
c101310,Игорь Тихонова,+7 (960) 775-58-86,user101310@example.ru,Казань,14.07.2024
c100924,Игорь Шилова,+7 (994) 696-46-57,user100924@example.ru,Санкт-Петербург,26.11.2025
c106870,Мария Савельев,+7 (930) 609-79-41,user106870@example.ru,Новосибирск,22.02.2025
c104873,Денис Белых,+7 (948) 978-99-42,user104873@example.ru,Екатеринбург,06.06.2024
c105074,Полина Савельев,+7 (922) 197-36-36,user105074@example.ru,Казань,25.06.2024
c105056,Егор Тихонова,+7 (965) 778-01-66,user105056@example.ru,Новосибирск,08.01.2026
c101075,Елена Шилова,+7 (999) 456-18-99,user101075@example.ru,Новосибирск,04.06.2025
c100576,Анна Панин,+7 (977) 578-24-60,user100576@example.ru,Москва,05.02.2025
c102999,Егор Шилова,+7 (912) 466-25-05,user102999@example.ru,Санкт-Петербург,05.02.2025
c104999,Мария Крылов,+7 (979) 235-40-43,user104999@example.ru,Новосибирск,25.11.2025
c103655,Тимур Гордеев,+7 (922) 135-03-14,user103655@example.ru,Екатеринбург,22.04.2026
c101661,Юлия Шилова,+7 (963) 819-92-88,user101661@example.ru,Красноярск,10.05.2026
c104161,Денис Белых,+7 (985) 464-04-38,user104161@example.ru,Казань,15.01.2025
c103022,Игорь Панин,+7 (958) 958-70-55,user103022@example.ru,Санкт-Петербург,17.11.2025
c106223,Алиса Ковальчук,+7 (954) 633-14-81,user106223@example.ru,Екатеринбург,26.08.2024
c101032,Максим Крылов,+7 (912) 021-54-80,user101032@example.ru,Красноярск,13.03.2026
c102737,Елена Юдина,+7 (995) 279-86-80,user102737@example.ru,Красноярск,30.10.2025
c106894,Игорь Панин,+7 (938) 433-92-67,user106894@example.ru,Красноярск,01.04.2025
c100236,Игорь Нестеров,+7 (927) 399-90-13,user100236@example.ru,Красноярск,22.08.2024
c100147,Ольга Шилова,+7 (993) 510-20-15,user100147@example.ru,Санкт-Петербург,04.02.2025
c104785,Алиса Осипова,+7 (948) 751-18-69,user104785@example.ru,Новосибирск,29.12.2025
c102639,Елена Шилова,+7 (988) 698-42-96,user102639@example.ru,Новосибирск,11.02.2025
c104075,Алиса Осипова,+7 (975) 770-67-40,user104075@example.ru,Москва,29.11.2024
c105979,Ольга Нестеров,+7 (947) 839-36-96,user105979@example.ru,Красноярск,09.02.2024
c104991,Артур Лаптев,+7 (931) 307-68-77,user104991@example.ru,Санкт-Петербург,05.09.2025
c101147,Лидия Крылов,+7 (995) 673-23-82,user101147@example.ru,Красноярск,07.04.2025
c104709,Наталья Панин,+7 (961) 813-27-80,user104709@example.ru,Санкт-Петербург,14.01.2025
c103538,Елена Ковальчук,+7 (984) 647-14-78,user103538@example.ru,Санкт-Петербург,09.02.2024
c101750,Егор Крылов,+7 (951) 851-42-77,user101750@example.ru,Казань,22.04.2026
c106675,Лидия Нестеров,+7 (932) 394-09-21,user106675@example.ru,Санкт-Петербург,07.11.2024
c106636,Елена Зуева,+7 (919) 599-75-55,user106636@example.ru,Казань,28.08.2024
c104255,Максим Гордеев,+7 (986) 611-46-30,user104255@example.ru,Москва,02.06.2026
c104010,Юлия Шилова,+7 (933) 338-73-48,user104010@example.ru,Екатеринбург,02.06.2025
c102015,Кирилл Сорокина,+7 (964) 499-66-25,user102015@example.ru,Красноярск,18.02.2024
c100303,Алиса Осипова,+7 (990) 615-41-48,user100303@example.ru,Москва,18.06.2025
c106482,Елена Белых,+7 (988) 640-33-97,user106482@example.ru,Казань,16.02.2025
c102627,Анна Гордеев,+7 (985) 447-52-83,user102627@example.ru,Новосибирск,27.07.2025
c100365,Мария Сорокина,+7 (948) 910-18-87,user100365@example.ru,Санкт-Петербург,12.12.2025
c100733,Тимур Белых,+7 (944) 402-18-80,user100733@example.ru,Екатеринбург,25.08.2025
c103216,Роман Тихонова,+7 (993) 798-08-29,user103216@example.ru,Красноярск,20.03.2024
c106863,Роман Сорокина,+7 (978) 079-39-37,user106863@example.ru,Красноярск,28.03.2026
c101155,Юлия Тихонова,+7 (991) 850-99-47,user101155@example.ru,Красноярск,12.11.2024
c101562,Наталья Ковальчук,+7 (949) 164-07-42,user101562@example.ru,Москва,09.11.2024
c102482,Максим Нестеров,+7 (949) 800-53-24,user102482@example.ru,Екатеринбург,15.04.2024
c106542,Анна Крылов,+7 (950) 253-49-18,user106542@example.ru,Санкт-Петербург,03.07.2025
c103309,Тимур Панин,+7 (996) 899-33-57,user103309@example.ru,Санкт-Петербург,30.08.2024
c104398,Мария Ковальчук,+7 (951) 899-23-86,user104398@example.ru,Красноярск,02.03.2024
c102517,Денис Шилова,+7 (955) 938-46-89,user102517@example.ru,Казань,07.06.2025
c100989,Денис Сорокина,+7 (953) 346-97-01,user100989@example.ru,Казань,08.03.2025
c106306,Ольга Ермаков,+7 (999) 387-14-16,user106306@example.ru,Екатеринбург,25.10.2025
c102669,Игорь Мешков,+7 (986) 874-66-42,user102669@example.ru,Санкт-Петербург,30.05.2026
c103087,Игорь Юдина,+7 (933) 267-21-97,user103087@example.ru,Екатеринбург,20.06.2025
c105613,Анна Крылов,+7 (982) 094-84-76,user105613@example.ru,Екатеринбург,17.04.2026
c104864,Полина Зуева,+7 (965) 479-10-55,user104864@example.ru,Москва,09.10.2024
c103420,Ольга Мешков,+7 (979) 461-80-62,user103420@example.ru,Красноярск,17.03.2025
c103199,Алиса Юдина,+7 (937) 270-89-93,user103199@example.ru,Красноярск,29.12.2024
c104226,Кирилл Крылов,+7 (931) 900-84-36,user104226@example.ru,Санкт-Петербург,23.02.2025
c106215,Вера Лаптев,+7 (938) 565-78-36,user106215@example.ru,Красноярск,10.02.2024
c106549,Кирилл Крылов,+7 (941) 603-54-18,user106549@example.ru,Москва,24.07.2024
c101818,Денис Нестеров,+7 (928) 233-94-15,user101818@example.ru,Санкт-Петербург,19.05.2025
c100872,Наталья Лаптев,+7 (998) 141-50-50,user100872@example.ru,Москва,02.06.2024
c104995,Мария Савельев,+7 (939) 955-97-33,user104995@example.ru,Москва,08.06.2025
c104392,Наталья Панин,+7 (960) 842-11-61,user104392@example.ru,Казань,11.08.2024
c106097,Наталья Нестеров,+7 (943) 630-33-79,user106097@example.ru,Екатеринбург,11.01.2026
c106384,Юлия Гордеев,+7 (979) 831-97-59,user106384@example.ru,Новосибирск,31.03.2026
c105963,Максим Савельев,+7 (997) 984-27-79,user105963@example.ru,Санкт-Петербург,07.08.2025
c100728,Алиса Нестеров,+7 (999) 570-77-95,user100728@example.ru,Казань,04.05.2024
c101163,Наталья Гордеев,+7 (917) 451-34-07,user101163@example.ru,Санкт-Петербург,09.12.2025
c106544,Анна Ковальчук,+7 (948) 751-27-76,user106544@example.ru,Новосибирск,30.07.2024
c103194,Роман Ермаков,+7 (976) 160-29-82,user103194@example.ru,Екатеринбург,27.11.2025
c101431,Егор Юдина,+7 (929) 907-47-16,user101431@example.ru,Красноярск,14.02.2026
c105564,Павел Савельев,+7 (992) 195-60-35,user105564@example.ru,Новосибирск,01.04.2026
c104340,Роман Ермаков,+7 (949) 812-09-18,user104340@example.ru,Екатеринбург,20.01.2025
c104167,Юлия Белых,+7 (920) 079-78-04,user104167@example.ru,Красноярск,06.04.2024
c106665,Тимур Белых,+7 (952) 132-44-11,user106665@example.ru,Санкт-Петербург,15.11.2024
c106221,Алиса Крылов,+7 (978) 880-48-97,user106221@example.ru,Красноярск,19.06.2024
c104158,Денис Ковальчук,+7 (980) 394-39-60,user104158@example.ru,Санкт-Петербург,09.09.2024
c105962,Кирилл Савельев,+7 (910) 382-85-53,user105962@example.ru,Новосибирск,05.02.2025
c105683,Полина Зуева,+7 (923) 356-34-70,user105683@example.ru,Москва,04.05.2025
c101010,Роман Сорокина,+7 (911) 129-45-87,user101010@example.ru,Санкт-Петербург,15.08.2024
c101391,Роман Крылов,+7 (940) 945-32-32,user101391@example.ru,Санкт-Петербург,16.06.2024
c101280,Игорь Ковальчук,+7 (922) 523-90-57,user101280@example.ru,Санкт-Петербург,30.07.2024
c105456,Егор Белых,+7 (916) 466-93-45,user105456@example.ru,Санкт-Петербург,15.02.2025
c103677,Анна Савельев,+7 (947) 448-78-33,user103677@example.ru,Екатеринбург,17.04.2026
c104002,Наталья Лаптев,+7 (954) 815-51-12,user104002@example.ru,Москва,13.01.2026
c102581,Юлия Ермаков,+7 (931) 226-43-16,user102581@example.ru,Казань,15.11.2025
c100890,Денис Осипова,+7 (954) 756-23-23,user100890@example.ru,Красноярск,02.09.2024
c104803,Лидия Сорокина,+7 (963) 835-60-48,user104803@example.ru,Москва,14.02.2026
c102300,Кирилл Сорокина,+7 (969) 595-39-51,user102300@example.ru,Санкт-Петербург,09.06.2025
c106474,Лидия Зуева,+7 (931) 892-99-41,user106474@example.ru,Екатеринбург,06.04.2026
c106681,Елена Панин,+7 (985) 492-16-80,user106681@example.ru,Екатеринбург,26.05.2024
c104268,Максим Крылов,+7 (919) 885-34-15,user104268@example.ru,Красноярск,06.10.2025
c104312,Роман Крылов,+7 (938) 896-10-74,user104312@example.ru,Казань,19.05.2026
c104791,Вера Сорокина,+7 (964) 349-89-33,user104791@example.ru,Санкт-Петербург,04.08.2025
c105328,Полина Зуева,+7 (991) 848-73-25,user105328@example.ru,Казань,27.02.2025
c104123,Денис Савельев,+7 (942) 590-68-01,user104123@example.ru,Москва,05.09.2024
c105913,Павел Осипова,+7 (999) 715-34-20,user105913@example.ru,Красноярск,17.06.2024
c106637,Анна Осипова,+7 (917) 197-64-53,user106637@example.ru,Санкт-Петербург,06.02.2025
c106006,Вера Осипова,+7 (985) 559-56-71,user106006@example.ru,Красноярск,02.06.2026
c104703,Игорь Осипова,+7 (930) 899-38-79,user104703@example.ru,Казань,06.08.2025
c103702,Максим Юдина,+7 (995) 805-77-59,user103702@example.ru,Москва,23.06.2024
c101915,Алиса Гордеев,+7 (996) 490-60-95,user101915@example.ru,Красноярск,23.10.2025
c101772,Ольга Зуева,+7 (976) 067-75-30,user101772@example.ru,Красноярск,17.09.2025
c100785,Павел Ермаков,+7 (929) 777-87-20,user100785@example.ru,Казань,14.05.2025
c103396,Тимур Шилова,+7 (995) 928-53-62,user103396@example.ru,Казань,14.02.2024
c103439,Тимур Ермаков,+7 (995) 350-52-21,user103439@example.ru,Новосибирск,15.08.2024
c101736,Игорь Осипова,+7 (984) 655-91-77,user101736@example.ru,Казань,03.03.2026
c103467,Кирилл Зуева,+7 (928) 389-49-09,user103467@example.ru,Москва,08.06.2025
c104239,Кирилл Панин,+7 (963) 931-53-49,user104239@example.ru,Санкт-Петербург,14.03.2025
c102128,Ольга Мешков,+7 (957) 051-80-92,user102128@example.ru,Санкт-Петербург,01.02.2025
c102926,Игорь Тихонова,+7 (987) 815-90-59,user102926@example.ru,Москва,19.07.2025
c101340,Роман Белых,+7 (928) 531-49-57,user101340@example.ru,Казань,28.08.2024
c103371,Тимур Белых,+7 (942) 385-08-36,user103371@example.ru,Красноярск,07.03.2024
c100535,Мария Мешков,+7 (954) 588-04-86,user100535@example.ru,Новосибирск,11.10.2024
c100709,Юлия Гордеев,+7 (939) 289-83-61,user100709@example.ru,Красноярск,14.02.2025
c103991,Юлия Ковальчук,+7 (980) 408-05-77,user103991@example.ru,Новосибирск,10.05.2025
c105298,Кирилл Лаптев,+7 (992) 028-99-20,user105298@example.ru,Екатеринбург,28.06.2026
c105384,Денис Лаптев,+7 (964) 248-19-56,user105384@example.ru,Екатеринбург,18.01.2024
c101585,Артур Крылов,+7 (984) 610-35-23,user101585@example.ru,Екатеринбург,09.06.2025
c103847,Тимур Лаптев,+7 (993) 140-30-86,user103847@example.ru,Москва,24.02.2025
c102928,Полина Тихонова,+7 (998) 148-47-10,user102928@example.ru,Новосибирск,02.08.2025
c101966,Артур Ковальчук,+7 (987) 070-68-11,user101966@example.ru,Красноярск,12.12.2024
c102191,Алиса Крылов,+7 (926) 285-80-15,user102191@example.ru,Красноярск,15.09.2025
c103254,Вера Осипова,+7 (980) 818-96-54,user103254@example.ru,Екатеринбург,03.01.2026
c106414,Анна Ермаков,+7 (913) 594-20-22,user106414@example.ru,Екатеринбург,11.03.2024
c100687,Максим Савельев,+7 (923) 558-21-96,user100687@example.ru,Москва,31.03.2026
c100492,Алиса Шилова,+7 (966) 645-48-68,user100492@example.ru,Красноярск,26.03.2026
c104814,Елена Шилова,+7 (952) 732-11-17,user104814@example.ru,Екатеринбург,08.04.2024
c105015,Павел Гордеев,+7 (975) 745-56-62,user105015@example.ru,Екатеринбург,10.08.2024
c102653,Кирилл Ермаков,+7 (989) 750-90-84,user102653@example.ru,Новосибирск,01.05.2024
c105561,Алиса Юдина,+7 (914) 639-10-03,user105561@example.ru,Москва,21.02.2025
c100700,Игорь Мешков,+7 (969) 942-80-24,user100700@example.ru,Красноярск,28.02.2025
c106236,Глеб Мешков,+7 (934) 932-73-91,user106236@example.ru,Санкт-Петербург,04.01.2025
c103129,Алиса Нестеров,+7 (915) 078-90-00,user103129@example.ru,Новосибирск,04.07.2024
c105804,Юлия Осипова,+7 (952) 449-80-08,user105804@example.ru,Казань,22.04.2025
c104673,Денис Панин,+7 (927) 814-94-19,user104673@example.ru,Новосибирск,14.05.2026
c100708,Лидия Сорокина,+7 (967) 109-01-79,user100708@example.ru,Санкт-Петербург,02.10.2025
c104719,Лидия Зуева,+7 (950) 353-82-90,user104719@example.ru,Новосибирск,04.08.2025
c105700,Юлия Белых,+7 (978) 775-97-89,user105700@example.ru,Санкт-Петербург,26.05.2024
c102901,Наталья Мешков,+7 (996) 590-47-76,user102901@example.ru,Москва,16.04.2025
c104035,Егор Савельев,+7 (971) 302-00-98,user104035@example.ru,Красноярск,29.04.2024
c101205,Максим Шилова,+7 (987) 984-44-84,user101205@example.ru,Екатеринбург,29.04.2025
c104287,Максим Белых,+7 (971) 198-41-14,user104287@example.ru,Новосибирск,12.03.2026
c105316,Мария Осипова,+7 (921) 382-55-81,user105316@example.ru,Красноярск,26.11.2024
c106590,Лидия Панин,+7 (946) 124-47-63,user106590@example.ru,Москва,19.01.2025
c103261,Вера Шилова,+7 (952) 375-32-35,user103261@example.ru,Красноярск,28.01.2026
c104281,Наталья Осипова,+7 (960) 215-70-84,user104281@example.ru,Новосибирск,10.05.2025
c101722,Павел Крылов,+7 (952) 230-49-67,user101722@example.ru,Москва,17.03.2024
c106156,Игорь Лаптев,+7 (991) 574-47-66,user106156@example.ru,Екатеринбург,21.10.2024
c101497,Вера Шилова,+7 (944) 197-62-46,user101497@example.ru,Санкт-Петербург,07.03.2025
c105980,Наталья Нестеров,+7 (973) 814-80-87,user105980@example.ru,Новосибирск,13.05.2026
c102306,Мария Нестеров,+7 (992) 632-93-83,user102306@example.ru,Красноярск,04.01.2025
c100179,Юлия Ермаков,+7 (947) 819-66-34,user100179@example.ru,Санкт-Петербург,20.01.2024
c101465,Игорь Гордеев,+7 (964) 937-59-42,user101465@example.ru,Красноярск,29.06.2025
c100079,Егор Лаптев,+7 (916) 483-85-37,user100079@example.ru,Москва,25.02.2024
c105029,Анна Лаптев,+7 (935) 861-29-60,user105029@example.ru,Екатеринбург,15.01.2024
c104533,Елена Сорокина,+7 (997) 452-65-43,user104533@example.ru,Москва,12.09.2025
c101780,Павел Тихонова,+7 (922) 351-90-45,user101780@example.ru,Новосибирск,26.10.2025
c104313,Павел Ковальчук,+7 (916) 403-19-85,user104313@example.ru,Санкт-Петербург,05.11.2024
c105476,Анна Мешков,+7 (918) 555-59-02,user105476@example.ru,Екатеринбург,25.06.2026
c105803,Ольга Мешков,+7 (952) 787-69-42,user105803@example.ru,Санкт-Петербург,27.04.2024
c104368,Ольга Зуева,+7 (912) 206-76-99,user104368@example.ru,Екатеринбург,02.06.2026
c100720,Тимур Сорокина,+7 (944) 285-35-37,user100720@example.ru,Казань,27.04.2025
c104166,Тимур Гордеев,+7 (960) 549-81-14,user104166@example.ru,Москва,18.10.2024
c101083,Денис Гордеев,+7 (923) 688-84-02,user101083@example.ru,Екатеринбург,20.04.2026
c104989,Артур Нестеров,+7 (954) 575-99-03,user104989@example.ru,Екатеринбург,30.12.2025
c101923,Артур Шилова,+7 (952) 905-05-21,user101923@example.ru,Красноярск,06.01.2025
c104374,Елена Сорокина,+7 (924) 901-93-10,user104374@example.ru,Санкт-Петербург,27.07.2025
c101384,Роман Ермаков,+7 (946) 647-77-82,user101384@example.ru,Екатеринбург,09.06.2024
c105574,Тимур Крылов,+7 (946) 320-98-46,user105574@example.ru,Новосибирск,16.11.2024
c102224,Алиса Гордеев,+7 (928) 523-29-65,user102224@example.ru,Новосибирск,08.07.2025
c106322,Глеб Осипова,+7 (934) 104-50-57,user106322@example.ru,Санкт-Петербург,06.09.2024
c106505,Анна Крылов,+7 (915) 396-58-14,user106505@example.ru,Екатеринбург,13.03.2024
c100424,Денис Осипова,+7 (954) 676-59-24,user100424@example.ru,Санкт-Петербург,27.08.2025
c106441,Максим Савельев,+7 (941) 724-28-09,user106441@example.ru,Красноярск,22.09.2024
c103508,Вера Белых,+7 (942) 596-82-08,user103508@example.ru,Казань,03.05.2024
c105132,Артур Белых,+7 (912) 910-94-37,user105132@example.ru,Санкт-Петербург,27.12.2025
c104909,Глеб Лаптев,+7 (933) 966-58-66,user104909@example.ru,Красноярск,08.04.2026
c103876,Вера Белых,+7 (981) 942-04-77,user103876@example.ru,Санкт-Петербург,07.04.2024
c102578,Лидия Нестеров,+7 (968) 912-88-86,user102578@example.ru,Казань,10.05.2024
c106039,Егор Ермаков,+7 (972) 435-05-04,user106039@example.ru,Новосибирск,11.04.2026
c100367,Наталья Тихонова,+7 (982) 252-68-33,user100367@example.ru,Новосибирск,28.05.2025
c101322,Алиса Ермаков,+7 (952) 115-80-26,user101322@example.ru,Новосибирск,01.08.2024
c105910,Роман Белых,+7 (988) 358-23-97,user105910@example.ru,Красноярск,19.04.2024
c104360,Полина Нестеров,+7 (925) 548-79-48,user104360@example.ru,Екатеринбург,20.02.2025
c104930,Вера Зуева,+7 (982) 121-44-83,user104930@example.ru,Новосибирск,07.11.2025
c105591,Анна Лаптев,+7 (934) 063-96-90,user105591@example.ru,Екатеринбург,14.09.2024
c101525,Вера Лаптев,+7 (929) 867-77-97,user101525@example.ru,Санкт-Петербург,10.09.2024
c104404,Игорь Панин,+7 (912) 856-02-02,user104404@example.ru,Красноярск,07.06.2025
c102899,Павел Сорокина,+7 (976) 399-79-18,user102899@example.ru,Санкт-Петербург,01.11.2025
c100144,Ольга Белых,+7 (957) 549-78-90,user100144@example.ru,Новосибирск,15.11.2025
c102725,Юлия Лаптев,+7 (948) 471-26-70,user102725@example.ru,Новосибирск,12.02.2024
c100450,Елена Нестеров,+7 (944) 571-86-08,user100450@example.ru,Санкт-Петербург,23.02.2026
c104752,Наталья Крылов,+7 (976) 902-70-72,user104752@example.ru,Новосибирск,12.07.2025
c101343,Егор Ковальчук,+7 (947) 886-78-61,user101343@example.ru,Москва,20.09.2025
c100055,Игорь Белых,+7 (932) 700-12-37,user100055@example.ru,Москва,06.08.2024
c103399,Анна Ермаков,+7 (970) 386-58-06,user103399@example.ru,Москва,13.06.2025
c103034,Лидия Юдина,+7 (950) 380-16-14,user103034@example.ru,Москва,08.04.2026
c105664,Полина Ермаков,+7 (960) 217-20-12,user105664@example.ru,Санкт-Петербург,21.10.2025
c101356,Глеб Шилова,+7 (950) 112-16-08,user101356@example.ru,Екатеринбург,30.03.2025
c104352,Павел Тихонова,+7 (951) 555-69-94,user104352@example.ru,Санкт-Петербург,22.01.2025
c106315,Игорь Панин,+7 (994) 062-37-28,user106315@example.ru,Санкт-Петербург,18.05.2025
c101015,Юлия Лаптев,+7 (932) 721-30-70,user101015@example.ru,Санкт-Петербург,27.06.2024
c100035,Кирилл Савельев,+7 (995) 506-98-73,user100035@example.ru,Москва,17.04.2025
c103843,Лидия Тихонова,+7 (982) 709-67-19,user103843@example.ru,Красноярск,25.11.2025
c100562,Анна Панин,+7 (998) 843-01-93,user100562@example.ru,Санкт-Петербург,30.09.2025
c105955,Наталья Лаптев,+7 (981) 791-53-05,user105955@example.ru,Новосибирск,25.01.2026
c100546,Елена Тихонова,+7 (971) 829-84-46,user100546@example.ru,Екатеринбург,21.04.2026
c102063,Максим Лаптев,+7 (967) 686-14-82,user102063@example.ru,Санкт-Петербург,06.10.2024
c100845,Роман Мешков,+7 (974) 189-44-39,user100845@example.ru,Москва,25.06.2026
c103430,Вера Юдина,+7 (947) 331-06-45,user103430@example.ru,Москва,20.03.2025
c103594,Вера Мешков,+7 (989) 407-54-29,user103594@example.ru,Москва,06.10.2025
c103969,Вера Тихонова,+7 (951) 591-36-90,user103969@example.ru,Москва,24.08.2025
c102460,Полина Нестеров,+7 (953) 190-44-29,user102460@example.ru,Москва,25.09.2025
c100686,Лидия Нестеров,+7 (917) 291-33-67,user100686@example.ru,Москва,03.05.2025
c106518,Алиса Нестеров,+7 (933) 759-26-95,user106518@example.ru,Красноярск,12.05.2025
c103081,Егор Лаптев,+7 (991) 328-38-78,user103081@example.ru,Красноярск,25.02.2025
c100532,Юлия Нестеров,+7 (920) 306-09-59,user100532@example.ru,Екатеринбург,05.01.2025
c103901,Роман Ковальчук,+7 (982) 406-85-42,user103901@example.ru,Новосибирск,22.02.2026
c101916,Ольга Гордеев,+7 (990) 044-75-01,user101916@example.ru,Екатеринбург,27.04.2026
c105018,Глеб Гордеев,+7 (910) 809-52-40,user105018@example.ru,Екатеринбург,08.09.2025
c102117,Денис Крылов,+7 (912) 312-13-31,user102117@example.ru,Екатеринбург,24.12.2024
c102033,Юлия Панин,+7 (949) 416-87-99,user102033@example.ru,Новосибирск,09.02.2024
c106159,Максим Белых,+7 (911) 439-85-08,user106159@example.ru,Санкт-Петербург,24.04.2024
c103084,Лидия Савельев,+7 (983) 768-39-61,user103084@example.ru,Екатеринбург,26.10.2025
c101136,Тимур Савельев,+7 (923) 960-42-39,user101136@example.ru,Москва,04.06.2025
c104074,Елена Юдина,+7 (999) 468-06-51,user104074@example.ru,Казань,05.01.2025
c105042,Полина Гордеев,+7 (912) 333-28-95,user105042@example.ru,Санкт-Петербург,10.06.2025
c102935,Мария Осипова,+7 (986) 829-05-21,user102935@example.ru,Екатеринбург,12.12.2024
c104805,Егор Шилова,+7 (940) 795-39-81,user104805@example.ru,Казань,13.08.2024
c105336,Егор Шилова,+7 (918) 765-16-39,user105336@example.ru,Екатеринбург,07.09.2025
c106780,Вера Шилова,+7 (958) 184-64-06,user106780@example.ru,Екатеринбург,30.03.2024
c105265,Мария Тихонова,+7 (994) 045-77-26,user105265@example.ru,Казань,22.08.2024
c103746,Глеб Крылов,+7 (912) 159-83-85,user103746@example.ru,Екатеринбург,31.05.2025
c101514,Полина Осипова,+7 (999) 494-67-40,user101514@example.ru,Екатеринбург,06.05.2025
c100375,Мария Лаптев,+7 (940) 612-89-71,user100375@example.ru,Екатеринбург,13.07.2024
c101537,Юлия Тихонова,+7 (910) 374-16-38,user101537@example.ru,Новосибирск,31.08.2025
c101303,Павел Ковальчук,+7 (915) 963-28-23,user101303@example.ru,Екатеринбург,18.03.2025
c103616,Алиса Ермаков,+7 (960) 567-32-74,user103616@example.ru,Санкт-Петербург,09.01.2026
c105086,Мария Лаптев,+7 (943) 396-73-27,user105086@example.ru,Санкт-Петербург,23.10.2024
c102720,Ольга Панин,+7 (994) 719-48-17,user102720@example.ru,Москва,08.06.2026
c100846,Наталья Шилова,+7 (995) 568-39-38,user100846@example.ru,Москва,12.12.2025
c106833,Павел Гордеев,+7 (949) 592-26-15,user106833@example.ru,Санкт-Петербург,30.05.2026
c101858,Максим Панин,+7 (938) 101-51-87,user101858@example.ru,Екатеринбург,16.05.2026
c101804,Юлия Панин,+7 (967) 641-42-81,user101804@example.ru,Новосибирск,16.12.2024
c101524,Алиса Осипова,+7 (932) 791-41-90,user101524@example.ru,Красноярск,23.04.2024
c104941,Денис Савельев,+7 (983) 983-65-16,user104941@example.ru,Красноярск,03.01.2025
c105810,Павел Нестеров,+7 (922) 267-28-57,user105810@example.ru,Красноярск,22.09.2025
c103661,Тимур Гордеев,+7 (966) 591-73-64,user103661@example.ru,Екатеринбург,18.07.2025
c104901,Глеб Осипова,+7 (993) 853-95-99,user104901@example.ru,Красноярск,12.02.2024
c104032,Лидия Ковальчук,+7 (942) 468-37-54,user104032@example.ru,Москва,20.04.2024
c106210,Полина Осипова,+7 (952) 805-79-50,user106210@example.ru,Санкт-Петербург,04.10.2025
c102380,Роман Ковальчук,+7 (924) 079-59-36,user102380@example.ru,Санкт-Петербург,10.12.2024
c101567,Денис Савельев,+7 (943) 601-86-33,user101567@example.ru,Екатеринбург,08.10.2025
c101602,Анна Ковальчук,+7 (984) 812-70-65,user101602@example.ru,Санкт-Петербург,19.09.2025
c105559,Егор Крылов,+7 (954) 285-51-99,user105559@example.ru,Казань,13.02.2025
c104094,Юлия Зуева,+7 (957) 325-31-65,user104094@example.ru,Москва,17.06.2024
c100398,Тимур Шилова,+7 (999) 771-27-18,user100398@example.ru,Красноярск,16.02.2026
c102308,Максим Юдина,+7 (962) 464-91-93,user102308@example.ru,Екатеринбург,02.11.2025
c105468,Артур Лаптев,+7 (957) 153-18-36,user105468@example.ru,Санкт-Петербург,30.06.2026
c105961,Роман Белых,+7 (976) 210-72-59,user105961@example.ru,Новосибирск,23.12.2025
c102170,Егор Зуева,+7 (949) 600-29-48,user102170@example.ru,Екатеринбург,23.04.2025
c106827,Алиса Нестеров,+7 (949) 986-53-76,user106827@example.ru,Москва,15.12.2024
c102896,Павел Панин,+7 (990) 464-89-09,user102896@example.ru,Москва,17.04.2024
c106299,Мария Гордеев,+7 (942) 772-24-96,user106299@example.ru,Казань,01.04.2025
c105936,Вера Зуева,+7 (989) 597-12-90,user105936@example.ru,Москва,11.05.2024
c106470,Егор Лаптев,+7 (957) 705-02-73,user106470@example.ru,Москва,15.06.2024
c105833,Роман Шилова,+7 (973) 542-63-82,user105833@example.ru,Красноярск,24.03.2026
c105406,Артур Сорокина,+7 (930) 105-70-97,user105406@example.ru,Екатеринбург,23.10.2025
c104758,Роман Лаптев,+7 (943) 534-05-69,user104758@example.ru,Казань,20.10.2024
c101530,Вера Панин,+7 (999) 009-16-35,user101530@example.ru,Санкт-Петербург,06.03.2025
c105090,Вера Лаптев,+7 (934) 509-63-46,user105090@example.ru,Санкт-Петербург,30.09.2025
c104522,Наталья Тихонова,+7 (917) 805-47-43,user104522@example.ru,Красноярск,10.12.2024
c100511,Максим Шилова,+7 (996) 684-54-09,user100511@example.ru,Санкт-Петербург,09.03.2026
c104471,Глеб Ковальчук,+7 (998) 156-58-21,user104471@example.ru,Новосибирск,05.05.2024
c100176,Артур Крылов,+7 (929) 907-40-50,user100176@example.ru,Казань,24.01.2024
c101300,Юлия Сорокина,+7 (986) 438-43-43,user101300@example.ru,Новосибирск,20.06.2025
c105396,Ольга Савельев,+7 (974) 498-64-51,user105396@example.ru,Новосибирск,11.03.2026
c100917,Игорь Панин,+7 (978) 616-52-56,user100917@example.ru,Новосибирск,28.05.2025
c102324,Максим Панин,+7 (918) 247-79-43,user102324@example.ru,Екатеринбург,31.03.2025
c104627,Вера Гордеев,+7 (925) 474-90-85,user104627@example.ru,Екатеринбург,03.02.2026
c104705,Егор Осипова,+7 (926) 886-39-98,user104705@example.ru,Москва,13.11.2024
c102897,Ольга Юдина,+7 (910) 202-11-87,user102897@example.ru,Казань,22.09.2025
c102290,Лидия Нестеров,+7 (941) 782-60-05,user102290@example.ru,Санкт-Петербург,18.09.2025
c105501,Анна Белых,+7 (981) 346-79-44,user105501@example.ru,Москва,27.11.2024
c101076,Кирилл Ковальчук,+7 (998) 248-69-14,user101076@example.ru,Екатеринбург,14.11.2024
c103376,Максим Савельев,+7 (945) 940-21-08,user103376@example.ru,Екатеринбург,18.09.2024
c106623,Кирилл Нестеров,+7 (998) 227-81-97,user106623@example.ru,Красноярск,13.11.2025
c102632,Мария Сорокина,+7 (998) 558-71-57,user102632@example.ru,Новосибирск,05.03.2025
c100078,Мария Нестеров,+7 (969) 155-98-68,user100078@example.ru,Новосибирск,23.04.2026
c102969,Ольга Шилова,+7 (934) 793-50-61,user102969@example.ru,Москва,19.06.2024
c106611,Глеб Шилова,+7 (920) 942-05-04,user106611@example.ru,Москва,05.09.2025
c101551,Артур Лаптев,+7 (981) 364-04-38,user101551@example.ru,Москва,22.01.2025
c106750,Максим Зуева,+7 (982) 881-62-66,user106750@example.ru,Красноярск,05.09.2025
c101513,Юлия Белых,+7 (945) 331-05-49,user101513@example.ru,Санкт-Петербург,16.10.2025
c100357,Кирилл Панин,+7 (919) 789-13-09,user100357@example.ru,Санкт-Петербург,13.07.2024
c101635,Юлия Нестеров,+7 (945) 629-54-87,user101635@example.ru,Казань,07.02.2024
c102220,Лидия Лаптев,+7 (918) 094-92-57,user102220@example.ru,Красноярск,03.01.2026
c103999,Ольга Савельев,+7 (969) 552-84-92,user103999@example.ru,Екатеринбург,10.02.2025
c103444,Наталья Зуева,+7 (935) 578-33-95,user103444@example.ru,Москва,26.04.2026
c105930,Полина Ермаков,+7 (953) 063-10-38,user105930@example.ru,Казань,25.11.2024
c101270,Денис Савельев,+7 (986) 666-83-83,user101270@example.ru,Москва,30.10.2024
c102325,Лидия Сорокина,+7 (942) 085-93-88,user102325@example.ru,Новосибирск,29.01.2025
c104154,Алиса Гордеев,+7 (953) 218-37-25,user104154@example.ru,Новосибирск,23.01.2026
c106169,Мария Мешков,+7 (933) 574-87-66,user106169@example.ru,Москва,22.01.2025
c104353,Артур Мешков,+7 (977) 009-30-20,user104353@example.ru,Красноярск,30.03.2024
c104134,Ольга Тихонова,+7 (959) 212-98-22,user104134@example.ru,Москва,11.08.2024
c101806,Вера Гордеев,+7 (912) 647-35-53,user101806@example.ru,Москва,27.08.2025
c105353,Тимур Осипова,+7 (993) 325-43-74,user105353@example.ru,Красноярск,29.02.2024
c103278,Мария Шилова,+7 (910) 756-87-80,user103278@example.ru,Казань,22.09.2024
c101994,Тимур Панин,+7 (940) 404-74-63,user101994@example.ru,Санкт-Петербург,24.05.2026
c101298,Павел Ковальчук,+7 (942) 614-10-46,user101298@example.ru,Казань,15.01.2024
c104894,Роман Сорокина,+7 (916) 301-38-75,user104894@example.ru,Красноярск,10.11.2025
c101905,Максим Ермаков,+7 (998) 138-88-69,user101905@example.ru,Красноярск,28.11.2024
c106085,Ольга Гордеев,+7 (961) 281-20-68,user106085@example.ru,Красноярск,18.09.2024
c102054,Алиса Мешков,+7 (997) 843-66-81,user102054@example.ru,Казань,14.04.2024
c106222,Юлия Мешков,+7 (926) 643-99-70,user106222@example.ru,Екатеринбург,31.07.2025
c106500,Игорь Нестеров,+7 (910) 882-83-93,user106500@example.ru,Санкт-Петербург,18.02.2024
c101500,Павел Тихонова,+7 (940) 526-72-57,user101500@example.ru,Екатеринбург,19.11.2025
c103327,Роман Белых,+7 (916) 454-61-62,user103327@example.ru,Новосибирск,04.05.2024
c104763,Тимур Ермаков,+7 (931) 451-22-03,user104763@example.ru,Красноярск,15.03.2026
c100880,Роман Нестеров,+7 (915) 231-76-39,user100880@example.ru,Москва,12.02.2026
c105730,Лидия Савельев,+7 (915) 785-59-85,user105730@example.ru,Казань,31.01.2026
c105993,Мария Крылов,+7 (991) 611-72-56,user105993@example.ru,Казань,28.05.2024
c104350,Денис Зуева,+7 (982) 733-53-52,user104350@example.ru,Красноярск,14.01.2025
c102083,Наталья Ермаков,+7 (954) 866-35-61,user102083@example.ru,Екатеринбург,17.04.2025
c105756,Елена Шилова,+7 (939) 643-59-33,user105756@example.ru,Москва,17.08.2024
c100122,Павел Белых,+7 (915) 429-69-41,user100122@example.ru,Санкт-Петербург,27.12.2025
c101152,Артур Лаптев,+7 (961) 384-35-44,user101152@example.ru,Москва,16.11.2025
c100879,Елена Мешков,+7 (991) 731-98-46,user100879@example.ru,Казань,29.07.2025
c103706,Юлия Нестеров,+7 (980) 182-90-36,user103706@example.ru,Санкт-Петербург,03.02.2026
c105337,Ольга Нестеров,+7 (982) 832-97-38,user105337@example.ru,Екатеринбург,06.07.2024
c103003,Алиса Сорокина,+7 (979) 745-85-32,user103003@example.ru,Казань,06.02.2025
c101255,Мария Шилова,+7 (952) 746-05-79,user101255@example.ru,Екатеринбург,28.02.2026
c106014,Алиса Лаптев,+7 (932) 044-50-85,user106014@example.ru,Екатеринбург,25.06.2025
c106845,Полина Крылов,+7 (947) 766-82-00,user106845@example.ru,Казань,19.02.2024
c106242,Кирилл Тихонова,+7 (918) 410-49-73,user106242@example.ru,Новосибирск,31.05.2024
c104638,Ольга Ермаков,+7 (915) 769-07-44,user104638@example.ru,Казань,22.09.2025
c100316,Елена Сорокина,+7 (980) 537-75-18,user100316@example.ru,Новосибирск,31.07.2024
c102384,Кирилл Мешков,+7 (990) 794-81-11,user102384@example.ru,Казань,28.04.2025
c106628,Егор Сорокина,+7 (989) 603-99-77,user106628@example.ru,Санкт-Петербург,02.08.2025
c100500,Полина Савельев,+7 (970) 380-68-83,user100500@example.ru,Москва,10.11.2025
c103499,Роман Мешков,+7 (940) 532-00-64,user103499@example.ru,Красноярск,19.01.2025
c101779,Игорь Лаптев,+7 (971) 747-57-10,user101779@example.ru,Санкт-Петербург,27.11.2025
c105013,Ольга Зуева,+7 (966) 480-99-33,user105013@example.ru,Екатеринбург,21.11.2024
c106508,Анна Лаптев,+7 (952) 780-54-90,user106508@example.ru,Москва,23.05.2024
c102745,Максим Сорокина,+7 (999) 645-13-89,user102745@example.ru,Красноярск,07.05.2025
c105089,Полина Тихонова,+7 (916) 729-27-09,user105089@example.ru,Новосибирск,06.10.2024
c103326,Егор Тихонова,+7 (919) 177-57-38,user103326@example.ru,Екатеринбург,16.12.2024
c102207,Вера Белых,+7 (929) 153-81-40,user102207@example.ru,Красноярск,17.05.2024
c106688,Полина Нестеров,+7 (974) 422-88-41,user106688@example.ru,Санкт-Петербург,15.07.2024
c101080,Полина Осипова,+7 (953) 904-76-07,user101080@example.ru,Красноярск,18.06.2026
c106327,Кирилл Панин,+7 (954) 131-93-34,user106327@example.ru,Екатеринбург,12.05.2025
c104520,Лидия Белых,+7 (995) 466-41-39,user104520@example.ru,Санкт-Петербург,28.04.2026
c101224,Егор Белых,+7 (991) 499-23-39,user101224@example.ru,Казань,28.08.2024
c102188,Максим Юдина,+7 (921) 799-53-49,user102188@example.ru,Екатеринбург,14.11.2024
c106439,Артур Нестеров,+7 (955) 070-25-37,user106439@example.ru,Екатеринбург,07.10.2025
c101005,Мария Мешков,+7 (976) 714-98-66,user101005@example.ru,Новосибирск,20.09.2025
c100428,Анна Мешков,+7 (996) 022-71-57,user100428@example.ru,Санкт-Петербург,21.12.2025
c101179,Денис Крылов,+7 (964) 522-38-48,user101179@example.ru,Новосибирск,13.02.2026
c100853,Роман Осипова,+7 (937) 179-47-54,user100853@example.ru,Казань,28.10.2024
c103546,Максим Гордеев,+7 (922) 348-25-85,user103546@example.ru,Екатеринбург,02.04.2026
c103932,Максим Зуева,+7 (930) 656-26-10,user103932@example.ru,Красноярск,28.09.2025
c104329,Алиса Ермаков,+7 (997) 738-61-03,user104329@example.ru,Красноярск,03.07.2024
c104175,Кирилл Лаптев,+7 (918) 326-29-02,user104175@example.ru,Екатеринбург,11.03.2024
c100020,Лидия Сорокина,+7 (928) 209-90-10,user100020@example.ru,Новосибирск,21.02.2025
c100053,Павел Нестеров,+7 (977) 558-92-14,user100053@example.ru,Новосибирск,30.01.2024
c102292,Денис Белых,+7 (937) 810-75-68,user102292@example.ru,Екатеринбург,12.05.2025
c100735,Артур Шилова,+7 (949) 046-49-59,user100735@example.ru,Москва,18.12.2025
c100981,Павел Панин,+7 (923) 414-65-85,user100981@example.ru,Санкт-Петербург,25.01.2026
c104688,Глеб Осипова,+7 (959) 556-35-25,user104688@example.ru,Красноярск,17.04.2024
c103070,Вера Сорокина,+7 (921) 637-42-67,user103070@example.ru,Казань,02.02.2025
c104230,Алиса Лаптев,+7 (956) 219-13-01,user104230@example.ru,Екатеринбург,16.02.2025
c103885,Полина Ермаков,+7 (990) 831-40-26,user103885@example.ru,Москва,10.06.2025
c103329,Артур Лаптев,+7 (987) 615-10-79,user103329@example.ru,Санкт-Петербург,10.09.2025
c102529,Елена Белых,+7 (956) 496-99-07,user102529@example.ru,Красноярск,14.07.2025
c104060,Юлия Крылов,+7 (977) 894-16-05,user104060@example.ru,Екатеринбург,26.06.2024
c103431,Мария Ермаков,+7 (973) 195-05-64,user103431@example.ru,Санкт-Петербург,08.06.2026
c103585,Мария Гордеев,+7 (984) 919-35-55,user103585@example.ru,Екатеринбург,08.05.2025
c104685,Павел Лаптев,+7 (939) 051-50-16,user104685@example.ru,Красноярск,03.08.2024
c105774,Кирилл Белых,+7 (988) 315-08-70,user105774@example.ru,Новосибирск,31.03.2024
c102370,Наталья Осипова,+7 (958) 127-88-09,user102370@example.ru,Красноярск,15.01.2024
c106160,Кирилл Савельев,+7 (916) 960-59-84,user106160@example.ru,Москва,06.09.2025
c105446,Максим Тихонова,+7 (943) 573-88-96,user105446@example.ru,Казань,30.06.2025
c105776,Мария Ковальчук,+7 (942) 420-04-31,user105776@example.ru,Санкт-Петербург,13.02.2026
c105386,Роман Ермаков,+7 (936) 894-73-15,user105386@example.ru,Казань,17.10.2025
c105538,Денис Савельев,+7 (959) 425-17-77,user105538@example.ru,Екатеринбург,22.04.2025
c100825,Игорь Ковальчук,+7 (917) 157-44-57,user100825@example.ru,Красноярск,23.06.2025
c104771,Тимур Зуева,+7 (950) 503-92-29,user104771@example.ru,Казань,26.03.2026
c106577,Глеб Ермаков,+7 (959) 521-19-77,user106577@example.ru,Казань,30.12.2025
c103181,Игорь Шилова,+7 (911) 615-87-89,user103181@example.ru,Новосибирск,27.03.2026
c104978,Алиса Ковальчук,+7 (958) 205-28-72,user104978@example.ru,Москва,25.01.2024
c103448,Глеб Тихонова,+7 (956) 309-46-98,user103448@example.ru,Санкт-Петербург,12.05.2025
c105672,Полина Мешков,+7 (914) 306-35-05,user105672@example.ru,Екатеринбург,13.11.2024
c105975,Игорь Мешков,+7 (923) 032-64-14,user105975@example.ru,Екатеринбург,24.08.2025
c103952,Наталья Белых,+7 (932) 546-69-57,user103952@example.ru,Казань,30.09.2025
c101633,Наталья Осипова,+7 (964) 627-88-52,user101633@example.ru,Екатеринбург,15.05.2025
c102348,Ольга Крылов,+7 (981) 776-03-35,user102348@example.ru,Екатеринбург,16.01.2025
c103625,Павел Зуева,+7 (994) 580-88-22,user103625@example.ru,Екатеринбург,27.02.2024
c101124,Денис Гордеев,+7 (965) 615-76-26,user101124@example.ru,Казань,14.06.2026
c100212,Глеб Гордеев,+7 (950) 861-64-00,user100212@example.ru,Красноярск,15.04.2024
c100558,Наталья Юдина,+7 (996) 571-82-37,user100558@example.ru,Новосибирск,03.05.2024
c106104,Тимур Лаптев,+7 (918) 665-84-10,user106104@example.ru,Казань,05.02.2024
c105506,Тимур Сорокина,+7 (916) 013-40-34,user105506@example.ru,Екатеринбург,30.09.2024
c105441,Полина Зуева,+7 (913) 785-47-90,user105441@example.ru,Москва,17.08.2025
c101726,Максим Нестеров,+7 (984) 420-18-16,user101726@example.ru,Санкт-Петербург,31.01.2026
c100388,Глеб Ковальчук,+7 (970) 532-05-57,user100388@example.ru,Екатеринбург,27.02.2024
c105327,Павел Лаптев,+7 (919) 738-30-20,user105327@example.ru,Красноярск,11.04.2024
c100506,Глеб Панин,+7 (930) 058-31-77,user100506@example.ru,Казань,28.12.2025
c101379,Лидия Гордеев,+7 (923) 773-03-63,user101379@example.ru,Санкт-Петербург,26.04.2024
c102866,Юлия Панин,+7 (969) 287-03-51,user102866@example.ru,Санкт-Петербург,19.01.2024
c100986,Анна Савельев,+7 (917) 611-26-41,user100986@example.ru,Казань,29.03.2025
c100250,Алиса Гордеев,+7 (947) 780-06-12,user100250@example.ru,Екатеринбург,18.07.2024
c100261,Тимур Крылов,+7 (922) 021-23-31,user100261@example.ru,Новосибирск,07.10.2025
c101242,Денис Осипова,+7 (999) 368-43-19,user101242@example.ru,Санкт-Петербург,11.11.2025
c103233,Тимур Ермаков,+7 (954) 937-08-81,user103233@example.ru,Екатеринбург,19.04.2026
c103457,Максим Белых,+7 (991) 585-51-15,user103457@example.ru,Екатеринбург,12.03.2024
c104283,Павел Панин,+7 (914) 557-43-00,user104283@example.ru,Казань,21.11.2025
c102507,Игорь Белых,+7 (944) 505-83-24,user102507@example.ru,Санкт-Петербург,30.05.2024
c105865,Артур Крылов,+7 (933) 250-72-96,user105865@example.ru,Екатеринбург,24.08.2024
c100648,Алиса Савельев,+7 (973) 578-46-66,user100648@example.ru,Казань,14.12.2024
c104292,Вера Гордеев,+7 (974) 726-61-70,user104292@example.ru,Москва,07.09.2024
c105197,Тимур Ковальчук,+7 (960) 029-28-38,user105197@example.ru,Красноярск,05.07.2024
c101479,Тимур Шилова,+7 (996) 722-78-74,user101479@example.ru,Санкт-Петербург,17.03.2024
c104184,Павел Осипова,+7 (913) 192-01-78,user104184@example.ru,Красноярск,05.05.2026
c105733,Елена Ковальчук,+7 (971) 739-71-70,user105733@example.ru,Новосибирск,02.04.2026
c105108,Егор Мешков,+7 (946) 477-11-25,user105108@example.ru,Новосибирск,30.01.2026
c105828,Егор Шилова,+7 (924) 927-37-70,user105828@example.ru,Казань,22.04.2024
c101975,Егор Юдина,+7 (960) 069-88-63,user101975@example.ru,Красноярск,07.06.2026
c103098,Наталья Гордеев,+7 (990) 348-34-58,user103098@example.ru,Красноярск,12.02.2024
c101009,Ольга Тихонова,+7 (985) 928-23-93,user101009@example.ru,Новосибирск,17.07.2025
c100725,Елена Савельев,+7 (925) 897-54-19,user100725@example.ru,Новосибирск,05.12.2025
c101207,Павел Зуева,+7 (925) 280-63-77,user101207@example.ru,Екатеринбург,08.11.2025
c101269,Ольга Гордеев,+7 (976) 734-36-82,user101269@example.ru,Красноярск,24.11.2025
c103997,Анна Савельев,+7 (972) 505-78-01,user103997@example.ru,Москва,28.01.2025
c103505,Елена Панин,+7 (927) 304-75-97,user103505@example.ru,Казань,09.03.2026
c104784,Вера Тихонова,+7 (943) 960-78-00,user104784@example.ru,Екатеринбург,28.12.2024
c100764,Игорь Ковальчук,+7 (913) 253-94-51,user100764@example.ru,Москва,19.02.2024
c105455,Елена Мешков,+7 (969) 013-61-62,user105455@example.ru,Екатеринбург,03.03.2024
c103452,Артур Ермаков,+7 (970) 071-19-43,user103452@example.ru,Новосибирск,25.01.2024
c105861,Мария Тихонова,+7 (944) 769-40-45,user105861@example.ru,Казань,31.07.2024
c106185,Алиса Юдина,+7 (950) 976-22-50,user106185@example.ru,Казань,14.03.2024
c100007,Денис Зуева,+7 (998) 720-49-87,user100007@example.ru,Красноярск,24.04.2026
c104982,Максим Зуева,+7 (994) 649-47-91,user104982@example.ru,Екатеринбург,07.01.2025
c104389,Вера Лаптев,+7 (928) 858-74-80,user104389@example.ru,Красноярск,23.09.2024
c102766,Ольга Мешков,+7 (936) 300-52-49,user102766@example.ru,Екатеринбург,18.01.2025
c100145,Роман Савельев,+7 (939) 903-89-03,user100145@example.ru,Казань,04.12.2024
c102193,Елена Зуева,+7 (913) 829-57-12,user102193@example.ru,Санкт-Петербург,08.01.2025
c104168,Кирилл Осипова,+7 (952) 816-59-34,user104168@example.ru,Екатеринбург,14.03.2025
c105426,Павел Осипова,+7 (920) 042-43-25,user105426@example.ru,Москва,18.08.2024
c102293,Полина Шилова,+7 (924) 822-00-31,user102293@example.ru,Санкт-Петербург,14.10.2024
c102983,Юлия Лаптев,+7 (974) 500-27-40,user102983@example.ru,Москва,16.03.2025
c103530,Наталья Савельев,+7 (918) 880-94-22,user103530@example.ru,Новосибирск,24.12.2025
c105411,Полина Нестеров,+7 (943) 226-37-21,user105411@example.ru,Казань,30.08.2025
c101459,Максим Юдина,+7 (977) 917-68-41,user101459@example.ru,Екатеринбург,25.04.2024
c100119,Максим Юдина,+7 (986) 760-43-07,user100119@example.ru,Санкт-Петербург,27.04.2026
c103759,Максим Сорокина,+7 (960) 838-25-69,user103759@example.ru,Красноярск,25.05.2026
c106124,Наталья Ковальчук,+7 (932) 545-89-31,user106124@example.ru,Екатеринбург,28.09.2024
c100831,Глеб Зуева,+7 (992) 375-64-43,user100831@example.ru,Новосибирск,02.02.2024
c104787,Павел Шилова,+7 (922) 922-05-03,user104787@example.ru,Новосибирск,08.01.2025
c102256,Юлия Нестеров,+7 (943) 088-98-17,user102256@example.ru,Санкт-Петербург,05.01.2025
c102492,Игорь Гордеев,+7 (985) 329-31-79,user102492@example.ru,Санкт-Петербург,17.06.2025
c100734,Юлия Крылов,+7 (953) 850-65-79,user100734@example.ru,Санкт-Петербург,13.01.2026
c104022,Артур Мешков,+7 (932) 661-83-26,user104022@example.ru,Москва,05.01.2026
c101597,Мария Белых,+7 (920) 826-81-18,user101597@example.ru,Новосибирск,06.04.2024
c103346,Егор Лаптев,+7 (955) 733-06-45,user103346@example.ru,Красноярск,22.08.2025
c106084,Елена Шилова,+7 (944) 306-21-20,user106084@example.ru,Новосибирск,21.09.2025
c103271,Мария Зуева,+7 (948) 533-72-54,user103271@example.ru,Москва,18.06.2025
c104720,Алиса Савельев,+7 (986) 531-72-89,user104720@example.ru,Новосибирск,18.05.2024
c106147,Алиса Панин,+7 (948) 398-04-49,user106147@example.ru,Красноярск,15.02.2024
c106586,Тимур Крылов,+7 (912) 877-49-74,user106586@example.ru,Красноярск,15.03.2024
c101796,Денис Белых,+7 (925) 080-65-80,user101796@example.ru,Москва,19.08.2024
c102391,Юлия Панин,+7 (921) 925-75-30,user102391@example.ru,Казань,01.12.2024
c103443,Полина Осипова,+7 (987) 473-60-88,user103443@example.ru,Москва,08.12.2025
c100878,Игорь Лаптев,+7 (963) 138-25-19,user100878@example.ru,Екатеринбург,17.12.2025
c100746,Юлия Осипова,+7 (925) 119-64-04,user100746@example.ru,Красноярск,19.01.2026
c100593,Лидия Юдина,+7 (927) 466-58-71,user100593@example.ru,Москва,20.02.2025
c106889,Ольга Ермаков,+7 (994) 636-98-66,user106889@example.ru,Казань,31.07.2025
c105374,Алиса Юдина,+7 (926) 775-94-96,user105374@example.ru,Москва,24.05.2024
c103245,Ольга Зуева,+7 (925) 547-51-27,user103245@example.ru,Красноярск,11.03.2024
c102789,Тимур Сорокина,+7 (963) 781-93-88,user102789@example.ru,Санкт-Петербург,30.06.2026
c103686,Ольга Белых,+7 (971) 035-05-01,user103686@example.ru,Новосибирск,04.08.2025
c106200,Игорь Гордеев,+7 (990) 068-15-19,user106200@example.ru,Казань,04.04.2026
c106651,Артур Нестеров,+7 (975) 487-19-95,user106651@example.ru,Санкт-Петербург,28.03.2026
c100164,Егор Нестеров,+7 (976) 806-79-75,user100164@example.ru,Екатеринбург,07.05.2024
c102052,Елена Зуева,+7 (977) 678-73-36,user102052@example.ru,Казань,30.09.2024
c102787,Денис Белых,+7 (979) 970-58-75,user102787@example.ru,Москва,09.05.2025
c105243,Глеб Шилова,+7 (968) 671-32-55,user105243@example.ru,Красноярск,10.12.2024
c100419,Лидия Мешков,+7 (987) 409-87-01,user100419@example.ru,Москва,03.11.2025
c100172,Наталья Белых,+7 (971) 533-09-49,user100172@example.ru,Красноярск,26.11.2024
c102846,Игорь Савельев,+7 (973) 831-94-68,user102846@example.ru,Новосибирск,09.04.2026
c104194,Игорь Лаптев,+7 (994) 775-49-76,user104194@example.ru,Новосибирск,21.06.2025
c102181,Ольга Савельев,+7 (914) 949-87-24,user102181@example.ru,Санкт-Петербург,24.01.2025
c106102,Лидия Мешков,+7 (933) 884-02-13,user106102@example.ru,Екатеринбург,31.03.2026
c106435,Елена Мешков,+7 (925) 213-72-31,user106435@example.ru,Санкт-Петербург,28.03.2024
c102017,Егор Осипова,+7 (970) 151-12-82,user102017@example.ru,Санкт-Петербург,26.08.2024
c103289,Лидия Осипова,+7 (947) 470-66-76,user103289@example.ru,Москва,23.03.2025
c100844,Тимур Гордеев,+7 (975) 819-56-68,user100844@example.ru,Казань,08.05.2025
c100465,Вера Сорокина,+7 (972) 978-14-08,user100465@example.ru,Москва,10.10.2025
c104986,Алиса Сорокина,+7 (970) 621-17-31,user104986@example.ru,Новосибирск,11.04.2025
c102125,Анна Крылов,+7 (942) 984-30-05,user102125@example.ru,Новосибирск,26.02.2026
c106612,Лидия Шилова,+7 (962) 322-08-59,user106612@example.ru,Екатеринбург,15.01.2024
c106566,Лидия Крылов,+7 (969) 382-76-89,user106566@example.ru,Казань,06.08.2025
c105254,Максим Мешков,+7 (964) 774-08-93,user105254@example.ru,Новосибирск,05.01.2025
c100290,Наталья Юдина,+7 (946) 587-28-13,user100290@example.ru,Санкт-Петербург,19.01.2025
c103595,Максим Гордеев,+7 (999) 740-82-77,user103595@example.ru,Санкт-Петербург,13.07.2024
c104474,Максим Сорокина,+7 (915) 372-65-94,user104474@example.ru,Москва,28.02.2025
c105092,Юлия Юдина,+7 (937) 636-70-05,user105092@example.ru,Красноярск,24.02.2026
c100106,Анна Белых,+7 (957) 697-60-69,user100106@example.ru,Москва,15.01.2026
c106783,Наталья Нестеров,+7 (969) 100-88-01,user106783@example.ru,Екатеринбург,10.10.2025
c102337,Вера Ковальчук,+7 (977) 540-21-88,user102337@example.ru,Санкт-Петербург,03.12.2024
c103052,Артур Сорокина,+7 (972) 852-28-69,user103052@example.ru,Красноярск,29.11.2025
c100983,Ольга Ермаков,+7 (916) 172-03-56,user100983@example.ru,Новосибирск,31.03.2025
c106480,Наталья Осипова,+7 (968) 803-35-64,user106480@example.ru,Москва,10.10.2025
c103264,Вера Белых,+7 (919) 487-33-16,user103264@example.ru,Красноярск,09.07.2025
c101454,Роман Юдина,+7 (995) 774-52-88,user101454@example.ru,Красноярск,30.11.2024
c105217,Полина Крылов,+7 (929) 795-01-24,user105217@example.ru,Новосибирск,25.05.2025
c105665,Тимур Гордеев,+7 (935) 190-60-49,user105665@example.ru,Санкт-Петербург,30.06.2026
c106779,Лидия Савельев,+7 (950) 028-85-25,user106779@example.ru,Новосибирск,21.03.2025
c105571,Полина Ковальчук,+7 (921) 572-93-96,user105571@example.ru,Екатеринбург,30.04.2025
c101428,Егор Белых,+7 (964) 842-53-41,user101428@example.ru,Новосибирск,28.12.2024
c105743,Вера Зуева,+7 (969) 886-97-67,user105743@example.ru,Санкт-Петербург,27.06.2024
c106131,Наталья Ермаков,+7 (938) 336-52-73,user106131@example.ru,Красноярск,07.03.2024
c101022,Артур Белых,+7 (938) 265-69-59,user101022@example.ru,Москва,04.04.2024
c105705,Артур Шилова,+7 (965) 480-46-62,user105705@example.ru,Екатеринбург,07.11.2024
c104486,Кирилл Осипова,+7 (943) 216-21-60,user104486@example.ru,Новосибирск,06.08.2024
c103437,Роман Шилова,+7 (996) 890-67-82,user103437@example.ru,Москва,13.12.2025
c102751,Мария Нестеров,+7 (973) 410-13-60,user102751@example.ru,Екатеринбург,27.11.2025
c100504,Тимур Ковальчук,+7 (962) 916-44-72,user100504@example.ru,Екатеринбург,16.04.2025
c100329,Елена Сорокина,+7 (968) 719-80-25,user100329@example.ru,Казань,07.09.2025
c100946,Наталья Сорокина,+7 (964) 299-89-09,user100946@example.ru,Новосибирск,31.01.2025
c105716,Ольга Нестеров,+7 (934) 509-57-14,user105716@example.ru,Казань,06.08.2024
c105433,Глеб Осипова,+7 (920) 612-94-75,user105433@example.ru,Казань,20.08.2025
c101531,Анна Сорокина,+7 (997) 432-06-35,user101531@example.ru,Москва,04.05.2024
c104068,Глеб Зуева,+7 (941) 539-37-13,user104068@example.ru,Новосибирск,06.08.2024
c103093,Анна Крылов,+7 (925) 031-38-23,user103093@example.ru,Екатеринбург,31.08.2024
c103260,Роман Нестеров,+7 (986) 529-63-66,user103260@example.ru,Новосибирск,18.05.2026
c101395,Анна Шилова,+7 (994) 556-99-21,user101395@example.ru,Санкт-Петербург,17.06.2024
c101254,Елена Ермаков,+7 (915) 721-68-86,user101254@example.ru,Красноярск,11.07.2024
c100804,Наталья Крылов,+7 (957) 575-74-39,user100804@example.ru,Новосибирск,25.07.2025
c106330,Ольга Савельев,+7 (961) 272-09-84,user106330@example.ru,Санкт-Петербург,28.07.2025
c100318,Лидия Савельев,+7 (962) 481-74-96,user100318@example.ru,Красноярск,25.04.2026
c106648,Елена Белых,+7 (932) 581-87-98,user106648@example.ru,Москва,29.05.2025
c101285,Артур Лаптев,+7 (981) 437-40-98,user101285@example.ru,Москва,05.11.2025
c100905,Игорь Панин,+7 (915) 489-10-03,user100905@example.ru,Санкт-Петербург,17.08.2024
c100362,Максим Белых,+7 (943) 692-28-67,user100362@example.ru,Екатеринбург,20.05.2024
c103939,Вера Сорокина,+7 (994) 691-12-13,user103939@example.ru,Красноярск,26.10.2024
c101070,Наталья Зуева,+7 (970) 241-93-15,user101070@example.ru,Санкт-Петербург,08.08.2024
c104632,Егор Шилова,+7 (972) 897-89-43,user104632@example.ru,Красноярск,17.05.2025
c106191,Алиса Белых,+7 (995) 195-86-31,user106191@example.ru,Санкт-Петербург,27.02.2025
c105196,Полина Сорокина,+7 (962) 112-80-63,user105196@example.ru,Екатеринбург,22.12.2025
c103058,Анна Нестеров,+7 (935) 292-49-68,user103058@example.ru,Москва,24.04.2024
c103341,Юлия Белых,+7 (932) 202-55-83,user103341@example.ru,Санкт-Петербург,11.04.2025
c101167,Артур Шилова,+7 (922) 364-52-68,user101167@example.ru,Санкт-Петербург,13.03.2024
c105614,Артур Ермаков,+7 (963) 804-15-61,user105614@example.ru,Казань,24.03.2025
c104423,Егор Савельев,+7 (910) 922-84-75,user104423@example.ru,Москва,08.11.2024
c100592,Ольга Лаптев,+7 (931) 597-07-35,user100592@example.ru,Москва,22.05.2026
c101778,Артур Савельев,+7 (980) 868-25-53,user101778@example.ru,Санкт-Петербург,14.05.2025
c102023,Егор Шилова,+7 (911) 727-78-83,user102023@example.ru,Москва,31.08.2025
c102043,Полина Белых,+7 (967) 382-15-42,user102043@example.ru,Екатеринбург,13.12.2024
c105838,Полина Шилова,+7 (939) 155-08-33,user105838@example.ru,Новосибирск,06.01.2025
c102418,Алиса Крылов,+7 (955) 140-95-40,user102418@example.ru,Екатеринбург,14.07.2025
c101539,Максим Крылов,+7 (980) 370-54-50,user101539@example.ru,Екатеринбург,01.04.2024
c101068,Максим Сорокина,+7 (941) 918-60-00,user101068@example.ru,Санкт-Петербург,06.01.2026
c103030,Егор Мешков,+7 (977) 117-04-15,user103030@example.ru,Санкт-Петербург,01.02.2024
c103698,Лидия Лаптев,+7 (926) 120-85-27,user103698@example.ru,Казань,19.07.2024
c102080,Игорь Мешков,+7 (999) 986-47-91,user102080@example.ru,Санкт-Петербург,16.02.2025
c100621,Тимур Зуева,+7 (984) 363-69-55,user100621@example.ru,Красноярск,04.06.2026
c104886,Егор Ковальчук,+7 (921) 494-65-68,user104886@example.ru,Санкт-Петербург,05.12.2025
c101997,Полина Ермаков,+7 (950) 465-13-36,user101997@example.ru,Екатеринбург,24.12.2025
c103029,Наталья Тихонова,+7 (926) 994-08-69,user103029@example.ru,Красноярск,29.04.2024
c104307,Анна Белых,+7 (914) 649-87-05,user104307@example.ru,Казань,08.03.2024
c101174,Павел Шилова,+7 (942) 453-48-70,user101174@example.ru,Москва,07.09.2025
c102346,Ольга Мешков,+7 (948) 807-93-94,user102346@example.ru,Красноярск,04.09.2025
c103486,Павел Юдина,+7 (910) 107-79-87,user103486@example.ru,Екатеринбург,17.09.2025
c105383,Тимур Савельев,+7 (930) 147-62-60,user105383@example.ru,Казань,05.05.2026
c101782,Полина Лаптев,+7 (964) 597-29-63,user101782@example.ru,Санкт-Петербург,19.10.2025
c100778,Елена Крылов,+7 (981) 463-64-49,user100778@example.ru,Казань,27.01.2024
c105585,Юлия Белых,+7 (951) 730-53-67,user105585@example.ru,Санкт-Петербург,04.04.2025
c106583,Лидия Зуева,+7 (910) 177-48-59,user106583@example.ru,Новосибирск,14.01.2026
c105615,Лидия Крылов,+7 (921) 657-65-69,user105615@example.ru,Москва,06.06.2024
c100838,Лидия Шилова,+7 (916) 909-61-15,user100838@example.ru,Екатеринбург,25.05.2025
c102058,Тимур Нестеров,+7 (932) 729-28-96,user102058@example.ru,Казань,04.02.2026
c103363,Глеб Мешков,+7 (981) 661-57-32,user103363@example.ru,Новосибирск,13.12.2024
c102800,Игорь Нестеров,+7 (979) 198-41-71,user102800@example.ru,Красноярск,24.04.2026
c103234,Кирилл Белых,+7 (942) 002-21-54,user103234@example.ru,Казань,20.04.2024
c102646,Анна Юдина,+7 (917) 199-40-86,user102646@example.ru,Новосибирск,04.03.2026
c100093,Тимур Савельев,+7 (989) 630-41-10,user100093@example.ru,Казань,04.02.2026
c103401,Наталья Лаптев,+7 (949) 484-88-69,user103401@example.ru,Москва,14.04.2024
c101892,Тимур Белых,+7 (964) 343-12-46,user101892@example.ru,Казань,22.07.2024
c103985,Роман Нестеров,+7 (912) 356-60-60,user103985@example.ru,Новосибирск,16.01.2024
c100361,Егор Тихонова,+7 (939) 119-46-48,user100361@example.ru,Екатеринбург,17.09.2024
c105055,Кирилл Ермаков,+7 (939) 682-66-83,user105055@example.ru,Красноярск,14.08.2025
c103572,Елена Юдина,+7 (910) 065-77-37,user103572@example.ru,Москва,07.01.2026
c105766,Роман Белых,+7 (973) 794-71-74,user105766@example.ru,Москва,11.01.2025
c101458,Алиса Юдина,+7 (956) 034-98-10,user101458@example.ru,Красноярск,26.09.2025
c102417,Мария Савельев,+7 (947) 225-42-65,user102417@example.ru,Красноярск,30.01.2025
c103560,Кирилл Ермаков,+7 (974) 962-25-33,user103560@example.ru,Москва,12.07.2024
c105635,Ольга Шилова,+7 (941) 825-54-62,user105635@example.ru,Екатеринбург,24.02.2025
c101654,Лидия Гордеев,+7 (911) 418-60-29,user101654@example.ru,Казань,29.03.2026
c105461,Максим Ермаков,+7 (936) 431-49-07,user105461@example.ru,Красноярск,17.01.2024
c103175,Денис Юдина,+7 (974) 760-31-89,user103175@example.ru,Москва,09.02.2025
c102537,Вера Крылов,+7 (967) 115-83-45,user102537@example.ru,Екатеринбург,11.04.2025
c105238,Юлия Савельев,+7 (952) 644-79-89,user105238@example.ru,Казань,25.10.2025
c102330,Ольга Зуева,+7 (920) 541-58-55,user102330@example.ru,Екатеринбург,20.01.2024
c103554,Роман Нестеров,+7 (926) 979-26-76,user103554@example.ru,Москва,10.06.2026
c102111,Мария Панин,+7 (939) 450-95-98,user102111@example.ru,Санкт-Петербург,24.02.2025
c102640,Глеб Ермаков,+7 (964) 593-05-53,user102640@example.ru,Москва,10.07.2025
c106098,Мария Савельев,+7 (924) 789-52-94,user106098@example.ru,Новосибирск,10.09.2025
c102446,Егор Мешков,+7 (931) 962-82-81,user102446@example.ru,Санкт-Петербург,14.06.2026
c100798,Глеб Савельев,+7 (918) 036-83-85,user100798@example.ru,Новосибирск,15.10.2024
c104449,Денис Ермаков,+7 (962) 095-93-18,user104449@example.ru,Казань,05.06.2026
c103968,Егор Панин,+7 (927) 651-16-90,user103968@example.ru,Москва,14.10.2025
c103729,Мария Панин,+7 (958) 879-17-88,user103729@example.ru,Казань,14.04.2025
c106369,Артур Мешков,+7 (969) 275-25-28,user106369@example.ru,Екатеринбург,09.01.2025
c105952,Юлия Мешков,+7 (993) 727-74-18,user105952@example.ru,Москва,25.05.2025
c102922,Ольга Лаптев,+7 (977) 775-82-82,user102922@example.ru,Красноярск,24.02.2024
c102105,Максим Савельев,+7 (968) 030-76-60,user102105@example.ru,Санкт-Петербург,23.06.2024
c101013,Вера Нестеров,+7 (936) 345-22-12,user101013@example.ru,Казань,29.04.2024
c102120,Лидия Лаптев,+7 (989) 566-74-87,user102120@example.ru,Новосибирск,08.05.2025
c102383,Полина Лаптев,+7 (911) 291-87-97,user102383@example.ru,Новосибирск,11.03.2024
c106822,Лидия Осипова,+7 (921) 214-09-88,user106822@example.ru,Новосибирск,05.01.2026
c105064,Юлия Сорокина,+7 (917) 868-31-20,user105064@example.ru,Санкт-Петербург,08.03.2024
c105200,Денис Лаптев,+7 (938) 013-30-45,user105200@example.ru,Санкт-Петербург,26.04.2024
c100036,Глеб Белых,+7 (942) 588-59-29,user100036@example.ru,Казань,14.01.2026
c100237,Максим Панин,+7 (974) 211-35-64,user100237@example.ru,Новосибирск,11.02.2024
c106381,Ольга Нестеров,+7 (934) 970-44-71,user106381@example.ru,Санкт-Петербург,18.08.2024
c102232,Игорь Гордеев,+7 (969) 130-27-52,user102232@example.ru,Казань,12.03.2024
c102057,Анна Лаптев,+7 (977) 605-48-96,user102057@example.ru,Новосибирск,05.11.2024
c106594,Павел Ермаков,+7 (960) 840-32-21,user106594@example.ru,Екатеринбург,13.09.2025
c103313,Анна Сорокина,+7 (991) 644-47-83,user103313@example.ru,Новосибирск,16.12.2024
c104277,Глеб Зуева,+7 (938) 782-41-40,user104277@example.ru,Санкт-Петербург,05.09.2024
c105701,Юлия Ермаков,+7 (922) 333-26-04,user105701@example.ru,Москва,17.11.2025
c100957,Лидия Нестеров,+7 (989) 862-31-42,user100957@example.ru,Екатеринбург,24.10.2025
c103227,Юлия Ковальчук,+7 (944) 929-54-46,user103227@example.ru,Екатеринбург,05.11.2025
c102688,Глеб Юдина,+7 (996) 596-55-40,user102688@example.ru,Санкт-Петербург,18.03.2024
c104441,Вера Мешков,+7 (915) 591-35-57,user104441@example.ru,Санкт-Петербург,22.10.2025
c104391,Анна Белых,+7 (937) 581-97-43,user104391@example.ru,Красноярск,31.01.2026
c101028,Юлия Сорокина,+7 (915) 126-18-60,user101028@example.ru,Красноярск,31.08.2024
c101025,Ольга Белых,+7 (934) 320-08-18,user101025@example.ru,Екатеринбург,21.11.2024
c100794,Глеб Сорокина,+7 (924) 219-88-05,user100794@example.ru,Екатеринбург,15.10.2024
c103368,Максим Нестеров,+7 (989) 488-08-96,user103368@example.ru,Новосибирск,17.04.2024
c104996,Полина Гордеев,+7 (943) 832-37-62,user104996@example.ru,Екатеринбург,14.07.2024
c102501,Денис Сорокина,+7 (926) 207-49-51,user102501@example.ru,Москва,15.08.2024
c100085,Павел Осипова,+7 (952) 162-53-91,user100085@example.ru,Казань,21.11.2025
c102208,Тимур Ковальчук,+7 (954) 300-47-00,user102208@example.ru,Красноярск,09.08.2024
c101589,Вера Крылов,+7 (986) 339-87-31,user101589@example.ru,Москва,28.06.2025
c104708,Анна Нестеров,+7 (996) 253-33-66,user104708@example.ru,Красноярск,14.06.2024
c100715,Тимур Мешков,+7 (921) 129-49-25,user100715@example.ru,Москва,06.01.2026
c102225,Егор Белых,+7 (998) 895-59-51,user102225@example.ru,Москва,19.09.2024
c103172,Лидия Мешков,+7 (974) 834-30-83,user103172@example.ru,Екатеринбург,07.04.2026
c101355,Вера Юдина,+7 (932) 436-96-33,user101355@example.ru,Екатеринбург,18.07.2024
c105593,Мария Савельев,+7 (918) 510-02-39,user105593@example.ru,Екатеринбург,19.03.2026
c105490,Вера Савельев,+7 (986) 283-73-50,user105490@example.ru,Москва,21.08.2024
c104927,Максим Лаптев,+7 (942) 871-37-54,user104927@example.ru,Москва,22.02.2025
c105709,Полина Нестеров,+7 (966) 554-01-80,user105709@example.ru,Санкт-Петербург,21.05.2025
c106132,Полина Тихонова,+7 (957) 286-06-03,user106132@example.ru,Москва,15.11.2024
c100921,Тимур Белых,+7 (920) 976-37-85,user100921@example.ru,Красноярск,23.04.2026
c101961,Денис Осипова,+7 (929) 159-44-26,user101961@example.ru,Санкт-Петербург,29.11.2024
c104260,Алиса Тихонова,+7 (957) 012-07-62,user104260@example.ru,Санкт-Петербург,22.05.2026
c101349,Вера Нестеров,+7 (937) 649-01-34,user101349@example.ru,Санкт-Петербург,07.05.2024
c100294,Юлия Крылов,+7 (922) 943-25-78,user100294@example.ru,Екатеринбург,13.10.2024
c103063,Анна Юдина,+7 (914) 126-37-93,user103063@example.ru,Москва,01.10.2024
c103879,Игорь Сорокина,+7 (995) 742-43-55,user103879@example.ru,Москва,03.06.2025
c105600,Тимур Савельев,+7 (940) 082-15-16,user105600@example.ru,Казань,09.01.2026
c104532,Максим Юдина,+7 (940) 223-23-89,user104532@example.ru,Новосибирск,29.04.2024
c106264,Егор Панин,+7 (959) 553-79-81,user106264@example.ru,Санкт-Петербург,04.02.2024
c101769,Вера Гордеев,+7 (986) 528-81-57,user101769@example.ru,Санкт-Петербург,17.02.2026
c106816,Глеб Осипова,+7 (957) 000-58-99,user106816@example.ru,Казань,13.01.2024
c104489,Денис Зуева,+7 (922) 827-12-36,user104489@example.ru,Санкт-Петербург,12.10.2025
c101919,Алиса Мешков,+7 (995) 706-98-36,user101919@example.ru,Екатеринбург,22.09.2024
c100539,Наталья Юдина,+7 (961) 847-87-50,user100539@example.ru,Екатеринбург,28.06.2026
c104263,Глеб Савельев,+7 (957) 184-52-54,user104263@example.ru,Москва,17.03.2024
c105247,Игорь Ермаков,+7 (932) 860-30-57,user105247@example.ru,Москва,14.05.2025
c100977,Юлия Шилова,+7 (930) 758-64-77,user100977@example.ru,Новосибирск,12.03.2024
c101906,Тимур Мешков,+7 (983) 801-58-04,user101906@example.ru,Новосибирск,22.10.2024
c102884,Артур Осипова,+7 (942) 939-64-36,user102884@example.ru,Казань,17.11.2024
c103626,Кирилл Сорокина,+7 (929) 273-53-99,user103626@example.ru,Екатеринбург,26.07.2024
c105762,Полина Ковальчук,+7 (926) 342-40-44,user105762@example.ru,Красноярск,07.09.2025
c102682,Артур Ковальчук,+7 (934) 407-87-50,user102682@example.ru,Екатеринбург,07.09.2024
c104907,Егор Тихонова,+7 (998) 644-84-95,user104907@example.ru,Санкт-Петербург,12.04.2024
c101529,Ольга Лаптев,+7 (971) 644-73-56,user101529@example.ru,Новосибирск,11.01.2026
c100383,Полина Панин,+7 (957) 313-57-16,user100383@example.ru,Москва,06.01.2026
c102252,Елена Крылов,+7 (971) 460-30-07,user102252@example.ru,Новосибирск,24.08.2025
c104310,Ольга Зуева,+7 (921) 172-85-85,user104310@example.ru,Екатеринбург,26.10.2025
c102262,Ольга Панин,+7 (980) 825-05-97,user102262@example.ru,Москва,28.08.2025
c100220,Ольга Гордеев,+7 (934) 293-17-87,user100220@example.ru,Новосибирск,12.07.2025
c104378,Артур Юдина,+7 (926) 984-57-38,user104378@example.ru,Красноярск,08.01.2025
c104330,Кирилл Нестеров,+7 (917) 398-02-00,user104330@example.ru,Казань,20.05.2025
c100828,Максим Юдина,+7 (919) 082-56-07,user100828@example.ru,Красноярск,17.08.2024
c103384,Денис Тихонова,+7 (949) 474-46-87,user103384@example.ru,Новосибирск,28.11.2025
c106374,Павел Нестеров,+7 (931) 574-29-54,user106374@example.ru,Новосибирск,26.06.2024
c102818,Елена Шилова,+7 (974) 827-17-99,user102818@example.ru,Санкт-Петербург,06.10.2025
c101546,Елена Сорокина,+7 (962) 475-90-69,user101546@example.ru,Москва,20.10.2024
c106246,Кирилл Крылов,+7 (935) 239-17-60,user106246@example.ru,Санкт-Петербург,28.09.2025
c100284,Мария Зуева,+7 (985) 705-70-14,user100284@example.ru,Санкт-Петербург,23.09.2025
c106000,Вера Зуева,+7 (934) 626-61-37,user106000@example.ru,Екатеринбург,10.07.2024
c104629,Юлия Крылов,+7 (915) 962-87-68,user104629@example.ru,Красноярск,02.06.2025
c103257,Юлия Шилова,+7 (937) 770-50-50,user103257@example.ru,Москва,27.01.2024
c101566,Денис Зуева,+7 (937) 190-50-34,user101566@example.ru,Казань,30.05.2025
c102723,Наталья Мешков,+7 (984) 667-40-21,user102723@example.ru,Екатеринбург,12.04.2026
c105951,Лидия Нестеров,+7 (927) 573-46-16,user105951@example.ru,Красноярск,05.12.2024
c103133,Тимур Шилова,+7 (988) 105-10-88,user103133@example.ru,Красноярск,19.06.2024
c106620,Елена Крылов,+7 (939) 195-71-65,user106620@example.ru,Москва,27.10.2024
c100355,Лидия Лаптев,+7 (985) 910-23-45,user100355@example.ru,Екатеринбург,30.07.2024
c103281,Павел Ермаков,+7 (937) 395-32-05,user103281@example.ru,Новосибирск,28.06.2026
c102531,Тимур Панин,+7 (974) 152-20-19,user102531@example.ru,Москва,20.05.2024
c104180,Кирилл Осипова,+7 (943) 905-85-80,user104180@example.ru,Новосибирск,02.05.2024
c100031,Павел Панин,+7 (995) 175-18-07,user100031@example.ru,Санкт-Петербург,27.06.2026
c100611,Денис Зуева,+7 (955) 980-46-82,user100611@example.ru,Москва,03.06.2024
c103394,Лидия Зуева,+7 (974) 987-52-04,user103394@example.ru,Екатеринбург,22.10.2024
c105966,Роман Белых,+7 (913) 038-72-91,user105966@example.ru,Санкт-Петербург,19.09.2024
c103224,Павел Ковальчук,+7 (943) 828-98-85,user103224@example.ru,Екатеринбург,10.04.2024
c103126,Лидия Белых,+7 (991) 172-26-35,user103126@example.ru,Москва,30.10.2025
c101719,Тимур Ермаков,+7 (952) 727-28-44,user101719@example.ru,Москва,29.11.2024
c102087,Юлия Крылов,+7 (988) 266-10-07,user102087@example.ru,Красноярск,25.03.2024
c100555,Анна Нестеров,+7 (973) 333-90-50,user100555@example.ru,Новосибирск,18.06.2024
c103800,Игорь Тихонова,+7 (930) 814-79-90,user103800@example.ru,Санкт-Петербург,18.04.2025
c102797,Глеб Тихонова,+7 (928) 078-78-22,user102797@example.ru,Санкт-Петербург,15.01.2025
c105874,Полина Мешков,+7 (930) 617-77-71,user105874@example.ru,Санкт-Петербург,04.03.2025
c103208,Алиса Мешков,+7 (945) 959-09-02,user103208@example.ru,Санкт-Петербург,19.09.2025
c103731,Вера Панин,+7 (955) 738-46-97,user103731@example.ru,Санкт-Петербург,16.08.2024
c105270,Роман Лаптев,+7 (996) 171-02-09,user105270@example.ru,Москва,08.12.2025
c106227,Елена Савельев,+7 (967) 156-30-66,user106227@example.ru,Москва,25.12.2024
c104657,Анна Шилова,+7 (924) 732-00-50,user104657@example.ru,Новосибирск,29.02.2024
c102420,Егор Мешков,+7 (919) 842-26-42,user102420@example.ru,Новосибирск,20.11.2024
c105345,Ольга Крылов,+7 (998) 361-86-11,user105345@example.ru,Новосибирск,21.02.2026
c103300,Анна Гордеев,+7 (925) 262-59-72,user103300@example.ru,Новосибирск,06.12.2025
c100522,Юлия Гордеев,+7 (931) 774-55-72,user100522@example.ru,Казань,14.10.2025
c104998,Елена Мешков,+7 (930) 453-15-53,user104998@example.ru,Екатеринбург,05.09.2024
c102464,Алиса Лаптев,+7 (927) 748-69-21,user102464@example.ru,Новосибирск,26.06.2024
c100633,Алиса Зуева,+7 (996) 433-21-62,user100633@example.ru,Санкт-Петербург,20.04.2024
c105967,Максим Ермаков,+7 (981) 383-26-71,user105967@example.ru,Новосибирск,30.08.2025
c103082,Кирилл Юдина,+7 (946) 044-95-28,user103082@example.ru,Казань,14.04.2024
c100443,Глеб Панин,+7 (993) 513-12-20,user100443@example.ru,Москва,30.04.2025
c103277,Денис Панин,+7 (915) 557-27-84,user103277@example.ru,Санкт-Петербург,07.09.2024
c100207,Полина Сорокина,+7 (994) 038-24-22,user100207@example.ru,Санкт-Петербург,18.07.2024
c106340,Тимур Крылов,+7 (962) 497-60-92,user106340@example.ru,Новосибирск,07.04.2025
c101063,Тимур Лаптев,+7 (958) 036-19-16,user101063@example.ru,Санкт-Петербург,06.08.2025
c103710,Алиса Савельев,+7 (985) 525-44-59,user103710@example.ru,Санкт-Петербург,18.04.2026
c102710,Роман Крылов,+7 (962) 786-77-32,user102710@example.ru,Казань,02.06.2026
c100673,Юлия Сорокина,+7 (919) 592-37-02,user100673@example.ru,Москва,24.10.2025
c102794,Тимур Ковальчук,+7 (915) 347-50-25,user102794@example.ru,Санкт-Петербург,02.12.2025
c100783,Юлия Тихонова,+7 (984) 004-89-51,user100783@example.ru,Казань,11.04.2025
c100760,Лидия Юдина,+7 (960) 390-78-42,user100760@example.ru,Санкт-Петербург,14.02.2024
c101528,Тимур Лаптев,+7 (935) 845-06-03,user101528@example.ru,Санкт-Петербург,14.05.2026
c106499,Павел Осипова,+7 (933) 138-24-16,user106499@example.ru,Казань,08.08.2024
c101481,Максим Нестеров,+7 (939) 805-55-30,user101481@example.ru,Казань,30.01.2024
c100559,Вера Ермаков,+7 (948) 101-58-19,user100559@example.ru,Красноярск,28.03.2026
c101319,Полина Юдина,+7 (959) 056-92-66,user101319@example.ru,Санкт-Петербург,05.11.2025
c105165,Артур Гордеев,+7 (986) 418-11-23,user105165@example.ru,Новосибирск,09.11.2024
c100131,Юлия Шилова,+7 (924) 065-25-40,user100131@example.ru,Санкт-Петербург,01.11.2024
c101263,Мария Мешков,+7 (960) 263-19-86,user101263@example.ru,Санкт-Петербург,08.06.2024
c104105,Полина Шилова,+7 (999) 448-84-32,user104105@example.ru,Санкт-Петербург,14.09.2025
c104871,Глеб Осипова,+7 (970) 295-70-64,user104871@example.ru,Екатеринбург,24.10.2025
c100689,Денис Зуева,+7 (940) 867-42-07,user100689@example.ru,Новосибирск,08.01.2026
c101321,Глеб Белых,+7 (960) 231-79-43,user101321@example.ru,Новосибирск,01.10.2025
c102248,Лидия Белых,+7 (920) 985-19-76,user102248@example.ru,Екатеринбург,14.05.2025
c105202,Максим Лаптев,+7 (991) 800-56-25,user105202@example.ru,Новосибирск,06.03.2024
c103106,Денис Ковальчук,+7 (984) 838-41-82,user103106@example.ru,Екатеринбург,16.02.2024
c102557,Мария Тихонова,+7 (997) 873-01-61,user102557@example.ru,Москва,17.09.2025
c103125,Игорь Ковальчук,+7 (944) 710-93-60,user103125@example.ru,Москва,08.08.2024
c102561,Тимур Савельев,+7 (927) 402-60-06,user102561@example.ru,Красноярск,02.03.2024
c104394,Вера Мешков,+7 (937) 540-51-58,user104394@example.ru,Санкт-Петербург,03.09.2024
c102326,Игорь Белых,+7 (989) 417-17-06,user102326@example.ru,Москва,02.10.2024
c100056,Глеб Ковальчук,+7 (999) 712-29-07,user100056@example.ru,Казань,22.04.2026
c105347,Денис Тихонова,+7 (998) 550-17-26,user105347@example.ru,Екатеринбург,22.11.2025
c104781,Денис Крылов,+7 (962) 796-04-11,user104781@example.ru,Санкт-Петербург,11.01.2025
c106841,Тимур Ермаков,+7 (996) 890-50-62,user106841@example.ru,Казань,29.07.2025
c101831,Глеб Белых,+7 (989) 498-95-28,user101831@example.ru,Москва,19.01.2026
c106751,Кирилл Осипова,+7 (998) 557-08-43,user106751@example.ru,Москва,15.08.2025
c103632,Роман Ермаков,+7 (949) 221-23-62,user103632@example.ru,Москва,09.12.2024
c103342,Анна Ермаков,+7 (955) 080-18-68,user103342@example.ru,Санкт-Петербург,06.03.2025
c100141,Ольга Шилова,+7 (984) 775-10-45,user100141@example.ru,Санкт-Петербург,29.12.2024
c104445,Артур Гордеев,+7 (926) 207-15-09,user104445@example.ru,Екатеринбург,03.08.2024
c100684,Артур Гордеев,+7 (919) 338-02-10,user100684@example.ru,Казань,16.04.2025
c104202,Елена Зуева,+7 (996) 796-03-00,user104202@example.ru,Казань,20.10.2024
c105005,Полина Ковальчук,+7 (985) 553-22-64,user105005@example.ru,Екатеринбург,05.11.2024
c103285,Ольга Зуева,+7 (927) 153-35-09,user103285@example.ru,Новосибирск,09.08.2024
c103520,Мария Ермаков,+7 (958) 694-96-24,user103520@example.ru,Казань,22.09.2024
c105173,Денис Панин,+7 (980) 742-60-69,user105173@example.ru,Красноярск,29.06.2026
c101278,Наталья Панин,+7 (951) 979-48-91,user101278@example.ru,Казань,04.07.2025
c100215,Тимур Белых,+7 (957) 043-25-61,user100215@example.ru,Новосибирск,10.05.2025
c100850,Мария Шилова,+7 (978) 321-25-07,user100850@example.ru,Новосибирск,23.09.2024
c101331,Роман Ковальчук,+7 (999) 374-09-73,user101331@example.ru,Новосибирск,12.05.2024
c105859,Максим Панин,+7 (920) 604-42-58,user105859@example.ru,Москва,21.11.2024
c101128,Кирилл Мешков,+7 (933) 279-46-06,user101128@example.ru,Казань,28.08.2024
c104269,Елена Панин,+7 (950) 388-57-92,user104269@example.ru,Казань,23.01.2024
c105959,Тимур Шилова,+7 (932) 395-89-59,user105959@example.ru,Екатеринбург,07.04.2024
c100567,Денис Шилова,+7 (987) 167-17-45,user100567@example.ru,Новосибирск,20.10.2024
c105125,Роман Ковальчук,+7 (990) 775-26-32,user105125@example.ru,Санкт-Петербург,10.04.2024
c103453,Глеб Лаптев,+7 (935) 013-12-87,user103453@example.ru,Москва,19.05.2025
c104990,Мария Гордеев,+7 (911) 810-52-55,user104990@example.ru,Красноярск,29.04.2024
c101576,Юлия Осипова,+7 (998) 032-87-64,user101576@example.ru,Красноярск,05.08.2025
c102895,Глеб Осипова,+7 (930) 773-70-99,user102895@example.ru,Москва,18.07.2025
c101766,Ольга Савельев,+7 (939) 486-92-35,user101766@example.ru,Санкт-Петербург,14.07.2025
c102263,Анна Панин,+7 (987) 008-55-02,user102263@example.ru,Новосибирск,04.03.2026
c101131,Вера Ковальчук,+7 (943) 467-39-77,user101131@example.ru,Москва,01.07.2024
c106187,Ольга Крылов,+7 (931) 106-83-15,user106187@example.ru,Новосибирск,11.06.2024
c104607,Глеб Тихонова,+7 (959) 861-13-17,user104607@example.ru,Екатеринбург,12.05.2024
c104668,Денис Панин,+7 (942) 263-24-06,user104668@example.ru,Екатеринбург,05.08.2024
c104896,Вера Белых,+7 (930) 359-87-17,user104896@example.ru,Красноярск,29.06.2025
c104026,Тимур Савельев,+7 (919) 224-42-07,user104026@example.ru,Новосибирск,13.07.2025
c100976,Артур Юдина,+7 (984) 929-45-56,user100976@example.ru,Москва,07.01.2026
c105663,Игорь Зуева,+7 (928) 137-96-13,user105663@example.ru,Москва,04.06.2024
c102459,Анна Панин,+7 (932) 302-34-16,user102459@example.ru,Казань,15.01.2025
c101085,Егор Гордеев,+7 (971) 094-65-35,user101085@example.ru,Казань,01.10.2024
c100544,Максим Осипова,+7 (912) 533-79-62,user100544@example.ru,Москва,23.04.2026
c102697,Ольга Юдина,+7 (988) 011-34-57,user102697@example.ru,Красноярск,17.04.2024
c104690,Глеб Юдина,+7 (997) 747-36-95,user104690@example.ru,Казань,20.03.2026
c103590,Алиса Шилова,+7 (923) 341-21-33,user103590@example.ru,Екатеринбург,05.10.2024
c100636,Глеб Нестеров,+7 (981) 715-91-63,user100636@example.ru,Санкт-Петербург,04.03.2024
c104162,Егор Сорокина,+7 (944) 671-53-90,user104162@example.ru,Казань,16.09.2024
c104480,Кирилл Савельев,+7 (914) 165-25-64,user104480@example.ru,Красноярск,13.01.2024
c103310,Артур Осипова,+7 (938) 898-55-27,user103310@example.ru,Казань,23.02.2025
c100565,Ольга Юдина,+7 (933) 246-22-31,user100565@example.ru,Екатеринбург,27.04.2024
c101393,Роман Крылов,+7 (965) 804-32-40,user101393@example.ru,Красноярск,23.09.2025
c105994,Юлия Белых,+7 (955) 208-34-84,user105994@example.ru,Санкт-Петербург,27.05.2026
c106614,Глеб Ермаков,+7 (988) 714-57-63,user106614@example.ru,Красноярск,02.08.2024
c100476,Артур Нестеров,+7 (930) 069-73-98,user100476@example.ru,Красноярск,15.07.2024
c102502,Анна Савельев,+7 (926) 342-43-58,user102502@example.ru,Екатеринбург,10.03.2025
c100672,Ольга Лаптев,+7 (962) 263-83-59,user100672@example.ru,Казань,15.11.2024
c101774,Роман Савельев,+7 (943) 049-59-72,user101774@example.ru,Казань,12.06.2025
c105351,Кирилл Мешков,+7 (918) 359-22-00,user105351@example.ru,Санкт-Петербург,31.01.2025
c101307,Ольга Осипова,+7 (998) 524-45-28,user101307@example.ru,Москва,19.06.2024
c102404,Юлия Нестеров,+7 (953) 274-35-79,user102404@example.ru,Санкт-Петербург,30.09.2024
c106143,Елена Тихонова,+7 (988) 705-21-87,user106143@example.ru,Казань,19.03.2025
c106244,Алиса Гордеев,+7 (960) 312-85-98,user106244@example.ru,Екатеринбург,09.06.2025
c102936,Алиса Лаптев,+7 (921) 230-42-85,user102936@example.ru,Санкт-Петербург,15.01.2026
c104550,Роман Ковальчук,+7 (915) 124-02-87,user104550@example.ru,Екатеринбург,11.06.2024
c102775,Вера Юдина,+7 (960) 488-55-98,user102775@example.ru,Новосибирск,22.04.2026
c105478,Вера Мешков,+7 (979) 089-37-27,user105478@example.ru,Новосибирск,27.07.2025
c103982,Роман Савельев,+7 (946) 078-89-23,user103982@example.ru,Санкт-Петербург,23.12.2025
c101238,Наталья Юдина,+7 (935) 313-96-19,user101238@example.ru,Новосибирск,02.06.2026
c105118,Алиса Панин,+7 (999) 175-88-18,user105118@example.ru,Красноярск,22.11.2024
c103367,Игорь Савельев,+7 (980) 336-89-42,user103367@example.ru,Санкт-Петербург,24.12.2025
c102562,Юлия Юдина,+7 (981) 028-52-30,user102562@example.ru,Москва,24.03.2025
c106427,Юлия Тихонова,+7 (995) 543-55-96,user106427@example.ru,Санкт-Петербург,01.01.2025
c105504,Артур Ермаков,+7 (912) 504-77-47,user105504@example.ru,Санкт-Петербург,07.12.2024
c100132,Максим Лаптев,+7 (981) 754-56-97,user100132@example.ru,Санкт-Петербург,13.07.2025
c104601,Анна Ермаков,+7 (968) 791-91-29,user104601@example.ru,Екатеринбург,04.11.2025
c104853,Алиса Панин,+7 (984) 871-22-33,user104853@example.ru,Москва,06.08.2024
c101908,Наталья Сорокина,+7 (925) 795-99-69,user101908@example.ru,Екатеринбург,19.09.2025
c101865,Роман Гордеев,+7 (987) 085-57-79,user101865@example.ru,Санкт-Петербург,09.01.2026
c104555,Игорь Савельев,+7 (999) 683-48-64,user104555@example.ru,Санкт-Петербург,15.09.2025
c105848,Игорь Крылов,+7 (969) 612-87-35,user105848@example.ru,Екатеринбург,17.03.2026
c102615,Глеб Лаптев,+7 (945) 812-79-88,user102615@example.ru,Санкт-Петербург,13.01.2024
c103983,Глеб Савельев,+7 (913) 651-79-74,user103983@example.ru,Новосибирск,25.08.2024
c105341,Артур Зуева,+7 (987) 604-11-99,user105341@example.ru,Красноярск,26.04.2026
c101941,Глеб Крылов,+7 (974) 981-07-72,user101941@example.ru,Москва,29.03.2025
c106152,Егор Ермаков,+7 (996) 878-19-63,user106152@example.ru,Москва,27.08.2024
c102609,Максим Тихонова,+7 (983) 916-63-26,user102609@example.ru,Екатеринбург,28.06.2026
c100300,Полина Нестеров,+7 (922) 317-97-87,user100300@example.ru,Казань,20.03.2025
c105825,Денис Шилова,+7 (976) 476-80-76,user105825@example.ru,Казань,28.04.2024
c106383,Павел Нестеров,+7 (973) 731-79-63,user106383@example.ru,Красноярск,03.09.2025
c102678,Елена Ермаков,+7 (943) 208-79-21,user102678@example.ru,Москва,17.02.2025
c104566,Мария Крылов,+7 (937) 264-46-45,user104566@example.ru,Красноярск,24.10.2024
c101696,Мария Крылов,+7 (948) 817-12-45,user101696@example.ru,Казань,04.03.2025
c100622,Ольга Ковальчук,+7 (985) 974-38-18,user100622@example.ru,Москва,24.06.2024
c106399,Вера Сорокина,+7 (942) 220-17-94,user106399@example.ru,Санкт-Петербург,13.06.2026
c100970,Мария Тихонова,+7 (923) 213-39-12,user100970@example.ru,Красноярск,13.02.2026
c105948,Елена Шилова,+7 (948) 711-25-52,user105948@example.ru,Новосибирск,27.03.2024
c106277,Анна Мешков,+7 (951) 877-71-45,user106277@example.ru,Екатеринбург,17.11.2025
c102161,Денис Зуева,+7 (960) 536-31-80,user102161@example.ru,Казань,11.04.2024
c100198,Мария Сорокина,+7 (988) 549-53-22,user100198@example.ru,Москва,26.12.2024
c104505,Кирилл Шилова,+7 (935) 256-63-98,user104505@example.ru,Новосибирск,14.09.2025
c105334,Вера Осипова,+7 (931) 295-82-79,user105334@example.ru,Екатеринбург,29.08.2025
c104232,Елена Мешков,+7 (998) 275-82-95,user104232@example.ru,Казань,03.04.2024
c100094,Юлия Савельев,+7 (943) 337-24-34,user100094@example.ru,Москва,03.11.2024
c105454,Алиса Ермаков,+7 (944) 822-85-63,user105454@example.ru,Москва,13.05.2025
c106100,Елена Лаптев,+7 (924) 772-86-60,user106100@example.ru,Красноярск,02.12.2024
c102319,Игорь Ермаков,+7 (982) 579-66-04,user102319@example.ru,Екатеринбург,12.08.2024
c101171,Глеб Тихонова,+7 (953) 094-36-72,user101171@example.ru,Казань,06.05.2025
c106738,Вера Крылов,+7 (946) 837-34-92,user106738@example.ru,Красноярск,11.08.2025
c105578,Кирилл Осипова,+7 (945) 207-57-72,user105578@example.ru,Новосибирск,06.08.2025
c101931,Максим Гордеев,+7 (967) 325-20-99,user101931@example.ru,Санкт-Петербург,14.06.2025
c104515,Елена Сорокина,+7 (990) 042-24-88,user104515@example.ru,Казань,25.06.2026
c105464,Максим Лаптев,+7 (936) 316-70-92,user105464@example.ru,Москва,04.04.2026
c102500,Павел Лаптев,+7 (961) 559-19-70,user102500@example.ru,Казань,02.07.2025
c101283,Роман Сорокина,+7 (990) 968-32-35,user101283@example.ru,Казань,17.01.2026
c101222,Тимур Савельев,+7 (952) 369-34-34,user101222@example.ru,Казань,14.08.2024
c106815,Лидия Зуева,+7 (939) 918-58-65,user106815@example.ru,Казань,20.03.2026
c106771,Кирилл Мешков,+7 (994) 493-18-99,user106771@example.ru,Новосибирск,13.07.2024
c101292,Алиса Нестеров,+7 (948) 136-74-88,user101292@example.ru,Санкт-Петербург,20.12.2025
c102000,Максим Зуева,+7 (941) 522-20-52,user102000@example.ru,Красноярск,29.06.2024
c106754,Лидия Гордеев,+7 (915) 728-68-14,user106754@example.ru,Новосибирск,30.05.2025
c103964,Глеб Панин,+7 (950) 595-88-61,user103964@example.ru,Красноярск,21.04.2025
c100368,Игорь Белых,+7 (938) 327-58-37,user100368@example.ru,Казань,18.06.2024
c102365,Лидия Савельев,+7 (936) 765-76-83,user102365@example.ru,Казань,09.12.2025
c100216,Лидия Зуева,+7 (991) 867-10-61,user100216@example.ru,Казань,18.02.2025
c105422,Ольга Шилова,+7 (953) 729-14-71,user105422@example.ru,Екатеринбург,09.08.2025
c105000,Кирилл Юдина,+7 (943) 507-13-60,user105000@example.ru,Москва,23.08.2025
c100817,Глеб Лаптев,+7 (931) 559-19-36,user100817@example.ru,Казань,25.07.2024
c101234,Наталья Юдина,+7 (997) 639-83-18,user101234@example.ru,Новосибирск,26.10.2025
c105882,Вера Мешков,+7 (990) 779-56-17,user105882@example.ru,Москва,03.12.2025
c104963,Егор Лаптев,+7 (913) 496-57-52,user104963@example.ru,Санкт-Петербург,26.03.2026
c105486,Ольга Лаптев,+7 (940) 111-81-90,user105486@example.ru,Казань,10.04.2024
c104736,Роман Гордеев,+7 (968) 843-39-93,user104736@example.ru,Красноярск,02.06.2025
c100536,Елена Осипова,+7 (938) 597-72-20,user100536@example.ru,Казань,12.02.2026
c103654,Павел Зуева,+7 (970) 056-31-39,user103654@example.ru,Екатеринбург,08.05.2025
c100088,Алиса Савельев,+7 (910) 855-10-50,user100088@example.ru,Казань,19.07.2025
c102621,Максим Осипова,+7 (953) 858-04-69,user102621@example.ru,Москва,18.11.2024
c105676,Глеб Мешков,+7 (978) 086-65-90,user105676@example.ru,Москва,23.01.2024
c100832,Елена Белых,+7 (955) 658-30-93,user100832@example.ru,Красноярск,09.05.2024
c105408,Полина Лаптев,+7 (947) 213-71-51,user105408@example.ru,Санкт-Петербург,04.02.2024
c105568,Егор Ермаков,+7 (973) 843-11-05,user105568@example.ru,Москва,27.06.2024
c106394,Кирилл Тихонова,+7 (959) 359-38-91,user106394@example.ru,Санкт-Петербург,07.05.2026
c103887,Анна Мешков,+7 (934) 204-58-76,user103887@example.ru,Красноярск,02.01.2026
c101606,Лидия Ковальчук,+7 (944) 753-53-62,user101606@example.ru,Новосибирск,21.11.2024
c100723,Мария Ермаков,+7 (955) 564-82-29,user100723@example.ru,Москва,07.04.2025
c105618,Кирилл Ермаков,+7 (972) 969-35-53,user105618@example.ru,Санкт-Петербург,27.05.2024
c102355,Кирилл Сорокина,+7 (956) 898-41-78,user102355@example.ru,Санкт-Петербург,07.10.2024
c100463,Павел Гордеев,+7 (949) 012-67-02,user100463@example.ru,Казань,21.09.2025
c100563,Денис Тихонова,+7 (973) 461-68-24,user100563@example.ru,Екатеринбург,25.11.2025
c106190,Наталья Лаптев,+7 (998) 249-05-86,user106190@example.ru,Красноярск,10.05.2024
c101154,Ольга Шилова,+7 (923) 534-33-44,user101154@example.ru,Красноярск,29.04.2025
c104191,Денис Шилова,+7 (955) 785-48-21,user104191@example.ru,Екатеринбург,18.05.2024
c102362,Денис Панин,+7 (997) 133-26-94,user102362@example.ru,Санкт-Петербург,29.06.2026
c105824,Артур Тихонова,+7 (958) 100-60-01,user105824@example.ru,Новосибирск,25.09.2024
c103042,Тимур Панин,+7 (997) 849-47-46,user103042@example.ru,Казань,02.11.2024
c101441,Тимур Панин,+7 (934) 388-39-94,user101441@example.ru,Красноярск,19.03.2025
c105134,Тимур Панин,+7 (938) 835-65-77,user105134@example.ru,Красноярск,17.03.2025
c105781,Лидия Тихонова,+7 (953) 504-59-44,user105781@example.ru,Санкт-Петербург,26.04.2025
c104153,Денис Лаптев,+7 (938) 459-29-59,user104153@example.ru,Новосибирск,09.02.2026
c104676,Анна Осипова,+7 (974) 276-31-35,user104676@example.ru,Екатеринбург,10.03.2026
c100802,Егор Осипова,+7 (955) 326-12-51,user100802@example.ru,Красноярск,15.11.2024
c105755,Мария Зуева,+7 (989) 205-53-83,user105755@example.ru,Новосибирск,07.11.2024
c101863,Мария Шилова,+7 (997) 940-37-26,user101863@example.ru,Санкт-Петербург,01.10.2024
c100517,Роман Ермаков,+7 (974) 305-85-25,user100517@example.ru,Казань,10.06.2026
c106339,Полина Белых,+7 (987) 308-13-51,user106339@example.ru,Санкт-Петербург,01.01.2025
c102227,Максим Сорокина,+7 (999) 198-68-85,user102227@example.ru,Москва,27.09.2024
c106220,Роман Панин,+7 (919) 157-62-24,user106220@example.ru,Санкт-Петербург,07.02.2026
c106525,Ольга Осипова,+7 (943) 034-52-56,user106525@example.ru,Новосибирск,12.05.2026
c106765,Алиса Осипова,+7 (946) 312-66-39,user106765@example.ru,Санкт-Петербург,07.04.2025
c104541,Максим Шилова,+7 (991) 292-36-03,user104541@example.ru,Казань,12.07.2025
c103617,Лидия Осипова,+7 (978) 118-57-02,user103617@example.ru,Москва,10.07.2025
c101957,Алиса Шилова,+7 (969) 879-11-35,user101957@example.ru,Санкт-Петербург,21.02.2025
c105554,Павел Мешков,+7 (989) 710-29-64,user105554@example.ru,Санкт-Петербург,13.12.2025
c103831,Роман Ермаков,+7 (962) 361-99-96,user103831@example.ru,Казань,26.01.2024
c102353,Лидия Крылов,+7 (934) 266-43-83,user102353@example.ru,Санкт-Петербург,05.07.2025
c105301,Елена Юдина,+7 (952) 283-07-77,user105301@example.ru,Екатеринбург,13.03.2024
c101753,Полина Юдина,+7 (964) 903-14-33,user101753@example.ru,Новосибирск,18.10.2024
c104080,Ольга Панин,+7 (968) 583-33-83,user104080@example.ru,Казань,23.08.2024
c100142,Павел Юдина,+7 (935) 454-64-32,user100142@example.ru,Санкт-Петербург,18.02.2025
c105592,Ольга Мешков,+7 (946) 985-17-17,user105592@example.ru,Красноярск,23.03.2025
c104414,Юлия Мешков,+7 (969) 081-80-43,user104414@example.ru,Москва,25.11.2024
c105181,Полина Крылов,+7 (944) 887-87-67,user105181@example.ru,Москва,09.08.2024
c102663,Артур Савельев,+7 (979) 985-19-95,user102663@example.ru,Москва,18.01.2025
c102444,Алиса Шилова,+7 (915) 109-58-88,user102444@example.ru,Санкт-Петербург,10.07.2025
c102957,Павел Ермаков,+7 (988) 476-10-93,user102957@example.ru,Новосибирск,05.12.2025
c104514,Глеб Тихонова,+7 (927) 763-98-79,user104514@example.ru,Екатеринбург,24.11.2025
c104832,Лидия Лаптев,+7 (973) 222-74-72,user104832@example.ru,Москва,19.02.2026
c100993,Вера Крылов,+7 (955) 014-27-71,user100993@example.ru,Санкт-Петербург,02.01.2025
c105279,Егор Зуева,+7 (951) 171-76-06,user105279@example.ru,Казань,10.07.2025
c105749,Егор Гордеев,+7 (936) 839-67-00,user105749@example.ru,Екатеринбург,06.12.2024
c100599,Мария Зуева,+7 (916) 577-23-96,user100599@example.ru,Екатеринбург,28.02.2026
c103961,Полина Мешков,+7 (957) 226-43-73,user103961@example.ru,Красноярск,09.02.2026
c102995,Мария Крылов,+7 (967) 396-29-81,user102995@example.ru,Красноярск,14.05.2026
c105547,Полина Тихонова,+7 (978) 459-84-43,user105547@example.ru,Екатеринбург,25.03.2025
c104911,Игорь Крылов,+7 (970) 873-88-01,user104911@example.ru,Новосибирск,07.12.2024
c101020,Артур Тихонова,+7 (982) 772-56-85,user101020@example.ru,Новосибирск,31.07.2025
c100015,Тимур Крылов,+7 (921) 886-78-76,user100015@example.ru,Красноярск,20.12.2024
c105168,Анна Крылов,+7 (955) 514-69-97,user105168@example.ru,Казань,25.04.2026
c103282,Тимур Крылов,+7 (933) 813-20-59,user103282@example.ru,Санкт-Петербург,05.03.2026
c102219,Павел Зуева,+7 (919) 716-72-44,user102219@example.ru,Казань,02.10.2025
c100435,Максим Савельев,+7 (973) 948-70-16,user100435@example.ru,Санкт-Петербург,25.10.2025
c102518,Егор Белых,+7 (962) 735-11-22,user102518@example.ru,Красноярск,23.11.2024
c101790,Алиса Белых,+7 (981) 020-10-20,user101790@example.ru,Санкт-Петербург,14.07.2024
c103418,Денис Тихонова,+7 (926) 762-61-66,user103418@example.ru,Красноярск,05.08.2024
c105807,Денис Юдина,+7 (979) 136-58-63,user105807@example.ru,Екатеринбург,23.02.2026
c106617,Максим Юдина,+7 (988) 035-35-46,user106617@example.ru,Казань,06.12.2025
c106791,Елена Сорокина,+7 (945) 699-06-08,user106791@example.ru,Москва,25.12.2025
c102735,Юлия Гордеев,+7 (942) 809-74-70,user102735@example.ru,Москва,22.06.2026
c103814,Павел Ермаков,+7 (922) 381-63-19,user103814@example.ru,Санкт-Петербург,29.05.2025
c106608,Тимур Зуева,+7 (919) 634-96-86,user106608@example.ru,Москва,01.11.2024
c102989,Максим Крылов,+7 (911) 600-42-54,user102989@example.ru,Казань,21.05.2024
c103099,Игорь Шилова,+7 (931) 409-21-37,user103099@example.ru,Казань,18.08.2024
c102010,Вера Тихонова,+7 (958) 102-05-14,user102010@example.ru,Казань,28.12.2024
c104017,Глеб Белых,+7 (992) 853-76-76,user104017@example.ru,Казань,11.01.2026
c102172,Игорь Белых,+7 (997) 002-40-16,user102172@example.ru,Красноярск,23.10.2025
c106466,Павел Осипова,+7 (937) 825-45-06,user106466@example.ru,Красноярск,27.01.2025
c100171,Ольга Зуева,+7 (922) 022-82-63,user100171@example.ru,Санкт-Петербург,16.08.2025
c103958,Наталья Мешков,+7 (990) 621-37-81,user103958@example.ru,Санкт-Петербург,12.02.2025
c103979,Мария Ермаков,+7 (999) 502-74-62,user103979@example.ru,Красноярск,14.01.2025
c101609,Роман Панин,+7 (959) 076-48-71,user101609@example.ru,Новосибирск,09.05.2026
c102796,Ольга Юдина,+7 (964) 075-42-15,user102796@example.ru,Новосибирск,09.03.2025
c101017,Тимур Шилова,+7 (910) 716-30-93,user101017@example.ru,Новосибирск,07.03.2026
c105558,Роман Савельев,+7 (933) 765-37-41,user105558@example.ru,Казань,17.06.2024
c105718,Тимур Нестеров,+7 (942) 381-41-28,user105718@example.ru,Санкт-Петербург,13.05.2024
c106346,Вера Юдина,+7 (943) 467-50-59,user106346@example.ru,Санкт-Петербург,03.04.2024
c103630,Полина Ермаков,+7 (911) 245-72-27,user103630@example.ru,Москва,03.12.2024
c101507,Юлия Гордеев,+7 (955) 213-94-95,user101507@example.ru,Новосибирск,30.10.2024
c100062,Лидия Шилова,+7 (918) 959-81-42,user100062@example.ru,Москва,28.06.2024
c102410,Игорь Гордеев,+7 (957) 468-82-82,user102410@example.ru,Казань,06.02.2025
c100660,Роман Ковальчук,+7 (962) 168-68-35,user100660@example.ru,Екатеринбург,03.05.2025
c105248,Павел Юдина,+7 (926) 926-15-19,user105248@example.ru,Екатеринбург,10.11.2025
c100727,Максим Зуева,+7 (964) 137-75-53,user100727@example.ru,Екатеринбург,29.12.2025
c100991,Вера Нестеров,+7 (979) 739-39-12,user100991@example.ru,Санкт-Петербург,13.11.2024
c102298,Юлия Нестеров,+7 (975) 106-12-84,user102298@example.ru,Красноярск,11.07.2025
c106629,Егор Савельев,+7 (985) 017-60-23,user106629@example.ru,Красноярск,02.07.2025
c105855,Юлия Крылов,+7 (918) 445-01-11,user105855@example.ru,Санкт-Петербург,18.06.2026
c103228,Ольга Ковальчук,+7 (918) 771-72-55,user103228@example.ru,Екатеринбург,20.01.2026
c103032,Мария Ермаков,+7 (969) 602-96-57,user103032@example.ru,Екатеринбург,25.03.2025
c104536,Глеб Мешков,+7 (995) 275-63-17,user104536@example.ru,Новосибирск,04.09.2025
c105377,Денис Шилова,+7 (958) 483-59-48,user105377@example.ru,Москва,18.11.2025
c102858,Артур Ермаков,+7 (998) 952-89-18,user102858@example.ru,Новосибирск,28.03.2025
c106452,Наталья Савельев,+7 (972) 621-17-42,user106452@example.ru,Санкт-Петербург,30.05.2024
c106302,Артур Юдина,+7 (910) 427-66-23,user106302@example.ru,Красноярск,08.03.2025
c101288,Тимур Юдина,+7 (952) 765-18-70,user101288@example.ru,Москва,04.01.2026
c101683,Максим Нестеров,+7 (992) 616-73-06,user101683@example.ru,Екатеринбург,07.03.2025
c105789,Тимур Белых,+7 (933) 060-81-64,user105789@example.ru,Санкт-Петербург,20.11.2024
c102310,Алиса Юдина,+7 (988) 560-49-52,user102310@example.ru,Новосибирск,24.02.2024
c103352,Егор Юдина,+7 (932) 735-04-63,user103352@example.ru,Екатеринбург,11.06.2026
c105283,Игорь Гордеев,+7 (966) 968-32-61,user105283@example.ru,Москва,18.07.2024
c101877,Вера Сорокина,+7 (933) 213-20-50,user101877@example.ru,Казань,15.12.2024
c103303,Максим Мешков,+7 (934) 068-71-32,user103303@example.ru,Казань,06.11.2024
c102238,Лидия Белых,+7 (923) 985-11-47,user102238@example.ru,Екатеринбург,19.06.2024
c105644,Глеб Гордеев,+7 (986) 448-39-88,user105644@example.ru,Казань,07.01.2026
c100799,Ольга Ермаков,+7 (979) 650-37-88,user100799@example.ru,Новосибирск,31.12.2025
c100037,Ольга Мешков,+7 (950) 072-31-20,user100037@example.ru,Москва,22.04.2024
c106814,Роман Шилова,+7 (928) 719-35-75,user106814@example.ru,Красноярск,24.03.2026
c101798,Анна Савельев,+7 (990) 761-90-98,user101798@example.ru,Новосибирск,08.01.2026
c105058,Алиса Тихонова,+7 (950) 482-34-55,user105058@example.ru,Екатеринбург,27.10.2024
c103742,Максим Гордеев,+7 (936) 380-97-02,user103742@example.ru,Новосибирск,09.08.2024
c100471,Лидия Савельев,+7 (933) 827-69-39,user100471@example.ru,Москва,06.11.2024
c106035,Роман Сорокина,+7 (954) 593-75-23,user106035@example.ru,Казань,27.08.2024
c105271,Ольга Осипова,+7 (948) 874-60-18,user105271@example.ru,Новосибирск,24.01.2025
c101555,Павел Нестеров,+7 (977) 761-90-81,user101555@example.ru,Санкт-Петербург,14.05.2026
c100050,Вера Крылов,+7 (948) 615-39-11,user100050@example.ru,Екатеринбург,18.05.2026
c104769,Кирилл Шилова,+7 (956) 397-83-35,user104769@example.ru,Казань,11.03.2026
c106089,Лидия Сорокина,+7 (968) 269-85-37,user106089@example.ru,Екатеринбург,20.03.2024
c100902,Алиса Ермаков,+7 (958) 904-53-36,user100902@example.ru,Красноярск,08.05.2026
c103608,Кирилл Савельев,+7 (914) 918-98-68,user103608@example.ru,Казань,20.06.2026
c102825,Роман Осипова,+7 (969) 943-76-42,user102825@example.ru,Казань,13.03.2025
c103571,Вера Ковальчук,+7 (944) 143-82-04,user103571@example.ru,Красноярск,22.07.2024
c100027,Артур Нестеров,+7 (927) 978-16-59,user100027@example.ru,Новосибирск,16.06.2026
c100384,Елена Крылов,+7 (999) 514-42-53,user100384@example.ru,Новосибирск,05.06.2025
c106065,Игорь Тихонова,+7 (972) 813-98-77,user106065@example.ru,Санкт-Петербург,23.12.2024
c100100,Юлия Тихонова,+7 (954) 169-63-99,user100100@example.ru,Казань,04.06.2026
c103728,Юлия Шилова,+7 (977) 968-82-00,user103728@example.ru,Екатеринбург,13.06.2025
c104196,Елена Лаптев,+7 (941) 068-63-54,user104196@example.ru,Санкт-Петербург,26.04.2024
c102704,Артур Белых,+7 (954) 778-87-53,user102704@example.ru,Москва,15.09.2024
c103893,Егор Панин,+7 (970) 660-17-89,user103893@example.ru,Красноярск,14.11.2025
c102254,Наталья Ковальчук,+7 (924) 881-43-55,user102254@example.ru,Екатеринбург,22.02.2026
c100005,Вера Юдина,+7 (932) 020-88-55,user100005@example.ru,Красноярск,18.06.2026
c101724,Юлия Ермаков,+7 (967) 927-70-48,user101724@example.ru,Санкт-Петербург,29.01.2025
c103641,Павел Нестеров,+7 (994) 791-87-33,user103641@example.ru,Екатеринбург,28.10.2025
c103682,Лидия Юдина,+7 (951) 310-70-85,user103682@example.ru,Новосибирск,16.09.2024
c106009,Лидия Панин,+7 (972) 439-04-24,user106009@example.ru,Екатеринбург,20.03.2025
c106578,Артур Сорокина,+7 (952) 890-23-74,user106578@example.ru,Казань,22.07.2025
c104478,Наталья Савельев,+7 (960) 562-23-34,user104478@example.ru,Красноярск,20.01.2025
c100524,Лидия Гордеев,+7 (919) 758-58-48,user100524@example.ru,Красноярск,08.04.2025
c100279,Игорь Лаптев,+7 (951) 044-62-55,user100279@example.ru,Санкт-Петербург,06.11.2024
c104062,Полина Лаптев,+7 (944) 330-60-80,user104062@example.ru,Екатеринбург,06.08.2025
c100545,Игорь Зуева,+7 (919) 748-70-74,user100545@example.ru,Санкт-Петербург,05.04.2024
c101225,Тимур Ковальчук,+7 (976) 786-22-63,user101225@example.ru,Москва,24.03.2026
c102095,Денис Мешков,+7 (951) 397-43-65,user102095@example.ru,Казань,12.09.2025
c104957,Игорь Ковальчук,+7 (981) 251-00-21,user104957@example.ru,Красноярск,01.02.2024
c101399,Павел Осипова,+7 (951) 862-04-08,user101399@example.ru,Екатеринбург,25.10.2025
c102062,Полина Белых,+7 (988) 661-18-13,user102062@example.ru,Красноярск,30.05.2025
c104116,Анна Лаптев,+7 (937) 959-72-34,user104116@example.ru,Москва,21.02.2025
c102315,Артур Ермаков,+7 (940) 379-04-44,user102315@example.ru,Москва,16.07.2025
c105208,Денис Ковальчук,+7 (960) 348-99-41,user105208@example.ru,Москва,30.07.2025
c101380,Тимур Нестеров,+7 (953) 359-96-74,user101380@example.ru,Новосибирск,26.04.2026
c105259,Вера Панин,+7 (931) 251-38-31,user105259@example.ru,Москва,24.06.2024
c100587,Лидия Гордеев,+7 (943) 189-67-51,user100587@example.ru,Москва,10.11.2025
c101048,Егор Тихонова,+7 (939) 496-07-97,user101048@example.ru,Красноярск,06.12.2025
c105268,Анна Осипова,+7 (968) 817-95-33,user105268@example.ru,Екатеринбург,10.12.2025
c106670,Игорь Нестеров,+7 (913) 280-21-96,user106670@example.ru,Санкт-Петербург,03.08.2025
c106804,Глеб Лаптев,+7 (934) 778-33-19,user106804@example.ru,Красноярск,10.04.2026
c100200,Лидия Ермаков,+7 (994) 159-29-69,user100200@example.ru,Казань,02.02.2025
c102806,Игорь Ковальчук,+7 (991) 470-72-19,user102806@example.ru,Екатеринбург,05.12.2025
c105112,Вера Сорокина,+7 (991) 255-02-23,user105112@example.ru,Новосибирск,20.05.2026
c102601,Мария Гордеев,+7 (985) 691-47-51,user102601@example.ru,Екатеринбург,22.08.2025
c100359,Игорь Панин,+7 (930) 451-62-06,user100359@example.ru,Москва,15.06.2025
c104464,Елена Мешков,+7 (920) 795-02-57,user104464@example.ru,Новосибирск,19.12.2025
c106600,Тимур Савельев,+7 (950) 814-23-86,user106600@example.ru,Санкт-Петербург,17.04.2026
c106812,Лидия Савельев,+7 (944) 806-43-69,user106812@example.ru,Екатеринбург,05.11.2024
c104576,Наталья Гордеев,+7 (986) 965-99-66,user104576@example.ru,Санкт-Петербург,30.01.2024
c103436,Елена Белых,+7 (922) 350-50-14,user103436@example.ru,Казань,01.03.2025
c105960,Лидия Осипова,+7 (915) 573-80-48,user105960@example.ru,Красноярск,31.10.2024
c102524,Артур Белых,+7 (982) 750-90-26,user102524@example.ru,Екатеринбург,27.06.2024
c103328,Павел Тихонова,+7 (977) 250-54-43,user103328@example.ru,Санкт-Петербург,28.11.2024
c104580,Юлия Шилова,+7 (931) 835-37-23,user104580@example.ru,Новосибирск,21.02.2024
c105065,Мария Белых,+7 (967) 291-91-80,user105065@example.ru,Екатеринбург,09.05.2025
c102861,Полина Лаптев,+7 (990) 625-97-82,user102861@example.ru,Москва,16.11.2025
c106521,Павел Осипова,+7 (982) 513-19-83,user106521@example.ru,Новосибирск,19.05.2025
c103491,Мария Гордеев,+7 (962) 202-10-17,user103491@example.ru,Екатеринбург,21.03.2024
c105510,Елена Нестеров,+7 (994) 335-54-30,user105510@example.ru,Новосибирск,07.11.2024
c105853,Павел Гордеев,+7 (924) 138-27-46,user105853@example.ru,Санкт-Петербург,30.09.2025
c104164,Игорь Ковальчук,+7 (989) 178-26-51,user104164@example.ru,Москва,13.06.2024
c101761,Кирилл Крылов,+7 (975) 812-17-21,user101761@example.ru,Новосибирск,31.05.2025
c102183,Вера Савельев,+7 (968) 080-58-05,user102183@example.ru,Москва,28.08.2025
c100752,Глеб Юдина,+7 (997) 505-05-01,user100752@example.ru,Казань,09.07.2024
c100466,Денис Крылов,+7 (962) 570-24-69,user100466@example.ru,Екатеринбург,21.10.2025
c101604,Тимур Крылов,+7 (994) 521-84-16,user101604@example.ru,Санкт-Петербург,16.04.2026
c100551,Игорь Тихонова,+7 (946) 077-62-65,user100551@example.ru,Екатеринбург,12.01.2024
c105836,Роман Панин,+7 (985) 157-71-49,user105836@example.ru,Екатеринбург,25.09.2024
c106786,Вера Савельев,+7 (912) 477-73-47,user106786@example.ru,Санкт-Петербург,28.07.2025
c106856,Ольга Гордеев,+7 (920) 214-24-62,user106856@example.ru,Москва,11.05.2026
c101362,Анна Шилова,+7 (954) 301-04-48,user101362@example.ru,Новосибирск,09.03.2025
c101286,Тимур Мешков,+7 (981) 018-98-37,user101286@example.ru,Екатеринбург,02.10.2024
c104764,Роман Ковальчук,+7 (976) 827-22-96,user104764@example.ru,Москва,12.08.2024
c101405,Наталья Крылов,+7 (931) 760-12-19,user101405@example.ru,Екатеринбург,10.10.2025
c106271,Глеб Лаптев,+7 (924) 738-31-47,user106271@example.ru,Екатеринбург,19.10.2025
c100346,Елена Сорокина,+7 (922) 130-19-51,user100346@example.ru,Санкт-Петербург,29.01.2025
c105188,Егор Юдина,+7 (920) 097-16-07,user105188@example.ru,Новосибирск,26.07.2025
c100776,Артур Зуева,+7 (932) 935-54-47,user100776@example.ru,Екатеринбург,10.05.2024
c106489,Елена Сорокина,+7 (925) 028-28-23,user106489@example.ru,Екатеринбург,05.05.2026
c102641,Денис Зуева,+7 (983) 067-96-34,user102641@example.ru,Красноярск,24.01.2024
c104136,Анна Нестеров,+7 (931) 784-30-89,user104136@example.ru,Красноярск,01.04.2025
c101062,Мария Мешков,+7 (954) 751-46-32,user101062@example.ru,Москва,19.04.2024
c101929,Анна Белых,+7 (983) 168-16-26,user101929@example.ru,Москва,28.08.2024
c101093,Максим Лаптев,+7 (989) 659-26-28,user101093@example.ru,Казань,26.09.2024
c104052,Артур Мешков,+7 (930) 864-44-37,user104052@example.ru,Новосибирск,06.10.2025
c103027,Егор Юдина,+7 (936) 405-90-17,user103027@example.ru,Санкт-Петербург,16.08.2024
c106789,Алиса Осипова,+7 (966) 833-44-41,user106789@example.ru,Екатеринбург,14.12.2024
c100884,Ольга Юдина,+7 (978) 451-05-98,user100884@example.ru,Новосибирск,24.09.2025
c103648,Тимур Нестеров,+7 (952) 309-67-30,user103648@example.ru,Санкт-Петербург,17.06.2025
c101007,Роман Нестеров,+7 (973) 214-15-90,user101007@example.ru,Екатеринбург,08.12.2025
c100218,Вера Ковальчук,+7 (953) 060-51-23,user100218@example.ru,Красноярск,02.03.2024
c103941,Кирилл Ермаков,+7 (936) 167-94-16,user103941@example.ru,Красноярск,27.01.2024
c100125,Игорь Савельев,+7 (972) 829-84-93,user100125@example.ru,Санкт-Петербург,19.01.2025
c100477,Денис Панин,+7 (990) 976-10-01,user100477@example.ru,Красноярск,11.10.2025
c104446,Артур Гордеев,+7 (938) 459-32-14,user104446@example.ru,Новосибирск,01.03.2025
c103171,Максим Крылов,+7 (978) 787-63-95,user103171@example.ru,Новосибирск,01.06.2025
c101348,Лидия Юдина,+7 (962) 162-78-90,user101348@example.ru,Новосибирск,02.09.2025
c100173,Алиса Крылов,+7 (966) 838-26-84,user100173@example.ru,Санкт-Петербург,18.02.2025
c105492,Елена Тихонова,+7 (922) 195-01-75,user105492@example.ru,Екатеринбург,21.01.2026
c101333,Егор Сорокина,+7 (942) 216-04-57,user101333@example.ru,Казань,16.03.2024
c103013,Тимур Ермаков,+7 (939) 919-77-45,user103013@example.ru,Красноярск,15.04.2025
c105939,Алиса Зуева,+7 (914) 856-72-36,user105939@example.ru,Новосибирск,30.05.2025
c106066,Глеб Савельев,+7 (943) 313-97-84,user106066@example.ru,Новосибирск,17.03.2025
c103669,Лидия Ермаков,+7 (938) 580-67-81,user103669@example.ru,Новосибирск,05.09.2024
c101404,Артур Осипова,+7 (942) 032-16-65,user101404@example.ru,Казань,22.08.2025
c100352,Максим Мешков,+7 (976) 338-11-17,user100352@example.ru,Красноярск,24.06.2025
c104728,Анна Сорокина,+7 (925) 256-08-18,user104728@example.ru,Казань,18.01.2026
c104642,Игорь Гордеев,+7 (930) 306-29-44,user104642@example.ru,Красноярск,21.09.2025
c103005,Денис Нестеров,+7 (979) 638-41-00,user103005@example.ru,Казань,09.07.2024
c106762,Тимур Мешков,+7 (941) 465-58-61,user106762@example.ru,Москва,09.02.2026
c104142,Вера Панин,+7 (956) 907-74-14,user104142@example.ru,Санкт-Петербург,29.12.2025
c100591,Глеб Ковальчук,+7 (986) 526-21-44,user100591@example.ru,Москва,05.12.2024
c106871,Ольга Ермаков,+7 (938) 517-69-90,user106871@example.ru,Екатеринбург,24.03.2024
c106158,Юлия Шилова,+7 (946) 912-58-78,user106158@example.ru,Красноярск,13.06.2024
c104788,Павел Лаптев,+7 (991) 632-51-51,user104788@example.ru,Новосибирск,06.08.2024
c101038,Анна Нестеров,+7 (939) 386-89-83,user101038@example.ru,Новосибирск,24.12.2025
c104135,Наталья Гордеев,+7 (948) 323-71-08,user104135@example.ru,Санкт-Петербург,15.05.2026
c106053,Павел Савельев,+7 (981) 941-27-45,user106053@example.ru,Санкт-Петербург,12.04.2026
c100908,Денис Лаптев,+7 (929) 062-39-00,user100908@example.ru,Екатеринбург,11.03.2024
c103440,Павел Осипова,+7 (948) 915-29-17,user103440@example.ru,Москва,20.07.2024
c104742,Максим Юдина,+7 (923) 849-57-86,user104742@example.ru,Москва,10.12.2024
c102911,Полина Тихонова,+7 (985) 934-59-93,user102911@example.ru,Санкт-Петербург,21.01.2026
c106319,Максим Савельев,+7 (979) 219-30-17,user106319@example.ru,Новосибирск,13.08.2025
c106507,Вера Савельев,+7 (976) 724-89-55,user106507@example.ru,Екатеринбург,21.11.2025
c102939,Денис Шилова,+7 (934) 748-73-30,user102939@example.ru,Казань,27.04.2024
c101134,Денис Шилова,+7 (933) 496-88-42,user101134@example.ru,Красноярск,29.04.2026
c103950,Кирилл Панин,+7 (944) 948-51-92,user103950@example.ru,Казань,10.04.2024
c101970,Павел Ермаков,+7 (938) 015-50-20,user101970@example.ru,Екатеринбург,12.10.2024
c102266,Ольга Сорокина,+7 (956) 771-89-08,user102266@example.ru,Казань,22.10.2024
c103212,Максим Панин,+7 (922) 583-24-89,user103212@example.ru,Екатеринбург,18.12.2025
c100282,Елена Гордеев,+7 (914) 017-32-04,user100282@example.ru,Екатеринбург,19.06.2026
c100769,Наталья Панин,+7 (915) 175-20-60,user100769@example.ru,Санкт-Петербург,11.04.2026
c101896,Лидия Юдина,+7 (939) 244-18-08,user101896@example.ru,Казань,28.10.2025
c100157,Глеб Мешков,+7 (921) 039-63-13,user100157@example.ru,Красноярск,14.06.2024
c105326,Алиса Юдина,+7 (997) 469-15-83,user105326@example.ru,Красноярск,10.12.2024
c105815,Кирилл Юдина,+7 (943) 937-79-06,user105815@example.ru,Казань,15.01.2025
c103762,Кирилл Белых,+7 (918) 496-76-18,user103762@example.ru,Красноярск,07.11.2025
c104571,Глеб Тихонова,+7 (924) 695-41-73,user104571@example.ru,Новосибирск,15.04.2026
c101841,Мария Панин,+7 (952) 993-41-77,user101841@example.ru,Казань,11.05.2026
c103182,Лидия Лаптев,+7 (990) 168-85-36,user103182@example.ru,Санкт-Петербург,30.04.2025
c104087,Кирилл Осипова,+7 (912) 898-84-04,user104087@example.ru,Новосибирск,18.12.2025
c100460,Наталья Мешков,+7 (949) 901-42-78,user100460@example.ru,Екатеринбург,19.01.2024
c101108,Игорь Крылов,+7 (964) 905-52-98,user101108@example.ru,Казань,21.08.2025
c102257,Павел Белых,+7 (915) 478-37-79,user102257@example.ru,Новосибирск,24.03.2024
c104127,Роман Тихонова,+7 (918) 643-45-04,user104127@example.ru,Красноярск,12.04.2025
c104822,Игорь Юдина,+7 (961) 119-82-02,user104822@example.ru,Санкт-Петербург,14.02.2026
c101424,Роман Нестеров,+7 (953) 115-53-03,user101424@example.ru,Новосибирск,04.02.2025
c104625,Наталья Гордеев,+7 (999) 488-94-41,user104625@example.ru,Казань,01.11.2024
c104828,Наталья Ковальчук,+7 (945) 867-11-56,user104828@example.ru,Москва,29.10.2025
c103122,Павел Зуева,+7 (992) 969-92-34,user103122@example.ru,Екатеринбург,10.11.2024
c105653,Алиса Лаптев,+7 (964) 471-46-29,user105653@example.ru,Казань,16.09.2024
c106502,Денис Ковальчук,+7 (967) 366-08-67,user106502@example.ru,Красноярск,09.01.2026
c104511,Денис Крылов,+7 (915) 300-69-57,user104511@example.ru,Екатеринбург,08.04.2025
c101694,Кирилл Шилова,+7 (911) 276-62-72,user101694@example.ru,Красноярск,16.08.2024
c102877,Мария Панин,+7 (919) 325-85-83,user102877@example.ru,Москва,14.06.2024
c100485,Алиса Мешков,+7 (950) 758-59-30,user100485@example.ru,Казань,29.09.2024
c103117,Игорь Сорокина,+7 (984) 775-06-11,user103117@example.ru,Новосибирск,10.09.2025
c104849,Роман Савельев,+7 (983) 302-31-71,user104849@example.ru,Красноярск,31.12.2025
c101652,Артур Панин,+7 (967) 320-23-25,user101652@example.ru,Санкт-Петербург,22.04.2024
c101221,Тимур Нестеров,+7 (938) 859-87-11,user101221@example.ru,Новосибирск,11.05.2025
c100581,Егор Панин,+7 (982) 349-82-78,user100581@example.ru,Красноярск,13.10.2025
c101520,Юлия Нестеров,+7 (982) 532-24-50,user101520@example.ru,Москва,17.07.2024
c100717,Денис Лаптев,+7 (950) 309-30-46,user100717@example.ru,Санкт-Петербург,25.04.2025
c102194,Лидия Нестеров,+7 (996) 299-56-47,user102194@example.ru,Екатеринбург,11.10.2025
c103956,Мария Нестеров,+7 (941) 911-78-49,user103956@example.ru,Казань,10.12.2024
c103266,Егор Белых,+7 (973) 480-31-02,user103266@example.ru,Санкт-Петербург,22.04.2025
c104801,Глеб Осипова,+7 (956) 148-25-07,user104801@example.ru,Красноярск,09.05.2024
c100089,Ольга Савельев,+7 (972) 257-31-12,user100089@example.ru,Екатеринбург,29.03.2024
c100389,Тимур Белых,+7 (977) 229-24-84,user100389@example.ru,Новосибирск,30.04.2025
c103316,Алиса Гордеев,+7 (911) 246-44-99,user103316@example.ru,Екатеринбург,10.03.2024
c100348,Игорь Лаптев,+7 (944) 027-24-89,user100348@example.ru,Казань,12.05.2026
c103061,Тимур Ковальчук,+7 (938) 872-22-23,user103061@example.ru,Красноярск,25.10.2024
c106078,Максим Сорокина,+7 (927) 577-38-64,user106078@example.ru,Екатеринбург,17.04.2024
c104711,Анна Нестеров,+7 (931) 272-96-72,user104711@example.ru,Екатеринбург,01.04.2026
c103131,Наталья Лаптев,+7 (995) 892-40-58,user103131@example.ru,Новосибирск,22.05.2024
c102041,Наталья Нестеров,+7 (948) 467-12-92,user102041@example.ru,Санкт-Петербург,06.01.2026
c103477,Павел Гордеев,+7 (982) 913-28-19,user103477@example.ru,Санкт-Петербург,18.09.2024
c106464,Мария Тихонова,+7 (974) 829-00-86,user106464@example.ru,Екатеринбург,12.07.2024
c100102,Алиса Ермаков,+7 (920) 109-96-28,user100102@example.ru,Красноярск,27.11.2025
c103781,Кирилл Мешков,+7 (977) 646-16-16,user103781@example.ru,Казань,05.04.2025
c103723,Павел Юдина,+7 (987) 948-67-54,user103723@example.ru,Казань,18.09.2025
c106069,Лидия Зуева,+7 (970) 203-15-33,user106069@example.ru,Красноярск,23.04.2025
c106638,Егор Юдина,+7 (990) 804-70-87,user106638@example.ru,Казань,21.07.2024
c102503,Анна Крылов,+7 (941) 927-81-61,user102503@example.ru,Екатеринбург,21.01.2024
c106879,Павел Нестеров,+7 (976) 266-85-06,user106879@example.ru,Москва,26.04.2025
c103860,Юлия Мешков,+7 (915) 318-53-43,user103860@example.ru,Новосибирск,02.07.2024
c105187,Игорь Юдина,+7 (967) 212-73-49,user105187@example.ru,Новосибирск,01.08.2024
c106603,Анна Зуева,+7 (930) 750-80-73,user106603@example.ru,Москва,09.03.2025
c106011,Мария Юдина,+7 (982) 037-34-12,user106011@example.ru,Москва,17.02.2024
c104198,Мария Савельев,+7 (998) 223-47-40,user104198@example.ru,Новосибирск,18.05.2025
c101115,Мария Тихонова,+7 (944) 742-44-46,user101115@example.ru,Санкт-Петербург,20.04.2025
c104236,Денис Белых,+7 (988) 145-72-47,user104236@example.ru,Екатеринбург,17.10.2024
c104830,Глеб Юдина,+7 (929) 164-75-63,user104830@example.ru,Новосибирск,27.12.2024
c101690,Глеб Савельев,+7 (980) 182-50-76,user101690@example.ru,Новосибирск,24.03.2026
c101451,Глеб Лаптев,+7 (944) 630-21-10,user101451@example.ru,Казань,17.01.2025
c101190,Вера Белых,+7 (950) 034-95-28,user101190@example.ru,Екатеринбург,26.03.2025
c100462,Павел Ковальчук,+7 (927) 099-14-35,user100462@example.ru,Санкт-Петербург,15.10.2025
c101002,Тимур Белых,+7 (959) 620-48-00,user101002@example.ru,Красноярск,03.04.2025
c101123,Юлия Савельев,+7 (911) 172-81-49,user101123@example.ru,Новосибирск,03.05.2024
c104444,Ольга Осипова,+7 (954) 461-68-95,user104444@example.ru,Казань,20.01.2024
c100922,Егор Мешков,+7 (980) 545-96-37,user100922@example.ru,Красноярск,23.12.2024
c103311,Кирилл Ермаков,+7 (988) 085-70-39,user103311@example.ru,Красноярск,07.05.2024
c100286,Юлия Нестеров,+7 (914) 829-50-87,user100286@example.ru,Екатеринбург,31.08.2024
c104163,Анна Ермаков,+7 (948) 267-32-26,user104163@example.ru,Екатеринбург,17.08.2025
c101262,Лидия Гордеев,+7 (946) 995-20-50,user101262@example.ru,Екатеринбург,24.11.2025
c101072,Вера Ермаков,+7 (918) 957-97-45,user101072@example.ru,Красноярск,30.01.2026
c106556,Алиса Панин,+7 (911) 034-89-91,user106556@example.ru,Санкт-Петербург,30.11.2025
c101317,Тимур Мешков,+7 (984) 960-48-23,user101317@example.ru,Красноярск,25.04.2025
c103039,Ольга Савельев,+7 (991) 232-63-01,user103039@example.ru,Красноярск,18.09.2024
c104439,Игорь Ковальчук,+7 (992) 708-77-53,user104439@example.ru,Новосибирск,22.09.2024
c101569,Юлия Ковальчук,+7 (984) 208-66-29,user101569@example.ru,Санкт-Петербург,17.08.2024
c100580,Максим Лаптев,+7 (919) 091-95-56,user100580@example.ru,Санкт-Петербург,25.09.2025
c100552,Лидия Ермаков,+7 (933) 153-08-58,user100552@example.ru,Красноярск,31.03.2024
c102588,Максим Панин,+7 (993) 696-08-48,user102588@example.ru,Москва,05.03.2026
c100640,Мария Мешков,+7 (956) 496-50-28,user100640@example.ru,Санкт-Петербург,22.03.2024
c100196,Алиса Крылов,+7 (950) 279-80-55,user100196@example.ru,Екатеринбург,01.12.2025
c101764,Вера Шилова,+7 (983) 594-20-80,user101764@example.ru,Красноярск,30.06.2025
c104586,Ольга Юдина,+7 (939) 768-32-24,user104586@example.ru,Москва,28.10.2025
c104755,Мария Лаптев,+7 (939) 326-56-39,user104755@example.ru,Москва,25.05.2025
c102279,Елена Тихонова,+7 (914) 975-66-53,user102279@example.ru,Казань,24.05.2024
c106876,Алиса Ковальчук,+7 (914) 216-99-62,user106876@example.ru,Санкт-Петербург,10.07.2024
c103797,Денис Лаптев,+7 (920) 589-31-58,user103797@example.ru,Красноярск,01.12.2024
c103647,Глеб Савельев,+7 (921) 977-30-34,user103647@example.ru,Санкт-Петербург,17.03.2025
c105215,Наталья Гордеев,+7 (982) 581-60-31,user105215@example.ru,Санкт-Петербург,14.03.2024
c100829,Артур Савельев,+7 (981) 660-45-89,user100829@example.ru,Новосибирск,08.08.2024
c102966,Кирилл Шилова,+7 (961) 445-60-36,user102966@example.ru,Санкт-Петербург,05.05.2025
c105034,Павел Белых,+7 (991) 289-54-72,user105034@example.ru,Казань,29.04.2024
c104140,Полина Сорокина,+7 (986) 914-17-07,user104140@example.ru,Новосибирск,08.06.2026
c103138,Наталья Сорокина,+7 (977) 544-36-17,user103138@example.ru,Екатеринбург,09.04.2026
c106366,Глеб Сорокина,+7 (996) 254-04-32,user106366@example.ru,Казань,12.11.2024
c104925,Павел Мешков,+7 (972) 838-07-61,user104925@example.ru,Новосибирск,20.11.2024
c100857,Егор Крылов,+7 (947) 096-91-91,user100857@example.ru,Санкт-Петербург,21.08.2025
c104528,Роман Юдина,+7 (938) 307-91-61,user104528@example.ru,Казань,24.02.2026
c100795,Егор Савельев,+7 (993) 821-48-35,user100795@example.ru,Екатеринбург,11.02.2024
c100632,Артур Ковальчук,+7 (937) 671-91-60,user100632@example.ru,Красноярск,30.05.2024
c101245,Анна Мешков,+7 (930) 419-95-18,user101245@example.ru,Казань,26.04.2026
c103854,Полина Зуева,+7 (914) 385-63-07,user103854@example.ru,Москва,29.06.2026
c104077,Максим Ковальчук,+7 (962) 250-45-55,user104077@example.ru,Красноярск,25.12.2025
c104099,Павел Мешков,+7 (982) 148-02-23,user104099@example.ru,Екатеринбург,20.02.2025
c101557,Павел Ковальчук,+7 (930) 340-69-16,user101557@example.ru,Новосибирск,16.08.2024
c102473,Анна Нестеров,+7 (973) 828-10-71,user102473@example.ru,Санкт-Петербург,12.02.2024
c101834,Вера Ермаков,+7 (991) 077-14-19,user101834@example.ru,Москва,08.04.2025
c102647,Анна Мешков,+7 (995) 013-77-08,user102647@example.ru,Москва,30.10.2025
c106391,Анна Сорокина,+7 (913) 086-20-61,user106391@example.ru,Екатеринбург,13.05.2025
c103160,Полина Ковальчук,+7 (926) 088-05-25,user103160@example.ru,Санкт-Петербург,27.01.2025
c106678,Павел Мешков,+7 (943) 016-41-30,user106678@example.ru,Новосибирск,09.02.2026
c105944,Юлия Крылов,+7 (922) 123-51-94,user105944@example.ru,Казань,21.04.2026
c105493,Павел Лаптев,+7 (982) 139-33-04,user105493@example.ru,Новосибирск,15.09.2024
c106442,Артур Савельев,+7 (977) 576-54-25,user106442@example.ru,Москва,26.05.2024
c100679,Артур Гордеев,+7 (990) 650-90-31,user100679@example.ru,Казань,17.05.2024
c106519,Игорь Осипова,+7 (939) 172-85-55,user106519@example.ru,Красноярск,16.01.2024
c100823,Тимур Ковальчук,+7 (984) 230-89-74,user100823@example.ru,Красноярск,03.07.2024
c101692,Юлия Тихонова,+7 (999) 792-62-82,user101692@example.ru,Екатеринбург,31.10.2025
c103421,Роман Мешков,+7 (986) 316-06-42,user103421@example.ru,Красноярск,19.05.2024
c104837,Лидия Юдина,+7 (956) 983-57-64,user104837@example.ru,Санкт-Петербург,26.03.2024
c103601,Егор Гордеев,+7 (932) 598-32-28,user103601@example.ru,Екатеринбург,17.03.2026
c104674,Наталья Тихонова,+7 (926) 604-35-45,user104674@example.ru,Екатеринбург,22.10.2025
c104639,Егор Юдина,+7 (913) 870-55-47,user104639@example.ru,Москва,24.01.2025
c100175,Роман Юдина,+7 (954) 800-20-63,user100175@example.ru,Санкт-Петербург,25.05.2026
c105639,Вера Лаптев,+7 (920) 137-32-84,user105639@example.ru,Новосибирск,03.08.2025
c101701,Павел Мешков,+7 (919) 167-21-20,user101701@example.ru,Екатеринбург,16.07.2025
c102205,Кирилл Осипова,+7 (916) 380-40-78,user102205@example.ru,Казань,19.05.2026
c100077,Максим Тихонова,+7 (935) 609-74-61,user100077@example.ru,Казань,26.05.2026
c102327,Глеб Белых,+7 (937) 511-61-64,user102327@example.ru,Новосибирск,30.11.2025
c103770,Лидия Савельев,+7 (980) 854-85-69,user103770@example.ru,Красноярск,27.10.2025
c106163,Денис Осипова,+7 (957) 567-55-97,user106163@example.ru,Казань,02.05.2024
c102099,Вера Шилова,+7 (988) 484-05-29,user102099@example.ru,Санкт-Петербург,07.04.2025
c101470,Игорь Тихонова,+7 (962) 076-52-25,user101470@example.ru,Санкт-Петербург,22.09.2024
c101016,Максим Панин,+7 (921) 175-68-25,user101016@example.ru,Новосибирск,06.02.2025
c106584,Роман Зуева,+7 (974) 135-67-44,user106584@example.ru,Екатеринбург,27.10.2024
c101478,Ольга Гордеев,+7 (977) 671-14-33,user101478@example.ru,Новосибирск,18.01.2024
c103291,Роман Лаптев,+7 (931) 528-42-68,user103291@example.ru,Казань,03.04.2026
c103967,Роман Белых,+7 (930) 909-10-11,user103967@example.ru,Новосибирск,12.09.2024
c101268,Мария Лаптев,+7 (942) 727-38-62,user101268@example.ru,Казань,16.05.2024
c102415,Игорь Лаптев,+7 (913) 742-07-74,user102415@example.ru,Новосибирск,21.12.2024
c105783,Мария Белых,+7 (962) 317-27-36,user105783@example.ru,Москва,12.07.2024
c101187,Роман Белых,+7 (935) 924-92-43,user101187@example.ru,Казань,13.12.2025
c102106,Роман Белых,+7 (973) 007-15-04,user102106@example.ru,Москва,05.09.2024
c101948,Полина Юдина,+7 (965) 747-76-11,user101948@example.ru,Красноярск,29.10.2025
c104568,Артур Лаптев,+7 (961) 273-24-80,user104568@example.ru,Москва,18.11.2024
c101279,Павел Осипова,+7 (922) 441-82-52,user101279@example.ru,Москва,18.03.2024
c102249,Полина Ермаков,+7 (951) 821-65-22,user102249@example.ru,Москва,14.08.2024
c101055,Тимур Осипова,+7 (917) 102-41-56,user101055@example.ru,Красноярск,24.06.2025
c101579,Лидия Тихонова,+7 (974) 797-71-10,user101579@example.ru,Москва,11.12.2025
c103322,Полина Нестеров,+7 (977) 091-52-65,user103322@example.ru,Красноярск,23.11.2024
c104288,Игорь Ермаков,+7 (936) 179-90-69,user104288@example.ru,Санкт-Петербург,16.09.2025
c100402,Кирилл Ковальчук,+7 (945) 380-65-94,user100402@example.ru,Казань,20.05.2024
c100464,Роман Лаптев,+7 (954) 165-40-53,user100464@example.ru,Екатеринбург,09.12.2024
c104237,Полина Шилова,+7 (967) 724-67-45,user104237@example.ru,Москва,29.03.2025
c104562,Юлия Белых,+7 (937) 842-40-90,user104562@example.ru,Красноярск,22.04.2024
c100703,Роман Тихонова,+7 (994) 378-68-41,user100703@example.ru,Новосибирск,05.07.2024
c101121,Наталья Юдина,+7 (924) 131-89-20,user101121@example.ru,Красноярск,13.10.2024
c102753,Наталья Ковальчук,+7 (954) 186-60-03,user102753@example.ru,Екатеринбург,30.07.2025
c106624,Наталья Лаптев,+7 (931) 680-77-01,user106624@example.ru,Красноярск,10.02.2025
c105129,Елена Лаптев,+7 (968) 051-65-10,user105129@example.ru,Екатеринбург,22.01.2024
c100572,Ольга Белых,+7 (913) 050-71-56,user100572@example.ru,Новосибирск,15.01.2025
c103678,Роман Савельев,+7 (987) 462-58-59,user103678@example.ru,Новосибирск,06.03.2024
c101097,Кирилл Сорокина,+7 (940) 472-30-25,user101097@example.ru,Москва,31.10.2025
c100289,Мария Ковальчук,+7 (937) 353-38-20,user100289@example.ru,Санкт-Петербург,28.11.2024
c103085,Елена Нестеров,+7 (983) 598-78-61,user103085@example.ru,Москва,08.01.2025
c101448,Игорь Осипова,+7 (985) 205-28-10,user101448@example.ru,Екатеринбург,22.09.2025
c106117,Наталья Мешков,+7 (985) 128-20-58,user106117@example.ru,Екатеринбург,01.03.2024
c101253,Елена Гордеев,+7 (963) 563-88-17,user101253@example.ru,Екатеринбург,17.04.2025
c101840,Роман Ермаков,+7 (931) 841-50-93,user101840@example.ru,Москва,26.06.2024
c105934,Вера Осипова,+7 (956) 370-00-91,user105934@example.ru,Казань,24.03.2026
c100423,Денис Белых,+7 (932) 537-08-27,user100423@example.ru,Москва,21.09.2024
c104059,Анна Сорокина,+7 (978) 988-85-50,user104059@example.ru,Москва,10.04.2024
c105147,Глеб Белых,+7 (986) 258-34-84,user105147@example.ru,Новосибирск,21.05.2024
c101455,Елена Нестеров,+7 (924) 941-69-01,user101455@example.ru,Красноярск,04.10.2025
c106463,Павел Гордеев,+7 (956) 578-08-56,user106463@example.ru,Новосибирск,01.08.2024
c103732,Алиса Лаптев,+7 (970) 546-32-20,user103732@example.ru,Новосибирск,21.03.2025
c101642,Алиса Крылов,+7 (966) 343-35-45,user101642@example.ru,Екатеринбург,28.12.2025
c106310,Наталья Нестеров,+7 (993) 469-99-47,user106310@example.ru,Екатеринбург,06.05.2026
c106415,Кирилл Ковальчук,+7 (953) 510-61-94,user106415@example.ru,Москва,22.05.2024
c106153,Алиса Юдина,+7 (987) 944-72-23,user106153@example.ru,Красноярск,22.12.2025
c104400,Денис Ковальчук,+7 (989) 352-26-32,user104400@example.ru,Красноярск,15.03.2024
c104487,Ольга Сорокина,+7 (939) 575-82-61,user104487@example.ru,Красноярск,24.04.2025
c101246,Максим Тихонова,+7 (976) 130-35-78,user101246@example.ru,Новосибирск,30.03.2026
c105375,Максим Зуева,+7 (937) 010-90-66,user105375@example.ru,Казань,13.04.2024
c103365,Кирилл Белых,+7 (981) 193-42-94,user103365@example.ru,Казань,15.02.2026
c100997,Игорь Ермаков,+7 (922) 861-88-16,user100997@example.ru,Москва,15.03.2026
c106569,Роман Мешков,+7 (936) 609-11-93,user106569@example.ru,Красноярск,21.02.2026
c105349,Полина Зуева,+7 (943) 104-66-93,user105349@example.ru,Новосибирск,02.02.2024
c104205,Полина Нестеров,+7 (971) 420-78-66,user104205@example.ru,Москва,08.05.2024
c105622,Роман Нестеров,+7 (999) 286-14-42,user105622@example.ru,Казань,21.12.2024
c101483,Елена Тихонова,+7 (926) 015-09-61,user101483@example.ru,Санкт-Петербург,06.02.2024
c101883,Ольга Нестеров,+7 (931) 945-43-08,user101883@example.ru,Новосибирск,09.12.2025
c102695,Игорь Мешков,+7 (927) 631-02-14,user102695@example.ru,Санкт-Петербург,10.06.2025
c100624,Алиса Лаптев,+7 (982) 496-59-90,user100624@example.ru,Казань,14.08.2024
c103353,Полина Юдина,+7 (964) 183-08-37,user103353@example.ru,Санкт-Петербург,23.06.2025
c100123,Полина Ермаков,+7 (927) 130-28-98,user100123@example.ru,Екатеринбург,24.02.2025
c102474,Анна Шилова,+7 (997) 914-23-15,user102474@example.ru,Красноярск,06.07.2025
c101117,Наталья Осипова,+7 (994) 352-82-24,user101117@example.ru,Москва,06.08.2024
c105364,Юлия Савельев,+7 (944) 275-31-37,user105364@example.ru,Казань,08.01.2026
c104770,Артур Гордеев,+7 (942) 194-23-58,user104770@example.ru,Москва,26.06.2026
c106019,Алиса Зуева,+7 (938) 181-79-66,user106019@example.ru,Казань,21.06.2025
c102142,Анна Мешков,+7 (917) 378-63-39,user102142@example.ru,Красноярск,09.10.2025
c100188,Вера Нестеров,+7 (949) 843-18-73,user100188@example.ru,Красноярск,21.03.2025
c102875,Денис Панин,+7 (927) 128-09-06,user102875@example.ru,Москва,11.01.2026
c103611,Глеб Тихонова,+7 (956) 995-20-45,user103611@example.ru,Новосибирск,10.04.2024
c106126,Алиса Осипова,+7 (976) 172-07-10,user106126@example.ru,Екатеринбург,11.05.2024
c100747,Денис Ермаков,+7 (936) 337-91-74,user100747@example.ru,Казань,13.05.2025
c100547,Ольга Шилова,+7 (918) 479-64-38,user100547@example.ru,Красноярск,13.07.2024
c104322,Алиса Крылов,+7 (930) 068-81-65,user104322@example.ru,Екатеринбург,20.12.2024
c100996,Наталья Ковальчук,+7 (969) 492-99-49,user100996@example.ru,Екатеринбург,07.07.2025
c103920,Тимур Тихонова,+7 (927) 497-76-71,user103920@example.ru,Красноярск,23.06.2025
c103347,Анна Шилова,+7 (926) 257-66-66,user103347@example.ru,Екатеринбург,19.04.2026
c105164,Егор Панин,+7 (950) 293-96-51,user105164@example.ru,Екатеринбург,15.02.2025
c101024,Максим Панин,+7 (958) 727-75-20,user101024@example.ru,Новосибирск,17.02.2026
c101517,Алиса Зуева,+7 (934) 914-45-35,user101517@example.ru,Екатеринбург,14.10.2024
c100341,Артур Ковальчук,+7 (973) 640-16-87,user100341@example.ru,Санкт-Петербург,26.06.2025
c103849,Анна Тихонова,+7 (968) 829-48-47,user103849@example.ru,Екатеринбург,25.03.2026
c105839,Мария Савельев,+7 (992) 065-50-37,user105839@example.ru,Москва,02.02.2025
c100601,Вера Сорокина,+7 (988) 518-87-19,user100601@example.ru,Казань,24.05.2024
c102158,Денис Осипова,+7 (972) 799-91-20,user102158@example.ru,Новосибирск,05.10.2024
c105299,Артур Ковальчук,+7 (954) 845-96-18,user105299@example.ru,Санкт-Петербург,30.10.2025
c101899,Вера Шилова,+7 (991) 730-62-61,user101899@example.ru,Красноярск,23.06.2024
c105363,Тимур Тихонова,+7 (955) 111-75-95,user105363@example.ru,Екатеринбург,26.12.2025
c103051,Тимур Крылов,+7 (973) 226-82-13,user103051@example.ru,Красноярск,17.05.2024
c103785,Юлия Лаптев,+7 (972) 471-05-42,user103785@example.ru,Санкт-Петербург,23.09.2025
c102341,Роман Крылов,+7 (919) 834-44-36,user102341@example.ru,Новосибирск,27.09.2024
c105927,Анна Крылов,+7 (961) 984-85-35,user105927@example.ru,Казань,28.10.2025
c104103,Максим Мешков,+7 (932) 841-79-87,user104103@example.ru,Новосибирск,30.08.2024
c100713,Наталья Гордеев,+7 (911) 432-02-27,user100713@example.ru,Казань,04.01.2026
c103497,Анна Ермаков,+7 (942) 275-58-91,user103497@example.ru,Екатеринбург,25.03.2026
c105589,Анна Гордеев,+7 (969) 571-68-58,user105589@example.ru,Санкт-Петербург,09.01.2026
c106529,Денис Лаптев,+7 (912) 386-06-81,user106529@example.ru,Новосибирск,24.03.2025
c102016,Мария Мешков,+7 (920) 444-81-27,user102016@example.ru,Москва,18.12.2024
c105149,Лидия Ковальчук,+7 (927) 914-03-42,user105149@example.ru,Красноярск,24.09.2024
c100644,Егор Сорокина,+7 (980) 837-11-32,user100644@example.ru,Санкт-Петербург,01.01.2025
c104808,Анна Нестеров,+7 (971) 342-84-92,user104808@example.ru,Казань,09.08.2024
c102332,Елена Осипова,+7 (938) 420-56-26,user102332@example.ru,Москва,01.09.2024
c106701,Лидия Мешков,+7 (973) 732-41-61,user106701@example.ru,Новосибирск,31.03.2024
c105625,Глеб Савельев,+7 (935) 103-37-51,user105625@example.ru,Новосибирск,19.08.2024
c104351,Мария Панин,+7 (946) 827-50-43,user104351@example.ru,Красноярск,10.03.2024
c102366,Мария Зуева,+7 (943) 125-19-39,user102366@example.ru,Екатеринбург,09.09.2024
c104383,Максим Сорокина,+7 (937) 415-93-25,user104383@example.ru,Екатеринбург,02.03.2024
c100803,Глеб Панин,+7 (934) 081-24-71,user100803@example.ru,Красноярск,20.07.2025
c105826,Павел Сорокина,+7 (964) 162-41-99,user105826@example.ru,Москва,22.05.2026
c103154,Роман Шилова,+7 (963) 005-69-95,user103154@example.ru,Москва,07.12.2025
c106895,Елена Тихонова,+7 (978) 772-64-89,user106895@example.ru,Казань,30.09.2024
c106744,Павел Лаптев,+7 (977) 805-11-94,user106744@example.ru,Красноярск,28.07.2025
c105606,Ольга Тихонова,+7 (982) 404-99-60,user105606@example.ru,Казань,27.12.2024
c103791,Глеб Сорокина,+7 (943) 558-45-36,user103791@example.ru,Казань,24.08.2024
c106239,Ольга Тихонова,+7 (979) 465-10-16,user106239@example.ru,Москва,26.08.2025
c106005,Егор Нестеров,+7 (968) 541-44-85,user106005@example.ru,Екатеринбург,01.11.2024
c103250,Роман Белых,+7 (923) 495-72-59,user103250@example.ru,Москва,23.10.2024
c102708,Денис Шилова,+7 (928) 624-53-11,user102708@example.ru,Красноярск,15.01.2025
c106639,Артур Савельев,+7 (987) 332-41-80,user106639@example.ru,Санкт-Петербург,11.03.2024
c103072,Вера Зуева,+7 (938) 302-93-42,user103072@example.ru,Красноярск,22.09.2025
c102618,Мария Ермаков,+7 (987) 084-31-59,user102618@example.ru,Екатеринбург,14.01.2026
c105502,Мария Гордеев,+7 (974) 563-25-03,user105502@example.ru,Санкт-Петербург,09.12.2024
c100800,Ольга Панин,+7 (940) 623-11-99,user100800@example.ru,Санкт-Петербург,05.04.2024
c106176,Роман Панин,+7 (994) 172-26-99,user106176@example.ru,Новосибирск,30.08.2024
c101365,Игорь Шилова,+7 (994) 731-00-47,user101365@example.ru,Екатеринбург,27.04.2026
c102880,Елена Шилова,+7 (946) 586-89-98,user102880@example.ru,Красноярск,28.02.2026
c104850,Павел Ермаков,+7 (970) 344-82-88,user104850@example.ru,Москва,01.07.2024
c100691,Игорь Шилова,+7 (969) 990-60-46,user100691@example.ru,Новосибирск,03.03.2025
c104210,Кирилл Панин,+7 (953) 653-27-85,user104210@example.ru,Екатеринбург,16.04.2024
c102059,Лидия Зуева,+7 (953) 656-25-45,user102059@example.ru,Санкт-Петербург,13.06.2024
c105543,Кирилл Шилова,+7 (959) 593-65-40,user105543@example.ru,Красноярск,24.05.2024
c101192,Полина Мешков,+7 (944) 525-75-43,user101192@example.ru,Казань,07.02.2026
c103722,Максим Белых,+7 (947) 734-32-57,user103722@example.ru,Екатеринбург,23.09.2024
c102684,Ольга Мешков,+7 (934) 422-14-57,user102684@example.ru,Казань,02.01.2026
c104877,Роман Шилова,+7 (921) 705-47-71,user104877@example.ru,Казань,18.01.2025
c102613,Вера Ермаков,+7 (999) 564-62-92,user102613@example.ru,Красноярск,10.02.2024
c103627,Елена Белых,+7 (929) 188-72-48,user103627@example.ru,Москва,03.02.2026
c103607,Алиса Белых,+7 (944) 931-50-15,user103607@example.ru,Казань,20.05.2024
c103827,Игорь Крылов,+7 (983) 829-28-32,user103827@example.ru,Казань,30.06.2026
c102215,Роман Нестеров,+7 (999) 233-37-51,user102215@example.ru,Красноярск,06.02.2025
c100628,Ольга Белых,+7 (928) 379-31-68,user100628@example.ru,Новосибирск,19.06.2024
c101992,Глеб Осипова,+7 (987) 524-58-57,user101992@example.ru,Москва,27.02.2026
c106450,Игорь Панин,+7 (970) 345-76-87,user106450@example.ru,Новосибирск,28.02.2024
c102471,Юлия Шилова,+7 (959) 874-06-52,user102471@example.ru,Екатеринбург,03.06.2026
c104258,Роман Лаптев,+7 (920) 994-40-69,user104258@example.ru,Екатеринбург,11.06.2024
c106784,Наталья Белых,+7 (990) 624-84-58,user106784@example.ru,Екатеринбург,28.09.2024
c101707,Елена Мешков,+7 (966) 587-38-34,user101707@example.ru,Красноярск,06.11.2025
c102741,Ольга Юдина,+7 (974) 906-51-28,user102741@example.ru,Санкт-Петербург,26.06.2025
c100749,Максим Осипова,+7 (940) 143-02-78,user100749@example.ru,Екатеринбург,17.10.2024
c105475,Тимур Ермаков,+7 (918) 559-44-07,user105475@example.ru,Москва,09.06.2026
c101993,Лидия Крылов,+7 (971) 206-14-39,user101993@example.ru,Новосибирск,16.01.2025
c105323,Лидия Крылов,+7 (984) 242-08-35,user105323@example.ru,Москва,19.09.2025
c106854,Анна Сорокина,+7 (951) 272-34-48,user106854@example.ru,Санкт-Петербург,29.06.2024
c106329,Егор Белых,+7 (997) 107-95-51,user106329@example.ru,Москва,05.08.2025
c103631,Лидия Савельев,+7 (982) 315-58-96,user103631@example.ru,Москва,13.11.2024
c106839,Анна Ковальчук,+7 (980) 910-91-49,user106839@example.ru,Екатеринбург,23.04.2025
c102405,Денис Панин,+7 (948) 369-55-88,user102405@example.ru,Новосибирск,20.09.2025
c100222,Мария Юдина,+7 (922) 000-47-27,user100222@example.ru,Новосибирск,06.07.2025
c100895,Денис Мешков,+7 (960) 167-16-55,user100895@example.ru,Санкт-Петербург,05.03.2025
c103350,Глеб Панин,+7 (957) 230-18-04,user103350@example.ru,Казань,15.06.2024
c106224,Артур Юдина,+7 (923) 699-60-99,user106224@example.ru,Санкт-Петербург,17.09.2025
c106345,Юлия Белых,+7 (924) 259-96-45,user106345@example.ru,Санкт-Петербург,14.06.2026
c106342,Юлия Осипова,+7 (996) 887-66-13,user106342@example.ru,Екатеринбург,26.11.2024
c106201,Лидия Нестеров,+7 (966) 302-61-94,user106201@example.ru,Санкт-Петербург,22.01.2026
c105914,Роман Нестеров,+7 (922) 427-34-36,user105914@example.ru,Красноярск,30.08.2024
c103878,Ольга Савельев,+7 (926) 259-40-73,user103878@example.ru,Екатеринбург,09.02.2024
c103484,Павел Крылов,+7 (927) 637-96-52,user103484@example.ru,Санкт-Петербург,16.12.2025
c101735,Полина Мешков,+7 (999) 582-70-25,user101735@example.ru,Казань,23.02.2026
c106280,Егор Панин,+7 (985) 592-71-05,user106280@example.ru,Казань,03.04.2026
c100338,Егор Ермаков,+7 (911) 179-03-17,user100338@example.ru,Москва,09.12.2024
c101375,Тимур Юдина,+7 (966) 378-25-99,user101375@example.ru,Казань,15.11.2024
c103141,Алиса Ковальчук,+7 (936) 575-23-02,user103141@example.ru,Новосибирск,13.05.2025
c106203,Глеб Зуева,+7 (931) 955-22-13,user106203@example.ru,Екатеринбург,12.09.2024
c102079,Тимур Зуева,+7 (983) 108-63-67,user102079@example.ru,Москва,15.12.2025
c102198,Павел Юдина,+7 (963) 491-15-50,user102198@example.ru,Екатеринбург,27.09.2024
c101090,Денис Зуева,+7 (944) 904-61-92,user101090@example.ru,Екатеринбург,22.06.2024
c100029,Юлия Ковальчук,+7 (992) 581-10-46,user100029@example.ru,Новосибирск,03.08.2025
c101725,Лидия Ковальчук,+7 (975) 241-49-94,user101725@example.ru,Красноярск,26.01.2024
c101676,Полина Мешков,+7 (957) 759-52-77,user101676@example.ru,Санкт-Петербург,18.06.2025
c106737,Глеб Сорокина,+7 (935) 249-21-27,user106737@example.ru,Казань,24.01.2024
c104403,Наталья Савельев,+7 (922) 920-91-74,user104403@example.ru,Санкт-Петербург,23.05.2026
c101439,Игорь Осипова,+7 (933) 696-90-72,user101439@example.ru,Москва,08.04.2025
c103157,Глеб Савельев,+7 (932) 355-38-69,user103157@example.ru,Казань,11.06.2024
c102156,Павел Осипова,+7 (993) 177-58-43,user102156@example.ru,Красноярск,13.04.2026
c105827,Наталья Мешков,+7 (962) 547-34-15,user105827@example.ru,Санкт-Петербург,26.01.2024
c106609,Тимур Тихонова,+7 (970) 545-56-47,user106609@example.ru,Москва,01.08.2025
c100061,Кирилл Савельев,+7 (938) 492-54-52,user100061@example.ru,Новосибирск,09.10.2025
c101325,Денис Панин,+7 (982) 446-31-05,user101325@example.ru,Красноярск,20.10.2025
c104724,Егор Панин,+7 (944) 013-55-28,user104724@example.ru,Новосибирск,20.08.2024
c102728,Лидия Белых,+7 (910) 479-98-62,user102728@example.ru,Казань,05.11.2024
c100619,Мария Юдина,+7 (915) 278-87-28,user100619@example.ru,Москва,16.03.2025
c100306,Тимур Зуева,+7 (924) 931-34-79,user100306@example.ru,Казань,25.10.2024
c105775,Анна Панин,+7 (938) 612-85-49,user105775@example.ru,Екатеринбург,06.05.2026
c105698,Глеб Гордеев,+7 (937) 293-28-43,user105698@example.ru,Екатеринбург,15.01.2026
c103473,Глеб Мешков,+7 (946) 284-28-28,user103473@example.ru,Новосибирск,20.02.2026
c106157,Егор Шилова,+7 (940) 342-53-35,user106157@example.ru,Москва,24.01.2025
c104058,Полина Савельев,+7 (919) 940-10-02,user104058@example.ru,Казань,30.09.2025
c101593,Егор Нестеров,+7 (920) 367-20-99,user101593@example.ru,Санкт-Петербург,27.08.2024
c106796,Вера Шилова,+7 (960) 015-02-11,user106796@example.ru,Новосибирск,16.05.2026
c105488,Мария Мешков,+7 (961) 315-50-90,user105488@example.ru,Москва,14.08.2025
c106654,Мария Ковальчук,+7 (986) 705-36-14,user106654@example.ru,Москва,13.05.2026
c100453,Игорь Шилова,+7 (993) 970-56-21,user100453@example.ru,Санкт-Петербург,25.12.2024
c101976,Лидия Осипова,+7 (957) 754-18-69,user101976@example.ru,Екатеринбург,01.03.2025
c100505,Денис Осипова,+7 (929) 065-12-26,user100505@example.ru,Новосибирск,28.03.2025
c102425,Артур Нестеров,+7 (956) 631-10-76,user102425@example.ru,Красноярск,17.02.2024
c100792,Роман Панин,+7 (979) 970-15-83,user100792@example.ru,Екатеринбург,20.04.2025
c106821,Полина Крылов,+7 (918) 197-36-01,user106821@example.ru,Казань,01.06.2024
c104584,Юлия Белых,+7 (952) 831-40-28,user104584@example.ru,Екатеринбург,12.03.2024
c103333,Глеб Зуева,+7 (915) 137-43-75,user103333@example.ru,Москва,17.02.2024
c101795,Вера Сорокина,+7 (962) 122-63-48,user101795@example.ru,Екатеринбург,09.04.2025
c104919,Елена Сорокина,+7 (997) 089-49-54,user104919@example.ru,Красноярск,14.08.2025
c101142,Артур Сорокина,+7 (999) 135-29-44,user101142@example.ru,Красноярск,22.07.2024
c101505,Мария Нестеров,+7 (973) 455-93-87,user101505@example.ru,Красноярск,21.01.2024
c104169,Егор Панин,+7 (962) 882-14-84,user104169@example.ru,Москва,22.06.2025
c101200,Егор Мешков,+7 (989) 998-71-38,user101200@example.ru,Москва,28.08.2024
c101226,Лидия Ермаков,+7 (930) 229-70-51,user101226@example.ru,Казань,28.12.2025
c102764,Ольга Ковальчук,+7 (971) 566-56-06,user102764@example.ru,Казань,11.07.2024
c104972,Юлия Шилова,+7 (990) 572-54-84,user104972@example.ru,Санкт-Петербург,28.03.2025
c102598,Алиса Зуева,+7 (964) 010-02-13,user102598@example.ru,Казань,26.07.2025
c106255,Артур Шилова,+7 (976) 535-42-88,user106255@example.ru,Екатеринбург,27.04.2024
c100480,Кирилл Ковальчук,+7 (992) 983-65-51,user100480@example.ru,Новосибирск,17.12.2025
c105577,Алиса Белых,+7 (923) 068-97-29,user105577@example.ru,Новосибирск,16.08.2025
c103935,Вера Зуева,+7 (983) 825-30-34,user103935@example.ru,Екатеринбург,05.07.2025
c103180,Глеб Юдина,+7 (990) 102-19-95,user103180@example.ru,Новосибирск,18.06.2025
c103881,Наталья Панин,+7 (913) 932-29-40,user103881@example.ru,Москва,14.05.2026
c106202,Мария Нестеров,+7 (978) 098-63-21,user106202@example.ru,Екатеринбург,19.11.2025
c102784,Юлия Белых,+7 (929) 960-16-01,user102784@example.ru,Новосибирск,19.02.2026
c105344,Алиса Крылов,+7 (945) 036-45-81,user105344@example.ru,Красноярск,13.05.2025
c100070,Наталья Крылов,+7 (932) 741-63-85,user100070@example.ru,Санкт-Петербург,29.08.2025
c102902,Полина Белых,+7 (945) 146-36-61,user102902@example.ru,Новосибирск,16.01.2024
c103919,Кирилл Осипова,+7 (919) 440-49-49,user103919@example.ru,Красноярск,20.12.2024
c103223,Анна Панин,+7 (918) 389-57-99,user103223@example.ru,Казань,30.12.2025
c106846,Игорь Ермаков,+7 (993) 622-75-83,user106846@example.ru,Новосибирск,18.04.2025
c106234,Денис Белых,+7 (963) 253-48-25,user106234@example.ru,Новосибирск,07.05.2024
c100519,Вера Зуева,+7 (936) 490-80-04,user100519@example.ru,Новосибирск,10.02.2024
c102007,Кирилл Ермаков,+7 (997) 085-44-88,user102007@example.ru,Казань,17.06.2026
c100436,Алиса Белых,+7 (944) 456-84-04,user100436@example.ru,Екатеринбург,05.07.2024
c105958,Тимур Ковальчук,+7 (987) 982-60-08,user105958@example.ru,Екатеринбург,01.10.2025
c105495,Павел Гордеев,+7 (948) 856-33-38,user105495@example.ru,Красноярск,07.07.2025
c105325,Вера Крылов,+7 (958) 438-53-14,user105325@example.ru,Санкт-Петербург,13.06.2025
c102822,Лидия Белых,+7 (927) 280-73-56,user102822@example.ru,Казань,07.04.2024
c104430,Тимур Белых,+7 (919) 558-91-72,user104430@example.ru,Санкт-Петербург,06.05.2026
c104587,Мария Белых,+7 (956) 962-55-56,user104587@example.ru,Новосибирск,17.07.2024
c103591,Роман Панин,+7 (988) 484-09-87,user103591@example.ru,Красноярск,26.07.2025
c102872,Павел Ковальчук,+7 (980) 507-18-00,user102872@example.ru,Москва,21.01.2025
c102113,Игорь Панин,+7 (924) 850-26-10,user102113@example.ru,Красноярск,25.10.2025
c101870,Анна Юдина,+7 (947) 213-82-78,user101870@example.ru,Казань,24.05.2026
c105319,Юлия Шилова,+7 (926) 749-89-03,user105319@example.ru,Казань,22.12.2025
c105911,Игорь Лаптев,+7 (972) 983-17-41,user105911@example.ru,Казань,02.05.2025
c101515,Егор Панин,+7 (910) 476-10-76,user101515@example.ru,Санкт-Петербург,29.08.2025
c104120,Максим Ковальчук,+7 (974) 137-74-14,user104120@example.ru,Санкт-Петербург,05.05.2025
c102591,Юлия Гордеев,+7 (938) 018-43-03,user102591@example.ru,Санкт-Петербург,03.09.2025
c101981,Павел Крылов,+7 (916) 280-07-18,user101981@example.ru,Санкт-Петербург,26.01.2025
c105796,Полина Мешков,+7 (941) 777-57-13,user105796@example.ru,Казань,06.07.2024
c105330,Кирилл Тихонова,+7 (944) 808-89-69,user105330@example.ru,Москва,21.05.2024
c106336,Игорь Нестеров,+7 (927) 928-18-08,user106336@example.ru,Новосибирск,05.01.2025
c105239,Артур Сорокина,+7 (978) 437-19-60,user105239@example.ru,Красноярск,24.08.2025
c105331,Игорь Мешков,+7 (941) 756-23-97,user105331@example.ru,Казань,04.05.2025
c100113,Лидия Сорокина,+7 (979) 224-79-49,user100113@example.ru,Москва,14.05.2025
c105133,Тимур Нестеров,+7 (945) 539-02-64,user105133@example.ru,Новосибирск,26.01.2026
c101704,Артур Шилова,+7 (982) 422-57-32,user101704@example.ru,Санкт-Петербург,22.04.2024
c100685,Вера Нестеров,+7 (987) 674-24-67,user100685@example.ru,Казань,22.06.2024
c106693,Алиса Зуева,+7 (979) 410-97-84,user106693@example.ru,Новосибирск,11.07.2024
c105688,Наталья Шилова,+7 (925) 033-56-18,user105688@example.ru,Москва,15.05.2025
c101549,Глеб Лаптев,+7 (940) 546-19-55,user101549@example.ru,Санкт-Петербург,04.07.2025
c102680,Ольга Крылов,+7 (926) 634-54-92,user102680@example.ru,Красноярск,28.10.2025
c104718,Вера Крылов,+7 (958) 803-33-95,user104718@example.ru,Москва,22.05.2024
c105116,Юлия Лаптев,+7 (967) 203-00-69,user105116@example.ru,Екатеринбург,27.08.2024
c100968,Кирилл Лаптев,+7 (952) 998-14-36,user100968@example.ru,Санкт-Петербург,19.02.2024
c106359,Анна Лаптев,+7 (929) 960-78-45,user106359@example.ru,Екатеринбург,14.01.2024
c103724,Игорь Юдина,+7 (953) 683-44-92,user103724@example.ru,Новосибирск,17.03.2025
c101408,Денис Лаптев,+7 (975) 474-44-39,user101408@example.ru,Москва,17.04.2024
c104878,Тимур Шилова,+7 (968) 171-02-72,user104878@example.ru,Санкт-Петербург,24.04.2024
c101680,Тимур Лаптев,+7 (929) 207-40-52,user101680@example.ru,Красноярск,15.07.2025
c106753,Артур Крылов,+7 (979) 693-81-63,user106753@example.ru,Новосибирск,12.08.2025
c106288,Кирилл Осипова,+7 (942) 320-82-98,user106288@example.ru,Красноярск,09.04.2024
c100252,Егор Юдина,+7 (949) 523-92-97,user100252@example.ru,Красноярск,14.11.2024
c104219,Елена Юдина,+7 (985) 746-89-84,user104219@example.ru,Красноярск,26.06.2026
c106864,Максим Ермаков,+7 (976) 994-19-63,user106864@example.ru,Санкт-Петербург,19.11.2024
c103638,Артур Гордеев,+7 (924) 029-02-31,user103638@example.ru,Екатеринбург,24.12.2025
c105399,Роман Нестеров,+7 (974) 068-59-33,user105399@example.ru,Екатеринбург,17.05.2026
c105309,Кирилл Юдина,+7 (951) 025-08-07,user105309@example.ru,Казань,24.09.2024
c105849,Павел Юдина,+7 (937) 777-25-19,user105849@example.ru,Москва,18.07.2025
c105267,Тимур Савельев,+7 (999) 097-96-81,user105267@example.ru,Москва,05.01.2025
c100716,Глеб Мешков,+7 (998) 434-83-94,user100716@example.ru,Екатеринбург,12.10.2024
c105474,Вера Шилова,+7 (941) 685-82-66,user105474@example.ru,Санкт-Петербург,22.09.2024
c103470,Роман Зуева,+7 (976) 508-96-62,user103470@example.ru,Красноярск,21.10.2025
c104179,Ольга Белых,+7 (976) 962-16-74,user104179@example.ru,Казань,19.11.2025
c100875,Роман Осипова,+7 (988) 831-35-04,user100875@example.ru,Казань,13.02.2025
c101338,Павел Гордеев,+7 (924) 955-58-73,user101338@example.ru,Красноярск,11.03.2024
c102771,Наталья Крылов,+7 (997) 354-20-53,user102771@example.ru,Новосибирск,25.08.2024
c106834,Алиса Крылов,+7 (996) 898-90-25,user106834@example.ru,Москва,20.07.2025
c105385,Егор Савельев,+7 (930) 212-85-10,user105385@example.ru,Красноярск,14.08.2025
c104776,Елена Ермаков,+7 (953) 818-87-96,user104776@example.ru,Казань,16.06.2025
c104454,Роман Юдина,+7 (945) 220-94-83,user104454@example.ru,Казань,28.08.2024
c102985,Глеб Шилова,+7 (983) 293-93-67,user102985@example.ru,Москва,17.09.2025
c100502,Лидия Белых,+7 (978) 941-42-98,user100502@example.ru,Санкт-Петербург,03.08.2025
c102512,Максим Шилова,+7 (955) 663-27-69,user102512@example.ru,Москва,01.01.2025
c104833,Кирилл Савельев,+7 (954) 409-61-19,user104833@example.ru,Красноярск,28.08.2024
c106685,Мария Юдина,+7 (998) 601-23-76,user106685@example.ru,Екатеринбург,28.01.2026
c105886,Павел Мешков,+7 (940) 352-32-86,user105886@example.ru,Москва,18.05.2025
c100444,Егор Савельев,+7 (922) 045-56-25,user100444@example.ru,Красноярск,06.01.2025
c101126,Кирилл Крылов,+7 (999) 454-12-86,user101126@example.ru,Казань,25.05.2025
c105191,Артур Осипова,+7 (981) 572-17-10,user105191@example.ru,Москва,16.12.2024
c105548,Ольга Тихонова,+7 (918) 427-01-73,user105548@example.ru,Новосибирск,21.05.2024
c104046,Тимур Тихонова,+7 (937) 478-44-38,user104046@example.ru,Санкт-Петербург,31.01.2025
c101978,Лидия Нестеров,+7 (940) 574-40-84,user101978@example.ru,Екатеринбург,21.03.2024
c102881,Максим Панин,+7 (982) 878-68-97,user102881@example.ru,Екатеринбург,05.04.2026
c101882,Мария Крылов,+7 (983) 147-91-37,user101882@example.ru,Казань,30.05.2024
c104139,Анна Крылов,+7 (914) 189-67-30,user104139@example.ru,Красноярск,22.01.2024
c102076,Тимур Сорокина,+7 (990) 094-61-27,user102076@example.ru,Новосибирск,29.02.2024
c106887,Роман Лаптев,+7 (950) 238-25-26,user106887@example.ru,Москва,02.08.2024
c102322,Вера Зуева,+7 (991) 180-78-49,user102322@example.ru,Казань,27.06.2026
c106739,Роман Юдина,+7 (997) 916-37-52,user106739@example.ru,Казань,13.12.2024
c102061,Роман Гордеев,+7 (939) 756-75-81,user102061@example.ru,Новосибирск,12.10.2025
c106451,Артур Нестеров,+7 (940) 727-92-70,user106451@example.ru,Казань,26.09.2025
c100995,Наталья Юдина,+7 (989) 380-40-10,user100995@example.ru,Санкт-Петербург,18.12.2024
c106360,Егор Белых,+7 (935) 270-82-53,user106360@example.ru,Новосибирск,27.01.2026
c102003,Юлия Ковальчук,+7 (912) 072-27-50,user102003@example.ru,Екатеринбург,29.12.2024
c104697,Артур Панин,+7 (950) 104-30-75,user104697@example.ru,Санкт-Петербург,10.01.2026
c102979,Роман Тихонова,+7 (974) 588-80-38,user102979@example.ru,Казань,05.09.2024
c102605,Денис Крылов,+7 (993) 735-79-79,user102605@example.ru,Казань,13.07.2025
c104790,Павел Белых,+7 (982) 450-48-02,user104790@example.ru,Казань,07.05.2024
c106722,Вера Панин,+7 (910) 082-15-31,user106722@example.ru,Красноярск,24.01.2024
c105162,Павел Панин,+7 (982) 524-89-56,user105162@example.ru,Красноярск,14.04.2025
c104766,Наталья Ковальчук,+7 (986) 158-96-39,user104766@example.ru,Красноярск,23.03.2026
c100204,Ольга Мешков,+7 (971) 286-49-86,user100204@example.ru,Новосибирск,10.11.2024
c106305,Лидия Осипова,+7 (932) 739-99-73,user106305@example.ru,Новосибирск,25.08.2024
c101503,Полина Мешков,+7 (938) 482-55-80,user101503@example.ru,Казань,19.04.2024
c101656,Вера Юдина,+7 (956) 482-88-86,user101656@example.ru,Казань,26.09.2024
c105047,Наталья Зуева,+7 (942) 261-85-34,user105047@example.ru,Санкт-Петербург,08.02.2026
c100697,Ольга Ермаков,+7 (952) 503-61-76,user100697@example.ru,Москва,08.07.2025
c101442,Тимур Ковальчук,+7 (934) 516-81-47,user101442@example.ru,Казань,30.06.2025
c103482,Полина Зуева,+7 (939) 260-10-98,user103482@example.ru,Красноярск,30.01.2024
c103649,Вера Крылов,+7 (938) 838-65-59,user103649@example.ru,Казань,14.01.2025
c103344,Денис Юдина,+7 (980) 316-17-74,user103344@example.ru,Москва,21.05.2024
c105935,Вера Шилова,+7 (940) 647-79-63,user105935@example.ru,Москва,02.09.2025
c102445,Юлия Ермаков,+7 (995) 284-89-64,user102445@example.ru,Санкт-Петербург,16.06.2025
c102886,Егор Зуева,+7 (924) 090-39-11,user102886@example.ru,Санкт-Петербург,20.01.2025
c104521,Полина Панин,+7 (993) 450-55-82,user104521@example.ru,Казань,04.11.2024
c101965,Вера Крылов,+7 (927) 560-73-44,user101965@example.ru,Москва,29.01.2024
c102185,Юлия Нестеров,+7 (945) 080-57-87,user102185@example.ru,Красноярск,06.11.2024
c104073,Вера Ермаков,+7 (984) 554-88-80,user104073@example.ru,Новосибирск,27.04.2025
c101666,Игорь Ермаков,+7 (940) 726-16-07,user101666@example.ru,Санкт-Петербург,07.11.2025
c102114,Игорь Осипова,+7 (917) 964-46-84,user102114@example.ru,Санкт-Петербург,02.04.2026
c101125,Роман Тихонова,+7 (928) 410-89-24,user101125@example.ru,Москва,27.01.2026
c106866,Кирилл Сорокина,+7 (981) 173-71-43,user106866@example.ru,Москва,26.05.2025
c103067,Роман Мешков,+7 (927) 959-09-23,user103067@example.ru,Москва,03.11.2024
c104881,Елена Савельев,+7 (965) 362-68-23,user104881@example.ru,Красноярск,12.03.2024
c106621,Елена Крылов,+7 (976) 899-42-87,user106621@example.ru,Санкт-Петербург,04.01.2025
c105023,Елена Савельев,+7 (970) 078-86-14,user105023@example.ru,Казань,04.03.2026
c106728,Наталья Савельев,+7 (978) 443-43-78,user106728@example.ru,Новосибирск,24.03.2025
c100736,Роман Лаптев,+7 (993) 140-48-97,user100736@example.ru,Москва,22.03.2026
c104953,Павел Ковальчук,+7 (985) 882-16-19,user104953@example.ru,Санкт-Петербург,05.11.2025
c101953,Юлия Сорокина,+7 (964) 031-21-83,user101953@example.ru,Красноярск,09.08.2025
c100003,Игорь Панин,+7 (933) 817-79-64,user100003@example.ru,Санкт-Петербург,12.04.2025
c106044,Наталья Зуева,+7 (976) 326-17-05,user106044@example.ru,Новосибирск,16.10.2024
c101963,Вера Панин,+7 (959) 775-84-64,user101963@example.ru,Новосибирск,03.08.2025
c101209,Денис Крылов,+7 (994) 047-70-71,user101209@example.ru,Екатеринбург,14.02.2024
c100350,Мария Юдина,+7 (980) 828-15-05,user100350@example.ru,Казань,07.10.2025
c101376,Максим Гордеев,+7 (967) 819-22-62,user101376@example.ru,Санкт-Петербург,21.11.2024
c104315,Анна Белых,+7 (920) 399-29-65,user104315@example.ru,Красноярск,29.07.2024
c102637,Кирилл Ковальчук,+7 (947) 161-74-50,user102637@example.ru,Санкт-Петербург,05.04.2026
c106674,Тимур Осипова,+7 (997) 058-97-13,user106674@example.ru,Красноярск,16.04.2025
c103113,Тимур Савельев,+7 (964) 980-89-73,user103113@example.ru,Екатеринбург,01.06.2024
c100074,Наталья Ковальчук,+7 (958) 635-79-88,user100074@example.ru,Новосибирск,15.11.2025
c100947,Тимур Зуева,+7 (981) 990-15-49,user100947@example.ru,Красноярск,10.06.2024
c105496,Егор Ковальчук,+7 (930) 543-65-99,user105496@example.ru,Москва,02.06.2025
c105883,Глеб Нестеров,+7 (922) 269-54-73,user105883@example.ru,Казань,01.08.2025
c104450,Павел Нестеров,+7 (984) 084-93-21,user104450@example.ru,Красноярск,11.06.2024
c104737,Ольга Шилова,+7 (992) 165-12-50,user104737@example.ru,Красноярск,13.05.2024
c103435,Алиса Зуева,+7 (910) 383-40-49,user103435@example.ru,Новосибирск,22.07.2025
c101830,Алиса Юдина,+7 (977) 917-09-99,user101830@example.ru,Санкт-Петербург,18.03.2025
c106455,Павел Зуева,+7 (992) 699-62-04,user106455@example.ru,Казань,09.03.2026
c106205,Игорь Лаптев,+7 (953) 727-39-95,user106205@example.ru,Москва,13.07.2025
c100459,Лидия Нестеров,+7 (992) 910-76-50,user100459@example.ru,Москва,24.05.2026
c104122,Лидия Нестеров,+7 (981) 156-71-72,user104122@example.ru,Москва,15.03.2025
c105253,Егор Савельев,+7 (969) 542-85-90,user105253@example.ru,Казань,11.07.2024
c105595,Анна Гордеев,+7 (936) 357-67-43,user105595@example.ru,Санкт-Петербург,21.02.2026
c100688,Кирилл Панин,+7 (969) 812-95-49,user100688@example.ru,Казань,05.03.2025
c106101,Артур Лаптев,+7 (915) 022-59-71,user106101@example.ru,Новосибирск,01.07.2024
c100659,Кирилл Крылов,+7 (910) 148-47-97,user100659@example.ru,Екатеринбург,13.12.2024
c106471,Елена Мешков,+7 (975) 173-59-05,user106471@example.ru,Красноярск,14.07.2024
c105273,Кирилл Зуева,+7 (992) 863-63-72,user105273@example.ru,Санкт-Петербург,27.03.2025
c104928,Мария Ковальчук,+7 (949) 962-68-19,user104928@example.ru,Москва,04.12.2025
c104615,Вера Гордеев,+7 (980) 465-37-93,user104615@example.ru,Новосибирск,24.08.2024
c104314,Лидия Нестеров,+7 (956) 510-06-28,user104314@example.ru,Екатеринбург,26.06.2025
c106491,Елена Белых,+7 (936) 004-57-13,user106491@example.ru,Казань,19.05.2024
c106520,Лидия Осипова,+7 (991) 681-05-69,user106520@example.ru,Красноярск,28.08.2024
c101027,Юлия Лаптев,+7 (988) 776-48-37,user101027@example.ru,Новосибирск,19.11.2025
c102811,Максим Савельев,+7 (912) 444-07-50,user102811@example.ru,Новосибирск,22.08.2025
c105627,Роман Мешков,+7 (989) 249-68-90,user105627@example.ru,Новосибирск,18.07.2025
c106634,Денис Осипова,+7 (971) 968-56-13,user106634@example.ru,Москва,20.02.2025
c100400,Наталья Ковальчук,+7 (962) 582-56-83,user100400@example.ru,Казань,11.12.2025
c101353,Денис Шилова,+7 (965) 606-45-90,user101353@example.ru,Санкт-Петербург,08.10.2024
c104722,Артур Гордеев,+7 (963) 846-12-21,user104722@example.ru,Санкт-Петербург,06.11.2024
c101088,Полина Сорокина,+7 (989) 390-95-56,user101088@example.ru,Новосибирск,13.10.2025
c101197,Елена Ермаков,+7 (983) 712-09-41,user101197@example.ru,Москва,11.03.2025
c103476,Лидия Ковальчук,+7 (955) 469-69-94,user103476@example.ru,Екатеринбург,30.06.2025
c103747,Глеб Шилова,+7 (948) 344-49-23,user103747@example.ru,Екатеринбург,10.02.2024
c101937,Денис Лаптев,+7 (998) 973-12-03,user101937@example.ru,Екатеринбург,26.05.2026
c100569,Анна Ермаков,+7 (983) 182-32-03,user100569@example.ru,Новосибирск,04.08.2024
c100401,Наталья Мешков,+7 (931) 318-05-79,user100401@example.ru,Казань,20.11.2025
c106232,Тимур Ермаков,+7 (923) 985-00-08,user106232@example.ru,Красноярск,04.09.2024
c106251,Анна Лаптев,+7 (927) 142-61-06,user106251@example.ru,Казань,07.06.2025
c102381,Максим Гордеев,+7 (989) 887-30-20,user102381@example.ru,Санкт-Петербург,06.05.2025
c102138,Мария Ермаков,+7 (910) 317-21-78,user102138@example.ru,Красноярск,28.03.2025
c103105,Мария Ермаков,+7 (937) 723-90-95,user103105@example.ru,Красноярск,20.07.2025
c104488,Павел Шилова,+7 (997) 211-52-66,user104488@example.ru,Новосибирск,19.04.2024
c101596,Артур Лаптев,+7 (982) 501-08-75,user101596@example.ru,Новосибирск,28.08.2024
c101828,Роман Шилова,+7 (916) 898-35-45,user101828@example.ru,Красноярск,24.01.2026
c103859,Денис Панин,+7 (976) 166-88-65,user103859@example.ru,Красноярск,26.04.2026
c101046,Елена Крылов,+7 (920) 263-93-80,user101046@example.ru,Казань,02.12.2025
c100557,Лидия Савельев,+7 (974) 806-31-24,user100557@example.ru,Новосибирск,28.11.2024
c104973,Роман Ковальчук,+7 (979) 043-58-46,user104973@example.ru,Санкт-Петербург,22.02.2025
c103555,Кирилл Юдина,+7 (934) 489-97-08,user103555@example.ru,Красноярск,23.03.2026
c102428,Тимур Тихонова,+7 (944) 807-70-93,user102428@example.ru,Москва,26.03.2025
c106349,Полина Лаптев,+7 (912) 110-83-85,user106349@example.ru,Санкт-Петербург,10.05.2025
c100219,Мария Крылов,+7 (946) 597-92-00,user100219@example.ru,Новосибирск,24.06.2024
c103733,Полина Ермаков,+7 (931) 359-48-66,user103733@example.ru,Красноярск,30.01.2026
c100605,Максим Ермаков,+7 (948) 508-83-25,user100605@example.ru,Казань,28.05.2024
c105105,Кирилл Тихонова,+7 (950) 661-11-08,user105105@example.ru,Казань,25.02.2024
c101261,Юлия Шилова,+7 (956) 499-86-35,user101261@example.ru,Красноярск,28.05.2025
c101274,Роман Шилова,+7 (935) 468-16-76,user101274@example.ru,Красноярск,31.12.2024
c103142,Наталья Осипова,+7 (982) 765-74-21,user103142@example.ru,Москва,14.09.2025
c100606,Егор Белых,+7 (954) 216-09-55,user100606@example.ru,Екатеринбург,20.01.2024
c101563,Юлия Ермаков,+7 (970) 883-57-32,user101563@example.ru,Москва,04.09.2024
c106602,Мария Савельев,+7 (939) 859-99-70,user106602@example.ru,Казань,26.02.2024
c100883,Роман Савельев,+7 (934) 847-02-28,user100883@example.ru,Москва,01.01.2026
c102726,Алиса Крылов,+7 (968) 190-94-45,user102726@example.ru,Екатеринбург,20.04.2026
c106003,Роман Крылов,+7 (999) 849-81-81,user106003@example.ru,Казань,06.04.2026
c106194,Лидия Сорокина,+7 (913) 444-70-73,user106194@example.ru,Екатеринбург,03.10.2025
c100966,Полина Шилова,+7 (962) 902-30-26,user100966@example.ru,Новосибирск,10.06.2026
c105811,Лидия Лаптев,+7 (944) 997-37-92,user105811@example.ru,Казань,25.02.2025
c100396,Анна Мешков,+7 (962) 613-79-17,user100396@example.ru,Красноярск,19.03.2025
c105389,Юлия Осипова,+7 (940) 766-70-77,user105389@example.ru,Москва,21.12.2025
c105806,Тимур Панин,+7 (927) 481-16-25,user105806@example.ru,Москва,17.01.2026
c105978,Наталья Ковальчук,+7 (996) 824-14-29,user105978@example.ru,Санкт-Петербург,18.10.2025
c104851,Наталья Шилова,+7 (914) 337-52-13,user104851@example.ru,Санкт-Петербург,13.03.2025
c106632,Павел Ковальчук,+7 (985) 179-64-03,user106632@example.ru,Новосибирск,02.08.2024
c104636,Павел Ковальчук,+7 (943) 990-07-21,user104636@example.ru,Санкт-Петербург,28.03.2025
c103537,Игорь Зуева,+7 (915) 762-33-12,user103537@example.ru,Москва,21.11.2024
c104284,Глеб Ермаков,+7 (988) 894-45-54,user104284@example.ru,Екатеринбург,04.04.2026
c101501,Вера Тихонова,+7 (957) 802-19-22,user101501@example.ru,Санкт-Петербург,17.06.2024
c104924,Елена Крылов,+7 (936) 271-21-74,user104924@example.ru,Новосибирск,31.05.2025
c104746,Егор Ермаков,+7 (928) 624-13-56,user104746@example.ru,Санкт-Петербург,26.02.2024
c102342,Анна Лаптев,+7 (998) 284-80-85,user102342@example.ru,Новосибирск,15.11.2024
c106316,Наталья Осипова,+7 (986) 543-59-16,user106316@example.ru,Москва,10.10.2024
c106707,Егор Юдина,+7 (950) 865-54-40,user106707@example.ru,Екатеринбург,23.06.2025
c102347,Вера Белых,+7 (973) 760-32-99,user102347@example.ru,Казань,05.05.2025
c105449,Юлия Сорокина,+7 (961) 982-29-07,user105449@example.ru,Екатеринбург,12.12.2024
c102196,Мария Лаптев,+7 (927) 840-00-62,user102196@example.ru,Новосибирск,26.08.2024
c106379,Роман Савельев,+7 (950) 982-60-49,user106379@example.ru,Красноярск,19.06.2024
c106265,Елена Панин,+7 (971) 644-77-02,user106265@example.ru,Екатеринбург,09.03.2024
c106528,Ольга Юдина,+7 (954) 241-66-64,user106528@example.ru,Москва,15.03.2024
c105332,Алиса Мешков,+7 (971) 272-15-53,user105332@example.ru,Казань,31.01.2026
c102489,Игорь Гордеев,+7 (991) 063-78-74,user102489@example.ru,Москва,03.10.2024
c103041,Вера Савельев,+7 (976) 232-10-13,user103041@example.ru,Москва,28.10.2025
c101168,Егор Осипова,+7 (931) 421-73-98,user101168@example.ru,Красноярск,03.04.2024
c101909,Павел Гордеев,+7 (987) 327-19-66,user101909@example.ru,Москва,25.06.2025
c100356,Алиса Лаптев,+7 (929) 626-21-40,user100356@example.ru,Москва,03.04.2026
c106536,Денис Лаптев,+7 (986) 209-51-42,user106536@example.ru,Екатеринбург,10.03.2025
c105580,Вера Белых,+7 (926) 420-87-54,user105580@example.ru,Екатеринбург,30.12.2025
c106094,Тимур Осипова,+7 (963) 510-77-27,user106094@example.ru,Красноярск,21.10.2024
c100698,Мария Ковальчук,+7 (937) 237-78-66,user100698@example.ru,Москва,16.01.2026
c101360,Игорь Крылов,+7 (966) 029-80-45,user101360@example.ru,Казань,11.08.2025
c104613,Алиса Зуева,+7 (939) 033-91-74,user104613@example.ru,Красноярск,06.01.2025
c101337,Юлия Мешков,+7 (942) 257-05-21,user101337@example.ru,Новосибирск,18.06.2025
c106230,Вера Лаптев,+7 (977) 209-75-65,user106230@example.ru,Екатеринбург,22.01.2026
c105607,Павел Юдина,+7 (915) 684-37-12,user105607@example.ru,Красноярск,04.04.2025
c104812,Кирилл Осипова,+7 (949) 767-64-29,user104812@example.ru,Новосибирск,06.06.2024
c101852,Глеб Нестеров,+7 (952) 308-95-04,user101852@example.ru,Санкт-Петербург,28.07.2025
c103427,Елена Зуева,+7 (996) 871-93-84,user103427@example.ru,Казань,13.04.2024
c104401,Полина Лаптев,+7 (975) 669-76-90,user104401@example.ru,Санкт-Петербург,10.10.2025
c101034,Мария Крылов,+7 (925) 797-50-46,user101034@example.ru,Красноярск,06.01.2026
c103534,Максим Панин,+7 (937) 981-55-13,user103534@example.ru,Москва,24.04.2026
c106055,Наталья Сорокина,+7 (968) 333-98-79,user106055@example.ru,Екатеринбург,20.01.2024
c104717,Роман Гордеев,+7 (952) 231-80-67,user104717@example.ru,Казань,24.01.2025
c102422,Денис Юдина,+7 (965) 896-14-30,user102422@example.ru,Казань,01.05.2026
c103963,Кирилл Панин,+7 (987) 050-91-29,user103963@example.ru,Новосибирск,25.09.2024
c106718,Глеб Осипова,+7 (949) 572-94-11,user106718@example.ru,Екатеринбург,04.03.2026
c106766,Тимур Гордеев,+7 (946) 819-11-98,user106766@example.ru,Новосибирск,16.07.2024
c104447,Максим Ковальчук,+7 (931) 957-23-55,user104447@example.ru,Санкт-Петербург,14.10.2024
c104246,Глеб Мешков,+7 (973) 984-99-68,user104246@example.ru,Москва,06.08.2025
c103073,Наталья Крылов,+7 (986) 690-40-13,user103073@example.ru,Новосибирск,28.01.2026
c100442,Анна Нестеров,+7 (999) 819-59-75,user100442@example.ru,Москва,23.05.2025
c104282,Алиса Юдина,+7 (937) 965-89-80,user104282@example.ru,Новосибирск,13.07.2025
c102265,Глеб Тихонова,+7 (931) 528-33-81,user102265@example.ru,Москва,08.04.2026
c100812,Вера Белых,+7 (960) 455-99-73,user100812@example.ru,Казань,25.02.2024
c105557,Елена Ермаков,+7 (924) 344-65-61,user105557@example.ru,Красноярск,19.01.2024
c101485,Тимур Сорокина,+7 (943) 609-46-74,user101485@example.ru,Новосибирск,25.04.2026
c105252,Глеб Гордеев,+7 (974) 785-98-94,user105252@example.ru,Москва,02.05.2025
c102714,Алиса Тихонова,+7 (999) 230-34-28,user102714@example.ru,Красноярск,24.02.2026
c102281,Юлия Ермаков,+7 (912) 525-42-96,user102281@example.ru,Екатеринбург,06.09.2024
c103587,Роман Крылов,+7 (980) 891-99-24,user103587@example.ru,Новосибирск,19.07.2024
c105723,Полина Гордеев,+7 (989) 384-32-83,user105723@example.ru,Екатеринбург,29.08.2024
c104208,Лидия Гордеев,+7 (938) 483-62-37,user104208@example.ru,Красноярск,28.03.2024
c100059,Елена Шилова,+7 (992) 011-90-43,user100059@example.ru,Красноярск,29.08.2024
c105057,Наталья Осипова,+7 (979) 725-20-47,user105057@example.ru,Екатеринбург,05.08.2024
c105038,Павел Ковальчук,+7 (925) 836-51-03,user105038@example.ru,Москва,16.08.2024
c106860,Глеб Сорокина,+7 (916) 652-54-52,user106860@example.ru,Казань,14.06.2024
c105907,Наталья Нестеров,+7 (978) 954-06-31,user105907@example.ru,Санкт-Петербург,12.02.2025
c102757,Лидия Лаптев,+7 (982) 607-06-67,user102757@example.ru,Екатеринбург,06.04.2024
c103468,Алиса Ковальчук,+7 (984) 438-95-58,user103468@example.ru,Красноярск,24.06.2026
c106412,Максим Шилова,+7 (980) 680-96-08,user106412@example.ru,Санкт-Петербург,26.02.2026
c102587,Анна Сорокина,+7 (958) 355-89-85,user102587@example.ru,Новосибирск,25.11.2024
c104635,Глеб Лаптев,+7 (957) 841-43-99,user104635@example.ru,Новосибирск,11.03.2026
c103856,Юлия Савельев,+7 (944) 322-01-83,user103856@example.ru,Казань,06.05.2025
c105109,Глеб Ермаков,+7 (985) 294-60-37,user105109@example.ru,Санкт-Петербург,16.11.2025
c106465,Елена Юдина,+7 (927) 312-04-59,user106465@example.ru,Казань,04.03.2026
c101977,Тимур Лаптев,+7 (916) 246-50-69,user101977@example.ru,Новосибирск,14.08.2024
c103906,Ольга Юдина,+7 (967) 528-68-36,user103906@example.ru,Казань,24.01.2026
c103842,Юлия Гордеев,+7 (955) 200-43-46,user103842@example.ru,Екатеринбург,01.07.2025
c105550,Павел Белых,+7 (927) 714-61-94,user105550@example.ru,Красноярск,02.08.2025
c101103,Елена Крылов,+7 (910) 970-98-89,user101103@example.ru,Новосибирск,07.01.2025
c105899,Наталья Лаптев,+7 (922) 579-00-60,user105899@example.ru,Казань,20.09.2025
c101620,Егор Гордеев,+7 (971) 195-45-99,user101620@example.ru,Новосибирск,24.03.2026
c103387,Ольга Тихонова,+7 (937) 509-91-93,user103387@example.ru,Казань,26.07.2025
c106043,Тимур Зуева,+7 (991) 984-69-20,user106043@example.ru,Екатеринбург,18.05.2024
c101848,Тимур Ермаков,+7 (918) 844-06-23,user101848@example.ru,Москва,15.03.2026
c103926,Наталья Гордеев,+7 (915) 451-73-45,user103926@example.ru,Красноярск,01.12.2024
c104538,Тимур Савельев,+7 (966) 468-22-94,user104538@example.ru,Казань,17.04.2025
c103561,Роман Сорокина,+7 (970) 883-91-16,user103561@example.ru,Москва,22.04.2024
c105713,Артур Зуева,+7 (956) 280-80-18,user105713@example.ru,Казань,03.05.2026
c102652,Анна Мешков,+7 (949) 682-28-97,user102652@example.ru,Москва,25.10.2025
c100230,Елена Юдина,+7 (966) 309-86-52,user100230@example.ru,Екатеринбург,27.01.2025
c101256,Игорь Зуева,+7 (983) 694-48-13,user101256@example.ru,Новосибирск,31.10.2024
c101342,Кирилл Ермаков,+7 (986) 947-94-59,user101342@example.ru,Санкт-Петербург,08.01.2025
c106485,Артур Лаптев,+7 (912) 942-66-14,user106485@example.ru,Казань,18.07.2024
c100317,Максим Крылов,+7 (921) 131-62-92,user100317@example.ru,Красноярск,17.01.2025
c102392,Кирилл Нестеров,+7 (926) 866-37-21,user102392@example.ru,Екатеринбург,17.08.2024
c103026,Артур Ковальчук,+7 (928) 193-01-23,user103026@example.ru,Москва,11.04.2026
c105546,Вера Савельев,+7 (974) 406-89-68,user105546@example.ru,Екатеринбург,31.08.2025
c101928,Роман Осипова,+7 (968) 940-26-62,user101928@example.ru,Москва,24.07.2025
c106206,Алиса Нестеров,+7 (965) 512-31-88,user106206@example.ru,Новосибирск,31.07.2024
c105260,Игорь Белых,+7 (948) 844-13-60,user105260@example.ru,Санкт-Петербург,03.11.2024
c105429,Вера Зуева,+7 (959) 369-91-47,user105429@example.ru,Санкт-Петербург,06.05.2025
c104556,Тимур Юдина,+7 (942) 483-03-06,user104556@example.ru,Казань,07.04.2026
c104437,Полина Зуева,+7 (940) 377-97-69,user104437@example.ru,Москва,31.03.2026
c102703,Егор Крылов,+7 (950) 637-86-23,user102703@example.ru,Красноярск,05.02.2025
c102419,Алиса Савельев,+7 (983) 439-06-73,user102419@example.ru,Казань,07.04.2025
c106733,Глеб Сорокина,+7 (953) 835-76-74,user106733@example.ru,Красноярск,09.09.2025
c100364,Егор Шилова,+7 (950) 085-66-47,user100364@example.ru,Красноярск,25.08.2024
c103826,Максим Гордеев,+7 (957) 411-67-16,user103826@example.ru,Красноярск,13.03.2026
c106233,Кирилл Савельев,+7 (924) 109-57-97,user106233@example.ru,Казань,05.05.2024
c102871,Павел Нестеров,+7 (968) 055-97-47,user102871@example.ru,Екатеринбург,04.11.2024
c105166,Павел Панин,+7 (997) 533-22-15,user105166@example.ru,Санкт-Петербург,27.02.2026
c104019,Мария Нестеров,+7 (981) 079-70-57,user104019@example.ru,Красноярск,07.10.2025
c106732,Тимур Лаптев,+7 (961) 872-02-39,user106732@example.ru,Красноярск,05.04.2024
c106397,Полина Белых,+7 (920) 021-17-67,user106397@example.ru,Красноярск,16.01.2024
c101490,Лидия Панин,+7 (978) 726-45-08,user101490@example.ru,Москва,13.06.2025
c106240,Роман Зуева,+7 (945) 090-25-10,user106240@example.ru,Новосибирск,17.03.2024
c103978,Тимур Шилова,+7 (960) 275-12-48,user103978@example.ru,Москва,29.03.2026
c103214,Максим Савельев,+7 (946) 600-25-21,user103214@example.ru,Санкт-Петербург,19.02.2026
c106545,Игорь Белых,+7 (955) 163-73-16,user106545@example.ru,Санкт-Петербург,24.11.2024
c104183,Павел Гордеев,+7 (980) 052-53-63,user104183@example.ru,Санкт-Петербург,15.03.2026
c100253,Юлия Савельев,+7 (975) 107-61-72,user100253@example.ru,Санкт-Петербург,21.06.2024
c100907,Анна Крылов,+7 (924) 153-40-53,user100907@example.ru,Санкт-Петербург,26.07.2025
c100865,Елена Белых,+7 (912) 712-32-48,user100865@example.ru,Москва,14.09.2025
c105830,Полина Зуева,+7 (934) 162-89-21,user105830@example.ru,Красноярск,26.12.2025
c106023,Павел Белых,+7 (978) 927-22-98,user106023@example.ru,Москва,05.04.2024
c106881,Кирилл Панин,+7 (983) 051-70-02,user106881@example.ru,Красноярск,21.03.2026
c102174,Вера Зуева,+7 (975) 232-98-54,user102174@example.ru,Москва,21.04.2025
c103749,Анна Лаптев,+7 (931) 601-68-67,user103749@example.ru,Казань,17.03.2025
c100022,Игорь Лаптев,+7 (948) 580-41-37,user100022@example.ru,Новосибирск,31.01.2026
c106341,Лидия Сорокина,+7 (911) 026-99-06,user106341@example.ru,Екатеринбург,06.12.2025
c103656,Тимур Ермаков,+7 (911) 962-66-96,user103656@example.ru,Новосибирск,13.01.2025
c102656,Игорь Савельев,+7 (942) 221-85-23,user102656@example.ru,Красноярск,19.07.2025
c106088,Елена Белых,+7 (922) 762-38-38,user106088@example.ru,Екатеринбург,08.06.2024
c104193,Артур Ермаков,+7 (973) 649-96-40,user104193@example.ru,Екатеринбург,06.03.2024
c103493,Денис Сорокина,+7 (933) 650-24-61,user103493@example.ru,Санкт-Петербург,02.06.2024
c103899,Егор Белых,+7 (989) 871-03-72,user103899@example.ru,Казань,10.06.2025
c101247,Павел Панин,+7 (983) 301-21-29,user101247@example.ru,Москва,22.07.2024
c105321,Мария Белых,+7 (968) 598-76-82,user105321@example.ru,Казань,07.03.2024
c106166,Денис Крылов,+7 (952) 775-32-88,user106166@example.ru,Екатеринбург,15.02.2026
c104880,Елена Белых,+7 (922) 596-66-31,user104880@example.ru,Москва,31.08.2024
c102093,Егор Савельев,+7 (997) 809-25-61,user102093@example.ru,Красноярск,22.11.2025
c103372,Елена Лаптев,+7 (979) 460-69-60,user103372@example.ru,Казань,12.03.2026
c100135,Мария Ермаков,+7 (942) 365-75-41,user100135@example.ru,Казань,28.12.2024
c105308,Алиса Крылов,+7 (929) 188-21-15,user105308@example.ru,Красноярск,18.03.2024
c103002,Мария Юдина,+7 (962) 702-59-75,user103002@example.ru,Красноярск,22.10.2025
c102373,Алиса Гордеев,+7 (981) 988-45-46,user102373@example.ru,Новосибирск,22.07.2025
c105198,Максим Шилова,+7 (928) 654-79-71,user105198@example.ru,Санкт-Петербург,01.02.2025
c100627,Анна Тихонова,+7 (966) 340-43-18,user100627@example.ru,Новосибирск,12.03.2024
c101624,Денис Юдина,+7 (956) 595-19-59,user101624@example.ru,Екатеринбург,13.05.2024
c105469,Ольга Сорокина,+7 (971) 107-64-54,user105469@example.ru,Новосибирск,07.06.2024
c106064,Артур Зуева,+7 (946) 410-13-69,user106064@example.ru,Санкт-Петербург,26.01.2026
c104147,Юлия Тихонова,+7 (971) 478-31-28,user104147@example.ru,Красноярск,24.06.2025
c104145,Мария Шилова,+7 (958) 372-60-91,user104145@example.ru,Санкт-Петербург,21.08.2025
c106694,Максим Гордеев,+7 (948) 739-41-97,user106694@example.ru,Москва,27.01.2025
c105006,Вера Ермаков,+7 (973) 840-87-14,user105006@example.ru,Москва,07.03.2026
c104372,Алиса Мешков,+7 (921) 798-65-22,user104372@example.ru,Новосибирск,07.07.2025
c104510,Алиса Мешков,+7 (985) 949-40-07,user104510@example.ru,Новосибирск,09.10.2024
c106781,Лидия Гордеев,+7 (937) 146-79-80,user106781@example.ru,Москва,24.06.2024
c103652,Глеб Осипова,+7 (944) 247-11-90,user103652@example.ru,Новосибирск,01.03.2026
c105542,Полина Юдина,+7 (935) 908-11-53,user105542@example.ru,Красноярск,06.11.2025
c100635,Павел Зуева,+7 (971) 744-17-58,user100635@example.ru,Санкт-Петербург,15.03.2026
c101138,Лидия Ермаков,+7 (945) 292-06-77,user101138@example.ru,Казань,22.10.2024
c105686,Денис Юдина,+7 (943) 174-64-29,user105686@example.ru,Красноярск,03.11.2025
c106785,Юлия Панин,+7 (969) 800-98-21,user106785@example.ru,Екатеринбург,20.11.2025
c101047,Игорь Сорокина,+7 (992) 873-27-18,user101047@example.ru,Екатеринбург,31.07.2025
c102642,Егор Сорокина,+7 (938) 127-98-53,user102642@example.ru,Красноярск,11.04.2024
c105689,Тимур Белых,+7 (948) 685-56-49,user105689@example.ru,Новосибирск,13.09.2024
c100448,Вера Мешков,+7 (947) 994-81-66,user100448@example.ru,Красноярск,21.02.2024
c105780,Егор Панин,+7 (960) 139-42-13,user105780@example.ru,Москва,26.05.2026
c100184,Наталья Зуева,+7 (915) 814-15-02,user100184@example.ru,Красноярск,18.06.2024
c100369,Юлия Лаптев,+7 (936) 830-41-46,user100369@example.ru,Красноярск,13.03.2026
c102499,Игорь Сорокина,+7 (910) 024-77-22,user102499@example.ru,Красноярск,21.02.2025
c106488,Глеб Сорокина,+7 (991) 135-53-45,user106488@example.ru,Новосибирск,02.07.2024
c103760,Максим Мешков,+7 (978) 260-96-99,user103760@example.ru,Казань,22.06.2026
c101318,Глеб Крылов,+7 (917) 042-90-17,user101318@example.ru,Санкт-Петербург,03.03.2026
c102108,Артур Панин,+7 (988) 552-73-47,user102108@example.ru,Екатеринбург,09.04.2025
c106642,Денис Панин,+7 (933) 979-95-39,user106642@example.ru,Новосибирск,01.02.2024
c100772,Мария Крылов,+7 (990) 257-00-30,user100772@example.ru,Красноярск,11.05.2025
c102965,Павел Гордеев,+7 (973) 961-30-05,user102965@example.ru,Москва,26.10.2025
c105654,Полина Мешков,+7 (918) 761-57-59,user105654@example.ru,Москва,18.12.2024
c101457,Анна Крылов,+7 (927) 149-00-16,user101457@example.ru,Красноярск,09.11.2025
c102483,Егор Шилова,+7 (920) 393-98-74,user102483@example.ru,Новосибирск,09.09.2025
c106420,Ольга Тихонова,+7 (927) 363-02-97,user106420@example.ru,Москва,11.04.2026
c106081,Лидия Крылов,+7 (954) 411-62-65,user106081@example.ru,Красноярск,15.01.2024
c101943,Егор Зуева,+7 (980) 605-23-07,user101943@example.ru,Москва,08.03.2026
c106016,Мария Лаптев,+7 (923) 208-54-75,user106016@example.ru,Москва,12.09.2025
c106300,Артур Панин,+7 (981) 503-10-78,user106300@example.ru,Красноярск,30.03.2025
c106706,Егор Савельев,+7 (987) 112-30-44,user106706@example.ru,Новосибирск,13.01.2025
c105167,Тимур Нестеров,+7 (950) 096-27-09,user105167@example.ru,Красноярск,28.01.2024
c101541,Роман Осипова,+7 (952) 907-70-77,user101541@example.ru,Санкт-Петербург,13.02.2025
c101741,Наталья Сорокина,+7 (913) 202-36-76,user101741@example.ru,Новосибирск,25.04.2025
c104151,Максим Шилова,+7 (966) 610-52-04,user104151@example.ru,Москва,29.01.2026
c100026,Анна Сорокина,+7 (957) 625-08-51,user100026@example.ru,Екатеринбург,07.01.2026
c100405,Игорь Осипова,+7 (995) 698-35-83,user100405@example.ru,Казань,10.06.2026
c100665,Егор Тихонова,+7 (977) 147-63-52,user100665@example.ru,Москва,30.11.2024
c103164,Егор Юдина,+7 (967) 591-61-72,user103164@example.ru,Красноярск,01.06.2026
c102559,Полина Панин,+7 (965) 940-65-69,user102559@example.ru,Казань,23.03.2024
c101178,Полина Нестеров,+7 (936) 788-23-87,user101178@example.ru,Красноярск,17.11.2024
c104448,Тимур Мешков,+7 (998) 456-60-34,user104448@example.ru,Санкт-Петербург,30.09.2024
c105602,Игорь Ермаков,+7 (971) 745-01-65,user105602@example.ru,Санкт-Петербург,14.01.2025
c104967,Полина Белых,+7 (948) 784-94-85,user104967@example.ru,Санкт-Петербург,13.11.2025
c104660,Ольга Крылов,+7 (965) 580-92-47,user104660@example.ru,Новосибирск,22.04.2024
c104490,Максим Панин,+7 (931) 125-98-08,user104490@example.ru,Красноярск,31.01.2025
c102574,Мария Гордеев,+7 (975) 842-34-76,user102574@example.ru,Казань,09.03.2026
c101000,Кирилл Тихонова,+7 (921) 832-77-06,user101000@example.ru,Красноярск,16.12.2024
c105802,Роман Нестеров,+7 (910) 063-31-17,user105802@example.ru,Санкт-Петербург,11.03.2025
c103474,Наталья Ермаков,+7 (957) 428-39-42,user103474@example.ru,Казань,06.11.2025
c100086,Кирилл Савельев,+7 (941) 673-45-70,user100086@example.ru,Казань,19.08.2024
c105401,Игорь Нестеров,+7 (913) 577-24-97,user105401@example.ru,Москва,04.07.2024
c103996,Глеб Мешков,+7 (970) 937-71-33,user103996@example.ru,Санкт-Петербург,10.02.2025
c100487,Павел Зуева,+7 (952) 158-83-82,user100487@example.ru,Красноярск,19.03.2024
c104190,Ольга Юдина,+7 (924) 610-37-51,user104190@example.ru,Казань,02.03.2024
c101482,Тимур Ковальчук,+7 (953) 204-45-42,user101482@example.ru,Новосибирск,09.12.2025
c103377,Артур Панин,+7 (925) 318-25-35,user103377@example.ru,Екатеринбург,21.04.2025
c103024,Максим Мешков,+7 (942) 453-42-29,user103024@example.ru,Москва,21.03.2024
c104326,Лидия Крылов,+7 (931) 671-64-82,user104326@example.ru,Новосибирск,27.11.2024
c103898,Вера Зуева,+7 (964) 783-35-59,user103898@example.ru,Москва,18.03.2024
c103697,Артур Осипова,+7 (932) 708-02-59,user103697@example.ru,Екатеринбург,10.08.2024
c103793,Анна Мешков,+7 (938) 461-53-15,user103793@example.ru,Санкт-Петербург,19.12.2024
c103151,Мария Нестеров,+7 (924) 023-48-24,user103151@example.ru,Новосибирск,18.12.2024
c105895,Тимур Тихонова,+7 (925) 489-57-54,user105895@example.ru,Екатеринбург,27.10.2024
c103272,Полина Сорокина,+7 (938) 050-67-46,user103272@example.ru,Москва,28.04.2024
c102167,Денис Ермаков,+7 (928) 191-54-51,user102167@example.ru,Красноярск,15.11.2025
c105156,Юлия Савельев,+7 (933) 506-71-66,user105156@example.ru,Екатеринбург,08.07.2024
c105245,Максим Мешков,+7 (961) 841-83-80,user105245@example.ru,Новосибирск,06.09.2024
c105213,Игорь Юдина,+7 (960) 194-91-65,user105213@example.ru,Екатеринбург,13.12.2025
c102426,Алиса Панин,+7 (981) 590-98-87,user102426@example.ru,Екатеринбург,16.01.2025
c102074,Мария Савельев,+7 (971) 088-11-95,user102074@example.ru,Казань,08.01.2026
c102577,Юлия Белых,+7 (984) 910-27-32,user102577@example.ru,Новосибирск,16.02.2025
c102218,Мария Гордеев,+7 (980) 536-96-46,user102218@example.ru,Москва,06.09.2025
c100296,Лидия Тихонова,+7 (990) 421-39-87,user100296@example.ru,Санкт-Петербург,29.06.2024
c106671,Егор Крылов,+7 (946) 745-99-49,user106671@example.ru,Новосибирск,20.06.2024
c102852,Алиса Савельев,+7 (951) 088-12-96,user102852@example.ru,Екатеринбург,30.06.2026
c100503,Лидия Ермаков,+7 (998) 615-61-93,user100503@example.ru,Санкт-Петербург,23.01.2026
c105799,Елена Тихонова,+7 (966) 961-79-90,user105799@example.ru,Санкт-Петербург,21.09.2024
c102712,Анна Сорокина,+7 (933) 463-95-97,user102712@example.ru,Красноярск,06.06.2025
c100092,Егор Гордеев,+7 (980) 876-81-51,user100092@example.ru,Санкт-Петербург,27.08.2024
c104799,Денис Гордеев,+7 (925) 760-75-15,user104799@example.ru,Санкт-Петербург,02.05.2025
c102285,Кирилл Сорокина,+7 (956) 750-57-55,user102285@example.ru,Казань,21.08.2025
c101502,Денис Белых,+7 (971) 935-75-22,user101502@example.ru,Москва,02.05.2024
c100724,Вера Белых,+7 (918) 535-45-42,user100724@example.ru,Москва,23.04.2026
c102022,Лидия Ермаков,+7 (965) 995-14-16,user102022@example.ru,Москва,06.07.2024
c105898,Роман Ермаков,+7 (927) 180-93-25,user105898@example.ru,Москва,15.02.2025
c103764,Вера Сорокина,+7 (970) 871-78-47,user103764@example.ru,Санкт-Петербург,29.05.2025
c106363,Егор Мешков,+7 (996) 085-62-71,user106363@example.ru,Москва,29.08.2025
c105352,Вера Крылов,+7 (988) 324-73-03,user105352@example.ru,Казань,25.02.2025
c101982,Егор Крылов,+7 (987) 725-21-59,user101982@example.ru,Новосибирск,19.08.2024
c105158,Лидия Зуева,+7 (971) 128-74-93,user105158@example.ru,Красноярск,05.05.2026
c104172,Ольга Лаптев,+7 (932) 906-04-51,user104172@example.ru,Новосибирск,24.05.2025
c104774,Кирилл Лаптев,+7 (940) 485-60-00,user104774@example.ru,Екатеринбург,28.03.2025
c103287,Наталья Лаптев,+7 (930) 289-39-29,user103287@example.ru,Казань,06.08.2025
c100938,Максим Ковальчук,+7 (941) 332-09-09,user100938@example.ru,Новосибирск,12.06.2026
c103542,Тимур Шилова,+7 (922) 028-19-00,user103542@example.ru,Екатеринбург,10.05.2026
c105210,Полина Савельев,+7 (924) 389-34-99,user105210@example.ru,Екатеринбург,22.05.2024
c100275,Лидия Панин,+7 (935) 318-49-38,user100275@example.ru,Москва,14.04.2024
c101189,Кирилл Тихонова,+7 (990) 941-81-16,user101189@example.ru,Казань,03.03.2024
c100602,Елена Гордеев,+7 (925) 965-39-59,user100602@example.ru,Екатеринбург,01.10.2024
c100305,Алиса Зуева,+7 (993) 906-09-76,user100305@example.ru,Екатеринбург,13.09.2025
c102921,Юлия Лаптев,+7 (942) 061-62-21,user102921@example.ru,Казань,23.09.2024
c104899,Павел Крылов,+7 (915) 649-56-93,user104899@example.ru,Красноярск,02.07.2025
c102037,Максим Лаптев,+7 (933) 651-34-76,user102037@example.ru,Казань,23.03.2024
c103657,Наталья Савельев,+7 (989) 464-76-39,user103657@example.ru,Новосибирск,07.07.2024
c100826,Елена Лаптев,+7 (924) 455-79-76,user100826@example.ru,Новосибирск,21.09.2025
c104259,Наталья Ермаков,+7 (923) 259-73-03,user104259@example.ru,Красноярск,09.09.2025
c101983,Тимур Савельев,+7 (988) 167-82-57,user101983@example.ru,Санкт-Петербург,01.10.2024
c100805,Лидия Осипова,+7 (948) 166-95-12,user100805@example.ru,Новосибирск,18.02.2026
c102414,Павел Юдина,+7 (911) 379-96-62,user102414@example.ru,Москва,10.05.2026
c100034,Мария Осипова,+7 (969) 506-46-17,user100034@example.ru,Новосибирск,27.02.2025
c106331,Денис Зуева,+7 (925) 433-61-96,user106331@example.ru,Москва,28.10.2024
c103756,Тимур Гордеев,+7 (934) 294-22-02,user103756@example.ru,Новосибирск,25.03.2026
c103246,Ольга Мешков,+7 (924) 179-46-80,user103246@example.ru,Новосибирск,08.11.2025
c104106,Ольга Савельев,+7 (946) 938-62-96,user104106@example.ru,Екатеринбург,23.04.2026
c106444,Кирилл Осипова,+7 (958) 969-78-77,user106444@example.ru,Новосибирск,26.06.2026
c100255,Артур Юдина,+7 (949) 786-33-25,user100255@example.ru,Казань,28.05.2024
c103937,Полина Мешков,+7 (957) 134-34-20,user103937@example.ru,Красноярск,02.12.2025
c100181,Юлия Панин,+7 (988) 086-36-39,user100181@example.ru,Москва,01.12.2024
c106047,Лидия Лаптев,+7 (999) 523-84-94,user106047@example.ru,Казань,07.04.2025
c101148,Алиса Мешков,+7 (982) 077-64-19,user101148@example.ru,Казань,21.03.2025
c102823,Наталья Савельев,+7 (933) 134-10-49,user102823@example.ru,Москва,29.04.2024
c103569,Артур Лаптев,+7 (972) 718-00-56,user103569@example.ru,Красноярск,12.09.2025
c100274,Игорь Белых,+7 (911) 103-87-83,user100274@example.ru,Казань,12.05.2024
c103478,Вера Крылов,+7 (985) 046-53-80,user103478@example.ru,Екатеринбург,29.04.2026
c106054,Кирилл Лаптев,+7 (937) 614-39-99,user106054@example.ru,Санкт-Петербург,20.06.2025
c101386,Анна Шилова,+7 (943) 381-78-63,user101386@example.ru,Москва,18.05.2026
c103691,Наталья Белых,+7 (950) 341-14-82,user103691@example.ru,Екатеринбург,10.06.2025
c102791,Роман Крылов,+7 (983) 850-36-11,user102791@example.ru,Екатеринбург,29.11.2025
c106865,Кирилл Мешков,+7 (961) 773-64-12,user106865@example.ru,Екатеринбург,21.08.2025
c105525,Игорь Ермаков,+7 (915) 122-63-16,user105525@example.ru,Санкт-Петербург,05.06.2025
c105139,Павел Панин,+7 (964) 599-91-15,user105139@example.ru,Казань,28.02.2025
c106587,Артур Панин,+7 (980) 259-69-18,user106587@example.ru,Москва,08.08.2024
c106897,Артур Гордеев,+7 (920) 012-04-24,user106897@example.ru,Москва,13.04.2024
c104797,Егор Ермаков,+7 (961) 752-02-17,user104797@example.ru,Москва,22.05.2024
c103127,Глеб Ермаков,+7 (968) 740-16-93,user103127@example.ru,Казань,27.07.2024
c105425,Артур Нестеров,+7 (980) 499-14-76,user105425@example.ru,Казань,11.03.2026
c102552,Артур Тихонова,+7 (919) 269-56-11,user102552@example.ru,Москва,17.05.2025
c104336,Артур Савельев,+7 (998) 929-26-86,user104336@example.ru,Москва,14.08.2024
c103035,Егор Зуева,+7 (930) 860-13-62,user103035@example.ru,Москва,01.03.2024
c105552,Кирилл Осипова,+7 (930) 359-59-89,user105552@example.ru,Новосибирск,17.01.2026
c104824,Егор Зуева,+7 (958) 291-70-61,user104824@example.ru,Новосибирск,27.05.2025
c102421,Наталья Зуева,+7 (944) 990-69-03,user102421@example.ru,Екатеринбург,16.06.2025
c106836,Елена Осипова,+7 (917) 412-95-38,user106836@example.ru,Екатеринбург,09.01.2025
c101521,Игорь Тихонова,+7 (950) 094-85-22,user101521@example.ru,Казань,15.06.2024
c106504,Егор Осипова,+7 (950) 494-79-81,user106504@example.ru,Красноярск,13.08.2024
c101664,Глеб Ермаков,+7 (941) 361-79-95,user101664@example.ru,Красноярск,15.06.2025
c102299,Анна Шилова,+7 (968) 770-11-56,user102299@example.ru,Красноярск,08.02.2024
c101532,Егор Ермаков,+7 (953) 589-80-49,user101532@example.ru,Санкт-Петербург,27.06.2025
c103635,Роман Осипова,+7 (948) 387-99-67,user103635@example.ru,Екатеринбург,09.06.2025
c103680,Тимур Мешков,+7 (932) 376-45-84,user103680@example.ru,Санкт-Петербург,12.02.2024
c106180,Кирилл Савельев,+7 (917) 273-13-23,user106180@example.ru,Москва,28.08.2024
c106655,Глеб Юдина,+7 (944) 102-03-05,user106655@example.ru,Екатеринбург,27.01.2026
c101173,Тимур Зуева,+7 (919) 329-12-48,user101173@example.ru,Санкт-Петербург,06.07.2024
c104933,Максим Мешков,+7 (930) 011-26-24,user104933@example.ru,Казань,24.10.2025
c100320,Артур Ковальчук,+7 (912) 782-77-66,user100320@example.ru,Казань,12.10.2025
c100287,Наталья Нестеров,+7 (991) 855-08-69,user100287@example.ru,Москва,21.04.2024
c104249,Ольга Савельев,+7 (961) 455-56-03,user104249@example.ru,Красноярск,28.05.2026
c102463,Мария Шилова,+7 (918) 659-00-81,user102463@example.ru,Красноярск,20.03.2024
c103405,Кирилл Шилова,+7 (987) 842-62-67,user103405@example.ru,Новосибирск,07.05.2026
c102034,Елена Сорокина,+7 (925) 530-90-92,user102034@example.ru,Москва,19.03.2025
c105244,Артур Сорокина,+7 (955) 951-25-48,user105244@example.ru,Новосибирск,09.02.2025
c101907,Алиса Гордеев,+7 (967) 632-10-20,user101907@example.ru,Санкт-Петербург,03.02.2024
c100107,Роман Крылов,+7 (972) 534-09-36,user100107@example.ru,Новосибирск,26.07.2024
c100577,Тимур Лаптев,+7 (952) 833-25-30,user100577@example.ru,Санкт-Петербург,04.02.2025
c102432,Роман Ермаков,+7 (931) 353-22-89,user102432@example.ru,Красноярск,24.03.2026
c105570,Наталья Гордеев,+7 (920) 889-46-79,user105570@example.ru,Екатеринбург,15.06.2025
c104150,Елена Мешков,+7 (942) 666-25-45,user104150@example.ru,Москва,21.08.2025
c100206,Максим Савельев,+7 (953) 320-48-68,user100206@example.ru,Екатеринбург,20.10.2025
c100759,Елена Савельев,+7 (963) 257-57-54,user100759@example.ru,Новосибирск,10.05.2026
c100152,Вера Ковальчук,+7 (913) 418-04-59,user100152@example.ru,Екатеринбург,04.04.2024
c103221,Тимур Ковальчук,+7 (970) 572-36-74,user103221@example.ru,Красноярск,09.06.2026
c101250,Кирилл Тихонова,+7 (989) 677-40-06,user101250@example.ru,Новосибирск,29.08.2025
c104128,Павел Ковальчук,+7 (910) 088-68-56,user104128@example.ru,Москва,16.05.2025
c101583,Тимур Панин,+7 (970) 338-18-36,user101583@example.ru,Москва,12.09.2024
c102031,Кирилл Зуева,+7 (911) 178-27-58,user102031@example.ru,Москва,26.05.2026
c104605,Вера Лаптев,+7 (913) 840-94-99,user104605@example.ru,Красноярск,19.02.2025
c106347,Павел Панин,+7 (952) 937-50-14,user106347@example.ru,Казань,27.03.2025
c100868,Максим Белых,+7 (934) 775-60-73,user100868@example.ru,Новосибирск,06.08.2025
c104908,Алиса Тихонова,+7 (945) 563-01-26,user104908@example.ru,Новосибирск,29.03.2025
c106446,Тимур Юдина,+7 (928) 930-21-97,user106446@example.ru,Красноярск,28.04.2025
c104440,Елена Шилова,+7 (973) 209-62-38,user104440@example.ru,Казань,09.04.2026
c101574,Максим Сорокина,+7 (998) 264-94-09,user101574@example.ru,Москва,20.09.2025
c101160,Кирилл Юдина,+7 (936) 096-34-43,user101160@example.ru,Санкт-Петербург,22.11.2025
c102651,Алиса Гордеев,+7 (938) 198-73-62,user102651@example.ru,Санкт-Петербург,09.12.2024
c104088,Вера Тихонова,+7 (969) 790-06-69,user104088@example.ru,Санкт-Петербург,09.04.2024
c106831,Денис Юдина,+7 (953) 847-63-24,user106831@example.ru,Красноярск,18.05.2025
c101366,Егор Лаптев,+7 (945) 786-40-84,user101366@example.ru,Казань,10.12.2024
c102867,Анна Сорокина,+7 (937) 328-90-74,user102867@example.ru,Санкт-Петербург,12.05.2024
c104096,Ольга Савельев,+7 (985) 531-00-27,user104096@example.ru,Москва,22.03.2025
c106197,Анна Панин,+7 (981) 273-81-35,user106197@example.ru,Санкт-Петербург,13.04.2025
c101816,Денис Белых,+7 (983) 823-84-52,user101816@example.ru,Новосибирск,01.04.2026
c101510,Павел Савельев,+7 (942) 563-04-30,user101510@example.ru,Екатеринбург,30.08.2025
c104361,Денис Гордеев,+7 (987) 769-33-76,user104361@example.ru,Казань,21.10.2024
c101538,Роман Нестеров,+7 (993) 435-84-58,user101538@example.ru,Москва,27.07.2025
c102297,Кирилл Крылов,+7 (978) 045-40-48,user102297@example.ru,Красноярск,08.06.2024
c104443,Елена Сорокина,+7 (998) 604-74-76,user104443@example.ru,Екатеринбург,15.08.2024
c105184,Егор Нестеров,+7 (924) 320-93-78,user105184@example.ru,Казань,05.02.2024
c102148,Артур Ковальчук,+7 (979) 635-02-02,user102148@example.ru,Екатеринбург,22.01.2026
c102338,Роман Шилова,+7 (952) 940-81-06,user102338@example.ru,Новосибирск,10.04.2026
c101079,Наталья Мешков,+7 (924) 161-86-76,user101079@example.ru,Казань,11.01.2026
c105982,Лидия Панин,+7 (950) 429-91-02,user105982@example.ru,Екатеринбург,06.06.2026
c102312,Анна Тихонова,+7 (928) 376-84-81,user102312@example.ru,Новосибирск,20.09.2025
c106769,Павел Нестеров,+7 (958) 886-74-57,user106769@example.ru,Новосибирск,31.10.2024
c106431,Максим Савельев,+7 (926) 518-39-10,user106431@example.ru,Санкт-Петербург,27.06.2024
c101554,Ольга Крылов,+7 (971) 738-59-85,user101554@example.ru,Красноярск,11.12.2024
c104186,Мария Крылов,+7 (987) 727-28-16,user104186@example.ru,Казань,18.05.2025
c104602,Артур Панин,+7 (949) 470-19-76,user104602@example.ru,Москва,24.01.2025
c105072,Денис Юдина,+7 (983) 861-41-21,user105072@example.ru,Екатеринбург,06.07.2024
c102436,Вера Нестеров,+7 (970) 986-42-10,user102436@example.ru,Москва,19.04.2026
c101749,Лидия Лаптев,+7 (984) 587-04-54,user101749@example.ru,Москва,30.07.2025
c102569,Юлия Тихонова,+7 (988) 735-88-68,user102569@example.ru,Екатеринбург,07.06.2026
c105467,Елена Юдина,+7 (928) 098-88-54,user105467@example.ru,Красноярск,09.03.2025
c104500,Вера Сорокина,+7 (965) 328-21-95,user104500@example.ru,Казань,05.10.2025
c106486,Анна Лаптев,+7 (967) 466-89-77,user106486@example.ru,Екатеринбург,02.06.2024
c106493,Павел Юдина,+7 (949) 839-10-51,user106493@example.ru,Санкт-Петербург,16.01.2024
c102856,Денис Белых,+7 (940) 989-62-66,user102856@example.ru,Новосибирск,26.08.2024
c100265,Денис Шилова,+7 (965) 841-47-42,user100265@example.ru,Санкт-Петербург,23.06.2026
c104729,Глеб Мешков,+7 (987) 574-21-74,user104729@example.ru,Новосибирск,24.10.2024
c105521,Тимур Нестеров,+7 (948) 791-08-85,user105521@example.ru,Санкт-Петербург,03.03.2024
c104667,Кирилл Савельев,+7 (931) 789-67-15,user104667@example.ru,Санкт-Петербург,06.11.2025
c104651,Полина Ермаков,+7 (988) 712-11-09,user104651@example.ru,Красноярск,08.10.2025
c100006,Артур Юдина,+7 (963) 176-72-86,user100006@example.ru,Казань,09.03.2026
c104458,Мария Савельев,+7 (961) 097-98-30,user104458@example.ru,Казань,27.03.2025
c105801,Роман Лаптев,+7 (942) 296-60-95,user105801@example.ru,Казань,24.03.2024
c106293,Роман Зуева,+7 (987) 794-07-56,user106293@example.ru,Москва,13.12.2025
c102344,Глеб Зуева,+7 (910) 306-57-35,user102344@example.ru,Санкт-Петербург,17.01.2025
c105339,Вера Лаптев,+7 (940) 045-65-41,user105339@example.ru,Москва,26.03.2025
c101608,Елена Юдина,+7 (972) 636-35-14,user101608@example.ru,Москва,02.02.2024
c104749,Вера Крылов,+7 (922) 480-38-45,user104749@example.ru,Екатеринбург,15.06.2025
c106380,Игорь Крылов,+7 (968) 060-37-69,user106380@example.ru,Санкт-Петербург,01.03.2025
c102245,Максим Белых,+7 (940) 143-22-39,user102245@example.ru,Екатеринбург,04.03.2025
c101232,Глеб Шилова,+7 (962) 051-33-78,user101232@example.ru,Красноярск,24.02.2025
c100240,Тимур Гордеев,+7 (925) 415-20-94,user100240@example.ru,Москва,25.06.2025
c104332,Роман Шилова,+7 (935) 466-92-53,user104332@example.ru,Екатеринбург,28.04.2024
c101423,Глеб Крылов,+7 (971) 412-18-27,user101423@example.ru,Москва,31.10.2024
c100912,Мария Зуева,+7 (943) 996-78-52,user100912@example.ru,Санкт-Петербург,10.03.2025
c102002,Алиса Панин,+7 (994) 630-47-26,user102002@example.ru,Екатеринбург,21.07.2024
c101972,Вера Савельев,+7 (917) 708-17-09,user101972@example.ru,Казань,09.08.2024
c106547,Юлия Ермаков,+7 (927) 659-55-55,user106547@example.ru,Москва,20.08.2024
c106802,Егор Белых,+7 (999) 084-70-43,user106802@example.ru,Казань,11.10.2025
c105954,Полина Юдина,+7 (969) 668-68-60,user105954@example.ru,Казань,28.01.2024
c105583,Кирилл Зуева,+7 (928) 349-51-48,user105583@example.ru,Санкт-Петербург,28.12.2024
c105382,Глеб Белых,+7 (958) 005-77-56,user105382@example.ru,Москва,26.04.2025
c103337,Павел Крылов,+7 (970) 027-53-16,user103337@example.ru,Казань,07.10.2025
c104472,Елена Ермаков,+7 (957) 928-70-12,user104472@example.ru,Москва,25.03.2026
c103606,Полина Крылов,+7 (923) 174-29-36,user103606@example.ru,Казань,24.01.2026
c106803,Лидия Лаптев,+7 (916) 687-32-02,user106803@example.ru,Санкт-Петербург,08.03.2026
c104948,Анна Савельев,+7 (920) 672-56-49,user104948@example.ru,Санкт-Петербург,31.03.2024
c105412,Денис Мешков,+7 (944) 222-15-37,user105412@example.ru,Санкт-Петербург,09.05.2025
c106852,Вера Белых,+7 (965) 258-49-25,user106852@example.ru,Новосибирск,01.06.2024
c103276,Елена Зуева,+7 (980) 108-37-23,user103276@example.ru,Казань,26.08.2024
c105480,Денис Зуева,+7 (958) 755-05-39,user105480@example.ru,Екатеринбург,03.02.2024
c102122,Роман Лаптев,+7 (994) 667-26-08,user102122@example.ru,Санкт-Петербург,01.06.2024
c103883,Максим Сорокина,+7 (982) 149-34-13,user103883@example.ru,Новосибирск,13.09.2025
c101312,Наталья Мешков,+7 (943) 029-50-51,user101312@example.ru,Новосибирск,19.10.2024
c102681,Ольга Панин,+7 (951) 882-26-55,user102681@example.ru,Новосибирск,07.05.2025
