client_id,fio,phone,email,city,created_at
c102832,Юлия Тихонова,+7 (999) 244-33-50,user102832@example.ru,Красноярск,10.06.2024
c102323,Юлия Нестеров,+7 (941) 484-28-33,user102323@example.ru,Екатеринбург,10.04.2024
c104091,Юлия Юдина,+7 (955) 448-08-40,user104091@example.ru,Москва,04.09.2024
c102065,Игорь Зуева,+7 (961) 852-04-60,user102065@example.ru,Санкт-Петербург,20.03.2025
c105118,Юлия Савельев,+7 (999) 008-02-10,user105118@example.ru,Казань,02.11.2025
c103294,Артур Белых,+7 (967) 801-21-83,user103294@example.ru,Казань,14.10.2025
c104339,Тимур Мешков,+7 (925) 206-42-47,user104339@example.ru,Новосибирск,02.11.2024
c102924,Вера Панин,+7 (955) 668-90-54,user102924@example.ru,Санкт-Петербург,19.04.2026
c103553,Елена Гордеев,+7 (963) 528-93-53,user103553@example.ru,Москва,20.08.2025
c103674,Елена Гордеев,+7 (943) 394-38-25,user103674@example.ru,Москва,01.12.2024
c103383,Максим Зуева,+7 (922) 024-65-25,user103383@example.ru,Москва,31.12.2025
c102364,Ольга Сорокина,+7 (949) 216-85-17,user102364@example.ru,Санкт-Петербург,19.03.2025
c103367,Лидия Лаптев,+7 (987) 367-33-71,user103367@example.ru,Красноярск,22.01.2026
c105993,Полина Зуева,+7 (983) 200-75-27,user105993@example.ru,Екатеринбург,26.06.2024
c103116,Павел Ковальчук,+7 (946) 634-53-35,user103116@example.ru,Казань,10.04.2026
c105269,Роман Нестеров,+7 (919) 141-39-68,user105269@example.ru,Казань,10.06.2024
c106725,Глеб Тихонова,+7 (953) 547-82-14,user106725@example.ru,Санкт-Петербург,15.02.2025
c100174,Мария Шилова,+7 (930) 035-97-76,user100174@example.ru,Москва,29.03.2025
c104269,Анна Савельев,+7 (919) 581-11-28,user104269@example.ru,Москва,29.02.2024
c102176,Артур Юдина,+7 (925) 332-14-47,user102176@example.ru,Казань,19.03.2024
c105323,Анна Сорокина,+7 (944) 243-15-20,user105323@example.ru,Москва,30.06.2025
c101528,Вера Лаптев,+7 (969) 323-68-46,user101528@example.ru,Москва,16.06.2025
c102149,Артур Сорокина,+7 (932) 625-45-86,user102149@example.ru,Екатеринбург,18.06.2024
c104234,Вера Шилова,+7 (993) 694-66-47,user104234@example.ru,Екатеринбург,14.06.2025
c100691,Денис Сорокина,+7 (930) 537-89-46,user100691@example.ru,Красноярск,02.06.2025
c106417,Артур Ермаков,+7 (920) 625-20-36,user106417@example.ru,Красноярск,12.05.2025
c100711,Ольга Мешков,+7 (943) 095-02-07,user100711@example.ru,Новосибирск,20.03.2026
c101539,Ольга Осипова,+7 (923) 008-61-92,user101539@example.ru,Санкт-Петербург,26.10.2024
c102142,Полина Юдина,+7 (989) 899-37-75,user102142@example.ru,Красноярск,29.01.2025
c101757,Егор Мешков,+7 (945) 922-36-49,user101757@example.ru,Казань,07.01.2026
c102452,Глеб Сорокина,+7 (923) 344-97-49,user102452@example.ru,Москва,29.09.2025
c102753,Вера Крылов,+7 (926) 281-45-37,user102753@example.ru,Москва,07.08.2025
c104939,Наталья Шилова,+7 (932) 112-27-64,user104939@example.ru,Красноярск,02.08.2024
c104012,Мария Нестеров,+7 (975) 853-13-43,user104012@example.ru,Москва,23.02.2024
c103829,Кирилл Панин,+7 (975) 397-58-78,user103829@example.ru,Казань,15.05.2024
c105570,Алиса Савельев,+7 (911) 545-42-45,user105570@example.ru,Санкт-Петербург,12.12.2025
c105422,Лидия Савельев,+7 (971) 533-57-79,user105422@example.ru,Екатеринбург,18.03.2025
c103476,Павел Сорокина,+7 (996) 459-71-97,user103476@example.ru,Екатеринбург,22.08.2025
c105935,Анна Ковальчук,+7 (932) 947-97-04,user105935@example.ru,Казань,29.11.2025
c106493,Вера Тихонова,+7 (956) 033-20-26,user106493@example.ru,Красноярск,10.04.2025
c105246,Глеб Осипова,+7 (947) 445-39-37,user105246@example.ru,Екатеринбург,25.04.2025
c100384,Максим Юдина,+7 (955) 774-65-09,user100384@example.ru,Красноярск,20.02.2024
c104609,Анна Нестеров,+7 (939) 267-18-70,user104609@example.ru,Москва,29.06.2024
c103337,Наталья Шилова,+7 (934) 035-57-03,user103337@example.ru,Екатеринбург,03.07.2024
c100484,Денис Гордеев,+7 (953) 948-84-00,user100484@example.ru,Казань,22.10.2025
c106136,Ольга Сорокина,+7 (923) 989-56-05,user106136@example.ru,Екатеринбург,21.12.2025
c100607,Наталья Белых,+7 (942) 656-29-85,user100607@example.ru,Москва,22.06.2024
c101285,Игорь Белых,+7 (958) 725-37-17,user101285@example.ru,Екатеринбург,19.04.2026
c105925,Егор Ковальчук,+7 (934) 269-15-55,user105925@example.ru,Москва,07.12.2024
c102279,Юлия Савельев,+7 (948) 967-37-69,user102279@example.ru,Москва,05.07.2024
c101216,Юлия Мешков,+7 (951) 810-53-32,user101216@example.ru,Екатеринбург,27.08.2025
c106728,Мария Сорокина,+7 (955) 175-97-40,user106728@example.ru,Екатеринбург,26.03.2026
c104882,Ольга Шилова,+7 (974) 288-14-40,user104882@example.ru,Красноярск,02.08.2025
c100467,Глеб Крылов,+7 (957) 925-22-68,user100467@example.ru,Казань,09.05.2024
c105648,Кирилл Гордеев,+7 (980) 867-37-63,user105648@example.ru,Новосибирск,02.09.2024
c106724,Ольга Ермаков,+7 (928) 321-85-33,user106724@example.ru,Новосибирск,17.05.2026
c103944,Кирилл Нестеров,+7 (964) 499-01-69,user103944@example.ru,Екатеринбург,19.06.2024
c104082,Глеб Савельев,+7 (981) 873-33-21,user104082@example.ru,Новосибирск,02.10.2024
c104406,Глеб Шилова,+7 (971) 832-47-71,user104406@example.ru,Санкт-Петербург,09.02.2025
c102086,Игорь Осипова,+7 (981) 856-80-63,user102086@example.ru,Екатеринбург,22.06.2026
c102786,Павел Осипова,+7 (988) 132-99-68,user102786@example.ru,Новосибирск,19.01.2024
c102863,Максим Нестеров,+7 (972) 219-11-87,user102863@example.ru,Казань,21.07.2025
c104248,Алиса Савельев,+7 (974) 166-19-10,user104248@example.ru,Москва,08.05.2026
c106021,Денис Тихонова,+7 (922) 135-78-72,user106021@example.ru,Москва,22.01.2025
c104924,Алиса Осипова,+7 (966) 597-56-47,user104924@example.ru,Красноярск,25.09.2025
c106277,Ольга Тихонова,+7 (955) 882-41-38,user106277@example.ru,Новосибирск,24.04.2026
c105068,Елена Тихонова,+7 (924) 453-24-61,user105068@example.ru,Новосибирск,20.02.2024
c102379,Юлия Нестеров,+7 (938) 372-64-70,user102379@example.ru,Санкт-Петербург,27.11.2025
c100493,Юлия Ковальчук,+7 (978) 025-69-76,user100493@example.ru,Казань,19.02.2024
c100274,Максим Белых,+7 (954) 827-74-29,user100274@example.ru,Москва,05.06.2024
c105180,Вера Осипова,+7 (929) 695-34-66,user105180@example.ru,Казань,23.02.2024
c106424,Денис Осипова,+7 (984) 567-01-14,user106424@example.ru,Новосибирск,24.06.2025
c100387,Лидия Сорокина,+7 (962) 685-90-51,user100387@example.ru,Екатеринбург,24.09.2024
c105350,Денис Гордеев,+7 (991) 676-13-08,user105350@example.ru,Москва,01.04.2025
c100749,Лидия Сорокина,+7 (961) 764-14-58,user100749@example.ru,Санкт-Петербург,28.12.2024
c103968,Павел Крылов,+7 (959) 652-28-39,user103968@example.ru,Екатеринбург,30.04.2025
c106545,Роман Гордеев,+7 (996) 106-07-02,user106545@example.ru,Санкт-Петербург,24.04.2026
c105882,Павел Крылов,+7 (991) 144-85-80,user105882@example.ru,Красноярск,02.04.2025
c105439,Мария Мешков,+7 (974) 817-69-89,user105439@example.ru,Екатеринбург,19.10.2025
c102966,Ольга Нестеров,+7 (970) 259-83-76,user102966@example.ru,Красноярск,29.02.2024
c104150,Ольга Юдина,+7 (926) 940-71-66,user104150@example.ru,Санкт-Петербург,20.03.2026
c105287,Денис Лаптев,+7 (957) 263-82-39,user105287@example.ru,Казань,25.03.2025
c103350,Лидия Ермаков,+7 (961) 874-55-10,user103350@example.ru,Москва,27.07.2024
c102770,Лидия Ермаков,+7 (932) 613-06-93,user102770@example.ru,Новосибирск,25.12.2024
c106785,Анна Сорокина,+7 (985) 965-24-95,user106785@example.ru,Красноярск,21.08.2025
c105842,Денис Лаптев,+7 (959) 007-62-76,user105842@example.ru,Красноярск,20.02.2026
c101073,Юлия Панин,+7 (933) 947-32-63,user101073@example.ru,Красноярск,30.03.2025
c104622,Полина Лаптев,+7 (936) 999-65-16,user104622@example.ru,Екатеринбург,03.06.2025
c100990,Артур Ковальчук,+7 (940) 770-51-34,user100990@example.ru,Казань,24.10.2024
c104218,Ольга Лаптев,+7 (975) 157-81-80,user104218@example.ru,Новосибирск,15.02.2025
c103519,Роман Ермаков,+7 (912) 479-96-45,user103519@example.ru,Санкт-Петербург,17.08.2025
c104765,Павел Мешков,+7 (956) 736-03-16,user104765@example.ru,Санкт-Петербург,15.06.2026
c101968,Мария Лаптев,+7 (924) 823-86-80,user101968@example.ru,Екатеринбург,10.06.2024
c102128,Юлия Белых,+7 (919) 333-68-92,user102128@example.ru,Екатеринбург,22.12.2025
c102558,Анна Юдина,+7 (965) 546-75-90,user102558@example.ru,Новосибирск,11.07.2024
c101077,Юлия Тихонова,+7 (973) 371-36-84,user101077@example.ru,Санкт-Петербург,27.06.2024
c100344,Анна Нестеров,+7 (920) 424-89-60,user100344@example.ru,Санкт-Петербург,18.10.2025
c105593,Максим Белых,+7 (950) 533-21-59,user105593@example.ru,Казань,14.11.2025
c100982,Кирилл Осипова,+7 (939) 896-58-57,user100982@example.ru,Новосибирск,01.01.2026
c103262,Павел Ермаков,+7 (959) 786-89-74,user103262@example.ru,Москва,20.03.2025
c103182,Вера Ковальчук,+7 (998) 709-49-43,user103182@example.ru,Москва,27.03.2026
c105587,Игорь Осипова,+7 (959) 329-89-87,user105587@example.ru,Казань,15.04.2024
c103614,Артур Ермаков,+7 (988) 738-93-59,user103614@example.ru,Москва,01.03.2025
c105254,Егор Крылов,+7 (933) 121-04-58,user105254@example.ru,Москва,22.02.2026
c102723,Игорь Тихонова,+7 (912) 475-92-42,user102723@example.ru,Екатеринбург,31.08.2024
c102721,Лидия Зуева,+7 (955) 535-04-47,user102721@example.ru,Казань,20.10.2024
c106316,Наталья Тихонова,+7 (936) 824-54-06,user106316@example.ru,Екатеринбург,27.10.2025
c101188,Артур Шилова,+7 (947) 149-53-76,user101188@example.ru,Казань,12.12.2025
c105805,Ольга Лаптев,+7 (967) 491-35-51,user105805@example.ru,Казань,11.05.2024
c102590,Вера Ермаков,+7 (967) 696-21-06,user102590@example.ru,Екатеринбург,03.02.2025
c102654,Тимур Нестеров,+7 (934) 822-60-62,user102654@example.ru,Казань,13.12.2025
c100923,Ольга Белых,+7 (989) 820-36-20,user100923@example.ru,Москва,25.01.2025
c106714,Алиса Юдина,+7 (933) 439-00-83,user106714@example.ru,Красноярск,10.03.2026
c105328,Наталья Шилова,+7 (923) 859-75-86,user105328@example.ru,Москва,15.06.2026
c102236,Алиса Белых,+7 (958) 932-63-07,user102236@example.ru,Санкт-Петербург,22.06.2026
c104465,Вера Панин,+7 (955) 961-65-59,user104465@example.ru,Екатеринбург,16.09.2024
c104710,Денис Гордеев,+7 (954) 566-72-70,user104710@example.ru,Казань,06.02.2025
c100855,Анна Зуева,+7 (976) 318-44-31,user100855@example.ru,Екатеринбург,17.08.2024
c106251,Лидия Панин,+7 (937) 316-86-93,user106251@example.ru,Санкт-Петербург,26.10.2024
c105617,Тимур Тихонова,+7 (956) 547-44-05,user105617@example.ru,Москва,25.08.2024
c102496,Артур Белых,+7 (938) 406-12-29,user102496@example.ru,Новосибирск,06.03.2025
c100600,Вера Крылов,+7 (929) 509-85-31,user100600@example.ru,Екатеринбург,09.11.2025
c101467,Глеб Ермаков,+7 (958) 600-16-93,user101467@example.ru,Екатеринбург,18.06.2024
c101680,Анна Осипова,+7 (947) 518-12-30,user101680@example.ru,Новосибирск,10.09.2025
c101780,Роман Савельев,+7 (949) 645-98-92,user101780@example.ru,Москва,24.08.2025
c100840,Глеб Тихонова,+7 (949) 115-51-72,user100840@example.ru,Новосибирск,15.10.2025
c106553,Егор Осипова,+7 (995) 568-78-87,user106553@example.ru,Екатеринбург,11.03.2025
c102900,Алиса Крылов,+7 (963) 893-67-51,user102900@example.ru,Москва,22.08.2024
c104164,Тимур Мешков,+7 (971) 890-55-63,user104164@example.ru,Санкт-Петербург,17.11.2024
c105615,Елена Панин,+7 (913) 669-59-55,user105615@example.ru,Казань,01.02.2025
c102848,Глеб Лаптев,+7 (959) 313-99-43,user102848@example.ru,Санкт-Петербург,05.06.2026
c101838,Тимур Сорокина,+7 (931) 589-17-62,user101838@example.ru,Красноярск,19.02.2025
c102155,Игорь Белых,+7 (973) 065-30-26,user102155@example.ru,Екатеринбург,11.06.2026
c102758,Лидия Зуева,+7 (988) 641-42-65,user102758@example.ru,Казань,23.08.2025
c105155,Мария Ковальчук,+7 (911) 774-02-72,user105155@example.ru,Казань,01.01.2025
c102259,Денис Белых,+7 (949) 919-48-77,user102259@example.ru,Санкт-Петербург,09.07.2024
c105977,Лидия Ковальчук,+7 (952) 525-73-10,user105977@example.ru,Екатеринбург,23.05.2024
c104963,Игорь Лаптев,+7 (937) 957-57-45,user104963@example.ru,Екатеринбург,01.06.2024
c104336,Анна Нестеров,+7 (920) 145-16-50,user104336@example.ru,Казань,02.02.2025
c100837,Юлия Шилова,+7 (928) 920-42-37,user100837@example.ru,Екатеринбург,02.03.2025
c104314,Елена Крылов,+7 (998) 620-65-88,user104314@example.ru,Красноярск,18.11.2024
c102941,Максим Шилова,+7 (942) 010-29-51,user102941@example.ru,Казань,20.02.2026
c104648,Роман Сорокина,+7 (964) 158-83-64,user104648@example.ru,Красноярск,30.01.2026
c101743,Денис Мешков,+7 (989) 780-29-24,user101743@example.ru,Москва,10.06.2026
c103390,Максим Гордеев,+7 (996) 660-35-62,user103390@example.ru,Красноярск,06.05.2026
c104972,Игорь Лаптев,+7 (999) 007-29-28,user104972@example.ru,Москва,24.05.2025
c100179,Кирилл Сорокина,+7 (928) 309-84-27,user100179@example.ru,Санкт-Петербург,05.04.2026
c102184,Денис Осипова,+7 (912) 121-28-71,user102184@example.ru,Москва,17.02.2024
c102697,Егор Мешков,+7 (947) 795-64-46,user102697@example.ru,Казань,10.10.2025
c102940,Тимур Савельев,+7 (927) 105-72-56,user102940@example.ru,Екатеринбург,08.03.2026
c101569,Игорь Юдина,+7 (955) 870-89-18,user101569@example.ru,Казань,02.07.2024
c100979,Анна Тихонова,+7 (916) 344-33-04,user100979@example.ru,Екатеринбург,02.03.2026
c101406,Роман Белых,+7 (979) 387-19-91,user101406@example.ru,Санкт-Петербург,09.03.2025
c103313,Артур Ковальчук,+7 (986) 426-98-34,user103313@example.ru,Москва,16.06.2025
c102333,Кирилл Нестеров,+7 (999) 689-45-43,user102333@example.ru,Красноярск,14.03.2025
c104933,Наталья Лаптев,+7 (919) 733-23-20,user104933@example.ru,Екатеринбург,13.05.2026
c106171,Елена Гордеев,+7 (964) 238-61-03,user106171@example.ru,Казань,05.06.2024
c104308,Ольга Шилова,+7 (911) 322-70-61,user104308@example.ru,Красноярск,15.04.2026
c103580,Денис Тихонова,+7 (941) 855-83-44,user103580@example.ru,Санкт-Петербург,05.02.2025
c100880,Лидия Гордеев,+7 (932) 662-14-81,user100880@example.ru,Казань,08.12.2024
c102583,Павел Крылов,+7 (955) 985-80-97,user102583@example.ru,Новосибирск,10.02.2024
c102532,Игорь Мешков,+7 (916) 684-59-61,user102532@example.ru,Москва,13.02.2025
c100869,Роман Лаптев,+7 (919) 863-60-11,user100869@example.ru,Казань,25.07.2024
c102143,Вера Юдина,+7 (954) 591-22-05,user102143@example.ru,Новосибирск,30.05.2025
c102132,Мария Ермаков,+7 (929) 216-65-09,user102132@example.ru,Санкт-Петербург,27.05.2025
c101194,Елена Ермаков,+7 (976) 733-06-57,user101194@example.ru,Новосибирск,14.03.2026
c100234,Денис Гордеев,+7 (980) 783-36-99,user100234@example.ru,Санкт-Петербург,17.06.2026
c101764,Лидия Лаптев,+7 (977) 636-02-09,user101764@example.ru,Москва,22.08.2024
c105960,Ольга Осипова,+7 (943) 866-21-09,user105960@example.ru,Екатеринбург,11.02.2024
c103982,Роман Панин,+7 (995) 503-13-90,user103982@example.ru,Санкт-Петербург,14.03.2025
c106096,Ольга Ковальчук,+7 (958) 528-43-77,user106096@example.ru,Новосибирск,08.10.2024
c100157,Глеб Шилова,+7 (959) 410-58-24,user100157@example.ru,Красноярск,28.03.2025
c100527,Вера Юдина,+7 (958) 122-61-45,user100527@example.ru,Казань,22.10.2024
c101824,Кирилл Гордеев,+7 (940) 217-36-07,user101824@example.ru,Новосибирск,01.04.2024
c106634,Вера Шилова,+7 (986) 418-33-57,user106634@example.ru,Казань,22.01.2024
c104896,Тимур Осипова,+7 (948) 395-43-72,user104896@example.ru,Москва,21.05.2024
c102409,Анна Осипова,+7 (963) 540-34-20,user102409@example.ru,Екатеринбург,04.01.2026
c100246,Роман Мешков,+7 (962) 118-95-36,user100246@example.ru,Санкт-Петербург,10.03.2026
c104361,Роман Крылов,+7 (916) 148-20-74,user104361@example.ru,Санкт-Петербург,16.09.2025
c106248,Игорь Лаптев,+7 (944) 748-29-58,user106248@example.ru,Екатеринбург,28.05.2026
c104321,Мария Ковальчук,+7 (990) 100-27-89,user104321@example.ru,Санкт-Петербург,12.08.2025
c104721,Елена Белых,+7 (938) 325-65-53,user104721@example.ru,Москва,05.06.2026
c102802,Кирилл Сорокина,+7 (945) 882-53-66,user102802@example.ru,Москва,22.09.2025
c104017,Полина Савельев,+7 (921) 959-14-78,user104017@example.ru,Казань,15.12.2025
c104179,Анна Крылов,+7 (991) 569-80-69,user104179@example.ru,Санкт-Петербург,29.06.2025
c103306,Лидия Гордеев,+7 (949) 241-01-65,user103306@example.ru,Красноярск,01.04.2025
c104689,Анна Ковальчук,+7 (940) 334-32-74,user104689@example.ru,Санкт-Петербург,29.07.2025
c103353,Анна Юдина,+7 (971) 556-62-09,user103353@example.ru,Екатеринбург,09.04.2025
c104771,Тимур Зуева,+7 (929) 335-88-15,user104771@example.ru,Новосибирск,16.07.2025
c104332,Роман Белых,+7 (916) 969-87-76,user104332@example.ru,Санкт-Петербург,14.07.2024
c105720,Павел Нестеров,+7 (924) 724-74-58,user105720@example.ru,Красноярск,31.07.2024
c101512,Вера Гордеев,+7 (956) 265-52-98,user101512@example.ru,Красноярск,28.03.2024
c103810,Максим Мешков,+7 (958) 919-81-37,user103810@example.ru,Екатеринбург,11.09.2025
c101439,Максим Тихонова,+7 (986) 047-89-86,user101439@example.ru,Москва,19.10.2025
c102780,Вера Гордеев,+7 (946) 426-84-15,user102780@example.ru,Санкт-Петербург,31.03.2024
c101504,Мария Ковальчук,+7 (910) 371-14-39,user101504@example.ru,Екатеринбург,23.05.2024
c104184,Тимур Ковальчук,+7 (991) 758-93-95,user104184@example.ru,Красноярск,03.04.2026
c102346,Максим Сорокина,+7 (961) 868-94-38,user102346@example.ru,Казань,15.02.2025
c104467,Тимур Савельев,+7 (938) 450-52-15,user104467@example.ru,Новосибирск,03.03.2024
c104550,Ольга Ковальчук,+7 (929) 178-52-29,user104550@example.ru,Екатеринбург,05.08.2024
c104453,Денис Гордеев,+7 (918) 077-55-46,user104453@example.ru,Екатеринбург,23.01.2024
c106536,Анна Нестеров,+7 (967) 572-44-96,user106536@example.ru,Новосибирск,31.01.2025
c104110,Юлия Савельев,+7 (921) 063-10-47,user104110@example.ru,Санкт-Петербург,18.08.2024
c106034,Кирилл Ковальчук,+7 (960) 460-21-10,user106034@example.ru,Санкт-Петербург,22.07.2024
c101231,Лидия Савельев,+7 (940) 965-37-48,user101231@example.ru,Красноярск,19.05.2025
c103876,Елена Нестеров,+7 (926) 754-95-04,user103876@example.ru,Москва,25.01.2024
c103200,Мария Сорокина,+7 (968) 052-21-23,user103200@example.ru,Казань,31.08.2024
c103562,Елена Осипова,+7 (962) 383-88-79,user103562@example.ru,Москва,24.03.2026
c106874,Лидия Мешков,+7 (981) 647-74-02,user106874@example.ru,Санкт-Петербург,16.12.2025
c105915,Вера Гордеев,+7 (964) 146-86-24,user105915@example.ru,Санкт-Петербург,11.12.2025
c106425,Наталья Нестеров,+7 (993) 997-78-42,user106425@example.ru,Москва,19.08.2024
c103655,Елена Ковальчук,+7 (918) 669-65-06,user103655@example.ru,Москва,26.07.2025
c102994,Полина Крылов,+7 (929) 725-42-78,user102994@example.ru,Санкт-Петербург,02.05.2024
c100106,Лидия Шилова,+7 (910) 595-86-78,user100106@example.ru,Новосибирск,05.09.2025
c104859,Мария Ермаков,+7 (992) 536-06-65,user104859@example.ru,Новосибирск,24.06.2026
c100959,Игорь Панин,+7 (920) 916-91-26,user100959@example.ru,Москва,21.11.2024
c100357,Мария Зуева,+7 (929) 985-02-58,user100357@example.ru,Санкт-Петербург,09.01.2026
c104042,Игорь Зуева,+7 (955) 193-37-36,user104042@example.ru,Екатеринбург,03.03.2025
c104219,Юлия Ковальчук,+7 (925) 631-17-44,user104219@example.ru,Красноярск,19.05.2024
c106778,Роман Крылов,+7 (935) 899-78-93,user106778@example.ru,Екатеринбург,26.01.2025
c100311,Наталья Белых,+7 (931) 432-08-71,user100311@example.ru,Москва,16.04.2025
c104867,Анна Шилова,+7 (938) 205-40-20,user104867@example.ru,Красноярск,05.05.2024
c103228,Роман Мешков,+7 (942) 422-04-72,user103228@example.ru,Екатеринбург,28.03.2026
c102194,Павел Тихонова,+7 (952) 030-36-67,user102194@example.ru,Красноярск,12.06.2026
c104990,Анна Зуева,+7 (948) 257-09-68,user104990@example.ru,Санкт-Петербург,31.03.2024
c103996,Мария Мешков,+7 (942) 388-01-53,user103996@example.ru,Москва,15.03.2024
c106404,Игорь Осипова,+7 (946) 096-28-13,user106404@example.ru,Москва,05.06.2024
c100002,Наталья Мешков,+7 (933) 701-93-09,user100002@example.ru,Красноярск,06.03.2025
c103424,Елена Лаптев,+7 (987) 876-09-21,user103424@example.ru,Красноярск,18.06.2024
c106381,Егор Шилова,+7 (930) 129-94-71,user106381@example.ru,Москва,10.05.2026
c100914,Вера Гордеев,+7 (993) 440-24-09,user100914@example.ru,Новосибирск,24.10.2025
c104470,Тимур Крылов,+7 (959) 922-28-07,user104470@example.ru,Казань,14.05.2025
c101061,Глеб Осипова,+7 (986) 504-98-19,user101061@example.ru,Новосибирск,15.10.2025
c102749,Егор Тихонова,+7 (940) 962-03-46,user102749@example.ru,Москва,21.02.2024
c106402,Юлия Зуева,+7 (986) 368-09-51,user106402@example.ru,Казань,28.09.2024
c101241,Елена Белых,+7 (930) 659-11-71,user101241@example.ru,Екатеринбург,14.05.2024
c106702,Полина Крылов,+7 (922) 398-29-53,user106702@example.ru,Екатеринбург,11.05.2026
c104241,Артур Ковальчук,+7 (911) 912-94-57,user104241@example.ru,Казань,14.02.2025
c100124,Роман Сорокина,+7 (938) 389-86-29,user100124@example.ru,Красноярск,30.01.2025
c100402,Игорь Белых,+7 (946) 538-78-35,user100402@example.ru,Санкт-Петербург,23.03.2025
c103404,Полина Ковальчук,+7 (998) 919-79-66,user103404@example.ru,Санкт-Петербург,09.09.2024
c106636,Анна Гордеев,+7 (991) 668-63-33,user106636@example.ru,Казань,30.07.2024
c101211,Наталья Зуева,+7 (964) 627-68-55,user101211@example.ru,Екатеринбург,21.06.2026
c101809,Наталья Нестеров,+7 (983) 031-00-03,user101809@example.ru,Санкт-Петербург,17.08.2025
c100261,Кирилл Белых,+7 (961) 697-22-97,user100261@example.ru,Казань,07.12.2024
c106655,Тимур Юдина,+7 (981) 660-01-47,user106655@example.ru,Казань,19.07.2025
c102578,Артур Нестеров,+7 (977) 160-69-54,user102578@example.ru,Казань,05.11.2024
c105437,Денис Зуева,+7 (986) 727-32-22,user105437@example.ru,Казань,12.11.2024
c102989,Павел Савельев,+7 (978) 559-82-19,user102989@example.ru,Казань,18.05.2024
c101533,Елена Ковальчук,+7 (922) 805-36-99,user101533@example.ru,Москва,11.08.2024
c104875,Игорь Ермаков,+7 (917) 511-36-96,user104875@example.ru,Екатеринбург,07.02.2026
c102206,Анна Панин,+7 (945) 788-72-65,user102206@example.ru,Новосибирск,15.12.2024
c105244,Полина Савельев,+7 (940) 332-41-94,user105244@example.ru,Санкт-Петербург,24.02.2026
c106775,Егор Тихонова,+7 (995) 717-14-20,user106775@example.ru,Казань,23.08.2025
c103903,Вера Мешков,+7 (912) 989-30-85,user103903@example.ru,Санкт-Петербург,02.01.2026
c103226,Лидия Зуева,+7 (915) 686-13-89,user103226@example.ru,Санкт-Петербург,18.03.2024
c106644,Анна Белых,+7 (971) 407-98-67,user106644@example.ru,Санкт-Петербург,30.09.2024
c102014,Полина Тихонова,+7 (930) 680-31-94,user102014@example.ru,Москва,06.01.2026
c104482,Полина Белых,+7 (988) 724-10-38,user104482@example.ru,Новосибирск,11.11.2024
c101289,Полина Шилова,+7 (982) 199-84-99,user101289@example.ru,Москва,04.11.2025
c106124,Полина Крылов,+7 (914) 843-06-01,user106124@example.ru,Казань,29.08.2025
c104717,Наталья Осипова,+7 (990) 999-51-75,user104717@example.ru,Екатеринбург,07.06.2025
c105716,Артур Зуева,+7 (933) 035-67-73,user105716@example.ru,Москва,13.04.2025
c103661,Егор Ермаков,+7 (913) 195-57-42,user103661@example.ru,Казань,19.08.2025
c104500,Ольга Шилова,+7 (913) 815-66-84,user104500@example.ru,Казань,16.09.2025
c105081,Юлия Мешков,+7 (932) 518-82-23,user105081@example.ru,Екатеринбург,17.04.2024
c100332,Полина Нестеров,+7 (951) 638-74-07,user100332@example.ru,Новосибирск,31.03.2024
c106159,Денис Осипова,+7 (974) 022-51-86,user106159@example.ru,Новосибирск,05.12.2024
c103638,Артур Мешков,+7 (958) 697-37-29,user103638@example.ru,Екатеринбург,23.05.2024
c103917,Юлия Панин,+7 (995) 495-63-21,user103917@example.ru,Екатеринбург,29.12.2024
c105618,Лидия Мешков,+7 (986) 871-73-39,user105618@example.ru,Казань,14.08.2025
c105152,Артур Ковальчук,+7 (941) 867-49-57,user105152@example.ru,Москва,16.08.2025
c105382,Елена Панин,+7 (916) 436-78-59,user105382@example.ru,Санкт-Петербург,10.08.2024
c102387,Юлия Ермаков,+7 (980) 940-25-18,user102387@example.ru,Новосибирск,08.11.2024
c102469,Кирилл Панин,+7 (913) 361-01-21,user102469@example.ru,Красноярск,30.06.2026
c105771,Павел Осипова,+7 (965) 720-49-18,user105771@example.ru,Санкт-Петербург,25.11.2025
c103759,Денис Зуева,+7 (980) 843-97-84,user103759@example.ru,Екатеринбург,03.04.2025
c101155,Глеб Крылов,+7 (981) 303-99-16,user101155@example.ru,Красноярск,17.06.2024
c106696,Полина Крылов,+7 (952) 188-34-91,user106696@example.ru,Екатеринбург,12.06.2024
c104935,Глеб Гордеев,+7 (920) 162-29-35,user104935@example.ru,Новосибирск,23.02.2026
c105682,Егор Тихонова,+7 (945) 214-99-07,user105682@example.ru,Казань,09.02.2026
c104521,Павел Мешков,+7 (953) 355-41-76,user104521@example.ru,Москва,18.10.2024
c102369,Елена Гордеев,+7 (992) 787-15-87,user102369@example.ru,Казань,28.12.2024
c101410,Алиса Крылов,+7 (920) 155-99-49,user101410@example.ru,Санкт-Петербург,20.06.2025
c106131,Игорь Ермаков,+7 (926) 079-74-13,user106131@example.ru,Москва,23.12.2024
c104116,Мария Панин,+7 (938) 304-24-94,user104116@example.ru,Санкт-Петербург,05.04.2024
c105097,Кирилл Савельев,+7 (953) 015-99-22,user105097@example.ru,Санкт-Петербург,17.07.2025
c106324,Анна Гордеев,+7 (979) 577-67-40,user106324@example.ru,Новосибирск,20.11.2024
c106259,Мария Крылов,+7 (979) 192-24-47,user106259@example.ru,Казань,11.08.2025
c104849,Алиса Белых,+7 (980) 104-73-19,user104849@example.ru,Красноярск,26.03.2025
c103719,Ольга Панин,+7 (942) 821-55-67,user103719@example.ru,Санкт-Петербург,25.01.2026
c100753,Кирилл Юдина,+7 (983) 047-40-76,user100753@example.ru,Казань,27.07.2024
c101531,Тимур Крылов,+7 (982) 231-39-32,user101531@example.ru,Санкт-Петербург,28.06.2025
c100265,Максим Сорокина,+7 (975) 527-52-35,user100265@example.ru,Красноярск,27.03.2024
c106649,Игорь Савельев,+7 (990) 578-03-15,user106649@example.ru,Москва,17.06.2024
c105559,Алиса Тихонова,+7 (993) 830-78-73,user105559@example.ru,Москва,01.02.2024
c106437,Роман Осипова,+7 (969) 318-28-16,user106437@example.ru,Казань,11.04.2025
c104270,Глеб Сорокина,+7 (970) 451-27-02,user104270@example.ru,Красноярск,29.01.2025
c101239,Павел Зуева,+7 (965) 003-48-18,user101239@example.ru,Екатеринбург,02.06.2026
c103239,Роман Ермаков,+7 (941) 718-94-25,user103239@example.ru,Москва,15.03.2026
c101162,Денис Тихонова,+7 (978) 893-58-85,user101162@example.ru,Москва,23.03.2025
c103380,Егор Крылов,+7 (966) 279-81-29,user103380@example.ru,Казань,14.01.2024
c104170,Кирилл Ковальчук,+7 (959) 164-58-31,user104170@example.ru,Казань,30.10.2025
c100574,Егор Нестеров,+7 (994) 135-02-04,user100574@example.ru,Казань,13.04.2026
c103567,Елена Осипова,+7 (983) 664-83-70,user103567@example.ru,Санкт-Петербург,17.12.2024
c106839,Алиса Савельев,+7 (998) 424-54-28,user106839@example.ru,Новосибирск,04.06.2025
c103925,Алиса Панин,+7 (911) 280-20-52,user103925@example.ru,Екатеринбург,22.08.2025
c102217,Игорь Панин,+7 (918) 853-31-84,user102217@example.ru,Санкт-Петербург,24.12.2025
c101408,Наталья Шилова,+7 (985) 304-44-74,user101408@example.ru,Екатеринбург,08.06.2024
c103349,Елена Юдина,+7 (913) 477-52-45,user103349@example.ru,Москва,22.01.2026
c102790,Роман Ермаков,+7 (959) 981-38-86,user102790@example.ru,Казань,09.04.2024
c102849,Тимур Осипова,+7 (967) 878-29-95,user102849@example.ru,Красноярск,09.03.2024
c103767,Егор Панин,+7 (935) 100-04-90,user103767@example.ru,Казань,05.06.2026
c106014,Кирилл Шилова,+7 (990) 258-86-98,user106014@example.ru,Новосибирск,28.12.2025
c100020,Мария Осипова,+7 (949) 694-87-67,user100020@example.ru,Москва,15.10.2024
c104216,Глеб Нестеров,+7 (941) 254-20-54,user104216@example.ru,Новосибирск,03.10.2024
c101651,Артур Тихонова,+7 (985) 734-58-14,user101651@example.ru,Красноярск,09.02.2025
c102817,Мария Нестеров,+7 (931) 538-69-56,user102817@example.ru,Казань,25.03.2026
c105773,Лидия Панин,+7 (963) 890-77-95,user105773@example.ru,Казань,20.03.2025
c103966,Роман Лаптев,+7 (943) 764-56-85,user103966@example.ru,Москва,10.06.2026
c100860,Вера Ермаков,+7 (917) 547-66-42,user100860@example.ru,Санкт-Петербург,28.04.2024
c104135,Наталья Мешков,+7 (923) 967-41-98,user104135@example.ru,Новосибирск,07.04.2024
c102308,Артур Белых,+7 (912) 834-11-52,user102308@example.ru,Новосибирск,19.06.2026
c103492,Ольга Мешков,+7 (960) 543-05-89,user103492@example.ru,Новосибирск,24.05.2026
c106212,Егор Гордеев,+7 (946) 497-05-34,user106212@example.ru,Москва,12.11.2025
c103137,Мария Белых,+7 (953) 116-24-57,user103137@example.ru,Красноярск,08.05.2025
c104838,Егор Осипова,+7 (929) 307-26-19,user104838@example.ru,Москва,08.03.2024
c101347,Игорь Ковальчук,+7 (947) 701-04-86,user101347@example.ru,Красноярск,17.02.2026
c104362,Наталья Осипова,+7 (953) 876-97-88,user104362@example.ru,Новосибирск,14.06.2024
c100539,Наталья Лаптев,+7 (948) 440-32-41,user100539@example.ru,Екатеринбург,05.10.2024
c101475,Игорь Тихонова,+7 (962) 527-99-91,user101475@example.ru,Новосибирск,29.11.2024
c105626,Алиса Мешков,+7 (974) 910-78-71,user105626@example.ru,Екатеринбург,10.02.2025
c102977,Полина Гордеев,+7 (925) 745-52-99,user102977@example.ru,Казань,14.04.2026
c100878,Алиса Зуева,+7 (922) 012-92-77,user100878@example.ru,Москва,09.02.2026
c103357,Максим Лаптев,+7 (934) 324-25-88,user103357@example.ru,Екатеринбург,17.10.2024
c103665,Юлия Зуева,+7 (952) 302-36-86,user103665@example.ru,Екатеринбург,22.04.2025
c105478,Павел Сорокина,+7 (914) 401-56-68,user105478@example.ru,Санкт-Петербург,03.05.2025
c101653,Наталья Осипова,+7 (988) 867-42-79,user101653@example.ru,Санкт-Петербург,21.01.2024
c106335,Лидия Крылов,+7 (939) 424-51-00,user106335@example.ru,Екатеринбург,01.09.2024
c105331,Игорь Зуева,+7 (964) 670-16-46,user105331@example.ru,Санкт-Петербург,16.08.2025
c105970,Павел Гордеев,+7 (935) 278-84-52,user105970@example.ru,Новосибирск,22.07.2025
c106515,Роман Зуева,+7 (985) 880-12-46,user106515@example.ru,Москва,08.07.2025
c106782,Игорь Тихонова,+7 (968) 631-03-77,user106782@example.ru,Казань,02.01.2026
c100219,Игорь Гордеев,+7 (922) 852-64-79,user100219@example.ru,Новосибирск,16.01.2025
c106219,Тимур Нестеров,+7 (959) 385-18-20,user106219@example.ru,Екатеринбург,01.10.2025
c105824,Лидия Осипова,+7 (928) 180-60-92,user105824@example.ru,Екатеринбург,13.11.2024
c103604,Лидия Лаптев,+7 (922) 813-31-98,user103604@example.ru,Новосибирск,02.05.2025
c101850,Денис Лаптев,+7 (914) 360-40-55,user101850@example.ru,Красноярск,06.12.2025
c106624,Роман Гордеев,+7 (945) 942-32-47,user106624@example.ru,Екатеринбург,15.03.2025
c100149,Юлия Сорокина,+7 (999) 507-19-51,user100149@example.ru,Екатеринбург,14.11.2024
c103753,Мария Мешков,+7 (986) 582-05-82,user103753@example.ru,Новосибирск,07.09.2024
c103045,Ольга Нестеров,+7 (969) 328-13-46,user103045@example.ru,Москва,17.01.2026
c103528,Наталья Гордеев,+7 (936) 893-43-15,user103528@example.ru,Красноярск,03.05.2024
c105172,Наталья Сорокина,+7 (936) 293-35-30,user105172@example.ru,Казань,27.06.2026
c102282,Юлия Крылов,+7 (911) 020-14-32,user102282@example.ru,Казань,25.01.2026
c101791,Юлия Тихонова,+7 (917) 818-79-07,user101791@example.ru,Санкт-Петербург,17.04.2025
c101271,Максим Лаптев,+7 (997) 228-50-04,user101271@example.ru,Новосибирск,17.01.2026
c104262,Полина Зуева,+7 (945) 882-51-68,user104262@example.ru,Санкт-Петербург,22.09.2025
c101373,Денис Лаптев,+7 (955) 669-11-19,user101373@example.ru,Новосибирск,11.02.2026
c104488,Ольга Ковальчук,+7 (938) 031-46-63,user104488@example.ru,Казань,09.07.2025
c102133,Игорь Мешков,+7 (960) 653-07-58,user102133@example.ru,Казань,18.02.2025
c105433,Елена Савельев,+7 (959) 448-20-48,user105433@example.ru,Москва,20.03.2025
c100802,Артур Гордеев,+7 (986) 827-56-00,user100802@example.ru,Казань,06.03.2024
c106156,Егор Юдина,+7 (938) 246-77-60,user106156@example.ru,Екатеринбург,17.11.2025
c106249,Елена Тихонова,+7 (925) 685-03-33,user106249@example.ru,Москва,26.05.2025
c100182,Павел Гордеев,+7 (925) 845-50-11,user100182@example.ru,Красноярск,15.05.2024
c102138,Глеб Нестеров,+7 (943) 174-69-65,user102138@example.ru,Красноярск,13.05.2024
c103486,Полина Белых,+7 (988) 659-67-67,user103486@example.ru,Казань,07.07.2024
c106764,Денис Ермаков,+7 (981) 366-82-75,user106764@example.ru,Екатеринбург,02.12.2025
c104554,Мария Гордеев,+7 (930) 839-92-14,user104554@example.ru,Казань,01.02.2024
c103904,Елена Нестеров,+7 (991) 260-18-18,user103904@example.ru,Санкт-Петербург,20.12.2024
c106700,Анна Тихонова,+7 (988) 092-89-22,user106700@example.ru,Красноярск,07.02.2024
c103779,Алиса Осипова,+7 (935) 441-67-50,user103779@example.ru,Красноярск,28.05.2026
c100076,Роман Савельев,+7 (955) 535-41-88,user100076@example.ru,Санкт-Петербург,20.05.2026
c106386,Кирилл Сорокина,+7 (933) 160-49-97,user106386@example.ru,Екатеринбург,30.08.2025
c100194,Елена Савельев,+7 (923) 071-98-05,user100194@example.ru,Москва,31.07.2025
c106727,Анна Юдина,+7 (968) 860-53-47,user106727@example.ru,Новосибирск,31.01.2026
c105879,Лидия Зуева,+7 (920) 197-25-51,user105879@example.ru,Санкт-Петербург,10.07.2024
c105169,Ольга Панин,+7 (929) 115-06-60,user105169@example.ru,Казань,13.06.2024
c102814,Вера Белых,+7 (913) 133-91-07,user102814@example.ru,Москва,26.06.2026
c103799,Вера Савельев,+7 (960) 825-64-68,user103799@example.ru,Екатеринбург,09.10.2024
c105729,Ольга Лаптев,+7 (916) 235-36-61,user105729@example.ru,Красноярск,13.05.2024
c105138,Артур Осипова,+7 (994) 883-49-91,user105138@example.ru,Казань,30.04.2024
c104659,Елена Сорокина,+7 (979) 789-01-03,user104659@example.ru,Екатеринбург,27.11.2025
c106755,Наталья Крылов,+7 (953) 018-45-46,user106755@example.ru,Санкт-Петербург,09.02.2024
c100817,Игорь Гордеев,+7 (932) 716-98-37,user100817@example.ru,Екатеринбург,26.11.2024
c103421,Вера Савельев,+7 (978) 490-10-77,user103421@example.ru,Санкт-Петербург,05.12.2024
c105440,Глеб Мешков,+7 (996) 701-54-75,user105440@example.ru,Екатеринбург,25.03.2025
c103869,Павел Крылов,+7 (992) 004-40-42,user103869@example.ru,Москва,31.10.2025
c103111,Полина Ковальчук,+7 (933) 501-82-45,user103111@example.ru,Санкт-Петербург,21.04.2026
c106577,Ольга Ермаков,+7 (941) 597-22-51,user106577@example.ru,Санкт-Петербург,17.07.2024
c102121,Анна Лаптев,+7 (927) 519-85-85,user102121@example.ru,Казань,20.05.2026
c101331,Лидия Панин,+7 (940) 516-99-49,user101331@example.ru,Москва,05.09.2024
c100987,Игорь Крылов,+7 (918) 477-55-05,user100987@example.ru,Москва,04.08.2024
c100511,Наталья Гордеев,+7 (912) 282-45-49,user100511@example.ru,Санкт-Петербург,25.05.2026
c102129,Наталья Гордеев,+7 (947) 307-01-55,user102129@example.ru,Санкт-Петербург,07.04.2026
c102797,Егор Лаптев,+7 (998) 022-36-28,user102797@example.ru,Санкт-Петербург,03.06.2025
c106110,Роман Савельев,+7 (974) 612-31-84,user106110@example.ru,Новосибирск,23.05.2024
c100761,Лидия Сорокина,+7 (940) 699-32-77,user100761@example.ru,Красноярск,09.12.2024
c100379,Тимур Сорокина,+7 (999) 927-06-03,user100379@example.ru,Санкт-Петербург,30.06.2025
c105527,Артур Мешков,+7 (965) 607-97-02,user105527@example.ru,Красноярск,04.04.2025
c100389,Артур Белых,+7 (910) 058-96-96,user100389@example.ru,Санкт-Петербург,13.03.2025
c101043,Наталья Ковальчук,+7 (981) 407-30-19,user101043@example.ru,Екатеринбург,28.10.2024
c106355,Павел Панин,+7 (949) 264-49-24,user106355@example.ru,Санкт-Петербург,09.03.2026
c105843,Игорь Осипова,+7 (921) 936-33-46,user105843@example.ru,Красноярск,05.12.2025
c103988,Юлия Зуева,+7 (999) 457-61-06,user103988@example.ru,Красноярск,10.04.2026
c103639,Тимур Зуева,+7 (921) 500-60-51,user103639@example.ru,Санкт-Петербург,18.12.2024
c100046,Анна Тихонова,+7 (965) 175-20-98,user100046@example.ru,Новосибирск,10.04.2026
c103978,Елена Панин,+7 (916) 875-82-91,user103978@example.ru,Санкт-Петербург,09.05.2026
c104305,Глеб Савельев,+7 (942) 857-48-96,user104305@example.ru,Казань,05.03.2026
c100305,Денис Лаптев,+7 (962) 795-36-91,user100305@example.ru,Казань,25.09.2024
c103584,Алиса Осипова,+7 (916) 533-98-63,user103584@example.ru,Красноярск,25.07.2025
c105814,Роман Савельев,+7 (938) 382-00-07,user105814@example.ru,Красноярск,05.04.2025
c103919,Максим Зуева,+7 (980) 094-05-19,user103919@example.ru,Казань,21.02.2026
c101954,Кирилл Зуева,+7 (910) 217-05-57,user101954@example.ru,Санкт-Петербург,30.05.2026
c100670,Артур Белых,+7 (988) 144-47-15,user100670@example.ru,Казань,13.09.2025
c102163,Глеб Ковальчук,+7 (978) 645-83-28,user102163@example.ru,Екатеринбург,31.03.2024
c100233,Максим Панин,+7 (932) 911-16-21,user100233@example.ru,Новосибирск,04.03.2025
c105316,Артур Крылов,+7 (986) 695-59-71,user105316@example.ru,Екатеринбург,26.11.2025
c101612,Егор Ковальчук,+7 (969) 991-22-32,user101612@example.ru,Новосибирск,15.02.2024
c100576,Мария Савельев,+7 (969) 068-06-27,user100576@example.ru,Екатеринбург,26.05.2026
c103529,Кирилл Ермаков,+7 (961) 015-14-74,user103529@example.ru,Москва,15.06.2024
c101158,Тимур Ермаков,+7 (916) 899-85-42,user101158@example.ru,Санкт-Петербург,30.10.2024
c105222,Кирилл Ермаков,+7 (944) 911-79-21,user105222@example.ru,Екатеринбург,26.02.2025
c103124,Игорь Сорокина,+7 (967) 252-03-45,user103124@example.ru,Новосибирск,15.08.2025
c101488,Глеб Тихонова,+7 (998) 506-86-96,user101488@example.ru,Екатеринбург,19.10.2025
c104338,Тимур Мешков,+7 (933) 202-73-01,user104338@example.ru,Москва,27.09.2025
c105294,Павел Ковальчук,+7 (968) 371-78-13,user105294@example.ru,Москва,17.02.2026
c102798,Анна Гордеев,+7 (973) 761-73-21,user102798@example.ru,Санкт-Петербург,21.06.2025
c103508,Егор Сорокина,+7 (951) 332-48-30,user103508@example.ru,Казань,11.08.2025
c105895,Роман Панин,+7 (912) 982-46-02,user105895@example.ru,Казань,23.08.2024
c101873,Юлия Белых,+7 (987) 817-49-20,user101873@example.ru,Екатеринбург,30.01.2024
c100662,Роман Нестеров,+7 (994) 514-39-04,user100662@example.ru,Красноярск,04.02.2026
c100455,Анна Нестеров,+7 (936) 229-94-10,user100455@example.ru,Екатеринбург,16.03.2024
c102093,Мария Савельев,+7 (963) 027-05-73,user102093@example.ru,Казань,10.03.2025
c102048,Максим Гордеев,+7 (916) 640-47-72,user102048@example.ru,Новосибирск,22.03.2024
c105252,Наталья Мешков,+7 (913) 659-76-22,user105252@example.ru,Екатеринбург,15.05.2025
c105671,Тимур Юдина,+7 (939) 291-36-00,user105671@example.ru,Екатеринбург,03.02.2024
c103102,Артур Сорокина,+7 (987) 322-70-60,user103102@example.ru,Екатеринбург,04.03.2026
c102577,Мария Сорокина,+7 (920) 631-14-82,user102577@example.ru,Екатеринбург,02.10.2024
c106163,Полина Зуева,+7 (972) 790-95-74,user106163@example.ru,Красноярск,14.02.2025
c101672,Тимур Панин,+7 (976) 137-61-51,user101672@example.ru,Красноярск,13.01.2024
c103851,Кирилл Гордеев,+7 (955) 448-55-81,user103851@example.ru,Красноярск,14.07.2024
c100932,Максим Ковальчук,+7 (912) 172-77-83,user100932@example.ru,Санкт-Петербург,21.01.2026
c102713,Максим Савельев,+7 (912) 057-76-91,user102713@example.ru,Новосибирск,20.09.2025
c104760,Игорь Осипова,+7 (926) 995-83-22,user104760@example.ru,Екатеринбург,06.12.2025
c106561,Денис Ермаков,+7 (954) 933-31-88,user106561@example.ru,Новосибирск,23.07.2025
c104681,Наталья Юдина,+7 (998) 306-45-00,user104681@example.ru,Санкт-Петербург,03.09.2024
c104294,Юлия Нестеров,+7 (933) 747-24-20,user104294@example.ru,Красноярск,18.05.2024
c106522,Денис Лаптев,+7 (987) 727-89-27,user106522@example.ru,Казань,04.07.2025
c101910,Мария Зуева,+7 (999) 870-58-09,user101910@example.ru,Новосибирск,05.05.2024
c105146,Анна Ермаков,+7 (994) 476-13-61,user105146@example.ru,Санкт-Петербург,06.03.2024
c100364,Наталья Крылов,+7 (980) 351-21-61,user100364@example.ru,Москва,17.06.2025
c104031,Егор Ермаков,+7 (998) 729-21-22,user104031@example.ru,Казань,18.11.2024
c100267,Глеб Юдина,+7 (942) 042-94-48,user100267@example.ru,Москва,15.09.2024
c104281,Юлия Шилова,+7 (961) 149-61-73,user104281@example.ru,Новосибирск,03.04.2024
c106483,Вера Белых,+7 (991) 268-42-76,user106483@example.ru,Санкт-Петербург,05.12.2025
c104225,Глеб Юдина,+7 (910) 362-84-79,user104225@example.ru,Москва,13.07.2024
c105073,Лидия Гордеев,+7 (987) 338-72-68,user105073@example.ru,Москва,06.10.2024
c105678,Ольга Зуева,+7 (993) 874-29-07,user105678@example.ru,Красноярск,06.10.2024
c100459,Роман Шилова,+7 (991) 270-43-82,user100459@example.ru,Красноярск,10.03.2026
c105220,Елена Юдина,+7 (959) 044-22-67,user105220@example.ru,Москва,21.07.2024
c101712,Денис Ковальчук,+7 (916) 978-65-81,user101712@example.ru,Казань,24.09.2025
c102223,Лидия Савельев,+7 (993) 355-17-24,user102223@example.ru,Екатеринбург,05.08.2025
c106737,Наталья Лаптев,+7 (976) 614-08-71,user106737@example.ru,Казань,09.10.2024
c101624,Денис Осипова,+7 (926) 826-96-59,user101624@example.ru,Санкт-Петербург,27.04.2024
c101068,Глеб Белых,+7 (993) 213-72-41,user101068@example.ru,Санкт-Петербург,10.01.2025
c104177,Елена Гордеев,+7 (975) 399-61-61,user104177@example.ru,Екатеринбург,12.08.2025
c100337,Наталья Мешков,+7 (913) 054-84-59,user100337@example.ru,Санкт-Петербург,29.11.2024
c100946,Кирилл Мешков,+7 (931) 985-00-27,user100946@example.ru,Новосибирск,17.05.2025
c101024,Вера Ермаков,+7 (968) 973-79-99,user101024@example.ru,Москва,02.02.2026
c105792,Елена Гордеев,+7 (951) 640-63-09,user105792@example.ru,Красноярск,09.02.2024
c100579,Наталья Ермаков,+7 (921) 125-15-94,user100579@example.ru,Казань,22.05.2026
c106675,Артур Юдина,+7 (963) 306-30-96,user106675@example.ru,Красноярск,29.01.2024
c101567,Павел Мешков,+7 (962) 937-64-80,user101567@example.ru,Екатеринбург,12.05.2025
c105584,Глеб Юдина,+7 (997) 969-46-15,user105584@example.ru,Екатеринбург,08.06.2024
c104956,Артур Крылов,+7 (966) 733-03-41,user104956@example.ru,Новосибирск,16.02.2024
c100465,Артур Гордеев,+7 (978) 994-82-74,user100465@example.ru,Москва,07.01.2026
c100435,Юлия Ковальчук,+7 (973) 782-07-49,user100435@example.ru,Санкт-Петербург,14.12.2024
c103923,Анна Юдина,+7 (970) 235-37-08,user103923@example.ru,Новосибирск,10.01.2025
c106604,Кирилл Сорокина,+7 (978) 272-02-60,user106604@example.ru,Санкт-Петербург,20.05.2025
c101344,Алиса Сорокина,+7 (991) 789-63-44,user101344@example.ru,Москва,21.05.2026
c100734,Анна Нестеров,+7 (943) 695-69-75,user100734@example.ru,Красноярск,15.11.2024
c101170,Анна Шилова,+7 (924) 199-15-13,user101170@example.ru,Красноярск,16.05.2025
c104473,Ольга Ковальчук,+7 (989) 070-91-88,user104473@example.ru,Екатеринбург,23.03.2026
c104260,Алиса Шилова,+7 (960) 169-79-25,user104260@example.ru,Новосибирск,17.06.2025
c102740,Лидия Ермаков,+7 (954) 175-16-05,user102740@example.ru,Москва,14.12.2025
c102397,Вера Крылов,+7 (915) 706-31-78,user102397@example.ru,Новосибирск,01.04.2026
c102182,Егор Лаптев,+7 (961) 648-42-36,user102182@example.ru,Санкт-Петербург,19.04.2024
c102831,Алиса Панин,+7 (997) 712-14-94,user102831@example.ru,Красноярск,04.05.2025
c102604,Полина Тихонова,+7 (944) 586-71-55,user102604@example.ru,Новосибирск,12.11.2025
c101278,Павел Юдина,+7 (965) 522-28-07,user101278@example.ru,Москва,12.10.2025
c106187,Глеб Шилова,+7 (994) 186-99-07,user106187@example.ru,Санкт-Петербург,18.02.2025
c105385,Роман Савельев,+7 (997) 693-79-25,user105385@example.ru,Красноярск,09.02.2025
c102833,Полина Шилова,+7 (943) 364-93-51,user102833@example.ru,Новосибирск,23.03.2025
c101784,Тимур Мешков,+7 (910) 546-23-50,user101784@example.ru,Красноярск,06.05.2024
c105712,Глеб Ермаков,+7 (915) 255-71-43,user105712@example.ru,Красноярск,03.06.2024
c105863,Юлия Ковальчук,+7 (961) 854-62-27,user105863@example.ru,Санкт-Петербург,27.07.2025
c102882,Мария Зуева,+7 (998) 084-49-27,user102882@example.ru,Казань,15.04.2026
c103427,Егор Савельев,+7 (950) 240-93-51,user103427@example.ru,Казань,29.10.2025
c106618,Мария Шилова,+7 (977) 698-05-81,user106618@example.ru,Москва,29.04.2025
c104343,Алиса Шилова,+7 (952) 921-49-70,user104343@example.ru,Москва,15.09.2024
c106804,Егор Нестеров,+7 (998) 812-18-67,user106804@example.ru,Санкт-Петербург,02.12.2024
c100821,Кирилл Ермаков,+7 (921) 119-52-52,user100821@example.ru,Красноярск,14.03.2024
c106003,Игорь Мешков,+7 (972) 004-24-45,user106003@example.ru,Красноярск,25.01.2025
c101636,Артур Юдина,+7 (962) 377-69-40,user101636@example.ru,Красноярск,04.09.2025
c101393,Анна Савельев,+7 (963) 498-31-90,user101393@example.ru,Екатеринбург,21.01.2025
c100633,Елена Савельев,+7 (949) 109-73-95,user100633@example.ru,Казань,17.01.2025
c104498,Тимур Мешков,+7 (926) 820-53-62,user104498@example.ru,Новосибирск,05.09.2024
c103289,Юлия Гордеев,+7 (945) 211-24-31,user103289@example.ru,Санкт-Петербург,05.02.2024
c101950,Лидия Ковальчук,+7 (926) 038-28-85,user101950@example.ru,Екатеринбург,22.08.2024
c103783,Наталья Мешков,+7 (942) 622-06-73,user103783@example.ru,Новосибирск,22.03.2024
c101435,Егор Осипова,+7 (989) 232-96-80,user101435@example.ru,Санкт-Петербург,22.07.2025
c106143,Алиса Шилова,+7 (977) 181-53-11,user106143@example.ru,Екатеринбург,15.04.2026
c101960,Елена Крылов,+7 (996) 761-63-51,user101960@example.ru,Красноярск,31.05.2025
c101246,Наталья Нестеров,+7 (998) 886-98-33,user101246@example.ru,Санкт-Петербург,11.12.2024
c106652,Павел Гордеев,+7 (939) 116-16-36,user106652@example.ru,Новосибирск,31.10.2025
c105462,Алиса Гордеев,+7 (946) 282-94-28,user105462@example.ru,Москва,09.04.2024
c105676,Тимур Ковальчук,+7 (948) 094-91-42,user105676@example.ru,Красноярск,02.08.2024
c105688,Павел Ермаков,+7 (968) 741-34-84,user105688@example.ru,Казань,20.07.2024
c101460,Ольга Гордеев,+7 (919) 132-58-55,user101460@example.ru,Екатеринбург,06.09.2025
c102402,Алиса Крылов,+7 (962) 172-96-57,user102402@example.ru,Красноярск,28.08.2024
c102575,Артур Крылов,+7 (954) 452-51-10,user102575@example.ru,Казань,22.07.2024
c101932,Ольга Савельев,+7 (963) 138-65-20,user101932@example.ru,Красноярск,20.08.2025
c100273,Денис Савельев,+7 (933) 023-51-79,user100273@example.ru,Новосибирск,03.05.2024
c105808,Алиса Крылов,+7 (951) 051-24-44,user105808@example.ru,Красноярск,13.03.2026
c105087,Вера Ковальчук,+7 (995) 991-86-91,user105087@example.ru,Санкт-Петербург,27.02.2025
c104122,Наталья Лаптев,+7 (995) 359-70-41,user104122@example.ru,Санкт-Петербург,20.02.2024
c101315,Мария Сорокина,+7 (958) 703-62-38,user101315@example.ru,Красноярск,13.03.2025
c105883,Анна Ермаков,+7 (994) 510-84-89,user105883@example.ru,Новосибирск,29.06.2025
c101934,Павел Ковальчук,+7 (942) 210-16-22,user101934@example.ru,Екатеринбург,29.09.2024
c100207,Елена Ермаков,+7 (968) 754-44-85,user100207@example.ru,Новосибирск,25.01.2025
c101805,Елена Лаптев,+7 (981) 712-61-92,user101805@example.ru,Санкт-Петербург,13.10.2025
c100290,Полина Панин,+7 (996) 590-66-59,user100290@example.ru,Казань,30.05.2025
c102045,Юлия Савельев,+7 (914) 912-56-58,user102045@example.ru,Красноярск,10.03.2025
c105037,Мария Лаптев,+7 (948) 877-59-88,user105037@example.ru,Казань,27.01.2025
c104141,Полина Сорокина,+7 (988) 078-31-51,user104141@example.ru,Екатеринбург,21.09.2024
c100193,Алиса Нестеров,+7 (918) 311-07-60,user100193@example.ru,Екатеринбург,08.05.2026
c106814,Игорь Шилова,+7 (987) 198-05-11,user106814@example.ru,Казань,26.06.2025
c105233,Алиса Шилова,+7 (974) 055-91-19,user105233@example.ru,Новосибирск,18.10.2025
c105089,Мария Ермаков,+7 (942) 635-57-48,user105089@example.ru,Казань,30.06.2025
c101830,Роман Белых,+7 (912) 221-15-40,user101830@example.ru,Новосибирск,05.11.2024
c101037,Анна Сорокина,+7 (953) 668-48-53,user101037@example.ru,Казань,08.06.2024
c106206,Юлия Савельев,+7 (997) 746-61-19,user106206@example.ru,Москва,06.06.2026
c100950,Юлия Мешков,+7 (912) 379-69-73,user100950@example.ru,Санкт-Петербург,26.10.2025
c102945,Глеб Зуева,+7 (920) 342-05-13,user102945@example.ru,Москва,12.04.2025
c100487,Полина Панин,+7 (971) 577-48-56,user100487@example.ru,Новосибирск,21.05.2024
c100369,Кирилл Тихонова,+7 (910) 604-95-98,user100369@example.ru,Новосибирск,24.03.2026
c100014,Роман Тихонова,+7 (957) 363-34-92,user100014@example.ru,Красноярск,02.03.2024
c103607,Кирилл Шилова,+7 (980) 966-08-16,user103607@example.ru,Новосибирск,15.05.2025
c105053,Наталья Панин,+7 (974) 907-44-21,user105053@example.ru,Екатеринбург,03.06.2024
c101799,Елена Осипова,+7 (986) 354-32-09,user101799@example.ru,Казань,20.03.2025
c105116,Ольга Сорокина,+7 (954) 571-62-67,user105116@example.ru,Екатеринбург,26.08.2025
c103224,Максим Гордеев,+7 (927) 821-23-97,user103224@example.ru,Новосибирск,20.10.2024
c102913,Алиса Панин,+7 (928) 778-48-04,user102913@example.ru,Красноярск,15.11.2024
c103858,Полина Лаптев,+7 (930) 913-27-51,user103858@example.ru,Санкт-Петербург,19.12.2024
c104739,Ольга Мешков,+7 (928) 999-78-81,user104739@example.ru,Екатеринбург,28.09.2024
c100253,Кирилл Зуева,+7 (944) 518-02-16,user100253@example.ru,Новосибирск,02.06.2025
c105585,Полина Тихонова,+7 (999) 805-85-25,user105585@example.ru,Екатеринбург,23.03.2026
c104750,Вера Савельев,+7 (924) 504-69-36,user104750@example.ru,Новосибирск,28.01.2025
c104198,Глеб Шилова,+7 (941) 314-56-48,user104198@example.ru,Красноярск,25.03.2025
c106446,Юлия Ковальчук,+7 (915) 827-62-65,user106446@example.ru,Новосибирск,17.12.2025
c102378,Артур Ермаков,+7 (994) 600-56-80,user102378@example.ru,Екатеринбург,07.07.2024
c104628,Алиса Сорокина,+7 (977) 668-57-80,user104628@example.ru,Санкт-Петербург,30.08.2024
c104623,Лидия Шилова,+7 (986) 088-36-24,user104623@example.ru,Екатеринбург,03.01.2026
c101200,Егор Панин,+7 (949) 748-64-09,user101200@example.ru,Красноярск,24.09.2025
c106639,Наталья Белых,+7 (946) 137-17-07,user106639@example.ru,Красноярск,13.07.2025
c100010,Егор Тихонова,+7 (923) 901-58-21,user100010@example.ru,Новосибирск,27.05.2024
c101094,Елена Ковальчук,+7 (975) 495-15-38,user101094@example.ru,Санкт-Петербург,25.06.2024
c103839,Павел Лаптев,+7 (945) 972-94-92,user103839@example.ru,Новосибирск,09.06.2024
c100672,Денис Сорокина,+7 (940) 143-88-24,user100672@example.ru,Казань,16.07.2024
c105079,Мария Крылов,+7 (940) 108-39-64,user105079@example.ru,Екатеринбург,05.07.2025
c106438,Глеб Гордеев,+7 (980) 317-51-57,user106438@example.ru,Санкт-Петербург,10.05.2026
c104932,Полина Зуева,+7 (992) 654-87-46,user104932@example.ru,Екатеринбург,04.08.2024
c102920,Мария Шилова,+7 (963) 931-74-03,user102920@example.ru,Санкт-Петербург,24.02.2026
c103441,Артур Юдина,+7 (916) 170-83-65,user103441@example.ru,Казань,04.02.2026
c104256,Вера Нестеров,+7 (943) 928-42-80,user104256@example.ru,Москва,01.01.2025
c105982,Глеб Зуева,+7 (964) 505-62-97,user105982@example.ru,Новосибирск,21.06.2024
c103410,Ольга Белых,+7 (920) 571-22-77,user103410@example.ru,Екатеринбург,09.04.2026
c106035,Павел Мешков,+7 (988) 557-06-20,user106035@example.ru,Казань,09.03.2024
c100667,Анна Юдина,+7 (935) 036-42-67,user100667@example.ru,Санкт-Петербург,26.04.2025
c104344,Тимур Мешков,+7 (950) 399-31-38,user104344@example.ru,Санкт-Петербург,11.03.2025
c101000,Кирилл Мешков,+7 (942) 204-55-55,user101000@example.ru,Москва,04.06.2025
c106831,Лидия Осипова,+7 (941) 335-72-36,user106831@example.ru,Красноярск,26.02.2026
c105173,Максим Крылов,+7 (997) 207-77-19,user105173@example.ru,Красноярск,12.09.2025
c102671,Елена Шилова,+7 (954) 562-21-77,user102671@example.ru,Санкт-Петербург,21.01.2026
c104008,Артур Сорокина,+7 (946) 604-46-17,user104008@example.ru,Москва,31.01.2024
c105195,Роман Панин,+7 (982) 755-05-36,user105195@example.ru,Екатеринбург,14.02.2025
c102561,Глеб Нестеров,+7 (998) 704-72-79,user102561@example.ru,Санкт-Петербург,01.02.2026
c106001,Алиса Гордеев,+7 (968) 769-28-19,user106001@example.ru,Красноярск,11.03.2025
c104524,Лидия Лаптев,+7 (973) 198-03-77,user104524@example.ru,Новосибирск,21.02.2026
c102368,Елена Шилова,+7 (942) 143-89-30,user102368@example.ru,Санкт-Петербург,26.01.2025
c104144,Полина Сорокина,+7 (957) 702-23-64,user104144@example.ru,Санкт-Петербург,02.03.2024
c104649,Игорь Савельев,+7 (937) 710-72-35,user104649@example.ru,Красноярск,25.04.2024
c102146,Полина Осипова,+7 (959) 707-75-52,user102146@example.ru,Москва,05.08.2025
c102888,Юлия Мешков,+7 (944) 724-70-82,user102888@example.ru,Екатеринбург,10.10.2025
c103564,Артур Савельев,+7 (910) 197-80-29,user103564@example.ru,Казань,29.01.2024
c106516,Денис Савельев,+7 (961) 214-54-81,user106516@example.ru,Санкт-Петербург,16.01.2025
c101057,Наталья Осипова,+7 (917) 836-38-10,user101057@example.ru,Новосибирск,18.12.2024
c101638,Тимур Белых,+7 (991) 900-58-91,user101638@example.ru,Новосибирск,09.12.2024
c105721,Наталья Шилова,+7 (987) 814-84-80,user105721@example.ru,Казань,03.03.2024
c101998,Алиса Лаптев,+7 (955) 162-36-35,user101998@example.ru,Санкт-Петербург,15.02.2026
c105358,Мария Юдина,+7 (992) 592-94-62,user105358@example.ru,Москва,29.07.2024
c104195,Артур Сорокина,+7 (992) 341-58-01,user104195@example.ru,Красноярск,11.06.2024
c105495,Мария Савельев,+7 (951) 177-38-62,user105495@example.ru,Новосибирск,28.09.2024
c103631,Кирилл Крылов,+7 (965) 814-47-92,user103631@example.ru,Красноярск,12.03.2024
c101325,Артур Лаптев,+7 (928) 098-90-79,user101325@example.ru,Новосибирск,03.06.2026
c102741,Кирилл Белых,+7 (954) 358-77-16,user102741@example.ru,Екатеринбург,10.05.2025
c100727,Вера Гордеев,+7 (924) 242-29-83,user100727@example.ru,Екатеринбург,08.06.2026
c105642,Алиса Панин,+7 (951) 445-95-64,user105642@example.ru,Красноярск,07.07.2024
c101615,Максим Шилова,+7 (992) 178-68-34,user101615@example.ru,Новосибирск,20.04.2025
c104147,Кирилл Тихонова,+7 (949) 526-51-72,user104147@example.ru,Красноярск,30.03.2025
c104452,Роман Зуева,+7 (914) 415-39-52,user104452@example.ru,Екатеринбург,23.06.2025
c106273,Игорь Шилова,+7 (974) 100-93-31,user106273@example.ru,Санкт-Петербург,10.11.2025
c104377,Максим Тихонова,+7 (959) 671-67-80,user104377@example.ru,Санкт-Петербург,07.03.2025
c103954,Денис Ермаков,+7 (954) 023-80-76,user103954@example.ru,Екатеринбург,07.12.2024
c100938,Роман Крылов,+7 (949) 411-58-94,user100938@example.ru,Красноярск,03.09.2025
c105677,Глеб Ковальчук,+7 (919) 526-12-63,user105677@example.ru,Красноярск,28.08.2025
c102210,Полина Ермаков,+7 (935) 799-30-31,user102210@example.ru,Екатеринбург,01.07.2025
c106801,Кирилл Юдина,+7 (932) 242-62-73,user106801@example.ru,Москва,01.05.2026
c105049,Вера Осипова,+7 (983) 566-21-73,user105049@example.ru,Екатеринбург,22.07.2025
c106271,Максим Мешков,+7 (923) 328-94-15,user106271@example.ru,Москва,20.10.2025
c101516,Полина Гордеев,+7 (993) 510-26-90,user101516@example.ru,Москва,09.04.2025
c100513,Лидия Мешков,+7 (925) 511-25-87,user100513@example.ru,Санкт-Петербург,19.12.2024
c102975,Вера Нестеров,+7 (957) 067-53-31,user102975@example.ru,Санкт-Петербург,07.06.2024
c102524,Артур Сорокина,+7 (996) 268-17-45,user102524@example.ru,Казань,11.12.2024
c102787,Елена Тихонова,+7 (973) 707-79-27,user102787@example.ru,Екатеринбург,08.03.2025
c102042,Юлия Белых,+7 (940) 147-44-75,user102042@example.ru,Красноярск,13.01.2025
c104200,Кирилл Тихонова,+7 (923) 335-13-83,user104200@example.ru,Казань,17.09.2025
c101558,Анна Мешков,+7 (917) 504-49-64,user101558@example.ru,Казань,08.02.2024
c105820,Елена Савельев,+7 (951) 124-55-68,user105820@example.ru,Новосибирск,13.10.2024
c104901,Тимур Ковальчук,+7 (983) 314-71-87,user104901@example.ru,Новосибирск,25.07.2025
c103166,Артур Тихонова,+7 (911) 300-05-38,user103166@example.ru,Казань,17.03.2024
c105523,Игорь Осипова,+7 (946) 325-93-61,user105523@example.ru,Москва,07.02.2026
c102870,Наталья Мешков,+7 (998) 146-43-03,user102870@example.ru,Казань,02.08.2025
c102963,Глеб Тихонова,+7 (953) 764-07-72,user102963@example.ru,Красноярск,25.11.2024
c101336,Артур Панин,+7 (964) 394-82-48,user101336@example.ru,Казань,03.04.2026
c101204,Наталья Крылов,+7 (963) 814-02-07,user101204@example.ru,Красноярск,24.10.2024
c100978,Елена Лаптев,+7 (983) 993-68-34,user100978@example.ru,Красноярск,23.12.2024
c103115,Егор Крылов,+7 (955) 146-68-97,user103115@example.ru,Екатеринбург,19.06.2026
c102057,Павел Шилова,+7 (998) 788-37-40,user102057@example.ru,Санкт-Петербург,02.06.2026
c105302,Юлия Панин,+7 (973) 099-54-32,user105302@example.ru,Санкт-Петербург,11.02.2024
c102843,Елена Мешков,+7 (944) 008-99-72,user102843@example.ru,Москва,22.08.2025
c106099,Анна Ермаков,+7 (974) 395-03-12,user106099@example.ru,Екатеринбург,24.09.2025
c105383,Артур Гордеев,+7 (916) 305-75-77,user105383@example.ru,Санкт-Петербург,27.04.2025
c100421,Артур Белых,+7 (965) 638-26-31,user100421@example.ru,Красноярск,29.09.2024
c102871,Алиса Ковальчук,+7 (994) 670-18-16,user102871@example.ru,Москва,03.05.2024
c104846,Алиса Юдина,+7 (919) 136-83-42,user104846@example.ru,Новосибирск,02.06.2026
c106374,Елена Сорокина,+7 (979) 948-25-29,user106374@example.ru,Москва,27.03.2024
c104030,Максим Сорокина,+7 (951) 640-97-24,user104030@example.ru,Екатеринбург,01.03.2026
c105628,Артур Панин,+7 (940) 353-06-80,user105628@example.ru,Казань,08.05.2026
c106258,Игорь Сорокина,+7 (919) 540-11-55,user106258@example.ru,Москва,17.05.2025
c104998,Роман Сорокина,+7 (946) 556-05-88,user104998@example.ru,Казань,13.01.2024
c101069,Вера Юдина,+7 (947) 932-09-21,user101069@example.ru,Санкт-Петербург,15.07.2025
c102341,Максим Мешков,+7 (935) 762-75-44,user102341@example.ru,Казань,02.10.2025
c101718,Алиса Гордеев,+7 (985) 934-66-83,user101718@example.ru,Санкт-Петербург,29.09.2024
c106495,Роман Юдина,+7 (967) 168-28-20,user106495@example.ru,Санкт-Петербург,31.01.2025
c100748,Наталья Нестеров,+7 (954) 951-57-67,user100748@example.ru,Санкт-Петербург,16.07.2024
c106150,Глеб Белых,+7 (929) 636-06-23,user106150@example.ru,Красноярск,11.09.2025
c105651,Юлия Белых,+7 (932) 385-70-60,user105651@example.ru,Казань,09.03.2026
c100472,Кирилл Белых,+7 (950) 021-95-04,user100472@example.ru,Санкт-Петербург,22.02.2025
c106297,Роман Тихонова,+7 (913) 343-74-11,user106297@example.ru,Москва,24.02.2025
c100512,Кирилл Нестеров,+7 (988) 060-77-32,user100512@example.ru,Москва,08.11.2025
c106872,Алиса Шилова,+7 (983) 990-31-89,user106872@example.ru,Екатеринбург,19.03.2026
c105911,Мария Крылов,+7 (923) 885-26-60,user105911@example.ru,Санкт-Петербург,18.04.2026
c104354,Лидия Нестеров,+7 (916) 132-53-96,user104354@example.ru,Красноярск,12.03.2024
c100674,Елена Шилова,+7 (946) 639-83-85,user100674@example.ru,Новосибирск,17.05.2025
c101334,Елена Сорокина,+7 (982) 509-21-14,user101334@example.ru,Новосибирск,06.08.2025
c105301,Наталья Белых,+7 (938) 103-09-52,user105301@example.ru,Санкт-Петербург,31.01.2025
c104267,Ольга Шилова,+7 (942) 519-15-23,user104267@example.ru,Екатеринбург,26.06.2024
c102294,Глеб Мешков,+7 (935) 308-09-19,user102294@example.ru,Екатеринбург,26.04.2026
c100632,Игорь Крылов,+7 (926) 186-59-40,user100632@example.ru,Красноярск,21.06.2026
c100695,Ольга Мешков,+7 (970) 312-13-82,user100695@example.ru,Санкт-Петербург,24.01.2024
c100746,Полина Лаптев,+7 (910) 856-66-61,user100746@example.ru,Екатеринбург,15.04.2025
c100643,Полина Зуева,+7 (931) 858-85-35,user100643@example.ru,Красноярск,27.09.2024
c101210,Игорь Савельев,+7 (943) 808-80-12,user101210@example.ru,Казань,28.07.2024
c100538,Лидия Ковальчук,+7 (995) 293-31-99,user100538@example.ru,Санкт-Петербург,23.08.2024
c100953,Тимур Ковальчук,+7 (968) 621-48-86,user100953@example.ru,Красноярск,02.02.2026
c105392,Павел Мешков,+7 (978) 551-35-75,user105392@example.ru,Казань,20.10.2025
c103747,Тимур Ермаков,+7 (963) 266-80-60,user103747@example.ru,Екатеринбург,17.06.2026
c100931,Егор Ермаков,+7 (953) 215-21-60,user100931@example.ru,Санкт-Петербург,26.12.2024
c102212,Мария Шилова,+7 (983) 794-75-42,user102212@example.ru,Новосибирск,18.04.2025
c100515,Кирилл Ковальчук,+7 (987) 073-42-50,user100515@example.ru,Екатеринбург,21.02.2026
c101118,Полина Мешков,+7 (985) 377-56-44,user101118@example.ru,Казань,30.09.2024
c104844,Артур Крылов,+7 (961) 955-04-48,user104844@example.ru,Екатеринбург,15.02.2026
c103587,Егор Савельев,+7 (960) 781-18-39,user103587@example.ru,Новосибирск,20.04.2024
c105127,Кирилл Ермаков,+7 (946) 096-30-93,user105127@example.ru,Москва,15.10.2025
c102359,Денис Ковальчук,+7 (967) 110-84-45,user102359@example.ru,Казань,26.02.2025
c106826,Денис Лаптев,+7 (977) 415-39-49,user106826@example.ru,Москва,08.03.2025
c100022,Кирилл Тихонова,+7 (953) 792-63-25,user100022@example.ru,Красноярск,08.10.2025
c106376,Анна Панин,+7 (988) 258-06-24,user106376@example.ru,Красноярск,13.02.2026
c101822,Наталья Белых,+7 (963) 167-45-78,user101822@example.ru,Екатеринбург,05.04.2026
c104474,Юлия Зуева,+7 (940) 429-95-93,user104474@example.ru,Санкт-Петербург,29.01.2024
c101842,Максим Нестеров,+7 (990) 189-38-65,user101842@example.ru,Новосибирск,23.05.2026
c102762,Ольга Зуева,+7 (933) 050-69-56,user102762@example.ru,Санкт-Петербург,21.10.2024
c102374,Егор Мешков,+7 (920) 869-22-02,user102374@example.ru,Екатеринбург,07.05.2024
c103020,Глеб Гордеев,+7 (999) 284-73-11,user103020@example.ru,Новосибирск,22.01.2025
c100909,Лидия Белых,+7 (986) 488-27-16,user100909@example.ru,Новосибирск,24.06.2025
c101322,Тимур Сорокина,+7 (955) 527-50-35,user101322@example.ru,Казань,09.05.2026
c106244,Елена Лаптев,+7 (922) 356-29-49,user106244@example.ru,Екатеринбург,22.06.2026
c105598,Максим Шилова,+7 (911) 338-07-20,user105598@example.ru,Санкт-Петербург,19.09.2024
c103370,Кирилл Савельев,+7 (981) 503-08-16,user103370@example.ru,Красноярск,01.08.2025
c104848,Кирилл Осипова,+7 (959) 733-53-84,user104848@example.ru,Москва,21.07.2025
c105869,Артур Юдина,+7 (993) 614-62-36,user105869@example.ru,Казань,14.03.2024
c100916,Мария Шилова,+7 (957) 826-56-70,user100916@example.ru,Казань,05.05.2024
c104611,Мария Шилова,+7 (975) 329-37-88,user104611@example.ru,Казань,18.07.2024
c102703,Павел Савельев,+7 (997) 139-97-50,user102703@example.ru,Красноярск,29.02.2024
c102327,Глеб Тихонова,+7 (977) 793-56-41,user102327@example.ru,Екатеринбург,12.09.2024
c104603,Мария Нестеров,+7 (993) 813-63-53,user104603@example.ru,Екатеринбург,01.02.2026
c104921,Юлия Осипова,+7 (918) 826-14-50,user104921@example.ru,Новосибирск,12.06.2025
c105978,Глеб Сорокина,+7 (974) 158-20-76,user105978@example.ru,Новосибирск,21.02.2026
c105705,Ольга Шилова,+7 (988) 174-81-45,user105705@example.ru,Красноярск,06.06.2026
c106882,Ольга Юдина,+7 (925) 354-15-78,user106882@example.ru,Казань,02.07.2024
c100973,Кирилл Гордеев,+7 (995) 602-94-93,user100973@example.ru,Москва,29.11.2024
c101905,Максим Крылов,+7 (967) 625-21-94,user101905@example.ru,Новосибирск,13.07.2025
c101060,Елена Сорокина,+7 (945) 481-70-42,user101060@example.ru,Москва,17.09.2024
c100152,Ольга Лаптев,+7 (915) 299-29-21,user100152@example.ru,Казань,14.03.2025
c103926,Денис Ермаков,+7 (973) 308-67-59,user103926@example.ru,Казань,16.10.2024
c104265,Игорь Савельев,+7 (944) 851-04-87,user104265@example.ru,Екатеринбург,04.02.2026
c100830,Мария Крылов,+7 (948) 457-06-58,user100830@example.ru,Красноярск,09.02.2025
c101328,Артур Ковальчук,+7 (928) 323-75-45,user101328@example.ru,Москва,13.01.2024
c105159,Алиса Ермаков,+7 (975) 155-61-97,user105159@example.ru,Новосибирск,01.03.2025
c100056,Кирилл Ковальчук,+7 (998) 382-97-02,user100056@example.ru,Екатеринбург,24.04.2026
c105718,Анна Шилова,+7 (985) 137-15-47,user105718@example.ru,Казань,10.01.2026
c104711,Мария Юдина,+7 (919) 151-71-07,user104711@example.ru,Москва,01.11.2024
c101895,Кирилл Осипова,+7 (997) 934-04-38,user101895@example.ru,Новосибирск,24.05.2024
c100477,Полина Ермаков,+7 (951) 944-77-76,user100477@example.ru,Санкт-Петербург,05.03.2026
c104621,Лидия Мешков,+7 (986) 349-90-40,user104621@example.ru,Новосибирск,19.10.2024
c100845,Артур Крылов,+7 (957) 875-25-99,user100845@example.ru,Москва,26.08.2024
c102774,Максим Лаптев,+7 (936) 134-31-64,user102774@example.ru,Новосибирск,20.05.2026
c103629,Полина Савельев,+7 (969) 994-15-00,user103629@example.ru,Москва,20.02.2024
c100827,Наталья Гордеев,+7 (973) 565-53-57,user100827@example.ru,Екатеринбург,31.01.2025
c104952,Егор Юдина,+7 (991) 448-14-04,user104952@example.ru,Москва,08.08.2024
c102938,Мария Лаптев,+7 (914) 236-99-23,user102938@example.ru,Новосибирск,08.02.2024
c104424,Павел Панин,+7 (917) 559-49-28,user104424@example.ru,Москва,07.01.2026
c104539,Анна Савельев,+7 (915) 115-09-95,user104539@example.ru,Новосибирск,26.03.2024
c105128,Роман Тихонова,+7 (937) 868-60-30,user105128@example.ru,Екатеринбург,29.10.2025
c100462,Тимур Юдина,+7 (938) 151-90-19,user100462@example.ru,Санкт-Петербург,27.12.2024
c103512,Роман Сорокина,+7 (951) 334-43-85,user103512@example.ru,Екатеринбург,18.08.2024
c105400,Юлия Мешков,+7 (973) 854-22-82,user105400@example.ru,Красноярск,11.02.2025
c101906,Алиса Осипова,+7 (992) 721-56-19,user101906@example.ru,Екатеринбург,19.03.2026
c105991,Алиса Панин,+7 (981) 456-73-70,user105991@example.ru,Красноярск,15.01.2025
c103633,Кирилл Белых,+7 (951) 492-31-20,user103633@example.ru,Екатеринбург,26.10.2024
c105472,Глеб Сорокина,+7 (979) 456-42-93,user105472@example.ru,Красноярск,05.07.2024
c103354,Елена Сорокина,+7 (929) 902-59-31,user103354@example.ru,Красноярск,06.05.2025
c104049,Максим Крылов,+7 (974) 210-63-74,user104049@example.ru,Санкт-Петербург,30.09.2024
c103361,Максим Мешков,+7 (973) 607-18-01,user103361@example.ru,Екатеринбург,30.07.2025
c104667,Егор Осипова,+7 (922) 624-26-37,user104667@example.ru,Москва,13.03.2025
c104874,Глеб Гордеев,+7 (953) 413-22-15,user104874@example.ru,Москва,09.06.2025
c100731,Глеб Панин,+7 (968) 316-79-21,user100731@example.ru,Москва,04.04.2024
c102996,Кирилл Зуева,+7 (969) 592-64-81,user102996@example.ru,Москва,11.06.2024
c105867,Максим Тихонова,+7 (974) 563-21-99,user105867@example.ru,Красноярск,04.01.2026
c102931,Лидия Белых,+7 (986) 719-42-07,user102931@example.ru,Казань,21.07.2024
c101812,Анна Крылов,+7 (981) 839-88-57,user101812@example.ru,Новосибирск,05.07.2025
c104905,Мария Белых,+7 (958) 956-05-41,user104905@example.ru,Новосибирск,26.06.2025
c102254,Павел Нестеров,+7 (975) 391-14-96,user102254@example.ru,Москва,11.03.2026
c105497,Елена Осипова,+7 (924) 619-82-46,user105497@example.ru,Екатеринбург,28.07.2024
c106526,Егор Нестеров,+7 (941) 051-69-43,user106526@example.ru,Санкт-Петербург,20.01.2025
c104431,Тимур Ковальчук,+7 (973) 619-72-24,user104431@example.ru,Санкт-Петербург,16.01.2025
c104247,Игорь Савельев,+7 (945) 096-85-87,user104247@example.ru,Казань,20.05.2026
c104180,Максим Гордеев,+7 (929) 690-35-33,user104180@example.ru,Новосибирск,24.12.2024
c100561,Елена Ермаков,+7 (991) 968-44-46,user100561@example.ru,Казань,14.01.2025
c101978,Максим Юдина,+7 (994) 341-61-77,user101978@example.ru,Новосибирск,05.05.2024
c102645,Игорь Тихонова,+7 (955) 400-00-83,user102645@example.ru,Новосибирск,06.12.2025
c104089,Глеб Нестеров,+7 (940) 008-88-55,user104089@example.ru,Новосибирск,06.12.2025
c100433,Анна Ковальчук,+7 (959) 742-49-42,user100433@example.ru,Санкт-Петербург,26.07.2024
c103201,Тимур Сорокина,+7 (921) 737-33-23,user103201@example.ru,Санкт-Петербург,21.09.2024
c100592,Ольга Зуева,+7 (932) 196-27-26,user100592@example.ru,Новосибирск,11.06.2024
c105376,Кирилл Мешков,+7 (942) 889-61-15,user105376@example.ru,Екатеринбург,31.07.2025
c105008,Юлия Ермаков,+7 (929) 502-43-49,user105008@example.ru,Екатеринбург,12.01.2024
c100573,Егор Белых,+7 (983) 650-42-38,user100573@example.ru,Екатеринбург,11.05.2026
c104903,Елена Белых,+7 (978) 305-33-01,user104903@example.ru,Казань,12.10.2024
c101403,Кирилл Савельев,+7 (992) 252-50-01,user101403@example.ru,Красноярск,08.10.2024
c104507,Мария Савельев,+7 (956) 458-20-33,user104507@example.ru,Москва,05.10.2024
c104127,Глеб Сорокина,+7 (991) 922-01-78,user104127@example.ru,Екатеринбург,26.05.2026
c104048,Наталья Ермаков,+7 (923) 751-90-18,user104048@example.ru,Екатеринбург,04.04.2025
c102398,Полина Ермаков,+7 (956) 666-68-44,user102398@example.ru,Красноярск,11.07.2025
c103605,Анна Тихонова,+7 (948) 290-09-49,user103605@example.ru,Москва,24.03.2024
c102988,Артур Тихонова,+7 (913) 494-04-37,user102988@example.ru,Екатеринбург,19.01.2024
c104264,Наталья Осипова,+7 (952) 808-34-59,user104264@example.ru,Новосибирск,01.01.2026
c105310,Роман Белых,+7 (935) 905-40-02,user105310@example.ru,Екатеринбург,15.10.2024
c101407,Лидия Зуева,+7 (992) 295-63-03,user101407@example.ru,Красноярск,01.09.2024
c104973,Елена Гордеев,+7 (952) 460-46-21,user104973@example.ru,Новосибирск,14.12.2025
c104744,Денис Крылов,+7 (951) 846-41-77,user104744@example.ru,Санкт-Петербург,15.04.2026
c105125,Глеб Тихонова,+7 (918) 737-10-47,user105125@example.ru,Москва,07.08.2025
c101689,Мария Зуева,+7 (967) 754-49-12,user101689@example.ru,Санкт-Петербург,07.10.2024
c101676,Елена Панин,+7 (935) 646-78-99,user101676@example.ru,Москва,27.09.2024
c105060,Денис Шилова,+7 (976) 481-73-54,user105060@example.ru,Казань,07.01.2026
c101892,Егор Ермаков,+7 (915) 849-47-02,user101892@example.ru,Санкт-Петербург,13.03.2025
c105371,Мария Мешков,+7 (941) 712-54-75,user105371@example.ru,Санкт-Петербург,11.12.2024
c101500,Ольга Ковальчук,+7 (914) 647-24-96,user101500@example.ru,Екатеринбург,03.05.2025
c101550,Павел Ермаков,+7 (918) 448-89-35,user101550@example.ru,Красноярск,18.07.2024
c106509,Вера Панин,+7 (910) 939-37-07,user106509@example.ru,Санкт-Петербург,16.08.2024
c106264,Глеб Крылов,+7 (942) 934-63-64,user106264@example.ru,Москва,28.10.2024
c104692,Егор Шилова,+7 (939) 897-59-97,user104692@example.ru,Санкт-Петербург,30.04.2026
c102486,Павел Тихонова,+7 (918) 209-30-13,user102486@example.ru,Санкт-Петербург,06.09.2025
c106126,Лидия Шилова,+7 (988) 907-32-87,user106126@example.ru,Москва,24.04.2025
c103531,Вера Юдина,+7 (967) 334-70-42,user103531@example.ru,Новосибирск,08.05.2024
c101270,Юлия Савельев,+7 (939) 917-43-23,user101270@example.ru,Казань,20.03.2026
c100115,Елена Тихонова,+7 (944) 919-14-35,user100115@example.ru,Москва,07.12.2024
c105951,Юлия Ермаков,+7 (977) 196-04-07,user105951@example.ru,Москва,30.04.2025
c105030,Игорь Шилова,+7 (968) 120-12-56,user105030@example.ru,Казань,14.02.2024
c101101,Наталья Крылов,+7 (958) 852-28-70,user101101@example.ru,Екатеринбург,21.06.2025
c100272,Денис Нестеров,+7 (951) 060-60-06,user100272@example.ru,Новосибирск,06.12.2025
c105153,Егор Осипова,+7 (955) 052-30-45,user105153@example.ru,Красноярск,02.05.2024
c106369,Ольга Ермаков,+7 (935) 967-61-20,user106369@example.ru,Санкт-Петербург,16.03.2026
c101536,Ольга Зуева,+7 (984) 629-25-19,user101536@example.ru,Красноярск,10.05.2026
c105548,Елена Ковальчук,+7 (987) 504-79-20,user105548@example.ru,Екатеринбург,16.02.2024
c102869,Павел Шилова,+7 (995) 273-25-47,user102869@example.ru,Москва,21.06.2025
c104991,Мария Сорокина,+7 (966) 565-15-59,user104991@example.ru,Москва,01.02.2026
c106870,Кирилл Тихонова,+7 (951) 320-72-95,user106870@example.ru,Санкт-Петербург,23.03.2025
c104562,Глеб Савельев,+7 (917) 551-98-96,user104562@example.ru,Красноярск,29.05.2024
c106262,Наталья Ковальчук,+7 (949) 427-10-93,user106262@example.ru,Екатеринбург,19.02.2025
c102591,Вера Шилова,+7 (979) 859-67-52,user102591@example.ru,Санкт-Петербург,22.03.2025
c106510,Тимур Нестеров,+7 (924) 230-67-27,user106510@example.ru,Москва,26.03.2025
c100893,Полина Лаптев,+7 (995) 182-05-99,user100893@example.ru,Казань,04.08.2024
c104015,Глеб Савельев,+7 (945) 158-32-02,user104015@example.ru,Казань,01.02.2025
c105828,Денис Лаптев,+7 (940) 452-73-80,user105828@example.ru,Москва,28.06.2026
c100996,Глеб Зуева,+7 (985) 600-34-37,user100996@example.ru,Казань,01.08.2024
c103085,Полина Зуева,+7 (927) 539-03-25,user103085@example.ru,Санкт-Петербург,04.07.2025
c106784,Максим Шилова,+7 (925) 475-84-28,user106784@example.ru,Казань,20.01.2025
c101113,Мария Ермаков,+7 (993) 002-72-13,user101113@example.ru,Красноярск,23.05.2024
c104845,Мария Ковальчук,+7 (929) 620-17-23,user104845@example.ru,Казань,07.03.2024
c100068,Елена Гордеев,+7 (975) 779-63-75,user100068@example.ru,Казань,09.12.2025
c103934,Егор Лаптев,+7 (918) 667-95-91,user103934@example.ru,Новосибирск,09.03.2025
c103041,Лидия Ермаков,+7 (922) 887-45-26,user103041@example.ru,Екатеринбург,28.02.2025
c105957,Егор Юдина,+7 (921) 309-23-20,user105957@example.ru,Санкт-Петербург,13.03.2025
c102127,Анна Белых,+7 (932) 535-76-97,user102127@example.ru,Санкт-Петербург,12.02.2024
c103160,Игорь Зуева,+7 (969) 662-17-44,user103160@example.ru,Екатеринбург,16.07.2025
c104729,Наталья Зуева,+7 (988) 511-83-75,user104729@example.ru,Екатеринбург,03.09.2025
c100208,Полина Зуева,+7 (913) 491-93-10,user100208@example.ru,Красноярск,14.08.2024
c103889,Лидия Лаптев,+7 (948) 413-02-11,user103889@example.ru,Москва,13.05.2024
c100812,Мария Зуева,+7 (988) 854-39-88,user100812@example.ru,Казань,26.07.2025
c102136,Глеб Тихонова,+7 (919) 096-63-05,user102136@example.ru,Екатеринбург,07.07.2025
c101419,Егор Осипова,+7 (943) 553-35-72,user101419@example.ru,Санкт-Петербург,25.06.2026
c105226,Егор Лаптев,+7 (979) 979-19-70,user105226@example.ru,Санкт-Петербург,18.02.2026
c105243,Максим Мешков,+7 (983) 096-53-50,user105243@example.ru,Красноярск,27.04.2026
c102000,Игорь Шилова,+7 (962) 407-03-62,user102000@example.ru,Казань,14.04.2024
c104565,Игорь Юдина,+7 (998) 304-00-68,user104565@example.ru,Новосибирск,17.01.2026
c100589,Анна Ермаков,+7 (990) 410-81-51,user100589@example.ru,Санкт-Петербург,04.12.2024
c106465,Юлия Шилова,+7 (943) 196-28-41,user106465@example.ru,Москва,13.09.2025
c100738,Ольга Панин,+7 (947) 649-01-56,user100738@example.ru,Красноярск,07.04.2025
c104951,Наталья Зуева,+7 (977) 197-42-26,user104951@example.ru,Новосибирск,29.06.2025
c105657,Артур Савельев,+7 (921) 270-41-47,user105657@example.ru,Екатеринбург,10.11.2025
c104416,Роман Панин,+7 (948) 756-02-84,user104416@example.ru,Новосибирск,21.08.2024
c104864,Егор Ковальчук,+7 (999) 806-10-25,user104864@example.ru,Казань,27.12.2024
c102426,Тимур Белых,+7 (926) 159-24-90,user102426@example.ru,Новосибирск,23.09.2025
c101767,Глеб Мешков,+7 (917) 203-39-44,user101767@example.ru,Санкт-Петербург,15.06.2026
c101181,Мария Зуева,+7 (919) 955-69-52,user101181@example.ru,Екатеринбург,12.09.2025
c103915,Наталья Ковальчук,+7 (968) 526-28-43,user103915@example.ru,Красноярск,02.04.2025
c103921,Юлия Ермаков,+7 (923) 731-48-14,user103921@example.ru,Красноярск,10.03.2025
c100388,Мария Савельев,+7 (986) 130-15-50,user100388@example.ru,Казань,12.08.2025
c100648,Вера Савельев,+7 (917) 675-07-56,user100648@example.ru,Москва,17.06.2024
c106138,Анна Осипова,+7 (922) 124-05-09,user106138@example.ru,Казань,11.12.2024
c103157,Анна Тихонова,+7 (957) 886-16-39,user103157@example.ru,Казань,19.05.2024
c101348,Роман Мешков,+7 (923) 531-19-02,user101348@example.ru,Москва,25.04.2025
c101709,Анна Осипова,+7 (919) 801-15-72,user101709@example.ru,Екатеринбург,09.11.2024
c102811,Ольга Крылов,+7 (964) 837-25-92,user102811@example.ru,Санкт-Петербург,29.04.2026
c100138,Елена Зуева,+7 (992) 402-83-13,user100138@example.ru,Казань,05.04.2024
c101079,Игорь Юдина,+7 (962) 994-30-13,user101079@example.ru,Красноярск,04.08.2024
c104151,Полина Юдина,+7 (943) 832-96-93,user104151@example.ru,Санкт-Петербург,09.04.2026
c104324,Наталья Мешков,+7 (947) 515-16-85,user104324@example.ru,Красноярск,08.11.2025
c102400,Наталья Крылов,+7 (968) 726-46-01,user102400@example.ru,Санкт-Петербург,15.11.2024
c105643,Кирилл Нестеров,+7 (922) 575-28-94,user105643@example.ru,Казань,11.06.2026
c106253,Лидия Тихонова,+7 (937) 201-62-42,user106253@example.ru,Москва,07.11.2025
c106351,Лидия Зуева,+7 (941) 966-66-71,user106351@example.ru,Красноярск,28.03.2026
c104675,Егор Белых,+7 (959) 312-62-13,user104675@example.ru,Казань,10.09.2024
c104152,Мария Панин,+7 (965) 978-74-68,user104152@example.ru,Санкт-Петербург,24.05.2026
c103439,Вера Гордеев,+7 (921) 637-91-88,user103439@example.ru,Москва,08.11.2025
c102534,Вера Тихонова,+7 (989) 281-33-12,user102534@example.ru,Красноярск,12.11.2024
c102091,Артур Осипова,+7 (980) 516-48-15,user102091@example.ru,Казань,15.04.2025
c104598,Павел Ермаков,+7 (946) 485-55-15,user104598@example.ru,Красноярск,30.09.2025
c105754,Юлия Юдина,+7 (959) 203-32-34,user105754@example.ru,Красноярск,17.05.2026
c100247,Павел Сорокина,+7 (964) 888-69-95,user100247@example.ru,Новосибирск,31.07.2025
c105909,Павел Гордеев,+7 (930) 762-12-50,user105909@example.ru,Москва,20.05.2024
c100104,Ольга Гордеев,+7 (987) 286-24-20,user100104@example.ru,Санкт-Петербург,17.01.2025
c103569,Артур Мешков,+7 (932) 382-80-99,user103569@example.ru,Санкт-Петербург,04.10.2025
c100745,Мария Крылов,+7 (972) 056-69-13,user100745@example.ru,Казань,03.04.2026
c104486,Лидия Лаптев,+7 (998) 269-93-58,user104486@example.ru,Екатеринбург,11.06.2024
c102209,Денис Юдина,+7 (955) 436-47-61,user102209@example.ru,Новосибирск,19.01.2024
c105833,Игорь Лаптев,+7 (929) 067-88-23,user105833@example.ru,Екатеринбург,18.06.2025
c102439,Вера Мешков,+7 (971) 265-63-21,user102439@example.ru,Санкт-Петербург,03.02.2026
c100857,Игорь Лаптев,+7 (935) 419-95-10,user100857@example.ru,Казань,24.09.2024
c106836,Глеб Шилова,+7 (993) 194-02-19,user106836@example.ru,Екатеринбург,04.04.2026
c105224,Игорь Белых,+7 (918) 330-71-93,user105224@example.ru,Москва,22.01.2026
c102268,Артур Тихонова,+7 (969) 069-35-82,user102268@example.ru,Казань,05.05.2024
c103451,Глеб Панин,+7 (981) 792-68-85,user103451@example.ru,Екатеринбург,09.06.2026
c105076,Алиса Панин,+7 (970) 225-38-90,user105076@example.ru,Санкт-Петербург,11.04.2024
c106089,Денис Осипова,+7 (992) 927-89-71,user106089@example.ru,Санкт-Петербург,06.12.2025
c104514,Юлия Савельев,+7 (973) 273-02-43,user104514@example.ru,Новосибирск,12.03.2024
c100915,Лидия Сорокина,+7 (974) 442-69-80,user100915@example.ru,Москва,26.03.2025
c104707,Наталья Осипова,+7 (942) 830-03-72,user104707@example.ru,Новосибирск,21.04.2024
c102300,Максим Зуева,+7 (927) 110-60-58,user102300@example.ru,Красноярск,04.06.2026
c102103,Лидия Гордеев,+7 (947) 910-50-75,user102103@example.ru,Санкт-Петербург,16.05.2026
c103275,Егор Шилова,+7 (933) 777-86-96,user103275@example.ru,Санкт-Петербург,15.04.2024
c103108,Анна Тихонова,+7 (945) 097-79-19,user103108@example.ru,Новосибирск,01.11.2025
c101827,Павел Юдина,+7 (996) 158-30-55,user101827@example.ru,Екатеринбург,18.08.2024
c106229,Елена Осипова,+7 (988) 579-27-93,user106229@example.ru,Новосибирск,29.08.2025
c101996,Егор Лаптев,+7 (963) 320-28-15,user101996@example.ru,Санкт-Петербург,22.05.2024
c102413,Алиса Сорокина,+7 (929) 072-03-81,user102413@example.ru,Казань,05.03.2026
c102306,Роман Нестеров,+7 (974) 373-37-79,user102306@example.ru,Екатеринбург,06.10.2024
c102581,Глеб Нестеров,+7 (995) 200-87-83,user102581@example.ru,Москва,31.03.2024
c100231,Роман Крылов,+7 (985) 965-86-40,user100231@example.ru,Екатеринбург,05.11.2024
c100391,Тимур Сорокина,+7 (924) 661-33-29,user100391@example.ru,Санкт-Петербург,05.02.2024
c101471,Глеб Юдина,+7 (957) 409-22-98,user101471@example.ru,Казань,11.03.2026
c100913,Роман Савельев,+7 (979) 840-35-69,user100913@example.ru,Казань,01.07.2025
c103391,Анна Гордеев,+7 (915) 444-03-92,user103391@example.ru,Москва,13.09.2025
c103360,Егор Панин,+7 (934) 659-77-55,user103360@example.ru,Санкт-Петербург,18.12.2025
c105897,Глеб Шилова,+7 (952) 049-44-61,user105897@example.ru,Москва,04.12.2024
c104047,Вера Сорокина,+7 (972) 920-66-94,user104047@example.ru,Казань,18.06.2024
c103688,Денис Ермаков,+7 (936) 470-03-14,user103688@example.ru,Екатеринбург,30.08.2024
c104273,Максим Зуева,+7 (964) 406-91-05,user104273@example.ru,Казань,06.07.2024
c101128,Максим Тихонова,+7 (911) 688-94-49,user101128@example.ru,Москва,11.07.2025
c100269,Елена Мешков,+7 (946) 977-52-01,user100269@example.ru,Москва,20.06.2024
c104077,Анна Лаптев,+7 (950) 641-41-31,user104077@example.ru,Красноярск,31.12.2025
c100079,Павел Тихонова,+7 (942) 590-85-52,user100079@example.ru,Казань,03.07.2024
c100497,Тимур Юдина,+7 (972) 289-97-45,user100497@example.ru,Красноярск,28.09.2025
c105854,Павел Тихонова,+7 (993) 411-72-88,user105854@example.ru,Екатеринбург,18.02.2026
c103456,Лидия Зуева,+7 (946) 049-91-30,user103456@example.ru,Казань,04.10.2024
c104992,Игорь Мешков,+7 (996) 915-67-94,user104992@example.ru,Санкт-Петербург,19.11.2025
c102016,Алиса Ковальчук,+7 (979) 545-66-55,user102016@example.ru,Санкт-Петербург,10.06.2026
c100693,Егор Панин,+7 (947) 240-32-89,user100693@example.ru,Новосибирск,28.11.2025
c104202,Мария Сорокина,+7 (939) 668-81-89,user104202@example.ru,Санкт-Петербург,12.09.2025
c106680,Наталья Нестеров,+7 (955) 310-18-70,user106680@example.ru,Екатеринбург,27.01.2024
c106752,Павел Тихонова,+7 (966) 918-30-13,user106752@example.ru,Новосибирск,13.03.2026
c103139,Павел Мешков,+7 (989) 178-62-98,user103139@example.ru,Санкт-Петербург,04.10.2024
c106435,Ольга Шилова,+7 (997) 002-38-64,user106435@example.ru,Москва,08.03.2025
c101515,Павел Гордеев,+7 (917) 291-14-48,user101515@example.ru,Красноярск,17.04.2025
c103264,Вера Юдина,+7 (990) 339-04-92,user103264@example.ru,Екатеринбург,11.12.2024
c102147,Полина Лаптев,+7 (973) 403-38-07,user102147@example.ru,Казань,06.07.2025
c100093,Вера Панин,+7 (964) 250-08-29,user100093@example.ru,Екатеринбург,13.06.2026
c105070,Лидия Савельев,+7 (946) 343-14-68,user105070@example.ru,Красноярск,07.05.2026
c104335,Анна Гордеев,+7 (996) 909-89-61,user104335@example.ru,Новосибирск,16.12.2025
c100481,Наталья Панин,+7 (964) 711-47-93,user100481@example.ru,Казань,19.07.2024
c102592,Роман Панин,+7 (943) 063-26-44,user102592@example.ru,Красноярск,16.01.2025
c100933,Наталья Мешков,+7 (954) 583-13-16,user100933@example.ru,Москва,31.05.2026
c101535,Павел Крылов,+7 (966) 517-98-65,user101535@example.ru,Казань,03.03.2025
c101747,Глеб Юдина,+7 (962) 296-78-35,user101747@example.ru,Москва,17.12.2025
c101890,Игорь Панин,+7 (992) 445-86-88,user101890@example.ru,Санкт-Петербург,26.02.2025
c104061,Егор Сорокина,+7 (996) 113-85-08,user104061@example.ru,Новосибирск,09.08.2025
c100954,Полина Гордеев,+7 (953) 460-42-36,user100954@example.ru,Новосибирск,18.07.2024
c100971,Глеб Ковальчук,+7 (952) 413-51-90,user100971@example.ru,Новосибирск,21.01.2026
c101254,Мария Лаптев,+7 (986) 989-23-22,user101254@example.ru,Москва,10.02.2025
c104577,Павел Сорокина,+7 (975) 162-64-67,user104577@example.ru,Екатеринбург,12.10.2025
c101005,Юлия Панин,+7 (988) 581-78-75,user101005@example.ru,Екатеринбург,06.05.2024
c101633,Тимур Лаптев,+7 (990) 110-83-04,user101633@example.ru,Екатеринбург,30.11.2025
c101611,Наталья Нестеров,+7 (928) 590-11-05,user101611@example.ru,Екатеринбург,27.05.2026
c102443,Кирилл Сорокина,+7 (988) 656-21-14,user102443@example.ru,Санкт-Петербург,02.05.2026
c104786,Игорь Мешков,+7 (987) 125-39-04,user104786@example.ru,Красноярск,20.01.2026
c103489,Игорь Савельев,+7 (917) 406-29-46,user103489@example.ru,Новосибирск,07.08.2024
c105735,Артур Ковальчук,+7 (914) 231-55-35,user105735@example.ru,Новосибирск,10.07.2024
c105920,Глеб Ермаков,+7 (953) 169-11-15,user105920@example.ru,Екатеринбург,15.11.2025
c106641,Игорь Зуева,+7 (986) 241-42-63,user106641@example.ru,Санкт-Петербург,27.11.2024
c102201,Павел Белых,+7 (999) 147-26-08,user102201@example.ru,Новосибирск,15.01.2024
c103830,Мария Гордеев,+7 (922) 476-72-24,user103830@example.ru,Екатеринбург,13.08.2024
c103406,Юлия Панин,+7 (982) 863-84-73,user103406@example.ru,Казань,26.07.2025
c103174,Анна Ермаков,+7 (923) 218-01-38,user103174@example.ru,Екатеринбург,11.06.2024
c100413,Лидия Савельев,+7 (935) 626-04-29,user100413@example.ru,Санкт-Петербург,11.05.2024
c100529,Ольга Нестеров,+7 (946) 083-64-23,user100529@example.ru,Новосибирск,11.03.2024
c103379,Глеб Лаптев,+7 (958) 267-60-69,user103379@example.ru,Москва,27.01.2026
c100503,Максим Зуева,+7 (985) 327-91-66,user100503@example.ru,Новосибирск,24.05.2024
c106573,Егор Мешков,+7 (941) 936-70-08,user106573@example.ru,Екатеринбург,30.03.2024
c103804,Юлия Юдина,+7 (980) 667-78-88,user103804@example.ru,Новосибирск,04.04.2025
c105257,Мария Тихонова,+7 (994) 907-16-37,user105257@example.ru,Казань,08.11.2024
c101953,Максим Нестеров,+7 (984) 772-68-28,user101953@example.ru,Москва,11.05.2026
c104490,Елена Ковальчук,+7 (940) 592-85-81,user104490@example.ru,Казань,21.03.2025
c103488,Тимур Тихонова,+7 (989) 402-90-54,user103488@example.ru,Красноярск,16.05.2026
c101731,Вера Сорокина,+7 (999) 469-75-06,user101731@example.ru,Красноярск,11.09.2025
c100053,Роман Белых,+7 (967) 642-68-27,user100053@example.ru,Санкт-Петербург,24.05.2025
c101395,Вера Юдина,+7 (955) 444-02-58,user101395@example.ru,Москва,19.05.2026
c104808,Роман Нестеров,+7 (974) 864-74-38,user104808@example.ru,Екатеринбург,06.01.2026
c104602,Вера Савельев,+7 (930) 649-24-08,user104602@example.ru,Красноярск,15.07.2024
c100717,Кирилл Ермаков,+7 (958) 093-07-19,user100717@example.ru,Санкт-Петербург,20.05.2024
c101264,Елена Осипова,+7 (985) 799-31-85,user101264@example.ru,Казань,05.11.2025
c103336,Максим Панин,+7 (984) 085-07-67,user103336@example.ru,Санкт-Петербург,17.12.2025
c102572,Егор Ковальчук,+7 (980) 579-87-27,user102572@example.ru,Москва,22.06.2024
c105733,Елена Зуева,+7 (991) 139-44-85,user105733@example.ru,Красноярск,05.05.2026
c103513,Тимур Ермаков,+7 (939) 771-02-36,user103513@example.ru,Новосибирск,13.01.2025
c101670,Алиса Сорокина,+7 (931) 533-18-72,user101670@example.ru,Санкт-Петербург,07.06.2026
c104751,Игорь Гордеев,+7 (949) 424-88-33,user104751@example.ru,Новосибирск,10.01.2026
c106313,Артур Гордеев,+7 (963) 226-59-13,user106313@example.ru,Москва,10.06.2026
c101610,Игорь Ковальчук,+7 (967) 987-73-29,user101610@example.ru,Екатеринбург,21.09.2025
c103708,Глеб Гордеев,+7 (912) 560-83-26,user103708@example.ru,Москва,07.04.2025
c103304,Анна Белых,+7 (919) 284-19-91,user103304@example.ru,Москва,23.04.2024
c101470,Глеб Шилова,+7 (962) 052-31-64,user101470@example.ru,Екатеринбург,08.04.2025
c102168,Кирилл Мешков,+7 (930) 253-43-18,user102168@example.ru,Москва,24.01.2024
c103272,Кирилл Мешков,+7 (956) 275-81-11,user103272@example.ru,Красноярск,22.11.2024
c100991,Глеб Юдина,+7 (947) 129-99-68,user100991@example.ru,Санкт-Петербург,02.03.2026
c104363,Кирилл Савельев,+7 (942) 773-44-42,user104363@example.ru,Москва,29.04.2025
c104098,Егор Ермаков,+7 (975) 962-92-72,user104098@example.ru,Москва,03.08.2025
c105447,Глеб Ковальчук,+7 (921) 343-92-18,user105447@example.ru,Красноярск,07.10.2025
c105194,Елена Ермаков,+7 (960) 419-25-11,user105194@example.ru,Красноярск,18.01.2026
c101034,Алиса Панин,+7 (992) 056-58-90,user101034@example.ru,Санкт-Петербург,09.09.2025
c103913,Лидия Тихонова,+7 (910) 819-23-59,user103913@example.ru,Екатеринбург,10.11.2025
c104764,Максим Нестеров,+7 (958) 391-47-29,user104764@example.ru,Казань,29.07.2024
c106605,Тимур Зуева,+7 (923) 505-17-42,user106605@example.ru,Екатеринбург,12.10.2025
c100712,Ольга Белых,+7 (948) 926-97-86,user100712@example.ru,Красноярск,30.12.2025
c102416,Игорь Сорокина,+7 (938) 733-04-37,user102416@example.ru,Новосибирск,21.05.2025
c105774,Ольга Зуева,+7 (927) 806-00-94,user105774@example.ru,Казань,14.06.2025
c103517,Денис Савельев,+7 (982) 117-80-19,user103517@example.ru,Екатеринбург,25.06.2025
c101309,Роман Ермаков,+7 (921) 418-15-28,user101309@example.ru,Красноярск,18.05.2024
c105239,Игорь Ермаков,+7 (937) 557-93-53,user105239@example.ru,Красноярск,10.08.2024
c105423,Игорь Шилова,+7 (931) 985-45-34,user105423@example.ru,Санкт-Петербург,12.11.2024
c101190,Ольга Лаптев,+7 (958) 858-05-51,user101190@example.ru,Санкт-Петербург,16.12.2024
c100823,Егор Савельев,+7 (911) 147-35-46,user100823@example.ru,Санкт-Петербург,08.04.2024
c102411,Егор Юдина,+7 (945) 920-91-57,user102411@example.ru,Екатеринбург,11.10.2025
c100304,Тимур Ковальчук,+7 (977) 464-94-38,user100304@example.ru,Санкт-Петербург,18.09.2025
c106818,Алиса Белых,+7 (927) 450-04-83,user106818@example.ru,Екатеринбург,27.09.2025
c103957,Елена Гордеев,+7 (957) 760-41-28,user103957@example.ru,Москва,17.11.2025
c101795,Роман Шилова,+7 (970) 163-16-20,user101795@example.ru,Красноярск,20.03.2024
c102349,Денис Ковальчук,+7 (945) 469-38-33,user102349@example.ru,Новосибирск,03.07.2025
c104758,Глеб Крылов,+7 (986) 056-88-05,user104758@example.ru,Казань,09.02.2024
c105475,Алиса Мешков,+7 (999) 542-62-11,user105475@example.ru,Красноярск,22.09.2025
c105504,Лидия Мешков,+7 (926) 599-87-01,user105504@example.ru,Красноярск,06.10.2025
c106463,Вера Ермаков,+7 (923) 320-67-58,user106463@example.ru,Новосибирск,07.10.2024
c106466,Кирилл Зуева,+7 (988) 391-63-35,user106466@example.ru,Москва,17.04.2026
c100555,Полина Осипова,+7 (960) 551-64-01,user100555@example.ru,Санкт-Петербург,19.12.2025
c102629,Артур Зуева,+7 (989) 556-49-20,user102629@example.ru,Москва,31.05.2025
c102594,Алиса Юдина,+7 (990) 993-02-28,user102594@example.ru,Новосибирск,08.07.2024
c101931,Лидия Савельев,+7 (961) 892-93-58,user101931@example.ru,Москва,15.02.2025
c101425,Лидия Гордеев,+7 (912) 180-81-35,user101425@example.ru,Красноярск,25.07.2024
c100252,Полина Тихонова,+7 (995) 819-37-17,user100252@example.ru,Москва,28.05.2026
c106064,Роман Тихонова,+7 (979) 075-72-98,user106064@example.ru,Москва,28.09.2025
c100977,Мария Юдина,+7 (979) 177-12-87,user100977@example.ru,Санкт-Петербург,19.10.2025
c103318,Елена Ермаков,+7 (971) 363-30-05,user103318@example.ru,Новосибирск,12.01.2026
c100395,Глеб Ковальчук,+7 (927) 553-66-17,user100395@example.ru,Красноярск,27.06.2026
c102747,Игорь Савельев,+7 (972) 666-91-00,user102747@example.ru,Екатеринбург,21.05.2026
c106531,Артур Сорокина,+7 (913) 187-78-12,user106531@example.ru,Санкт-Петербург,27.01.2025
c100345,Алиса Белых,+7 (933) 432-33-75,user100345@example.ru,Красноярск,31.10.2024
c105071,Павел Лаптев,+7 (969) 865-47-26,user105071@example.ru,Екатеринбург,14.02.2026
c103576,Полина Гордеев,+7 (940) 077-30-53,user103576@example.ru,Санкт-Петербург,07.05.2024
c105177,Игорь Крылов,+7 (911) 449-02-07,user105177@example.ru,Новосибирск,13.02.2026
c100563,Лидия Панин,+7 (991) 690-98-01,user100563@example.ru,Казань,25.09.2024
c105166,Наталья Лаптев,+7 (912) 730-39-39,user105166@example.ru,Москва,21.07.2024
c100127,Павел Нестеров,+7 (977) 345-94-80,user100127@example.ru,Казань,17.12.2025
c102954,Игорь Крылов,+7 (963) 808-63-36,user102954@example.ru,Екатеринбург,05.08.2025
c104982,Глеб Белых,+7 (999) 467-55-82,user104982@example.ru,Новосибирск,07.01.2025
c104749,Роман Крылов,+7 (955) 636-14-53,user104749@example.ru,Казань,20.06.2024
c105868,Юлия Зуева,+7 (982) 486-80-82,user105868@example.ru,Екатеринбург,29.11.2025
c106109,Денис Белых,+7 (933) 127-44-83,user106109@example.ru,Москва,10.07.2025
c103868,Егор Крылов,+7 (961) 764-02-05,user103868@example.ru,Санкт-Петербург,23.01.2024
c102044,Алиса Нестеров,+7 (994) 016-16-49,user102044@example.ru,Екатеринбург,21.04.2025
c103356,Наталья Осипова,+7 (985) 049-05-64,user103356@example.ru,Новосибирск,01.11.2025
c102707,Елена Лаптев,+7 (971) 014-97-37,user102707@example.ru,Санкт-Петербург,06.11.2024
c102566,Глеб Шилова,+7 (997) 506-75-62,user102566@example.ru,Красноярск,27.02.2024
c100900,Денис Нестеров,+7 (923) 125-10-50,user100900@example.ru,Екатеринбург,23.04.2025
c105025,Вера Гордеев,+7 (986) 070-84-78,user105025@example.ru,Новосибирск,09.05.2025
c104595,Егор Крылов,+7 (929) 546-96-57,user104595@example.ru,Новосибирск,26.03.2024
c100707,Лидия Белых,+7 (972) 886-38-16,user100707@example.ru,Екатеринбург,03.12.2024
c103941,Полина Осипова,+7 (970) 861-46-15,user103941@example.ru,Санкт-Петербург,08.11.2024
c105973,Глеб Шилова,+7 (924) 758-85-13,user105973@example.ru,Москва,25.11.2025
c101886,Вера Мешков,+7 (924) 146-75-48,user101886@example.ru,Екатеринбург,26.05.2024
c101229,Игорь Ковальчук,+7 (967) 801-61-20,user101229@example.ru,Санкт-Петербург,01.03.2026
c103624,Анна Тихонова,+7 (915) 767-59-52,user103624@example.ru,Казань,13.01.2026
c100714,Артур Лаптев,+7 (984) 332-59-64,user100714@example.ru,Казань,24.10.2025
c102140,Мария Лаптев,+7 (916) 996-56-96,user102140@example.ru,Санкт-Петербург,20.06.2024
c103288,Глеб Лаптев,+7 (961) 250-80-34,user103288@example.ru,Санкт-Петербург,29.06.2024
c101283,Егор Ковальчук,+7 (953) 333-08-00,user101283@example.ru,Казань,27.02.2025
c106444,Вера Савельев,+7 (985) 140-03-53,user106444@example.ru,Москва,09.04.2026
c103789,Денис Нестеров,+7 (931) 596-15-10,user103789@example.ru,Новосибирск,25.02.2025
c102815,Полина Сорокина,+7 (932) 283-17-79,user102815@example.ru,Екатеринбург,27.03.2025
c102761,Ольга Белых,+7 (983) 888-07-17,user102761@example.ru,Красноярск,02.01.2025
c100881,Лидия Мешков,+7 (927) 745-29-31,user100881@example.ru,Красноярск,10.12.2024
c106823,Анна Тихонова,+7 (928) 037-06-39,user106823@example.ru,Новосибирск,29.03.2025
c104207,Мария Нестеров,+7 (984) 560-86-86,user104207@example.ru,Екатеринбург,23.06.2026
c106685,Игорь Белых,+7 (917) 091-27-45,user106685@example.ru,Санкт-Петербург,19.07.2024
c103787,Юлия Ковальчук,+7 (971) 109-55-09,user103787@example.ru,Красноярск,17.01.2024
c105691,Ольга Панин,+7 (938) 982-01-98,user105691@example.ru,Санкт-Петербург,01.07.2025
c101316,Максим Тихонова,+7 (958) 121-16-15,user101316@example.ru,Санкт-Петербург,11.07.2025
c104761,Егор Ермаков,+7 (966) 730-89-58,user104761@example.ru,Санкт-Петербург,17.10.2025
c100350,Ольга Ковальчук,+7 (998) 311-93-49,user100350@example.ru,Екатеринбург,12.03.2024
c103685,Роман Панин,+7 (931) 679-34-56,user103685@example.ru,Санкт-Петербург,22.06.2026
c104984,Игорь Ковальчук,+7 (983) 834-47-19,user104984@example.ru,Новосибирск,06.02.2024
c106257,Игорь Панин,+7 (951) 559-92-52,user106257@example.ru,Казань,09.10.2025
c102637,Роман Белых,+7 (929) 861-91-96,user102637@example.ru,Новосибирск,08.05.2026
c105298,Егор Сорокина,+7 (941) 252-30-55,user105298@example.ru,Екатеринбург,18.10.2025
c100122,Игорь Нестеров,+7 (983) 828-93-98,user100122@example.ru,Красноярск,05.04.2024
c102009,Вера Зуева,+7 (940) 756-63-63,user102009@example.ru,Казань,16.02.2025
c103342,Алиса Панин,+7 (958) 724-33-59,user103342@example.ru,Екатеринбург,24.12.2024
c101041,Денис Юдина,+7 (966) 794-27-40,user101041@example.ru,Екатеринбург,02.04.2024
c106220,Артур Крылов,+7 (934) 104-82-96,user106220@example.ru,Москва,04.07.2024
c102827,Егор Юдина,+7 (923) 512-32-36,user102827@example.ru,Казань,04.04.2024
c105134,Артур Шилова,+7 (947) 911-62-82,user105134@example.ru,Москва,03.09.2025
c100580,Наталья Шилова,+7 (982) 998-98-93,user100580@example.ru,Красноярск,12.11.2024
c100168,Павел Сорокина,+7 (994) 888-10-36,user100168@example.ru,Санкт-Петербург,05.04.2024
c103613,Мария Шилова,+7 (945) 193-69-52,user103613@example.ru,Красноярск,16.09.2024
c102200,Анна Тихонова,+7 (970) 963-36-69,user102200@example.ru,Санкт-Петербург,08.07.2024
c103493,Юлия Белых,+7 (986) 259-17-00,user103493@example.ru,Казань,05.04.2026
c101444,Кирилл Ермаков,+7 (966) 024-13-04,user101444@example.ru,Москва,05.05.2024
c104795,Наталья Зуева,+7 (992) 038-48-84,user104795@example.ru,Москва,10.02.2024
c105528,Роман Тихонова,+7 (946) 563-86-17,user105528@example.ru,Красноярск,09.03.2025
c106359,Денис Мешков,+7 (972) 267-23-39,user106359@example.ru,Казань,14.05.2026
c103307,Глеб Савельев,+7 (930) 976-58-65,user103307@example.ru,Екатеринбург,22.12.2025
c101080,Вера Крылов,+7 (985) 262-90-02,user101080@example.ru,Новосибирск,13.07.2024
c101104,Тимур Тихонова,+7 (924) 647-46-24,user101104@example.ru,Казань,06.04.2024
c101176,Вера Сорокина,+7 (977) 486-39-35,user101176@example.ru,Красноярск,12.09.2024
c102367,Мария Нестеров,+7 (910) 146-61-42,user102367@example.ru,Красноярск,07.10.2024
c106620,Глеб Юдина,+7 (967) 083-57-95,user106620@example.ru,Москва,08.04.2026
c101966,Артур Лаптев,+7 (930) 714-95-16,user101966@example.ru,Новосибирск,26.07.2025
c106155,Анна Белых,+7 (960) 407-39-98,user106155@example.ru,Казань,18.09.2025
c102748,Егор Ермаков,+7 (989) 510-35-07,user102748@example.ru,Красноярск,30.03.2024
c106275,Мария Савельев,+7 (954) 068-58-24,user106275@example.ru,Москва,21.09.2024
c100981,Денис Тихонова,+7 (928) 432-75-05,user100981@example.ru,Екатеринбург,13.11.2025
c105419,Вера Сорокина,+7 (957) 800-92-82,user105419@example.ru,Красноярск,08.05.2026
c105823,Игорь Гордеев,+7 (913) 262-98-16,user105823@example.ru,Казань,10.12.2025
c105937,Анна Савельев,+7 (949) 497-12-05,user105937@example.ru,Екатеринбург,20.11.2025
c100961,Глеб Гордеев,+7 (927) 755-92-04,user100961@example.ru,Красноярск,07.08.2024
c104674,Глеб Осипова,+7 (992) 858-74-87,user104674@example.ru,Красноярск,11.08.2024
c101489,Павел Тихонова,+7 (952) 113-03-33,user101489@example.ru,Красноярск,11.03.2024
c106666,Игорь Осипова,+7 (922) 941-10-36,user106666@example.ru,Красноярск,11.11.2025
c102846,Анна Юдина,+7 (926) 120-37-18,user102846@example.ru,Казань,28.08.2025
c102422,Артур Мешков,+7 (964) 237-79-95,user102422@example.ru,Казань,11.03.2025
c103395,Денис Гордеев,+7 (934) 465-96-16,user103395@example.ru,Новосибирск,22.06.2025
c105903,Павел Ковальчук,+7 (939) 085-79-15,user105903@example.ru,Казань,31.03.2026
c101544,Егор Нестеров,+7 (995) 577-04-01,user101544@example.ru,Москва,27.06.2025
c103612,Мария Ермаков,+7 (959) 583-09-38,user103612@example.ru,Новосибирск,19.09.2024
c102859,Алиса Гордеев,+7 (912) 344-76-96,user102859@example.ru,Красноярск,03.02.2025
c101585,Полина Нестеров,+7 (965) 163-70-61,user101585@example.ru,Красноярск,28.02.2024
c104587,Юлия Гордеев,+7 (914) 443-72-14,user104587@example.ru,Санкт-Петербург,27.04.2024
c105597,Алиса Лаптев,+7 (944) 015-39-36,user105597@example.ru,Екатеринбург,23.04.2024
c102240,Артур Сорокина,+7 (920) 228-05-46,user102240@example.ru,Красноярск,14.04.2024
c103479,Артур Шилова,+7 (924) 763-48-92,user103479@example.ru,Екатеринбург,15.11.2025
c103669,Егор Савельев,+7 (986) 509-24-09,user103669@example.ru,Красноярск,07.01.2026
c105784,Роман Нестеров,+7 (950) 751-38-93,user105784@example.ru,Москва,16.04.2026
c103407,Мария Савельев,+7 (913) 211-83-53,user103407@example.ru,Новосибирск,21.04.2025
c105636,Максим Панин,+7 (986) 442-18-88,user105636@example.ru,Москва,31.10.2024
c105877,Юлия Осипова,+7 (916) 697-32-02,user105877@example.ru,Москва,18.04.2026
c103186,Анна Белых,+7 (953) 393-90-28,user103186@example.ru,Новосибирск,19.04.2026
c106272,Ольга Ермаков,+7 (934) 777-50-69,user106272@example.ru,Екатеринбург,09.02.2024
c102467,Алиса Ковальчук,+7 (922) 018-38-87,user102467@example.ru,Санкт-Петербург,24.11.2025
c104181,Ольга Белых,+7 (922) 682-18-42,user104181@example.ru,Москва,19.04.2024
c106458,Анна Крылов,+7 (970) 074-97-27,user106458@example.ru,Москва,22.06.2024
c101983,Артур Крылов,+7 (975) 664-53-26,user101983@example.ru,Новосибирск,04.09.2024
c103774,Павел Тихонова,+7 (920) 893-70-87,user103774@example.ru,Санкт-Петербург,02.06.2025
c106717,Юлия Белых,+7 (996) 165-04-34,user106717@example.ru,Казань,01.11.2024
c102557,Егор Ковальчук,+7 (967) 709-52-08,user102557@example.ru,Екатеринбург,01.02.2026
c101586,Лидия Юдина,+7 (960) 683-73-04,user101586@example.ru,Москва,24.07.2024
c105117,Анна Зуева,+7 (974) 345-11-46,user105117@example.ru,Екатеринбург,03.02.2024
c105536,Кирилл Осипова,+7 (966) 262-12-93,user105536@example.ru,Санкт-Петербург,08.11.2025
c104130,Анна Зуева,+7 (936) 589-83-88,user104130@example.ru,Санкт-Петербург,07.08.2025
c102077,Мария Крылов,+7 (929) 551-77-65,user102077@example.ru,Москва,01.06.2025
c100865,Вера Лаптев,+7 (949) 992-31-61,user100865@example.ru,Санкт-Петербург,24.06.2024
c105394,Егор Панин,+7 (941) 452-86-24,user105394@example.ru,Красноярск,20.04.2024
c101921,Юлия Ковальчук,+7 (963) 320-17-29,user101921@example.ru,Красноярск,22.12.2024
c104353,Елена Сорокина,+7 (942) 713-58-54,user104353@example.ru,Новосибирск,09.06.2025
c103690,Кирилл Савельев,+7 (920) 214-22-55,user103690@example.ru,Санкт-Петербург,24.10.2024
c103803,Денис Панин,+7 (994) 149-44-78,user103803@example.ru,Екатеринбург,26.02.2025
c102185,Вера Нестеров,+7 (979) 989-93-07,user102185@example.ru,Казань,10.01.2026
c104588,Максим Сорокина,+7 (911) 354-20-79,user104588@example.ru,Красноярск,30.06.2026
c102981,Глеб Савельев,+7 (999) 828-53-47,user102981@example.ru,Москва,31.05.2026
c100315,Мария Тихонова,+7 (934) 148-43-92,user100315@example.ru,Санкт-Петербург,15.05.2026
c101728,Мария Зуева,+7 (926) 484-23-66,user101728@example.ru,Казань,28.03.2024
c106716,Игорь Мешков,+7 (919) 900-22-34,user106716@example.ru,Казань,15.04.2026
c104985,Кирилл Крылов,+7 (962) 781-89-15,user104985@example.ru,Санкт-Петербург,12.02.2026
c102151,Игорь Крылов,+7 (983) 060-76-06,user102151@example.ru,Новосибирск,05.10.2024
c100732,Максим Панин,+7 (983) 651-00-61,user100732@example.ru,Санкт-Петербург,09.02.2026
c101748,Игорь Осипова,+7 (974) 218-90-24,user101748@example.ru,Красноярск,08.06.2026
c106298,Юлия Крылов,+7 (992) 150-17-50,user106298@example.ru,Казань,16.04.2025
c104967,Ольга Шилова,+7 (931) 492-23-71,user104967@example.ru,Екатеринбург,07.04.2025
c102388,Лидия Нестеров,+7 (914) 404-19-14,user102388@example.ru,Москва,30.01.2024
c100101,Ольга Ковальчук,+7 (986) 837-80-05,user100101@example.ru,Новосибирск,09.06.2026
c101874,Анна Осипова,+7 (956) 691-10-61,user101874@example.ru,Москва,22.11.2025
c101478,Тимур Панин,+7 (951) 423-52-73,user101478@example.ru,Москва,09.05.2024
c106198,Вера Лаптев,+7 (983) 423-30-00,user106198@example.ru,Казань,03.02.2025
c105250,Максим Ермаков,+7 (930) 768-99-03,user105250@example.ru,Москва,29.12.2025
c100351,Денис Панин,+7 (953) 827-85-95,user100351@example.ru,Казань,03.01.2026
c101667,Кирилл Ермаков,+7 (969) 209-25-52,user101667@example.ru,Красноярск,03.04.2025
c106879,Полина Белых,+7 (949) 685-18-07,user106879@example.ru,Екатеринбург,08.03.2025
c102864,Анна Юдина,+7 (931) 195-23-55,user102864@example.ru,Санкт-Петербург,28.01.2026
c101434,Юлия Зуева,+7 (913) 677-26-21,user101434@example.ru,Москва,24.06.2025
c105524,Павел Ковальчук,+7 (930) 766-79-02,user105524@example.ru,Казань,23.06.2024
c102730,Полина Осипова,+7 (991) 042-34-28,user102730@example.ru,Красноярск,18.03.2024
c104433,Наталья Зуева,+7 (920) 007-89-23,user104433@example.ru,Красноярск,24.01.2024
c102658,Артур Гордеев,+7 (952) 742-24-46,user102658@example.ru,Казань,29.03.2025
c101223,Анна Лаптев,+7 (956) 646-77-82,user101223@example.ru,Казань,21.05.2024
c100616,Роман Крылов,+7 (980) 132-03-64,user100616@example.ru,Санкт-Петербург,08.11.2024
c103128,Павел Юдина,+7 (979) 882-58-96,user103128@example.ru,Санкт-Петербург,15.06.2026
c102879,Лидия Шилова,+7 (912) 498-50-26,user102879@example.ru,Москва,18.06.2024
c100883,Елена Тихонова,+7 (985) 743-78-62,user100883@example.ru,Екатеринбург,20.09.2025
c104011,Алиса Ковальчук,+7 (959) 407-50-50,user104011@example.ru,Санкт-Петербург,28.12.2024
c104663,Егор Ермаков,+7 (934) 486-56-33,user104663@example.ru,Екатеринбург,29.05.2025
c105871,Юлия Ковальчук,+7 (935) 482-19-97,user105871@example.ru,Красноярск,30.01.2024
c102177,Наталья Крылов,+7 (942) 932-53-14,user102177@example.ru,Санкт-Петербург,07.08.2024
c102010,Глеб Гордеев,+7 (914) 702-23-06,user102010@example.ru,Екатеринбург,14.08.2024
c101928,Глеб Ермаков,+7 (916) 165-05-43,user101928@example.ru,Новосибирск,27.08.2024
c100160,Роман Осипова,+7 (994) 094-08-31,user100160@example.ru,Москва,19.06.2025
c102263,Наталья Осипова,+7 (915) 742-68-60,user102263@example.ru,Москва,19.08.2024
c100400,Полина Мешков,+7 (953) 015-63-56,user100400@example.ru,Новосибирск,14.11.2025
c105542,Павел Панин,+7 (960) 724-60-88,user105542@example.ru,Новосибирск,08.04.2024
c104064,Артур Савельев,+7 (937) 197-85-48,user104064@example.ru,Екатеринбург,30.11.2025
c102123,Глеб Сорокина,+7 (987) 068-95-29,user102123@example.ru,Екатеринбург,22.04.2024
c103622,Денис Зуева,+7 (964) 278-15-25,user103622@example.ru,Москва,10.04.2025
c104464,Тимур Ермаков,+7 (936) 266-99-26,user104464@example.ru,Москва,03.11.2025
c104159,Павел Осипова,+7 (995) 140-88-57,user104159@example.ru,Екатеринбург,12.05.2026
c101115,Анна Нестеров,+7 (962) 331-98-11,user101115@example.ru,Новосибирск,14.08.2024
c105737,Лидия Зуева,+7 (946) 543-61-55,user105737@example.ru,Новосибирск,22.02.2026
c103948,Анна Осипова,+7 (965) 406-64-15,user103948@example.ru,Новосибирск,29.06.2025
c101669,Игорь Ермаков,+7 (981) 064-16-99,user101669@example.ru,Москва,13.04.2025
c105381,Артур Зуева,+7 (938) 595-84-68,user105381@example.ru,Казань,01.07.2024
c106579,Игорь Юдина,+7 (938) 493-76-69,user106579@example.ru,Москва,20.04.2025
c105795,Павел Зуева,+7 (915) 897-57-06,user105795@example.ru,Красноярск,16.02.2024
c104993,Глеб Ермаков,+7 (924) 853-60-99,user104993@example.ru,Екатеринбург,06.07.2025
c103992,Наталья Ковальчук,+7 (916) 807-65-63,user103992@example.ru,Москва,08.02.2024
c101911,Вера Осипова,+7 (983) 006-49-04,user101911@example.ru,Санкт-Петербург,07.11.2024
c105756,Алиса Юдина,+7 (958) 746-56-26,user105756@example.ru,Красноярск,23.02.2024
c102169,Ольга Мешков,+7 (970) 213-22-20,user102169@example.ru,Новосибирск,26.03.2025
c101562,Тимур Гордеев,+7 (984) 335-27-23,user101562@example.ru,Казань,21.03.2024
c101865,Ольга Гордеев,+7 (935) 044-38-57,user101865@example.ru,Санкт-Петербург,30.07.2024
c103731,Лидия Савельев,+7 (975) 247-05-08,user103731@example.ru,Новосибирск,16.06.2026
c104857,Максим Савельев,+7 (999) 840-02-12,user104857@example.ru,Москва,23.08.2024
c102107,Кирилл Белых,+7 (944) 586-44-41,user102107@example.ru,Москва,15.01.2024
c106503,Лидия Шилова,+7 (929) 611-22-47,user106503@example.ru,Санкт-Петербург,11.10.2024
c101785,Ольга Савельев,+7 (935) 410-80-53,user101785@example.ru,Екатеринбург,20.12.2024
c100769,Юлия Белых,+7 (932) 054-53-21,user100769@example.ru,Казань,29.04.2024
c104745,Кирилл Нестеров,+7 (977) 312-48-08,user104745@example.ru,Москва,27.10.2025
c102571,Анна Тихонова,+7 (952) 348-02-41,user102571@example.ru,Красноярск,06.02.2025
c106467,Денис Белых,+7 (987) 339-15-70,user106467@example.ru,Екатеринбург,25.07.2024
c102162,Игорь Осипова,+7 (973) 153-57-31,user102162@example.ru,Екатеринбург,08.01.2026
c104356,Егор Тихонова,+7 (938) 702-59-85,user104356@example.ru,Казань,15.11.2025
c104529,Лидия Нестеров,+7 (992) 163-50-84,user104529@example.ru,Москва,21.02.2024
c100928,Денис Ермаков,+7 (938) 785-67-24,user100928@example.ru,Красноярск,15.05.2026
c103611,Павел Мешков,+7 (997) 163-20-59,user103611@example.ru,Казань,31.08.2024
c104034,Алиса Белых,+7 (999) 809-49-21,user104034@example.ru,Красноярск,13.04.2024
c102623,Лидия Осипова,+7 (952) 887-50-86,user102623@example.ru,Новосибирск,01.08.2025
c100951,Артур Мешков,+7 (928) 699-92-41,user100951@example.ru,Красноярск,15.08.2025
c105271,Наталья Зуева,+7 (974) 281-91-11,user105271@example.ru,Москва,08.03.2025
c106364,Глеб Савельев,+7 (985) 146-57-38,user106364@example.ru,Екатеринбург,13.12.2025
c101473,Елена Гордеев,+7 (986) 548-52-61,user101473@example.ru,Санкт-Петербург,27.03.2024
c105893,Артур Панин,+7 (923) 008-83-08,user105893@example.ru,Санкт-Петербург,06.05.2026
c103922,Лидия Белых,+7 (979) 791-22-83,user103922@example.ru,Новосибирск,14.01.2026
c100235,Анна Лаптев,+7 (931) 370-49-47,user100235@example.ru,Новосибирск,29.07.2025
c101522,Ольга Крылов,+7 (973) 222-66-81,user101522@example.ru,Санкт-Петербург,30.09.2024
c102736,Роман Тихонова,+7 (915) 050-08-15,user102736@example.ru,Екатеринбург,14.08.2025
c102778,Игорь Савельев,+7 (914) 576-46-40,user102778@example.ru,Москва,13.03.2024
c102550,Анна Лаптев,+7 (937) 096-12-71,user102550@example.ru,Казань,09.05.2026
c106617,Ольга Зуева,+7 (960) 165-01-40,user106617@example.ru,Красноярск,17.09.2024
c101207,Анна Тихонова,+7 (974) 267-74-82,user101207@example.ru,Новосибирск,20.10.2024
c104313,Анна Ковальчук,+7 (925) 879-38-26,user104313@example.ru,Москва,07.07.2025
c103534,Тимур Шилова,+7 (951) 791-47-20,user103534@example.ru,Санкт-Петербург,14.01.2026
c100249,Егор Панин,+7 (937) 093-51-71,user100249@example.ru,Екатеринбург,25.02.2024
c105588,Наталья Шилова,+7 (943) 729-74-12,user105588@example.ru,Екатеринбург,13.07.2024
c106519,Игорь Тихонова,+7 (919) 027-09-52,user106519@example.ru,Красноярск,04.08.2024
c104243,Лидия Мешков,+7 (962) 780-46-81,user104243@example.ru,Москва,18.06.2026
c104222,Максим Зуева,+7 (953) 957-13-07,user104222@example.ru,Санкт-Петербург,10.11.2024
c103976,Глеб Белых,+7 (950) 347-01-42,user103976@example.ru,Казань,21.12.2024
c101554,Кирилл Белых,+7 (994) 157-61-56,user101554@example.ru,Москва,03.01.2026
c100750,Максим Панин,+7 (963) 368-46-99,user100750@example.ru,Екатеринбург,14.01.2025
c100331,Полина Савельев,+7 (936) 775-10-54,user100331@example.ru,Екатеринбург,10.02.2025
c106527,Глеб Зуева,+7 (963) 077-63-92,user106527@example.ru,Новосибирск,17.10.2025
c101820,Лидия Крылов,+7 (957) 706-02-59,user101820@example.ru,Санкт-Петербург,15.07.2025
c102656,Тимур Лаптев,+7 (950) 269-88-77,user102656@example.ru,Новосибирск,30.05.2025
c100544,Глеб Мешков,+7 (962) 100-21-86,user100544@example.ru,Москва,25.02.2024
c100159,Павел Мешков,+7 (984) 469-96-92,user100159@example.ru,Красноярск,21.03.2025
c102890,Артур Юдина,+7 (951) 502-75-92,user102890@example.ru,Казань,25.10.2025
c106246,Наталья Панин,+7 (930) 520-26-67,user106246@example.ru,Санкт-Петербург,04.07.2024
c101973,Павел Шилова,+7 (928) 405-31-99,user101973@example.ru,Москва,04.03.2024
c103763,Игорь Мешков,+7 (922) 202-47-24,user103763@example.ru,Красноярск,05.06.2026
c103154,Роман Зуева,+7 (958) 690-50-38,user103154@example.ru,Казань,16.07.2024
c100994,Кирилл Белых,+7 (981) 497-48-36,user100994@example.ru,Новосибирск,05.09.2024
c101625,Кирилл Лаптев,+7 (971) 505-68-38,user101625@example.ru,Новосибирск,02.04.2024
c100172,Вера Панин,+7 (983) 160-30-44,user100172@example.ru,Екатеринбург,02.04.2025
c106815,Елена Гордеев,+7 (940) 657-84-84,user106815@example.ru,Екатеринбург,05.11.2024
c101684,Артур Ермаков,+7 (952) 407-68-01,user101684@example.ru,Новосибирск,19.04.2024
c100879,Анна Ермаков,+7 (939) 154-46-88,user100879@example.ru,Екатеринбург,24.07.2025
c101632,Полина Белых,+7 (929) 385-84-33,user101632@example.ru,Санкт-Петербург,13.07.2024
c102087,Игорь Юдина,+7 (968) 344-29-74,user102087@example.ru,Новосибирск,20.08.2025
c105207,Юлия Сорокина,+7 (998) 913-20-25,user105207@example.ru,Санкт-Петербург,23.04.2026
c105687,Мария Гордеев,+7 (968) 054-97-81,user105687@example.ru,Москва,22.04.2025
c104023,Глеб Лаптев,+7 (961) 249-99-96,user104023@example.ru,Красноярск,19.02.2026
c106398,Егор Зуева,+7 (970) 528-91-16,user106398@example.ru,Москва,16.12.2025
c104970,Ольга Гордеев,+7 (998) 089-96-26,user104970@example.ru,Екатеринбург,03.06.2024
c103473,Артур Гордеев,+7 (933) 176-20-17,user103473@example.ru,Новосибирск,10.01.2025
c105240,Игорь Савельев,+7 (930) 689-92-29,user105240@example.ru,Красноярск,02.04.2026
c105515,Глеб Панин,+7 (942) 184-88-07,user105515@example.ru,Санкт-Петербург,12.08.2025
c102764,Денис Юдина,+7 (989) 310-53-74,user102764@example.ru,Казань,24.03.2026
c106751,Игорь Ермаков,+7 (967) 214-78-11,user106751@example.ru,Новосибирск,22.03.2024
c101324,Алиса Осипова,+7 (983) 524-84-38,user101324@example.ru,Екатеринбург,24.06.2026
c100814,Анна Панин,+7 (933) 847-72-83,user100814@example.ru,Красноярск,02.02.2024
c104178,Юлия Осипова,+7 (963) 243-59-92,user104178@example.ru,Казань,17.01.2024
c104596,Анна Белых,+7 (958) 451-55-64,user104596@example.ru,Москва,30.11.2024
c102676,Алиса Гордеев,+7 (914) 469-09-09,user102676@example.ru,Новосибирск,29.05.2024
c103785,Елена Мешков,+7 (962) 915-46-34,user103785@example.ru,Санкт-Петербург,05.04.2025
c103955,Кирилл Осипова,+7 (923) 555-06-61,user103955@example.ru,Красноярск,14.11.2025
c101008,Ольга Панин,+7 (940) 411-93-41,user101008@example.ru,Москва,16.01.2026
c101274,Артур Белых,+7 (934) 884-13-97,user101274@example.ru,Москва,04.04.2025
c105531,Денис Панин,+7 (959) 757-34-40,user105531@example.ru,Москва,27.03.2025
c104168,Лидия Тихонова,+7 (957) 690-63-20,user104168@example.ru,Москва,13.03.2026
c106441,Глеб Мешков,+7 (962) 384-49-60,user106441@example.ru,Казань,11.04.2024
c102927,Ольга Тихонова,+7 (941) 543-12-05,user102927@example.ru,Екатеринбург,19.03.2025
c106827,Денис Гордеев,+7 (925) 476-07-03,user106827@example.ru,Новосибирск,06.12.2024
c100410,Елена Зуева,+7 (932) 870-27-23,user100410@example.ru,Санкт-Петербург,01.04.2025
c105453,Вера Ермаков,+7 (977) 217-01-22,user105453@example.ru,Новосибирск,31.01.2024
c100619,Максим Лаптев,+7 (920) 874-50-07,user100619@example.ru,Красноярск,06.07.2025
c103396,Кирилл Крылов,+7 (966) 718-38-73,user103396@example.ru,Красноярск,26.10.2024
c102447,Мария Шилова,+7 (983) 039-87-07,user102447@example.ru,Новосибирск,21.03.2024
c101402,Денис Лаптев,+7 (971) 055-59-38,user101402@example.ru,Екатеринбург,15.04.2025
c104531,Роман Осипова,+7 (992) 621-69-90,user104531@example.ru,Екатеринбург,15.05.2024
c100074,Павел Белых,+7 (993) 988-34-74,user100074@example.ru,Новосибирск,19.10.2025
c106349,Мария Белых,+7 (923) 676-80-99,user106349@example.ru,Казань,26.03.2026
c106833,Елена Ковальчук,+7 (955) 284-72-74,user106833@example.ru,Екатеринбург,22.07.2025
c104429,Елена Осипова,+7 (928) 833-93-15,user104429@example.ru,Санкт-Петербург,08.11.2025
c104369,Ольга Гордеев,+7 (933) 497-83-27,user104369@example.ru,Екатеринбург,11.06.2024
c103811,Мария Шилова,+7 (950) 976-45-50,user103811@example.ru,Москва,23.11.2025
c102122,Денис Осипова,+7 (961) 292-55-81,user102122@example.ru,Казань,31.10.2025
c103773,Лидия Мешков,+7 (975) 335-44-14,user103773@example.ru,Казань,29.06.2024
c105445,Юлия Ковальчук,+7 (917) 087-81-51,user105445@example.ru,Екатеринбург,26.10.2025
c101912,Кирилл Гордеев,+7 (960) 756-13-27,user101912@example.ru,Екатеринбург,15.03.2024
c106481,Максим Юдина,+7 (998) 118-08-28,user106481@example.ru,Новосибирск,03.03.2024
c104409,Максим Нестеров,+7 (988) 343-49-60,user104409@example.ru,Новосибирск,20.07.2024
c103027,Павел Осипова,+7 (912) 617-84-08,user103027@example.ru,Казань,11.02.2024
c104367,Лидия Гордеев,+7 (966) 970-59-74,user104367@example.ru,Красноярск,29.05.2026
c105133,Павел Лаптев,+7 (929) 869-05-50,user105133@example.ru,Новосибирск,27.04.2026
c105429,Анна Нестеров,+7 (991) 656-37-73,user105429@example.ru,Новосибирск,17.06.2026
c103927,Алиса Сорокина,+7 (934) 025-68-35,user103927@example.ru,Москва,22.01.2026
c104547,Полина Крылов,+7 (930) 319-30-38,user104547@example.ru,Москва,15.12.2025
c102067,Тимур Сорокина,+7 (954) 997-42-49,user102067@example.ru,Москва,23.10.2024
c105191,Кирилл Панин,+7 (982) 147-77-37,user105191@example.ru,Казань,04.06.2024
c101777,Павел Осипова,+7 (956) 141-62-90,user101777@example.ru,Казань,31.01.2024
c106607,Наталья Ермаков,+7 (934) 032-08-55,user106607@example.ru,Санкт-Петербург,23.10.2025
c106169,Роман Ермаков,+7 (968) 804-34-35,user106169@example.ru,Санкт-Петербург,30.06.2024
c100698,Денис Тихонова,+7 (913) 697-03-42,user100698@example.ru,Екатеринбург,25.12.2024
c101776,Игорь Ермаков,+7 (998) 195-66-11,user101776@example.ru,Екатеринбург,30.07.2025
c105956,Максим Ковальчук,+7 (956) 985-74-87,user105956@example.ru,Екатеринбург,27.10.2025
c100565,Максим Лаптев,+7 (965) 208-52-29,user100565@example.ru,Красноярск,22.01.2024
c100568,Денис Зуева,+7 (926) 443-37-00,user100568@example.ru,Красноярск,21.02.2026
c102781,Артур Савельев,+7 (922) 525-83-18,user102781@example.ru,Казань,28.01.2026
c101591,Юлия Сорокина,+7 (951) 916-61-32,user101591@example.ru,Новосибирск,27.11.2025
c103852,Вера Ковальчук,+7 (912) 812-90-52,user103852@example.ru,Красноярск,27.06.2024
c100921,Вера Гордеев,+7 (991) 674-16-11,user100921@example.ru,Екатеринбург,20.12.2025
c102281,Вера Савельев,+7 (923) 734-62-14,user102281@example.ru,Москва,03.11.2025
c103696,Артур Осипова,+7 (917) 003-48-94,user103696@example.ru,Санкт-Петербург,21.04.2025
c100741,Елена Панин,+7 (998) 482-61-81,user100741@example.ru,Санкт-Петербург,24.07.2025
c101154,Кирилл Панин,+7 (947) 159-62-97,user101154@example.ru,Екатеринбург,16.08.2025
c105039,Денис Сорокина,+7 (961) 698-81-01,user105039@example.ru,Санкт-Петербург,21.03.2026
c106479,Алиса Тихонова,+7 (974) 845-19-63,user106479@example.ru,Екатеринбург,30.01.2025
c105565,Игорь Крылов,+7 (955) 232-44-97,user105565@example.ru,Екатеринбург,03.06.2025
c106461,Глеб Савельев,+7 (943) 447-24-57,user106461@example.ru,Санкт-Петербург,16.12.2024
c100032,Полина Юдина,+7 (917) 300-37-73,user100032@example.ru,Екатеринбург,15.12.2024
c102670,Мария Панин,+7 (975) 432-67-25,user102670@example.ru,Москва,04.11.2024
c103514,Анна Белых,+7 (925) 654-75-72,user103514@example.ru,Москва,01.12.2025
c100164,Алиса Мешков,+7 (972) 364-14-74,user100164@example.ru,Екатеринбург,14.10.2025
c102660,Павел Ковальчук,+7 (961) 726-32-01,user102660@example.ru,Санкт-Петербург,18.08.2025
c103377,Мария Гордеев,+7 (955) 857-99-69,user103377@example.ru,Красноярск,26.01.2024
c106256,Денис Сорокина,+7 (951) 767-87-23,user106256@example.ru,Москва,10.02.2024
c104016,Юлия Мешков,+7 (987) 967-21-72,user104016@example.ru,Новосибирск,26.07.2025
c105357,Роман Мешков,+7 (939) 109-64-75,user105357@example.ru,Казань,13.06.2024
c103295,Егор Юдина,+7 (919) 686-81-91,user103295@example.ru,Новосибирск,11.08.2024
c101102,Алиса Ковальчук,+7 (913) 968-13-85,user101102@example.ru,Красноярск,30.09.2025
c104979,Мария Белых,+7 (994) 540-08-52,user104979@example.ru,Красноярск,17.03.2025
c101596,Максим Белых,+7 (999) 492-39-77,user101596@example.ru,Казань,04.07.2025
c100347,Юлия Мешков,+7 (975) 178-24-74,user100347@example.ru,Санкт-Петербург,08.11.2024
c105084,Елена Зуева,+7 (974) 909-64-33,user105084@example.ru,Санкт-Петербург,31.05.2026
c106628,Лидия Юдина,+7 (964) 144-86-76,user106628@example.ru,Казань,01.05.2026
c101635,Анна Зуева,+7 (971) 682-87-96,user101635@example.ru,Екатеринбург,31.05.2026
c102937,Егор Юдина,+7 (970) 949-55-25,user102937@example.ru,Красноярск,14.10.2025
c103161,Алиса Лаптев,+7 (970) 302-29-95,user103161@example.ru,Казань,18.05.2025
c105003,Наталья Савельев,+7 (969) 411-57-15,user105003@example.ru,Екатеринбург,05.05.2025
c103170,Полина Белых,+7 (930) 298-70-08,user103170@example.ru,Казань,12.06.2025
c102632,Наталья Савельев,+7 (985) 645-16-69,user102632@example.ru,Санкт-Петербург,21.11.2025
c106772,Лидия Гордеев,+7 (922) 979-02-31,user106772@example.ru,Москва,06.02.2024
c102997,Тимур Ковальчук,+7 (980) 820-18-21,user102997@example.ru,Екатеринбург,20.07.2024
c105812,Юлия Гордеев,+7 (911) 565-85-06,user105812@example.ru,Екатеринбург,18.06.2026
c105023,Алиса Мешков,+7 (954) 147-77-34,user105023@example.ru,Екатеринбург,16.12.2024
c105509,Игорь Юдина,+7 (993) 339-93-43,user105509@example.ru,Екатеринбург,23.04.2026
c106548,Максим Зуева,+7 (976) 208-65-38,user106548@example.ru,Новосибирск,04.03.2024
c104540,Роман Мешков,+7 (975) 038-65-75,user104540@example.ru,Новосибирск,01.03.2025
c102917,Вера Белых,+7 (926) 486-17-15,user102917@example.ru,Екатеринбург,20.10.2024
c102804,Лидия Белых,+7 (937) 493-54-15,user102804@example.ru,Москва,19.08.2025
c103007,Егор Тихонова,+7 (986) 247-87-68,user103007@example.ru,Екатеринбург,07.01.2025
c106006,Вера Лаптев,+7 (964) 255-46-36,user106006@example.ru,Санкт-Петербург,05.06.2026
c106052,Вера Юдина,+7 (911) 075-77-25,user106052@example.ru,Санкт-Петербург,04.01.2025
c101457,Наталья Ковальчук,+7 (984) 145-62-46,user101457@example.ru,Красноярск,01.02.2026
c103046,Елена Зуева,+7 (998) 162-42-06,user103046@example.ru,Новосибирск,09.04.2024
c104665,Роман Нестеров,+7 (944) 894-98-66,user104665@example.ru,Санкт-Петербург,24.09.2025
c104572,Глеб Панин,+7 (931) 199-49-83,user104572@example.ru,Красноярск,30.06.2026
c104522,Глеб Юдина,+7 (958) 592-20-62,user104522@example.ru,Новосибирск,27.04.2025
c103559,Алиса Зуева,+7 (973) 429-53-26,user103559@example.ru,Казань,26.04.2024
c102322,Полина Нестеров,+7 (982) 850-93-25,user102322@example.ru,Новосибирск,06.05.2026
c101375,Наталья Ермаков,+7 (973) 095-64-41,user101375@example.ru,Новосибирск,28.05.2025
c103040,Игорь Сорокина,+7 (931) 218-87-96,user103040@example.ru,Екатеринбург,30.06.2026
c104007,Артур Юдина,+7 (982) 418-69-36,user104007@example.ru,Москва,27.09.2025
c101106,Алиса Юдина,+7 (949) 305-75-09,user101106@example.ru,Казань,01.09.2025
c102097,Глеб Белых,+7 (929) 176-07-31,user102097@example.ru,Красноярск,20.09.2025
c105330,Тимур Тихонова,+7 (959) 758-99-38,user105330@example.ru,Красноярск,30.05.2026
c100541,Егор Панин,+7 (986) 182-05-97,user100541@example.ru,Казань,02.05.2026
c103162,Максим Мешков,+7 (944) 291-26-02,user103162@example.ru,Санкт-Петербург,10.04.2025
c105766,Глеб Гордеев,+7 (959) 209-16-70,user105766@example.ru,Екатеринбург,24.09.2024
c100785,Анна Нестеров,+7 (942) 355-29-73,user100785@example.ru,Казань,31.05.2024
c102650,Артур Шилова,+7 (987) 276-37-54,user102650@example.ru,Казань,14.04.2026
c101658,Денис Панин,+7 (955) 306-27-66,user101658@example.ru,Санкт-Петербург,14.09.2025
c105764,Вера Лаптев,+7 (990) 593-02-62,user105764@example.ru,Москва,07.10.2025
c100425,Юлия Осипова,+7 (993) 175-69-11,user100425@example.ru,Санкт-Петербург,23.06.2024
c105204,Юлия Крылов,+7 (954) 633-73-21,user105204@example.ru,Екатеринбург,23.02.2024
c104538,Юлия Панин,+7 (924) 287-46-99,user104538@example.ru,Москва,30.09.2025
c104793,Вера Панин,+7 (966) 886-92-70,user104793@example.ru,Казань,21.03.2024
c103974,Елена Ковальчук,+7 (958) 630-50-02,user103974@example.ru,Москва,18.01.2026
c103302,Глеб Шилова,+7 (986) 747-75-00,user103302@example.ru,Москва,14.07.2024
c106866,Лидия Ковальчук,+7 (944) 423-20-84,user106866@example.ru,Санкт-Петербург,12.01.2024
c100257,Лидия Ковальчук,+7 (942) 431-96-44,user100257@example.ru,Санкт-Петербург,29.01.2025
c105335,Денис Зуева,+7 (939) 668-11-57,user105335@example.ru,Москва,15.08.2024
c105723,Анна Ковальчук,+7 (946) 913-16-53,user105723@example.ru,Казань,25.02.2025
c104613,Артур Тихонова,+7 (979) 301-05-56,user104613@example.ru,Екатеринбург,22.08.2024
c101705,Денис Ермаков,+7 (930) 588-95-73,user101705@example.ru,Санкт-Петербург,15.05.2025
c100651,Павел Крылов,+7 (973) 505-91-82,user100651@example.ru,Екатеринбург,20.03.2024
c105425,Елена Юдина,+7 (995) 619-07-62,user105425@example.ru,Казань,10.05.2026
c101520,Павел Мешков,+7 (928) 133-24-70,user101520@example.ru,Красноярск,07.11.2024
c104284,Егор Ермаков,+7 (961) 573-94-84,user104284@example.ru,Красноярск,07.07.2025
c102036,Игорь Гордеев,+7 (995) 901-74-15,user102036@example.ru,Санкт-Петербург,26.03.2024
c105101,Игорь Крылов,+7 (988) 082-86-09,user105101@example.ru,Санкт-Петербург,08.06.2025
c102542,Алиса Панин,+7 (981) 960-97-80,user102542@example.ru,Санкт-Петербург,12.02.2026
c103645,Тимур Савельев,+7 (992) 531-90-42,user103645@example.ru,Санкт-Петербург,17.01.2024
c104834,Глеб Лаптев,+7 (934) 961-10-77,user104834@example.ru,Санкт-Петербург,25.06.2024
c103042,Игорь Крылов,+7 (936) 262-55-52,user103042@example.ru,Новосибирск,12.02.2026
c106859,Наталья Белых,+7 (990) 547-67-62,user106859@example.ru,Казань,03.06.2026
c105538,Максим Крылов,+7 (968) 286-03-84,user105538@example.ru,Красноярск,15.05.2025
c102647,Алиса Ковальчук,+7 (971) 648-10-90,user102647@example.ru,Казань,14.05.2025
c106701,Тимур Белых,+7 (980) 967-37-26,user106701@example.ru,Санкт-Петербург,06.03.2024
c100442,Анна Савельев,+7 (988) 401-80-76,user100442@example.ru,Красноярск,02.02.2026
c105654,Ольга Осипова,+7 (967) 393-67-42,user105654@example.ru,Москва,04.03.2024
c103780,Максим Нестеров,+7 (911) 662-25-05,user103780@example.ru,Красноярск,14.12.2025
c106629,Ольга Шилова,+7 (934) 476-19-89,user106629@example.ru,Красноярск,09.05.2024
c104601,Мария Ермаков,+7 (924) 231-42-94,user104601@example.ru,Екатеринбург,07.09.2024
c104730,Наталья Гордеев,+7 (974) 753-95-73,user104730@example.ru,Казань,13.07.2025
c100480,Мария Лаптев,+7 (996) 335-08-69,user100480@example.ru,Москва,01.08.2025
c100757,Ольга Панин,+7 (919) 523-35-11,user100757@example.ru,Новосибирск,10.03.2026
c104303,Павел Ковальчук,+7 (963) 327-05-49,user104303@example.ru,Новосибирск,23.06.2025
c105165,Наталья Зуева,+7 (929) 940-04-36,user105165@example.ru,Новосибирск,04.03.2024
c105743,Глеб Сорокина,+7 (942) 427-08-16,user105743@example.ru,Екатеринбург,11.11.2025
c102489,Максим Осипова,+7 (948) 297-91-71,user102489@example.ru,Казань,24.10.2024
c104870,Роман Нестеров,+7 (946) 864-18-60,user104870@example.ru,Новосибирск,16.10.2025
c100758,Павел Тихонова,+7 (916) 854-29-89,user100758@example.ru,Казань,18.10.2025
c103434,Глеб Лаптев,+7 (949) 382-20-06,user103434@example.ru,Красноярск,02.03.2025
c104214,Анна Крылов,+7 (962) 537-92-82,user104214@example.ru,Казань,14.10.2025
c101936,Павел Ковальчук,+7 (977) 285-42-34,user101936@example.ru,Новосибирск,02.07.2025
c101974,Ольга Зуева,+7 (919) 933-62-89,user101974@example.ru,Екатеринбург,04.03.2026
c102531,Анна Ковальчук,+7 (982) 959-55-22,user102531@example.ru,Новосибирск,01.01.2025
c103896,Артур Ермаков,+7 (946) 636-49-41,user103896@example.ru,Санкт-Петербург,23.01.2024
c105408,Наталья Сорокина,+7 (964) 243-39-27,user105408@example.ru,Санкт-Петербург,18.07.2024
c104950,Роман Белых,+7 (991) 802-73-82,user104950@example.ru,Казань,28.07.2025
c100985,Мария Белых,+7 (949) 820-91-51,user100985@example.ru,Новосибирск,16.01.2026
c100211,Максим Юдина,+7 (933) 357-67-12,user100211@example.ru,Красноярск,07.06.2026
c104799,Лидия Белых,+7 (982) 701-27-76,user104799@example.ru,Санкт-Петербург,18.04.2025
c105280,Глеб Панин,+7 (970) 845-22-80,user105280@example.ru,Красноярск,16.07.2024
c104289,Полина Нестеров,+7 (984) 312-15-18,user104289@example.ru,Новосибирск,06.09.2025
c102290,Кирилл Савельев,+7 (969) 426-23-99,user102290@example.ru,Санкт-Петербург,26.06.2025
c101497,Артур Белых,+7 (971) 642-78-44,user101497@example.ru,Москва,23.10.2025
c103678,Кирилл Лаптев,+7 (989) 912-03-97,user103678@example.ru,Красноярск,16.03.2025
c102247,Тимур Белых,+7 (967) 728-81-86,user102247@example.ru,Новосибирск,28.09.2024
c102585,Денис Гордеев,+7 (919) 393-83-15,user102585@example.ru,Москва,02.11.2024
c104961,Павел Ковальчук,+7 (946) 101-45-28,user104961@example.ru,Красноярск,03.11.2025
c103837,Глеб Зуева,+7 (944) 123-88-81,user103837@example.ru,Новосибирск,11.06.2025
c106690,Роман Сорокина,+7 (969) 317-73-74,user106690@example.ru,Санкт-Петербург,09.10.2024
c100952,Павел Ермаков,+7 (990) 469-81-19,user100952@example.ru,Москва,30.11.2024
c106283,Тимур Зуева,+7 (974) 790-05-04,user106283@example.ru,Санкт-Петербург,14.02.2026
c102689,Елена Ковальчук,+7 (954) 165-52-44,user102689@example.ru,Красноярск,06.03.2026
c105094,Максим Юдина,+7 (972) 048-34-21,user105094@example.ru,Новосибирск,07.12.2024
c105154,Роман Панин,+7 (978) 873-80-89,user105154@example.ru,Казань,27.07.2024
c106721,Кирилл Гордеев,+7 (928) 244-62-88,user106721@example.ru,Москва,04.11.2025
c101916,Ольга Мешков,+7 (931) 202-29-90,user101916@example.ru,Москва,24.10.2024
c101759,Вера Юдина,+7 (942) 534-61-50,user101759@example.ru,Красноярск,21.12.2024
c106521,Полина Шилова,+7 (962) 233-18-55,user106521@example.ru,Казань,17.05.2025
c102350,Елена Мешков,+7 (977) 144-30-21,user102350@example.ru,Москва,28.01.2024
c106857,Максим Тихонова,+7 (981) 284-07-87,user106857@example.ru,Санкт-Петербург,28.10.2024
c106200,Юлия Савельев,+7 (958) 064-68-64,user106200@example.ru,Екатеринбург,20.03.2026
c101678,Алиса Лаптев,+7 (994) 944-43-01,user101678@example.ru,Москва,02.11.2025
c100306,Полина Нестеров,+7 (975) 333-54-44,user100306@example.ru,Новосибирск,18.06.2024
c102372,Юлия Савельев,+7 (973) 025-19-55,user102372@example.ru,Казань,16.07.2025
c106196,Максим Гордеев,+7 (945) 606-09-55,user106196@example.ru,Москва,29.05.2025
c106080,Анна Белых,+7 (980) 385-44-18,user106080@example.ru,Новосибирск,05.02.2026
c103627,Елена Крылов,+7 (997) 162-45-09,user103627@example.ru,Красноярск,18.07.2025
c100608,Полина Ермаков,+7 (987) 338-29-14,user100608@example.ru,Новосибирск,01.06.2025
c104040,Наталья Савельев,+7 (990) 610-85-68,user104040@example.ru,Москва,09.06.2024
c101116,Полина Белых,+7 (985) 419-14-72,user101116@example.ru,Екатеринбург,27.04.2026
c105800,Тимур Лаптев,+7 (962) 348-80-13,user105800@example.ru,Казань,17.04.2025
c100299,Егор Шилова,+7 (978) 972-89-59,user100299@example.ru,Казань,12.08.2024
c103497,Игорь Мешков,+7 (917) 745-80-12,user103497@example.ru,Красноярск,16.05.2026
c106050,Лидия Крылов,+7 (992) 451-51-51,user106050@example.ru,Казань,01.08.2025
c100131,Елена Крылов,+7 (994) 157-39-26,user100131@example.ru,Казань,08.05.2026
c104525,Игорь Шилова,+7 (946) 228-93-69,user104525@example.ru,Красноярск,03.08.2025
c101994,Мария Мешков,+7 (937) 407-28-19,user101994@example.ru,Екатеринбург,21.12.2024
c104516,Максим Мешков,+7 (972) 930-31-96,user104516@example.ru,Москва,12.06.2025
c100297,Лидия Крылов,+7 (985) 738-42-77,user100297@example.ru,Красноярск,14.11.2024
c104616,Глеб Зуева,+7 (972) 413-68-18,user104616@example.ru,Екатеринбург,03.09.2025
c103478,Кирилл Тихонова,+7 (925) 134-86-43,user103478@example.ru,Екатеринбург,30.06.2025
c105354,Максим Гордеев,+7 (949) 604-71-62,user105354@example.ru,Екатеринбург,22.11.2024
c105170,Наталья Гордеев,+7 (958) 579-13-22,user105170@example.ru,Москва,02.05.2025
c104561,Ольга Зуева,+7 (927) 687-06-49,user104561@example.ru,Екатеринбург,27.02.2026
c106334,Полина Ковальчук,+7 (970) 217-24-08,user106334@example.ru,Новосибирск,19.07.2025
c100590,Наталья Осипова,+7 (928) 094-47-87,user100590@example.ru,Казань,19.05.2025
c101350,Кирилл Юдина,+7 (930) 296-14-53,user101350@example.ru,Санкт-Петербург,12.11.2024
c103426,Максим Ковальчук,+7 (965) 779-49-91,user103426@example.ru,Новосибирск,20.10.2024
c105590,Ольга Лаптев,+7 (915) 890-76-73,user105590@example.ru,Новосибирск,20.11.2025
c101045,Игорь Савельев,+7 (946) 904-61-45,user101045@example.ru,Екатеринбург,03.07.2024
c100816,Наталья Сорокина,+7 (992) 252-68-47,user100816@example.ru,Казань,21.12.2025
c102588,Роман Ковальчук,+7 (921) 710-76-63,user102588@example.ru,Екатеринбург,02.12.2024
c102018,Лидия Тихонова,+7 (995) 103-59-02,user102018@example.ru,Санкт-Петербург,19.05.2026
c100846,Анна Савельев,+7 (914) 686-13-61,user100846@example.ru,Москва,11.07.2025
c101268,Роман Панин,+7 (956) 804-46-02,user101268@example.ru,Казань,18.04.2026
c102324,Роман Нестеров,+7 (978) 876-83-40,user102324@example.ru,Новосибирск,20.05.2024
c105121,Денис Панин,+7 (999) 508-58-77,user105121@example.ru,Новосибирск,10.02.2024
c101803,Кирилл Осипова,+7 (967) 655-08-66,user101803@example.ru,Москва,06.06.2026
c101455,Елена Панин,+7 (977) 207-63-98,user101455@example.ru,Красноярск,04.02.2025
c106086,Юлия Зуева,+7 (927) 275-67-79,user106086@example.ru,Новосибирск,18.07.2025
c103398,Максим Крылов,+7 (945) 442-74-22,user103398@example.ru,Екатеринбург,02.01.2025
c104055,Елена Нестеров,+7 (931) 178-94-26,user104055@example.ru,Санкт-Петербург,25.10.2024
c103863,Глеб Ермаков,+7 (925) 166-92-32,user103863@example.ru,Москва,17.11.2024
c105672,Полина Сорокина,+7 (980) 817-67-49,user105672@example.ru,Екатеринбург,29.07.2025
c102435,Наталья Осипова,+7 (946) 652-16-23,user102435@example.ru,Москва,08.08.2025
c103700,Юлия Юдина,+7 (980) 732-66-48,user103700@example.ru,Санкт-Петербург,22.01.2026
c104948,Вера Крылов,+7 (980) 963-89-35,user104948@example.ru,Санкт-Петербург,14.05.2024
c100908,Елена Ермаков,+7 (996) 741-87-50,user100908@example.ru,Санкт-Петербург,20.08.2025
c101164,Полина Савельев,+7 (997) 195-44-10,user101164@example.ru,Санкт-Петербург,08.07.2025
c104788,Глеб Осипова,+7 (962) 795-86-40,user104788@example.ru,Санкт-Петербург,19.06.2024
c102610,Лидия Белых,+7 (928) 535-86-04,user102610@example.ru,Екатеринбург,25.01.2026
c103959,Игорь Сорокина,+7 (913) 578-73-13,user103959@example.ru,Санкт-Петербург,29.09.2024
c101067,Артур Савельев,+7 (987) 494-78-57,user101067@example.ru,Москва,23.02.2026
c101870,Лидия Осипова,+7 (926) 137-48-05,user101870@example.ru,Москва,28.07.2024
c104605,Кирилл Ермаков,+7 (911) 939-06-03,user104605@example.ru,Казань,09.07.2024
c101107,Павел Ковальчук,+7 (969) 101-85-60,user101107@example.ru,Москва,27.03.2024
c100205,Максим Ермаков,+7 (975) 272-07-56,user100205@example.ru,Екатеринбург,29.03.2026
c105603,Егор Лаптев,+7 (919) 654-80-62,user105603@example.ru,Екатеринбург,06.10.2024
c101981,Юлия Тихонова,+7 (990) 373-80-25,user101981@example.ru,Красноярск,09.04.2025
c103682,Елена Осипова,+7 (959) 384-34-40,user103682@example.ru,Казань,11.09.2024
c105427,Кирилл Гордеев,+7 (985) 926-96-58,user105427@example.ru,Екатеринбург,14.11.2024
c103556,Анна Лаптев,+7 (980) 613-23-07,user103556@example.ru,Санкт-Петербург,18.04.2026
c100187,Артур Савельев,+7 (984) 613-91-49,user100187@example.ru,Санкт-Петербург,03.12.2024
c105363,Глеб Сорокина,+7 (931) 285-53-58,user105363@example.ru,Москва,22.08.2024
c106303,Тимур Шилова,+7 (968) 328-01-46,user106303@example.ru,Санкт-Петербург,07.06.2025
c101580,Полина Нестеров,+7 (933) 031-92-98,user101580@example.ru,Красноярск,11.05.2024
c103823,Елена Мешков,+7 (933) 824-10-71,user103823@example.ru,Казань,24.04.2026
c102974,Наталья Лаптев,+7 (955) 835-41-94,user102974@example.ru,Новосибирск,16.08.2024
c104662,Ольга Ковальчук,+7 (979) 664-21-12,user104662@example.ru,Екатеринбург,03.03.2025
c101637,Роман Зуева,+7 (953) 122-60-46,user101637@example.ru,Новосибирск,10.10.2025
c105343,Полина Ермаков,+7 (922) 339-07-34,user105343@example.ru,Санкт-Петербург,30.11.2024
c100595,Артур Крылов,+7 (918) 286-70-13,user100595@example.ru,Санкт-Петербург,26.09.2025
c102273,Мария Савельев,+7 (993) 816-49-74,user102273@example.ru,Санкт-Петербург,07.12.2025
c101988,Максим Крылов,+7 (918) 019-35-23,user101988@example.ru,Новосибирск,03.08.2025
c105634,Павел Гордеев,+7 (961) 984-54-37,user105634@example.ru,Красноярск,26.09.2024
c102363,Егор Ковальчук,+7 (986) 705-22-52,user102363@example.ru,Новосибирск,27.11.2024
c105692,Роман Зуева,+7 (959) 341-28-62,user105692@example.ru,Москва,28.01.2026
c106606,Денис Ермаков,+7 (958) 560-46-84,user106606@example.ru,Казань,30.09.2025
c105717,Анна Ермаков,+7 (946) 143-36-69,user105717@example.ru,Москва,22.08.2025
c106056,Лидия Тихонова,+7 (961) 973-09-34,user106056@example.ru,Новосибирск,03.12.2025
c101400,Тимур Белых,+7 (930) 970-32-28,user101400@example.ru,Екатеринбург,07.01.2025
c105699,Павел Савельев,+7 (913) 313-32-30,user105699@example.ru,Красноярск,27.09.2025
c101003,Юлия Белых,+7 (967) 820-95-51,user101003@example.ru,Красноярск,24.04.2026
c100248,Игорь Юдина,+7 (941) 741-74-38,user100248@example.ru,Санкт-Петербург,17.01.2025
c106656,Денис Белых,+7 (988) 682-37-44,user106656@example.ru,Новосибирск,07.07.2025
c103864,Егор Панин,+7 (992) 573-27-30,user103864@example.ru,Красноярск,24.01.2026
c103711,Мария Осипова,+7 (962) 007-77-24,user103711@example.ru,Новосибирск,09.12.2025
c106449,Максим Панин,+7 (978) 384-20-96,user106449@example.ru,Красноярск,09.01.2026
c104006,Игорь Савельев,+7 (999) 742-96-40,user104006@example.ru,Новосибирск,12.08.2024
c100682,Полина Осипова,+7 (953) 711-97-85,user100682@example.ru,Москва,25.09.2025
c104698,Егор Осипова,+7 (928) 566-41-12,user104698@example.ru,Екатеринбург,07.05.2025
c106285,Мария Лаптев,+7 (983) 596-54-44,user106285@example.ru,Казань,02.05.2026
c105319,Вера Шилова,+7 (962) 331-79-94,user105319@example.ru,Казань,24.03.2026
c103491,Глеб Юдина,+7 (942) 223-50-44,user103491@example.ru,Москва,16.09.2025
c101018,Тимур Мешков,+7 (966) 591-08-05,user101018@example.ru,Санкт-Петербург,28.08.2025
c104682,Артур Савельев,+7 (938) 252-16-68,user104682@example.ru,Новосибирск,03.08.2024
c104868,Лидия Крылов,+7 (941) 745-14-44,user104868@example.ru,Красноярск,15.09.2025
c102861,Егор Ермаков,+7 (935) 776-77-54,user102861@example.ru,Москва,15.03.2024
c104441,Вера Белых,+7 (998) 051-67-86,user104441@example.ru,Москва,05.09.2024
c102110,Юлия Лаптев,+7 (985) 022-25-40,user102110@example.ru,Санкт-Петербург,15.11.2024
c101900,Лидия Гордеев,+7 (979) 775-05-69,user101900@example.ru,Красноярск,13.01.2025
c104873,Глеб Ковальчук,+7 (947) 069-92-51,user104873@example.ru,Красноярск,10.06.2025
c100398,Юлия Крылов,+7 (916) 913-74-93,user100398@example.ru,Москва,26.01.2025
c102683,Максим Ермаков,+7 (986) 420-20-38,user102683@example.ru,Санкт-Петербург,10.07.2025
c100376,Ольга Савельев,+7 (988) 335-05-72,user100376@example.ru,Москва,11.12.2024
c101852,Кирилл Шилова,+7 (998) 148-74-02,user101852@example.ru,Москва,01.12.2024
c101982,Егор Ковальчук,+7 (952) 564-19-15,user101982@example.ru,Санкт-Петербург,19.10.2025
c100843,Максим Осипова,+7 (972) 674-93-57,user100843@example.ru,Санкт-Петербург,07.08.2025
c106498,Егор Крылов,+7 (937) 778-49-58,user106498@example.ru,Красноярск,14.11.2025
c100133,Анна Юдина,+7 (935) 605-43-58,user100133@example.ru,Казань,23.03.2024
c103193,Елена Крылов,+7 (999) 702-61-66,user103193@example.ru,Санкт-Петербург,11.09.2025
c104785,Тимур Сорокина,+7 (997) 849-09-91,user104785@example.ru,Красноярск,16.07.2024
c106066,Денис Шилова,+7 (938) 234-78-74,user106066@example.ru,Красноярск,11.04.2025
c104757,Артур Ермаков,+7 (924) 697-27-81,user104757@example.ru,Казань,26.12.2024
c105123,Игорь Ковальчук,+7 (945) 398-46-40,user105123@example.ru,Казань,01.02.2026
c103172,Егор Лаптев,+7 (992) 306-81-41,user103172@example.ru,Москва,27.06.2026
c106174,Лидия Лаптев,+7 (920) 596-50-76,user106174@example.ru,Казань,04.04.2024
c106103,Максим Белых,+7 (999) 431-46-43,user106103@example.ru,Казань,29.08.2025
c102501,Елена Сорокина,+7 (938) 578-23-86,user102501@example.ru,Новосибирск,19.10.2024
c102704,Глеб Мешков,+7 (998) 836-87-00,user102704@example.ru,Екатеринбург,18.04.2024
c105436,Игорь Савельев,+7 (936) 777-95-51,user105436@example.ru,Красноярск,19.06.2024
c104319,Вера Нестеров,+7 (991) 585-32-47,user104319@example.ru,Екатеринбург,03.02.2024
c106221,Юлия Лаптев,+7 (979) 308-97-97,user106221@example.ru,Красноярск,01.10.2025
c102410,Наталья Нестеров,+7 (962) 583-63-81,user102410@example.ru,Екатеринбург,13.04.2026
c104121,Анна Крылов,+7 (959) 090-59-59,user104121@example.ru,Москва,29.04.2025
c101237,Мария Сорокина,+7 (966) 229-05-76,user101237@example.ru,Казань,11.06.2025
c103802,Алиса Осипова,+7 (940) 379-64-42,user103802@example.ru,Казань,08.04.2025
c102682,Ольга Мешков,+7 (954) 453-53-11,user102682@example.ru,Санкт-Петербург,20.02.2026
c106073,Егор Савельев,+7 (936) 005-24-28,user106073@example.ru,Новосибирск,06.03.2025
c103114,Анна Крылов,+7 (911) 062-95-80,user103114@example.ru,Санкт-Петербург,01.11.2025
c100036,Елена Панин,+7 (947) 545-60-29,user100036@example.ru,Санкт-Петербург,26.10.2024
c103532,Артур Осипова,+7 (976) 547-46-67,user103532@example.ru,Новосибирск,14.08.2025
c101730,Кирилл Гордеев,+7 (956) 718-72-37,user101730@example.ru,Красноярск,03.04.2024
c103561,Мария Ермаков,+7 (913) 282-20-65,user103561@example.ru,Новосибирск,21.03.2024
c102118,Кирилл Гордеев,+7 (997) 302-88-12,user102118@example.ru,Санкт-Петербург,30.05.2024
c104505,Алиса Савельев,+7 (937) 662-52-35,user104505@example.ru,Красноярск,05.06.2025
c103737,Артур Гордеев,+7 (936) 760-78-83,user103737@example.ru,Москва,05.04.2025
c100636,Глеб Осипова,+7 (960) 873-04-68,user100636@example.ru,Екатеринбург,02.10.2025
c100085,Максим Белых,+7 (925) 151-07-66,user100085@example.ru,Новосибирск,09.03.2026
c105517,Ольга Лаптев,+7 (983) 739-26-67,user105517@example.ru,Санкт-Петербург,31.07.2024
c106630,Юлия Зуева,+7 (985) 385-10-12,user106630@example.ru,Москва,27.03.2026
c103209,Денис Савельев,+7 (926) 864-99-91,user103209@example.ru,Красноярск,22.07.2024
c100114,Ольга Осипова,+7 (980) 605-36-58,user100114@example.ru,Санкт-Петербург,20.08.2025
c103482,Игорь Ермаков,+7 (917) 781-66-56,user103482@example.ru,Москва,08.05.2026
c105077,Глеб Лаптев,+7 (951) 195-66-92,user105077@example.ru,Санкт-Петербург,22.05.2025
c102253,Роман Савельев,+7 (987) 038-91-70,user102253@example.ru,Новосибирск,26.11.2024
c106347,Ольга Ковальчук,+7 (963) 098-47-04,user106347@example.ru,Казань,02.09.2025
c106260,Тимур Тихонова,+7 (951) 744-43-40,user106260@example.ru,Москва,04.08.2025
c104584,Глеб Тихонова,+7 (972) 794-60-12,user104584@example.ru,Красноярск,26.04.2024
c100793,Мария Панин,+7 (918) 300-86-01,user100793@example.ru,Новосибирск,25.03.2025
c104238,Полина Осипова,+7 (996) 724-38-25,user104238@example.ru,Казань,19.04.2025
c102301,Игорь Шилова,+7 (970) 029-46-69,user102301@example.ru,Москва,19.10.2025
c100582,Полина Панин,+7 (947) 190-97-25,user100582@example.ru,Санкт-Петербург,15.03.2026
c105946,Ольга Шилова,+7 (959) 409-77-88,user105946@example.ru,Казань,25.07.2025
c105713,Полина Крылов,+7 (973) 581-22-21,user105713@example.ru,Санкт-Петербург,10.04.2025
c104443,Кирилл Ковальчук,+7 (934) 964-84-89,user104443@example.ru,Красноярск,11.06.2026
c103328,Павел Шилова,+7 (999) 850-33-57,user103328@example.ru,Новосибирск,02.02.2026
c105918,Роман Зуева,+7 (978) 754-52-76,user105918@example.ru,Красноярск,15.09.2024
c102141,Юлия Юдина,+7 (995) 037-27-34,user102141@example.ru,Санкт-Петербург,21.08.2024
c105508,Денис Зуева,+7 (924) 735-18-05,user105508@example.ru,Красноярск,10.04.2026
c103806,Алиса Юдина,+7 (956) 924-59-26,user103806@example.ru,Екатеринбург,30.03.2026
c102681,Вера Тихонова,+7 (959) 245-17-63,user102681@example.ru,Новосибирск,30.11.2024
c106588,Тимур Лаптев,+7 (973) 021-27-56,user106588@example.ru,Красноярск,08.08.2025
c103727,Артур Мешков,+7 (993) 696-60-67,user103727@example.ru,Казань,24.11.2024
c105238,Алиса Сорокина,+7 (922) 070-19-77,user105238@example.ru,Санкт-Петербург,19.04.2024
c100567,Мария Юдина,+7 (913) 975-10-04,user100567@example.ru,Казань,11.02.2024
c101975,Ольга Нестеров,+7 (985) 598-19-83,user101975@example.ru,Красноярск,26.04.2026
c100488,Полина Панин,+7 (956) 894-23-09,user100488@example.ru,Казань,12.01.2024
c102993,Юлия Тихонова,+7 (964) 782-52-81,user102993@example.ru,Екатеринбург,19.03.2024
c104926,Вера Ермаков,+7 (912) 038-95-50,user104926@example.ru,Москва,05.06.2025
c100577,Игорь Шилова,+7 (942) 273-54-83,user100577@example.ru,Казань,02.05.2024
c103223,Денис Нестеров,+7 (940) 171-06-39,user103223@example.ru,Санкт-Петербург,23.03.2025
c100405,Ольга Зуева,+7 (933) 778-68-84,user100405@example.ru,Казань,11.02.2024
c105016,Глеб Ковальчук,+7 (935) 162-43-22,user105016@example.ru,Красноярск,17.05.2026
c102568,Игорь Мешков,+7 (967) 480-18-61,user102568@example.ru,Москва,25.11.2025
c104576,Егор Юдина,+7 (934) 594-38-40,user104576@example.ru,Санкт-Петербург,31.07.2025
c105114,Денис Тихонова,+7 (918) 828-18-87,user105114@example.ru,Екатеринбург,22.06.2026
c103457,Артур Савельев,+7 (941) 360-68-76,user103457@example.ru,Санкт-Петербург,27.04.2026
c101091,Ольга Мешков,+7 (967) 434-55-68,user101091@example.ru,Москва,05.08.2025
c105265,Денис Сорокина,+7 (995) 949-76-02,user105265@example.ru,Новосибирск,24.04.2025
c106361,Елена Зуева,+7 (961) 120-31-48,user106361@example.ru,Санкт-Петербург,08.05.2026
c104414,Лидия Юдина,+7 (987) 054-34-02,user104414@example.ru,Красноярск,14.03.2025
c104131,Наталья Крылов,+7 (994) 286-28-22,user104131@example.ru,Екатеринбург,25.07.2025
c104326,Игорь Мешков,+7 (913) 326-76-31,user104326@example.ru,Красноярск,16.04.2024
c103698,Тимур Крылов,+7 (929) 759-78-48,user103698@example.ru,Красноярск,02.12.2025
c102444,Глеб Савельев,+7 (985) 233-44-92,user102444@example.ru,Москва,22.06.2025
c102237,Ольга Зуева,+7 (934) 967-96-72,user102237@example.ru,Москва,07.11.2024
c106225,Ольга Лаптев,+7 (999) 805-84-53,user106225@example.ru,Казань,18.03.2025
c100440,Анна Мешков,+7 (957) 139-70-41,user100440@example.ru,Екатеринбург,20.10.2025
c104805,Кирилл Панин,+7 (994) 448-13-23,user104805@example.ru,Казань,22.02.2024
c105221,Денис Савельев,+7 (992) 837-15-10,user105221@example.ru,Москва,26.06.2025
c101167,Мария Крылов,+7 (994) 867-50-52,user101167@example.ru,Новосибирск,22.11.2025
c100070,Павел Нестеров,+7 (999) 574-62-84,user100070@example.ru,Санкт-Петербург,06.01.2026
c101451,Вера Савельев,+7 (995) 244-63-56,user101451@example.ru,Москва,12.07.2025
c104854,Глеб Белых,+7 (912) 949-76-65,user104854@example.ru,Москва,13.03.2025
c101970,Ольга Мешков,+7 (936) 810-22-90,user101970@example.ru,Красноярск,30.04.2024
c104922,Вера Шилова,+7 (990) 257-96-79,user104922@example.ru,Казань,31.03.2025
c104153,Кирилл Юдина,+7 (940) 907-48-42,user104153@example.ru,Новосибирск,18.06.2025
c106719,Тимур Крылов,+7 (938) 522-32-38,user106719@example.ru,Москва,14.11.2024
c102069,Мария Мешков,+7 (929) 095-76-71,user102069@example.ru,Новосибирск,07.12.2025
c102499,Роман Савельев,+7 (992) 548-56-84,user102499@example.ru,Казань,30.11.2025
c106566,Роман Лаптев,+7 (987) 897-59-88,user106566@example.ru,Казань,04.03.2024
c103168,Егор Мешков,+7 (989) 440-15-22,user103168@example.ru,Санкт-Петербург,12.01.2026
c101002,Мария Савельев,+7 (986) 437-88-25,user101002@example.ru,Казань,05.06.2026
c100363,Мария Ермаков,+7 (930) 439-41-54,user100363@example.ru,Санкт-Петербург,20.04.2024
c101908,Артур Нестеров,+7 (942) 374-21-21,user101908@example.ru,Красноярск,23.11.2025
c105819,Денис Сорокина,+7 (934) 983-28-63,user105819@example.ru,Санкт-Петербург,28.03.2026
c102040,Полина Лаптев,+7 (962) 575-65-96,user102040@example.ru,Красноярск,07.04.2026
c100614,Денис Лаптев,+7 (938) 033-53-18,user100614@example.ru,Санкт-Петербург,27.03.2026
c106363,Роман Ковальчук,+7 (990) 358-90-97,user106363@example.ru,Казань,05.07.2025
c103351,Ольга Мешков,+7 (922) 228-82-95,user103351@example.ru,Красноярск,29.05.2026
c105370,Елена Белых,+7 (974) 120-12-07,user105370@example.ru,Красноярск,28.04.2024
c105986,Юлия Зуева,+7 (932) 718-07-31,user105986@example.ru,Екатеринбург,20.02.2025
c106175,Мария Лаптев,+7 (916) 658-90-74,user106175@example.ru,Новосибирск,30.08.2025
c104804,Ольга Крылов,+7 (937) 444-58-46,user104804@example.ru,Москва,27.07.2025
c100774,Алиса Зуева,+7 (955) 660-32-80,user100774@example.ru,Красноярск,16.03.2026
c103444,Глеб Гордеев,+7 (923) 232-17-40,user103444@example.ru,Новосибирск,12.04.2025
c100146,Наталья Мешков,+7 (962) 040-39-01,user100146@example.ru,Новосибирск,07.02.2026
c100381,Денис Нестеров,+7 (943) 009-25-96,user100381@example.ru,Новосибирск,30.07.2025
c101208,Тимур Осипова,+7 (997) 404-57-16,user101208@example.ru,Казань,08.07.2024
c104415,Кирилл Лаптев,+7 (980) 538-16-18,user104415@example.ru,Санкт-Петербург,30.12.2024
c106286,Елена Савельев,+7 (966) 419-19-28,user106286@example.ru,Екатеринбург,01.02.2024
c103081,Алиса Сорокина,+7 (998) 665-21-49,user103081@example.ru,Екатеринбург,02.02.2024
c103510,Юлия Ермаков,+7 (960) 770-88-07,user103510@example.ru,Санкт-Петербург,26.10.2025
c101379,Наталья Ковальчук,+7 (972) 484-18-42,user101379@example.ru,Казань,29.07.2024
c103472,Юлия Тихонова,+7 (962) 067-71-55,user103472@example.ru,Казань,04.02.2024
c105655,Юлия Гордеев,+7 (923) 684-69-47,user105655@example.ru,Екатеринбург,14.12.2025
c101877,Денис Савельев,+7 (927) 937-33-67,user101877@example.ru,Новосибирск,22.06.2026
c102538,Мария Лаптев,+7 (967) 479-36-70,user102538@example.ru,Санкт-Петербург,24.12.2024
c101326,Артур Нестеров,+7 (983) 635-26-14,user101326@example.ru,Санкт-Петербург,18.06.2025
c103312,Павел Савельев,+7 (947) 580-84-55,user103312@example.ru,Екатеринбург,23.12.2025
c106569,Мария Мешков,+7 (999) 024-63-11,user106569@example.ru,Новосибирск,20.05.2025
c100888,Кирилл Лаптев,+7 (924) 496-30-76,user100888@example.ru,Екатеринбург,19.11.2025
c100183,Артур Панин,+7 (936) 399-98-26,user100183@example.ru,Казань,25.03.2025
c103090,Кирилл Мешков,+7 (916) 625-63-13,user103090@example.ru,Москва,30.12.2025
c106795,Егор Шилова,+7 (994) 872-27-41,user106795@example.ru,Красноярск,13.05.2026
c106819,Павел Шилова,+7 (977) 804-23-56,user106819@example.ru,Москва,29.01.2024
c106236,Кирилл Крылов,+7 (994) 693-39-84,user106236@example.ru,Новосибирск,23.10.2024
c106432,Глеб Савельев,+7 (966) 928-15-15,user106432@example.ru,Казань,12.03.2024
c104900,Елена Ермаков,+7 (980) 084-82-89,user104900@example.ru,Казань,16.02.2024
c105646,Наталья Мешков,+7 (927) 869-26-23,user105646@example.ru,Санкт-Петербург,31.12.2024
c102716,Артур Тихонова,+7 (926) 066-12-68,user102716@example.ru,Екатеринбург,09.03.2026
c105332,Мария Белых,+7 (926) 644-70-14,user105332@example.ru,Новосибирск,31.12.2025
c105183,Денис Лаптев,+7 (915) 567-52-62,user105183@example.ru,Новосибирск,20.08.2025
c103906,Ольга Шилова,+7 (996) 961-41-71,user103906@example.ru,Новосибирск,09.10.2025
c104941,Мария Осипова,+7 (972) 998-66-42,user104941@example.ru,Москва,16.01.2024
c103565,Анна Нестеров,+7 (937) 627-80-78,user103565@example.ru,Новосибирск,07.06.2025
c104450,Денис Ковальчук,+7 (910) 061-34-89,user104450@example.ru,Екатеринбург,07.04.2024
c105873,Роман Осипова,+7 (929) 727-53-87,user105873@example.ru,Казань,26.11.2025
c100453,Максим Нестеров,+7 (915) 030-92-76,user100453@example.ru,Екатеринбург,22.09.2024
c106350,Павел Тихонова,+7 (947) 668-10-17,user106350@example.ru,Красноярск,18.06.2024
c103791,Ольга Шилова,+7 (965) 487-32-15,user103791@example.ru,Санкт-Петербург,03.08.2025
c100325,Алиса Ковальчук,+7 (986) 474-35-42,user100325@example.ru,Казань,24.12.2024
c103025,Полина Зуева,+7 (978) 886-75-79,user103025@example.ru,Санкт-Петербург,17.05.2024
c105361,Вера Крылов,+7 (998) 152-30-88,user105361@example.ru,Новосибирск,21.07.2025
c100050,Анна Тихонова,+7 (911) 603-16-94,user100050@example.ru,Санкт-Петербург,15.03.2024
c100302,Алиса Тихонова,+7 (945) 492-83-74,user100302@example.ru,Новосибирск,01.03.2025
c102170,Елена Крылов,+7 (956) 677-46-75,user102170@example.ru,Санкт-Петербург,18.02.2026
c105622,Денис Нестеров,+7 (974) 324-09-35,user105622@example.ru,Новосибирск,28.01.2024
c100420,Денис Осипова,+7 (945) 864-30-19,user100420@example.ru,Казань,26.01.2024
c105940,Наталья Зуева,+7 (924) 733-68-25,user105940@example.ru,Казань,20.01.2025
c106645,Артур Юдина,+7 (978) 319-64-86,user106645@example.ru,Екатеринбург,18.02.2025
c100957,Наталья Гордеев,+7 (984) 388-28-69,user100957@example.ru,Москва,30.01.2025
c105197,Анна Савельев,+7 (950) 718-51-42,user105197@example.ru,Новосибирск,28.01.2026
c100111,Вера Гордеев,+7 (980) 549-74-03,user100111@example.ru,Красноярск,06.07.2024
c100353,Юлия Ковальчук,+7 (962) 647-94-63,user100353@example.ru,Москва,03.08.2025
c105629,Тимур Панин,+7 (960) 577-54-06,user105629@example.ru,Санкт-Петербург,29.06.2025
c106340,Алиса Гордеев,+7 (961) 806-68-16,user106340@example.ru,Санкт-Петербург,19.08.2025
c106004,Егор Панин,+7 (987) 729-04-72,user106004@example.ru,Москва,10.12.2025
c101177,Наталья Ковальчук,+7 (910) 169-32-60,user101177@example.ru,Новосибирск,11.04.2024
c102755,Мария Ковальчук,+7 (946) 509-99-10,user102755@example.ru,Санкт-Петербург,04.02.2025
c104278,Елена Ермаков,+7 (948) 324-29-57,user104278@example.ru,Екатеринбург,16.12.2024
c101389,Тимур Панин,+7 (954) 270-76-43,user101389@example.ru,Казань,18.09.2024
c101882,Вера Зуева,+7 (972) 524-89-48,user101882@example.ru,Екатеринбург,28.10.2024
c101236,Алиса Юдина,+7 (926) 767-10-23,user101236@example.ru,Санкт-Петербург,17.09.2025
c105120,Роман Крылов,+7 (946) 664-62-41,user105120@example.ru,Красноярск,21.02.2024
c100677,Наталья Зуева,+7 (933) 827-45-10,user100677@example.ru,Санкт-Петербург,13.10.2024
c102485,Глеб Сорокина,+7 (920) 858-62-44,user102485@example.ru,Санкт-Петербург,08.04.2025
c105632,Егор Лаптев,+7 (961) 886-09-70,user105632@example.ru,Москва,18.07.2025
c100255,Полина Осипова,+7 (941) 131-93-28,user100255@example.ru,Москва,28.05.2025
c102513,Глеб Тихонова,+7 (913) 725-69-73,user102513@example.ru,Москва,28.09.2024
c103503,Ольга Крылов,+7 (934) 184-45-97,user103503@example.ru,Санкт-Петербург,30.09.2024
c102316,Лидия Зуева,+7 (965) 617-09-05,user102316@example.ru,Москва,03.08.2025
c100355,Роман Осипова,+7 (932) 873-36-52,user100355@example.ru,Екатеринбург,10.01.2025
c104191,Полина Ковальчук,+7 (984) 900-30-74,user104191@example.ru,Красноярск,10.04.2024
c106820,Кирилл Белых,+7 (941) 251-06-95,user106820@example.ru,Красноярск,24.11.2024
c100238,Павел Зуева,+7 (991) 539-00-51,user100238@example.ru,Санкт-Петербург,03.12.2025
c102448,Лидия Гордеев,+7 (936) 432-01-19,user102448@example.ru,Санкт-Петербург,20.03.2024
c106247,Лидия Ковальчук,+7 (939) 517-50-28,user106247@example.ru,Красноярск,20.10.2024
c101682,Юлия Лаптев,+7 (927) 821-96-31,user101682@example.ru,Новосибирск,31.03.2024
c103006,Елена Осипова,+7 (945) 211-27-01,user103006@example.ru,Санкт-Петербург,02.06.2026
c102794,Елена Мешков,+7 (978) 381-67-97,user102794@example.ru,Новосибирск,10.02.2026
c106308,Роман Белых,+7 (987) 706-36-13,user106308@example.ru,Екатеринбург,13.01.2026
c100239,Мария Мешков,+7 (990) 976-00-38,user100239@example.ru,Красноярск,04.04.2026
c100361,Елена Ковальчук,+7 (936) 761-85-01,user100361@example.ru,Новосибирск,16.11.2025
c106863,Лидия Мешков,+7 (949) 898-59-60,user106863@example.ru,Казань,13.04.2024
c103069,Ольга Белых,+7 (978) 895-19-00,user103069@example.ru,Москва,28.02.2026
c103990,Павел Лаптев,+7 (987) 619-46-75,user103990@example.ru,Казань,03.07.2024
c100609,Тимур Нестеров,+7 (933) 208-55-22,user100609@example.ru,Москва,14.01.2024
c104743,Елена Мешков,+7 (913) 262-69-06,user104743@example.ru,Москва,05.09.2024
c106491,Мария Сорокина,+7 (976) 695-67-54,user106491@example.ru,Екатеринбург,29.11.2025
c102342,Вера Шилова,+7 (977) 479-76-42,user102342@example.ru,Москва,18.10.2024
c104325,Игорь Гордеев,+7 (912) 788-19-82,user104325@example.ru,Москва,07.02.2025
c104543,Ольга Сорокина,+7 (989) 751-44-34,user104543@example.ru,Новосибирск,23.02.2026
c104038,Глеб Крылов,+7 (917) 384-49-15,user104038@example.ru,Казань,14.03.2025
c104612,Елена Мешков,+7 (946) 760-24-07,user104612@example.ru,Санкт-Петербург,25.02.2024
c100301,Лидия Ковальчук,+7 (944) 374-47-51,user100301@example.ru,Новосибирск,21.03.2026
c106667,Ольга Белых,+7 (954) 605-08-50,user106667@example.ru,Екатеринбург,04.11.2024
c101480,Егор Ковальчук,+7 (956) 955-23-04,user101480@example.ru,Красноярск,04.04.2026
c102889,Лидия Ермаков,+7 (972) 901-71-88,user102889@example.ru,Санкт-Петербург,22.10.2025
c102552,Юлия Зуева,+7 (916) 952-17-65,user102552@example.ru,Москва,19.03.2026
c105490,Алиса Ермаков,+7 (919) 564-37-08,user105490@example.ru,Красноярск,15.06.2025
c100030,Тимур Сорокина,+7 (952) 878-13-89,user100030@example.ru,Санкт-Петербург,30.11.2025
c104118,Денис Нестеров,+7 (934) 583-11-75,user104118@example.ru,Красноярск,05.05.2025
c104167,Кирилл Сорокина,+7 (966) 542-56-54,user104167@example.ru,Новосибирск,29.06.2024
c101424,Ольга Ковальчук,+7 (984) 519-38-39,user101424@example.ru,Красноярск,09.06.2025
c100852,Наталья Сорокина,+7 (952) 124-11-22,user100852@example.ru,Москва,26.04.2026
c106813,Мария Савельев,+7 (954) 309-46-78,user106813@example.ru,Красноярск,02.07.2024
c106864,Егор Панин,+7 (975) 486-57-84,user106864@example.ru,Екатеринбург,18.04.2025
c105148,Тимур Нестеров,+7 (929) 610-68-56,user105148@example.ru,Новосибирск,09.04.2024
c105080,Наталья Зуева,+7 (914) 764-04-06,user105080@example.ru,Москва,01.11.2024
c106657,Вера Ковальчук,+7 (981) 968-17-59,user106657@example.ru,Екатеринбург,09.03.2026
c106537,Глеб Осипова,+7 (987) 360-01-26,user106537@example.ru,Москва,23.05.2025
c105108,Артур Сорокина,+7 (956) 574-05-70,user105108@example.ru,Екатеринбург,22.02.2024
c102038,Павел Нестеров,+7 (926) 907-86-76,user102038@example.ru,Новосибирск,24.03.2026
c106877,Тимур Юдина,+7 (982) 376-20-99,user106877@example.ru,Санкт-Петербург,13.09.2025
c106806,Игорь Лаптев,+7 (980) 112-51-16,user106806@example.ru,Новосибирск,23.03.2024
c103910,Павел Панин,+7 (936) 722-34-27,user103910@example.ru,Екатеринбург,08.12.2025
c101287,Ольга Панин,+7 (913) 443-91-95,user101287@example.ru,Санкт-Петербург,27.05.2024
c100622,Елена Ковальчук,+7 (930) 558-72-36,user100622@example.ru,Москва,30.01.2024
c103991,Игорь Шилова,+7 (921) 899-02-21,user103991@example.ru,Екатеринбург,02.03.2025
c106160,Алиса Крылов,+7 (934) 039-42-15,user106160@example.ru,Санкт-Петербург,07.10.2025
c103664,Юлия Осипова,+7 (976) 343-65-13,user103664@example.ru,Красноярск,17.06.2026
c101623,Кирилл Осипова,+7 (936) 933-79-13,user101623@example.ru,Новосибирск,04.09.2024
c102880,Алиса Панин,+7 (928) 370-06-17,user102880@example.ru,Санкт-Петербург,15.03.2025
c101304,Денис Тихонова,+7 (956) 442-58-32,user101304@example.ru,Москва,19.04.2026
c102536,Игорь Нестеров,+7 (978) 322-35-05,user102536@example.ru,Красноярск,03.06.2024
c105697,Игорь Панин,+7 (917) 009-67-42,user105697@example.ru,Казань,27.08.2024
c102492,Артур Савельев,+7 (991) 465-90-70,user102492@example.ru,Красноярск,18.08.2025
c101127,Кирилл Савельев,+7 (972) 955-53-61,user101127@example.ru,Казань,23.06.2025
c106033,Денис Белых,+7 (977) 056-20-00,user106033@example.ru,Красноярск,26.05.2025
c102688,Вера Ермаков,+7 (982) 516-33-64,user102688@example.ru,Москва,14.05.2025
c101925,Алиса Сорокина,+7 (935) 175-35-32,user101925@example.ru,Красноярск,02.04.2025
c100150,Мария Шилова,+7 (949) 204-22-68,user100150@example.ru,Екатеринбург,01.07.2024
c104502,Егор Лаптев,+7 (927) 385-60-77,user104502@example.ru,Санкт-Петербург,06.12.2024
c105307,Ольга Ковальчук,+7 (940) 711-74-98,user105307@example.ru,Москва,24.01.2026
c100188,Егор Мешков,+7 (970) 714-65-60,user100188@example.ru,Казань,08.03.2025
c101526,Роман Шилова,+7 (939) 381-55-32,user101526@example.ru,Москва,12.12.2025
c100803,Лидия Мешков,+7 (979) 722-07-14,user100803@example.ru,Екатеринбург,09.04.2025
c101302,Лидия Зуева,+7 (996) 233-11-85,user101302@example.ru,Красноярск,04.11.2024
c100399,Игорь Зуева,+7 (951) 824-29-50,user100399@example.ru,Казань,18.10.2025
c103718,Глеб Осипова,+7 (946) 770-46-71,user103718@example.ru,Москва,08.06.2025
c101687,Артур Лаптев,+7 (970) 756-89-70,user101687@example.ru,Москва,27.02.2026
c102873,Вера Шилова,+7 (967) 835-35-84,user102873@example.ru,Казань,26.04.2025
c103440,Игорь Ковальчук,+7 (951) 212-60-32,user103440@example.ru,Санкт-Петербург,31.12.2024
c103344,Полина Ковальчук,+7 (939) 289-67-38,user103344@example.ru,Санкт-Петербург,27.10.2024
c100224,Максим Юдина,+7 (988) 339-31-71,user100224@example.ru,Екатеринбург,15.06.2025
c103805,Кирилл Савельев,+7 (935) 147-80-80,user103805@example.ru,Новосибирск,13.09.2024
c106216,Наталья Юдина,+7 (992) 476-98-23,user106216@example.ru,Санкт-Петербург,19.07.2024
c104317,Вера Осипова,+7 (914) 167-00-46,user104317@example.ru,Красноярск,30.04.2026
c103750,Артур Белых,+7 (978) 311-36-85,user103750@example.ru,Москва,14.03.2026
c103338,Анна Юдина,+7 (922) 014-96-49,user103338@example.ru,Екатеринбург,08.05.2024
c105502,Роман Ковальчук,+7 (984) 989-80-91,user105502@example.ru,Москва,16.10.2025
c101097,Павел Савельев,+7 (942) 086-91-34,user101097@example.ru,Санкт-Петербург,27.11.2024
c106475,Глеб Шилова,+7 (990) 380-80-50,user106475@example.ru,Москва,05.03.2025
c102197,Юлия Ермаков,+7 (946) 071-82-59,user102197@example.ru,Москва,17.10.2025
c105018,Глеб Крылов,+7 (951) 268-32-92,user105018@example.ru,Санкт-Петербург,09.09.2025
c100944,Тимур Ковальчук,+7 (911) 638-33-28,user100944@example.ru,Екатеринбург,31.10.2024
c104629,Денис Зуева,+7 (966) 739-00-51,user104629@example.ru,Санкт-Петербург,01.07.2025
c102115,Елена Гордеев,+7 (913) 537-65-49,user102115@example.ru,Казань,14.04.2024
c101179,Роман Белых,+7 (968) 463-24-05,user101179@example.ru,Красноярск,16.11.2024
c102886,Денис Крылов,+7 (988) 027-95-64,user102886@example.ru,Москва,03.06.2024
c105352,Максим Панин,+7 (977) 550-99-59,user105352@example.ru,Москва,19.04.2026
c106840,Лидия Сорокина,+7 (975) 362-07-60,user106840@example.ru,Москва,16.12.2024
c102905,Мария Зуева,+7 (995) 699-89-52,user102905@example.ru,Москва,15.11.2025
c105199,Роман Белых,+7 (918) 020-27-35,user105199@example.ru,Санкт-Петербург,21.01.2026
c104365,Максим Крылов,+7 (927) 934-06-70,user104365@example.ru,Красноярск,12.08.2025
c102984,Павел Ковальчук,+7 (911) 007-53-66,user102984@example.ru,Екатеринбург,08.06.2025
c106067,Денис Нестеров,+7 (953) 536-54-71,user106067@example.ru,Екатеринбург,03.01.2026
c105480,Алиса Савельев,+7 (947) 665-10-86,user105480@example.ru,Москва,20.08.2025
c101547,Мария Крылов,+7 (961) 717-13-78,user101547@example.ru,Новосибирск,05.07.2025
c102258,Юлия Юдина,+7 (966) 767-69-73,user102258@example.ru,Екатеринбург,27.06.2026
c101524,Максим Белых,+7 (927) 379-05-43,user101524@example.ru,Красноярск,05.05.2026
c102049,Лидия Крылов,+7 (923) 539-12-43,user102049@example.ru,Казань,19.11.2025
c105856,Анна Савельев,+7 (933) 987-61-98,user105856@example.ru,Санкт-Петербург,28.07.2024
c106738,Кирилл Мешков,+7 (922) 376-36-52,user106738@example.ru,Казань,28.02.2026
c105396,Мария Панин,+7 (944) 144-32-86,user105396@example.ru,Екатеринбург,14.11.2024
c103546,Артур Ермаков,+7 (920) 539-85-71,user103546@example.ru,Новосибирск,25.08.2025
c106459,Денис Панин,+7 (962) 476-32-38,user106459@example.ru,Санкт-Петербург,21.02.2025
c102497,Юлия Савельев,+7 (989) 168-20-78,user102497@example.ru,Новосибирск,04.09.2024
c101233,Лидия Шилова,+7 (926) 018-89-61,user101233@example.ru,Санкт-Петербург,15.01.2024
c102763,Наталья Гордеев,+7 (941) 716-11-98,user102763@example.ru,Екатеринбург,17.01.2024
c103237,Алиса Нестеров,+7 (989) 109-37-77,user103237@example.ru,Екатеринбург,11.03.2026
c105493,Полина Сорокина,+7 (970) 410-88-15,user105493@example.ru,Екатеринбург,17.05.2025
c105479,Алиса Мешков,+7 (935) 355-34-27,user105479@example.ru,Красноярск,14.03.2025
c101666,Глеб Зуева,+7 (930) 178-13-83,user101666@example.ru,Екатеринбург,08.10.2024
c102593,Анна Гордеев,+7 (952) 308-09-77,user102593@example.ru,Москва,25.10.2024
c100048,Елена Крылов,+7 (918) 536-36-26,user100048@example.ru,Санкт-Петербург,24.03.2024
c102344,Елена Белых,+7 (922) 873-66-78,user102344@example.ru,Санкт-Петербург,30.03.2026
c101681,Глеб Савельев,+7 (925) 292-23-09,user101681@example.ru,Санкт-Петербург,17.10.2025
c103901,Максим Савельев,+7 (976) 651-38-81,user103901@example.ru,Санкт-Петербург,13.05.2026
c105341,Анна Мешков,+7 (942) 141-61-00,user105341@example.ru,Москва,26.03.2024
c106199,Вера Панин,+7 (955) 928-73-71,user106199@example.ru,Москва,12.06.2026
c103220,Артур Савельев,+7 (953) 863-20-22,user103220@example.ru,Москва,10.05.2024
c106104,Максим Осипова,+7 (916) 862-92-28,user106104@example.ru,Казань,27.02.2026
c104829,Ольга Тихонова,+7 (987) 886-81-31,user104829@example.ru,Санкт-Петербург,07.11.2024
c102165,Алиса Ковальчук,+7 (967) 322-79-27,user102165@example.ru,Санкт-Петербург,08.03.2024
c104192,Глеб Ермаков,+7 (977) 289-71-46,user104192@example.ru,Екатеринбург,17.12.2025
c103156,Алиса Зуева,+7 (922) 235-63-42,user103156@example.ru,Красноярск,09.08.2025
c103321,Мария Зуева,+7 (971) 450-71-39,user103321@example.ru,Санкт-Петербург,07.04.2024
c102357,Наталья Савельев,+7 (966) 525-61-83,user102357@example.ru,Санкт-Петербург,27.08.2024
c103362,Роман Гордеев,+7 (933) 720-37-91,user103362@example.ru,Новосибирск,18.09.2024
c106254,Павел Зуева,+7 (917) 686-11-27,user106254@example.ru,Новосибирск,12.08.2024
c104425,Алиса Гордеев,+7 (939) 311-35-98,user104425@example.ru,Екатеринбург,25.08.2025
c103000,Вера Тихонова,+7 (950) 367-75-61,user103000@example.ru,Новосибирск,27.01.2025
c100135,Артур Лаптев,+7 (965) 748-03-64,user100135@example.ru,Красноярск,17.03.2026
c103079,Кирилл Сорокина,+7 (940) 153-47-96,user103079@example.ru,Санкт-Петербург,20.08.2025
c105407,Тимур Осипова,+7 (951) 818-52-08,user105407@example.ru,Москва,04.03.2024
c105196,Роман Осипова,+7 (989) 907-50-89,user105196@example.ru,Казань,12.03.2024
c102421,Ольга Гордеев,+7 (941) 513-94-97,user102421@example.ru,Санкт-Петербург,12.04.2026
c103775,Артур Зуева,+7 (917) 414-55-83,user103775@example.ru,Новосибирск,09.11.2025
c105680,Лидия Савельев,+7 (965) 589-19-15,user105680@example.ru,Санкт-Петербург,08.06.2025
c101519,Елена Шилова,+7 (996) 040-76-61,user101519@example.ru,Санкт-Петербург,03.06.2025
c101664,Кирилл Зуева,+7 (911) 416-02-57,user101664@example.ru,Санкт-Петербург,04.03.2025
c103217,Глеб Мешков,+7 (953) 897-41-86,user103217@example.ru,Казань,21.06.2024
c106442,Ольга Тихонова,+7 (947) 343-86-49,user106442@example.ru,Новосибирск,02.03.2025
c101565,Артур Осипова,+7 (940) 401-51-93,user101565@example.ru,Казань,27.04.2024
c106712,Вера Белых,+7 (922) 929-04-66,user106712@example.ru,Екатеринбург,08.08.2024
c102809,Алиса Мешков,+7 (961) 039-86-20,user102809@example.ru,Санкт-Петербург,17.06.2025
c104863,Юлия Гордеев,+7 (993) 098-80-30,user104863@example.ru,Казань,26.04.2025
c103677,Наталья Мешков,+7 (930) 916-29-30,user103677@example.ru,Казань,27.06.2024
c101265,Полина Белых,+7 (953) 912-12-64,user101265@example.ru,Санкт-Петербург,27.03.2026
c102233,Алиса Панин,+7 (941) 796-34-10,user102233@example.ru,Екатеринбург,20.11.2025
c103570,Максим Савельев,+7 (945) 666-72-94,user103570@example.ru,Москва,08.08.2024
c100066,Мария Нестеров,+7 (958) 074-78-80,user100066@example.ru,Москва,07.12.2025
c103828,Игорь Панин,+7 (930) 654-46-99,user103828@example.ru,Санкт-Петербург,06.01.2026
c102468,Роман Панин,+7 (988) 905-83-86,user102468@example.ru,Санкт-Петербург,13.07.2025
c104162,Павел Мешков,+7 (929) 832-74-71,user104162@example.ru,Казань,30.09.2024
c103527,Вера Белых,+7 (957) 288-16-94,user103527@example.ru,Казань,07.02.2024
c105064,Наталья Савельев,+7 (946) 062-70-08,user105064@example.ru,Новосибирск,22.05.2025
c105762,Егор Крылов,+7 (931) 778-48-48,user105762@example.ru,Екатеринбург,08.06.2024
c101948,Наталья Тихонова,+7 (999) 790-91-48,user101948@example.ru,Москва,23.10.2024
c105900,Тимур Ермаков,+7 (954) 561-01-91,user105900@example.ru,Казань,16.07.2025
c101592,Лидия Юдина,+7 (974) 667-87-76,user101592@example.ru,Красноярск,06.12.2024
c104376,Ольга Осипова,+7 (963) 462-30-97,user104376@example.ru,Москва,13.10.2025
c102661,Артур Белых,+7 (984) 192-26-69,user102661@example.ru,Екатеринбург,16.05.2025
c106293,Вера Панин,+7 (992) 477-61-88,user106293@example.ru,Казань,12.05.2025
c104249,Максим Лаптев,+7 (969) 610-01-27,user104249@example.ru,Новосибирск,17.02.2024
c103500,Тимур Мешков,+7 (961) 596-96-15,user103500@example.ru,Екатеринбург,15.04.2026
c106295,Максим Зуева,+7 (974) 356-82-82,user106295@example.ru,Новосибирск,13.05.2026
c103739,Роман Савельев,+7 (947) 276-47-81,user103739@example.ru,Москва,05.03.2025
c101714,Глеб Нестеров,+7 (947) 164-68-27,user101714@example.ru,Санкт-Петербург,20.08.2024
c104240,Наталья Нестеров,+7 (984) 642-82-61,user104240@example.ru,Красноярск,27.05.2024
c101871,Лидия Зуева,+7 (964) 863-74-98,user101871@example.ru,Москва,15.02.2026
c100969,Кирилл Сорокина,+7 (913) 167-24-03,user100969@example.ru,Казань,18.06.2024
c103454,Лидия Нестеров,+7 (944) 028-20-21,user103454@example.ru,Екатеринбург,16.10.2024
c101961,Наталья Юдина,+7 (942) 510-73-47,user101961@example.ru,Москва,30.06.2026
c101307,Ольга Нестеров,+7 (969) 269-52-53,user101307@example.ru,Екатеринбург,12.11.2025
c103844,Кирилл Ковальчук,+7 (940) 574-11-99,user103844@example.ru,Екатеринбург,13.08.2024
c103563,Мария Лаптев,+7 (997) 245-14-47,user103563@example.ru,Екатеринбург,02.03.2025
c106570,Денис Сорокина,+7 (952) 613-68-00,user106570@example.ru,Казань,08.04.2025
c102420,Кирилл Сорокина,+7 (924) 300-55-89,user102420@example.ru,Москва,19.02.2025
c105637,Алиса Юдина,+7 (984) 151-15-80,user105637@example.ru,Екатеринбург,24.09.2025
c105232,Артур Юдина,+7 (984) 334-54-66,user105232@example.ru,Красноярск,15.07.2024
c100584,Мария Панин,+7 (999) 252-17-65,user100584@example.ru,Екатеринбург,27.01.2025
c106835,Тимур Лаптев,+7 (986) 944-01-95,user106835@example.ru,Новосибирск,09.06.2025
c100200,Лидия Тихонова,+7 (993) 618-76-59,user100200@example.ru,Новосибирск,14.01.2025
c105379,Денис Мешков,+7 (971) 416-27-53,user105379@example.ru,Москва,25.07.2024
c103656,Анна Белых,+7 (923) 691-67-80,user103656@example.ru,Новосибирск,21.03.2025
c100704,Тимур Тихонова,+7 (968) 460-25-74,user100704@example.ru,Казань,23.06.2025
c104893,Игорь Ковальчук,+7 (946) 504-31-99,user104893@example.ru,Санкт-Петербург,08.10.2024
c105369,Ольга Лаптев,+7 (957) 262-94-68,user105369@example.ru,Москва,19.12.2024
c104050,Кирилл Крылов,+7 (982) 719-11-91,user104050@example.ru,Москва,21.05.2025
c100770,Игорь Ковальчук,+7 (913) 353-59-79,user100770@example.ru,Екатеринбург,10.03.2025
c101675,Мария Ермаков,+7 (927) 151-81-49,user101675@example.ru,Казань,31.12.2025
c104683,Тимур Тихонова,+7 (926) 790-98-20,user104683@example.ru,Казань,06.04.2024
c104436,Мария Панин,+7 (993) 786-53-17,user104436@example.ru,Санкт-Петербург,07.10.2024
c101205,Тимур Гордеев,+7 (974) 675-44-92,user101205@example.ru,Санкт-Петербург,28.06.2026
c103460,Артур Ермаков,+7 (983) 849-84-91,user103460@example.ru,Новосибирск,22.01.2025
c102838,Тимур Сорокина,+7 (997) 499-78-26,user102838@example.ru,Казань,13.03.2025
c104086,Игорь Ковальчук,+7 (942) 300-38-37,user104086@example.ru,Казань,14.03.2025
c101035,Игорь Белых,+7 (955) 102-78-51,user101035@example.ru,Красноярск,15.02.2026
c106601,Максим Шилова,+7 (960) 741-21-40,user106601@example.ru,Санкт-Петербург,20.02.2025
c106803,Павел Крылов,+7 (918) 500-87-42,user106803@example.ru,Новосибирск,06.01.2026
c102440,Алиса Осипова,+7 (935) 688-06-14,user102440@example.ru,Новосибирск,25.11.2024
c104173,Алиса Лаптев,+7 (937) 979-90-34,user104173@example.ru,Санкт-Петербург,07.05.2025
c106205,Егор Лаптев,+7 (938) 424-46-98,user106205@example.ru,Москва,31.01.2025
c101146,Кирилл Савельев,+7 (916) 463-51-50,user101146@example.ru,Санкт-Петербург,12.09.2025
c104199,Лидия Гордеев,+7 (967) 979-65-29,user104199@example.ru,Москва,08.05.2026
c102823,Полина Осипова,+7 (997) 628-39-74,user102823@example.ru,Красноярск,09.10.2024
c102491,Павел Ковальчук,+7 (950) 189-79-54,user102491@example.ru,Москва,11.09.2025
c106837,Игорь Зуева,+7 (994) 123-82-91,user106837@example.ru,Екатеринбург,27.09.2025
c106787,Денис Мешков,+7 (947) 017-11-41,user106787@example.ru,Новосибирск,24.05.2024
c100625,Алиса Ковальчук,+7 (937) 718-68-14,user100625@example.ru,Красноярск,04.02.2026
c105664,Артур Осипова,+7 (915) 777-38-63,user105664@example.ru,Санкт-Петербург,11.01.2026
c102765,Игорь Нестеров,+7 (971) 889-38-95,user102765@example.ru,Санкт-Петербург,04.06.2025
c100752,Юлия Ермаков,+7 (920) 033-86-10,user100752@example.ru,Москва,08.03.2026
c104078,Кирилл Ковальчук,+7 (930) 792-94-51,user104078@example.ru,Казань,30.10.2025
c100995,Тимур Сорокина,+7 (946) 786-35-38,user100995@example.ru,Санкт-Петербург,19.07.2025
c105526,Тимур Лаптев,+7 (994) 977-57-32,user105526@example.ru,Санкт-Петербург,12.02.2026
c104076,Павел Сорокина,+7 (914) 283-86-82,user104076@example.ru,Екатеринбург,05.02.2025
c101956,Денис Тихонова,+7 (971) 307-14-24,user101956@example.ru,Москва,26.10.2025
c100742,Юлия Сорокина,+7 (995) 459-22-75,user100742@example.ru,Москва,14.08.2024
c105209,Артур Белых,+7 (980) 051-17-39,user105209@example.ru,Москва,27.09.2025
c105724,Наталья Шилова,+7 (982) 225-97-02,user105724@example.ru,Красноярск,23.03.2024
c101752,Вера Гордеев,+7 (932) 803-99-52,user101752@example.ru,Новосибирск,09.02.2025
c103458,Лидия Крылов,+7 (938) 787-61-70,user103458@example.ru,Новосибирск,06.04.2026
c103233,Глеб Белых,+7 (960) 767-04-22,user103233@example.ru,Красноярск,24.05.2026
c102856,Денис Зуева,+7 (923) 179-61-97,user102856@example.ru,Москва,21.06.2025
c102356,Алиса Гордеев,+7 (945) 921-85-04,user102356@example.ru,Санкт-Петербург,16.05.2025
c101946,Лидия Гордеев,+7 (950) 683-05-45,user101946@example.ru,Казань,12.11.2025
c101509,Наталья Панин,+7 (952) 642-88-29,user101509@example.ru,Екатеринбург,06.09.2024
c103507,Ольга Панин,+7 (981) 343-05-35,user103507@example.ru,Новосибирск,25.05.2024
c100260,Алиса Крылов,+7 (985) 420-51-91,user100260@example.ru,Санкт-Петербург,05.11.2025
c103536,Вера Гордеев,+7 (954) 848-11-28,user103536@example.ru,Новосибирск,26.03.2025
c103705,Глеб Тихонова,+7 (995) 385-26-01,user103705@example.ru,Екатеринбург,14.09.2025
c103483,Анна Панин,+7 (944) 819-82-36,user103483@example.ru,Екатеринбург,25.04.2025
c104881,Алиса Белых,+7 (955) 171-36-88,user104881@example.ru,Казань,07.01.2026
c103265,Елена Шилова,+7 (990) 013-61-81,user103265@example.ru,Новосибирск,08.03.2025
c106640,Елена Белых,+7 (955) 624-52-87,user106640@example.ru,Екатеринбург,08.04.2026
c104701,Елена Лаптев,+7 (974) 127-09-49,user104701@example.ru,Екатеринбург,20.10.2024
c101483,Полина Шилова,+7 (917) 866-30-42,user101483@example.ru,Новосибирск,10.05.2025
c101397,Анна Ковальчук,+7 (966) 993-50-18,user101397@example.ru,Москва,19.08.2025
c105725,Анна Юдина,+7 (914) 447-45-80,user105725@example.ru,Казань,27.11.2025
c104768,Полина Сорокина,+7 (992) 189-90-01,user104768@example.ru,Екатеринбург,06.04.2025
c103752,Игорь Гордеев,+7 (975) 043-31-73,user103752@example.ru,Новосибирск,26.06.2024
c103386,Павел Сорокина,+7 (958) 044-47-40,user103386@example.ru,Екатеринбург,31.05.2025
c105520,Вера Ермаков,+7 (942) 968-21-55,user105520@example.ru,Новосибирск,13.02.2026
c103539,Елена Белых,+7 (967) 833-44-43,user103539@example.ru,Москва,20.12.2025
c102525,Егор Шилова,+7 (914) 641-23-17,user102525@example.ru,Красноярск,10.11.2024
c105746,Глеб Шилова,+7 (913) 267-31-08,user105746@example.ru,Новосибирск,16.07.2025
c105368,Артур Ермаков,+7 (943) 811-61-32,user105368@example.ru,Санкт-Петербург,11.07.2024
c100017,Максим Мешков,+7 (950) 435-22-57,user100017@example.ru,Екатеринбург,14.06.2025
c103707,Глеб Белых,+7 (913) 920-79-16,user103707@example.ru,Москва,12.04.2024
c103853,Роман Юдина,+7 (918) 796-36-27,user103853@example.ru,Новосибирск,19.09.2025
c101203,Роман Крылов,+7 (973) 972-72-69,user101203@example.ru,Новосибирск,11.01.2026
c102502,Мария Юдина,+7 (963) 472-72-03,user102502@example.ru,Санкт-Петербург,19.05.2025
c105934,Вера Осипова,+7 (961) 964-80-84,user105934@example.ru,Красноярск,18.05.2025
c104261,Роман Нестеров,+7 (917) 425-27-62,user104261@example.ru,Санкт-Петербург,30.07.2025
c106464,Вера Нестеров,+7 (935) 896-32-38,user106464@example.ru,Екатеринбург,15.08.2024
c100895,Анна Лаптев,+7 (985) 676-62-10,user100895@example.ru,Москва,10.11.2025
c100403,Тимур Крылов,+7 (928) 344-71-54,user100403@example.ru,Казань,28.06.2026
c102878,Тимур Тихонова,+7 (977) 592-37-81,user102878@example.ru,Казань,18.11.2024
c103871,Глеб Юдина,+7 (957) 899-66-05,user103871@example.ru,Санкт-Петербург,28.04.2025
c102207,Полина Тихонова,+7 (943) 479-44-68,user102207@example.ru,Санкт-Петербург,15.05.2024
c100508,Лидия Нестеров,+7 (913) 869-71-50,user100508@example.ru,Санкт-Петербург,23.08.2024
c100401,Ольга Гордеев,+7 (918) 848-34-98,user100401@example.ru,Москва,22.10.2025
c102198,Кирилл Сорокина,+7 (927) 317-88-62,user102198@example.ru,Казань,30.10.2024
c104895,Глеб Ермаков,+7 (974) 742-23-84,user104895@example.ru,Екатеринбург,19.04.2025
c102936,Ольга Крылов,+7 (947) 214-63-50,user102936@example.ru,Москва,16.01.2026
c104290,Елена Нестеров,+7 (946) 703-48-78,user104290@example.ru,Санкт-Петербург,02.08.2024
c104806,Егор Осипова,+7 (967) 403-92-16,user104806@example.ru,Красноярск,03.06.2025
c104510,Игорь Шилова,+7 (965) 805-84-00,user104510@example.ru,Казань,03.07.2025
c105844,Наталья Сорокина,+7 (983) 025-19-13,user105844@example.ru,Санкт-Петербург,16.11.2024
c100335,Анна Юдина,+7 (927) 368-00-16,user100335@example.ru,Санкт-Петербург,23.04.2024
c106828,Анна Ермаков,+7 (958) 218-56-82,user106828@example.ru,Казань,27.09.2024
c103029,Вера Зуева,+7 (967) 948-56-80,user103029@example.ru,Новосибирск,03.09.2025
c106331,Анна Тихонова,+7 (969) 517-12-06,user106331@example.ru,Казань,30.07.2024
c102700,Полина Шилова,+7 (954) 712-78-62,user102700@example.ru,Москва,13.12.2024
c102064,Юлия Лаптев,+7 (982) 463-83-99,user102064@example.ru,Казань,29.01.2025
c104263,Полина Мешков,+7 (940) 298-44-05,user104263@example.ru,Казань,26.04.2025
c104296,Алиса Крылов,+7 (931) 054-67-34,user104296@example.ru,Екатеринбург,29.06.2024
c106651,Полина Шилова,+7 (935) 294-90-26,user106651@example.ru,Красноярск,16.02.2025
c103104,Елена Тихонова,+7 (910) 471-88-60,user103104@example.ru,Москва,15.10.2024
c104455,Полина Белых,+7 (912) 342-70-47,user104455@example.ru,Санкт-Петербург,03.04.2024
c101606,Елена Ермаков,+7 (947) 168-21-33,user101606@example.ru,Санкт-Петербург,22.08.2025
c103037,Елена Осипова,+7 (995) 361-24-19,user103037@example.ru,Москва,01.11.2024
c104286,Егор Савельев,+7 (989) 742-34-88,user104286@example.ru,Санкт-Петербург,07.09.2025
c102666,Роман Панин,+7 (981) 297-74-36,user102666@example.ru,Красноярск,06.01.2025
c103920,Павел Юдина,+7 (933) 590-89-71,user103920@example.ru,Новосибирск,27.12.2025
c103621,Анна Гордеев,+7 (978) 920-25-49,user103621@example.ru,Екатеринбург,29.10.2025
c101095,Кирилл Юдина,+7 (918) 360-66-64,user101095@example.ru,Красноярск,24.05.2026
c101574,Вера Крылов,+7 (932) 884-47-61,user101574@example.ru,Екатеринбург,14.07.2024
c102270,Анна Сорокина,+7 (936) 874-33-70,user102270@example.ru,Красноярск,18.11.2024
c101740,Тимур Шилова,+7 (995) 099-42-52,user101740@example.ru,Красноярск,01.05.2026
c101359,Максим Крылов,+7 (994) 634-98-91,user101359@example.ru,Красноярск,22.01.2026
c100082,Егор Панин,+7 (971) 708-24-72,user100082@example.ru,Санкт-Петербург,10.02.2025
c100236,Алиса Гордеев,+7 (970) 191-47-47,user100236@example.ru,Москва,15.11.2024
c104728,Наталья Нестеров,+7 (938) 975-75-64,user104728@example.ru,Санкт-Петербург,24.09.2024
c103636,Юлия Шилова,+7 (926) 729-31-29,user103636@example.ru,Санкт-Петербург,24.12.2024
c105987,Юлия Шилова,+7 (940) 104-70-16,user105987@example.ru,Красноярск,16.12.2024
c104917,Полина Лаптев,+7 (959) 486-37-52,user104917@example.ru,Екатеринбург,27.09.2025
c106420,Максим Нестеров,+7 (952) 722-16-50,user106420@example.ru,Москва,08.06.2025
c102472,Артур Савельев,+7 (992) 161-12-71,user102472@example.ru,Новосибирск,26.10.2024
c105790,Глеб Осипова,+7 (999) 317-78-62,user105790@example.ru,Казань,31.05.2026
c102156,Кирилл Зуева,+7 (924) 673-66-83,user102156@example.ru,Казань,27.11.2025
c101600,Максим Сорокина,+7 (925) 981-45-16,user101600@example.ru,Красноярск,15.02.2026
c100976,Лидия Крылов,+7 (996) 925-44-29,user100976@example.ru,Казань,03.05.2026
c106062,Артур Осипова,+7 (927) 398-32-79,user106062@example.ru,Екатеринбург,06.03.2026
c103849,Игорь Ковальчук,+7 (991) 058-53-14,user103849@example.ru,Казань,07.05.2026
c103269,Артур Тихонова,+7 (946) 233-54-48,user103269@example.ru,Красноярск,04.07.2025
c100071,Тимур Сорокина,+7 (931) 088-86-79,user100071@example.ru,Казань,23.12.2025
c103152,Роман Нестеров,+7 (996) 923-03-73,user103152@example.ru,Казань,13.01.2025
c105586,Артур Ковальчук,+7 (989) 163-52-39,user105586@example.ru,Казань,24.05.2025
c105922,Ольга Сорокина,+7 (925) 423-56-00,user105922@example.ru,Красноярск,13.09.2024
c101640,Алиса Белых,+7 (943) 848-03-80,user101640@example.ru,Новосибирск,29.12.2025
c100960,Артур Белых,+7 (919) 623-71-24,user100960@example.ru,Казань,27.07.2025
c101449,Елена Шилова,+7 (976) 622-71-86,user101449@example.ru,Екатеринбург,29.05.2024
c106897,Вера Крылов,+7 (930) 243-95-11,user106897@example.ru,Екатеринбург,19.09.2024
c101815,Наталья Белых,+7 (921) 303-23-44,user101815@example.ru,Москва,12.08.2024
c100593,Вера Белых,+7 (980) 591-35-10,user100593@example.ru,Москва,18.05.2025
c101792,Анна Юдина,+7 (940) 374-21-52,user101792@example.ru,Красноярск,17.06.2024
c104155,Павел Ермаков,+7 (988) 312-97-74,user104155@example.ru,Новосибирск,01.04.2024
c105452,Алиса Осипова,+7 (937) 985-49-07,user105452@example.ru,Екатеринбург,25.02.2026
c105522,Ольга Мешков,+7 (912) 818-90-08,user105522@example.ru,Новосибирск,09.02.2025
c101469,Глеб Панин,+7 (966) 057-40-87,user101469@example.ru,Новосибирск,19.11.2024
c106287,Алиса Осипова,+7 (957) 084-08-09,user106287@example.ru,Екатеринбург,16.03.2025
c103425,Юлия Шилова,+7 (968) 338-08-73,user103425@example.ru,Екатеринбург,21.03.2026
c101308,Денис Шилова,+7 (912) 749-71-20,user101308@example.ru,Санкт-Петербург,30.11.2025
c105984,Игорь Мешков,+7 (968) 906-95-56,user105984@example.ru,Санкт-Петербург,21.11.2025
c104883,Игорь Мешков,+7 (983) 692-79-97,user104883@example.ru,Москва,25.06.2025
c101126,Глеб Юдина,+7 (970) 620-91-06,user101126@example.ru,Красноярск,17.02.2025
c105029,Игорь Сорокина,+7 (939) 812-11-55,user105029@example.ru,Казань,21.12.2025
c103268,Артур Нестеров,+7 (968) 156-98-91,user103268@example.ru,Красноярск,16.09.2025
c105506,Денис Белых,+7 (927) 584-36-21,user105506@example.ru,Екатеринбург,13.08.2024
c105730,Ольга Лаптев,+7 (917) 673-55-54,user105730@example.ru,Москва,12.02.2024
c102276,Максим Белых,+7 (965) 669-35-96,user102276@example.ru,Санкт-Петербург,15.04.2026
c105168,Вера Шилова,+7 (994) 868-70-98,user105168@example.ru,Санкт-Петербург,05.05.2024
c101243,Анна Юдина,+7 (977) 171-26-99,user101243@example.ru,Новосибирск,21.11.2024
c100922,Глеб Гордеев,+7 (938) 855-49-85,user100922@example.ru,Санкт-Петербург,18.11.2025
c106791,Роман Белых,+7 (923) 165-91-88,user106791@example.ru,Москва,06.06.2025
c101924,Артур Шилова,+7 (988) 785-23-36,user101924@example.ru,Красноярск,15.02.2025
c100075,Анна Осипова,+7 (972) 161-97-60,user100075@example.ru,Казань,15.04.2026
c104586,Полина Тихонова,+7 (981) 265-82-85,user104586@example.ru,Москва,15.02.2026
c102111,Артур Шилова,+7 (911) 675-88-08,user102111@example.ru,Москва,02.11.2024
c105954,Денис Гордеев,+7 (997) 122-40-27,user105954@example.ru,Екатеринбург,18.01.2025
c105034,Денис Шилова,+7 (996) 451-02-10,user105034@example.ru,Новосибирск,04.03.2024
c106210,Павел Юдина,+7 (927) 964-18-74,user106210@example.ru,Красноярск,07.12.2024
c104065,Мария Гордеев,+7 (951) 527-34-31,user104065@example.ru,Красноярск,10.04.2024
c104694,Анна Мешков,+7 (914) 281-68-04,user104694@example.ru,Новосибирск,18.07.2025
c106311,Павел Ковальчук,+7 (985) 826-20-08,user106311@example.ru,Москва,30.04.2026
c100612,Егор Гордеев,+7 (994) 812-76-15,user100612@example.ru,Екатеринбург,24.09.2024
c103641,Денис Зуева,+7 (950) 441-63-95,user103641@example.ru,Красноярск,02.06.2024
c103755,Денис Ковальчук,+7 (935) 003-76-28,user103755@example.ru,Санкт-Петербург,17.09.2025
c103481,Егор Ковальчук,+7 (930) 148-46-23,user103481@example.ru,Москва,04.12.2025
c102742,Лидия Лаптев,+7 (983) 023-75-07,user102742@example.ru,Красноярск,09.08.2025
c103781,Лидия Крылов,+7 (997) 188-07-64,user103781@example.ru,Екатеринбург,23.03.2026
c101698,Вера Панин,+7 (952) 260-22-71,user101698@example.ru,Красноярск,10.02.2026
c101649,Кирилл Зуева,+7 (945) 534-32-92,user101649@example.ru,Новосибирск,25.05.2025
c101275,Полина Крылов,+7 (940) 120-80-37,user101275@example.ru,Новосибирск,28.01.2025
c106075,Алиса Нестеров,+7 (976) 839-51-20,user106075@example.ru,Москва,24.04.2025
c101495,Кирилл Сорокина,+7 (961) 060-29-90,user101495@example.ru,Красноярск,31.03.2026
c102724,Кирилл Юдина,+7 (961) 013-37-19,user102724@example.ru,Санкт-Петербург,09.01.2025
c106873,Лидия Панин,+7 (981) 747-13-22,user106873@example.ru,Новосибирск,06.06.2024
c102135,Егор Гордеев,+7 (952) 803-15-86,user102135@example.ru,Казань,13.01.2024
c102479,Павел Ковальчук,+7 (978) 644-93-62,user102479@example.ru,Москва,07.04.2025
c105014,Юлия Савельев,+7 (961) 953-41-81,user105014@example.ru,Екатеринбург,05.02.2026
c105639,Юлия Ермаков,+7 (958) 220-02-23,user105639@example.ru,Екатеринбург,25.03.2024
c104504,Павел Ковальчук,+7 (954) 316-58-98,user104504@example.ru,Красноярск,05.08.2025
c104910,Павел Шилова,+7 (966) 185-06-38,user104910@example.ru,Красноярск,21.03.2026
c103127,Анна Зуева,+7 (949) 942-78-81,user103127@example.ru,Казань,08.02.2024
c104513,Наталья Юдина,+7 (952) 001-24-75,user104513@example.ru,Москва,28.01.2026
c100524,Игорь Шилова,+7 (994) 959-82-47,user100524@example.ru,Казань,22.01.2026
c102639,Глеб Зуева,+7 (959) 863-70-98,user102639@example.ru,Екатеринбург,02.08.2024
c102126,Лидия Тихонова,+7 (956) 892-91-69,user102126@example.ru,Москва,07.06.2026
c106452,Полина Нестеров,+7 (951) 562-81-07,user106452@example.ru,Новосибирск,28.02.2026
c100327,Денис Осипова,+7 (951) 078-32-23,user100327@example.ru,Москва,29.01.2024
c105974,Юлия Осипова,+7 (911) 932-14-70,user105974@example.ru,Красноярск,08.03.2026
c105096,Лидия Ковальчук,+7 (912) 761-16-72,user105096@example.ru,Красноярск,10.09.2025
c104143,Наталья Панин,+7 (972) 406-33-86,user104143@example.ru,Новосибирск,28.02.2026
c100966,Мария Белых,+7 (946) 676-14-28,user100966@example.ru,Москва,20.06.2024
c101538,Роман Панин,+7 (994) 681-65-93,user101538@example.ru,Екатеринбург,14.03.2024
c103050,Павел Ермаков,+7 (994) 619-89-11,user103050@example.ru,Казань,07.10.2024
c103017,Юлия Ковальчук,+7 (930) 809-23-03,user103017@example.ru,Новосибирск,09.03.2024
c100792,Лидия Нестеров,+7 (961) 070-81-10,user100792@example.ru,Красноярск,30.01.2024
c104706,Игорь Шилова,+7 (979) 857-79-89,user104706@example.ru,Красноярск,13.01.2024
c101749,Елена Крылов,+7 (936) 913-98-26,user101749@example.ru,Красноярск,14.10.2024
c103461,Тимур Ермаков,+7 (947) 258-06-68,user103461@example.ru,Красноярск,02.11.2024
c101039,Максим Юдина,+7 (994) 201-58-93,user101039@example.ru,Новосибирск,06.04.2025
c104009,Денис Зуева,+7 (924) 974-08-39,user104009@example.ru,Красноярск,07.12.2025
c101645,Полина Белых,+7 (910) 172-20-79,user101645@example.ru,Москва,09.05.2024
c103953,Глеб Ковальчук,+7 (947) 069-35-21,user103953@example.ru,Санкт-Петербург,06.02.2025
c102144,Елена Панин,+7 (945) 339-73-52,user102144@example.ru,Красноярск,06.10.2025
c104814,Мария Юдина,+7 (919) 723-52-88,user104814@example.ru,Красноярск,06.04.2025
c101603,Глеб Мешков,+7 (957) 443-80-80,user101603@example.ru,Казань,19.02.2024
c102425,Артур Осипова,+7 (939) 560-46-88,user102425@example.ru,Новосибирск,25.09.2025
c106687,Алиса Белых,+7 (946) 545-43-69,user106687@example.ru,Новосибирск,27.03.2025
c101295,Наталья Нестеров,+7 (973) 568-62-18,user101295@example.ru,Москва,12.10.2025
c105214,Максим Савельев,+7 (939) 797-96-61,user105214@example.ru,Екатеринбург,09.04.2025
c106430,Ольга Панин,+7 (945) 066-97-30,user106430@example.ru,Москва,25.01.2024
c102401,Лидия Нестеров,+7 (963) 380-37-35,user102401@example.ru,Санкт-Петербург,28.07.2025
c100348,Полина Ковальчук,+7 (930) 241-85-91,user100348@example.ru,Екатеринбург,21.02.2025
c103933,Артур Тихонова,+7 (958) 670-46-55,user103933@example.ru,Екатеринбург,18.09.2024
c106736,Кирилл Лаптев,+7 (926) 021-96-16,user106736@example.ru,Екатеринбург,27.04.2024
c104503,Павел Зуева,+7 (929) 915-81-11,user104503@example.ru,Санкт-Петербург,10.08.2025
c103032,Вера Лаптев,+7 (925) 532-00-45,user103032@example.ru,Казань,02.04.2025
c101222,Игорь Мешков,+7 (958) 555-96-51,user101222@example.ru,Санкт-Петербург,30.03.2026
c103013,Максим Савельев,+7 (949) 534-34-48,user103013@example.ru,Красноярск,15.06.2024
c101323,Тимур Нестеров,+7 (958) 163-86-70,user101323@example.ru,Санкт-Петербург,21.05.2025
c104068,Денис Савельев,+7 (995) 057-49-60,user104068@example.ru,Москва,09.09.2024
c106317,Глеб Юдина,+7 (952) 431-53-40,user106317@example.ru,Екатеринбург,08.03.2024
c102412,Егор Гордеев,+7 (946) 289-75-82,user102412@example.ru,Новосибирск,28.06.2026
c103751,Анна Зуева,+7 (920) 780-75-82,user103751@example.ru,Новосибирск,06.06.2024
c106403,Павел Крылов,+7 (960) 148-23-94,user106403@example.ru,Красноярск,10.09.2025
c106007,Роман Тихонова,+7 (974) 898-67-98,user106007@example.ru,Санкт-Петербург,23.11.2024
c106816,Полина Панин,+7 (981) 359-92-90,user106816@example.ru,Санкт-Петербург,21.10.2024
c103455,Тимур Шилова,+7 (913) 663-42-73,user103455@example.ru,Москва,09.06.2024
c105662,Глеб Зуева,+7 (930) 898-48-33,user105662@example.ru,Москва,25.10.2025
c106899,Кирилл Нестеров,+7 (985) 701-36-39,user106899@example.ru,Екатеринбург,26.12.2024
c102852,Алиса Зуева,+7 (914) 849-11-57,user102852@example.ru,Казань,08.07.2024
c102693,Мария Ермаков,+7 (910) 954-79-54,user102693@example.ru,Казань,12.07.2024
c106865,Анна Лаптев,+7 (957) 076-11-14,user106865@example.ru,Екатеринбург,02.07.2025
c105612,Наталья Ермаков,+7 (950) 140-87-82,user105612@example.ru,Москва,13.08.2025
c106305,Максим Крылов,+7 (954) 572-99-18,user106305@example.ru,Москва,12.02.2024
c104934,Вера Савельев,+7 (917) 307-45-67,user104934@example.ru,Красноярск,11.05.2025
c100216,Игорь Гордеев,+7 (973) 313-46-06,user100216@example.ru,Новосибирск,12.05.2025
c101487,Роман Осипова,+7 (954) 365-34-07,user101487@example.ru,Москва,19.02.2024
c105669,Ольга Мешков,+7 (939) 452-78-14,user105669@example.ru,Санкт-Петербург,23.09.2024
c100470,Ольга Белых,+7 (986) 983-84-15,user100470@example.ru,Новосибирск,13.11.2025
c100652,Игорь Ковальчук,+7 (939) 682-64-93,user100652@example.ru,Санкт-Петербург,21.07.2024
c104231,Павел Крылов,+7 (964) 811-17-65,user104231@example.ru,Екатеринбург,09.02.2026
c100789,Анна Гордеев,+7 (963) 759-71-69,user100789@example.ru,Красноярск,09.08.2024
c100754,Денис Ермаков,+7 (939) 005-65-41,user100754@example.ru,Москва,06.09.2025
c105806,Глеб Ермаков,+7 (935) 139-59-24,user105806@example.ru,Казань,30.07.2024
c103776,Полина Юдина,+7 (961) 916-17-50,user103776@example.ru,Казань,12.04.2026
c106609,Тимур Шилова,+7 (919) 024-45-77,user106609@example.ru,Новосибирск,30.05.2026
c103475,Денис Лаптев,+7 (981) 924-36-42,user103475@example.ru,Новосибирск,09.09.2025
c103730,Елена Панин,+7 (930) 092-51-59,user103730@example.ru,Санкт-Петербург,02.10.2025
c101901,Глеб Панин,+7 (954) 187-18-70,user101901@example.ru,Москва,03.02.2026
c103126,Тимур Зуева,+7 (980) 123-69-02,user103126@example.ru,Красноярск,21.02.2024
c102652,Елена Ковальчук,+7 (972) 570-16-47,user102652@example.ru,Казань,02.07.2025
c106626,Анна Осипова,+7 (942) 270-35-23,user106626@example.ru,Красноярск,07.06.2024
c103035,Кирилл Мешков,+7 (953) 090-47-10,user103035@example.ru,Новосибирск,22.02.2026
c103446,Роман Ковальчук,+7 (995) 373-00-88,user103446@example.ru,Казань,20.07.2024
c102983,Игорь Савельев,+7 (977) 695-98-32,user102983@example.ru,Екатеринбург,20.11.2024
c100471,Павел Нестеров,+7 (934) 972-15-51,user100471@example.ru,Красноярск,23.02.2026
c106323,Елена Гордеев,+7 (944) 183-37-43,user106323@example.ru,Санкт-Петербург,25.01.2024
c105668,Алиса Савельев,+7 (922) 825-06-78,user105668@example.ru,Казань,08.11.2024
c106304,Глеб Зуева,+7 (991) 459-30-50,user106304@example.ru,Красноярск,01.06.2026
c100918,Мария Панин,+7 (960) 785-93-91,user100918@example.ru,Москва,13.08.2024
c102711,Мария Белых,+7 (971) 258-91-49,user102711@example.ru,Москва,14.01.2026
c106654,Глеб Юдина,+7 (931) 188-42-05,user106654@example.ru,Красноярск,29.04.2025
c103541,Максим Лаптев,+7 (957) 422-51-60,user103541@example.ru,Екатеринбург,26.07.2025
c102648,Глеб Крылов,+7 (993) 594-39-41,user102648@example.ru,Санкт-Петербург,21.07.2025
c103254,Вера Мешков,+7 (957) 734-83-64,user103254@example.ru,Новосибирск,17.11.2024
c104102,Анна Юдина,+7 (954) 052-23-70,user104102@example.ru,Казань,21.04.2026
c104469,Анна Белых,+7 (992) 423-27-99,user104469@example.ru,Санкт-Петербург,19.04.2026
c105051,Вера Тихонова,+7 (945) 272-79-04,user105051@example.ru,Санкт-Петербург,24.08.2024
c103449,Вера Панин,+7 (939) 658-13-08,user103449@example.ru,Новосибирск,04.04.2024
c102872,Анна Тихонова,+7 (915) 393-46-81,user102872@example.ru,Москва,26.12.2025
c100629,Кирилл Шилова,+7 (951) 615-49-29,user100629@example.ru,Москва,19.05.2026
c106883,Юлия Белых,+7 (925) 867-57-54,user106883@example.ru,Санкт-Петербург,21.05.2026
c106867,Анна Шилова,+7 (943) 008-99-08,user106867@example.ru,Казань,26.09.2025
c106742,Кирилл Юдина,+7 (964) 765-04-77,user106742@example.ru,Екатеринбург,09.02.2025
c100163,Максим Савельев,+7 (980) 050-50-83,user100163@example.ru,Казань,05.06.2026
c105972,Игорь Ковальчук,+7 (932) 986-41-85,user105972@example.ru,Екатеринбург,24.11.2025
c102928,Павел Зуева,+7 (949) 694-99-85,user102928@example.ru,Новосибирск,11.09.2025
c105417,Артур Юдина,+7 (931) 194-27-43,user105417@example.ru,Санкт-Петербург,15.02.2024
c106182,Елена Нестеров,+7 (962) 397-90-88,user106182@example.ru,Красноярск,26.04.2026
c104638,Павел Крылов,+7 (912) 967-43-96,user104638@example.ru,Екатеринбург,13.06.2024
c103463,Тимур Гордеев,+7 (926) 115-33-75,user103463@example.ru,Екатеринбург,31.01.2024
c100605,Тимур Зуева,+7 (983) 540-43-89,user100605@example.ru,Екатеринбург,17.04.2025
c101801,Павел Шилова,+7 (936) 508-87-21,user101801@example.ru,Казань,29.05.2025
c102277,Наталья Ковальчук,+7 (980) 349-33-94,user102277@example.ru,Санкт-Петербург,06.09.2025
c104599,Глеб Ковальчук,+7 (983) 571-68-13,user104599@example.ru,Красноярск,12.10.2024
c102214,Елена Осипова,+7 (985) 466-48-79,user102214@example.ru,Красноярск,14.08.2024
c105640,Игорь Шилова,+7 (914) 905-11-94,user105640@example.ru,Красноярск,29.01.2024
c104748,Роман Мешков,+7 (947) 013-87-65,user104748@example.ru,Москва,26.07.2025
c102615,Павел Гордеев,+7 (918) 892-82-87,user102615@example.ru,Казань,31.10.2024
c104894,Игорь Нестеров,+7 (988) 615-31-62,user104894@example.ru,Красноярск,05.02.2026
c100427,Лидия Белых,+7 (943) 249-32-61,user100427@example.ru,Екатеринбург,27.06.2026
c103422,Игорь Нестеров,+7 (993) 636-95-38,user103422@example.ru,Екатеринбург,05.06.2024
c100811,Егор Панин,+7 (959) 297-67-33,user100811@example.ru,Москва,30.09.2025
c105223,Егор Ермаков,+7 (955) 591-14-24,user105223@example.ru,Москва,20.11.2024
c105046,Елена Белых,+7 (930) 827-32-88,user105046@example.ru,Москва,24.01.2026
c105414,Игорь Шилова,+7 (952) 428-80-25,user105414@example.ru,Казань,07.05.2024
c105072,Артур Шилова,+7 (979) 655-05-89,user105072@example.ru,Санкт-Петербург,25.09.2024
c102686,Вера Крылов,+7 (951) 982-09-56,user102686@example.ru,Красноярск,25.10.2025
c102719,Ольга Юдина,+7 (931) 841-03-01,user102719@example.ru,Казань,12.08.2025
c103167,Анна Панин,+7 (937) 628-72-46,user103167@example.ru,Красноярск,10.02.2026
c102312,Глеб Сорокина,+7 (922) 213-89-53,user102312@example.ru,Москва,22.09.2025
c100791,Алиса Ермаков,+7 (952) 736-46-18,user100791@example.ru,Казань,28.09.2024
c101049,Артур Тихонова,+7 (958) 765-69-58,user101049@example.ru,Красноярск,20.05.2024
c106321,Мария Зуева,+7 (919) 534-16-47,user106321@example.ru,Красноярск,18.02.2024
c103038,Елена Осипова,+7 (984) 570-26-80,user103038@example.ru,Казань,13.05.2024
c102195,Анна Тихонова,+7 (914) 791-01-46,user102195@example.ru,Новосибирск,13.06.2025
c100423,Артур Ермаков,+7 (922) 118-03-46,user100423@example.ru,Санкт-Петербург,30.12.2024
c104025,Глеб Ковальчук,+7 (943) 413-15-03,user104025@example.ru,Санкт-Петербург,16.12.2024
c101564,Вера Шилова,+7 (970) 461-80-80,user101564@example.ru,Санкт-Петербург,03.02.2026
c104158,Максим Лаптев,+7 (976) 625-13-14,user104158@example.ru,Екатеринбург,23.02.2025
c106484,Ольга Сорокина,+7 (945) 328-42-46,user106484@example.ru,Казань,17.02.2025
c103506,Денис Осипова,+7 (915) 246-83-31,user103506@example.ru,Екатеринбург,11.04.2025
c105582,Мария Тихонова,+7 (987) 636-17-77,user105582@example.ru,Казань,09.06.2024
c103836,Кирилл Нестеров,+7 (988) 139-44-51,user103836@example.ru,Санкт-Петербург,22.06.2026
c104831,Тимур Шилова,+7 (952) 504-92-01,user104831@example.ru,Красноярск,06.07.2024
c104359,Лидия Ковальчук,+7 (956) 047-07-28,user104359@example.ru,Екатеринбург,14.03.2026
c102775,Анна Гордеев,+7 (992) 513-32-59,user102775@example.ru,Казань,29.10.2024
c101145,Полина Мешков,+7 (927) 254-10-11,user101145@example.ru,Екатеринбург,16.02.2026
c103014,Вера Крылов,+7 (990) 774-46-48,user103014@example.ru,Санкт-Петербург,13.01.2024
c103034,Кирилл Нестеров,+7 (983) 671-62-12,user103034@example.ru,Екатеринбург,16.03.2025
c103080,Глеб Нестеров,+7 (960) 104-61-50,user103080@example.ru,Красноярск,12.06.2024
c100280,Тимур Сорокина,+7 (975) 550-90-41,user100280@example.ru,Москва,01.07.2025
c106557,Елена Панин,+7 (982) 048-59-01,user106557@example.ru,Казань,18.08.2025
c103401,Игорь Лаптев,+7 (957) 341-24-26,user103401@example.ru,Санкт-Петербург,02.05.2026
c102751,Игорь Крылов,+7 (914) 530-62-19,user102751@example.ru,Санкт-Петербург,12.09.2024
c105380,Денис Мешков,+7 (919) 917-54-18,user105380@example.ru,Екатеринбург,28.04.2024
c104929,Глеб Белых,+7 (962) 998-49-76,user104929@example.ru,Санкт-Петербург,30.11.2025
c104105,Тимур Ковальчук,+7 (971) 463-51-82,user104105@example.ru,Красноярск,15.01.2024
c105707,Артур Юдина,+7 (959) 638-31-63,user105707@example.ru,Красноярск,03.02.2024
c106781,Елена Гордеев,+7 (911) 380-04-48,user106781@example.ru,Новосибирск,29.03.2025
c103939,Ольга Зуева,+7 (971) 107-75-41,user103939@example.ru,Москва,01.12.2024
c103219,Максим Шилова,+7 (982) 023-29-54,user103219@example.ru,Казань,04.04.2025
c104666,Тимур Нестеров,+7 (932) 963-32-57,user104666@example.ru,Екатеринбург,13.01.2025
c103415,Вера Сорокина,+7 (947) 976-95-97,user103415@example.ru,Санкт-Петербург,25.11.2025
c103728,Кирилл Нестеров,+7 (965) 202-31-75,user103728@example.ru,Новосибирск,26.01.2025
c103300,Тимур Гордеев,+7 (960) 772-02-13,user103300@example.ru,Красноярск,28.04.2024
c103371,Анна Нестеров,+7 (914) 025-06-28,user103371@example.ru,Красноярск,25.03.2026
c101433,Глеб Осипова,+7 (986) 756-50-57,user101433@example.ru,Екатеринбург,06.07.2025
c106232,Полина Ковальчук,+7 (976) 106-21-74,user106232@example.ru,Екатеринбург,22.01.2025
c105211,Кирилл Лаптев,+7 (931) 583-81-74,user105211@example.ru,Красноярск,23.12.2024
c100113,Тимур Нестеров,+7 (974) 412-12-56,user100113@example.ru,Казань,26.05.2025
c103341,Денис Шилова,+7 (956) 505-84-87,user103341@example.ru,Казань,04.04.2024
c106860,Наталья Савельев,+7 (951) 884-96-88,user106860@example.ru,Казань,02.12.2024
c104865,Ольга Крылов,+7 (959) 946-28-00,user104865@example.ru,Казань,19.09.2024
c101819,Тимур Крылов,+7 (956) 922-69-74,user101819@example.ru,Казань,15.10.2024
c101195,Павел Сорокина,+7 (928) 768-51-60,user101195@example.ru,Красноярск,24.02.2025
c103240,Юлия Панин,+7 (983) 266-61-54,user103240@example.ru,Красноярск,28.09.2024
c102391,Ольга Ермаков,+7 (926) 868-96-04,user102391@example.ru,Новосибирск,19.01.2026
c102510,Вера Шилова,+7 (930) 630-54-62,user102510@example.ru,Новосибирск,22.08.2024
c105048,Глеб Тихонова,+7 (931) 232-89-61,user105048@example.ru,Новосибирск,18.04.2026
c101058,Роман Тихонова,+7 (950) 501-45-98,user101058@example.ru,Москва,14.12.2025
c102238,Полина Мешков,+7 (960) 809-91-00,user102238@example.ru,Москва,30.05.2025
c102408,Наталья Сорокина,+7 (972) 542-79-68,user102408@example.ru,Красноярск,09.07.2025
c100318,Игорь Ермаков,+7 (920) 356-82-55,user100318@example.ru,Казань,19.01.2026
c101761,Кирилл Панин,+7 (929) 802-70-35,user101761@example.ru,Екатеринбург,15.09.2025
c102183,Юлия Белых,+7 (990) 326-92-53,user102183@example.ru,Казань,30.05.2026
c103652,Елена Осипова,+7 (975) 093-20-34,user103652@example.ru,Москва,07.03.2025
c101006,Вера Лаптев,+7 (962) 112-21-47,user101006@example.ru,Санкт-Петербург,17.02.2024
c102750,Ольга Шилова,+7 (952) 937-79-92,user102750@example.ru,Москва,10.04.2024
c100394,Максим Лаптев,+7 (928) 667-13-16,user100394@example.ru,Санкт-Петербург,30.06.2024
c102806,Юлия Панин,+7 (913) 176-07-11,user102806@example.ru,Красноярск,21.04.2024
c100201,Полина Шилова,+7 (961) 065-97-07,user100201@example.ru,Казань,23.01.2025
c106490,Денис Савельев,+7 (961) 890-92-12,user106490@example.ru,Красноярск,20.11.2024
c103582,Мария Белых,+7 (947) 446-34-55,user103582@example.ru,Новосибирск,24.06.2026
c101701,Максим Савельев,+7 (997) 937-33-21,user101701@example.ru,Екатеринбург,03.04.2026
c100690,Алиса Лаптев,+7 (996) 796-17-96,user100690@example.ru,Екатеринбург,05.09.2025
c100189,Наталья Крылов,+7 (955) 002-07-03,user100189@example.ru,Красноярск,10.03.2024
c104610,Мария Шилова,+7 (953) 179-03-84,user104610@example.ru,Новосибирск,14.01.2024
c106365,Вера Мешков,+7 (994) 418-38-72,user106365@example.ru,Санкт-Петербург,22.07.2024
c104104,Артур Ковальчук,+7 (961) 984-98-81,user104104@example.ru,Москва,05.11.2025
c102934,Полина Мешков,+7 (913) 998-09-49,user102934@example.ru,Новосибирск,29.06.2026
c100148,Ольга Юдина,+7 (948) 400-60-39,user100148@example.ru,Екатеринбург,27.03.2026
c106300,Юлия Мешков,+7 (923) 039-70-59,user106300@example.ru,Казань,06.03.2025
c104871,Егор Панин,+7 (999) 788-86-96,user104871@example.ru,Казань,10.10.2025
c106390,Тимур Юдина,+7 (972) 459-85-09,user106390@example.ru,Москва,25.12.2024
c100694,Вера Ковальчук,+7 (974) 274-69-07,user100694@example.ru,Екатеринбург,11.05.2026
c105560,Юлия Тихонова,+7 (971) 504-45-80,user105560@example.ru,Санкт-Петербург,15.10.2024
c103234,Денис Ковальчук,+7 (937) 408-06-02,user103234@example.ru,Екатеринбург,28.01.2025
c104842,Вера Сорокина,+7 (921) 338-16-85,user104842@example.ru,Санкт-Петербург,03.09.2024
c103084,Денис Ковальчук,+7 (980) 086-17-75,user103084@example.ru,Новосибирск,31.03.2024
c101021,Роман Осипова,+7 (976) 969-66-96,user101021@example.ru,Красноярск,19.01.2025
c102442,Мария Тихонова,+7 (936) 601-02-26,user102442@example.ru,Новосибирск,02.10.2024
c105708,Роман Савельев,+7 (989) 271-28-57,user105708@example.ru,Казань,30.08.2024
c103248,Наталья Гордеев,+7 (950) 232-84-11,user103248@example.ru,Екатеринбург,15.04.2025
c101459,Игорь Крылов,+7 (912) 633-64-16,user101459@example.ru,Красноярск,11.02.2026
c102679,Мария Зуева,+7 (992) 072-04-21,user102679@example.ru,Санкт-Петербург,08.06.2024
c103650,Вера Ковальчук,+7 (991) 157-14-43,user103650@example.ru,Екатеринбург,16.10.2024
c106129,Артур Нестеров,+7 (979) 883-28-88,user106129@example.ru,Новосибирск,29.08.2024
c104688,Наталья Лаптев,+7 (934) 565-42-21,user104688@example.ru,Красноярск,26.06.2026
c101263,Вера Сорокина,+7 (963) 360-45-32,user101263@example.ru,Москва,07.01.2026
c106178,Роман Осипова,+7 (920) 500-05-35,user106178@example.ru,Москва,19.09.2025
c100755,Елена Ермаков,+7 (944) 732-99-40,user100755@example.ru,Новосибирск,21.03.2025
c102154,Вера Белых,+7 (934) 101-27-09,user102154@example.ru,Москва,19.05.2024
c103668,Лидия Зуева,+7 (993) 642-32-45,user103668@example.ru,Красноярск,20.04.2024
c105266,Вера Нестеров,+7 (999) 750-20-18,user105266@example.ru,Красноярск,02.08.2024
c101540,Елена Тихонова,+7 (956) 956-21-87,user101540@example.ru,Казань,03.07.2025
c103192,Мария Юдина,+7 (992) 238-22-03,user103192@example.ru,Новосибирск,09.09.2024
c105853,Лидия Савельев,+7 (913) 269-36-23,user105853@example.ru,Казань,18.02.2024
c105428,Артур Нестеров,+7 (961) 212-94-87,user105428@example.ru,Москва,03.12.2025
c102985,Полина Осипова,+7 (946) 030-00-40,user102985@example.ru,Екатеринбург,10.12.2025
c103210,Лидия Крылов,+7 (915) 489-68-69,user103210@example.ru,Новосибирск,02.06.2024
c101674,Егор Шилова,+7 (978) 129-89-06,user101674@example.ru,Москва,11.02.2025
c102013,Лидия Сорокина,+7 (983) 552-88-88,user102013@example.ru,Санкт-Петербург,21.11.2025
c101019,Кирилл Тихонова,+7 (916) 618-66-21,user101019@example.ru,Санкт-Петербург,10.11.2024
c105388,Лидия Осипова,+7 (920) 345-23-07,user105388@example.ru,Казань,29.01.2024
c102743,Елена Панин,+7 (963) 573-06-57,user102743@example.ru,Москва,25.02.2026
c103796,Анна Ермаков,+7 (979) 520-24-47,user103796@example.ru,Новосибирск,07.01.2025
c101736,Лидия Сорокина,+7 (956) 246-18-63,user101736@example.ru,Екатеринбург,01.09.2025
c100222,Тимур Гордеев,+7 (994) 179-62-59,user100222@example.ru,Красноярск,22.04.2025
c106370,Глеб Гордеев,+7 (974) 454-56-60,user106370@example.ru,Красноярск,28.08.2025
c104817,Павел Савельев,+7 (975) 071-95-94,user104817@example.ru,Москва,08.03.2024
c100502,Вера Гордеев,+7 (942) 034-23-59,user100502@example.ru,Санкт-Петербург,13.09.2025
c105804,Наталья Ковальчук,+7 (991) 908-12-36,user105804@example.ru,Москва,01.06.2024
c100469,Лидия Крылов,+7 (983) 913-27-49,user100469@example.ru,Екатеринбург,29.12.2024
c106678,Егор Шилова,+7 (951) 256-94-68,user106678@example.ru,Санкт-Петербург,24.05.2024
c105411,Егор Ковальчук,+7 (931) 379-62-60,user105411@example.ru,Екатеринбург,08.04.2024
c103438,Елена Белых,+7 (950) 458-94-56,user103438@example.ru,Казань,12.06.2026
c101598,Анна Сорокина,+7 (992) 754-65-69,user101598@example.ru,Новосибирск,13.05.2026
c101514,Глеб Ковальчук,+7 (948) 654-48-24,user101514@example.ru,Санкт-Петербург,18.04.2025
c100003,Игорь Гордеев,+7 (923) 245-94-45,user100003@example.ru,Москва,22.02.2025
c102186,Егор Тихонова,+7 (961) 003-92-93,user102186@example.ru,Красноярск,30.12.2025
c102293,Анна Шилова,+7 (938) 871-95-06,user102293@example.ru,Москва,24.07.2024
c104029,Юлия Шилова,+7 (959) 197-92-81,user104029@example.ru,Красноярск,20.12.2025
c106087,Егор Крылов,+7 (996) 268-94-98,user106087@example.ru,Новосибирск,23.08.2025
c100898,Юлия Гордеев,+7 (920) 811-22-55,user100898@example.ru,Санкт-Петербург,29.01.2026
c100523,Ольга Белых,+7 (952) 838-14-16,user100523@example.ru,Красноярск,22.10.2025
c104827,Юлия Шилова,+7 (981) 610-06-98,user104827@example.ru,Москва,05.03.2025
c100175,Глеб Зуева,+7 (916) 689-37-80,user100175@example.ru,Екатеринбург,01.12.2024
c101166,Роман Сорокина,+7 (936) 230-29-11,user101166@example.ru,Санкт-Петербург,12.04.2024
c105785,Денис Крылов,+7 (972) 374-61-86,user105785@example.ru,Санкт-Петербург,26.12.2024
c102173,Игорь Савельев,+7 (921) 339-80-39,user102173@example.ru,Екатеринбург,08.06.2024
c101277,Игорь Ермаков,+7 (989) 279-97-15,user101277@example.ru,Казань,18.08.2025
c101501,Наталья Гордеев,+7 (992) 601-67-24,user101501@example.ru,Новосибирск,21.01.2025
c106447,Кирилл Лаптев,+7 (918) 776-69-22,user106447@example.ru,Екатеринбург,03.07.2025
c101549,Лидия Юдина,+7 (974) 842-45-47,user101549@example.ru,Екатеринбург,02.09.2024
c105740,Павел Лаптев,+7 (960) 862-67-11,user105740@example.ru,Санкт-Петербург,24.01.2025
c105540,Лидия Гордеев,+7 (993) 919-69-95,user105540@example.ru,Санкт-Петербург,14.08.2024
c100842,Павел Мешков,+7 (946) 318-81-31,user100842@example.ru,Санкт-Петербург,15.03.2024
c102971,Анна Крылов,+7 (937) 919-66-73,user102971@example.ru,Москва,18.09.2025
c101716,Егор Сорокина,+7 (948) 736-56-56,user101716@example.ru,Новосибирск,08.10.2024
c104654,Юлия Панин,+7 (993) 939-26-32,user104654@example.ru,Москва,01.03.2026
c104434,Лидия Шилова,+7 (999) 662-41-61,user104434@example.ru,Москва,14.07.2025
c102980,Наталья Нестеров,+7 (925) 116-01-67,user102980@example.ru,Казань,03.04.2024
c106692,Мария Крылов,+7 (921) 869-54-42,user106692@example.ru,Казань,19.09.2024
c106669,Мария Лаптев,+7 (982) 881-23-88,user106669@example.ru,Санкт-Петербург,10.10.2025
c103130,Алиса Шилова,+7 (988) 363-50-67,user103130@example.ru,Казань,31.07.2025
c103120,Максим Крылов,+7 (967) 170-69-87,user103120@example.ru,Красноярск,17.03.2024
c102690,Мария Панин,+7 (948) 564-37-12,user102690@example.ru,Москва,18.05.2024
c104680,Наталья Белых,+7 (951) 092-51-16,user104680@example.ru,Екатеринбург,20.08.2024
c103246,Алиса Сорокина,+7 (915) 444-43-60,user103246@example.ru,Красноярск,28.03.2025
c100783,Анна Юдина,+7 (957) 072-20-74,user100783@example.ru,Казань,13.12.2024
c100090,Роман Тихонова,+7 (920) 757-45-22,user100090@example.ru,Новосибирск,11.07.2024
c101047,Алиса Панин,+7 (933) 320-07-23,user101047@example.ru,Красноярск,15.03.2024
c105731,Наталья Шилова,+7 (997) 710-63-37,user105731@example.ru,Екатеринбург,15.10.2025
c100326,Тимур Панин,+7 (910) 092-27-34,user100326@example.ru,Москва,07.11.2025
c100371,Анна Лаптев,+7 (958) 782-22-57,user100371@example.ru,Казань,14.05.2026
c102488,Артур Крылов,+7 (981) 594-55-11,user102488@example.ru,Екатеринбург,11.01.2026
c105461,Роман Зуева,+7 (971) 384-58-17,user105461@example.ru,Красноярск,01.06.2026
c101568,Елена Нестеров,+7 (952) 118-13-15,user101568@example.ru,Казань,28.12.2024
c101490,Егор Юдина,+7 (934) 179-63-51,user101490@example.ru,Красноярск,26.04.2024
c106468,Тимур Савельев,+7 (920) 368-72-51,user106468@example.ru,Москва,19.12.2025
c106164,Артур Крылов,+7 (988) 182-48-67,user106164@example.ru,Санкт-Петербург,23.05.2025
c102885,Елена Гордеев,+7 (926) 243-41-65,user102885@example.ru,Казань,19.04.2026
c104360,Анна Крылов,+7 (939) 179-00-47,user104360@example.ru,Москва,05.07.2024
c100522,Алиса Белых,+7 (938) 276-81-01,user100522@example.ru,Москва,16.10.2025
c103413,Юлия Зуева,+7 (942) 884-64-45,user103413@example.ru,Красноярск,12.09.2025
c102211,Тимур Лаптев,+7 (944) 934-46-94,user102211@example.ru,Казань,07.06.2026
c105660,Денис Мешков,+7 (912) 612-20-68,user105660@example.ru,Казань,26.04.2026
c105356,Полина Гордеев,+7 (986) 318-33-87,user105356@example.ru,Новосибирск,18.08.2024
c106255,Полина Панин,+7 (926) 371-44-37,user106255@example.ru,Красноярск,27.01.2024
c102667,Игорь Крылов,+7 (990) 303-88-25,user102667@example.ru,Красноярск,30.09.2024
c102041,Наталья Ермаков,+7 (935) 506-57-09,user102041@example.ru,Москва,04.10.2025
c106128,Мария Осипова,+7 (970) 632-18-40,user106128@example.ru,Москва,01.04.2026
c105835,Максим Осипова,+7 (999) 230-76-16,user105835@example.ru,Москва,13.12.2024
c102285,Алиса Крылов,+7 (969) 425-85-42,user102285@example.ru,Казань,13.11.2025
c102851,Наталья Панин,+7 (911) 923-57-18,user102851@example.ru,Новосибирск,15.10.2025
c104341,Глеб Панин,+7 (926) 502-88-23,user104341@example.ru,Казань,18.02.2026
c102434,Роман Осипова,+7 (915) 614-69-60,user102434@example.ru,Екатеринбург,15.01.2024
c104812,Денис Мешков,+7 (912) 899-91-02,user104812@example.ru,Москва,23.10.2024
c103229,Максим Осипова,+7 (990) 585-09-12,user103229@example.ru,Москва,10.08.2025
c100984,Наталья Лаптев,+7 (959) 556-09-66,user100984@example.ru,Санкт-Петербург,05.11.2025
c104792,Кирилл Савельев,+7 (949) 984-84-22,user104792@example.ru,Новосибирск,09.04.2026
c106451,Анна Юдина,+7 (996) 043-58-55,user106451@example.ru,Москва,10.09.2025
c102544,Тимур Зуева,+7 (973) 848-80-31,user102544@example.ru,Красноярск,09.05.2025
c103756,Анна Осипова,+7 (966) 178-23-33,user103756@example.ru,Екатеринбург,28.11.2024
c102850,Алиса Нестеров,+7 (991) 306-82-33,user102850@example.ru,Екатеринбург,10.01.2025
c106876,Кирилл Крылов,+7 (977) 448-05-32,user106876@example.ru,Красноярск,10.07.2024
c105519,Мария Мешков,+7 (960) 346-30-50,user105519@example.ru,Екатеринбург,27.04.2026
c101098,Кирилл Ковальчук,+7 (960) 963-73-27,user101098@example.ru,Новосибирск,27.08.2025
c101914,Роман Нестеров,+7 (957) 016-19-77,user101914@example.ru,Екатеринбург,02.02.2025
c106800,Вера Нестеров,+7 (910) 090-59-40,user106800@example.ru,Казань,26.03.2024
c103973,Юлия Нестеров,+7 (968) 966-73-33,user103973@example.ru,Новосибирск,13.05.2026
c106855,Полина Осипова,+7 (930) 889-05-24,user106855@example.ru,Екатеринбург,17.09.2025
c103765,Глеб Савельев,+7 (919) 079-43-77,user103765@example.ru,Москва,22.11.2025
c103063,Денис Лаптев,+7 (964) 248-05-03,user103063@example.ru,Санкт-Петербург,18.09.2024
c105698,Павел Мешков,+7 (999) 163-38-32,user105698@example.ru,Москва,03.10.2024
c106161,Артур Сорокина,+7 (914) 006-59-02,user106161@example.ru,Екатеринбург,14.03.2024
c104962,Глеб Юдина,+7 (998) 124-37-91,user104962@example.ru,Екатеринбург,03.06.2024
c101149,Игорь Шилова,+7 (955) 565-35-70,user101149@example.ru,Санкт-Петербург,05.09.2025
c102702,Анна Осипова,+7 (994) 870-85-58,user102702@example.ru,Казань,15.06.2025
c101087,Тимур Сорокина,+7 (998) 508-66-83,user101087@example.ru,Москва,28.10.2025
c101341,Егор Ермаков,+7 (959) 858-84-70,user101341@example.ru,Москва,09.09.2024
c104257,Вера Лаптев,+7 (925) 164-97-54,user104257@example.ru,Москва,24.05.2024
c103760,Юлия Зуева,+7 (966) 716-34-30,user103760@example.ru,Новосибирск,05.12.2025
c102034,Глеб Белых,+7 (994) 520-59-32,user102034@example.ru,Москва,09.04.2025
c106039,Тимур Зуева,+7 (933) 761-28-17,user106039@example.ru,Екатеринбург,02.06.2024
c100069,Денис Шилова,+7 (924) 914-92-06,user100069@example.ru,Казань,16.09.2024
c100184,Егор Нестеров,+7 (975) 420-85-96,user100184@example.ru,Екатеринбург,01.01.2025
c101165,Мария Зуева,+7 (920) 883-62-43,user101165@example.ru,Новосибирск,15.07.2024
c100556,Денис Ермаков,+7 (947) 060-16-07,user100556@example.ru,Красноярск,21.09.2025
c102948,Глеб Юдина,+7 (981) 610-37-27,user102948@example.ru,Казань,23.02.2026
c101044,Анна Мешков,+7 (956) 051-87-70,user101044@example.ru,Москва,12.04.2026
c102766,Роман Лаптев,+7 (975) 113-82-31,user102766@example.ru,Новосибирск,23.12.2024
c100552,Юлия Осипова,+7 (954) 194-94-12,user100552@example.ru,Москва,30.06.2024
c104033,Максим Крылов,+7 (986) 785-33-55,user104033@example.ru,Новосибирск,18.11.2025
c102269,Алиса Савельев,+7 (942) 542-80-46,user102269@example.ru,Красноярск,30.11.2024
c104379,Тимур Ковальчук,+7 (978) 291-20-93,user104379@example.ru,Казань,25.11.2024
c100197,Роман Юдина,+7 (971) 364-60-48,user100197@example.ru,Санкт-Петербург,23.08.2024
c103282,Максим Крылов,+7 (939) 991-92-49,user103282@example.ru,Казань,27.02.2026
c103847,Елена Савельев,+7 (917) 680-04-19,user103847@example.ru,Новосибирск,19.11.2024
c101272,Максим Ермаков,+7 (996) 706-71-57,user101272@example.ru,Санкт-Петербург,26.12.2024
c103734,Роман Шилова,+7 (988) 271-00-24,user103734@example.ru,Казань,28.04.2024
c106635,Полина Гордеев,+7 (924) 211-71-62,user106635@example.ru,Новосибирск,05.03.2025
c102725,Максим Тихонова,+7 (911) 020-33-92,user102725@example.ru,Новосибирск,26.11.2024
c106319,Тимур Зуева,+7 (973) 771-91-10,user106319@example.ru,Казань,09.10.2024
c105484,Мария Крылов,+7 (976) 871-85-23,user105484@example.ru,Москва,06.08.2025
c106282,Елена Нестеров,+7 (918) 351-96-77,user106282@example.ru,Екатеринбург,02.10.2024
c105547,Полина Савельев,+7 (943) 603-30-96,user105547@example.ru,Екатеринбург,23.08.2025
c106506,Мария Тихонова,+7 (951) 444-90-19,user106506@example.ru,Казань,09.11.2024
c105292,Полина Крылов,+7 (914) 575-99-36,user105292@example.ru,Санкт-Петербург,22.01.2026
c106472,Тимур Осипова,+7 (918) 589-18-71,user106472@example.ru,Новосибирск,04.02.2024
c104787,Наталья Юдина,+7 (960) 182-28-76,user104787@example.ru,Екатеринбург,26.05.2025
c105274,Лидия Юдина,+7 (994) 185-15-67,user105274@example.ru,Казань,26.07.2025
c105571,Мария Тихонова,+7 (916) 819-86-10,user105571@example.ru,Новосибирск,19.09.2025
c102480,Кирилл Шилова,+7 (970) 924-74-99,user102480@example.ru,Екатеринбург,10.02.2024
c102995,Павел Белых,+7 (967) 642-81-31,user102995@example.ru,Санкт-Петербург,20.05.2025
c100618,Лидия Лаптев,+7 (925) 408-78-46,user100618@example.ru,Новосибирск,11.03.2024
c102061,Тимур Юдина,+7 (913) 488-57-69,user102061@example.ru,Новосибирск,24.11.2025
c104254,Ольга Тихонова,+7 (926) 714-53-06,user104254@example.ru,Санкт-Петербург,09.06.2025
c103511,Тимур Нестеров,+7 (973) 877-82-58,user103511@example.ru,Екатеринбург,15.06.2025
c102559,Максим Зуева,+7 (952) 117-65-85,user102559@example.ru,Казань,06.04.2025
c102474,Лидия Ковальчук,+7 (945) 192-38-63,user102474@example.ru,Новосибирск,24.03.2025
c103056,Юлия Нестеров,+7 (972) 962-82-24,user103056@example.ru,Екатеринбург,21.10.2025
c103935,Анна Ковальчук,+7 (913) 709-13-50,user103935@example.ru,Новосибирск,25.11.2024
c100298,Мария Тихонова,+7 (926) 243-78-34,user100298@example.ru,Казань,29.01.2025
c101863,Егор Юдина,+7 (957) 177-74-88,user101863@example.ru,Москва,03.09.2024
c106774,Тимур Осипова,+7 (943) 279-17-28,user106774@example.ru,Санкт-Петербург,09.05.2024
c103242,Юлия Осипова,+7 (999) 690-45-63,user103242@example.ru,Казань,04.07.2025
c104733,Игорь Юдина,+7 (997) 287-40-75,user104733@example.ru,Екатеринбург,10.02.2025
c106237,Наталья Мешков,+7 (934) 118-69-21,user106237@example.ru,Санкт-Петербург,16.02.2026
c104477,Мария Тихонова,+7 (948) 539-83-84,user104477@example.ru,Екатеринбург,27.03.2024
c103965,Полина Гордеев,+7 (991) 460-87-49,user103965@example.ru,Санкт-Петербург,30.01.2024
c101054,Полина Лаптев,+7 (942) 930-73-51,user101054@example.ru,Новосибирск,04.12.2024
c105839,Алиса Ермаков,+7 (957) 728-39-14,user105839@example.ru,Санкт-Петербург,17.09.2024
c105767,Максим Лаптев,+7 (951) 544-06-97,user105767@example.ru,Санкт-Петербург,30.05.2025
c103634,Роман Сорокина,+7 (974) 380-66-22,user103634@example.ru,Казань,04.05.2025
c101209,Юлия Ковальчук,+7 (947) 092-01-77,user101209@example.ru,Новосибирск,14.07.2024
c103676,Вера Крылов,+7 (953) 760-77-37,user103676@example.ru,Новосибирск,26.12.2024
c102309,Вера Панин,+7 (952) 355-38-75,user102309@example.ru,Екатеринбург,23.02.2024
c102221,Павел Савельев,+7 (989) 037-42-20,user102221@example.ru,Екатеринбург,15.12.2024
c103606,Наталья Нестеров,+7 (972) 796-36-97,user103606@example.ru,Красноярск,22.04.2026
c106366,Вера Ермаков,+7 (936) 491-33-33,user106366@example.ru,Казань,27.06.2025
c102729,Юлия Крылов,+7 (929) 171-46-13,user102729@example.ru,Новосибирск,28.05.2026
c100258,Полина Тихонова,+7 (966) 898-29-13,user100258@example.ru,Казань,16.01.2024
c105186,Алиса Ермаков,+7 (952) 179-09-19,user105186@example.ru,Екатеринбург,15.06.2025
c105397,Юлия Гордеев,+7 (920) 264-48-29,user105397@example.ru,Новосибирск,16.10.2025
c105656,Наталья Крылов,+7 (978) 019-62-83,user105656@example.ru,Казань,24.10.2025
c106486,Глеб Сорокина,+7 (923) 283-17-94,user106486@example.ru,Москва,24.06.2024
c103392,Роман Мешков,+7 (939) 293-70-88,user103392@example.ru,Новосибирск,22.03.2026
c103257,Глеб Сорокина,+7 (999) 365-51-46,user103257@example.ru,Красноярск,22.02.2026
c105741,Артур Ковальчук,+7 (960) 233-37-99,user105741@example.ru,Красноярск,11.05.2024
c103967,Егор Белых,+7 (919) 109-95-41,user103967@example.ru,Казань,11.12.2025
c105503,Алиса Панин,+7 (913) 243-64-46,user105503@example.ru,Екатеринбург,02.07.2025
c104664,Тимур Зуева,+7 (944) 258-14-20,user104664@example.ru,Екатеринбург,05.04.2025
c103420,Лидия Белых,+7 (914) 436-24-74,user103420@example.ru,Екатеринбург,31.03.2024
c103918,Артур Юдина,+7 (924) 581-13-29,user103918@example.ru,Красноярск,27.08.2024
c103743,Денис Лаптев,+7 (917) 093-55-68,user103743@example.ru,Новосибирск,07.02.2025
c100065,Полина Шилова,+7 (971) 048-26-32,user100065@example.ru,Санкт-Петербург,16.02.2025
c102855,Тимур Савельев,+7 (914) 248-32-30,user102855@example.ru,Красноярск,12.08.2024
c102020,Наталья Сорокина,+7 (961) 194-33-96,user102020@example.ru,Казань,07.05.2026
c104735,Полина Ковальчук,+7 (943) 866-25-86,user104735@example.ru,Красноярск,16.05.2026
c102464,Егор Панин,+7 (968) 305-93-91,user102464@example.ru,Новосибирск,18.09.2024
c105889,Артур Белых,+7 (970) 481-75-40,user105889@example.ru,Казань,28.08.2024
c101479,Глеб Шилова,+7 (931) 581-45-39,user101479@example.ru,Красноярск,21.09.2024
c102965,Глеб Ермаков,+7 (973) 621-52-80,user102965@example.ru,Екатеринбург,11.01.2025
c105219,Кирилл Шилова,+7 (919) 891-77-38,user105219@example.ru,Москва,08.10.2024
c101362,Алиса Зуева,+7 (990) 780-34-71,user101362@example.ru,Екатеринбург,16.02.2025
c103878,Мария Крылов,+7 (962) 194-13-24,user103878@example.ru,Москва,26.02.2025
c102286,Тимур Крылов,+7 (990) 561-41-99,user102286@example.ru,Екатеринбург,04.10.2025
c102267,Вера Крылов,+7 (982) 237-76-75,user102267@example.ru,Красноярск,09.07.2025
c104888,Денис Осипова,+7 (999) 079-04-14,user104888@example.ru,Новосибирск,02.11.2024
c103238,Артур Гордеев,+7 (915) 217-15-13,user103238@example.ru,Москва,23.01.2026
c102930,Глеб Крылов,+7 (928) 820-80-25,user102930@example.ru,Екатеринбург,16.09.2025
c101770,Егор Савельев,+7 (952) 932-44-27,user101770@example.ru,Казань,19.07.2024
c100572,Роман Панин,+7 (982) 403-87-96,user100572@example.ru,Казань,11.02.2024
c102370,Егор Тихонова,+7 (924) 622-15-20,user102370@example.ru,Новосибирск,12.10.2024
c100796,Лидия Белых,+7 (934) 270-38-67,user100796@example.ru,Москва,15.04.2024
c100594,Роман Белых,+7 (996) 339-55-52,user100594@example.ru,Москва,13.09.2025
c102189,Игорь Савельев,+7 (963) 853-38-05,user102189@example.ru,Казань,20.04.2025
c101338,Глеб Шилова,+7 (925) 789-45-53,user101338@example.ru,Москва,26.10.2025
c100307,Наталья Нестеров,+7 (936) 891-61-05,user100307@example.ru,Казань,12.02.2025
c100491,Артур Белых,+7 (948) 664-64-08,user100491@example.ru,Санкт-Петербург,27.04.2026
c101629,Роман Осипова,+7 (947) 437-77-92,user101629@example.ru,Москва,22.06.2025
c106125,Тимур Лаптев,+7 (989) 534-21-21,user106125@example.ru,Санкт-Петербург,21.02.2025
c106631,Полина Нестеров,+7 (937) 066-71-18,user106631@example.ru,Новосибирск,04.07.2024
c105501,Анна Белых,+7 (949) 666-58-28,user105501@example.ru,Москва,07.08.2025
c101566,Игорь Нестеров,+7 (958) 953-32-32,user101566@example.ru,Новосибирск,13.03.2025
c100899,Алиса Панин,+7 (995) 802-20-69,user100899@example.ru,Новосибирск,20.05.2026
c104253,Лидия Савельев,+7 (985) 002-54-99,user104253@example.ru,Казань,05.03.2025
c100989,Лидия Юдина,+7 (956) 668-49-07,user100989@example.ru,Екатеринбург,12.05.2024
c105156,Мария Ермаков,+7 (920) 514-66-29,user105156@example.ru,Новосибирск,17.09.2025
c100657,Тимур Ермаков,+7 (933) 649-96-85,user100657@example.ru,Москва,14.02.2025
c105466,Кирилл Лаптев,+7 (913) 376-09-56,user105466@example.ru,Новосибирск,14.11.2024
c106213,Глеб Гордеев,+7 (971) 212-97-83,user106213@example.ru,Красноярск,21.09.2024
c105952,Лидия Юдина,+7 (992) 036-14-55,user105952@example.ru,Санкт-Петербург,04.08.2025
c102944,Игорь Мешков,+7 (989) 353-07-57,user102944@example.ru,Санкт-Петербург,14.10.2024
c103599,Елена Шилова,+7 (958) 100-02-79,user103599@example.ru,Красноярск,06.10.2024
c102551,Максим Лаптев,+7 (987) 114-23-40,user102551@example.ru,Красноярск,19.04.2025
c106422,Денис Ермаков,+7 (919) 478-88-77,user106422@example.ru,Екатеринбург,06.09.2025
c105054,Вера Белых,+7 (967) 593-76-02,user105054@example.ru,Екатеринбург,18.01.2026
c102477,Роман Сорокина,+7 (963) 512-25-30,user102477@example.ru,Москва,26.02.2026
c100673,Юлия Крылов,+7 (944) 534-73-96,user100673@example.ru,Новосибирск,24.04.2024
c106745,Наталья Панин,+7 (956) 135-47-38,user106745@example.ru,Казань,16.10.2024
c102466,Глеб Осипова,+7 (955) 864-82-67,user102466@example.ru,Москва,16.03.2025
c105797,Игорь Сорокина,+7 (989) 741-19-47,user105797@example.ru,Казань,29.01.2025
c104570,Ольга Шилова,+7 (978) 083-55-26,user104570@example.ru,Казань,30.05.2025
c102956,Полина Ермаков,+7 (957) 959-38-97,user102956@example.ru,Санкт-Петербург,06.04.2026
c105418,Артур Гордеев,+7 (918) 176-69-45,user105418@example.ru,Санкт-Петербург,08.09.2024
c100103,Ольга Сорокина,+7 (934) 822-86-20,user100103@example.ru,Екатеринбург,12.02.2024
c101688,Роман Ковальчук,+7 (913) 699-16-52,user101688@example.ru,Москва,30.03.2024
c102727,Мария Белых,+7 (923) 571-44-72,user102727@example.ru,Казань,03.08.2025
c103820,Лидия Белых,+7 (971) 953-61-15,user103820@example.ru,Красноярск,08.04.2024
c105945,Павел Осипова,+7 (965) 200-36-97,user105945@example.ru,Красноярск,23.10.2025
c100024,Алиса Шилова,+7 (968) 432-53-92,user100024@example.ru,Екатеринбург,11.02.2026
c102526,Павел Ермаков,+7 (969) 189-55-02,user102526@example.ru,Екатеринбург,19.05.2026
c100454,Елена Гордеев,+7 (929) 261-22-91,user100454@example.ru,Санкт-Петербург,02.06.2026
c102462,Лидия Зуева,+7 (976) 603-38-65,user102462@example.ru,Екатеринбург,01.12.2024
c102104,Павел Зуева,+7 (919) 516-18-08,user102104@example.ru,Красноярск,29.08.2025
c102906,Тимур Белых,+7 (971) 503-39-22,user102906@example.ru,Новосибирск,13.02.2026
c106729,Егор Сорокина,+7 (935) 115-61-54,user106729@example.ru,Красноярск,17.11.2024
c106090,Максим Гордеев,+7 (968) 996-32-51,user106090@example.ru,Москва,13.02.2025
c100604,Юлия Ермаков,+7 (958) 144-68-69,user100604@example.ru,Москва,02.11.2024
c101261,Игорь Сорокина,+7 (962) 265-98-66,user101261@example.ru,Красноярск,07.06.2024
c101942,Вера Лаптев,+7 (916) 191-51-97,user101942@example.ru,Казань,01.12.2024
c102160,Денис Савельев,+7 (974) 238-40-80,user102160@example.ru,Новосибирск,08.03.2024
c100639,Полина Осипова,+7 (945) 384-55-43,user100639@example.ru,Новосибирск,05.01.2025
c106482,Юлия Тихонова,+7 (958) 517-29-58,user106482@example.ru,Санкт-Петербург,28.12.2025
c101093,Ольга Панин,+7 (996) 977-22-14,user101093@example.ru,Казань,03.05.2025
c104287,Полина Панин,+7 (911) 827-91-04,user104287@example.ru,Екатеринбург,26.05.2026
c103099,Анна Ковальчук,+7 (933) 034-45-28,user103099@example.ru,Москва,25.11.2025
c103221,Максим Гордеев,+7 (995) 377-13-44,user103221@example.ru,Красноярск,01.06.2026
c103132,Алиса Осипова,+7 (961) 694-12-04,user103132@example.ru,Екатеринбург,10.08.2024
c103208,Полина Ковальчук,+7 (932) 100-49-75,user103208@example.ru,Санкт-Петербург,17.03.2024
c105552,Ольга Лаптев,+7 (977) 722-67-43,user105552@example.ru,Казань,13.10.2025
c102635,Алиса Лаптев,+7 (949) 193-61-29,user102635@example.ru,Казань,09.03.2024
c102699,Игорь Сорокина,+7 (932) 825-10-09,user102699@example.ru,Красноярск,16.07.2025
c101083,Ольга Юдина,+7 (991) 210-35-13,user101083@example.ru,Екатеринбург,13.02.2025
c104330,Ольга Савельев,+7 (986) 399-98-58,user104330@example.ru,Екатеринбург,04.10.2024
c106083,Мария Лаптев,+7 (998) 447-35-91,user106083@example.ru,Казань,13.06.2026
c102952,Мария Лаптев,+7 (942) 740-31-31,user102952@example.ru,Екатеринбург,25.05.2026
c104185,Алиса Савельев,+7 (974) 992-21-18,user104185@example.ru,Екатеринбург,05.09.2025
c103824,Егор Белых,+7 (932) 829-84-29,user103824@example.ru,Казань,03.09.2024
c106314,Полина Лаптев,+7 (960) 039-93-44,user106314@example.ru,Красноярск,28.09.2025
c106683,Глеб Шилова,+7 (910) 630-71-85,user106683@example.ru,Москва,12.10.2024
c100312,Елена Мешков,+7 (938) 413-50-60,user100312@example.ru,Новосибирск,30.11.2024
c100786,Артур Ковальчук,+7 (911) 966-61-94,user100786@example.ru,Казань,14.12.2024
c102573,Полина Зуева,+7 (972) 003-73-45,user102573@example.ru,Казань,27.07.2025
c100092,Тимур Гордеев,+7 (966) 727-69-19,user100092@example.ru,Красноярск,12.05.2024
c106758,Полина Юдина,+7 (977) 664-80-58,user106758@example.ru,Новосибирск,27.03.2025
c104395,Юлия Панин,+7 (976) 668-72-48,user104395@example.ru,Санкт-Петербург,12.03.2026
c106852,Артур Зуева,+7 (931) 139-76-91,user106852@example.ru,Красноярск,11.11.2024
c102120,Игорь Нестеров,+7 (974) 035-94-70,user102120@example.ru,Санкт-Петербург,21.10.2024
c101581,Ольга Гордеев,+7 (946) 068-33-54,user101581@example.ru,Казань,09.02.2025
c104449,Егор Осипова,+7 (969) 891-32-49,user104449@example.ru,Москва,23.06.2026
c103817,Глеб Панин,+7 (918) 262-28-78,user103817@example.ru,Казань,25.12.2025
c104080,Вера Осипова,+7 (956) 864-30-80,user104080@example.ru,Казань,24.06.2024
c101840,Егор Белых,+7 (975) 199-52-11,user101840@example.ru,Новосибирск,13.10.2025
c104968,Вера Гордеев,+7 (984) 603-42-69,user104968@example.ru,Санкт-Петербург,04.08.2024
c102218,Алиса Юдина,+7 (929) 907-68-09,user102218@example.ru,Новосибирск,25.02.2026
c103015,Кирилл Ермаков,+7 (915) 456-81-14,user103015@example.ru,Санкт-Петербург,14.02.2026
c106193,Денис Сорокина,+7 (975) 082-76-39,user106193@example.ru,Санкт-Петербург,30.01.2026
c105866,Роман Осипова,+7 (994) 708-44-22,user105866@example.ru,Новосибирск,01.07.2024
c100151,Вера Белых,+7 (947) 711-62-30,user100151@example.ru,Красноярск,20.10.2025
c105499,Павел Тихонова,+7 (927) 507-38-58,user105499@example.ru,Новосибирск,09.05.2025
c100703,Тимур Ковальчук,+7 (933) 087-13-73,user100703@example.ru,Екатеринбург,30.05.2025
c101628,Егор Мешков,+7 (926) 640-60-32,user101628@example.ru,Красноярск,22.04.2024
c100001,Алиса Ермаков,+7 (941) 703-95-70,user100001@example.ru,Санкт-Петербург,15.04.2025
c103053,Кирилл Мешков,+7 (956) 844-68-86,user103053@example.ru,Санкт-Петербург,11.09.2025
c102113,Мария Осипова,+7 (920) 069-63-63,user102113@example.ru,Санкт-Петербург,03.03.2025
c101862,Елена Нестеров,+7 (961) 866-79-74,user101862@example.ru,Москва,24.05.2025
c100920,Полина Белых,+7 (950) 744-44-41,user100920@example.ru,Москва,18.01.2024
c101033,Полина Нестеров,+7 (986) 539-80-87,user101033@example.ru,Казань,19.05.2026
c102759,Ольга Шилова,+7 (964) 389-11-00,user102759@example.ru,Казань,17.02.2024
c106706,Ольга Ковальчук,+7 (995) 494-30-32,user106706@example.ru,Екатеринбург,22.12.2024
c104719,Наталья Юдина,+7 (952) 993-47-88,user104719@example.ru,Санкт-Петербург,11.01.2025
c102565,Юлия Шилова,+7 (948) 041-48-86,user102565@example.ru,Красноярск,30.10.2025
c106613,Лидия Тихонова,+7 (925) 351-81-15,user106613@example.ru,Екатеринбург,28.02.2026
c104527,Полина Шилова,+7 (944) 580-24-84,user104527@example.ru,Москва,07.04.2025
c102732,Роман Зуева,+7 (981) 514-51-15,user102732@example.ru,Красноярск,01.10.2025
c102081,Вера Белых,+7 (929) 568-19-71,user102081@example.ru,Москва,12.01.2026
c106144,Артур Мешков,+7 (931) 081-54-47,user106144@example.ru,Красноярск,26.12.2025
c101311,Анна Тихонова,+7 (914) 884-62-43,user101311@example.ru,Казань,13.06.2025
c101935,Денис Ковальчук,+7 (979) 069-52-23,user101935@example.ru,Москва,29.08.2024
c100668,Игорь Панин,+7 (915) 324-96-36,user100668@example.ru,Екатеринбург,11.07.2024
c103322,Денис Крылов,+7 (919) 076-83-18,user103322@example.ru,Новосибирск,10.06.2024
c102564,Егор Панин,+7 (922) 638-84-08,user102564@example.ru,Москва,19.04.2024
c104916,Денис Ковальчук,+7 (972) 646-08-93,user104916@example.ru,Санкт-Петербург,12.07.2025
c105604,Полина Юдина,+7 (948) 057-10-33,user105604@example.ru,Санкт-Петербург,29.06.2025
c102792,Алиса Белых,+7 (994) 828-53-80,user102792@example.ru,Красноярск,15.03.2024
c101245,Павел Шилова,+7 (926) 313-14-62,user101245@example.ru,Новосибирск,09.05.2025
c105963,Тимур Юдина,+7 (926) 326-45-82,user105963@example.ru,Казань,10.07.2024
c101584,Артур Мешков,+7 (988) 914-07-87,user101584@example.ru,Санкт-Петербург,01.01.2025
c103558,Денис Осипова,+7 (984) 845-68-73,user103558@example.ru,Казань,20.07.2024
c104592,Егор Гордеев,+7 (969) 625-88-73,user104592@example.ru,Казань,13.05.2025
c105085,Денис Лаптев,+7 (945) 643-91-87,user105085@example.ru,Красноярск,16.03.2024
c101861,Лидия Осипова,+7 (919) 287-31-81,user101861@example.ru,Красноярск,07.06.2026
c105404,Денис Сорокина,+7 (933) 143-92-33,user105404@example.ru,Санкт-Петербург,15.05.2024
c101456,Ольга Тихонова,+7 (916) 432-51-66,user101456@example.ru,Москва,30.05.2026
c103886,Кирилл Крылов,+7 (992) 782-90-20,user103886@example.ru,Москва,07.06.2024
c104536,Лидия Мешков,+7 (966) 263-86-13,user104536@example.ru,Красноярск,21.12.2025
c106756,Наталья Мешков,+7 (972) 583-77-64,user106756@example.ru,Казань,28.02.2025
c101436,Наталья Лаптев,+7 (979) 999-29-27,user101436@example.ru,Новосибирск,24.09.2024
c105599,Мария Шилова,+7 (951) 471-74-48,user105599@example.ru,Красноярск,12.11.2024
c100775,Алиса Нестеров,+7 (971) 553-33-89,user100775@example.ru,Екатеринбург,15.06.2025
c106735,Артур Гордеев,+7 (978) 637-59-64,user106735@example.ru,Казань,14.07.2024
c103722,Полина Панин,+7 (991) 063-71-85,user103722@example.ru,Красноярск,14.10.2025
c102586,Анна Гордеев,+7 (924) 180-91-01,user102586@example.ru,Казань,19.01.2024
c105950,Егор Зуева,+7 (942) 069-96-79,user105950@example.ru,Санкт-Петербург,28.06.2024
c103630,Елена Нестеров,+7 (960) 158-87-24,user103630@example.ru,Казань,24.05.2024
c102347,Ольга Крылов,+7 (964) 963-88-63,user102347@example.ru,Санкт-Петербург,04.06.2025
c104600,Тимур Ковальчук,+7 (919) 559-26-55,user104600@example.ru,Новосибирск,29.10.2024
c101866,Денис Ковальчук,+7 (945) 772-53-78,user101866@example.ru,Москва,03.11.2024
c101857,Мария Белых,+7 (914) 069-03-74,user101857@example.ru,Санкт-Петербург,14.04.2024
c102471,Полина Савельев,+7 (948) 251-34-49,user102471@example.ru,Санкт-Петербург,29.06.2025
c101314,Игорь Нестеров,+7 (969) 191-86-89,user101314@example.ru,Новосибирск,23.12.2025
c105944,Анна Лаптев,+7 (996) 087-20-72,user105944@example.ru,Красноярск,06.11.2025
c103778,Тимур Зуева,+7 (933) 898-28-87,user103778@example.ru,Казань,05.08.2025
c100506,Максим Юдина,+7 (984) 300-93-04,user100506@example.ru,Москва,10.05.2024
c100864,Полина Мешков,+7 (919) 889-30-12,user100864@example.ru,Санкт-Петербург,26.02.2024
c101720,Игорь Крылов,+7 (988) 904-17-30,user101720@example.ru,Казань,03.01.2025
c100722,Максим Нестеров,+7 (981) 753-44-93,user100722@example.ru,Москва,11.03.2025
c100088,Глеб Зуева,+7 (990) 022-00-41,user100088@example.ru,Новосибирск,22.02.2025
c106487,Ольга Тихонова,+7 (921) 559-45-19,user106487@example.ru,Москва,05.11.2024
c103365,Павел Крылов,+7 (947) 094-26-33,user103365@example.ru,Санкт-Петербург,10.01.2026
c103981,Вера Гордеев,+7 (983) 299-41-28,user103981@example.ru,Новосибирск,25.09.2024
c102782,Игорь Зуева,+7 (944) 922-46-04,user102782@example.ru,Казань,26.03.2026
c105645,Алиса Зуева,+7 (962) 066-24-37,user105645@example.ru,Екатеринбург,19.10.2024
c102403,Кирилл Ермаков,+7 (959) 815-61-94,user102403@example.ru,Санкт-Петербург,25.06.2025
c100514,Анна Нестеров,+7 (989) 182-16-05,user100514@example.ru,Казань,08.02.2024
c105326,Артур Нестеров,+7 (992) 599-16-27,user105326@example.ru,Екатеринбург,02.06.2026
c105580,Анна Шилова,+7 (978) 379-06-95,user105580@example.ru,Новосибирск,20.11.2025
c101711,Максим Гордеев,+7 (999) 479-63-76,user101711@example.ru,Екатеринбург,25.10.2025
c105297,Мария Лаптев,+7 (960) 016-66-82,user105297@example.ru,Екатеринбург,13.02.2025
c101971,Егор Савельев,+7 (992) 465-00-19,user101971@example.ru,Казань,23.12.2025
c106750,Тимур Лаптев,+7 (951) 082-05-07,user106750@example.ru,Новосибирск,19.03.2024
c101835,Елена Сорокина,+7 (999) 529-47-97,user101835@example.ru,Новосибирск,12.05.2026
c106710,Елена Сорокина,+7 (975) 215-40-15,user106710@example.ru,Москва,21.04.2025
c102317,Глеб Юдина,+7 (937) 809-45-24,user102317@example.ru,Москва,27.03.2024
c104106,Анна Зуева,+7 (994) 716-47-99,user104106@example.ru,Москва,23.12.2025
c100780,Анна Белых,+7 (994) 757-61-74,user100780@example.ru,Новосибирск,02.04.2025
c104142,Егор Лаптев,+7 (948) 716-20-25,user104142@example.ru,Екатеринбург,11.09.2024
c103598,Денис Савельев,+7 (943) 775-57-78,user103598@example.ru,Москва,18.10.2025
c105990,Наталья Савельев,+7 (941) 276-29-89,user105990@example.ru,Москва,18.09.2024
c102868,Павел Нестеров,+7 (952) 321-85-11,user102868@example.ru,Санкт-Петербург,28.07.2024
c101691,Артур Шилова,+7 (914) 448-66-25,user101691@example.ru,Новосибирск,03.07.2025
c103699,Егор Тихонова,+7 (912) 537-25-05,user103699@example.ru,Москва,02.11.2025
c102390,Мария Гордеев,+7 (950) 905-96-69,user102390@example.ru,Казань,07.05.2026
c100482,Лидия Крылов,+7 (965) 776-30-82,user100482@example.ru,Екатеринбург,04.10.2024
c100094,Игорь Панин,+7 (927) 563-71-58,user100094@example.ru,Москва,17.06.2025
c100560,Наталья Ермаков,+7 (920) 218-78-83,user100560@example.ru,Новосибирск,07.07.2024
c106590,Ольга Панин,+7 (965) 539-67-19,user106590@example.ru,Красноярск,18.12.2025
c104444,Денис Ковальчук,+7 (977) 054-00-58,user104444@example.ru,Казань,21.04.2024
c105409,Юлия Ковальчук,+7 (913) 667-88-03,user105409@example.ru,Казань,22.04.2024
c100007,Лидия Гордеев,+7 (992) 435-48-04,user100007@example.ru,Казань,29.09.2025
c101902,Алиса Ковальчук,+7 (932) 263-05-79,user101902@example.ru,Новосибирск,23.09.2025
c106268,Лидия Лаптев,+7 (985) 922-12-14,user106268@example.ru,Казань,13.08.2024
c100940,Игорь Панин,+7 (975) 872-61-28,user100940@example.ru,Красноярск,22.11.2025
c106214,Мария Ермаков,+7 (919) 597-57-53,user106214@example.ru,Екатеринбург,20.04.2024
c101368,Кирилл Зуева,+7 (983) 619-66-90,user101368@example.ru,Новосибирск,28.05.2025
c103914,Максим Савельев,+7 (943) 478-21-94,user103914@example.ru,Казань,07.11.2024
c105067,Алиса Осипова,+7 (912) 347-08-89,user105067@example.ru,Екатеринбург,11.05.2025
c100095,Вера Тихонова,+7 (933) 742-96-63,user100095@example.ru,Санкт-Петербург,23.04.2025
c103332,Игорь Ковальчук,+7 (937) 307-72-35,user103332@example.ru,Красноярск,03.01.2026
c102157,Елена Шилова,+7 (937) 943-16-18,user102157@example.ru,Москва,03.02.2025
c105822,Юлия Крылов,+7 (911) 746-88-99,user105822@example.ru,Санкт-Петербург,31.05.2024
c104053,Ольга Осипова,+7 (953) 486-90-89,user104053@example.ru,Москва,18.03.2024
c102560,Вера Шилова,+7 (931) 951-88-39,user102560@example.ru,Красноярск,30.08.2024
c101814,Павел Панин,+7 (953) 458-58-97,user101814@example.ru,Москва,14.04.2026
c106543,Мария Ермаков,+7 (917) 241-48-95,user106543@example.ru,Казань,26.10.2024
c106141,Наталья Зуева,+7 (984) 426-16-62,user106141@example.ru,Новосибирск,21.01.2026
c105930,Лидия Гордеев,+7 (910) 582-18-67,user105930@example.ru,Москва,07.09.2024
c100839,Глеб Ковальчук,+7 (912) 935-31-85,user100839@example.ru,Новосибирск,02.02.2024
c105171,Алиса Крылов,+7 (972) 380-56-28,user105171@example.ru,Новосибирск,02.11.2025
c104460,Кирилл Гордеев,+7 (980) 316-68-54,user104460@example.ru,Москва,14.09.2025
c103428,Лидия Зуева,+7 (996) 362-93-39,user103428@example.ru,Екатеринбург,20.10.2024
c100776,Вера Осипова,+7 (963) 049-07-66,user100776@example.ru,Москва,10.03.2026
c106368,Роман Ковальчук,+7 (988) 740-59-37,user106368@example.ru,Москва,03.05.2025
c105959,Вера Шилова,+7 (921) 095-55-24,user105959@example.ru,Красноярск,19.06.2026
c104063,Алиса Тихонова,+7 (979) 412-87-89,user104063@example.ru,Москва,08.03.2025
c104703,Максим Осипова,+7 (934) 478-90-08,user104703@example.ru,Москва,09.10.2024
c103199,Полина Ковальчук,+7 (937) 776-47-75,user103199@example.ru,Екатеринбург,24.04.2026
c106100,Мария Ковальчук,+7 (945) 325-10-81,user106100@example.ru,Новосибирск,30.07.2024
c100708,Алиса Гордеев,+7 (913) 846-49-64,user100708@example.ru,Москва,12.01.2024
c104466,Роман Сорокина,+7 (938) 616-32-20,user104466@example.ru,Москва,29.10.2024
c101868,Ольга Гордеев,+7 (923) 062-69-27,user101868@example.ru,Екатеринбург,30.10.2024
c104067,Кирилл Гордеев,+7 (956) 431-73-28,user104067@example.ru,Казань,01.12.2025
c104437,Тимур Ковальчук,+7 (964) 088-49-29,user104437@example.ru,Москва,06.11.2025
c106048,Артур Гордеев,+7 (938) 134-22-16,user106048@example.ru,Казань,02.04.2024
c101458,Роман Савельев,+7 (930) 282-65-13,user101458@example.ru,Казань,17.06.2025
c104355,Елена Юдина,+7 (997) 532-66-06,user104355@example.ru,Казань,27.05.2024
c106488,Павел Белых,+7 (962) 384-10-93,user106488@example.ru,Новосибирск,24.10.2024
c106093,Егор Юдина,+7 (937) 632-18-55,user106093@example.ru,Санкт-Петербург,18.07.2025
c100051,Тимур Лаптев,+7 (985) 028-64-64,user100051@example.ru,Новосибирск,03.03.2024
c105444,Павел Осипова,+7 (991) 826-70-67,user105444@example.ru,Красноярск,03.05.2025
c100196,Алиса Савельев,+7 (982) 722-48-67,user100196@example.ru,Казань,18.01.2024
c104511,Полина Тихонова,+7 (963) 178-98-11,user104511@example.ru,Красноярск,18.01.2025
c105568,Лидия Мешков,+7 (984) 028-32-50,user105568@example.ru,Казань,05.01.2025
c100013,Лидия Нестеров,+7 (914) 938-34-41,user100013@example.ru,Санкт-Петербург,01.11.2024
c104108,Глеб Тихонова,+7 (929) 311-78-70,user104108@example.ru,Красноярск,10.05.2024
c100365,Кирилл Савельев,+7 (995) 679-85-89,user100365@example.ru,Москва,12.11.2025
c100049,Наталья Юдина,+7 (954) 449-92-06,user100049@example.ru,Санкт-Петербург,19.11.2025
c104066,Кирилл Белых,+7 (912) 416-86-96,user104066@example.ru,Красноярск,18.09.2024
c102030,Вера Савельев,+7 (993) 988-05-49,user102030@example.ru,Москва,26.05.2026
c102180,Наталья Ковальчук,+7 (918) 860-94-42,user102180@example.ru,Красноярск,19.05.2026
c104975,Юлия Ермаков,+7 (999) 769-78-85,user104975@example.ru,Екатеринбург,21.05.2026
c101218,Игорь Савельев,+7 (916) 417-15-71,user101218@example.ru,Новосибирск,28.11.2024
c101401,Тимур Гордеев,+7 (979) 082-31-94,user101401@example.ru,Москва,18.03.2026
c102530,Наталья Крылов,+7 (974) 819-47-12,user102530@example.ru,Красноярск,27.07.2025
c103381,Вера Мешков,+7 (956) 553-55-83,user103381@example.ru,Казань,16.04.2024
c104923,Юлия Савельев,+7 (996) 387-30-20,user104923@example.ru,Москва,24.11.2025
c101851,Анна Белых,+7 (916) 645-32-74,user101851@example.ru,Красноярск,06.04.2026
c105750,Мария Нестеров,+7 (971) 575-01-28,user105750@example.ru,Красноярск,01.10.2024
c105001,Мария Зуева,+7 (943) 624-59-51,user105001@example.ru,Казань,08.12.2024
c104791,Кирилл Юдина,+7 (990) 057-37-16,user104791@example.ru,Екатеринбург,05.06.2026
c105757,Роман Мешков,+7 (949) 192-49-60,user105757@example.ru,Казань,25.07.2025
c106391,Павел Зуева,+7 (964) 373-98-27,user106391@example.ru,Новосибирск,29.06.2025
c105471,Юлия Тихонова,+7 (947) 100-40-63,user105471@example.ru,Красноярск,23.01.2024
c101157,Павел Панин,+7 (927) 072-27-16,user101157@example.ru,Санкт-Петербург,05.05.2024
c106625,Артур Нестеров,+7 (950) 739-94-11,user106625@example.ru,Екатеринбург,10.10.2024
c100696,Кирилл Гордеев,+7 (966) 523-39-54,user100696@example.ru,Красноярск,27.12.2024
c102909,Егор Крылов,+7 (961) 123-51-00,user102909@example.ru,Санкт-Петербург,14.12.2025
c103801,Денис Лаптев,+7 (999) 561-83-83,user103801@example.ru,Новосибирск,04.12.2025
c101421,Павел Панин,+7 (914) 766-39-64,user101421@example.ru,Красноярск,29.01.2025
c100223,Мария Сорокина,+7 (965) 693-35-35,user100223@example.ru,Екатеринбург,18.02.2024
c100627,Елена Ермаков,+7 (914) 434-68-35,user100627@example.ru,Москва,10.06.2024
c102152,Мария Ковальчук,+7 (914) 203-06-42,user102152@example.ru,Екатеринбург,20.02.2024
c105686,Наталья Нестеров,+7 (910) 037-48-76,user105686@example.ru,Санкт-Петербург,01.11.2025
c100226,Ольга Савельев,+7 (934) 379-09-60,user100226@example.ru,Красноярск,18.12.2025
c101663,Денис Ковальчук,+7 (957) 117-61-07,user101663@example.ru,Новосибирск,23.02.2024
c100525,Полина Крылов,+7 (984) 586-58-85,user100525@example.ru,Красноярск,01.01.2025
c104163,Анна Ковальчук,+7 (973) 865-91-23,user104163@example.ru,Новосибирск,22.02.2025
c104660,Алиса Осипова,+7 (920) 402-76-98,user104660@example.ru,Казань,18.07.2025
c100862,Наталья Тихонова,+7 (923) 920-08-22,user100862@example.ru,Екатеринбург,18.12.2025
c103138,Лидия Савельев,+7 (978) 059-35-97,user103138@example.ru,Казань,12.05.2026
c100963,Роман Сорокина,+7 (972) 357-48-30,user100963@example.ru,Казань,17.03.2025
c104927,Максим Осипова,+7 (959) 782-97-68,user104927@example.ru,Санкт-Петербург,07.01.2025
c100392,Роман Тихонова,+7 (922) 495-13-28,user100392@example.ru,Екатеринбург,29.02.2024
c104943,Павел Панин,+7 (979) 133-48-69,user104943@example.ru,Санкт-Петербург,14.07.2025
c101737,Лидия Шилова,+7 (977) 704-20-63,user101737@example.ru,Екатеринбург,05.04.2024
c102576,Алиса Мешков,+7 (982) 923-26-43,user102576@example.ru,Москва,08.07.2024
c103589,Полина Гордеев,+7 (924) 183-31-65,user103589@example.ru,Екатеринбург,23.10.2025
c100784,Егор Мешков,+7 (921) 477-95-50,user100784@example.ru,Екатеринбург,03.10.2024
c102717,Максим Ковальчук,+7 (917) 868-23-88,user102717@example.ru,Москва,22.07.2025
c103366,Егор Сорокина,+7 (989) 010-76-16,user103366@example.ru,Казань,30.06.2024
c101191,Роман Ермаков,+7 (999) 737-97-70,user101191@example.ru,Казань,04.11.2025
c104475,Полина Нестеров,+7 (945) 508-01-16,user104475@example.ru,Казань,17.12.2025
c105888,Максим Сорокина,+7 (935) 833-02-28,user105888@example.ru,Санкт-Петербург,24.12.2025
c104259,Ольга Осипова,+7 (923) 468-69-06,user104259@example.ru,Красноярск,05.02.2026
c104315,Алиса Ермаков,+7 (981) 286-12-28,user104315@example.ru,Москва,30.06.2025
c102554,Елена Осипова,+7 (929) 676-22-65,user102554@example.ru,Новосибирск,14.03.2026
c104824,Роман Лаптев,+7 (957) 668-05-93,user104824@example.ru,Новосибирск,08.06.2026
c104920,Полина Осипова,+7 (952) 994-02-66,user104920@example.ru,Екатеринбург,19.06.2024
c104440,Полина Нестеров,+7 (976) 922-68-24,user104440@example.ru,Москва,21.06.2026
c104653,Егор Гордеев,+7 (953) 347-96-30,user104653@example.ru,Екатеринбург,17.08.2024
c104283,Артур Тихонова,+7 (938) 408-35-61,user104283@example.ru,Казань,13.05.2024
c106230,Артур Сорокина,+7 (927) 088-70-54,user106230@example.ru,Казань,13.03.2024
c104971,Егор Мешков,+7 (966) 520-98-06,user104971@example.ru,Новосибирск,02.10.2024
c102050,Кирилл Тихонова,+7 (961) 586-83-79,user102050@example.ru,Екатеринбург,06.07.2024
c106047,Елена Осипова,+7 (997) 160-45-73,user106047@example.ru,Санкт-Петербург,19.08.2024
c105115,Артур Зуева,+7 (954) 714-44-64,user105115@example.ru,Москва,11.05.2025
c105314,Денис Ермаков,+7 (921) 046-53-32,user105314@example.ru,Екатеринбург,02.08.2025
c103609,Кирилл Крылов,+7 (920) 807-65-02,user103609@example.ru,Санкт-Петербург,30.06.2024
c105175,Лидия Мешков,+7 (914) 277-82-07,user105175@example.ru,Новосибирск,02.04.2026
c100507,Глеб Юдина,+7 (996) 731-15-57,user100507@example.ru,Казань,23.11.2024
c105685,Полина Белых,+7 (986) 520-09-53,user105685@example.ru,Санкт-Петербург,19.06.2024
c100850,Максим Ковальчук,+7 (952) 233-66-36,user100850@example.ru,Красноярск,31.03.2024
c101286,Павел Ковальчук,+7 (954) 543-19-99,user101286@example.ru,Екатеринбург,20.11.2024
c105062,Юлия Мешков,+7 (950) 995-11-18,user105062@example.ru,Екатеринбург,01.02.2025
c103159,Кирилл Ермаков,+7 (941) 577-01-14,user103159@example.ru,Москва,29.09.2025
c102668,Максим Лаптев,+7 (978) 394-05-40,user102668@example.ru,Казань,10.06.2024
c105621,Глеб Юдина,+7 (955) 952-63-49,user105621@example.ru,Новосибирск,03.09.2024
c102298,Роман Тихонова,+7 (938) 415-53-72,user102298@example.ru,Санкт-Петербург,28.09.2024
c104819,Денис Лаптев,+7 (924) 414-34-69,user104819@example.ru,Москва,12.03.2025
c102680,Мария Нестеров,+7 (970) 357-84-21,user102680@example.ru,Казань,10.03.2024
c106405,Юлия Осипова,+7 (919) 929-90-67,user106405@example.ru,Екатеринбург,02.12.2024
c101249,Артур Лаптев,+7 (934) 144-27-42,user101249@example.ru,Казань,21.11.2024
c105485,Анна Зуева,+7 (941) 459-58-27,user105485@example.ru,Казань,08.05.2025
c106076,Елена Сорокина,+7 (949) 438-96-28,user106076@example.ru,Красноярск,28.10.2025
c102384,Алиса Гордеев,+7 (922) 792-10-18,user102384@example.ru,Санкт-Петербург,20.03.2026
c103394,Юлия Белых,+7 (971) 635-81-72,user103394@example.ru,Екатеринбург,02.07.2025
c103555,Кирилл Ермаков,+7 (984) 798-72-26,user103555@example.ru,Москва,19.03.2025
c101652,Мария Сорокина,+7 (982) 892-16-44,user101652@example.ru,Екатеринбург,24.02.2025
c105036,Кирилл Юдина,+7 (966) 384-01-46,user105036@example.ru,Москва,07.03.2026
c100762,Лидия Панин,+7 (992) 366-82-61,user100762@example.ru,Санкт-Петербург,28.09.2025
c105546,Елена Савельев,+7 (955) 591-01-44,user105546@example.ru,Санкт-Петербург,20.08.2024
c102072,Наталья Сорокина,+7 (995) 649-83-01,user102072@example.ru,Красноярск,08.07.2024
c106890,Алиса Ковальчук,+7 (962) 810-63-68,user106890@example.ru,Москва,04.04.2025
c102188,Вера Панин,+7 (947) 042-58-52,user102188@example.ru,Новосибирск,29.05.2025
c105752,Юлия Лаптев,+7 (914) 741-97-62,user105752@example.ru,Москва,20.05.2025
c103890,Елена Осипова,+7 (930) 959-37-03,user103890@example.ru,Новосибирск,29.03.2024
c102892,Юлия Шилова,+7 (917) 315-73-18,user102892@example.ru,Казань,23.06.2025
c105870,Егор Сорокина,+7 (952) 026-54-30,user105870@example.ru,Москва,05.11.2025
c100372,Максим Крылов,+7 (925) 239-39-39,user100372@example.ru,Москва,19.03.2024
c102427,Анна Белых,+7 (949) 095-16-47,user102427@example.ru,Новосибирск,05.06.2024
c105611,Наталья Осипова,+7 (961) 838-17-98,user105611@example.ru,Екатеринбург,27.04.2025
c105616,Роман Белых,+7 (932) 073-58-59,user105616@example.ru,Екатеринбург,15.05.2026
c104483,Ольга Белых,+7 (938) 643-31-89,user104483@example.ru,Санкт-Петербург,01.08.2025
c104237,Глеб Панин,+7 (979) 561-25-84,user104237@example.ru,Москва,04.05.2025
c104099,Полина Мешков,+7 (997) 997-37-92,user104099@example.ru,Новосибирск,15.04.2026
c102445,Лидия Осипова,+7 (962) 636-99-84,user102445@example.ru,Красноярск,10.03.2025
c105463,Мария Ковальчук,+7 (933) 408-21-67,user105463@example.ru,Новосибирск,16.04.2026
c106011,Тимур Панин,+7 (999) 123-29-23,user106011@example.ru,Москва,25.11.2025
c101802,Наталья Юдина,+7 (938) 747-83-27,user101802@example.ru,Новосибирск,06.07.2025
c106142,Глеб Сорокина,+7 (921) 324-70-74,user106142@example.ru,Красноярск,06.08.2024
c100825,Лидия Зуева,+7 (942) 771-34-26,user100825@example.ru,Екатеринбург,15.05.2025
c102090,Денис Лаптев,+7 (917) 041-93-61,user102090@example.ru,Москва,07.09.2025
c103194,Полина Ермаков,+7 (977) 426-01-94,user103194@example.ru,Москва,29.01.2024
c100848,Юлия Шилова,+7 (947) 024-26-84,user100848@example.ru,Москва,18.04.2026
c105201,Артур Лаптев,+7 (920) 826-91-12,user105201@example.ru,Москва,17.10.2024
c105179,Анна Белых,+7 (988) 039-94-24,user105179@example.ru,Красноярск,22.06.2025
c105249,Роман Нестеров,+7 (963) 619-46-16,user105249@example.ru,Санкт-Петербург,24.11.2024
c103551,Кирилл Ермаков,+7 (923) 720-79-94,user103551@example.ru,Санкт-Петербург,08.10.2025
c103842,Глеб Юдина,+7 (999) 009-32-67,user103842@example.ru,Казань,21.03.2026
c104384,Егор Тихонова,+7 (918) 565-50-42,user104384@example.ru,Казань,17.03.2026
c105279,Глеб Осипова,+7 (910) 115-36-20,user105279@example.ru,Казань,30.06.2026
c102394,Артур Зуева,+7 (964) 955-18-64,user102394@example.ru,Красноярск,24.04.2025
c104378,Кирилл Юдина,+7 (963) 217-92-74,user104378@example.ru,Казань,29.01.2026
c103216,Анна Белых,+7 (985) 385-95-90,user103216@example.ru,Красноярск,29.12.2025
c102380,Лидия Лаптев,+7 (965) 443-11-66,user102380@example.ru,Казань,06.11.2024
c106759,Денис Ермаков,+7 (968) 346-12-27,user106759@example.ru,Казань,02.10.2024
c102692,Наталья Шилова,+7 (961) 817-46-66,user102692@example.ru,Санкт-Петербург,07.02.2024
c102616,Максим Юдина,+7 (927) 836-35-47,user102616@example.ru,Москва,25.12.2024
c105728,Юлия Сорокина,+7 (921) 069-61-00,user105728@example.ru,Екатеринбург,27.05.2026
c103938,Лидия Гордеев,+7 (997) 026-44-44,user103938@example.ru,Красноярск,06.06.2024
c102710,Егор Шилова,+7 (971) 520-38-11,user102710@example.ru,Красноярск,11.10.2024
c104697,Егор Панин,+7 (920) 800-17-97,user104697@example.ru,Новосибирск,11.05.2025
c101122,Мария Нестеров,+7 (979) 590-96-23,user101122@example.ru,Екатеринбург,21.10.2024
c104784,Лидия Гордеев,+7 (959) 309-92-15,user104784@example.ru,Казань,15.10.2025
c102433,Елена Лаптев,+7 (913) 340-66-30,user102433@example.ru,Новосибирск,03.07.2025
c100107,Денис Зуева,+7 (998) 402-06-13,user100107@example.ru,Екатеринбург,06.07.2024
c101349,Лидия Лаптев,+7 (969) 340-79-37,user101349@example.ru,Санкт-Петербург,31.07.2024
c104391,Кирилл Гордеев,+7 (943) 726-44-75,user104391@example.ru,Новосибирск,08.05.2026
c100772,Кирилл Шилова,+7 (961) 122-99-08,user100772@example.ru,Екатеринбург,31.05.2025
c102867,Вера Савельев,+7 (926) 775-44-21,user102867@example.ru,Красноярск,13.05.2025
c103840,Мария Крылов,+7 (980) 103-92-94,user103840@example.ru,Екатеринбург,21.08.2024
c103256,Егор Мешков,+7 (962) 368-37-71,user103256@example.ru,Новосибирск,07.07.2024
c106356,Вера Тихонова,+7 (922) 073-58-77,user106356@example.ru,Санкт-Петербург,07.09.2024
c103259,Мария Савельев,+7 (923) 067-00-38,user103259@example.ru,Новосибирск,12.09.2024
c101110,Наталья Осипова,+7 (999) 654-52-93,user101110@example.ru,Красноярск,17.12.2025
c102245,Павел Мешков,+7 (941) 519-22-33,user102245@example.ru,Красноярск,20.09.2025
c101109,Глеб Савельев,+7 (954) 427-94-06,user101109@example.ru,Москва,24.04.2024
c103637,Ольга Панин,+7 (956) 934-67-68,user103637@example.ru,Екатеринбург,03.03.2024
c100439,Наталья Сорокина,+7 (965) 656-30-27,user100439@example.ru,Екатеринбург,29.06.2025
c102415,Полина Осипова,+7 (937) 854-41-39,user102415@example.ru,Новосибирск,24.04.2026
c101225,Лидия Белых,+7 (953) 312-79-64,user101225@example.ru,Красноярск,29.10.2024
c104809,Глеб Савельев,+7 (923) 517-93-55,user104809@example.ru,Москва,25.05.2025
c105834,Игорь Гордеев,+7 (936) 565-85-03,user105834@example.ru,Новосибирск,08.02.2024
c103177,Полина Шилова,+7 (928) 718-28-77,user103177@example.ru,Москва,04.03.2024
c100434,Полина Тихонова,+7 (911) 295-27-83,user100434@example.ru,Екатеринбург,16.01.2024
c105412,Павел Сорокина,+7 (985) 565-03-43,user105412@example.ru,Екатеринбург,09.04.2025
c101583,Егор Юдина,+7 (955) 285-28-87,user101583@example.ru,Казань,11.07.2024
c101930,Роман Мешков,+7 (963) 790-52-69,user101930@example.ru,Екатеринбург,04.09.2024
c103310,Полина Осипова,+7 (994) 101-15-73,user103310@example.ru,Москва,17.10.2024
c106686,Полина Ковальчук,+7 (949) 400-82-29,user106686@example.ru,Екатеринбург,11.07.2024
c104037,Егор Ермаков,+7 (985) 103-00-49,user104037@example.ru,Казань,27.01.2025
c101811,Глеб Савельев,+7 (946) 892-84-48,user101811@example.ru,Санкт-Петербург,31.03.2025
c104618,Юлия Мешков,+7 (990) 801-27-82,user104618@example.ru,Санкт-Петербург,11.11.2025
c104251,Мария Савельев,+7 (949) 086-36-26,user104251@example.ru,Екатеринбург,02.05.2024
c103502,Юлия Ковальчук,+7 (987) 400-11-55,user103502@example.ru,Москва,26.03.2025
c102052,Ольга Гордеев,+7 (997) 952-81-84,user102052@example.ru,Казань,27.03.2025
c100788,Кирилл Ковальчук,+7 (979) 977-43-05,user100788@example.ru,Новосибирск,12.01.2026
c106378,Полина Осипова,+7 (998) 187-88-66,user106378@example.ru,Новосибирск,24.06.2026
c105142,Павел Ермаков,+7 (917) 057-58-91,user105142@example.ru,Казань,27.01.2026
c105391,Наталья Сорокина,+7 (945) 359-14-27,user105391@example.ru,Москва,10.07.2024
c100675,Ольга Савельев,+7 (991) 691-95-79,user100675@example.ru,Новосибирск,13.12.2024
c103119,Игорь Ермаков,+7 (944) 634-90-95,user103119@example.ru,Новосибирск,10.01.2025
c100370,Тимур Ермаков,+7 (991) 278-73-68,user100370@example.ru,Казань,10.03.2025
c104741,Глеб Осипова,+7 (933) 337-54-38,user104741@example.ru,Красноярск,01.06.2025
c101481,Ольга Осипова,+7 (910) 828-44-51,user101481@example.ru,Санкт-Петербург,16.06.2026
c105976,Глеб Панин,+7 (959) 578-21-00,user105976@example.ru,Москва,02.02.2026
c100766,Ольга Савельев,+7 (986) 236-70-34,user100766@example.ru,Красноярск,07.05.2025
c102158,Юлия Савельев,+7 (995) 125-37-26,user102158@example.ru,Красноярск,12.06.2026
c104169,Алиса Сорокина,+7 (942) 021-66-03,user104169@example.ru,Москва,30.05.2026
c101055,Павел Белых,+7 (993) 172-45-29,user101055@example.ru,Санкт-Петербург,11.05.2025
c100765,Юлия Белых,+7 (977) 652-07-43,user100765@example.ru,Новосибирск,09.02.2025
c102449,Ольга Осипова,+7 (982) 438-78-26,user102449@example.ru,Новосибирск,23.12.2024
c104232,Лидия Крылов,+7 (921) 690-32-83,user104232@example.ru,Красноярск,03.03.2025
c105202,Денис Крылов,+7 (984) 113-49-04,user105202@example.ru,Новосибирск,24.08.2025
c103153,Тимур Зуева,+7 (911) 663-98-61,user103153@example.ru,Красноярск,05.04.2025
c102674,Мария Мешков,+7 (994) 243-41-80,user102674@example.ru,Санкт-Петербург,10.01.2025
c106726,Кирилл Лаптев,+7 (958) 483-82-45,user106726@example.ru,Санкт-Петербург,19.08.2025
c100615,Лидия Юдина,+7 (998) 603-87-89,user100615@example.ru,Красноярск,08.08.2024
c101846,Игорь Сорокина,+7 (940) 137-54-48,user101846@example.ru,Москва,10.07.2024
c102032,Алиса Панин,+7 (934) 647-64-11,user102032@example.ru,Санкт-Петербург,12.12.2025
c101553,Лидия Нестеров,+7 (963) 142-95-82,user101553@example.ru,Красноярск,16.08.2024
c101384,Ольга Ермаков,+7 (975) 663-36-09,user101384@example.ru,Москва,11.10.2025
c103376,Егор Крылов,+7 (947) 687-22-12,user103376@example.ru,Санкт-Петербург,04.03.2025
c103005,Денис Лаптев,+7 (922) 950-77-02,user103005@example.ru,Новосибирск,31.12.2024
c100043,Тимур Сорокина,+7 (992) 972-45-24,user100043@example.ru,Красноярск,04.01.2025
c102720,Глеб Осипова,+7 (991) 677-13-71,user102720@example.ru,Новосибирск,28.11.2025
c103135,Тимур Осипова,+7 (946) 700-22-60,user103135@example.ru,Новосибирск,12.01.2024
c100373,Юлия Гордеев,+7 (954) 538-83-79,user100373@example.ru,Санкт-Петербург,21.10.2024
c100743,Глеб Ермаков,+7 (956) 084-37-96,user100743@example.ru,Казань,25.01.2024
c100684,Игорь Юдина,+7 (968) 619-55-44,user100684@example.ru,Казань,23.04.2026
c101048,Глеб Осипова,+7 (975) 111-09-81,user101048@example.ru,Санкт-Петербург,21.08.2025
c106177,Ольга Мешков,+7 (925) 902-81-88,user106177@example.ru,Екатеринбург,10.02.2025
c103232,Елена Мешков,+7 (912) 581-43-30,user103232@example.ru,Красноярск,11.01.2025
c100237,Глеб Зуева,+7 (931) 606-14-24,user100237@example.ru,Екатеринбург,06.03.2026
c104869,Наталья Сорокина,+7 (961) 864-83-24,user104869@example.ru,Новосибирск,06.04.2025
c100948,Павел Сорокина,+7 (997) 509-64-10,user100948@example.ru,Казань,24.01.2025
c100136,Максим Панин,+7 (925) 707-01-47,user100136@example.ru,Екатеринбург,08.08.2025
c106394,Мария Лаптев,+7 (955) 486-14-26,user106394@example.ru,Новосибирск,18.09.2025
c104175,Анна Юдина,+7 (917) 704-87-17,user104175@example.ru,Казань,09.03.2025
c102202,Егор Тихонова,+7 (921) 016-23-82,user102202@example.ru,Екатеринбург,28.02.2026
c104405,Глеб Шилова,+7 (942) 213-10-73,user104405@example.ru,Санкт-Петербург,24.06.2026
c104641,Тимур Панин,+7 (913) 224-87-20,user104641@example.ru,Москва,28.06.2025
c106664,Вера Ковальчук,+7 (957) 682-27-04,user106664@example.ru,Санкт-Петербург,28.01.2026
c101864,Лидия Савельев,+7 (911) 274-20-21,user101864@example.ru,Новосибирск,04.04.2024
c105198,Артур Сорокина,+7 (911) 487-26-48,user105198@example.ru,Казань,13.06.2025
c106354,Роман Ковальчук,+7 (993) 935-36-23,user106354@example.ru,Санкт-Петербург,19.09.2025
c101648,Кирилл Савельев,+7 (949) 553-00-86,user101648@example.ru,Красноярск,30.03.2024
c103749,Денис Юдина,+7 (919) 791-31-30,user103749@example.ru,Новосибирск,16.09.2024
c100637,Тимур Тихонова,+7 (917) 912-90-61,user100637@example.ru,Екатеринбург,07.02.2024
c103064,Алиса Гордеев,+7 (969) 716-04-25,user103064@example.ru,Екатеринбург,08.10.2024
c102618,Юлия Савельев,+7 (954) 453-15-54,user102618@example.ru,Казань,30.05.2025
c106215,Мария Мешков,+7 (917) 486-89-88,user106215@example.ru,Екатеринбург,16.01.2024
c104208,Артур Тихонова,+7 (978) 295-84-29,user104208@example.ru,Екатеринбург,29.06.2025
c101160,Ольга Гордеев,+7 (992) 467-86-60,user101160@example.ru,Новосибирск,28.12.2025
c101072,Глеб Юдина,+7 (915) 251-66-87,user101072@example.ru,Санкт-Петербург,22.04.2024
c106421,Роман Зуева,+7 (964) 760-43-06,user106421@example.ru,Казань,27.07.2024
c105009,Наталья Ковальчук,+7 (942) 242-23-78,user105009@example.ru,Москва,02.05.2024
c102622,Мария Панин,+7 (918) 868-83-27,user102622@example.ru,Казань,09.02.2024
c102521,Артур Шилова,+7 (927) 011-95-30,user102521@example.ru,Новосибирск,30.07.2025
c100408,Игорь Тихонова,+7 (984) 176-06-63,user100408@example.ru,Казань,03.02.2024
c106012,Мария Крылов,+7 (924) 091-81-06,user106012@example.ru,Казань,22.08.2024
c103450,Ольга Ковальчук,+7 (927) 845-95-34,user103450@example.ru,Казань,27.06.2026
c105563,Полина Шилова,+7 (950) 175-33-87,user105563@example.ru,Москва,25.02.2026
c101918,Полина Нестеров,+7 (991) 000-36-41,user101918@example.ru,Новосибирск,26.04.2025
c106513,Игорь Осипова,+7 (969) 126-60-90,user106513@example.ru,Екатеринбург,13.05.2025
c100089,Тимур Гордеев,+7 (912) 562-45-90,user100089@example.ru,Санкт-Петербург,04.05.2025
c106309,Елена Савельев,+7 (954) 729-64-24,user106309@example.ru,Екатеринбург,04.05.2025
c105151,Роман Савельев,+7 (971) 094-89-57,user105151@example.ru,Новосибирск,18.02.2025
c105336,Артур Лаптев,+7 (971) 396-58-44,user105336@example.ru,Санкт-Петербург,16.09.2025
c101943,Глеб Белых,+7 (914) 900-04-13,user101943@example.ru,Красноярск,09.09.2024
c104129,Полина Шилова,+7 (941) 193-06-09,user104129@example.ru,Екатеринбург,21.09.2025
c103834,Егор Панин,+7 (997) 399-18-46,user103834@example.ru,Красноярск,16.06.2024
c105684,Тимур Панин,+7 (948) 199-20-16,user105684@example.ru,Санкт-Петербург,08.11.2025
c100540,Тимур Сорокина,+7 (944) 573-47-55,user100540@example.ru,Красноярск,12.09.2025
c104109,Денис Савельев,+7 (984) 999-43-44,user104109@example.ru,Красноярск,20.06.2024
c102175,Роман Лаптев,+7 (994) 178-10-99,user102175@example.ru,Москва,19.06.2024
c106614,Роман Ковальчук,+7 (921) 249-53-98,user106614@example.ru,Екатеринбург,31.05.2024
c100309,Тимур Гордеев,+7 (913) 589-21-73,user100309@example.ru,Санкт-Петербург,30.03.2025
c105592,Ольга Лаптев,+7 (987) 449-70-84,user105592@example.ru,Санкт-Петербург,07.04.2026
c104044,Игорь Белых,+7 (910) 313-06-97,user104044@example.ru,Москва,30.06.2025
c100213,Вера Ковальчук,+7 (984) 841-29-03,user100213@example.ru,Санкт-Петербург,03.06.2024
c102644,Егор Нестеров,+7 (982) 036-32-79,user102644@example.ru,Казань,23.03.2024
c102315,Елена Лаптев,+7 (958) 272-84-82,user102315@example.ru,Новосибирск,04.04.2024
c103815,Алиса Гордеев,+7 (932) 985-39-47,user103815@example.ru,Новосибирск,22.09.2024
c104825,Анна Гордеев,+7 (990) 398-21-36,user104825@example.ru,Москва,25.11.2024
c100992,Денис Крылов,+7 (952) 492-25-88,user100992@example.ru,Новосибирск,22.02.2024
c105513,Роман Савельев,+7 (954) 668-89-57,user105513@example.ru,Казань,07.01.2026
c105122,Роман Шилова,+7 (995) 412-89-98,user105122@example.ru,Новосибирск,29.12.2024
c105827,Полина Крылов,+7 (966) 486-55-67,user105827@example.ru,Санкт-Петербург,12.11.2025
c104174,Артур Гордеев,+7 (951) 516-67-57,user104174@example.ru,Санкт-Петербург,27.01.2024
c103681,Павел Панин,+7 (975) 833-06-21,user103681@example.ru,Новосибирск,14.08.2024
c101175,Анна Белых,+7 (992) 695-38-71,user101175@example.ru,Новосибирск,24.04.2024
c102992,Глеб Сорокина,+7 (980) 998-76-29,user102992@example.ru,Москва,04.08.2024
c103725,Наталья Савельев,+7 (940) 447-42-05,user103725@example.ru,Санкт-Петербург,30.04.2025
c103644,Ольга Тихонова,+7 (968) 960-74-93,user103644@example.ru,Казань,30.01.2024
c103459,Мария Осипова,+7 (961) 397-66-81,user103459@example.ru,Красноярск,24.04.2026
c105225,Кирилл Шилова,+7 (996) 693-08-78,user105225@example.ru,Санкт-Петербург,01.02.2025
c106132,Денис Шилова,+7 (942) 063-98-88,user106132@example.ru,Москва,19.04.2026
c105099,Кирилл Тихонова,+7 (924) 878-19-78,user105099@example.ru,Красноярск,24.10.2024
c100553,Игорь Зуева,+7 (964) 626-20-67,user100553@example.ru,Казань,10.06.2026
c105726,Павел Белых,+7 (986) 342-40-63,user105726@example.ru,Москва,15.11.2025
c100681,Лидия Панин,+7 (943) 882-40-01,user100681@example.ru,Екатеринбург,04.09.2024
c104014,Глеб Лаптев,+7 (942) 190-38-64,user104014@example.ru,Москва,05.04.2025
c104604,Полина Шилова,+7 (933) 898-86-79,user104604@example.ru,Москва,16.05.2026
c101215,Вера Гордеев,+7 (932) 406-62-33,user101215@example.ru,Новосибирск,07.06.2026
c101993,Глеб Панин,+7 (918) 339-32-75,user101993@example.ru,Москва,08.11.2025
c102744,Анна Нестеров,+7 (953) 085-23-61,user102744@example.ru,Казань,03.01.2026
c102361,Лидия Гордеев,+7 (932) 971-78-40,user102361@example.ru,Екатеринбург,27.10.2024
c100631,Полина Панин,+7 (942) 866-43-16,user100631@example.ru,Новосибирск,13.04.2024
c106147,Тимур Гордеев,+7 (975) 914-55-10,user106147@example.ru,Екатеринбург,24.07.2025
c105845,Кирилл Шилова,+7 (940) 940-87-46,user105845@example.ru,Красноярск,11.04.2025
c106457,Максим Белых,+7 (959) 728-99-12,user106457@example.ru,Санкт-Петербург,01.04.2025
c103211,Лидия Крылов,+7 (915) 680-17-42,user103211@example.ru,Москва,27.06.2025
c104716,Елена Белых,+7 (977) 053-71-26,user104716@example.ru,Красноярск,17.09.2024
c105777,Наталья Осипова,+7 (971) 365-22-51,user105777@example.ru,Санкт-Петербург,04.06.2026
c101217,Кирилл Лаптев,+7 (994) 024-23-07,user101217@example.ru,Санкт-Петербург,24.06.2024
c103929,Вера Гордеев,+7 (937) 796-53-34,user103929@example.ru,Москва,17.04.2026
c104388,Юлия Сорокина,+7 (986) 972-58-42,user104388@example.ru,Санкт-Петербург,27.07.2025
c103252,Тимур Мешков,+7 (995) 225-27-55,user103252@example.ru,Екатеринбург,12.06.2025
c100081,Ольга Панин,+7 (945) 286-91-44,user100081@example.ru,Москва,08.04.2026
c105074,Наталья Осипова,+7 (983) 575-47-65,user105074@example.ru,Красноярск,15.01.2025
c100110,Лидия Нестеров,+7 (912) 355-62-84,user100110@example.ru,Новосибирск,14.06.2024
c105550,Лидия Ковальчук,+7 (947) 463-61-37,user105550@example.ru,Новосибирск,23.03.2025
c102334,Егор Савельев,+7 (938) 658-42-38,user102334@example.ru,Санкт-Петербург,08.04.2025
c103942,Лидия Мешков,+7 (922) 561-84-52,user103942@example.ru,Санкт-Петербург,15.10.2025
c106517,Тимур Юдина,+7 (969) 117-03-88,user106517@example.ru,Казань,19.04.2026
c106647,Максим Ермаков,+7 (967) 063-48-19,user106647@example.ru,Москва,20.01.2026
c101367,Максим Панин,+7 (911) 411-92-32,user101367@example.ru,Санкт-Петербург,22.08.2024
c102339,Игорь Осипова,+7 (942) 517-29-28,user102339@example.ru,Казань,28.09.2025
c105535,Наталья Юдина,+7 (987) 843-18-07,user105535@example.ru,Москва,23.01.2024
c100130,Артур Зуева,+7 (940) 086-33-63,user100130@example.ru,Москва,29.09.2024
c102004,Артур Белых,+7 (971) 312-86-86,user102004@example.ru,Казань,26.04.2024
c105747,Тимур Ковальчук,+7 (994) 695-27-38,user105747@example.ru,Санкт-Петербург,08.05.2024
c104493,Роман Осипова,+7 (916) 916-93-98,user104493@example.ru,Красноярск,04.10.2024
c104816,Наталья Мешков,+7 (911) 315-60-58,user104816@example.ru,Красноярск,29.03.2025
c102943,Алиса Мешков,+7 (991) 510-23-80,user102943@example.ru,Санкт-Петербург,10.09.2024
c101556,Артур Лаптев,+7 (925) 759-56-77,user101556@example.ru,Санкт-Петербург,03.07.2024
c104497,Глеб Крылов,+7 (924) 053-08-71,user104497@example.ru,Казань,28.04.2025
c102903,Егор Шилова,+7 (951) 845-88-52,user102903@example.ru,Екатеринбург,23.10.2025
c104417,Глеб Зуева,+7 (957) 095-99-58,user104417@example.ru,Санкт-Петербург,13.05.2026
c100844,Ольга Зуева,+7 (997) 133-81-61,user100844@example.ru,Екатеринбург,17.06.2026
c105613,Роман Лаптев,+7 (996) 045-20-98,user105613@example.ru,Санкт-Петербург,31.01.2025
c101454,Ольга Нестеров,+7 (958) 694-77-98,user101454@example.ru,Санкт-Петербург,11.04.2026
c104978,Полина Лаптев,+7 (960) 296-92-06,user104978@example.ru,Новосибирск,24.02.2024
c103408,Ольга Лаптев,+7 (958) 146-58-62,user103408@example.ru,Казань,17.04.2024
c100328,Павел Ковальчук,+7 (963) 433-40-81,user100328@example.ru,Красноярск,18.06.2025
c100356,Елена Сорокина,+7 (962) 992-30-41,user100356@example.ru,Казань,29.08.2024
c101654,Мария Осипова,+7 (954) 705-38-57,user101654@example.ru,Санкт-Петербург,13.01.2024
c105841,Ольга Гордеев,+7 (979) 955-20-18,user105841@example.ru,Казань,10.04.2026
c101221,Алиса Шилова,+7 (994) 647-01-31,user101221@example.ru,Екатеринбург,10.01.2025
c104272,Юлия Ковальчук,+7 (931) 719-45-24,user104272@example.ru,Казань,28.02.2026
c105758,Тимур Лаптев,+7 (911) 949-89-06,user105758@example.ru,Санкт-Петербург,12.09.2024
c102820,Елена Крылов,+7 (932) 774-12-71,user102820@example.ru,Екатеринбург,20.09.2025
c102289,Максим Крылов,+7 (950) 681-45-22,user102289@example.ru,Новосибирск,17.11.2025
c104936,Артур Нестеров,+7 (999) 922-37-57,user104936@example.ru,Красноярск,21.01.2026
c103873,Павел Лаптев,+7 (972) 113-52-85,user103873@example.ru,Казань,18.03.2026
c104724,Павел Белых,+7 (953) 374-81-07,user104724@example.ru,Новосибирск,24.09.2024
c102275,Наталья Ковальчук,+7 (937) 791-78-29,user102275@example.ru,Екатеринбург,26.03.2024
c101414,Лидия Панин,+7 (943) 384-31-64,user101414@example.ru,Красноярск,17.09.2024
c105760,Игорь Лаптев,+7 (968) 331-01-59,user105760@example.ru,Новосибирск,25.07.2025
c102255,Лидия Лаптев,+7 (957) 142-96-63,user102255@example.ru,Екатеринбург,18.09.2024
c104655,Алиса Нестеров,+7 (985) 658-43-97,user104655@example.ru,Екатеринбург,22.12.2024
c101683,Артур Панин,+7 (962) 814-62-89,user101683@example.ru,Красноярск,13.02.2024
c102343,Юлия Панин,+7 (938) 714-32-05,user102343@example.ru,Санкт-Петербург,30.06.2026
c105826,Егор Панин,+7 (966) 125-02-50,user105826@example.ru,Санкт-Петербург,13.09.2024
c101259,Анна Сорокина,+7 (916) 909-89-04,user101259@example.ru,Красноярск,04.03.2025
c106170,Игорь Мешков,+7 (911) 309-78-60,user106170@example.ru,Новосибирск,05.06.2025
c100374,Полина Савельев,+7 (999) 095-90-41,user100374@example.ru,Екатеринбург,11.09.2024
c100934,Роман Панин,+7 (934) 839-25-53,user100934@example.ru,Красноярск,22.08.2024
c104300,Юлия Лаптев,+7 (996) 089-97-81,user104300@example.ru,Екатеринбург,17.01.2025
c100988,Тимур Шилова,+7 (962) 846-62-45,user100988@example.ru,Казань,20.11.2025
c104535,Елена Крылов,+7 (960) 349-03-93,user104535@example.ru,Новосибирск,20.08.2024
c106763,Полина Гордеев,+7 (963) 395-99-61,user106763@example.ru,Москва,04.02.2024
c103667,Егор Зуева,+7 (911) 025-08-68,user103667@example.ru,Санкт-Петербург,16.06.2026
c103632,Ольга Лаптев,+7 (991) 120-32-00,user103632@example.ru,Казань,09.10.2025
c105714,Тимур Юдина,+7 (921) 104-30-58,user105714@example.ru,Новосибирск,16.09.2024
c102916,Артур Осипова,+7 (945) 069-13-44,user102916@example.ru,Екатеринбург,31.08.2024
c104736,Игорь Сорокина,+7 (952) 699-27-31,user104736@example.ru,Новосибирск,25.04.2024
c103136,Тимур Ермаков,+7 (940) 152-34-72,user103136@example.ru,Красноярск,12.09.2024
c105216,Егор Савельев,+7 (983) 807-50-55,user105216@example.ru,Новосибирск,27.09.2025
c105596,Лидия Ковальчук,+7 (997) 604-52-39,user105596@example.ru,Казань,10.01.2025
c101409,Денис Ковальчук,+7 (979) 287-99-08,user101409@example.ru,Москва,24.07.2025
c104375,Мария Зуева,+7 (954) 665-86-14,user104375@example.ru,Санкт-Петербург,16.07.2025
c103097,Алиса Зуева,+7 (977) 916-88-44,user103097@example.ru,Санкт-Петербург,22.03.2024
c102901,Глеб Сорокина,+7 (986) 792-97-72,user102901@example.ru,Санкт-Петербург,01.04.2025
c104128,Игорь Осипова,+7 (935) 694-44-98,user104128@example.ru,Москва,26.05.2024
c103571,Наталья Савельев,+7 (957) 046-25-16,user103571@example.ru,Санкт-Петербург,10.04.2026
c101472,Денис Тихонова,+7 (998) 933-16-24,user101472@example.ru,Екатеринбург,12.09.2025
c100723,Егор Мешков,+7 (917) 303-97-78,user100723@example.ru,Москва,18.03.2026
c104092,Глеб Панин,+7 (912) 087-10-10,user104092@example.ru,Москва,16.08.2024
c101134,Тимур Ермаков,+7 (929) 780-36-91,user101134@example.ru,Санкт-Петербург,22.02.2025
c101070,Наталья Панин,+7 (988) 534-63-67,user101070@example.ru,Санкт-Петербург,01.06.2026
c102675,Глеб Гордеев,+7 (916) 724-54-85,user102675@example.ru,Москва,01.02.2026
c104085,Артур Ковальчук,+7 (968) 110-06-71,user104085@example.ru,Екатеринбург,15.02.2025
c101332,Лидия Ковальчук,+7 (921) 958-81-01,user101332@example.ru,Казань,21.11.2024
c106151,Денис Гордеев,+7 (974) 291-57-52,user106151@example.ru,Казань,26.12.2024
c103109,Глеб Сорокина,+7 (933) 537-79-57,user103109@example.ru,Екатеринбург,02.12.2024
c103672,Глеб Юдина,+7 (998) 751-06-66,user103672@example.ru,Москва,23.02.2025
c100446,Тимур Лаптев,+7 (920) 072-84-65,user100446@example.ru,Новосибирск,09.01.2025
c105711,Павел Тихонова,+7 (942) 346-21-94,user105711@example.ru,Красноярск,10.08.2024
c106489,Елена Белых,+7 (973) 252-33-67,user106489@example.ru,Красноярск,21.03.2025
c101063,Алиса Осипова,+7 (939) 362-37-90,user101063@example.ru,Казань,16.04.2026
c104403,Ольга Ковальчук,+7 (984) 208-75-49,user104403@example.ru,Санкт-Петербург,09.08.2024
c101042,Наталья Панин,+7 (956) 202-78-11,user101042@example.ru,Санкт-Петербург,12.06.2026
c100859,Егор Белых,+7 (964) 276-84-71,user100859@example.ru,Екатеринбург,02.05.2026
c101346,Наталья Юдина,+7 (919) 740-30-17,user101346@example.ru,Екатеринбург,09.05.2024
c105002,Игорь Ермаков,+7 (935) 770-58-65,user105002@example.ru,Санкт-Петербург,20.01.2025
c102382,Анна Панин,+7 (998) 861-10-53,user102382@example.ru,Красноярск,05.03.2025
c100965,Елена Зуева,+7 (931) 788-06-51,user100965@example.ru,Красноярск,23.03.2024
c106771,Егор Зуева,+7 (945) 915-36-55,user106771@example.ru,Екатеринбург,19.03.2025
c100268,Денис Осипова,+7 (974) 467-40-59,user100268@example.ru,Казань,27.10.2024
c100854,Тимур Юдина,+7 (922) 798-15-20,user100854@example.ru,Красноярск,11.04.2025
c104509,Кирилл Ковальчук,+7 (929) 078-91-20,user104509@example.ru,Казань,28.06.2024
c105768,Денис Зуева,+7 (955) 404-52-31,user105768@example.ru,Новосибирск,10.01.2025
c101364,Егор Савельев,+7 (982) 938-25-97,user101364@example.ru,Красноярск,25.07.2024
c105467,Артур Шилова,+7 (985) 052-95-40,user105467@example.ru,Москва,09.05.2024
c104057,Денис Белых,+7 (970) 831-33-88,user104057@example.ru,Москва,21.03.2026
c102264,Денис Белых,+7 (941) 058-69-37,user102264@example.ru,Новосибирск,08.06.2024
c101247,Павел Савельев,+7 (923) 879-35-49,user101247@example.ru,Казань,07.03.2024
c104140,Лидия Гордеев,+7 (938) 377-00-63,user104140@example.ru,Новосибирск,17.05.2024
c106698,Артур Савельев,+7 (932) 760-45-56,user106698@example.ru,Красноярск,04.05.2024
c106389,Павел Белых,+7 (944) 472-95-30,user106389@example.ru,Екатеринбург,20.10.2024
c100661,Ольга Гордеев,+7 (964) 422-65-79,user100661@example.ru,Новосибирск,03.02.2025
c105694,Кирилл Гордеев,+7 (910) 054-66-96,user105694@example.ru,Санкт-Петербург,17.06.2024
c103083,Артур Белых,+7 (990) 306-71-92,user103083@example.ru,Екатеринбург,01.06.2025
c104860,Юлия Мешков,+7 (961) 611-59-98,user104860@example.ru,Казань,22.07.2024
c100360,Максим Ковальчук,+7 (963) 096-11-37,user100360@example.ru,Санкт-Петербург,09.05.2025
c105389,Игорь Белых,+7 (912) 429-51-64,user105389@example.ru,Москва,16.11.2025
c100733,Елена Савельев,+7 (984) 904-94-18,user100733@example.ru,Новосибирск,27.04.2024
c102655,Анна Панин,+7 (998) 962-38-21,user102655@example.ru,Казань,24.10.2025
c103253,Юлия Юдина,+7 (928) 548-44-25,user103253@example.ru,Красноярск,02.05.2026
c103258,Елена Лаптев,+7 (982) 364-28-38,user103258@example.ru,Санкт-Петербург,23.06.2024
c106098,Павел Савельев,+7 (992) 256-00-21,user106098@example.ru,Москва,13.05.2024
c100186,Роман Ермаков,+7 (945) 140-95-75,user100186@example.ru,Казань,08.02.2025
c102328,Вера Осипова,+7 (992) 155-56-38,user102328@example.ru,Екатеринбург,04.04.2024
c104646,Полина Мешков,+7 (930) 395-25-21,user104646@example.ru,Москва,23.11.2024
c101423,Егор Тихонова,+7 (952) 871-90-94,user101423@example.ru,Казань,08.06.2025
c104640,Роман Шилова,+7 (995) 210-30-35,user104640@example.ru,Красноярск,13.04.2024
c103854,Тимур Крылов,+7 (933) 157-25-40,user103854@example.ru,Москва,21.05.2025
c106711,Артур Крылов,+7 (968) 299-21-95,user106711@example.ru,Санкт-Петербург,20.09.2025
c105647,Тимур Осипова,+7 (979) 179-99-21,user105647@example.ru,Красноярск,10.04.2024
c105566,Глеб Юдина,+7 (988) 356-65-70,user105566@example.ru,Екатеринбург,29.08.2025
c100526,Роман Мешков,+7 (999) 823-41-03,user100526@example.ru,Москва,23.05.2025
c104211,Елена Шилова,+7 (974) 012-37-61,user104211@example.ru,Москва,25.03.2024
c104770,Денис Сорокина,+7 (966) 412-42-24,user104770@example.ru,Москва,27.02.2026
c103694,Ольга Тихонова,+7 (961) 448-12-95,user103694@example.ru,Казань,30.01.2025
c102476,Глеб Савельев,+7 (970) 037-80-34,user102476@example.ru,Екатеринбург,29.05.2026
c100386,Кирилл Крылов,+7 (949) 450-89-11,user100386@example.ru,Екатеринбург,04.01.2026
c102130,Мария Панин,+7 (934) 552-72-15,user102130@example.ru,Екатеринбург,09.04.2025
c104160,Артур Тихонова,+7 (992) 014-94-94,user104160@example.ru,Красноярск,06.01.2025
c105104,Алиса Нестеров,+7 (950) 690-23-28,user105104@example.ru,Екатеринбург,13.07.2024
c100536,Артур Лаптев,+7 (950) 276-31-17,user100536@example.ru,Красноярск,04.09.2024
c104552,Артур Тихонова,+7 (953) 807-36-91,user104552@example.ru,Екатеринбург,08.10.2024
c101319,Полина Осипова,+7 (998) 043-93-79,user101319@example.ru,Екатеринбург,10.07.2024
c105251,Роман Белых,+7 (935) 350-66-23,user105251@example.ru,Новосибирск,04.06.2024
c100559,Анна Лаптев,+7 (919) 984-28-93,user100559@example.ru,Казань,16.04.2024
c104107,Лидия Юдина,+7 (996) 103-55-40,user104107@example.ru,Москва,25.06.2025
c101891,Наталья Савельев,+7 (910) 492-28-07,user101891@example.ru,Новосибирск,25.08.2025
c105659,Ольга Белых,+7 (937) 557-48-36,user105659@example.ru,Москва,03.09.2025
c102837,Игорь Тихонова,+7 (952) 300-90-11,user102837@example.ru,Красноярск,15.12.2025
c101028,Мария Сорокина,+7 (957) 451-13-64,user101028@example.ru,Казань,25.10.2024
c100366,Вера Лаптев,+7 (958) 211-33-82,user100366@example.ru,Санкт-Петербург,08.06.2024
c104041,Елена Зуева,+7 (959) 769-05-19,user104041@example.ru,Екатеринбург,10.09.2025
c101405,Тимур Гордеев,+7 (940) 164-47-52,user101405@example.ru,Санкт-Петербург,25.05.2026
c104944,Тимур Ермаков,+7 (920) 822-18-99,user104944@example.ru,Новосибирск,29.10.2024
c103316,Вера Панин,+7 (929) 388-12-69,user103316@example.ru,Екатеринбург,25.12.2025
c105583,Елена Осипова,+7 (967) 805-68-34,user105583@example.ru,Москва,20.09.2024
c104661,Павел Савельев,+7 (939) 675-55-44,user104661@example.ru,Казань,06.03.2025
c105378,Алиса Шилова,+7 (919) 147-20-77,user105378@example.ru,Екатеринбург,06.07.2025
c101762,Елена Панин,+7 (995) 030-81-17,user101762@example.ru,Санкт-Петербург,04.10.2024
c103654,Роман Панин,+7 (972) 897-33-71,user103654@example.ru,Екатеринбург,03.02.2024
c100937,Алиса Ермаков,+7 (941) 795-75-78,user100937@example.ru,Красноярск,27.11.2025
c103772,Анна Белых,+7 (952) 506-20-50,user103772@example.ru,Казань,01.10.2024
c100586,Павел Осипова,+7 (914) 239-50-66,user100586@example.ru,Красноярск,14.08.2025
c106550,Елена Ковальчук,+7 (972) 670-47-57,user106550@example.ru,Санкт-Петербург,14.11.2024
c101130,Егор Тихонова,+7 (912) 645-77-52,user101130@example.ru,Санкт-Петербург,16.11.2024
c103091,Ольга Мешков,+7 (976) 755-55-32,user103091@example.ru,Москва,22.09.2024
c101335,Кирилл Лаптев,+7 (951) 733-95-26,user101335@example.ru,Красноярск,30.03.2026
c101465,Денис Белых,+7 (946) 172-36-06,user101465@example.ru,Москва,12.12.2024
c101869,Егор Юдина,+7 (920) 302-78-06,user101869@example.ru,Москва,18.09.2025
c104292,Павел Ермаков,+7 (917) 275-65-09,user104292@example.ru,Екатеринбург,30.12.2025
c102027,Роман Тихонова,+7 (985) 708-69-42,user102027@example.ru,Красноярск,24.11.2025
c105329,Денис Панин,+7 (985) 285-66-49,user105329@example.ru,Москва,14.12.2025
c106541,Денис Крылов,+7 (946) 680-09-81,user106541@example.ru,Екатеринбург,16.05.2026
c104413,Артур Гордеев,+7 (944) 282-59-01,user104413@example.ru,Новосибирск,28.11.2024
c101065,Артур Юдина,+7 (968) 667-73-22,user101065@example.ru,Москва,03.02.2024
c101267,Егор Юдина,+7 (957) 137-70-36,user101267@example.ru,Новосибирск,21.12.2024
c101717,Роман Лаптев,+7 (977) 769-34-03,user101717@example.ru,Москва,16.09.2024
c104004,Юлия Осипова,+7 (912) 695-66-29,user104004@example.ru,Санкт-Петербург,12.10.2024
c106627,Полина Белых,+7 (933) 609-91-05,user106627@example.ru,Казань,18.07.2025
c105189,Павел Осипова,+7 (969) 518-39-07,user105189@example.ru,Казань,04.05.2024
c106241,Наталья Ковальчук,+7 (922) 828-55-09,user106241@example.ru,Екатеринбург,10.02.2026
c101572,Кирилл Шилова,+7 (980) 761-64-55,user101572@example.ru,Новосибирск,09.10.2024
c102024,Елена Крылов,+7 (963) 555-96-35,user102024@example.ru,Москва,27.07.2024
c103892,Юлия Зуева,+7 (983) 401-26-82,user103892@example.ru,Екатеринбург,23.08.2025
c105850,Роман Нестеров,+7 (934) 297-26-76,user105850@example.ru,Москва,02.06.2024
c106821,Роман Крылов,+7 (986) 819-32-40,user106821@example.ru,Новосибирск,06.09.2024
c104282,Наталья Юдина,+7 (925) 409-03-21,user104282@example.ru,Екатеринбург,18.03.2026
c100808,Мария Нестеров,+7 (993) 914-28-14,user100808@example.ru,Казань,06.01.2026
c105308,Денис Нестеров,+7 (963) 832-90-84,user105308@example.ru,Санкт-Петербург,25.06.2026
c101474,Анна Сорокина,+7 (910) 067-60-48,user101474@example.ru,Красноярск,02.03.2024
c102088,Юлия Шилова,+7 (967) 170-66-43,user102088@example.ru,Новосибирск,02.01.2025
c103213,Наталья Зуева,+7 (991) 294-70-87,user103213@example.ru,Москва,17.10.2024
c101774,Елена Панин,+7 (956) 732-95-17,user101774@example.ru,Москва,09.09.2025
c104132,Егор Юдина,+7 (949) 718-01-47,user104132@example.ru,Санкт-Петербург,21.08.2025
c103462,Вера Савельев,+7 (998) 205-42-43,user103462@example.ru,Новосибирск,12.01.2024
c102299,Игорь Савельев,+7 (931) 745-14-37,user102299@example.ru,Санкт-Петербург,25.03.2024
c100283,Игорь Сорокина,+7 (980) 142-65-05,user100283@example.ru,Екатеринбург,24.10.2025
c101029,Егор Шилова,+7 (918) 232-50-02,user101029@example.ru,Екатеринбург,11.07.2025
c104606,Лидия Тихонова,+7 (971) 054-38-65,user104606@example.ru,Красноярск,18.11.2024
c102232,Денис Тихонова,+7 (925) 633-51-80,user102232@example.ru,Санкт-Петербург,16.02.2025
c102250,Мария Сорокина,+7 (954) 429-66-21,user102250@example.ru,Екатеринбург,07.04.2026
c100475,Роман Ковальчук,+7 (950) 757-06-17,user100475@example.ru,Красноярск,10.02.2026
c100930,Алиса Лаптев,+7 (963) 601-59-58,user100930@example.ru,Санкт-Петербург,27.06.2024
c106329,Денис Гордеев,+7 (934) 581-63-37,user106329@example.ru,Казань,04.04.2025
c106017,Наталья Гордеев,+7 (992) 723-90-01,user106017@example.ru,Москва,19.05.2025
c101989,Мария Юдина,+7 (984) 114-59-68,user101989@example.ru,Москва,17.06.2025
c104457,Денис Ермаков,+7 (918) 228-78-87,user104457@example.ru,Санкт-Петербург,20.11.2024
c105690,Тимур Лаптев,+7 (974) 905-60-38,user105690@example.ru,Казань,22.02.2024
c105010,Наталья Сорокина,+7 (987) 753-62-59,user105010@example.ru,Москва,05.08.2024
c101280,Ольга Савельев,+7 (938) 806-15-74,user101280@example.ru,Казань,12.07.2024
c104678,Елена Осипова,+7 (989) 805-17-85,user104678@example.ru,Санкт-Петербург,28.02.2025
c101250,Максим Крылов,+7 (943) 770-24-66,user101250@example.ru,Казань,24.12.2025
c102662,Тимур Белых,+7 (980) 343-72-55,user102662@example.ru,Казань,01.11.2024
c104052,Полина Крылов,+7 (983) 716-19-34,user104052@example.ru,Екатеринбург,21.09.2025
c104439,Павел Юдина,+7 (994) 183-86-81,user104439@example.ru,Красноярск,26.10.2024
c103659,Полина Панин,+7 (990) 763-94-13,user103659@example.ru,Красноярск,12.12.2024
c100259,Кирилл Нестеров,+7 (991) 225-36-92,user100259@example.ru,Москва,14.12.2025
c105483,Павел Шилова,+7 (931) 894-12-43,user105483@example.ru,Красноярск,17.09.2024
c105772,Денис Шилова,+7 (959) 740-36-13,user105772@example.ru,Санкт-Петербург,27.09.2025
c101284,Тимур Гордеев,+7 (929) 849-88-58,user101284@example.ru,Красноярск,23.06.2024
c106637,Тимур Нестеров,+7 (957) 456-87-30,user106637@example.ru,Красноярск,25.07.2025
c106395,Павел Белых,+7 (992) 567-24-46,user106395@example.ru,Новосибирск,06.10.2024
c106015,Анна Юдина,+7 (968) 767-61-29,user106015@example.ru,Новосибирск,31.10.2024
c101783,Максим Тихонова,+7 (934) 692-75-00,user101783@example.ru,Казань,17.05.2026
c106621,Вера Гордеев,+7 (965) 867-25-72,user106621@example.ru,Красноярск,31.12.2024
c106694,Юлия Савельев,+7 (913) 451-35-17,user106694@example.ru,Новосибирск,23.06.2026
c103319,Павел Тихонова,+7 (970) 588-44-77,user103319@example.ru,Казань,26.09.2024
c100646,Вера Крылов,+7 (964) 357-44-93,user100646@example.ru,Красноярск,14.06.2025
c103530,Полина Осипова,+7 (913) 447-13-55,user103530@example.ru,Новосибирск,15.05.2026
c100118,Лидия Ковальчук,+7 (960) 617-28-39,user100118@example.ru,Москва,09.10.2024
c105849,Егор Гордеев,+7 (912) 000-19-59,user105849@example.ru,Красноярск,21.07.2025
c105464,Мария Гордеев,+7 (959) 816-97-97,user105464@example.ru,Казань,01.10.2025
c100431,Максим Тихонова,+7 (974) 367-58-85,user100431@example.ru,Москва,12.05.2026
c102768,Егор Осипова,+7 (937) 661-64-63,user102768@example.ru,Санкт-Петербург,14.02.2026
c105831,Лидия Савельев,+7 (961) 629-00-92,user105831@example.ru,Санкт-Петербург,19.06.2025
c103409,Артур Савельев,+7 (939) 190-07-90,user103409@example.ru,Москва,13.01.2026
c106116,Елена Зуева,+7 (930) 750-81-82,user106116@example.ru,Москва,20.04.2024
c102641,Юлия Гордеев,+7 (996) 736-80-71,user102641@example.ru,Москва,13.09.2025
c106830,Игорь Крылов,+7 (911) 853-14-95,user106830@example.ru,Красноярск,22.03.2025
c104644,Полина Тихонова,+7 (973) 973-23-39,user104644@example.ru,Новосибирск,28.04.2026
c102228,Максим Тихонова,+7 (936) 571-21-11,user102228@example.ru,Казань,23.05.2024
c100871,Елена Крылов,+7 (988) 784-16-90,user100871@example.ru,Екатеринбург,29.10.2024
c104428,Наталья Панин,+7 (934) 179-32-02,user104428@example.ru,Санкт-Петербург,10.11.2024
c106217,Полина Шилова,+7 (976) 387-26-21,user106217@example.ru,Красноярск,20.09.2025
c103373,Максим Лаптев,+7 (969) 801-87-07,user103373@example.ru,Красноярск,23.04.2024
c100943,Полина Зуева,+7 (921) 370-72-87,user100943@example.ru,Екатеринбург,07.02.2025
c100317,Мария Ковальчук,+7 (955) 761-81-24,user100317@example.ru,Новосибирск,11.08.2025
c104709,Артур Ковальчук,+7 (970) 994-07-24,user104709@example.ru,Москва,20.02.2024
c101056,Юлия Сорокина,+7 (911) 240-87-90,user101056@example.ru,Москва,27.01.2026
c102098,Игорь Ковальчук,+7 (965) 480-42-30,user102098@example.ru,Санкт-Петербург,10.02.2026
c102375,Егор Лаптев,+7 (981) 021-59-95,user102375@example.ru,Екатеринбург,05.01.2025
c101391,Максим Белых,+7 (928) 761-83-31,user101391@example.ru,Санкт-Петербург,14.11.2025
c102114,Кирилл Осипова,+7 (983) 384-58-60,user102114@example.ru,Казань,14.10.2024
c103877,Наталья Юдина,+7 (911) 092-81-81,user103877@example.ru,Санкт-Петербург,07.02.2025
c105164,Игорь Панин,+7 (992) 956-57-83,user105164@example.ru,Санкт-Петербург,06.07.2025
c106805,Алиса Гордеев,+7 (911) 238-14-10,user106805@example.ru,Казань,11.04.2024
c104171,Мария Осипова,+7 (937) 569-50-79,user104171@example.ru,Красноярск,23.03.2025
c100099,Вера Тихонова,+7 (932) 976-34-46,user100099@example.ru,Санкт-Петербург,12.06.2024
c103296,Глеб Нестеров,+7 (938) 132-54-42,user103296@example.ru,Екатеринбург,03.07.2024
c105176,Денис Осипова,+7 (973) 608-74-95,user105176@example.ru,Красноярск,16.01.2025
c103107,Мария Гордеев,+7 (952) 926-80-49,user103107@example.ru,Казань,20.03.2025
c106514,Елена Ермаков,+7 (951) 398-78-07,user106514@example.ru,Новосибирск,28.05.2024
c103525,Роман Нестеров,+7 (916) 604-01-45,user103525@example.ru,Красноярск,01.06.2024
c102331,Елена Юдина,+7 (995) 194-07-99,user102331@example.ru,Казань,18.03.2026
c104607,Тимур Панин,+7 (983) 666-68-76,user104607@example.ru,Екатеринбург,04.11.2025
c105924,Алиса Мешков,+7 (990) 232-19-29,user105924@example.ru,Красноярск,19.12.2024
c105474,Ольга Зуева,+7 (942) 696-02-02,user105474@example.ru,Москва,19.05.2026
c104387,Юлия Тихонова,+7 (937) 232-07-74,user104387@example.ru,Екатеринбург,10.08.2024
c100008,Игорь Крылов,+7 (975) 838-09-24,user100008@example.ru,Москва,15.08.2024
c101990,Ольга Шилова,+7 (955) 460-33-31,user101990@example.ru,Москва,23.10.2024
c103887,Наталья Панин,+7 (962) 677-32-17,user103887@example.ru,Москва,09.10.2025
c105803,Тимур Крылов,+7 (912) 187-03-45,user105803@example.ru,Санкт-Петербург,08.12.2025
c101726,Алиса Юдина,+7 (984) 675-60-84,user101726@example.ru,Новосибирск,29.11.2025
c102355,Полина Мешков,+7 (986) 068-72-31,user102355@example.ru,Красноярск,14.05.2025
c105704,Вера Лаптев,+7 (940) 445-73-85,user105704@example.ru,Казань,25.04.2024
c105500,Роман Савельев,+7 (917) 283-18-27,user105500@example.ru,Красноярск,17.01.2024
c104519,Алиса Мешков,+7 (941) 219-55-98,user104519@example.ru,Санкт-Петербург,04.05.2025
c102896,Полина Зуева,+7 (953) 581-07-39,user102896@example.ru,Санкт-Петербург,28.10.2024
c105320,Тимур Савельев,+7 (972) 951-14-85,user105320@example.ru,Новосибирск,05.12.2024
c105745,Максим Ермаков,+7 (964) 149-73-82,user105745@example.ru,Казань,19.01.2025
c100659,Полина Мешков,+7 (988) 560-21-91,user100659@example.ru,Москва,02.02.2026
c102608,Мария Тихонова,+7 (920) 135-05-37,user102608@example.ru,Красноярск,23.05.2026
c103189,Артур Ковальчук,+7 (965) 150-38-68,user103189@example.ru,Москва,13.03.2026
c102454,Павел Тихонова,+7 (995) 905-51-32,user102454@example.ru,Казань,16.06.2024
c104811,Лидия Шилова,+7 (986) 191-82-77,user104811@example.ru,Красноярск,01.12.2024
c101502,Ольга Зуева,+7 (974) 485-82-88,user101502@example.ru,Казань,05.08.2024
c101443,Денис Шилова,+7 (983) 002-30-91,user101443@example.ru,Санкт-Петербург,09.10.2025
c104994,Игорь Крылов,+7 (994) 827-04-65,user104994@example.ru,Красноярск,11.06.2026
c103602,Полина Сорокина,+7 (927) 312-02-11,user103602@example.ru,Москва,03.07.2024
c104069,Юлия Мешков,+7 (930) 667-57-83,user104069@example.ru,Москва,07.07.2025
c102522,Павел Шилова,+7 (981) 103-02-45,user102522@example.ru,Екатеринбург,10.04.2025
c101699,Максим Шилова,+7 (988) 609-75-24,user101699@example.ru,Новосибирск,23.12.2025
c103110,Артур Шилова,+7 (966) 947-69-84,user103110@example.ru,Новосибирск,05.06.2024
c105696,Павел Белых,+7 (920) 520-60-08,user105696@example.ru,Санкт-Петербург,26.10.2025
c104574,Роман Юдина,+7 (955) 778-56-93,user104574@example.ru,Екатеринбург,30.05.2024
c100080,Алиса Тихонова,+7 (910) 940-97-12,user100080@example.ru,Красноярск,26.09.2025
c106307,Павел Тихонова,+7 (911) 143-97-94,user106307@example.ru,Санкт-Петербург,10.01.2025
c104850,Наталья Шилова,+7 (926) 608-86-31,user104850@example.ru,Москва,25.07.2025
c105109,Лидия Панин,+7 (929) 666-64-50,user105109@example.ru,Новосибирск,02.04.2024
c104139,Павел Белых,+7 (964) 375-21-61,user104139@example.ru,Новосибирск,11.11.2024
c100417,Глеб Ковальчук,+7 (989) 775-28-67,user100417@example.ru,Красноярск,15.12.2024
c103330,Кирилл Крылов,+7 (933) 010-54-86,user103330@example.ru,Красноярск,21.04.2025
c101378,Денис Мешков,+7 (940) 966-24-22,user101378@example.ru,Красноярск,15.04.2025
c106211,Лидия Ермаков,+7 (933) 618-83-73,user106211@example.ru,Екатеринбург,18.01.2026
c101751,Анна Шилова,+7 (933) 449-84-13,user101751@example.ru,Новосибирск,25.01.2026
c103075,Лидия Гордеев,+7 (953) 198-71-28,user103075@example.ru,Санкт-Петербург,29.02.2024
c105778,Лидия Сорокина,+7 (934) 715-56-14,user105778@example.ru,Красноярск,03.04.2026
c103405,Алиса Ермаков,+7 (974) 805-45-22,user103405@example.ru,Санкт-Петербург,14.08.2025
c100285,Юлия Нестеров,+7 (914) 839-22-37,user100285@example.ru,Красноярск,07.01.2026
c101171,Елена Осипова,+7 (922) 706-62-91,user101171@example.ru,Москва,08.07.2024
c103649,Юлия Панин,+7 (950) 958-92-24,user103649@example.ru,Москва,10.07.2024
c106339,Максим Юдина,+7 (960) 911-56-39,user106339@example.ru,Новосибирск,04.02.2024
c100209,Артур Лаптев,+7 (918) 599-76-67,user100209@example.ru,Красноярск,06.06.2025
c102229,Глеб Мешков,+7 (943) 148-79-80,user102229@example.ru,Красноярск,25.01.2025
c104083,Ольга Сорокина,+7 (984) 356-18-41,user104083@example.ru,Санкт-Петербург,31.01.2025
c106718,Полина Зуева,+7 (991) 747-40-73,user106718@example.ru,Новосибирск,28.11.2024
c105966,Мария Мешков,+7 (981) 535-36-04,user105966@example.ru,Новосибирск,21.02.2024
c104545,Полина Мешков,+7 (952) 680-89-99,user104545@example.ru,Екатеринбург,30.07.2025
c104111,Наталья Лаптев,+7 (940) 040-96-02,user104111@example.ru,Казань,27.01.2024
c103145,Наталья Юдина,+7 (975) 307-68-50,user103145@example.ru,Казань,14.07.2024
c103499,Мария Тихонова,+7 (925) 555-28-48,user103499@example.ru,Красноярск,13.07.2024
c101888,Юлия Ермаков,+7 (986) 364-43-64,user101888@example.ru,Москва,24.07.2024
c100289,Роман Панин,+7 (997) 521-18-96,user100289@example.ru,Казань,29.04.2024
c101885,Егор Сорокина,+7 (992) 222-12-07,user101885@example.ru,Санкт-Петербург,22.09.2025
c106074,Глеб Крылов,+7 (968) 159-23-21,user106074@example.ru,Казань,08.09.2025
c103807,Мария Мешков,+7 (995) 259-72-16,user103807@example.ru,Санкт-Петербург,31.10.2025
c104852,Алиса Крылов,+7 (942) 263-34-10,user104852@example.ru,Санкт-Петербург,24.02.2026
c105932,Глеб Юдина,+7 (963) 649-42-85,user105932@example.ru,Казань,25.02.2025
c101412,Артур Осипова,+7 (998) 287-70-69,user101412@example.ru,Новосибирск,16.09.2024
c102844,Наталья Панин,+7 (989) 001-81-45,user102844@example.ru,Москва,22.11.2025
c106070,Кирилл Лаптев,+7 (923) 469-51-38,user106070@example.ru,Москва,08.05.2026
c103770,Тимур Лаптев,+7 (924) 889-51-18,user103770@example.ru,Красноярск,31.08.2024
c105861,Игорь Гордеев,+7 (921) 379-81-08,user105861@example.ru,Москва,28.10.2025
c101468,Роман Гордеев,+7 (958) 980-21-19,user101468@example.ru,Екатеринбург,21.07.2024
c100128,Алиса Мешков,+7 (955) 881-35-73,user100128@example.ru,Красноярск,19.06.2025
c101697,Елена Ковальчук,+7 (913) 199-90-48,user101697@example.ru,Новосибирск,15.04.2024
c105600,Денис Осипова,+7 (964) 711-38-78,user105600@example.ru,Екатеринбург,27.03.2024
c106707,Глеб Крылов,+7 (929) 048-00-39,user106707@example.ru,Красноярск,02.03.2024
c105040,Егор Крылов,+7 (919) 209-30-75,user105040@example.ru,Екатеринбург,21.12.2025
c100760,Максим Белых,+7 (947) 076-34-40,user100760@example.ru,Москва,26.01.2024
c102058,Анна Лаптев,+7 (961) 124-45-88,user102058@example.ru,Москва,28.07.2025
c106705,Юлия Нестеров,+7 (934) 766-41-09,user106705@example.ru,Екатеринбург,29.04.2024
c101369,Анна Сорокина,+7 (966) 315-61-79,user101369@example.ru,Новосибирск,26.07.2025
c100724,Денис Белых,+7 (961) 221-67-75,user100724@example.ru,Москва,02.01.2026
c100719,Полина Ермаков,+7 (942) 969-30-13,user100719@example.ru,Казань,16.03.2026
c106474,Максим Мешков,+7 (997) 021-21-07,user106474@example.ru,Новосибирск,11.07.2024
c100902,Наталья Белых,+7 (920) 526-43-47,user100902@example.ru,Москва,28.10.2025
c106810,Наталья Ермаков,+7 (998) 589-83-33,user106810@example.ru,Санкт-Петербург,24.09.2024
c100479,Артур Юдина,+7 (968) 337-74-43,user100479@example.ru,Новосибирск,02.06.2024
c106658,Ольга Мешков,+7 (935) 832-17-85,user106658@example.ru,Москва,28.03.2024
c102801,Вера Осипова,+7 (961) 705-13-70,user102801@example.ru,Екатеринбург,29.10.2024
c104670,Елена Савельев,+7 (938) 448-95-57,user104670@example.ru,Казань,03.11.2025
c106580,Алиса Лаптев,+7 (964) 255-40-93,user106580@example.ru,Новосибирск,25.12.2025
c106053,Вера Сорокина,+7 (966) 457-62-82,user106053@example.ru,Красноярск,22.03.2024
c106399,Денис Шилова,+7 (948) 237-01-34,user106399@example.ru,Екатеринбург,16.02.2026
c104769,Анна Ермаков,+7 (991) 823-89-94,user104769@example.ru,Новосибирск,30.01.2025
c101834,Ольга Нестеров,+7 (952) 280-62-49,user101834@example.ru,Красноярск,17.07.2024
c102982,Тимур Осипова,+7 (930) 305-35-18,user102982@example.ru,Санкт-Петербург,14.09.2025
c100143,Егор Гордеев,+7 (987) 416-92-75,user100143@example.ru,Казань,25.07.2025
c100739,Павел Крылов,+7 (937) 976-12-63,user100739@example.ru,Москва,27.05.2026
c101508,Максим Мешков,+7 (915) 039-29-71,user101508@example.ru,Екатеринбург,03.02.2025
c103516,Павел Юдина,+7 (935) 456-17-31,user103516@example.ru,Казань,14.01.2024
c102529,Полина Осипова,+7 (991) 855-01-91,user102529@example.ru,Екатеринбург,07.02.2025
c102383,Егор Тихонова,+7 (954) 022-51-67,user102383@example.ru,Казань,03.03.2024
c101750,Лидия Нестеров,+7 (943) 706-75-62,user101750@example.ru,Санкт-Петербург,20.06.2026
c103016,Полина Ермаков,+7 (944) 923-03-83,user103016@example.ru,Санкт-Петербург,17.06.2024
c105277,Юлия Панин,+7 (939) 222-98-17,user105277@example.ru,Красноярск,31.01.2026
c100185,Артур Мешков,+7 (998) 609-69-71,user100185@example.ru,Санкт-Петербург,13.02.2024
c101161,Полина Крылов,+7 (950) 967-02-94,user101161@example.ru,Новосибирск,22.02.2025
c102484,Павел Ковальчук,+7 (976) 924-71-97,user102484@example.ru,Казань,19.05.2025
c100432,Павел Осипова,+7 (977) 649-67-84,user100432@example.ru,Новосибирск,27.11.2025
c105205,Мария Шилова,+7 (930) 782-21-09,user105205@example.ru,Новосибирск,24.06.2026
c101573,Игорь Гордеев,+7 (977) 472-79-60,user101573@example.ru,Москва,13.12.2025
c100109,Ольга Крылов,+7 (976) 694-76-56,user100109@example.ru,Красноярск,15.12.2024
c105227,Роман Осипова,+7 (955) 305-79-87,user105227@example.ru,Казань,26.06.2026
c100942,Алиса Панин,+7 (951) 741-01-93,user100942@example.ru,Екатеринбург,07.05.2026
c104346,Алиса Савельев,+7 (989) 431-11-48,user104346@example.ru,Новосибирск,02.09.2024
c106057,Ольга Гордеев,+7 (948) 051-34-89,user106057@example.ru,Красноярск,21.10.2024
c101991,Лидия Зуева,+7 (994) 721-95-22,user101991@example.ru,Москва,15.05.2024
c106563,Павел Ермаков,+7 (997) 483-12-29,user106563@example.ru,Казань,15.11.2024
c105065,Тимур Зуева,+7 (927) 429-83-50,user105065@example.ru,Красноярск,26.06.2024
c104643,Вера Савельев,+7 (996) 033-63-05,user104643@example.ru,Москва,13.06.2025
c102139,Анна Лаптев,+7 (978) 347-32-64,user102139@example.ru,Казань,18.12.2025
c101296,Вера Сорокина,+7 (998) 021-40-99,user101296@example.ru,Санкт-Петербург,01.12.2024
c102438,Тимур Лаптев,+7 (926) 261-88-20,user102438@example.ru,Санкт-Петербург,27.11.2025
c104892,Елена Ковальчук,+7 (939) 925-46-26,user104892@example.ru,Красноярск,07.05.2024
c102405,Алиса Крылов,+7 (942) 917-60-12,user102405@example.ru,Новосибирск,16.11.2024
c105968,Лидия Нестеров,+7 (977) 498-98-29,user105968@example.ru,Санкт-Петербург,12.03.2025
c105281,Анна Гордеев,+7 (999) 583-68-96,user105281@example.ru,Екатеринбург,01.04.2025
c100447,Глеб Тихонова,+7 (997) 816-36-96,user100447@example.ru,Москва,24.01.2025
c102102,Роман Юдина,+7 (945) 597-45-54,user102102@example.ru,Санкт-Петербург,21.04.2024
c101075,Тимур Зуева,+7 (939) 252-50-86,user101075@example.ru,Москва,03.06.2025
c103653,Егор Белых,+7 (942) 969-05-77,user103653@example.ru,Санкт-Петербург,20.03.2025
c105160,Алиса Мешков,+7 (911) 157-78-98,user105160@example.ru,Екатеринбург,04.06.2025
c104590,Павел Ковальчук,+7 (942) 315-91-90,user104590@example.ru,Санкт-Петербург,03.07.2025
c101643,Елена Юдина,+7 (923) 739-99-67,user101643@example.ru,Красноярск,10.02.2026
c105353,Глеб Осипова,+7 (972) 698-15-37,user105353@example.ru,Казань,01.01.2025
c105430,Глеб Зуева,+7 (945) 587-06-41,user105430@example.ru,Санкт-Петербург,18.02.2024
c102039,Глеб Юдина,+7 (956) 181-43-18,user102039@example.ru,Москва,29.09.2025
c104205,Роман Зуева,+7 (938) 967-10-49,user104205@example.ru,Красноярск,14.09.2024
c100654,Павел Ковальчук,+7 (926) 021-51-48,user100654@example.ru,Екатеринбург,04.02.2025
c103225,Лидия Белых,+7 (969) 880-22-15,user103225@example.ru,Новосибирск,03.01.2026
c100986,Игорь Белых,+7 (954) 250-02-33,user100986@example.ru,Красноярск,22.09.2024
c100105,Полина Панин,+7 (948) 151-90-70,user100105@example.ru,Москва,21.01.2026
c105110,Павел Крылов,+7 (939) 058-25-00,user105110@example.ru,Красноярск,06.02.2025
c106809,Игорь Ковальчук,+7 (998) 941-86-27,user106809@example.ru,Санкт-Петербург,09.04.2024
c106825,Егор Крылов,+7 (934) 194-55-13,user106825@example.ru,Новосибирск,17.07.2025
c106218,Глеб Лаптев,+7 (932) 014-75-78,user106218@example.ru,Санкт-Петербург,01.12.2025
c104580,Полина Нестеров,+7 (942) 141-34-32,user104580@example.ru,Красноярск,23.06.2024
c102242,Артур Шилова,+7 (960) 866-35-81,user102242@example.ru,Казань,28.02.2025
c105817,Лидия Ковальчук,+7 (984) 734-74-83,user105817@example.ru,Екатеринбург,17.04.2024
c105296,Елена Шилова,+7 (930) 361-29-47,user105296@example.ru,Екатеринбург,04.10.2024
c100689,Кирилл Савельев,+7 (915) 248-74-02,user100689@example.ru,Новосибирск,01.01.2026
c105505,Алиса Тихонова,+7 (948) 292-92-84,user105505@example.ru,Красноярск,01.03.2025
c106730,Тимур Юдина,+7 (910) 075-42-14,user106730@example.ru,Санкт-Петербург,26.11.2025
c105556,Максим Юдина,+7 (921) 043-50-51,user105556@example.ru,Казань,30.12.2025
c102278,Мария Лаптев,+7 (966) 628-18-05,user102278@example.ru,Новосибирск,06.02.2026
c106734,Игорь Ермаков,+7 (928) 861-94-31,user106734@example.ru,Москва,11.11.2025
c102783,Мария Сорокина,+7 (978) 619-48-52,user102783@example.ru,Новосибирск,01.08.2024
c105665,Вера Тихонова,+7 (974) 872-84-00,user105665@example.ru,Санкт-Петербург,01.12.2025
c105057,Роман Савельев,+7 (967) 555-95-16,user105057@example.ru,Екатеринбург,15.02.2025
c101511,Наталья Крылов,+7 (956) 870-54-53,user101511@example.ru,Санкт-Петербург,06.11.2024
c106010,Вера Шилова,+7 (943) 591-02-24,user106010@example.ru,Красноярск,04.04.2025
c100520,Егор Тихонова,+7 (948) 346-22-62,user100520@example.ru,Казань,27.02.2024
c106112,Артур Панин,+7 (940) 295-57-77,user106112@example.ru,Москва,15.07.2024
c106770,Юлия Мешков,+7 (932) 097-07-01,user106770@example.ru,Москва,25.05.2026
c101273,Вера Юдина,+7 (993) 342-27-76,user101273@example.ru,Екатеринбург,23.09.2025
c101839,Тимур Ковальчук,+7 (967) 159-08-16,user101839@example.ru,Санкт-Петербург,13.08.2024
c103695,Егор Осипова,+7 (942) 824-88-45,user103695@example.ru,Новосибирск,24.04.2025
c102244,Игорь Шилова,+7 (996) 573-70-40,user102244@example.ru,Санкт-Петербург,10.09.2025
c103251,Павел Крылов,+7 (985) 843-24-68,user103251@example.ru,Казань,08.02.2026
c105594,Игорь Лаптев,+7 (936) 903-11-66,user105594@example.ru,Москва,14.02.2024
c105460,Артур Панин,+7 (919) 314-41-98,user105460@example.ru,Новосибирск,29.03.2026
c100771,Артур Зуева,+7 (999) 105-69-89,user100771@example.ru,Новосибирск,07.09.2024
c102584,Юлия Сорокина,+7 (919) 671-24-40,user102584@example.ru,Москва,27.02.2024
c106261,Вера Тихонова,+7 (967) 954-18-34,user106261@example.ru,Москва,30.04.2024
c100500,Кирилл Лаптев,+7 (966) 122-32-99,user100500@example.ru,Новосибирск,29.10.2024
c101498,Роман Панин,+7 (939) 637-58-07,user101498@example.ru,Санкт-Петербург,11.06.2026
c105738,Наталья Крылов,+7 (978) 335-37-22,user105738@example.ru,Казань,27.11.2024
c106646,Роман Юдина,+7 (972) 447-24-76,user106646@example.ru,Екатеринбург,12.05.2025
c104073,Анна Зуева,+7 (919) 684-39-07,user104073@example.ru,Казань,22.12.2025
c106328,Анна Гордеев,+7 (914) 220-63-72,user106328@example.ru,Москва,14.11.2025
c103397,Мария Крылов,+7 (998) 274-33-46,user103397@example.ru,Новосибирск,16.09.2024
c100747,Алиса Тихонова,+7 (958) 766-54-10,user100747@example.ru,Новосибирск,29.04.2024
c101447,Лидия Белых,+7 (975) 040-67-36,user101447@example.ru,Красноярск,21.03.2026
c102493,Юлия Юдина,+7 (980) 134-39-13,user102493@example.ru,Казань,22.07.2025
c102366,Елена Тихонова,+7 (992) 535-35-85,user102366@example.ru,Санкт-Петербург,08.07.2025
c106559,Игорь Ковальчук,+7 (935) 600-16-73,user106559@example.ru,Новосибирск,11.07.2024
c102836,Наталья Шилова,+7 (971) 405-20-85,user102836@example.ru,Красноярск,25.02.2026
c100478,Артур Осипова,+7 (976) 189-36-89,user100478@example.ru,Красноярск,11.01.2025
c102071,Юлия Нестеров,+7 (942) 795-09-01,user102071@example.ru,Новосибирск,28.05.2024
c103784,Егор Гордеев,+7 (974) 135-25-68,user103784@example.ru,Москва,17.04.2024
c104508,Артур Крылов,+7 (942) 217-65-54,user104508@example.ru,Санкт-Петербург,07.09.2025
c100906,Юлия Панин,+7 (973) 060-31-21,user100906@example.ru,Екатеринбург,21.09.2024
c100242,Мария Зуева,+7 (985) 276-70-94,user100242@example.ru,Казань,20.05.2026
c101329,Кирилл Ермаков,+7 (932) 987-80-57,user101329@example.ru,Москва,27.01.2024
c102227,Алиса Крылов,+7 (954) 986-78-88,user102227@example.ru,Казань,26.11.2025
c105872,Елена Лаптев,+7 (990) 564-40-58,user105872@example.ru,Новосибирск,06.09.2025
c105284,Анна Панин,+7 (987) 663-60-38,user105284@example.ru,Москва,29.08.2025
c102178,Ольга Сорокина,+7 (958) 798-13-10,user102178@example.ru,Москва,04.02.2026
c102718,Павел Шилова,+7 (994) 063-89-05,user102718@example.ru,Москва,23.01.2025
c103066,Лидия Лаптев,+7 (974) 391-72-90,user103066@example.ru,Красноярск,20.08.2024
c106318,Павел Сорокина,+7 (918) 713-54-54,user106318@example.ru,Казань,22.08.2024
c106572,Ольга Панин,+7 (951) 473-67-83,user106572@example.ru,Новосибирск,16.06.2025
c103212,Глеб Тихонова,+7 (941) 944-83-49,user103212@example.ru,Новосибирск,26.09.2025
c105035,Наталья Панин,+7 (932) 109-54-46,user105035@example.ru,Красноярск,22.01.2024
c106121,Денис Панин,+7 (946) 055-73-04,user106121@example.ru,Екатеринбург,25.06.2025
c104420,Тимур Зуева,+7 (991) 757-14-75,user104420@example.ru,Екатеринбург,04.05.2025
c102500,Полина Сорокина,+7 (954) 271-88-89,user102500@example.ru,Москва,03.07.2025
c102612,Наталья Юдина,+7 (923) 009-25-72,user102612@example.ru,Санкт-Петербург,29.04.2026
c103022,Алиса Белых,+7 (989) 363-00-62,user103022@example.ru,Москва,25.08.2024
c101915,Максим Ковальчук,+7 (953) 327-74-61,user101915@example.ru,Москва,22.03.2025
c102307,Алиса Белых,+7 (990) 180-01-65,user102307@example.ru,Москва,29.06.2024
c106582,Елена Белых,+7 (998) 687-51-94,user106582@example.ru,Новосибирск,14.12.2024
c103798,Анна Нестеров,+7 (965) 987-19-19,user103798@example.ru,Санкт-Петербург,17.06.2026
c100120,Лидия Нестеров,+7 (985) 571-25-09,user100120@example.ru,Красноярск,08.09.2024
c103724,Кирилл Панин,+7 (970) 361-55-76,user103724@example.ru,Екатеринбург,04.08.2024
c100445,Павел Шилова,+7 (920) 021-40-60,user100445@example.ru,Екатеринбург,23.03.2026
c102271,Анна Мешков,+7 (916) 602-62-87,user102271@example.ru,Красноярск,01.12.2024
c102876,Мария Лаптев,+7 (952) 183-76-41,user102876@example.ru,Новосибирск,30.06.2025
c104210,Артур Ермаков,+7 (933) 205-64-31,user104210@example.ru,Санкт-Петербург,01.08.2024
c104113,Анна Мешков,+7 (983) 443-57-56,user104113@example.ru,Новосибирск,07.02.2025
c101429,Тимур Сорокина,+7 (947) 918-53-00,user101429@example.ru,Екатеринбург,04.08.2025
c104506,Егор Савельев,+7 (920) 831-76-44,user104506@example.ru,Екатеринбург,26.03.2026
c103106,Анна Крылов,+7 (930) 335-74-18,user103106@example.ru,Екатеринбург,17.07.2024
c100275,Максим Зуева,+7 (951) 669-10-58,user100275@example.ru,Екатеринбург,30.07.2025
c105709,Егор Белых,+7 (971) 739-98-21,user105709@example.ru,Екатеринбург,22.06.2026
c102696,Анна Осипова,+7 (969) 091-88-25,user102696@example.ru,Санкт-Петербург,27.07.2025
c106326,Анна Тихонова,+7 (984) 571-11-23,user106326@example.ru,Санкт-Петербург,10.10.2024
c102800,Алиса Крылов,+7 (922) 800-49-47,user102800@example.ru,Новосибирск,06.02.2025
c103572,Полина Белых,+7 (925) 421-77-33,user103572@example.ru,Красноярск,28.04.2026
c100485,Полина Шилова,+7 (961) 768-00-44,user100485@example.ru,Новосибирск,31.10.2024
c101290,Роман Панин,+7 (972) 767-71-39,user101290@example.ru,Москва,01.03.2025
c100828,Глеб Мешков,+7 (928) 056-05-58,user100828@example.ru,Москва,12.01.2025
c103680,Денис Лаптев,+7 (973) 367-02-57,user103680@example.ru,Санкт-Петербург,23.03.2024
c101082,Мария Мешков,+7 (971) 764-64-02,user101082@example.ru,Новосибирск,27.10.2025
c102607,Кирилл Ковальчук,+7 (992) 426-11-31,user102607@example.ru,Красноярск,04.01.2026
c106616,Егор Осипова,+7 (980) 548-76-35,user106616@example.ru,Красноярск,25.10.2024
c104090,Юлия Крылов,+7 (954) 160-96-11,user104090@example.ru,Красноярск,27.11.2025
c100310,Алиса Савельев,+7 (946) 540-60-33,user100310@example.ru,Новосибирск,20.06.2026
c100412,Егор Мешков,+7 (957) 886-80-85,user100412@example.ru,Казань,07.04.2025
c101298,Павел Лаптев,+7 (988) 035-41-52,user101298@example.ru,Красноярск,19.02.2025
c103897,Мария Шилова,+7 (989) 273-67-03,user103897@example.ru,Екатеринбург,27.02.2024
c103911,Денис Белых,+7 (957) 613-75-37,user103911@example.ru,Красноярск,30.12.2024
c100613,Максим Ковальчук,+7 (967) 107-82-16,user100613@example.ru,Екатеринбург,25.12.2024
c101860,Алиса Белых,+7 (941) 720-80-97,user101860@example.ru,Новосибирск,15.10.2024
c104133,Игорь Лаптев,+7 (978) 513-61-04,user104133@example.ru,Казань,13.03.2024
c104206,Елена Лаптев,+7 (987) 065-02-52,user104206@example.ru,Казань,01.04.2025
c101696,Тимур Шилова,+7 (936) 683-65-18,user101696@example.ru,Казань,26.06.2024
c103766,Мария Юдина,+7 (997) 904-85-20,user103766@example.ru,Казань,30.05.2026
c103432,Кирилл Шилова,+7 (984) 662-68-80,user103432@example.ru,Санкт-Петербург,27.12.2024
c100368,Кирилл Ермаков,+7 (941) 901-21-29,user100368@example.ru,Новосибирск,28.04.2026
c104734,Мария Крылов,+7 (985) 879-94-91,user104734@example.ru,Казань,28.09.2024
c105315,Мария Зуева,+7 (954) 664-08-49,user105315@example.ru,Санкт-Петербург,18.04.2024
c100012,Кирилл Савельев,+7 (913) 937-97-68,user100012@example.ru,Казань,04.06.2026
c106768,Глеб Сорокина,+7 (947) 735-35-09,user106768@example.ru,Казань,13.04.2026
c105405,Вера Мешков,+7 (953) 702-79-15,user105405@example.ru,Красноярск,18.06.2026
c103856,Денис Ковальчук,+7 (989) 270-51-03,user103856@example.ru,Москва,11.06.2026
c100251,Максим Юдина,+7 (920) 876-26-43,user100251@example.ru,Екатеринбург,25.11.2024
c100716,Алиса Осипова,+7 (981) 886-31-03,user100716@example.ru,Санкт-Петербург,22.12.2024
c103670,Лидия Ермаков,+7 (960) 076-40-58,user103670@example.ru,Москва,13.05.2024
c105454,Анна Панин,+7 (933) 104-88-81,user105454@example.ru,Екатеринбург,05.03.2025
c101876,Алиса Зуева,+7 (961) 220-47-70,user101876@example.ru,Красноярск,01.10.2024
c102582,Павел Лаптев,+7 (962) 518-26-46,user102582@example.ru,Санкт-Петербург,30.09.2024
c106082,Мария Савельев,+7 (927) 173-98-85,user106082@example.ru,Москва,10.03.2026
c104544,Юлия Гордеев,+7 (975) 804-25-37,user104544@example.ru,Екатеринбург,27.06.2024
c100288,Роман Нестеров,+7 (936) 936-61-75,user100288@example.ru,Санкт-Петербург,06.12.2025
c103592,Елена Лаптев,+7 (999) 702-79-42,user103592@example.ru,Новосибирск,20.05.2025
c101904,Тимур Крылов,+7 (997) 881-22-28,user101904@example.ru,Екатеринбург,12.04.2024
c102636,Глеб Сорокина,+7 (939) 373-47-54,user102636@example.ru,Новосибирск,30.07.2025
c104685,Игорь Панин,+7 (972) 043-93-86,user104685@example.ru,Санкт-Петербург,24.06.2026
c106762,Юлия Зуева,+7 (981) 869-51-65,user106762@example.ru,Казань,30.05.2026
c106240,Ольга Крылов,+7 (911) 522-31-26,user106240@example.ru,Санкт-Петербург,01.02.2024
c105140,Ольга Ермаков,+7 (945) 771-15-77,user105140@example.ru,Новосибирск,23.04.2026
c100910,Наталья Тихонова,+7 (929) 678-33-73,user100910@example.ru,Санкт-Петербург,28.10.2025
c102348,Глеб Юдина,+7 (928) 264-76-18,user102348@example.ru,Екатеринбург,07.10.2024
c104700,Алиса Юдина,+7 (985) 691-93-28,user104700@example.ru,Новосибирск,22.04.2024
c104754,Денис Шилова,+7 (973) 101-81-90,user104754@example.ru,Москва,24.02.2026
c104094,Мария Мешков,+7 (987) 087-81-01,user104094@example.ru,Красноярск,19.03.2025
c102705,Максим Ковальчук,+7 (920) 213-94-80,user102705@example.ru,Санкт-Петербург,20.02.2025
c101437,Мария Крылов,+7 (983) 974-58-26,user101437@example.ru,Казань,06.06.2025
c104275,Глеб Юдина,+7 (913) 696-50-04,user104275@example.ru,Екатеринбург,11.05.2026
c103790,Алиса Ермаков,+7 (960) 917-43-48,user103790@example.ru,Екатеринбург,03.05.2024
c101129,Максим Лаптев,+7 (913) 513-08-31,user101129@example.ru,Казань,20.05.2025
c105807,Тимур Нестеров,+7 (946) 024-68-68,user105807@example.ru,Санкт-Петербург,14.07.2025
c105458,Егор Крылов,+7 (959) 908-38-71,user105458@example.ru,Санкт-Петербург,07.07.2025
c106315,Павел Лаптев,+7 (980) 412-55-28,user106315@example.ru,Новосибирск,08.06.2025
c102028,Тимур Крылов,+7 (978) 733-86-46,user102028@example.ru,Москва,14.01.2026
c105262,Вера Зуева,+7 (922) 471-76-75,user105262@example.ru,Екатеринбург,07.07.2025
c102514,Анна Мешков,+7 (966) 566-96-02,user102514@example.ru,Москва,09.05.2026
c101641,Алиса Савельев,+7 (910) 456-46-96,user101641@example.ru,Красноярск,19.02.2026
c102923,Кирилл Панин,+7 (981) 009-53-84,user102923@example.ru,Красноярск,13.02.2024
c103595,Лидия Ковальчук,+7 (939) 198-72-17,user103595@example.ru,Казань,15.06.2025
c106862,Ольга Нестеров,+7 (991) 089-47-70,user106862@example.ru,Красноярск,27.09.2024
c100241,Наталья Юдина,+7 (921) 015-94-07,user100241@example.ru,Москва,15.01.2024
c106372,Лидия Ермаков,+7 (984) 783-78-29,user106372@example.ru,Казань,08.04.2026
c103591,Кирилл Осипова,+7 (924) 562-57-55,user103591@example.ru,Красноярск,11.10.2025
c105345,Лидия Панин,+7 (994) 817-41-47,user105345@example.ru,Москва,20.03.2024
c100543,Роман Нестеров,+7 (923) 175-22-41,user100543@example.ru,Казань,20.11.2024
c105700,Павел Юдина,+7 (964) 763-82-41,user105700@example.ru,Екатеринбург,11.01.2026
c103281,Тимур Сорокина,+7 (959) 077-82-75,user103281@example.ru,Санкт-Петербург,22.04.2025
c106875,Елена Мешков,+7 (929) 993-17-58,user106875@example.ru,Красноярск,25.11.2025
c101763,Полина Савельев,+7 (964) 192-38-90,user101763@example.ru,Екатеринбург,15.09.2025
c100949,Роман Нестеров,+7 (919) 779-62-55,user100949@example.ru,Новосибирск,10.07.2024
c104035,Алиса Лаптев,+7 (973) 807-99-79,user104035@example.ru,Красноярск,16.10.2025
c100052,Лидия Лаптев,+7 (959) 328-02-78,user100052@example.ru,Казань,10.09.2024
c102673,Егор Савельев,+7 (994) 033-64-40,user102673@example.ru,Екатеринбург,20.04.2025
c104024,Глеб Ермаков,+7 (911) 618-80-40,user104024@example.ru,Новосибирск,26.04.2024
c104995,Анна Зуева,+7 (939) 496-85-48,user104995@example.ru,Казань,15.03.2025
c106130,Полина Мешков,+7 (980) 343-56-22,user106130@example.ru,Красноярск,28.03.2025
c100409,Егор Панин,+7 (934) 553-13-90,user100409@example.ru,Санкт-Петербург,16.01.2024
c104448,Артур Мешков,+7 (966) 436-37-38,user104448@example.ru,Москва,04.06.2025
c101655,Максим Белых,+7 (986) 327-99-75,user101655@example.ru,Казань,05.12.2024
c104532,Лидия Крылов,+7 (962) 892-03-87,user104532@example.ru,Санкт-Петербург,13.01.2025
c103150,Тимур Сорокина,+7 (940) 688-43-56,user103150@example.ru,Новосибирск,23.05.2024
c102181,Егор Мешков,+7 (931) 495-96-59,user102181@example.ru,Екатеринбург,23.03.2025
c106454,Павел Зуева,+7 (931) 151-72-12,user106454@example.ru,Красноярск,29.05.2025
c104919,Глеб Зуева,+7 (945) 145-09-67,user104919@example.ru,Казань,13.05.2024
c101299,Наталья Зуева,+7 (926) 360-53-10,user101299@example.ru,Казань,07.05.2024
c105426,Артур Шилова,+7 (984) 484-81-18,user105426@example.ru,Москва,12.03.2026
c104726,Егор Тихонова,+7 (948) 682-93-69,user104726@example.ru,Казань,25.10.2024
c103004,Глеб Савельев,+7 (924) 896-47-87,user103004@example.ru,Казань,30.01.2025
c106891,Анна Ковальчук,+7 (914) 050-11-16,user106891@example.ru,Казань,01.02.2024
c105026,Артур Ковальчук,+7 (983) 305-36-42,user105026@example.ru,Новосибирск,08.05.2026
c104081,Артур Тихонова,+7 (911) 272-65-23,user104081@example.ru,Новосибирск,26.04.2026
c104637,Тимур Зуева,+7 (929) 536-89-84,user104637@example.ru,Красноярск,15.10.2024
c104794,Кирилл Сорокина,+7 (937) 741-69-33,user104794@example.ru,Екатеринбург,04.03.2024
c101301,Анна Ермаков,+7 (916) 602-62-76,user101301@example.ru,Санкт-Петербург,27.04.2026
c105818,Наталья Юдина,+7 (930) 248-46-05,user105818@example.ru,Новосибирск,17.06.2024
c100549,Максим Крылов,+7 (960) 204-64-64,user100549@example.ru,Новосибирск,23.07.2025
c104740,Глеб Лаптев,+7 (947) 951-26-44,user104740@example.ru,Новосибирск,03.12.2025
c100333,Денис Тихонова,+7 (957) 397-39-50,user100333@example.ru,Новосибирск,31.03.2024
c102631,Мария Зуева,+7 (935) 358-61-56,user102631@example.ru,Казань,02.02.2024
c105931,Полина Ермаков,+7 (918) 217-67-61,user105931@example.ru,Москва,23.03.2024
c103402,Игорь Сорокина,+7 (953) 540-05-39,user103402@example.ru,Казань,19.01.2025
c100665,Артур Савельев,+7 (959) 243-77-12,user100665@example.ru,Новосибирск,04.03.2025
c100820,Максим Панин,+7 (947) 655-46-43,user100820@example.ru,Москва,22.06.2026
c104013,Артур Савельев,+7 (993) 532-63-38,user104013@example.ru,Красноярск,24.12.2025
c105967,Артур Крылов,+7 (954) 689-47-00,user105967@example.ru,Казань,10.04.2026
c106672,Ольга Панин,+7 (916) 448-98-52,user106672@example.ru,Казань,23.06.2024
c100967,Елена Юдина,+7 (927) 642-71-89,user100967@example.ru,Екатеринбург,28.04.2025
c106549,Лидия Лаптев,+7 (912) 511-60-96,user106549@example.ru,Москва,14.06.2026
c101224,Егор Ермаков,+7 (993) 426-76-52,user101224@example.ru,Санкт-Петербург,27.09.2024
c100059,Анна Белых,+7 (995) 520-43-75,user100059@example.ru,Москва,02.02.2025
c102332,Елена Шилова,+7 (969) 061-31-52,user102332@example.ru,Москва,25.02.2024
c101559,Алиса Панин,+7 (944) 646-80-55,user101559@example.ru,Санкт-Петербург,15.07.2025
c105666,Елена Осипова,+7 (979) 885-77-90,user105666@example.ru,Санкт-Петербург,29.06.2024
c104708,Юлия Шилова,+7 (912) 511-19-53,user104708@example.ru,Красноярск,25.08.2025
c104022,Лидия Мешков,+7 (931) 231-29-92,user104022@example.ru,Новосибирск,10.03.2025
c104853,Егор Лаптев,+7 (960) 547-17-33,user104853@example.ru,Москва,02.11.2025
c103764,Анна Шилова,+7 (951) 831-14-86,user103764@example.ru,Москва,29.01.2024
c105167,Максим Нестеров,+7 (985) 365-73-43,user105167@example.ru,Казань,14.12.2025
c104276,Юлия Лаптев,+7 (926) 718-38-40,user104276@example.ru,Казань,09.10.2024
c100907,Анна Нестеров,+7 (944) 507-12-74,user100907@example.ru,Новосибирск,18.04.2026
c104988,Артур Мешков,+7 (925) 066-61-05,user104988@example.ru,Санкт-Петербург,20.12.2024
c103195,Мария Осипова,+7 (996) 359-93-51,user103195@example.ru,Екатеринбург,30.12.2025
c100838,Ольга Ковальчук,+7 (929) 561-97-09,user100838@example.ru,Санкт-Петербург,30.01.2026
c101979,Роман Ковальчук,+7 (943) 239-89-44,user101979@example.ru,Санкт-Петербург,27.03.2024
c105135,Юлия Мешков,+7 (931) 166-27-70,user105135@example.ru,Новосибирск,07.04.2025
c102055,Максим Ковальчук,+7 (933) 520-13-00,user102055@example.ru,Екатеринбург,22.10.2024
c106030,Вера Осипова,+7 (973) 615-01-04,user106030@example.ru,Красноярск,08.05.2024
c101453,Ольга Тихонова,+7 (926) 586-92-85,user101453@example.ru,Екатеринбург,30.01.2025
c101001,Павел Ермаков,+7 (929) 341-29-04,user101001@example.ru,Москва,31.10.2024
c104837,Егор Мешков,+7 (958) 563-56-76,user104837@example.ru,Санкт-Петербург,01.03.2025
c102303,Ольга Белых,+7 (982) 755-06-29,user102303@example.ru,Екатеринбург,28.03.2024
c106850,Алиса Сорокина,+7 (956) 305-00-06,user106850@example.ru,Казань,31.07.2024
c101185,Ольга Нестеров,+7 (992) 591-89-13,user101185@example.ru,Москва,30.04.2024
c103686,Глеб Нестеров,+7 (934) 163-52-91,user103686@example.ru,Казань,03.01.2026
c102881,Вера Сорокина,+7 (937) 325-37-28,user102881@example.ru,Екатеринбург,11.08.2024
c104821,Роман Мешков,+7 (977) 702-34-52,user104821@example.ru,Санкт-Петербург,10.02.2025
c104965,Наталья Шилова,+7 (940) 478-53-33,user104965@example.ru,Новосибирск,04.02.2026
c102059,Юлия Зуева,+7 (938) 995-67-81,user102059@example.ru,Красноярск,25.11.2024
c102054,Игорь Панин,+7 (966) 861-81-87,user102054@example.ru,Екатеринбург,12.01.2026
c100108,Юлия Сорокина,+7 (985) 815-03-79,user100108@example.ru,Красноярск,26.03.2024
c103735,Анна Лаптев,+7 (980) 530-16-75,user103735@example.ru,Екатеринбург,20.11.2025
c104732,Анна Сорокина,+7 (962) 080-23-58,user104732@example.ru,Екатеринбург,04.01.2026
c105158,Павел Белых,+7 (921) 279-78-33,user105158@example.ru,Красноярск,04.10.2024
c100686,Алиса Нестеров,+7 (960) 821-10-55,user100686@example.ru,Казань,04.12.2025
c103521,Егор Зуева,+7 (988) 183-99-40,user103521@example.ru,Москва,20.06.2025
c106798,Максим Тихонова,+7 (918) 144-91-34,user106798@example.ru,Красноярск,18.05.2024
c106279,Егор Мешков,+7 (936) 525-95-32,user106279@example.ru,Красноярск,08.05.2026
c100725,Кирилл Ермаков,+7 (950) 975-26-00,user100725@example.ru,Екатеринбург,13.02.2024
c104432,Ольга Шилова,+7 (916) 806-07-48,user104432@example.ru,Красноярск,19.06.2025
c103738,Наталья Юдина,+7 (917) 768-70-83,user103738@example.ru,Москва,20.02.2026
c105091,Мария Савельев,+7 (973) 059-23-71,user105091@example.ru,Новосибирск,01.11.2025
c100759,Егор Сорокина,+7 (989) 880-63-21,user100759@example.ru,Санкт-Петербург,25.07.2024
c105253,Тимур Мешков,+7 (955) 490-68-98,user105253@example.ru,Красноярск,01.10.2024
c104166,Роман Сорокина,+7 (993) 799-78-13,user104166@example.ru,Новосибирск,19.01.2024
c104190,Вера Осипова,+7 (945) 256-42-41,user104190@example.ru,Новосибирск,13.02.2024
c105815,Павел Сорокина,+7 (958) 532-86-01,user105815@example.ru,Казань,01.08.2025
c101214,Вера Ковальчук,+7 (919) 006-81-91,user101214@example.ru,Новосибирск,10.09.2024
c102358,Максим Ковальчук,+7 (932) 308-81-62,user102358@example.ru,Москва,06.12.2025
c105021,Артур Шилова,+7 (911) 035-14-60,user105021@example.ru,Москва,24.01.2025
c101884,Егор Ермаков,+7 (926) 371-99-45,user101884@example.ru,Екатеринбург,09.04.2025
c104386,Анна Панин,+7 (981) 870-62-30,user104386@example.ru,Екатеринбург,05.06.2024
c103643,Максим Осипова,+7 (934) 270-61-62,user103643@example.ru,Санкт-Петербург,08.10.2025
c104542,Денис Нестеров,+7 (985) 573-70-73,user104542@example.ru,Красноярск,26.11.2025
c100777,Мария Гордеев,+7 (973) 024-62-82,user100777@example.ru,Екатеринбург,20.07.2024
c104489,Максим Белых,+7 (953) 532-11-36,user104489@example.ru,Санкт-Петербург,23.08.2024
c100097,Лидия Осипова,+7 (911) 137-00-68,user100097@example.ru,Казань,27.01.2024
c101445,Алиса Осипова,+7 (987) 957-22-17,user101445@example.ru,Екатеринбург,28.11.2025
c100203,Вера Мешков,+7 (987) 188-73-71,user100203@example.ru,Казань,08.06.2024
c104422,Денис Крылов,+7 (927) 086-79-37,user104422@example.ru,Москва,12.04.2024
c105994,Анна Шилова,+7 (940) 665-65-66,user105994@example.ru,Санкт-Петербург,12.10.2024
c101351,Павел Ковальчук,+7 (990) 695-06-16,user101351@example.ru,Новосибирск,07.02.2026
c104491,Ольга Белых,+7 (910) 054-26-95,user104491@example.ru,Екатеринбург,06.10.2024
c105794,Артур Панин,+7 (938) 673-93-41,user105794@example.ru,Санкт-Петербург,26.09.2024
c103078,Артур Осипова,+7 (997) 753-05-33,user103078@example.ru,Санкт-Петербург,01.08.2025
c100873,Тимур Ермаков,+7 (972) 355-24-83,user100873@example.ru,Москва,26.04.2025
c101955,Наталья Ковальчук,+7 (980) 410-98-38,user101955@example.ru,Москва,15.06.2026
c103175,Тимур Нестеров,+7 (939) 963-71-84,user103175@example.ru,Казань,16.11.2025
c101945,Елена Осипова,+7 (984) 212-27-13,user101945@example.ru,Красноярск,19.02.2026
c103058,Анна Лаптев,+7 (929) 711-91-33,user103058@example.ru,Санкт-Петербург,18.07.2024
c106296,Павел Юдина,+7 (956) 038-17-56,user106296@example.ru,Казань,27.01.2025
c101143,Вера Юдина,+7 (911) 044-60-52,user101143@example.ru,Екатеринбург,19.12.2024
c101132,Максим Тихонова,+7 (992) 604-54-95,user101132@example.ru,Москва,12.10.2024
c101775,Полина Осипова,+7 (976) 652-75-21,user101775@example.ru,Новосибирск,20.07.2024
c102376,Анна Шилова,+7 (925) 784-60-98,user102376@example.ru,Новосибирск,17.03.2026
c104230,Ольга Зуева,+7 (951) 862-32-98,user104230@example.ru,Казань,21.10.2025
c106843,Полина Савельев,+7 (921) 580-80-47,user106843@example.ru,Санкт-Петербург,17.07.2024
c103987,Полина Белых,+7 (968) 453-81-80,user103987@example.ru,Санкт-Петербург,28.04.2026
c103278,Максим Гордеев,+7 (949) 825-88-28,user103278@example.ru,Москва,25.03.2026
c102987,Кирилл Савельев,+7 (912) 642-12-01,user102987@example.ru,Красноярск,18.06.2025
c103701,Павел Крылов,+7 (924) 642-17-23,user103701@example.ru,Красноярск,30.09.2025
c106152,Лидия Юдина,+7 (955) 544-76-49,user106152@example.ru,Новосибирск,24.06.2026
c100073,Лидия Ковальчук,+7 (955) 870-70-83,user100073@example.ru,Красноярск,01.06.2024
c105734,Ольга Осипова,+7 (939) 113-31-56,user105734@example.ru,Москва,08.10.2024
c105602,Лидия Нестеров,+7 (945) 102-18-80,user105602@example.ru,Новосибирск,07.02.2026
c101729,Егор Юдина,+7 (961) 842-04-63,user101729@example.ru,Казань,09.11.2025
c106179,Денис Мешков,+7 (983) 737-38-63,user106179@example.ru,Москва,13.06.2024
c106518,Ольга Крылов,+7 (931) 654-91-62,user106518@example.ru,Москва,04.04.2024
c103590,Ольга Шилова,+7 (966) 182-03-48,user103590@example.ru,Новосибирск,04.11.2025
c102313,Анна Зуева,+7 (952) 333-47-45,user102313@example.ru,Новосибирск,05.02.2024
c105576,Глеб Шилова,+7 (972) 960-94-48,user105576@example.ru,Казань,11.11.2025
c103103,Максим Крылов,+7 (914) 994-73-57,user103103@example.ru,Екатеринбург,01.09.2025
c106659,Юлия Панин,+7 (964) 233-60-16,user106659@example.ru,Красноярск,19.03.2025
c104126,Егор Савельев,+7 (919) 899-87-86,user104126@example.ru,Казань,18.12.2024
c103072,Мария Ермаков,+7 (941) 845-61-39,user103072@example.ru,Екатеринбург,28.03.2025
c105384,Алиса Шилова,+7 (916) 164-35-05,user105384@example.ru,Красноярск,13.02.2024
c101321,Елена Сорокина,+7 (963) 092-76-36,user101321@example.ru,Санкт-Петербург,05.11.2025
c103729,Мария Шилова,+7 (978) 952-14-89,user103729@example.ru,Новосибирск,18.02.2026
c104579,Максим Осипова,+7 (914) 898-63-53,user104579@example.ru,Казань,25.04.2026
c104019,Полина Юдина,+7 (961) 664-61-85,user104019@example.ru,Казань,17.10.2025
c101197,Денис Зуева,+7 (959) 668-88-27,user101197@example.ru,Новосибирск,26.11.2024
c104624,Мария Гордеев,+7 (985) 804-92-50,user104624@example.ru,Москва,11.04.2026
c104887,Артур Крылов,+7 (939) 384-63-63,user104887@example.ru,Санкт-Петербург,16.06.2024
c103809,Артур Зуева,+7 (929) 352-46-97,user103809@example.ru,Москва,08.08.2025
c106713,Тимур Крылов,+7 (942) 356-00-42,user106713@example.ru,Казань,23.11.2024
c106761,Роман Ермаков,+7 (913) 050-91-72,user106761@example.ru,Екатеринбург,27.04.2026
c106234,Роман Юдина,+7 (991) 587-07-96,user106234@example.ru,Новосибирск,06.04.2024
c105318,Артур Панин,+7 (925) 801-24-74,user105318@example.ru,Казань,25.03.2024
c106032,Лидия Крылов,+7 (923) 645-04-75,user106032@example.ru,Москва,26.05.2026
c103008,Максим Зуева,+7 (993) 672-97-20,user103008@example.ru,Екатеринбург,29.09.2024
c106551,Мария Савельев,+7 (947) 152-82-29,user106551@example.ru,Казань,19.02.2024
c106595,Глеб Юдина,+7 (914) 149-02-10,user106595@example.ru,Новосибирск,19.11.2025
c103882,Полина Панин,+7 (956) 123-13-25,user103882@example.ru,Казань,27.10.2024
c105965,Наталья Белых,+7 (913) 594-22-02,user105965@example.ru,Москва,13.12.2024
c103447,Роман Савельев,+7 (945) 898-04-22,user103447@example.ru,Екатеринбург,29.05.2024
c104203,Анна Мешков,+7 (923) 329-21-84,user104203@example.ru,Казань,01.04.2026
c101009,Наталья Панин,+7 (926) 548-16-24,user101009@example.ru,Екатеринбург,27.02.2026
c104835,Лидия Панин,+7 (953) 887-29-97,user104835@example.ru,Санкт-Петербург,06.11.2024
c106005,Кирилл Ермаков,+7 (995) 255-86-26,user106005@example.ru,Москва,15.05.2025
c103736,Артур Панин,+7 (980) 080-29-39,user103736@example.ru,Москва,06.09.2025
c105312,Тимур Тихонова,+7 (989) 690-37-91,user105312@example.ru,Казань,10.09.2024
c103467,Юлия Гордеев,+7 (913) 553-99-25,user103467@example.ru,Красноярск,28.04.2025
c101365,Мария Нестеров,+7 (980) 182-75-19,user101365@example.ru,Красноярск,31.01.2025
c103819,Денис Белых,+7 (983) 887-37-93,user103819@example.ru,Екатеринбург,27.06.2025
c103263,Роман Осипова,+7 (997) 355-65-17,user103263@example.ru,Новосибирск,27.11.2024
c104989,Денис Тихонова,+7 (951) 601-51-97,user104989@example.ru,Москва,23.01.2024
c101031,Роман Мешков,+7 (910) 212-09-55,user101031@example.ru,Санкт-Петербург,31.05.2026
c103985,Игорь Осипова,+7 (970) 024-36-12,user103985@example.ru,Екатеринбург,10.12.2024
c102260,Лидия Ермаков,+7 (910) 547-17-38,user102260@example.ru,Екатеринбург,03.02.2024
c101660,Полина Юдина,+7 (929) 047-08-35,user101660@example.ru,Красноярск,12.09.2025
c106587,Вера Зуева,+7 (910) 467-66-74,user106587@example.ru,Новосибирск,22.12.2025
c103895,Кирилл Шилова,+7 (977) 418-82-38,user103895@example.ru,Санкт-Петербург,01.08.2025
c103314,Тимур Савельев,+7 (920) 934-94-43,user103314@example.ru,Москва,21.06.2024
c104480,Алиса Зуева,+7 (938) 359-68-81,user104480@example.ru,Екатеринбург,10.06.2024
c101614,Игорь Панин,+7 (958) 234-69-91,user101614@example.ru,Красноярск,08.06.2025
c102437,Елена Нестеров,+7 (923) 344-22-71,user102437@example.ru,Новосибирск,15.05.2024
c106871,Денис Сорокина,+7 (911) 200-31-62,user106871@example.ru,Новосибирск,20.11.2025
c105751,Кирилл Тихонова,+7 (921) 306-29-56,user105751@example.ru,Екатеринбург,17.12.2024
c100945,Артур Юдина,+7 (984) 782-14-27,user100945@example.ru,Москва,04.12.2024
c105095,Наталья Крылов,+7 (967) 652-01-45,user105095@example.ru,Красноярск,26.02.2026
c104349,Артур Лаптев,+7 (990) 766-83-60,user104349@example.ru,Казань,14.06.2024
c106777,Игорь Нестеров,+7 (998) 690-46-55,user106777@example.ru,Казань,27.01.2026
c101597,Павел Крылов,+7 (983) 438-92-94,user101597@example.ru,Красноярск,04.11.2025
c102116,Павел Шилова,+7 (951) 683-24-39,user102116@example.ru,Красноярск,13.01.2025
c102360,Глеб Гордеев,+7 (946) 913-10-36,user102360@example.ru,Санкт-Петербург,23.01.2024
c105955,Мария Ковальчук,+7 (946) 638-77-03,user105955@example.ru,Красноярск,09.03.2024
c103533,Тимур Шилова,+7 (951) 684-10-61,user103533@example.ru,Новосибирск,05.12.2025
c104079,Ольга Савельев,+7 (954) 475-63-60,user104079@example.ru,Казань,29.08.2024
c102096,Вера Ковальчук,+7 (973) 067-02-68,user102096@example.ru,Москва,26.12.2025
c102791,Глеб Ковальчук,+7 (995) 584-15-36,user102791@example.ru,Красноярск,19.04.2025
c106671,Юлия Шилова,+7 (979) 144-41-48,user106671@example.ru,Новосибирск,04.07.2025
c102465,Павел Крылов,+7 (918) 534-84-25,user102465@example.ru,Москва,15.08.2025
c106345,Артур Тихонова,+7 (976) 010-96-54,user106345@example.ru,Красноярск,13.06.2025
c102192,Наталья Сорокина,+7 (914) 627-77-76,user102192@example.ru,Новосибирск,12.07.2025
c104228,Роман Панин,+7 (937) 632-18-87,user104228@example.ru,Москва,16.07.2024
c103227,Артур Нестеров,+7 (932) 776-77-00,user103227@example.ru,Новосибирск,09.06.2024
c105402,Ольга Ермаков,+7 (984) 810-21-36,user105402@example.ru,Красноярск,04.05.2024
c105086,Лидия Савельев,+7 (956) 659-24-19,user105086@example.ru,Красноярск,02.12.2025
c103989,Максим Зуева,+7 (990) 098-11-46,user103989@example.ru,Казань,24.03.2025
c106829,Павел Ермаков,+7 (979) 287-95-72,user106829@example.ru,Санкт-Петербург,14.03.2026
c100428,Лидия Крылов,+7 (987) 251-69-61,user100428@example.ru,Новосибирск,11.03.2026
c106266,Наталья Ермаков,+7 (910) 440-35-88,user106266@example.ru,Новосибирск,05.07.2025
c106504,Максим Осипова,+7 (918) 959-81-10,user106504@example.ru,Екатеринбург,16.09.2024
c106562,Анна Мешков,+7 (992) 291-11-57,user106562@example.ru,Екатеринбург,25.08.2025
