client_id,fio,phone,email,city,created_at
c102023,Алиса Тихонова,+7 (979) 483-63-46,user102023@example.ru,Новосибирск,07.02.2026
c106837,Роман Белых,+7 (979) 291-97-84,user106837@example.ru,Екатеринбург,15.10.2025
c102613,Анна Мешков,+7 (962) 739-50-27,user102613@example.ru,Екатеринбург,09.10.2024
c100891,Кирилл Шилова,+7 (943) 452-02-57,user100891@example.ru,Казань,08.04.2024
c101095,Вера Мешков,+7 (917) 283-03-84,user101095@example.ru,Казань,17.02.2025
c103521,Артур Ермаков,+7 (961) 729-17-97,user103521@example.ru,Санкт-Петербург,13.09.2024
c106326,Роман Осипова,+7 (961) 293-68-98,user106326@example.ru,Екатеринбург,10.03.2025
c103125,Артур Зуева,+7 (910) 091-81-15,user103125@example.ru,Красноярск,08.03.2025
c100962,Денис Белых,+7 (961) 264-94-82,user100962@example.ru,Москва,26.04.2024
c104875,Роман Белых,+7 (955) 661-59-20,user104875@example.ru,Санкт-Петербург,02.02.2026
c105689,Денис Осипова,+7 (986) 074-14-45,user105689@example.ru,Новосибирск,09.01.2025
c101294,Юлия Осипова,+7 (961) 989-05-71,user101294@example.ru,Санкт-Петербург,13.09.2025
c105495,Тимур Сорокина,+7 (945) 542-10-05,user105495@example.ru,Казань,14.09.2025
c103826,Игорь Савельев,+7 (944) 444-16-44,user103826@example.ru,Новосибирск,26.03.2025
c105237,Егор Ковальчук,+7 (915) 097-07-01,user105237@example.ru,Красноярск,28.04.2026
c103158,Глеб Лаптев,+7 (973) 564-54-04,user103158@example.ru,Красноярск,19.03.2025
c106188,Кирилл Панин,+7 (922) 946-85-61,user106188@example.ru,Москва,08.11.2025
c103429,Кирилл Мешков,+7 (938) 927-29-73,user103429@example.ru,Санкт-Петербург,11.06.2024
c101066,Кирилл Лаптев,+7 (962) 675-79-21,user101066@example.ru,Красноярск,16.01.2025
c103692,Егор Мешков,+7 (935) 279-51-92,user103692@example.ru,Казань,20.07.2024
c104786,Ольга Юдина,+7 (935) 999-74-79,user104786@example.ru,Санкт-Петербург,07.06.2026
c102898,Лидия Савельев,+7 (916) 803-52-77,user102898@example.ru,Казань,08.07.2025
c103213,Анна Шилова,+7 (992) 626-72-86,user103213@example.ru,Казань,31.12.2025
c100980,Игорь Юдина,+7 (972) 341-80-02,user100980@example.ru,Новосибирск,20.05.2024
c103760,Максим Крылов,+7 (981) 505-06-12,user103760@example.ru,Казань,27.02.2026
c104573,Полина Юдина,+7 (976) 643-09-68,user104573@example.ru,Екатеринбург,20.08.2024
c105849,Игорь Крылов,+7 (990) 692-05-57,user105849@example.ru,Красноярск,14.08.2025
c106565,Вера Крылов,+7 (947) 030-63-32,user106565@example.ru,Санкт-Петербург,25.01.2026
c100429,Ольга Крылов,+7 (919) 488-60-85,user100429@example.ru,Казань,30.06.2025
c102066,Максим Осипова,+7 (947) 790-14-94,user102066@example.ru,Казань,26.05.2026
c104315,Павел Нестеров,+7 (931) 463-38-55,user104315@example.ru,Екатеринбург,02.06.2026
c105248,Глеб Савельев,+7 (948) 022-38-53,user105248@example.ru,Екатеринбург,30.08.2025
c104361,Роман Лаптев,+7 (912) 758-01-96,user104361@example.ru,Екатеринбург,18.07.2024
c105562,Роман Мешков,+7 (960) 722-20-91,user105562@example.ru,Москва,18.05.2025
c102215,Полина Осипова,+7 (916) 219-58-17,user102215@example.ru,Москва,27.09.2024
c100461,Глеб Крылов,+7 (954) 214-30-23,user100461@example.ru,Казань,17.11.2024
c104477,Алиса Лаптев,+7 (984) 827-84-77,user104477@example.ru,Новосибирск,07.06.2026
c100986,Лидия Ермаков,+7 (914) 253-24-73,user100986@example.ru,Москва,31.12.2024
c100008,Роман Мешков,+7 (967) 079-83-65,user100008@example.ru,Екатеринбург,13.10.2024
c101784,Наталья Ковальчук,+7 (910) 797-12-55,user101784@example.ru,Москва,06.08.2025
c106151,Глеб Осипова,+7 (991) 688-58-48,user106151@example.ru,Санкт-Петербург,27.04.2025
c104985,Максим Шилова,+7 (951) 372-91-78,user104985@example.ru,Санкт-Петербург,22.12.2025
c103625,Алиса Юдина,+7 (980) 586-00-37,user103625@example.ru,Москва,09.11.2025
c100519,Егор Нестеров,+7 (957) 123-21-69,user100519@example.ru,Новосибирск,12.08.2025
c106468,Алиса Панин,+7 (912) 909-45-82,user106468@example.ru,Казань,18.08.2025
c104281,Максим Сорокина,+7 (948) 518-12-98,user104281@example.ru,Красноярск,10.10.2025
c105535,Лидия Осипова,+7 (959) 820-79-61,user105535@example.ru,Красноярск,25.04.2025
c101360,Юлия Ковальчук,+7 (932) 939-47-46,user101360@example.ru,Екатеринбург,21.04.2026
c106121,Артур Шилова,+7 (920) 187-60-96,user106121@example.ru,Екатеринбург,09.02.2025
c100820,Алиса Тихонова,+7 (974) 652-23-21,user100820@example.ru,Красноярск,30.06.2026
c106487,Максим Сорокина,+7 (956) 315-59-62,user106487@example.ru,Москва,22.02.2026
c100075,Тимур Нестеров,+7 (950) 793-34-20,user100075@example.ru,Москва,13.01.2024
c104437,Максим Тихонова,+7 (968) 021-68-50,user104437@example.ru,Красноярск,24.06.2026
c101619,Ольга Ермаков,+7 (982) 429-39-32,user101619@example.ru,Москва,12.02.2026
c102362,Егор Гордеев,+7 (910) 286-24-77,user102362@example.ru,Красноярск,28.08.2025
c102880,Роман Панин,+7 (913) 085-65-71,user102880@example.ru,Казань,19.03.2026
c100506,Елена Лаптев,+7 (986) 706-23-02,user100506@example.ru,Казань,16.06.2026
c103046,Максим Нестеров,+7 (999) 757-77-69,user103046@example.ru,Новосибирск,30.06.2025
c105264,Максим Ковальчук,+7 (931) 654-21-29,user105264@example.ru,Екатеринбург,14.12.2025
c104106,Павел Белых,+7 (977) 508-23-28,user104106@example.ru,Казань,24.02.2025
c104815,Мария Осипова,+7 (963) 994-46-54,user104815@example.ru,Казань,12.06.2025
c106690,Игорь Мешков,+7 (967) 091-03-33,user106690@example.ru,Москва,09.05.2024
c106112,Глеб Савельев,+7 (944) 102-70-47,user106112@example.ru,Санкт-Петербург,16.01.2026
c101827,Максим Нестеров,+7 (975) 878-19-05,user101827@example.ru,Казань,29.04.2026
c104938,Роман Юдина,+7 (980) 754-56-12,user104938@example.ru,Казань,09.01.2026
c102329,Игорь Лаптев,+7 (968) 780-41-16,user102329@example.ru,Красноярск,13.02.2024
c103464,Артур Ковальчук,+7 (987) 843-00-66,user103464@example.ru,Красноярск,11.04.2024
c100168,Кирилл Ермаков,+7 (944) 693-30-69,user100168@example.ru,Санкт-Петербург,23.03.2025
c105531,Артур Осипова,+7 (932) 457-47-78,user105531@example.ru,Новосибирск,17.03.2026
c102852,Полина Панин,+7 (939) 034-06-31,user102852@example.ru,Екатеринбург,10.02.2026
c104139,Тимур Гордеев,+7 (915) 513-70-85,user104139@example.ru,Санкт-Петербург,02.02.2026
c102199,Максим Юдина,+7 (964) 973-00-91,user102199@example.ru,Москва,09.04.2026
c102737,Наталья Зуева,+7 (924) 150-84-51,user102737@example.ru,Красноярск,05.02.2024
c102617,Наталья Юдина,+7 (958) 133-27-46,user102617@example.ru,Москва,27.03.2025
c103745,Игорь Тихонова,+7 (934) 051-00-05,user103745@example.ru,Новосибирск,21.04.2026
c101554,Наталья Шилова,+7 (953) 818-31-96,user101554@example.ru,Екатеринбург,23.07.2024
c105806,Егор Лаптев,+7 (921) 259-08-50,user105806@example.ru,Казань,09.02.2025
c101917,Максим Мешков,+7 (985) 477-51-93,user101917@example.ru,Москва,13.12.2024
c102188,Роман Ермаков,+7 (942) 675-48-15,user102188@example.ru,Санкт-Петербург,21.05.2026
c106813,Вера Ковальчук,+7 (920) 083-39-90,user106813@example.ru,Новосибирск,21.02.2025
c104789,Юлия Ермаков,+7 (967) 968-09-94,user104789@example.ru,Екатеринбург,13.11.2025
c100181,Полина Панин,+7 (966) 506-43-70,user100181@example.ru,Санкт-Петербург,17.08.2025
c102590,Тимур Лаптев,+7 (976) 890-15-71,user102590@example.ru,Казань,21.04.2024
c104199,Мария Ермаков,+7 (962) 586-25-50,user104199@example.ru,Санкт-Петербург,22.12.2024
c102684,Максим Крылов,+7 (973) 732-41-35,user102684@example.ru,Москва,13.04.2025
c102234,Тимур Савельев,+7 (967) 242-87-83,user102234@example.ru,Екатеринбург,15.03.2024
c102645,Алиса Панин,+7 (948) 399-96-95,user102645@example.ru,Новосибирск,16.03.2026
c103226,Максим Сорокина,+7 (925) 914-00-18,user103226@example.ru,Екатеринбург,20.07.2025
c106388,Лидия Сорокина,+7 (919) 101-27-60,user106388@example.ru,Екатеринбург,28.04.2026
c100866,Наталья Тихонова,+7 (982) 304-59-91,user100866@example.ru,Санкт-Петербург,26.04.2025
c102734,Мария Белых,+7 (949) 377-74-47,user102734@example.ru,Екатеринбург,11.03.2026
c105331,Тимур Ковальчук,+7 (949) 758-75-38,user105331@example.ru,Новосибирск,24.06.2025
c101005,Максим Ковальчук,+7 (950) 373-37-16,user101005@example.ru,Санкт-Петербург,19.10.2024
c106503,Глеб Мешков,+7 (938) 162-56-15,user106503@example.ru,Новосибирск,30.09.2024
c101937,Максим Гордеев,+7 (977) 833-83-56,user101937@example.ru,Москва,28.06.2026
c102526,Кирилл Осипова,+7 (932) 162-70-63,user102526@example.ru,Новосибирск,25.08.2025
c102724,Мария Панин,+7 (978) 559-09-13,user102724@example.ru,Москва,08.04.2024
c102128,Анна Сорокина,+7 (948) 021-01-94,user102128@example.ru,Красноярск,03.01.2026
c102967,Лидия Панин,+7 (945) 747-92-14,user102967@example.ru,Москва,29.09.2024
c106731,Кирилл Мешков,+7 (939) 480-78-93,user106731@example.ru,Москва,03.02.2026
c105814,Наталья Белых,+7 (931) 593-62-64,user105814@example.ru,Красноярск,11.07.2025
c100611,Павел Панин,+7 (952) 737-29-86,user100611@example.ru,Красноярск,21.11.2025
c103500,Алиса Панин,+7 (990) 032-10-20,user103500@example.ru,Екатеринбург,10.01.2025
c105134,Ольга Нестеров,+7 (925) 696-50-15,user105134@example.ru,Москва,08.09.2024
c104865,Лидия Крылов,+7 (960) 131-23-01,user104865@example.ru,Санкт-Петербург,14.05.2024
c100514,Анна Ковальчук,+7 (910) 518-93-45,user100514@example.ru,Москва,03.07.2024
c102359,Роман Юдина,+7 (946) 947-35-09,user102359@example.ru,Санкт-Петербург,28.11.2025
c105627,Вера Ковальчук,+7 (984) 181-68-32,user105627@example.ru,Новосибирск,26.12.2024
c105587,Денис Шилова,+7 (936) 471-82-34,user105587@example.ru,Красноярск,30.11.2024
c106199,Анна Крылов,+7 (914) 666-12-01,user106199@example.ru,Казань,17.02.2024
c105186,Полина Гордеев,+7 (913) 738-43-47,user105186@example.ru,Казань,08.06.2025
c102226,Ольга Юдина,+7 (964) 207-01-05,user102226@example.ru,Новосибирск,30.04.2024
c104956,Глеб Юдина,+7 (965) 287-80-23,user104956@example.ru,Новосибирск,01.04.2026
c106467,Лидия Зуева,+7 (960) 234-35-95,user106467@example.ru,Красноярск,29.04.2024
c100806,Елена Мешков,+7 (989) 289-10-89,user100806@example.ru,Новосибирск,11.02.2024
c101394,Роман Крылов,+7 (948) 292-70-90,user101394@example.ru,Екатеринбург,25.01.2026
c100100,Лидия Юдина,+7 (920) 510-24-13,user100100@example.ru,Екатеринбург,12.06.2026
c104272,Наталья Шилова,+7 (941) 093-15-63,user104272@example.ru,Казань,16.04.2024
c102446,Павел Белых,+7 (961) 909-26-84,user102446@example.ru,Казань,12.11.2024
c100571,Мария Ковальчук,+7 (998) 687-00-13,user100571@example.ru,Казань,28.09.2025
c106499,Игорь Панин,+7 (920) 465-48-14,user106499@example.ru,Красноярск,22.01.2025
c105585,Анна Гордеев,+7 (919) 678-46-26,user105585@example.ru,Санкт-Петербург,13.03.2026
c101793,Наталья Шилова,+7 (941) 798-99-69,user101793@example.ru,Москва,23.10.2024
c103789,Павел Зуева,+7 (944) 043-07-62,user103789@example.ru,Казань,10.05.2025
c103343,Игорь Крылов,+7 (912) 124-60-33,user103343@example.ru,Казань,19.06.2025
c106062,Игорь Мешков,+7 (974) 710-43-57,user106062@example.ru,Новосибирск,16.08.2025
c102825,Мария Нестеров,+7 (923) 302-79-87,user102825@example.ru,Казань,31.03.2024
c104063,Мария Зуева,+7 (991) 649-48-15,user104063@example.ru,Санкт-Петербург,27.12.2024
c104981,Павел Нестеров,+7 (960) 966-97-61,user104981@example.ru,Новосибирск,19.09.2025
c105493,Глеб Тихонова,+7 (918) 031-65-65,user105493@example.ru,Новосибирск,26.04.2024
c102904,Наталья Нестеров,+7 (967) 509-23-72,user102904@example.ru,Санкт-Петербург,03.02.2025
c106604,Анна Панин,+7 (952) 134-45-48,user106604@example.ru,Казань,27.11.2024
c101278,Анна Мешков,+7 (940) 225-80-29,user101278@example.ru,Москва,04.06.2025
c100135,Игорь Зуева,+7 (960) 274-77-29,user100135@example.ru,Новосибирск,28.06.2025
c103475,Лидия Зуева,+7 (934) 037-99-07,user103475@example.ru,Санкт-Петербург,31.07.2025
c106233,Глеб Юдина,+7 (937) 088-66-06,user106233@example.ru,Екатеринбург,09.03.2025
c105959,Глеб Гордеев,+7 (947) 925-11-66,user105959@example.ru,Москва,23.11.2024
c103517,Ольга Мешков,+7 (931) 498-95-28,user103517@example.ru,Екатеринбург,14.07.2024
c106307,Анна Панин,+7 (931) 139-79-51,user106307@example.ru,Екатеринбург,09.01.2025
c101205,Глеб Ковальчук,+7 (939) 452-56-66,user101205@example.ru,Новосибирск,28.07.2025
c100504,Павел Сорокина,+7 (979) 209-21-56,user100504@example.ru,Красноярск,19.09.2024
c100298,Игорь Нестеров,+7 (936) 282-97-41,user100298@example.ru,Казань,27.08.2025
c100103,Полина Крылов,+7 (982) 366-31-32,user100103@example.ru,Новосибирск,03.05.2025
c100774,Анна Панин,+7 (994) 796-78-39,user100774@example.ru,Красноярск,27.01.2026
c105976,Юлия Сорокина,+7 (986) 031-76-16,user105976@example.ru,Казань,03.12.2024
c104991,Ольга Белых,+7 (932) 018-18-10,user104991@example.ru,Казань,02.02.2024
c104963,Денис Ковальчук,+7 (977) 870-16-96,user104963@example.ru,Казань,15.11.2025
c101275,Кирилл Зуева,+7 (982) 029-38-86,user101275@example.ru,Екатеринбург,24.10.2024
c105741,Артур Крылов,+7 (972) 758-77-59,user105741@example.ru,Москва,29.04.2025
c100240,Елена Ермаков,+7 (983) 283-70-67,user100240@example.ru,Екатеринбург,19.02.2025
c105875,Анна Панин,+7 (972) 062-45-10,user105875@example.ru,Красноярск,30.03.2026
c101655,Кирилл Белых,+7 (985) 673-20-50,user101655@example.ru,Санкт-Петербург,13.10.2024
c102753,Роман Тихонова,+7 (968) 385-48-38,user102753@example.ru,Москва,09.03.2024
c101172,Мария Савельев,+7 (955) 937-64-23,user101172@example.ru,Новосибирск,18.02.2024
c103322,Роман Осипова,+7 (953) 880-36-59,user103322@example.ru,Казань,24.08.2024
c101841,Полина Тихонова,+7 (962) 689-15-35,user101841@example.ru,Екатеринбург,06.06.2024
c101636,Тимур Шилова,+7 (957) 251-76-36,user101636@example.ru,Москва,23.10.2024
c103427,Денис Юдина,+7 (987) 309-21-23,user103427@example.ru,Москва,15.02.2024
c102420,Наталья Ермаков,+7 (955) 365-69-17,user102420@example.ru,Новосибирск,08.11.2024
c105071,Полина Ермаков,+7 (944) 230-38-85,user105071@example.ru,Москва,21.06.2024
c102264,Денис Лаптев,+7 (951) 213-62-59,user102264@example.ru,Санкт-Петербург,03.09.2024
c106412,Тимур Белых,+7 (945) 667-67-02,user106412@example.ru,Москва,10.03.2026
c103097,Ольга Ковальчук,+7 (932) 241-49-32,user103097@example.ru,Екатеринбург,26.03.2024
c105559,Егор Крылов,+7 (986) 185-41-10,user105559@example.ru,Красноярск,03.05.2025
c106409,Егор Нестеров,+7 (977) 627-50-42,user106409@example.ru,Санкт-Петербург,08.04.2026
c103640,Кирилл Панин,+7 (993) 291-79-90,user103640@example.ru,Екатеринбург,12.12.2025
c103014,Алиса Нестеров,+7 (919) 108-68-95,user103014@example.ru,Казань,12.04.2024
c103262,Ольга Шилова,+7 (988) 804-46-29,user103262@example.ru,Санкт-Петербург,27.01.2024
c105082,Вера Осипова,+7 (948) 531-64-69,user105082@example.ru,Новосибирск,30.04.2025
c103175,Глеб Шилова,+7 (923) 148-18-23,user103175@example.ru,Екатеринбург,23.03.2025
c101221,Максим Лаптев,+7 (940) 024-70-69,user101221@example.ru,Москва,10.04.2026
c103654,Мария Крылов,+7 (915) 997-30-56,user103654@example.ru,Москва,20.03.2024
c103749,Роман Сорокина,+7 (985) 769-39-81,user103749@example.ru,Красноярск,02.05.2025
c102123,Глеб Крылов,+7 (954) 663-69-36,user102123@example.ru,Санкт-Петербург,17.10.2025
c103949,Роман Белых,+7 (981) 979-16-42,user103949@example.ru,Казань,12.07.2024
c105848,Денис Крылов,+7 (940) 883-61-92,user105848@example.ru,Казань,29.09.2024
c102142,Елена Белых,+7 (997) 257-49-91,user102142@example.ru,Москва,27.10.2024
c102119,Денис Мешков,+7 (952) 069-19-92,user102119@example.ru,Красноярск,18.12.2025
c105095,Максим Нестеров,+7 (930) 478-74-90,user105095@example.ru,Екатеринбург,13.02.2026
c101246,Павел Лаптев,+7 (968) 019-62-96,user101246@example.ru,Красноярск,17.01.2024
c101923,Ольга Ковальчук,+7 (998) 547-85-19,user101923@example.ru,Новосибирск,10.06.2025
c104151,Артур Шилова,+7 (915) 877-96-96,user104151@example.ru,Красноярск,03.12.2025
c101303,Вера Сорокина,+7 (958) 360-75-76,user101303@example.ru,Новосибирск,23.06.2025
c100222,Наталья Белых,+7 (999) 746-32-56,user100222@example.ru,Санкт-Петербург,03.02.2026
c103580,Денис Юдина,+7 (932) 113-10-43,user103580@example.ru,Казань,24.03.2024
c103059,Тимур Нестеров,+7 (918) 278-30-15,user103059@example.ru,Москва,20.06.2025
c100006,Егор Крылов,+7 (941) 196-46-14,user100006@example.ru,Екатеринбург,10.12.2024
c106389,Мария Савельев,+7 (996) 301-99-06,user106389@example.ru,Казань,05.04.2025
c106187,Тимур Гордеев,+7 (961) 519-82-66,user106187@example.ru,Екатеринбург,19.04.2025
c104327,Мария Осипова,+7 (971) 142-12-74,user104327@example.ru,Екатеринбург,17.12.2024
c103496,Роман Нестеров,+7 (961) 783-69-08,user103496@example.ru,Новосибирск,06.03.2024
c105557,Денис Крылов,+7 (973) 990-25-05,user105557@example.ru,Новосибирск,25.06.2026
c102398,Анна Ковальчук,+7 (963) 923-65-83,user102398@example.ru,Казань,09.06.2025
c100902,Игорь Панин,+7 (977) 004-16-90,user100902@example.ru,Казань,11.06.2024
c102163,Игорь Панин,+7 (987) 782-96-95,user102163@example.ru,Екатеринбург,05.05.2026
c104086,Игорь Сорокина,+7 (944) 491-90-35,user104086@example.ru,Москва,13.01.2024
c102000,Алиса Белых,+7 (920) 328-10-44,user102000@example.ru,Екатеринбург,27.02.2026
c100616,Глеб Мешков,+7 (934) 246-35-69,user100616@example.ru,Казань,16.02.2025
c104714,Игорь Зуева,+7 (983) 353-47-21,user104714@example.ru,Казань,21.01.2026
c105567,Тимур Зуева,+7 (910) 186-51-75,user105567@example.ru,Новосибирск,27.08.2024
c104527,Игорь Осипова,+7 (924) 047-75-45,user104527@example.ru,Москва,19.02.2024
c106846,Егор Савельев,+7 (978) 004-98-13,user106846@example.ru,Новосибирск,24.04.2025
c102397,Вера Панин,+7 (939) 530-77-23,user102397@example.ru,Москва,27.01.2024
c103221,Павел Крылов,+7 (978) 287-28-78,user103221@example.ru,Москва,25.10.2024
c106376,Анна Лаптев,+7 (910) 132-79-28,user106376@example.ru,Санкт-Петербург,08.04.2024
c105381,Лидия Юдина,+7 (923) 549-63-15,user105381@example.ru,Москва,22.06.2025
c101941,Игорь Лаптев,+7 (948) 139-29-46,user101941@example.ru,Москва,24.04.2025
c106274,Глеб Зуева,+7 (912) 499-81-67,user106274@example.ru,Новосибирск,28.02.2025
c104755,Алиса Ермаков,+7 (991) 767-30-68,user104755@example.ru,Казань,16.09.2025
c103219,Ольга Гордеев,+7 (926) 363-63-64,user103219@example.ru,Екатеринбург,29.05.2024
c104606,Кирилл Панин,+7 (947) 539-58-53,user104606@example.ru,Москва,22.06.2026
c103109,Тимур Крылов,+7 (946) 677-70-64,user103109@example.ru,Новосибирск,13.11.2025
c101568,Глеб Тихонова,+7 (911) 279-80-98,user101568@example.ru,Казань,12.05.2024
c105979,Павел Юдина,+7 (935) 903-42-58,user105979@example.ru,Екатеринбург,11.05.2024
c106494,Артур Лаптев,+7 (990) 262-09-53,user106494@example.ru,Красноярск,03.06.2024
c100569,Глеб Ковальчук,+7 (934) 536-04-83,user100569@example.ru,Красноярск,07.02.2026
c102925,Елена Белых,+7 (957) 127-05-13,user102925@example.ru,Казань,02.05.2024
c105903,Глеб Мешков,+7 (948) 910-30-31,user105903@example.ru,Москва,10.02.2025
c105189,Алиса Лаптев,+7 (953) 621-68-04,user105189@example.ru,Москва,22.10.2024
c105757,Тимур Зуева,+7 (987) 396-12-30,user105757@example.ru,Красноярск,29.02.2024
c101775,Роман Шилова,+7 (992) 842-27-50,user101775@example.ru,Санкт-Петербург,21.03.2024
c101570,Денис Лаптев,+7 (982) 658-39-68,user101570@example.ru,Красноярск,10.07.2024
c102441,Глеб Шилова,+7 (920) 627-72-21,user102441@example.ru,Екатеринбург,27.11.2025
c103345,Анна Тихонова,+7 (991) 568-26-22,user103345@example.ru,Казань,04.01.2025
c100170,Тимур Панин,+7 (989) 456-63-84,user100170@example.ru,Новосибирск,03.03.2025
c105112,Максим Гордеев,+7 (985) 943-16-95,user105112@example.ru,Красноярск,21.02.2025
c100144,Наталья Шилова,+7 (992) 665-43-61,user100144@example.ru,Екатеринбург,27.06.2025
c103859,Игорь Шилова,+7 (924) 649-03-42,user103859@example.ru,Москва,18.05.2026
c104975,Алиса Шилова,+7 (925) 936-60-89,user104975@example.ru,Екатеринбург,20.06.2025
c102858,Ольга Нестеров,+7 (931) 868-42-89,user102858@example.ru,Екатеринбург,26.11.2025
c105166,Ольга Шилова,+7 (992) 966-29-62,user105166@example.ru,Екатеринбург,31.07.2024
c101809,Алиса Шилова,+7 (972) 481-98-47,user101809@example.ru,Казань,25.07.2024
c101551,Наталья Мешков,+7 (947) 856-44-23,user101551@example.ru,Екатеринбург,03.12.2024
c106267,Юлия Ковальчук,+7 (998) 496-36-21,user106267@example.ru,Санкт-Петербург,04.04.2025
c100369,Павел Осипова,+7 (982) 616-65-10,user100369@example.ru,Екатеринбург,12.06.2024
c102218,Глеб Тихонова,+7 (974) 324-20-43,user102218@example.ru,Москва,11.09.2024
c104584,Ольга Белых,+7 (920) 486-51-98,user104584@example.ru,Красноярск,07.08.2025
c101887,Елена Осипова,+7 (998) 105-24-20,user101887@example.ru,Санкт-Петербург,12.02.2026
c100550,Максим Лаптев,+7 (967) 300-47-38,user100550@example.ru,Екатеринбург,22.03.2025
c105711,Ольга Гордеев,+7 (914) 802-58-67,user105711@example.ru,Новосибирск,19.07.2025
c103392,Артур Сорокина,+7 (974) 768-14-70,user103392@example.ru,Красноярск,22.09.2025
c104674,Алиса Лаптев,+7 (911) 614-31-91,user104674@example.ru,Санкт-Петербург,30.07.2025
c105221,Павел Крылов,+7 (996) 008-55-06,user105221@example.ru,Новосибирск,11.07.2024
c103245,Ольга Мешков,+7 (985) 077-28-73,user103245@example.ru,Новосибирск,24.07.2025
c104625,Тимур Осипова,+7 (923) 720-56-54,user104625@example.ru,Красноярск,23.01.2024
c104744,Елена Крылов,+7 (977) 237-35-29,user104744@example.ru,Красноярск,22.03.2025
c100171,Павел Лаптев,+7 (934) 397-69-35,user100171@example.ru,Москва,28.04.2024
c100463,Ольга Нестеров,+7 (935) 281-19-68,user100463@example.ru,Казань,08.08.2025
c102024,Максим Зуева,+7 (965) 587-39-76,user102024@example.ru,Казань,08.11.2025
c101942,Денис Мешков,+7 (932) 889-91-61,user101942@example.ru,Санкт-Петербург,06.02.2025
c105826,Анна Лаптев,+7 (930) 185-77-87,user105826@example.ru,Санкт-Петербург,24.02.2024
c101800,Анна Шилова,+7 (950) 197-26-42,user101800@example.ru,Новосибирск,19.04.2024
c103104,Алиса Юдина,+7 (985) 691-14-25,user103104@example.ru,Екатеринбург,25.03.2026
c106026,Павел Осипова,+7 (955) 062-91-67,user106026@example.ru,Санкт-Петербург,22.10.2025
c103695,Максим Белых,+7 (951) 858-37-38,user103695@example.ru,Екатеринбург,12.04.2025
c101010,Вера Осипова,+7 (921) 377-66-32,user101010@example.ru,Екатеринбург,30.05.2026
c103814,Лидия Шилова,+7 (973) 444-31-61,user103814@example.ru,Красноярск,25.11.2024
c100485,Глеб Сорокина,+7 (936) 621-12-12,user100485@example.ru,Новосибирск,15.10.2024
c104617,Вера Савельев,+7 (911) 678-26-08,user104617@example.ru,Новосибирск,28.12.2024
c106113,Полина Лаптев,+7 (933) 303-13-88,user106113@example.ru,Санкт-Петербург,14.01.2026
c106559,Павел Панин,+7 (913) 705-85-92,user106559@example.ru,Красноярск,31.12.2024
c101426,Полина Савельев,+7 (969) 561-24-54,user101426@example.ru,Санкт-Петербург,16.02.2025
c102072,Анна Зуева,+7 (968) 629-41-17,user102072@example.ru,Казань,01.06.2026
c104778,Алиса Нестеров,+7 (992) 699-47-01,user104778@example.ru,Казань,07.05.2026
c103339,Алиса Ковальчук,+7 (970) 373-76-36,user103339@example.ru,Екатеринбург,19.04.2026
c105445,Игорь Зуева,+7 (938) 953-34-75,user105445@example.ru,Казань,21.06.2026
c103019,Полина Гордеев,+7 (940) 089-47-17,user103019@example.ru,Москва,18.02.2026
c104188,Тимур Нестеров,+7 (978) 570-58-83,user104188@example.ru,Новосибирск,15.04.2026
c100359,Артур Тихонова,+7 (987) 684-71-05,user100359@example.ru,Красноярск,10.09.2025
c102763,Павел Нестеров,+7 (954) 716-59-27,user102763@example.ru,Санкт-Петербург,08.01.2025
c104663,Алиса Савельев,+7 (952) 001-70-01,user104663@example.ru,Красноярск,15.03.2026
c100295,Егор Нестеров,+7 (968) 473-55-56,user100295@example.ru,Москва,05.01.2026
c104428,Егор Белых,+7 (968) 813-29-92,user104428@example.ru,Красноярск,05.12.2024
c105748,Мария Юдина,+7 (992) 938-02-99,user105748@example.ru,Казань,08.08.2024
c105698,Лидия Панин,+7 (926) 204-77-57,user105698@example.ru,Красноярск,20.08.2025
c102575,Павел Ковальчук,+7 (933) 098-71-24,user102575@example.ru,Казань,10.04.2024
c102709,Лидия Нестеров,+7 (979) 938-11-58,user102709@example.ru,Красноярск,30.06.2026
c103259,Алиса Гордеев,+7 (958) 099-42-42,user103259@example.ru,Москва,23.02.2025
c103357,Максим Панин,+7 (945) 913-58-24,user103357@example.ru,Екатеринбург,28.03.2024
c105950,Денис Мешков,+7 (920) 109-34-02,user105950@example.ru,Новосибирск,16.10.2024
c102783,Егор Крылов,+7 (973) 902-90-87,user102783@example.ru,Москва,01.04.2025
c100123,Максим Тихонова,+7 (999) 126-33-44,user100123@example.ru,Казань,22.04.2024
c103738,Вера Зуева,+7 (924) 961-81-63,user103738@example.ru,Екатеринбург,16.06.2026
c105857,Мария Мешков,+7 (974) 443-36-61,user105857@example.ru,Новосибирск,08.10.2025
c104236,Павел Шилова,+7 (926) 973-82-51,user104236@example.ru,Санкт-Петербург,28.09.2024
c100500,Ольга Тихонова,+7 (962) 106-81-51,user100500@example.ru,Красноярск,31.08.2024
c102624,Денис Юдина,+7 (968) 897-53-40,user102624@example.ru,Екатеринбург,23.06.2025
c105467,Роман Шилова,+7 (996) 682-80-23,user105467@example.ru,Санкт-Петербург,13.01.2026
c100108,Глеб Белых,+7 (991) 445-88-98,user100108@example.ru,Москва,29.05.2026
c103471,Егор Юдина,+7 (923) 005-92-54,user103471@example.ru,Красноярск,06.02.2026
c103708,Наталья Юдина,+7 (915) 133-38-70,user103708@example.ru,Екатеринбург,20.10.2025
c105615,Егор Ковальчук,+7 (936) 489-96-55,user105615@example.ru,Казань,25.11.2025
c104526,Вера Осипова,+7 (940) 657-32-15,user104526@example.ru,Красноярск,29.07.2025
c104157,Юлия Осипова,+7 (985) 592-16-12,user104157@example.ru,Санкт-Петербург,23.03.2026
c100609,Елена Савельев,+7 (957) 474-73-48,user100609@example.ru,Санкт-Петербург,31.03.2025
c100534,Денис Осипова,+7 (933) 728-58-84,user100534@example.ru,Красноярск,07.05.2025
c101273,Кирилл Тихонова,+7 (972) 115-24-13,user101273@example.ru,Красноярск,03.07.2025
c104713,Вера Нестеров,+7 (991) 574-44-68,user104713@example.ru,Москва,19.02.2024
c104525,Роман Панин,+7 (957) 156-68-42,user104525@example.ru,Москва,15.04.2025
c102891,Глеб Шилова,+7 (980) 330-80-31,user102891@example.ru,Екатеринбург,14.08.2025
c105813,Ольга Ермаков,+7 (966) 556-36-87,user105813@example.ru,Казань,28.01.2024
c103304,Павел Мешков,+7 (920) 981-34-15,user103304@example.ru,Санкт-Петербург,29.01.2026
c105682,Анна Шилова,+7 (918) 021-84-62,user105682@example.ru,Санкт-Петербург,22.05.2026
c100963,Денис Сорокина,+7 (979) 321-14-74,user100963@example.ru,Казань,28.09.2024
c105293,Роман Белых,+7 (914) 174-23-29,user105293@example.ru,Санкт-Петербург,09.11.2024
c105625,Лидия Ермаков,+7 (992) 764-79-69,user105625@example.ru,Екатеринбург,06.09.2024
c105633,Тимур Юдина,+7 (940) 656-05-68,user105633@example.ru,Красноярск,16.03.2024
c101686,Максим Мешков,+7 (931) 291-92-33,user101686@example.ru,Санкт-Петербург,11.05.2024
c103128,Ольга Сорокина,+7 (957) 057-88-97,user103128@example.ru,Красноярск,21.05.2026
c103849,Глеб Панин,+7 (944) 731-04-93,user103849@example.ru,Санкт-Петербург,07.06.2025
c100619,Полина Савельев,+7 (940) 204-67-55,user100619@example.ru,Казань,02.12.2024
c104274,Кирилл Лаптев,+7 (976) 145-97-98,user104274@example.ru,Москва,18.01.2024
c105144,Вера Тихонова,+7 (944) 920-82-67,user105144@example.ru,Санкт-Петербург,03.07.2024
c102077,Елена Крылов,+7 (986) 092-41-92,user102077@example.ru,Екатеринбург,20.03.2024
c103658,Анна Шилова,+7 (959) 323-04-57,user103658@example.ru,Санкт-Петербург,13.01.2026
c104681,Ольга Осипова,+7 (919) 030-07-17,user104681@example.ru,Новосибирск,10.01.2026
c104058,Павел Гордеев,+7 (917) 798-49-85,user104058@example.ru,Казань,08.03.2025
c106793,Павел Тихонова,+7 (974) 686-79-01,user106793@example.ru,Екатеринбург,01.08.2025
c101301,Глеб Осипова,+7 (994) 899-09-00,user101301@example.ru,Москва,24.09.2025
c104150,Тимур Лаптев,+7 (913) 423-54-99,user104150@example.ru,Новосибирск,28.11.2025
c106761,Егор Ермаков,+7 (925) 792-01-43,user106761@example.ru,Казань,31.10.2024
c102227,Максим Юдина,+7 (972) 483-64-16,user102227@example.ru,Новосибирск,01.06.2025
c101840,Павел Белых,+7 (920) 118-86-34,user101840@example.ru,Санкт-Петербург,12.02.2026
c105380,Вера Панин,+7 (991) 203-68-89,user105380@example.ru,Казань,30.01.2024
c104484,Егор Белых,+7 (969) 359-66-91,user104484@example.ru,Екатеринбург,27.06.2024
c100245,Алиса Ковальчук,+7 (981) 933-97-67,user100245@example.ru,Москва,10.10.2025
c101591,Вера Савельев,+7 (916) 337-33-65,user101591@example.ru,Казань,20.06.2025
c102488,Артур Ковальчук,+7 (997) 292-78-29,user102488@example.ru,Санкт-Петербург,06.09.2025
c104642,Вера Юдина,+7 (949) 908-22-60,user104642@example.ru,Красноярск,08.06.2024
c104544,Наталья Нестеров,+7 (958) 366-49-50,user104544@example.ru,Москва,23.03.2025
c106480,Вера Тихонова,+7 (960) 263-88-53,user106480@example.ru,Казань,24.05.2026
c106520,Юлия Панин,+7 (976) 286-66-83,user106520@example.ru,Казань,18.03.2024
c102392,Вера Белых,+7 (950) 839-67-75,user102392@example.ru,Санкт-Петербург,23.05.2026
c102813,Денис Сорокина,+7 (923) 270-69-34,user102813@example.ru,Казань,14.01.2024
c100758,Игорь Мешков,+7 (925) 970-21-59,user100758@example.ru,Санкт-Петербург,12.09.2025
c106830,Роман Тихонова,+7 (991) 370-35-96,user106830@example.ru,Казань,31.08.2025
c101472,Артур Юдина,+7 (925) 801-77-00,user101472@example.ru,Екатеринбург,25.10.2024
c101444,Лидия Юдина,+7 (990) 286-14-09,user101444@example.ru,Москва,29.01.2024
c102081,Денис Белых,+7 (933) 393-73-79,user102081@example.ru,Москва,14.01.2024
c105469,Вера Крылов,+7 (922) 742-88-87,user105469@example.ru,Новосибирск,09.03.2025
c105940,Глеб Лаптев,+7 (910) 916-23-67,user105940@example.ru,Москва,19.10.2025
c104136,Артур Савельев,+7 (933) 646-99-41,user104136@example.ru,Новосибирск,17.01.2026
c100049,Игорь Лаптев,+7 (921) 816-67-55,user100049@example.ru,Санкт-Петербург,06.11.2024
c103832,Денис Тихонова,+7 (929) 943-92-55,user103832@example.ru,Новосибирск,03.05.2025
c102376,Лидия Белых,+7 (985) 331-58-78,user102376@example.ru,Москва,06.05.2026
c102784,Павел Ковальчук,+7 (961) 272-66-51,user102784@example.ru,Красноярск,16.01.2026
c102508,Алиса Нестеров,+7 (970) 980-56-90,user102508@example.ru,Казань,28.05.2025
c105760,Юлия Шилова,+7 (925) 781-89-71,user105760@example.ru,Екатеринбург,09.06.2025
c100865,Игорь Шилова,+7 (910) 437-89-49,user100865@example.ru,Новосибирск,27.08.2024
c105790,Максим Шилова,+7 (945) 865-06-30,user105790@example.ru,Казань,11.08.2024
c102250,Вера Осипова,+7 (988) 739-63-40,user102250@example.ru,Казань,07.09.2024
c102945,Павел Лаптев,+7 (914) 704-48-81,user102945@example.ru,Новосибирск,26.04.2026
c103024,Елена Сорокина,+7 (920) 840-89-55,user103024@example.ru,Санкт-Петербург,01.03.2026
c104931,Полина Савельев,+7 (988) 462-95-71,user104931@example.ru,Казань,03.01.2026
c101530,Роман Юдина,+7 (972) 827-64-63,user101530@example.ru,Санкт-Петербург,14.03.2025
c101128,Роман Осипова,+7 (968) 896-61-91,user101128@example.ru,Красноярск,21.08.2024
c100599,Артур Шилова,+7 (923) 394-49-86,user100599@example.ru,Санкт-Петербург,17.09.2024
c100242,Артур Шилова,+7 (945) 326-32-76,user100242@example.ru,Новосибирск,07.01.2025
c103820,Мария Мешков,+7 (946) 494-12-12,user103820@example.ru,Казань,11.01.2026
c101016,Максим Гордеев,+7 (966) 931-01-13,user101016@example.ru,Москва,23.03.2025
c101168,Глеб Шилова,+7 (961) 448-90-93,user101168@example.ru,Красноярск,16.01.2024
c102992,Егор Мешков,+7 (952) 394-84-80,user102992@example.ru,Москва,19.04.2026
c102370,Наталья Шилова,+7 (982) 650-47-27,user102370@example.ru,Екатеринбург,15.06.2025
c102767,Мария Панин,+7 (987) 326-46-99,user102767@example.ru,Екатеринбург,10.09.2024
c100441,Ольга Осипова,+7 (945) 729-99-77,user100441@example.ru,Екатеринбург,19.02.2024
c106794,Роман Тихонова,+7 (928) 003-68-92,user106794@example.ru,Казань,21.02.2026
c105210,Павел Юдина,+7 (959) 443-45-15,user105210@example.ru,Красноярск,14.09.2024
c106130,Игорь Юдина,+7 (936) 639-59-68,user106130@example.ru,Москва,27.05.2025
c102103,Тимур Сорокина,+7 (958) 557-41-68,user102103@example.ru,Казань,11.03.2026
c104107,Тимур Лаптев,+7 (914) 725-68-80,user104107@example.ru,Москва,19.04.2025
c101393,Денис Лаптев,+7 (982) 467-13-60,user101393@example.ru,Екатеринбург,12.11.2024
c101705,Роман Панин,+7 (945) 443-93-76,user101705@example.ru,Казань,19.01.2024
c106512,Тимур Гордеев,+7 (917) 675-66-78,user106512@example.ru,Казань,06.04.2025
c104482,Алиса Савельев,+7 (974) 753-34-04,user104482@example.ru,Санкт-Петербург,03.03.2024
c100917,Игорь Мешков,+7 (960) 807-45-38,user100917@example.ru,Красноярск,03.02.2026
c103902,Вера Осипова,+7 (945) 557-51-32,user103902@example.ru,Екатеринбург,15.01.2025
c100705,Полина Тихонова,+7 (967) 130-63-95,user100705@example.ru,Новосибирск,27.06.2026
c105636,Максим Сорокина,+7 (995) 395-64-13,user105636@example.ru,Новосибирск,10.11.2024
c101154,Игорь Ковальчук,+7 (921) 881-50-75,user101154@example.ru,Москва,11.05.2025
c103581,Артур Шилова,+7 (917) 117-36-20,user103581@example.ru,Екатеринбург,12.05.2025
c103721,Вера Нестеров,+7 (949) 853-09-11,user103721@example.ru,Санкт-Петербург,07.11.2024
c106679,Елена Ермаков,+7 (973) 133-47-99,user106679@example.ru,Казань,04.08.2024
c105703,Анна Савельев,+7 (927) 406-43-23,user105703@example.ru,Москва,29.02.2024
c106238,Егор Савельев,+7 (967) 855-36-99,user106238@example.ru,Москва,17.03.2025
c101321,Полина Тихонова,+7 (911) 045-78-74,user101321@example.ru,Екатеринбург,06.02.2026
c102414,Юлия Мешков,+7 (927) 644-01-38,user102414@example.ru,Казань,03.01.2025
c106054,Тимур Шилова,+7 (961) 138-93-37,user106054@example.ru,Новосибирск,01.07.2024
c103638,Роман Ермаков,+7 (932) 435-42-35,user103638@example.ru,Казань,23.02.2024
c100780,Павел Лаптев,+7 (950) 889-40-72,user100780@example.ru,Санкт-Петербург,28.01.2024
c100859,Полина Панин,+7 (932) 922-67-68,user100859@example.ru,Красноярск,28.03.2025
c106223,Полина Сорокина,+7 (972) 789-13-49,user106223@example.ru,Москва,21.12.2025
c104011,Алиса Гордеев,+7 (937) 259-54-37,user104011@example.ru,Красноярск,18.07.2024
c104546,Анна Ермаков,+7 (979) 819-23-07,user104546@example.ru,Москва,12.12.2024
c100608,Максим Осипова,+7 (955) 658-74-04,user100608@example.ru,Екатеринбург,16.10.2025
c101725,Полина Нестеров,+7 (955) 501-97-53,user101725@example.ru,Казань,24.03.2024
c103415,Игорь Лаптев,+7 (951) 340-05-44,user103415@example.ru,Москва,11.01.2026
c102765,Юлия Савельев,+7 (957) 335-19-12,user102765@example.ru,Екатеринбург,25.07.2025
c106522,Максим Юдина,+7 (915) 220-27-84,user106522@example.ru,Москва,16.11.2025
c105634,Максим Белых,+7 (918) 835-69-60,user105634@example.ru,Екатеринбург,15.08.2024
c100411,Анна Крылов,+7 (935) 212-19-98,user100411@example.ru,Новосибирск,03.10.2024
c103677,Глеб Нестеров,+7 (945) 406-99-17,user103677@example.ru,Санкт-Петербург,21.12.2025
c104057,Роман Шилова,+7 (980) 093-13-52,user104057@example.ru,Москва,28.02.2026
c101685,Алиса Шилова,+7 (959) 077-49-42,user101685@example.ru,Казань,05.01.2026
c106659,Глеб Тихонова,+7 (994) 346-82-61,user106659@example.ru,Казань,31.07.2025
c101819,Роман Осипова,+7 (946) 106-10-33,user101819@example.ru,Новосибирск,16.05.2024
c105899,Егор Мешков,+7 (967) 841-96-66,user105899@example.ru,Санкт-Петербург,09.05.2024
c101762,Ольга Ермаков,+7 (925) 496-06-06,user101762@example.ru,Красноярск,29.11.2025
c103938,Юлия Савельев,+7 (962) 664-56-89,user103938@example.ru,Екатеринбург,17.02.2026
c101859,Глеб Крылов,+7 (921) 585-79-75,user101859@example.ru,Казань,28.09.2024
c100445,Вера Крылов,+7 (938) 307-16-09,user100445@example.ru,Москва,26.11.2025
c101063,Юлия Осипова,+7 (935) 432-30-56,user101063@example.ru,Москва,23.04.2025
c102075,Глеб Савельев,+7 (970) 350-58-89,user102075@example.ru,Екатеринбург,01.06.2024
c103783,Полина Шилова,+7 (995) 673-45-98,user103783@example.ru,Санкт-Петербург,29.01.2025
c100798,Елена Лаптев,+7 (945) 781-23-40,user100798@example.ru,Новосибирск,29.01.2025
c104653,Тимур Юдина,+7 (955) 266-20-82,user104653@example.ru,Москва,19.11.2024
c106123,Кирилл Сорокина,+7 (935) 389-60-15,user106123@example.ru,Санкт-Петербург,21.08.2025
c104621,Полина Гордеев,+7 (922) 090-04-21,user104621@example.ru,Екатеринбург,11.02.2024
c102931,Мария Осипова,+7 (978) 896-45-06,user102931@example.ru,Санкт-Петербург,20.07.2025
c101207,Артур Осипова,+7 (974) 867-03-79,user101207@example.ru,Санкт-Петербург,07.04.2025
c102651,Мария Мешков,+7 (922) 264-72-49,user102651@example.ru,Новосибирск,10.06.2024
c104481,Елена Осипова,+7 (979) 644-85-32,user104481@example.ru,Санкт-Петербург,03.03.2026
c104314,Вера Белых,+7 (997) 506-67-78,user104314@example.ru,Москва,01.09.2025
c106643,Кирилл Нестеров,+7 (929) 029-22-40,user106643@example.ru,Москва,21.08.2024
c102335,Роман Сорокина,+7 (989) 654-34-27,user102335@example.ru,Санкт-Петербург,08.07.2025
c106425,Максим Тихонова,+7 (928) 619-85-66,user106425@example.ru,Москва,24.08.2024
c103862,Елена Панин,+7 (962) 013-21-23,user103862@example.ru,Красноярск,14.05.2025
c103195,Кирилл Мешков,+7 (967) 407-82-64,user103195@example.ru,Новосибирск,07.09.2024
c100200,Ольга Сорокина,+7 (912) 686-49-40,user100200@example.ru,Екатеринбург,15.03.2024
c101182,Анна Тихонова,+7 (911) 617-85-18,user101182@example.ru,Санкт-Петербург,04.07.2024
c101313,Елена Савельев,+7 (933) 992-44-91,user101313@example.ru,Новосибирск,16.09.2025
c105389,Вера Панин,+7 (966) 340-93-28,user105389@example.ru,Санкт-Петербург,05.04.2025
c100513,Егор Панин,+7 (930) 218-50-91,user100513@example.ru,Красноярск,29.03.2024
c100093,Алиса Зуева,+7 (989) 055-98-06,user100093@example.ru,Казань,25.07.2024
c103272,Денис Панин,+7 (967) 266-95-27,user103272@example.ru,Казань,06.12.2025
c102152,Елена Ермаков,+7 (952) 796-12-81,user102152@example.ru,Москва,12.08.2025
c102513,Роман Шилова,+7 (961) 395-53-14,user102513@example.ru,Красноярск,14.12.2025
c106024,Тимур Панин,+7 (917) 667-40-90,user106024@example.ru,Новосибирск,23.09.2024
c101049,Роман Юдина,+7 (961) 005-58-13,user101049@example.ru,Казань,04.11.2024
c106441,Полина Панин,+7 (920) 865-51-28,user106441@example.ru,Екатеринбург,16.04.2025
c104009,Тимур Крылов,+7 (980) 470-92-88,user104009@example.ru,Красноярск,28.05.2024
c104216,Тимур Юдина,+7 (990) 320-40-46,user104216@example.ru,Екатеринбург,31.05.2025
c102793,Вера Крылов,+7 (968) 691-22-56,user102793@example.ru,Красноярск,23.01.2024
c106163,Лидия Тихонова,+7 (963) 667-87-90,user106163@example.ru,Казань,16.08.2025
c106084,Кирилл Шилова,+7 (928) 090-81-24,user106084@example.ru,Казань,07.02.2024
c103734,Глеб Сорокина,+7 (962) 597-11-82,user103734@example.ru,Москва,24.08.2025
c106355,Роман Зуева,+7 (963) 968-68-01,user106355@example.ru,Санкт-Петербург,29.05.2025
c104220,Денис Шилова,+7 (916) 891-80-18,user104220@example.ru,Новосибирск,30.10.2025
c101332,Денис Лаптев,+7 (918) 761-94-81,user101332@example.ru,Новосибирск,04.10.2025
c105499,Роман Осипова,+7 (934) 054-70-58,user105499@example.ru,Екатеринбург,08.03.2025
c100465,Алиса Ермаков,+7 (921) 235-59-67,user100465@example.ru,Новосибирск,18.07.2024
c101241,Анна Юдина,+7 (955) 181-75-68,user101241@example.ru,Красноярск,15.05.2024
c105117,Наталья Савельев,+7 (911) 766-78-33,user105117@example.ru,Казань,02.03.2026
c102462,Вера Лаптев,+7 (953) 330-01-05,user102462@example.ru,Москва,10.04.2024
c101104,Павел Юдина,+7 (965) 154-78-45,user101104@example.ru,Красноярск,18.12.2024
c100979,Тимур Лаптев,+7 (965) 737-91-71,user100979@example.ru,Москва,08.04.2026
c100738,Артур Ермаков,+7 (969) 620-70-29,user100738@example.ru,Красноярск,09.03.2026
c106060,Мария Нестеров,+7 (975) 281-08-34,user106060@example.ru,Екатеринбург,06.11.2024
c103503,Максим Сорокина,+7 (985) 171-02-48,user103503@example.ru,Санкт-Петербург,24.09.2025
c102091,Вера Ковальчук,+7 (969) 259-24-82,user102091@example.ru,Казань,07.04.2025
c106629,Анна Ковальчук,+7 (945) 637-34-43,user106629@example.ru,Санкт-Петербург,10.10.2025
c106584,Артур Панин,+7 (992) 192-80-20,user106584@example.ru,Москва,11.04.2025
c103968,Глеб Нестеров,+7 (914) 324-95-92,user103968@example.ru,Новосибирск,12.02.2025
c105824,Глеб Ермаков,+7 (917) 839-26-25,user105824@example.ru,Красноярск,10.08.2024
c105735,Тимур Осипова,+7 (922) 836-63-33,user105735@example.ru,Санкт-Петербург,17.01.2025
c100633,Глеб Крылов,+7 (927) 668-39-60,user100633@example.ru,Казань,27.11.2025
c100739,Наталья Лаптев,+7 (915) 627-21-98,user100739@example.ru,Новосибирск,09.05.2025
c104996,Максим Осипова,+7 (933) 488-95-33,user104996@example.ru,Москва,20.11.2024
c104983,Игорь Савельев,+7 (949) 005-87-38,user104983@example.ru,Новосибирск,11.12.2025
c104006,Павел Ковальчук,+7 (970) 560-05-31,user104006@example.ru,Санкт-Петербург,24.10.2024
c104820,Роман Осипова,+7 (915) 867-33-43,user104820@example.ru,Новосибирск,07.05.2026
c100023,Лидия Крылов,+7 (989) 831-72-29,user100023@example.ru,Новосибирск,11.12.2024
c101494,Глеб Ермаков,+7 (960) 298-46-50,user101494@example.ru,Москва,20.03.2025
c103556,Роман Савельев,+7 (991) 367-82-23,user103556@example.ru,Москва,20.09.2024
c100816,Роман Ковальчук,+7 (943) 489-83-58,user100816@example.ru,Москва,07.06.2025
c101263,Наталья Ковальчук,+7 (953) 853-12-63,user101263@example.ru,Красноярск,03.12.2024
c102958,Наталья Лаптев,+7 (979) 752-36-02,user102958@example.ru,Казань,21.10.2025
c104295,Кирилл Гордеев,+7 (993) 359-26-60,user104295@example.ru,Санкт-Петербург,10.12.2024
c103478,Максим Мешков,+7 (958) 928-44-91,user103478@example.ru,Екатеринбург,28.07.2024
c103279,Глеб Зуева,+7 (939) 883-78-98,user103279@example.ru,Санкт-Петербург,22.01.2024
c100635,Артур Лаптев,+7 (963) 426-19-87,user100635@example.ru,Красноярск,04.12.2025
c105609,Артур Белых,+7 (984) 642-33-65,user105609@example.ru,Санкт-Петербург,07.01.2025
c105996,Наталья Савельев,+7 (957) 974-20-55,user105996@example.ru,Казань,02.02.2025
c105614,Ольга Зуева,+7 (962) 264-43-48,user105614@example.ru,Красноярск,15.02.2026
c103737,Тимур Гордеев,+7 (948) 489-10-53,user103737@example.ru,Казань,09.02.2025
c103300,Артур Тихонова,+7 (961) 528-12-05,user103300@example.ru,Москва,22.03.2024
c106664,Егор Савельев,+7 (917) 659-77-00,user106664@example.ru,Красноярск,14.06.2024
c104405,Наталья Нестеров,+7 (994) 284-54-39,user104405@example.ru,Новосибирск,21.05.2026
c101822,Егор Савельев,+7 (968) 624-84-88,user101822@example.ru,Москва,28.09.2025
c103893,Кирилл Юдина,+7 (929) 339-61-41,user103893@example.ru,Новосибирск,03.03.2025
c103103,Алиса Сорокина,+7 (942) 870-99-32,user103103@example.ru,Москва,17.10.2024
c101058,Елена Сорокина,+7 (938) 264-21-88,user101058@example.ru,Екатеринбург,03.11.2025
c105764,Юлия Тихонова,+7 (960) 163-56-56,user105764@example.ru,Екатеринбург,06.11.2025
c104579,Глеб Белых,+7 (996) 549-52-72,user104579@example.ru,Казань,11.09.2024
c104822,Егор Мешков,+7 (965) 118-53-05,user104822@example.ru,Санкт-Петербург,06.11.2025
c101071,Юлия Нестеров,+7 (963) 871-74-89,user101071@example.ru,Красноярск,27.03.2024
c103098,Денис Шилова,+7 (945) 242-84-25,user103098@example.ru,Екатеринбург,26.03.2026
c101716,Павел Шилова,+7 (953) 786-56-01,user101716@example.ru,Санкт-Петербург,01.10.2025
c106696,Лидия Крылов,+7 (935) 889-29-92,user106696@example.ru,Казань,08.03.2026
c104293,Алиса Гордеев,+7 (914) 904-09-46,user104293@example.ru,Москва,30.01.2024
c106137,Игорь Мешков,+7 (918) 025-15-72,user106137@example.ru,Красноярск,27.02.2024
c104257,Лидия Ковальчук,+7 (932) 985-74-79,user104257@example.ru,Москва,12.11.2025
c104501,Тимур Лаптев,+7 (924) 654-12-73,user104501@example.ru,Екатеринбург,19.07.2025
c103914,Егор Осипова,+7 (976) 636-35-06,user103914@example.ru,Екатеринбург,13.04.2026
c101271,Максим Сорокина,+7 (938) 387-36-22,user101271@example.ru,Москва,18.03.2026
c104296,Глеб Ермаков,+7 (913) 272-91-18,user104296@example.ru,Красноярск,11.11.2024
c103150,Глеб Тихонова,+7 (915) 786-19-50,user103150@example.ru,Красноярск,12.09.2025
c103137,Егор Лаптев,+7 (984) 071-36-67,user103137@example.ru,Новосибирск,04.04.2024
c101766,Глеб Ермаков,+7 (990) 718-78-58,user101766@example.ru,Санкт-Петербург,11.05.2026
c105765,Вера Тихонова,+7 (947) 950-09-63,user105765@example.ru,Екатеринбург,17.02.2026
c101976,Лидия Панин,+7 (999) 369-15-03,user101976@example.ru,Москва,03.12.2025
c106229,Егор Ермаков,+7 (995) 797-84-80,user106229@example.ru,Москва,22.04.2024
c100116,Глеб Белых,+7 (956) 507-00-39,user100116@example.ru,Москва,12.11.2024
c100253,Кирилл Савельев,+7 (916) 585-14-54,user100253@example.ru,Екатеринбург,25.11.2024
c102693,Юлия Лаптев,+7 (925) 138-06-44,user102693@example.ru,Москва,27.06.2024
c101874,Ольга Панин,+7 (939) 713-10-53,user101874@example.ru,Екатеринбург,03.01.2026
c102372,Максим Шилова,+7 (952) 891-74-80,user102372@example.ru,Красноярск,30.08.2024
c101965,Ольга Савельев,+7 (919) 052-64-79,user101965@example.ru,Казань,05.04.2024
c104133,Мария Лаптев,+7 (935) 690-18-49,user104133@example.ru,Казань,08.01.2025
c101111,Вера Зуева,+7 (964) 337-86-45,user101111@example.ru,Екатеринбург,21.05.2024
c104542,Тимур Гордеев,+7 (972) 981-20-39,user104542@example.ru,Казань,29.06.2025
c104124,Наталья Осипова,+7 (956) 885-99-08,user104124@example.ru,Москва,02.02.2026
c103317,Наталья Тихонова,+7 (943) 029-31-38,user103317@example.ru,Санкт-Петербург,28.11.2024
c100249,Наталья Белых,+7 (945) 857-09-82,user100249@example.ru,Новосибирск,03.11.2024
c104565,Максим Нестеров,+7 (930) 197-95-03,user104565@example.ru,Казань,03.06.2026
c102208,Лидия Белых,+7 (946) 410-11-95,user102208@example.ru,Казань,13.04.2024
c106650,Глеб Панин,+7 (981) 867-15-82,user106650@example.ru,Москва,16.01.2025
c103337,Роман Ермаков,+7 (971) 350-80-08,user103337@example.ru,Екатеринбург,19.09.2025
c105910,Глеб Белых,+7 (930) 523-70-13,user105910@example.ru,Москва,03.03.2024
c103921,Денис Ковальчук,+7 (932) 747-56-80,user103921@example.ru,Казань,06.04.2025
c103211,Елена Крылов,+7 (958) 575-90-81,user103211@example.ru,Санкт-Петербург,21.11.2024
c105257,Алиса Нестеров,+7 (933) 611-51-36,user105257@example.ru,Красноярск,18.05.2024
c106041,Глеб Тихонова,+7 (947) 313-01-26,user106041@example.ru,Санкт-Петербург,25.02.2024
c102826,Денис Савельев,+7 (972) 930-24-92,user102826@example.ru,Екатеринбург,10.04.2026
c104704,Наталья Юдина,+7 (971) 688-98-47,user104704@example.ru,Екатеринбург,30.10.2024
c106228,Артур Осипова,+7 (967) 430-43-97,user106228@example.ru,Москва,10.01.2026
c103370,Максим Нестеров,+7 (910) 901-36-37,user103370@example.ru,Казань,31.03.2025
c104154,Артур Сорокина,+7 (967) 013-87-26,user104154@example.ru,Санкт-Петербург,29.10.2024
c106745,Глеб Сорокина,+7 (984) 324-94-33,user106745@example.ru,Екатеринбург,10.02.2025
c102913,Алиса Нестеров,+7 (968) 403-21-46,user102913@example.ru,Красноярск,27.02.2025
c105000,Денис Гордеев,+7 (932) 630-78-48,user105000@example.ru,Москва,04.11.2025
c103792,Павел Панин,+7 (930) 013-01-02,user103792@example.ru,Екатеринбург,15.12.2024
c104432,Игорь Панин,+7 (966) 883-37-36,user104432@example.ru,Новосибирск,02.08.2024
c102433,Артур Ковальчук,+7 (936) 673-60-66,user102433@example.ru,Санкт-Петербург,05.05.2024
c101742,Тимур Ковальчук,+7 (927) 849-84-13,user101742@example.ru,Санкт-Петербург,02.08.2024
c101786,Ольга Панин,+7 (999) 070-17-96,user101786@example.ru,Красноярск,17.04.2024
c104196,Денис Зуева,+7 (952) 100-51-41,user104196@example.ru,Новосибирск,19.07.2024
c101503,Наталья Зуева,+7 (996) 534-70-51,user101503@example.ru,Красноярск,11.06.2026
c105503,Лидия Осипова,+7 (996) 084-47-50,user105503@example.ru,Москва,08.06.2026
c102179,Глеб Тихонова,+7 (920) 639-51-60,user102179@example.ru,Санкт-Петербург,01.02.2026
c102552,Полина Крылов,+7 (920) 022-27-85,user102552@example.ru,Красноярск,09.01.2026
c104343,Мария Панин,+7 (919) 491-39-60,user104343@example.ru,Новосибирск,20.02.2024
c100239,Юлия Юдина,+7 (955) 729-88-68,user100239@example.ru,Красноярск,10.11.2024
c106192,Артур Гордеев,+7 (930) 736-79-45,user106192@example.ru,Казань,05.10.2024
c106628,Глеб Панин,+7 (944) 173-25-76,user106628@example.ru,Москва,05.05.2025
c100387,Вера Ермаков,+7 (963) 346-18-60,user100387@example.ru,Казань,02.03.2024
c100670,Юлия Ковальчук,+7 (952) 528-26-84,user100670@example.ru,Санкт-Петербург,15.03.2025
c105995,Полина Юдина,+7 (983) 001-10-35,user105995@example.ru,Казань,02.06.2025
c101734,Глеб Зуева,+7 (964) 328-99-33,user101734@example.ru,Москва,04.02.2025
c104764,Мария Лаптев,+7 (942) 150-08-63,user104764@example.ru,Санкт-Петербург,05.03.2026
c106780,Елена Савельев,+7 (982) 621-08-20,user106780@example.ru,Новосибирск,19.09.2025
c103305,Вера Осипова,+7 (921) 215-59-47,user103305@example.ru,Москва,20.04.2026
c106540,Игорь Ермаков,+7 (938) 764-59-88,user106540@example.ru,Красноярск,24.04.2026
c102314,Елена Гордеев,+7 (978) 550-76-41,user102314@example.ru,Красноярск,23.10.2025
c104623,Глеб Гордеев,+7 (984) 507-32-78,user104623@example.ru,Новосибирск,25.01.2026
c102266,Анна Мешков,+7 (975) 862-91-34,user102266@example.ru,Москва,17.02.2026
c105734,Максим Ермаков,+7 (936) 934-10-70,user105734@example.ru,Санкт-Петербург,23.02.2025
c105032,Денис Ковальчук,+7 (961) 243-75-26,user105032@example.ru,Красноярск,27.12.2024
c106526,Егор Ковальчук,+7 (934) 440-45-44,user106526@example.ru,Красноярск,26.02.2026
c103407,Елена Юдина,+7 (989) 561-27-69,user103407@example.ru,Санкт-Петербург,11.01.2026
c100566,Ольга Ермаков,+7 (958) 365-10-70,user100566@example.ru,Екатеринбург,17.04.2026
c101757,Павел Осипова,+7 (969) 497-62-13,user101757@example.ru,Санкт-Петербург,03.10.2024
c105183,Егор Зуева,+7 (983) 683-57-76,user105183@example.ru,Екатеринбург,28.06.2026
c106311,Ольга Белых,+7 (926) 148-04-49,user106311@example.ru,Екатеринбург,30.10.2025
c105216,Артур Ковальчук,+7 (995) 671-44-57,user105216@example.ru,Казань,22.11.2025
c102065,Игорь Юдина,+7 (960) 219-10-50,user102065@example.ru,Москва,11.03.2026
c101073,Павел Ковальчук,+7 (965) 513-13-32,user101073@example.ru,Новосибирск,22.08.2025
c103347,Елена Ковальчук,+7 (915) 382-18-22,user103347@example.ru,Санкт-Петербург,20.05.2024
c101242,Лидия Ковальчук,+7 (999) 633-54-20,user101242@example.ru,Екатеринбург,28.09.2024
c105538,Глеб Панин,+7 (945) 845-37-97,user105538@example.ru,Красноярск,03.03.2026
c105404,Тимур Белых,+7 (928) 168-26-60,user105404@example.ru,Новосибирск,13.05.2024
c105197,Артур Ковальчук,+7 (992) 394-42-20,user105197@example.ru,Москва,22.07.2025
c103027,Алиса Тихонова,+7 (956) 366-00-62,user103027@example.ru,Новосибирск,15.05.2026
c105224,Вера Савельев,+7 (918) 188-57-08,user105224@example.ru,Москва,20.02.2025
c104494,Кирилл Шилова,+7 (988) 157-98-72,user104494@example.ru,Красноярск,25.11.2024
c104397,Денис Ермаков,+7 (967) 071-04-22,user104397@example.ru,Казань,30.10.2024
c104465,Павел Шилова,+7 (970) 964-53-71,user104465@example.ru,Москва,19.10.2024
c101201,Юлия Ермаков,+7 (992) 855-58-61,user101201@example.ru,Красноярск,13.07.2025
c101801,Вера Ермаков,+7 (914) 770-80-03,user101801@example.ru,Казань,16.11.2025
c100349,Денис Шилова,+7 (945) 712-34-63,user100349@example.ru,Казань,10.03.2024
c104602,Лидия Крылов,+7 (955) 356-37-60,user104602@example.ru,Санкт-Петербург,16.04.2025
c100335,Игорь Савельев,+7 (999) 952-70-74,user100335@example.ru,Санкт-Петербург,20.08.2024
c105406,Елена Лаптев,+7 (920) 141-70-19,user105406@example.ru,Екатеринбург,30.03.2026
c103296,Тимур Ермаков,+7 (981) 572-01-27,user103296@example.ru,Москва,15.10.2025
c101348,Елена Панин,+7 (985) 638-45-18,user101348@example.ru,Москва,17.06.2026
c105352,Лидия Шилова,+7 (955) 519-53-65,user105352@example.ru,Санкт-Петербург,30.04.2025
c101427,Глеб Осипова,+7 (977) 524-39-62,user101427@example.ru,Москва,28.03.2024
c103728,Наталья Гордеев,+7 (924) 380-07-25,user103728@example.ru,Красноярск,18.02.2024
c101399,Ольга Тихонова,+7 (990) 747-65-15,user101399@example.ru,Новосибирск,27.01.2025
c103015,Глеб Мешков,+7 (937) 011-37-07,user103015@example.ru,Казань,05.07.2025
c105424,Максим Ермаков,+7 (946) 247-06-09,user105424@example.ru,Новосибирск,31.03.2024
c102461,Елена Крылов,+7 (978) 762-90-84,user102461@example.ru,Москва,13.07.2025
c100538,Тимур Шилова,+7 (930) 613-00-39,user100538@example.ru,Красноярск,25.05.2025
c104489,Денис Юдина,+7 (967) 922-86-21,user104489@example.ru,Санкт-Петербург,30.11.2025
c105668,Денис Нестеров,+7 (911) 948-88-41,user105668@example.ru,Казань,23.01.2025
c100648,Елена Савельев,+7 (939) 888-61-61,user100648@example.ru,Москва,30.03.2026
c105692,Кирилл Мешков,+7 (960) 272-48-87,user105692@example.ru,Красноярск,16.05.2026
c102712,Лидия Осипова,+7 (960) 043-36-40,user102712@example.ru,Новосибирск,30.03.2025
c101599,Анна Ковальчук,+7 (976) 338-12-49,user101599@example.ru,Казань,24.12.2025
c104341,Ольга Ермаков,+7 (927) 958-20-57,user104341@example.ru,Санкт-Петербург,02.12.2025
c104718,Юлия Белых,+7 (968) 339-69-64,user104718@example.ru,Екатеринбург,30.10.2025
c104616,Денис Осипова,+7 (954) 137-60-75,user104616@example.ru,Красноярск,30.08.2025
c100424,Павел Шилова,+7 (931) 367-34-46,user100424@example.ru,Красноярск,28.12.2025
c104339,Алиса Белых,+7 (911) 497-25-63,user104339@example.ru,Красноярск,20.09.2024
c101448,Ольга Ермаков,+7 (985) 999-57-27,user101448@example.ru,Москва,14.05.2024
c102390,Мария Белых,+7 (951) 241-98-03,user102390@example.ru,Красноярск,06.09.2024
c102658,Полина Тихонова,+7 (993) 767-70-81,user102658@example.ru,Новосибирск,12.01.2025
c104597,Елена Белых,+7 (956) 678-73-83,user104597@example.ru,Москва,01.02.2025
c102374,Кирилл Панин,+7 (957) 243-48-68,user102374@example.ru,Екатеринбург,10.06.2024
c100143,Мария Зуева,+7 (974) 375-71-71,user100143@example.ru,Санкт-Петербург,10.05.2024
c105720,Вера Юдина,+7 (961) 022-35-35,user105720@example.ru,Красноярск,14.06.2026
c103675,Алиса Тихонова,+7 (954) 303-36-58,user103675@example.ru,Новосибирск,20.10.2024
c106285,Игорь Белых,+7 (948) 557-52-81,user106285@example.ru,Санкт-Петербург,23.02.2026
c101385,Максим Лаптев,+7 (912) 159-94-85,user101385@example.ru,Красноярск,27.08.2024
c105919,Егор Панин,+7 (913) 498-53-40,user105919@example.ru,Красноярск,25.12.2024
c103162,Полина Сорокина,+7 (958) 194-52-14,user103162@example.ru,Екатеринбург,11.01.2025
c101769,Мария Гордеев,+7 (911) 269-63-34,user101769@example.ru,Казань,28.05.2026
c102158,Юлия Сорокина,+7 (912) 103-90-30,user102158@example.ru,Москва,14.01.2025
c103447,Роман Тихонова,+7 (975) 148-80-76,user103447@example.ru,Санкт-Петербург,02.02.2025
c102395,Наталья Зуева,+7 (934) 452-66-41,user102395@example.ru,Санкт-Петербург,12.11.2024
c103823,Наталья Сорокина,+7 (970) 970-26-45,user103823@example.ru,Красноярск,22.05.2026
c102095,Лидия Мешков,+7 (986) 963-92-46,user102095@example.ru,Москва,21.03.2024
c100699,Денис Зуева,+7 (986) 432-69-94,user100699@example.ru,Казань,21.09.2024
c103727,Егор Сорокина,+7 (935) 616-55-44,user103727@example.ru,Казань,21.06.2025
c100433,Анна Савельев,+7 (986) 023-70-17,user100433@example.ru,Санкт-Петербург,29.05.2026
c102073,Мария Нестеров,+7 (991) 544-14-31,user102073@example.ru,Москва,21.01.2026
c102467,Полина Тихонова,+7 (929) 216-52-26,user102467@example.ru,Екатеринбург,08.12.2024
c106612,Анна Ермаков,+7 (934) 733-23-41,user106612@example.ru,Москва,21.12.2024
c101280,Наталья Шилова,+7 (960) 664-30-31,user101280@example.ru,Новосибирск,31.05.2026
c103281,Егор Мешков,+7 (917) 263-68-94,user103281@example.ru,Казань,05.11.2024
c104671,Павел Сорокина,+7 (974) 848-33-19,user104671@example.ru,Казань,01.05.2025
c100415,Артур Панин,+7 (943) 311-15-26,user100415@example.ru,Казань,25.03.2025
c101909,Анна Крылов,+7 (981) 638-69-07,user101909@example.ru,Екатеринбург,21.05.2024
c102417,Павел Крылов,+7 (961) 350-04-69,user102417@example.ru,Москва,25.02.2024
c103172,Юлия Юдина,+7 (911) 323-54-71,user103172@example.ru,Новосибирск,07.07.2024
c103653,Максим Савельев,+7 (937) 140-47-62,user103653@example.ru,Москва,19.09.2024
c102996,Полина Шилова,+7 (994) 285-17-19,user102996@example.ru,Санкт-Петербург,23.03.2026
c102976,Полина Тихонова,+7 (938) 666-96-60,user102976@example.ru,Красноярск,23.06.2025
c106524,Павел Тихонова,+7 (920) 354-97-94,user106524@example.ru,Санкт-Петербург,01.07.2024
c106391,Артур Савельев,+7 (917) 897-66-58,user106391@example.ru,Новосибирск,23.07.2025
c102223,Анна Белых,+7 (958) 551-95-47,user102223@example.ru,Санкт-Петербург,06.12.2025
c102138,Анна Юдина,+7 (921) 110-58-24,user102138@example.ru,Екатеринбург,15.01.2025
c105795,Юлия Зуева,+7 (955) 810-49-72,user105795@example.ru,Красноярск,23.05.2026
c104644,Кирилл Гордеев,+7 (943) 689-97-03,user104644@example.ru,Новосибирск,03.03.2024
c103693,Артур Мешков,+7 (977) 083-77-64,user103693@example.ru,Новосибирск,05.06.2025
c106169,Юлия Гордеев,+7 (984) 384-90-02,user106169@example.ru,Санкт-Петербург,22.10.2025
c101484,Денис Крылов,+7 (943) 840-01-93,user101484@example.ru,Москва,19.03.2026
c100664,Полина Лаптев,+7 (927) 949-56-41,user100664@example.ru,Казань,04.04.2026
c100438,Ольга Нестеров,+7 (966) 522-77-30,user100438@example.ru,Красноярск,14.02.2025
c105130,Алиса Зуева,+7 (917) 017-75-94,user105130@example.ru,Санкт-Петербург,28.01.2026
c105302,Павел Зуева,+7 (942) 546-79-24,user105302@example.ru,Москва,08.03.2025
c101315,Наталья Панин,+7 (930) 816-73-97,user101315@example.ru,Екатеринбург,23.06.2025
c100324,Артур Гордеев,+7 (928) 332-19-14,user100324@example.ru,Казань,12.03.2025
c100095,Денис Юдина,+7 (997) 346-46-87,user100095@example.ru,Екатеринбург,13.07.2024
c101720,Артур Шилова,+7 (943) 229-44-19,user101720@example.ru,Санкт-Петербург,22.05.2026
c102405,Анна Осипова,+7 (984) 130-28-86,user102405@example.ru,Красноярск,24.11.2025
c101758,Денис Тихонова,+7 (912) 064-45-39,user101758@example.ru,Новосибирск,14.11.2025
c106670,Алиса Савельев,+7 (955) 359-13-47,user106670@example.ru,Москва,13.10.2024
c100336,Павел Нестеров,+7 (915) 260-51-10,user100336@example.ru,Казань,25.11.2024
c103287,Полина Осипова,+7 (916) 098-31-62,user103287@example.ru,Москва,23.01.2024
c101920,Лидия Ковальчук,+7 (976) 699-28-45,user101920@example.ru,Санкт-Петербург,13.05.2024
c102479,Лидия Лаптев,+7 (920) 291-72-68,user102479@example.ru,Новосибирск,23.04.2024
c102045,Лидия Белых,+7 (918) 702-21-71,user102045@example.ru,Санкт-Петербург,09.09.2024
c101144,Роман Нестеров,+7 (929) 339-55-06,user101144@example.ru,Казань,14.12.2024
c100592,Юлия Ермаков,+7 (931) 703-06-11,user100592@example.ru,Красноярск,27.03.2024
c103395,Наталья Нестеров,+7 (996) 213-57-51,user103395@example.ru,Санкт-Петербург,26.07.2024
c100826,Елена Сорокина,+7 (992) 655-81-33,user100826@example.ru,Екатеринбург,20.02.2024
c102533,Юлия Нестеров,+7 (942) 611-78-06,user102533@example.ru,Новосибирск,19.06.2024
c103589,Павел Тихонова,+7 (988) 258-35-27,user103589@example.ru,Санкт-Петербург,21.02.2026
c105844,Полина Тихонова,+7 (925) 163-97-14,user105844@example.ru,Новосибирск,11.08.2025
c105558,Елена Зуева,+7 (942) 956-73-34,user105558@example.ru,Москва,02.05.2026
c101090,Кирилл Тихонова,+7 (910) 219-85-61,user101090@example.ru,Красноярск,22.03.2024
c105784,Кирилл Тихонова,+7 (982) 971-57-59,user105784@example.ru,Казань,27.01.2026
c101034,Егор Юдина,+7 (973) 676-74-25,user101034@example.ru,Москва,20.09.2024
c102685,Алиса Шилова,+7 (929) 573-19-68,user102685@example.ru,Москва,25.01.2026
c101511,Максим Гордеев,+7 (957) 663-30-23,user101511@example.ru,Казань,26.01.2024
c103229,Максим Осипова,+7 (946) 462-77-63,user103229@example.ru,Новосибирск,14.03.2026
c100362,Ольга Шилова,+7 (912) 378-75-28,user100362@example.ru,Новосибирск,10.02.2024
c101388,Наталья Ковальчук,+7 (928) 793-74-38,user101388@example.ru,Казань,28.01.2024
c100148,Тимур Тихонова,+7 (923) 860-45-60,user100148@example.ru,Красноярск,19.06.2026
c104369,Анна Тихонова,+7 (990) 157-97-53,user104369@example.ru,Новосибирск,06.10.2024
c103035,Артур Шилова,+7 (978) 715-81-12,user103035@example.ru,Казань,23.11.2025
c101188,Игорь Белых,+7 (994) 076-11-92,user101188@example.ru,Казань,04.10.2024
c102824,Денис Нестеров,+7 (951) 044-62-74,user102824@example.ru,Казань,09.11.2025
c101077,Вера Лаптев,+7 (981) 363-70-09,user101077@example.ru,Санкт-Петербург,24.02.2026
c103346,Ольга Ковальчук,+7 (979) 115-10-90,user103346@example.ru,Санкт-Петербург,14.11.2025
c106207,Егор Мешков,+7 (968) 428-39-18,user106207@example.ru,Санкт-Петербург,08.03.2025
c101929,Денис Ковальчук,+7 (970) 985-54-91,user101929@example.ru,Красноярск,27.06.2024
c102132,Алиса Белых,+7 (997) 222-10-22,user102132@example.ru,Москва,29.02.2024
c104946,Лидия Савельев,+7 (938) 476-24-17,user104946@example.ru,Москва,13.10.2024
c101423,Тимур Белых,+7 (939) 975-14-32,user101423@example.ru,Казань,21.11.2024
c100721,Юлия Савельев,+7 (939) 418-75-44,user100721@example.ru,Красноярск,03.09.2024
c102144,Алиса Савельев,+7 (911) 247-31-82,user102144@example.ru,Екатеринбург,07.09.2025
c101582,Вера Белых,+7 (939) 279-87-61,user101582@example.ru,Екатеринбург,06.11.2024
c102901,Ольга Лаптев,+7 (911) 208-01-71,user102901@example.ru,Красноярск,08.02.2025
c103489,Елена Крылов,+7 (915) 954-59-46,user103489@example.ru,Красноярск,05.12.2025
c103323,Артур Лаптев,+7 (911) 389-97-30,user103323@example.ru,Новосибирск,14.05.2024
c101078,Егор Зуева,+7 (926) 636-22-44,user101078@example.ru,Екатеринбург,31.12.2024
c106431,Полина Мешков,+7 (954) 138-20-84,user106431@example.ru,Москва,18.04.2025
c101701,Игорь Зуева,+7 (983) 086-46-46,user101701@example.ru,Москва,09.07.2024
c102603,Наталья Гордеев,+7 (945) 661-38-78,user102603@example.ru,Санкт-Петербург,11.03.2024
c104926,Елена Крылов,+7 (911) 541-73-65,user104926@example.ru,Новосибирск,22.08.2024
c102282,Кирилл Осипова,+7 (914) 322-22-35,user102282@example.ru,Казань,19.01.2024
c100409,Денис Юдина,+7 (962) 852-28-06,user100409@example.ru,Казань,13.02.2026
c101643,Елена Ковальчук,+7 (924) 799-39-01,user101643@example.ru,Новосибирск,29.03.2025
c104631,Анна Зуева,+7 (968) 767-40-76,user104631@example.ru,Новосибирск,29.07.2024
c104825,Тимур Шилова,+7 (995) 036-32-01,user104825@example.ru,Красноярск,03.08.2024
c104907,Игорь Мешков,+7 (961) 198-49-57,user104907@example.ru,Екатеринбург,14.04.2026
c102889,Денис Тихонова,+7 (935) 788-91-60,user102889@example.ru,Красноярск,09.05.2024
c104528,Полина Белых,+7 (968) 645-35-20,user104528@example.ru,Москва,10.05.2025
c100310,Вера Юдина,+7 (923) 875-71-14,user100310@example.ru,Екатеринбург,15.12.2025
c104209,Мария Сорокина,+7 (916) 597-26-92,user104209@example.ru,Москва,26.03.2026
c101282,Егор Крылов,+7 (969) 656-01-89,user101282@example.ru,Екатеринбург,11.05.2026
c102353,Мария Юдина,+7 (964) 222-59-06,user102353@example.ru,Казань,19.10.2024
c100378,Полина Мешков,+7 (982) 208-66-26,user100378@example.ru,Новосибирск,29.02.2024
c100842,Полина Нестеров,+7 (978) 349-93-38,user100842@example.ru,Казань,06.09.2024
c101933,Ольга Белых,+7 (990) 919-92-34,user101933@example.ru,Санкт-Петербург,10.06.2025
c105359,Полина Осипова,+7 (975) 742-78-42,user105359@example.ru,Екатеринбург,13.01.2025
c105565,Ольга Панин,+7 (972) 222-93-64,user105565@example.ru,Новосибирск,22.01.2025
c103033,Егор Мешков,+7 (914) 607-34-68,user103033@example.ru,Санкт-Петербург,28.08.2024
c100819,Игорь Ковальчук,+7 (934) 384-47-84,user100819@example.ru,Казань,13.02.2024
c106282,Егор Савельев,+7 (963) 966-66-25,user106282@example.ru,Москва,04.06.2026
c105947,Тимур Лаптев,+7 (965) 105-75-61,user105947@example.ru,Красноярск,03.12.2024
c106615,Алиса Осипова,+7 (955) 126-14-81,user106615@example.ru,Казань,31.03.2024
c104769,Юлия Нестеров,+7 (926) 490-74-84,user104769@example.ru,Красноярск,10.10.2025
c104646,Егор Гордеев,+7 (967) 159-68-17,user104646@example.ru,Красноярск,03.09.2025
c102746,Игорь Шилова,+7 (999) 637-30-73,user102746@example.ru,Санкт-Петербург,19.03.2025
c106170,Тимур Гордеев,+7 (981) 242-76-22,user106170@example.ru,Новосибирск,19.11.2024
c101612,Кирилл Шилова,+7 (996) 679-12-07,user101612@example.ru,Москва,13.01.2024
c106826,Тимур Тихонова,+7 (920) 354-99-51,user106826@example.ru,Казань,07.08.2024
c106312,Наталья Гордеев,+7 (982) 183-77-21,user106312@example.ru,Екатеринбург,04.10.2024
c106360,Денис Зуева,+7 (918) 953-81-36,user106360@example.ru,Казань,20.10.2025
c104415,Артур Панин,+7 (938) 654-19-45,user104415@example.ru,Санкт-Петербург,09.11.2025
c104219,Кирилл Юдина,+7 (990) 290-76-68,user104219@example.ru,Казань,30.11.2025
c106264,Вера Ермаков,+7 (915) 660-82-55,user106264@example.ru,Екатеринбург,24.08.2024
c105013,Кирилл Юдина,+7 (969) 002-83-56,user105013@example.ru,Казань,11.09.2024
c105451,Кирилл Лаптев,+7 (982) 564-59-26,user105451@example.ru,Санкт-Петербург,21.05.2024
c106217,Максим Савельев,+7 (974) 189-56-29,user106217@example.ru,Новосибирск,20.01.2025
c105379,Елена Панин,+7 (942) 106-53-32,user105379@example.ru,Красноярск,13.06.2026
c104096,Роман Осипова,+7 (965) 457-33-00,user104096@example.ru,Красноярск,07.01.2026
c101660,Максим Зуева,+7 (950) 853-89-04,user101660@example.ru,Москва,05.09.2025
c105167,Денис Ермаков,+7 (949) 276-93-86,user105167@example.ru,Казань,08.07.2025
c106592,Тимур Зуева,+7 (923) 741-91-12,user106592@example.ru,Екатеринбург,04.03.2024
c103714,Денис Юдина,+7 (929) 002-67-95,user103714@example.ru,Новосибирск,10.09.2024
c103063,Глеб Мешков,+7 (932) 451-86-59,user103063@example.ru,Екатеринбург,13.08.2025
c104870,Алиса Юдина,+7 (969) 557-64-71,user104870@example.ru,Екатеринбург,10.10.2024
c105425,Мария Тихонова,+7 (993) 036-65-95,user105425@example.ru,Казань,30.10.2025
c102308,Павел Мешков,+7 (956) 054-89-71,user102308@example.ru,Казань,23.10.2024
c104856,Ольга Ермаков,+7 (975) 779-59-44,user104856@example.ru,Санкт-Петербург,16.04.2024
c100796,Ольга Юдина,+7 (993) 327-88-17,user100796@example.ru,Красноярск,12.08.2025
c100852,Егор Гордеев,+7 (929) 334-48-79,user100852@example.ru,Москва,16.03.2024
c100753,Егор Нестеров,+7 (915) 720-41-70,user100753@example.ru,Москва,16.05.2024
c101228,Лидия Панин,+7 (961) 763-85-12,user101228@example.ru,Новосибирск,01.09.2025
c104145,Игорь Шилова,+7 (910) 905-76-87,user104145@example.ru,Красноярск,02.08.2025
c104203,Глеб Тихонова,+7 (911) 606-71-61,user104203@example.ru,Казань,03.02.2026
c105329,Артур Ермаков,+7 (976) 692-84-04,user105329@example.ru,Санкт-Петербург,23.06.2026
c104088,Юлия Нестеров,+7 (951) 878-56-49,user104088@example.ru,Казань,21.03.2024
c106675,Алиса Гордеев,+7 (927) 651-48-74,user106675@example.ru,Москва,07.03.2026
c103371,Артур Сорокина,+7 (917) 321-90-33,user103371@example.ru,Москва,28.08.2025
c105262,Павел Юдина,+7 (939) 638-75-96,user105262@example.ru,Санкт-Петербург,16.08.2024
c105455,Алиса Савельев,+7 (960) 384-11-75,user105455@example.ru,Москва,24.01.2025
c100845,Тимур Ковальчук,+7 (968) 999-97-68,user100845@example.ru,Санкт-Петербург,10.10.2024
c105214,Максим Ковальчук,+7 (954) 631-36-20,user105214@example.ru,Санкт-Петербург,25.05.2025
c106067,Алиса Нестеров,+7 (954) 553-18-74,user106067@example.ru,Новосибирск,05.09.2025
c100102,Егор Мешков,+7 (983) 810-25-49,user100102@example.ru,Санкт-Петербург,16.03.2026
c101023,Лидия Нестеров,+7 (918) 441-27-68,user101023@example.ru,Москва,05.05.2026
c100898,Глеб Лаптев,+7 (974) 124-72-90,user100898@example.ru,Красноярск,06.10.2024
c100217,Алиса Крылов,+7 (963) 432-66-29,user100217@example.ru,Москва,28.12.2025
c103318,Кирилл Тихонова,+7 (975) 009-64-94,user103318@example.ru,Казань,30.01.2025
c102758,Юлия Лаптев,+7 (980) 935-20-73,user102758@example.ru,Новосибирск,20.12.2024
c104796,Максим Шилова,+7 (928) 811-04-11,user104796@example.ru,Санкт-Петербург,22.04.2026
c101161,Тимур Шилова,+7 (940) 654-98-03,user101161@example.ru,Новосибирск,15.02.2025
c100030,Егор Сорокина,+7 (994) 144-99-15,user100030@example.ru,Екатеринбург,04.09.2024
c105708,Тимур Крылов,+7 (958) 260-49-09,user105708@example.ru,Новосибирск,10.04.2026
c102381,Алиса Тихонова,+7 (951) 816-10-96,user102381@example.ru,Санкт-Петербург,04.03.2024
c105303,Игорь Нестеров,+7 (944) 110-63-24,user105303@example.ru,Новосибирск,23.12.2025
c101031,Павел Шилова,+7 (989) 960-27-62,user101031@example.ru,Новосибирск,19.04.2026
c102602,Денис Зуева,+7 (959) 818-98-82,user102602@example.ru,Санкт-Петербург,14.12.2025
c101123,Анна Гордеев,+7 (937) 433-13-06,user101123@example.ru,Москва,27.03.2026
c101213,Егор Осипова,+7 (946) 147-46-23,user101213@example.ru,Казань,18.01.2025
c102656,Полина Юдина,+7 (980) 323-41-09,user102656@example.ru,Санкт-Петербург,07.12.2025
c101019,Наталья Шилова,+7 (927) 191-04-72,user101019@example.ru,Красноярск,07.09.2024
c102278,Роман Мешков,+7 (957) 468-51-15,user102278@example.ru,Красноярск,23.01.2024
c104582,Тимур Савельев,+7 (910) 142-84-00,user104582@example.ru,Санкт-Петербург,26.05.2026
c106271,Анна Зуева,+7 (965) 107-95-36,user106271@example.ru,Москва,23.08.2025
c103483,Денис Сорокина,+7 (958) 180-91-27,user103483@example.ru,Екатеринбург,06.08.2024
c104922,Игорь Ермаков,+7 (929) 233-17-26,user104922@example.ru,Екатеринбург,29.09.2024
c105930,Максим Гордеев,+7 (937) 973-96-48,user105930@example.ru,Казань,18.05.2024
c103100,Ольга Гордеев,+7 (982) 068-36-52,user103100@example.ru,Санкт-Петербург,04.07.2024
c103143,Вера Панин,+7 (940) 784-31-36,user103143@example.ru,Новосибирск,28.06.2026
c102094,Глеб Сорокина,+7 (913) 419-75-72,user102094@example.ru,Казань,14.03.2025
c105798,Роман Сорокина,+7 (982) 998-82-66,user105798@example.ru,Красноярск,05.05.2024
c104961,Вера Мешков,+7 (955) 550-26-07,user104961@example.ru,Красноярск,11.05.2024
c101549,Наталья Савельев,+7 (942) 518-37-92,user101549@example.ru,Красноярск,29.05.2024
c104137,Вера Савельев,+7 (944) 824-18-13,user104137@example.ru,Красноярск,28.05.2024
c104725,Артур Панин,+7 (931) 670-76-53,user104725@example.ru,Красноярск,04.12.2024
c104759,Лидия Сорокина,+7 (999) 390-70-11,user104759@example.ru,Санкт-Петербург,30.01.2024
c101004,Алиса Мешков,+7 (939) 746-31-34,user101004@example.ru,Екатеринбург,15.08.2024
c105103,Денис Мешков,+7 (972) 013-89-98,user105103@example.ru,Екатеринбург,10.08.2024
c101666,Роман Гордеев,+7 (911) 891-87-09,user101666@example.ru,Казань,01.02.2025
c103102,Мария Ермаков,+7 (974) 544-57-43,user103102@example.ru,Санкт-Петербург,10.10.2024
c102987,Юлия Юдина,+7 (985) 629-71-39,user102987@example.ru,Москва,20.05.2026
c103066,Полина Ковальчук,+7 (992) 856-81-66,user103066@example.ru,Красноярск,22.02.2026
c103661,Павел Зуева,+7 (919) 926-93-80,user103661@example.ru,Москва,19.10.2024
c102057,Игорь Мешков,+7 (959) 065-50-51,user102057@example.ru,Екатеринбург,25.02.2024
c103153,Павел Осипова,+7 (946) 244-08-92,user103153@example.ru,Москва,09.04.2025
c105887,Алиса Юдина,+7 (937) 942-47-48,user105887@example.ru,Екатеринбург,01.01.2025
c103183,Егор Осипова,+7 (937) 037-97-94,user103183@example.ru,Новосибирск,28.04.2026
c100458,Ольга Мешков,+7 (921) 654-72-02,user100458@example.ru,Новосибирск,24.11.2025
c105393,Кирилл Панин,+7 (952) 407-07-95,user105393@example.ru,Красноярск,04.03.2024
c101302,Мария Лаптев,+7 (949) 014-39-77,user101302@example.ru,Санкт-Петербург,20.01.2025
c102498,Мария Лаптев,+7 (993) 011-65-34,user102498@example.ru,Санкт-Петербург,12.02.2026
c102601,Елена Осипова,+7 (965) 854-38-04,user102601@example.ru,Новосибирск,23.04.2025
c101383,Роман Савельев,+7 (977) 731-62-74,user101383@example.ru,Красноярск,11.04.2025
c105340,Егор Ковальчук,+7 (992) 396-07-44,user105340@example.ru,Казань,24.07.2025
c103308,Денис Панин,+7 (947) 874-83-33,user103308@example.ru,Москва,23.05.2026
c103261,Елена Нестеров,+7 (941) 697-75-27,user103261@example.ru,Новосибирск,18.01.2024
c103630,Роман Ермаков,+7 (994) 114-38-38,user103630@example.ru,Новосибирск,21.03.2025
c102965,Анна Юдина,+7 (998) 257-43-05,user102965@example.ru,Казань,06.09.2024
c104416,Анна Савельев,+7 (987) 105-61-41,user104416@example.ru,Екатеринбург,14.07.2025
c103610,Глеб Юдина,+7 (991) 124-52-80,user103610@example.ru,Казань,02.05.2026
c102654,Максим Юдина,+7 (931) 849-81-43,user102654@example.ru,Красноярск,26.06.2025
c101135,Наталья Крылов,+7 (912) 130-15-33,user101135@example.ru,Новосибирск,12.03.2025
c105241,Максим Белых,+7 (912) 140-28-71,user105241@example.ru,Москва,17.10.2024
c103663,Наталья Юдина,+7 (965) 302-63-44,user103663@example.ru,Екатеринбург,18.12.2025
c103861,Алиса Белых,+7 (977) 763-26-81,user103861@example.ru,Казань,26.07.2024
c106722,Тимур Ковальчук,+7 (926) 140-06-70,user106722@example.ru,Красноярск,26.07.2025
c100583,Павел Сорокина,+7 (955) 265-75-39,user100583@example.ru,Екатеринбург,23.10.2024
c101869,Вера Ковальчук,+7 (931) 524-87-64,user101869@example.ru,Новосибирск,09.03.2026
c104576,Тимур Белых,+7 (914) 979-85-47,user104576@example.ru,Екатеринбург,29.03.2025
c103936,Алиса Юдина,+7 (973) 646-73-68,user103936@example.ru,Москва,10.11.2024
c101908,Елена Осипова,+7 (999) 200-63-66,user101908@example.ru,Красноярск,13.03.2026
c104795,Мария Юдина,+7 (916) 030-88-16,user104795@example.ru,Новосибирск,25.10.2024
c102851,Денис Юдина,+7 (987) 881-47-96,user102851@example.ru,Екатеринбург,10.06.2025
c105988,Максим Зуева,+7 (913) 501-69-64,user105988@example.ru,Казань,01.11.2025
c104845,Глеб Ермаков,+7 (962) 243-00-70,user104845@example.ru,Красноярск,23.07.2024
c104451,Лидия Крылов,+7 (921) 235-57-64,user104451@example.ru,Екатеринбург,27.05.2024
c103142,Лидия Крылов,+7 (995) 352-25-78,user103142@example.ru,Москва,09.12.2024
c100012,Артур Сорокина,+7 (913) 063-88-25,user100012@example.ru,Санкт-Петербург,14.01.2024
c104643,Глеб Нестеров,+7 (932) 512-20-35,user104643@example.ru,Екатеринбург,10.09.2024
c102360,Вера Зуева,+7 (994) 757-61-92,user102360@example.ru,Санкт-Петербург,28.06.2024
c103120,Тимур Белых,+7 (955) 845-95-08,user103120@example.ru,Москва,24.01.2024
c106177,Юлия Ковальчук,+7 (976) 422-41-59,user106177@example.ru,Новосибирск,28.09.2024
c106891,Кирилл Осипова,+7 (967) 785-98-03,user106891@example.ru,Новосибирск,14.05.2026
c101879,Кирилл Сорокина,+7 (957) 006-61-47,user101879@example.ru,Казань,20.07.2025
c101042,Денис Гордеев,+7 (959) 366-92-86,user101042@example.ru,Санкт-Петербург,13.09.2025
c100748,Мария Крылов,+7 (916) 559-77-41,user100748@example.ru,Красноярск,19.03.2025
c100642,Полина Савельев,+7 (942) 183-57-16,user100642@example.ru,Красноярск,15.04.2024
c103643,Глеб Крылов,+7 (911) 592-10-57,user103643@example.ru,Новосибирск,11.05.2025
c104707,Кирилл Ермаков,+7 (999) 288-53-47,user104707@example.ru,Новосибирск,17.02.2025
c104423,Алиса Сорокина,+7 (996) 209-57-55,user104423@example.ru,Екатеринбург,07.10.2025
c103926,Полина Сорокина,+7 (966) 084-16-37,user103926@example.ru,Москва,10.09.2024
c104389,Вера Ермаков,+7 (994) 239-91-56,user104389@example.ru,Красноярск,20.07.2025
c100097,Артур Шилова,+7 (939) 703-89-41,user100097@example.ru,Екатеринбург,12.09.2025
c104214,Глеб Осипова,+7 (912) 735-89-39,user104214@example.ru,Красноярск,06.03.2024
c104438,Мария Тихонова,+7 (945) 737-23-61,user104438@example.ru,Екатеринбург,15.02.2024
c101347,Игорь Савельев,+7 (976) 850-21-24,user101347@example.ru,Казань,06.08.2025
c104023,Вера Нестеров,+7 (962) 515-43-09,user104023@example.ru,Санкт-Петербург,03.04.2024
c100478,Наталья Юдина,+7 (920) 672-30-47,user100478@example.ru,Казань,17.06.2025
c104169,Алиса Ковальчук,+7 (945) 263-52-63,user104169@example.ru,Екатеринбург,25.01.2025
c102800,Максим Шилова,+7 (967) 170-72-91,user102800@example.ru,Москва,04.12.2025
c106108,Полина Тихонова,+7 (968) 198-78-98,user106108@example.ru,Казань,22.10.2025
c106591,Егор Ковальчук,+7 (928) 347-96-58,user106591@example.ru,Санкт-Петербург,28.02.2025
c101790,Ольга Лаптев,+7 (927) 582-81-37,user101790@example.ru,Красноярск,07.08.2024
c105099,Алиса Мешков,+7 (990) 848-87-98,user105099@example.ru,Красноярск,30.06.2025
c103249,Алиса Савельев,+7 (932) 285-82-84,user103249@example.ru,Красноярск,25.03.2025
c103166,Кирилл Юдина,+7 (965) 907-29-93,user103166@example.ru,Москва,07.03.2025
c100360,Елена Сорокина,+7 (979) 542-46-33,user100360@example.ru,Екатеринбург,10.04.2024
c106620,Лидия Лаптев,+7 (943) 166-57-16,user106620@example.ru,Санкт-Петербург,15.08.2024
c106876,Алиса Зуева,+7 (945) 652-18-62,user106876@example.ru,Екатеринбург,24.06.2025
c100307,Ольга Осипова,+7 (929) 981-14-45,user100307@example.ru,Красноярск,01.08.2025
c106756,Роман Савельев,+7 (915) 560-67-58,user106756@example.ru,Москва,26.12.2025
c103803,Максим Панин,+7 (918) 527-73-38,user103803@example.ru,Красноярск,05.10.2025
c105106,Кирилл Юдина,+7 (980) 166-24-10,user105106@example.ru,Красноярск,28.11.2025
c105564,Егор Шилова,+7 (960) 023-00-26,user105564@example.ru,Екатеринбург,28.10.2025
c102280,Артур Гордеев,+7 (921) 035-44-55,user102280@example.ru,Казань,21.12.2025
c105282,Егор Тихонова,+7 (921) 385-56-41,user105282@example.ru,Новосибирск,07.02.2025
c101120,Роман Ковальчук,+7 (939) 410-91-95,user101120@example.ru,Екатеринбург,11.11.2024
c106166,Тимур Белых,+7 (986) 410-94-02,user106166@example.ru,Новосибирск,17.11.2024
c106179,Павел Савельев,+7 (912) 236-66-29,user106179@example.ru,Екатеринбург,26.07.2025
c103769,Максим Осипова,+7 (919) 709-63-66,user103769@example.ru,Казань,28.07.2025
c100775,Полина Панин,+7 (938) 618-90-52,user100775@example.ru,Казань,07.04.2026
c105147,Елена Юдина,+7 (941) 816-16-41,user105147@example.ru,Казань,16.12.2024
c100672,Максим Гордеев,+7 (941) 939-30-32,user100672@example.ru,Красноярск,25.08.2025
c100197,Игорь Сорокина,+7 (995) 358-15-86,user100197@example.ru,Екатеринбург,22.05.2026
c106678,Анна Нестеров,+7 (961) 962-55-89,user106678@example.ru,Санкт-Петербург,01.07.2025
c100304,Алиса Мешков,+7 (947) 350-13-53,user100304@example.ru,Екатеринбург,19.05.2024
c106251,Денис Крылов,+7 (929) 191-69-82,user106251@example.ru,Новосибирск,03.08.2024
c102523,Роман Панин,+7 (995) 797-34-28,user102523@example.ru,Новосибирск,09.06.2026
c100383,Алиса Тихонова,+7 (943) 388-95-72,user100383@example.ru,Москва,03.12.2024
c101490,Юлия Нестеров,+7 (986) 212-23-67,user101490@example.ru,Санкт-Петербург,18.06.2024
c103363,Елена Осипова,+7 (967) 221-82-52,user103363@example.ru,Казань,22.11.2025
c106785,Наталья Мешков,+7 (923) 599-39-49,user106785@example.ru,Санкт-Петербург,08.05.2024
c102355,Анна Мешков,+7 (982) 596-72-51,user102355@example.ru,Казань,11.03.2025
c100263,Ольга Юдина,+7 (938) 690-47-30,user100263@example.ru,Казань,20.01.2025
c106066,Артур Сорокина,+7 (938) 186-25-88,user106066@example.ru,Москва,26.03.2026
c104794,Игорь Осипова,+7 (995) 693-76-33,user104794@example.ru,Екатеринбург,15.10.2025
c103901,Кирилл Осипова,+7 (945) 123-33-78,user103901@example.ru,Казань,06.03.2024
c106531,Роман Сорокина,+7 (980) 987-04-57,user106531@example.ru,Красноярск,17.08.2024
c103657,Анна Ковальчук,+7 (971) 102-57-35,user103657@example.ru,Красноярск,28.02.2025
c106632,Полина Юдина,+7 (977) 946-81-08,user106632@example.ru,Екатеринбург,11.08.2025
c100993,Артур Зуева,+7 (919) 354-60-04,user100993@example.ru,Новосибирск,29.01.2026
c106518,Кирилл Савельев,+7 (931) 210-93-23,user106518@example.ru,Москва,17.05.2026
c102501,Ольга Панин,+7 (959) 247-66-20,user102501@example.ru,Москва,14.11.2024
c101661,Максим Мешков,+7 (945) 584-43-39,user101661@example.ru,Екатеринбург,03.06.2026
c101481,Игорь Савельев,+7 (986) 227-43-16,user101481@example.ru,Санкт-Петербург,15.08.2024
c104334,Кирилл Нестеров,+7 (919) 889-82-94,user104334@example.ru,Екатеринбург,29.09.2025
c103701,Тимур Мешков,+7 (929) 960-65-89,user103701@example.ru,Красноярск,25.04.2024
c101777,Павел Сорокина,+7 (985) 620-96-10,user101777@example.ru,Москва,16.06.2025
c103244,Ольга Зуева,+7 (932) 861-64-63,user103244@example.ru,Екатеринбург,06.06.2024
c101834,Игорь Белых,+7 (926) 667-76-63,user101834@example.ru,Санкт-Петербург,02.09.2024
c100931,Тимур Савельев,+7 (996) 154-66-68,user100931@example.ru,Екатеринбург,24.03.2024
c106463,Максим Савельев,+7 (945) 125-90-43,user106463@example.ru,Казань,25.11.2025
c106874,Елена Савельев,+7 (957) 503-92-95,user106874@example.ru,Москва,14.02.2025
c105007,Вера Юдина,+7 (949) 654-43-13,user105007@example.ru,Екатеринбург,19.08.2025
c104082,Егор Шилова,+7 (973) 793-18-71,user104082@example.ru,Екатеринбург,24.10.2025
c102116,Вера Панин,+7 (935) 052-36-91,user102116@example.ru,Санкт-Петербург,25.10.2025
c100829,Кирилл Белых,+7 (969) 427-72-23,user100829@example.ru,Казань,25.01.2026
c103001,Анна Шилова,+7 (990) 698-37-98,user103001@example.ru,Новосибирск,29.06.2024
c103622,Анна Ермаков,+7 (922) 856-54-34,user103622@example.ru,Екатеринбург,22.12.2025
c103194,Игорь Тихонова,+7 (999) 798-88-97,user103194@example.ru,Красноярск,14.04.2026
c102090,Вера Белых,+7 (997) 799-91-23,user102090@example.ru,Москва,14.11.2025
c101845,Юлия Юдина,+7 (985) 956-97-40,user101845@example.ru,Казань,31.01.2026
c103869,Мария Шилова,+7 (913) 319-66-53,user103869@example.ru,Новосибирск,05.11.2025
c105011,Вера Сорокина,+7 (984) 826-64-08,user105011@example.ru,Екатеринбург,23.11.2025
c103986,Егор Шилова,+7 (940) 504-58-32,user103986@example.ru,Санкт-Петербург,03.06.2025
c106182,Артур Юдина,+7 (975) 532-61-10,user106182@example.ru,Санкт-Петербург,14.11.2025
c104558,Юлия Сорокина,+7 (916) 856-40-01,user104558@example.ru,Казань,27.05.2026
c100805,Полина Гордеев,+7 (939) 815-15-21,user100805@example.ru,Санкт-Петербург,11.09.2024
c105021,Вера Осипова,+7 (922) 443-41-43,user105021@example.ru,Екатеринбург,10.04.2024
c102401,Егор Зуева,+7 (986) 736-66-63,user102401@example.ru,Москва,10.08.2024
c103271,Тимур Юдина,+7 (925) 940-96-65,user103271@example.ru,Санкт-Петербург,16.01.2024
c102554,Вера Ермаков,+7 (987) 786-21-45,user102554@example.ru,Москва,29.08.2025
c104066,Лидия Гордеев,+7 (920) 909-07-15,user104066@example.ru,Санкт-Петербург,02.02.2024
c104195,Лидия Нестеров,+7 (945) 397-72-29,user104195@example.ru,Москва,20.07.2024
c100269,Анна Ковальчук,+7 (987) 633-53-02,user100269@example.ru,Екатеринбург,08.04.2024
c101532,Егор Панин,+7 (952) 553-79-28,user101532@example.ru,Казань,26.05.2026
c106795,Ольга Юдина,+7 (918) 516-29-16,user106795@example.ru,Красноярск,12.04.2024
c104422,Роман Юдина,+7 (931) 850-70-45,user104422@example.ru,Санкт-Петербург,13.01.2026
c101225,Ольга Мешков,+7 (943) 162-69-48,user101225@example.ru,Казань,27.08.2025
c106488,Павел Савельев,+7 (953) 633-68-45,user106488@example.ru,Красноярск,17.06.2025
c101081,Максим Мешков,+7 (938) 962-24-60,user101081@example.ru,Санкт-Петербург,21.02.2026
c105338,Юлия Гордеев,+7 (965) 096-48-53,user105338@example.ru,Екатеринбург,18.09.2025
c105084,Глеб Савельев,+7 (918) 555-57-55,user105084@example.ru,Красноярск,09.05.2024
c102816,Лидия Ермаков,+7 (957) 257-08-43,user102816@example.ru,Новосибирск,07.05.2026
c106606,Анна Лаптев,+7 (914) 512-88-90,user106606@example.ru,Казань,05.05.2026
c105842,Глеб Гордеев,+7 (925) 661-14-74,user105842@example.ru,Новосибирск,29.11.2025
c104685,Алиса Юдина,+7 (972) 837-03-37,user104685@example.ru,Новосибирск,05.04.2025
c103993,Анна Осипова,+7 (993) 277-55-67,user103993@example.ru,Москва,29.06.2025
c101566,Роман Ковальчук,+7 (936) 265-87-90,user101566@example.ru,Санкт-Петербург,02.04.2026
c104240,Лидия Лаптев,+7 (948) 479-96-15,user104240@example.ru,Москва,02.12.2024
c103634,Игорь Белых,+7 (932) 500-92-25,user103634@example.ru,Москва,04.07.2024
c101464,Денис Крылов,+7 (977) 475-67-36,user101464@example.ru,Москва,20.04.2025
c105483,Вера Зуева,+7 (981) 668-20-32,user105483@example.ru,Екатеринбург,05.05.2025
c104872,Павел Крылов,+7 (954) 221-53-53,user104872@example.ru,Новосибирск,18.05.2025
c101608,Павел Ковальчук,+7 (990) 409-33-34,user101608@example.ru,Санкт-Петербург,05.12.2025
c101033,Артур Тихонова,+7 (990) 085-80-13,user101033@example.ru,Екатеринбург,08.07.2025
c104535,Наталья Нестеров,+7 (961) 421-51-33,user104535@example.ru,Санкт-Петербург,25.06.2026
c102108,Ольга Осипова,+7 (943) 947-00-65,user102108@example.ru,Красноярск,24.06.2025
c105816,Юлия Шилова,+7 (997) 820-56-66,user105816@example.ru,Екатеринбург,09.01.2026
c102773,Наталья Гордеев,+7 (989) 853-62-24,user102773@example.ru,Екатеринбург,02.10.2025
c102272,Полина Ермаков,+7 (988) 201-66-30,user102272@example.ru,Новосибирск,21.03.2025
c105002,Тимур Сорокина,+7 (970) 545-85-66,user105002@example.ru,Санкт-Петербург,12.04.2026
c104739,Павел Гордеев,+7 (967) 209-01-10,user104739@example.ru,Красноярск,14.09.2024
c102435,Анна Белых,+7 (986) 487-71-36,user102435@example.ru,Санкт-Петербург,27.06.2024
c103713,Максим Панин,+7 (937) 873-45-56,user103713@example.ru,Екатеринбург,28.07.2024
c102167,Юлия Нестеров,+7 (982) 378-64-89,user102167@example.ru,Новосибирск,31.08.2024
c103974,Максим Осипова,+7 (911) 990-55-73,user103974@example.ru,Москва,25.09.2024
c104510,Алиса Зуева,+7 (917) 097-40-92,user104510@example.ru,Казань,11.03.2025
c106180,Лидия Лаптев,+7 (926) 452-88-57,user106180@example.ru,Санкт-Петербург,17.02.2026
c105775,Алиса Ермаков,+7 (973) 112-75-29,user105775@example.ru,Санкт-Петербург,08.06.2026
c100523,Лидия Тихонова,+7 (974) 520-47-19,user100523@example.ru,Новосибирск,08.04.2024
c103830,Анна Юдина,+7 (969) 240-03-61,user103830@example.ru,Санкт-Петербург,03.09.2024
c104410,Глеб Сорокина,+7 (970) 073-57-15,user104410@example.ru,Казань,26.03.2025
c100568,Лидия Юдина,+7 (993) 505-22-84,user100568@example.ru,Красноярск,05.03.2024
c100598,Егор Сорокина,+7 (915) 612-35-44,user100598@example.ru,Екатеринбург,27.11.2024
c101402,Наталья Белых,+7 (936) 699-87-83,user101402@example.ru,Казань,02.08.2025
c104144,Елена Ермаков,+7 (967) 523-91-99,user104144@example.ru,Новосибирск,12.01.2024
c104466,Елена Шилова,+7 (977) 275-33-91,user104466@example.ru,Москва,14.12.2024
c100584,Елена Панин,+7 (975) 046-09-57,user100584@example.ru,Екатеринбург,10.04.2024
c102261,Роман Ермаков,+7 (934) 319-30-48,user102261@example.ru,Красноярск,16.05.2024
c101376,Наталья Мешков,+7 (968) 118-30-54,user101376@example.ru,Санкт-Петербург,23.09.2025
c104379,Артур Панин,+7 (992) 760-21-73,user104379@example.ru,Екатеринбург,27.07.2024
c100174,Елена Лаптев,+7 (958) 473-96-27,user100174@example.ru,Екатеринбург,15.05.2025
c101403,Вера Гордеев,+7 (939) 185-92-70,user101403@example.ru,Казань,13.03.2024
c103154,Тимур Крылов,+7 (928) 568-86-60,user103154@example.ru,Санкт-Петербург,27.04.2024
c105878,Алиса Ковальчук,+7 (988) 798-83-84,user105878@example.ru,Москва,28.11.2025
c101842,Тимур Юдина,+7 (926) 187-63-48,user101842@example.ru,Красноярск,24.06.2026
c101279,Глеб Лаптев,+7 (957) 829-43-79,user101279@example.ru,Казань,10.11.2024
c101994,Павел Сорокина,+7 (953) 889-73-57,user101994@example.ru,Екатеринбург,28.01.2026
c104054,Артур Гордеев,+7 (971) 969-19-34,user104054@example.ru,Екатеринбург,20.07.2024
c103781,Павел Нестеров,+7 (930) 160-18-76,user103781@example.ru,Екатеринбург,17.02.2025
c105398,Егор Сорокина,+7 (952) 871-65-56,user105398@example.ru,Санкт-Петербург,04.08.2024
c104511,Юлия Зуева,+7 (925) 700-41-88,user104511@example.ru,Новосибирск,23.01.2025
c103131,Денис Ермаков,+7 (972) 294-39-41,user103131@example.ru,Казань,07.01.2025
c100726,Тимур Белых,+7 (910) 227-85-98,user100726@example.ru,Красноярск,05.07.2025
c100364,Анна Мешков,+7 (931) 040-67-19,user100364@example.ru,Екатеринбург,17.04.2024
c102279,Елена Белых,+7 (987) 237-44-58,user102279@example.ru,Новосибирск,30.08.2024
c106261,Полина Савельев,+7 (972) 623-78-75,user106261@example.ru,Казань,30.03.2024
c105459,Артур Савельев,+7 (958) 306-55-86,user105459@example.ru,Казань,01.01.2025
c100507,Полина Осипова,+7 (978) 410-05-32,user100507@example.ru,Новосибирск,07.08.2024
c102591,Юлия Гордеев,+7 (921) 944-41-28,user102591@example.ru,Санкт-Петербург,16.08.2024
c104588,Мария Юдина,+7 (996) 400-21-99,user104588@example.ru,Санкт-Петербург,18.04.2024
c105222,Игорь Крылов,+7 (942) 998-10-43,user105222@example.ru,Екатеринбург,10.05.2026
c103192,Полина Сорокина,+7 (923) 648-21-86,user103192@example.ru,Санкт-Петербург,26.01.2025
c105602,Мария Мешков,+7 (975) 989-64-01,user105602@example.ru,Москва,15.02.2025
c101620,Алиса Белых,+7 (974) 110-41-18,user101620@example.ru,Санкт-Петербург,08.01.2026
c102770,Роман Нестеров,+7 (923) 003-59-39,user102770@example.ru,Красноярск,20.06.2025
c104441,Ольга Юдина,+7 (967) 524-63-01,user104441@example.ru,Новосибирск,30.09.2024
c101343,Максим Шилова,+7 (965) 302-33-04,user101343@example.ru,Казань,15.11.2024
c103266,Егор Ковальчук,+7 (962) 567-16-86,user103266@example.ru,Москва,06.10.2024
c104337,Павел Сорокина,+7 (991) 263-88-42,user104337@example.ru,Санкт-Петербург,14.12.2024
c101430,Егор Савельев,+7 (945) 548-72-64,user101430@example.ru,Москва,27.01.2024
c101312,Наталья Крылов,+7 (975) 484-93-86,user101312@example.ru,Санкт-Петербург,07.03.2026
c100081,Роман Мешков,+7 (966) 579-46-19,user100081@example.ru,Новосибирск,10.12.2025
c100646,Вера Мешков,+7 (926) 750-53-17,user100646@example.ru,Москва,24.12.2025
c100346,Роман Шилова,+7 (949) 833-88-47,user100346@example.ru,Новосибирск,05.05.2025
c100141,Роман Гордеев,+7 (974) 931-32-51,user100141@example.ru,Новосибирск,26.07.2024
c100278,Вера Нестеров,+7 (922) 089-98-14,user100278@example.ru,Екатеринбург,14.09.2025
c100477,Вера Крылов,+7 (988) 992-79-15,user100477@example.ru,Новосибирск,10.03.2026
c106822,Наталья Юдина,+7 (982) 086-84-97,user106822@example.ru,Москва,23.05.2025
c101562,Анна Савельев,+7 (995) 241-08-43,user101562@example.ru,Екатеринбург,08.02.2026
c103456,Тимур Мешков,+7 (959) 680-21-00,user103456@example.ru,Санкт-Петербург,15.12.2024
c100587,Егор Крылов,+7 (950) 404-73-20,user100587@example.ru,Красноярск,25.10.2025
c105788,Кирилл Зуева,+7 (957) 050-09-99,user105788@example.ru,Казань,18.04.2026
c102235,Глеб Тихонова,+7 (994) 890-90-06,user102235@example.ru,Новосибирск,23.10.2025
c104765,Егор Зуева,+7 (931) 067-78-74,user104765@example.ru,Казань,21.05.2025
c100187,Юлия Шилова,+7 (985) 475-11-18,user100187@example.ru,Санкт-Петербург,07.04.2025
c101749,Наталья Нестеров,+7 (965) 666-09-80,user101749@example.ru,Новосибирск,18.12.2025
c102841,Игорь Савельев,+7 (948) 386-94-71,user102841@example.ru,Казань,07.12.2024
c103396,Полина Нестеров,+7 (913) 474-33-24,user103396@example.ru,Москва,10.03.2025
c105858,Егор Осипова,+7 (947) 471-98-91,user105858@example.ru,Екатеринбург,15.06.2026
c103301,Игорь Зуева,+7 (939) 819-93-84,user103301@example.ru,Санкт-Петербург,04.12.2024
c102118,Игорь Крылов,+7 (939) 739-80-63,user102118@example.ru,Новосибирск,24.05.2025
c101682,Наталья Зуева,+7 (946) 706-35-50,user101682@example.ru,Москва,20.04.2024
c105440,Егор Белых,+7 (954) 076-45-44,user105440@example.ru,Екатеринбург,18.01.2026
c105073,Максим Сорокина,+7 (978) 861-45-18,user105073@example.ru,Москва,22.01.2025
c105485,Игорь Тихонова,+7 (922) 603-73-48,user105485@example.ru,Новосибирск,01.05.2024
c100674,Ольга Крылов,+7 (945) 291-76-21,user100674@example.ru,Новосибирск,12.09.2025
c102546,Денис Мешков,+7 (964) 147-13-81,user102546@example.ru,Санкт-Петербург,07.01.2026
c102614,Юлия Савельев,+7 (983) 386-86-23,user102614@example.ru,Казань,07.06.2026
c101115,Денис Сорокина,+7 (989) 982-25-50,user101115@example.ru,Новосибирск,30.11.2024
c102725,Мария Нестеров,+7 (935) 314-02-83,user102725@example.ru,Санкт-Петербург,09.09.2025
c100794,Юлия Нестеров,+7 (957) 031-11-28,user100794@example.ru,Казань,21.05.2026
c105629,Елена Лаптев,+7 (918) 001-63-88,user105629@example.ru,Красноярск,27.05.2024
c104952,Наталья Панин,+7 (943) 737-57-57,user104952@example.ru,Новосибирск,24.07.2025
c100302,Денис Юдина,+7 (931) 743-28-09,user100302@example.ru,Казань,19.10.2024
c106034,Мария Панин,+7 (938) 358-47-85,user106034@example.ru,Казань,09.04.2025
c103950,Ольга Нестеров,+7 (979) 289-80-38,user103950@example.ru,Москва,29.12.2024
c102120,Глеб Ковальчук,+7 (969) 206-15-96,user102120@example.ru,Новосибирск,02.11.2024
c102171,Тимур Тихонова,+7 (968) 269-70-90,user102171@example.ru,Казань,04.05.2025
c101498,Юлия Белых,+7 (927) 162-18-69,user101498@example.ru,Москва,25.07.2025
c103108,Егор Лаптев,+7 (926) 910-30-26,user103108@example.ru,Санкт-Петербург,22.11.2025
c102667,Юлия Лаптев,+7 (970) 464-46-36,user102667@example.ru,Екатеринбург,22.08.2024
c106805,Вера Савельев,+7 (925) 367-88-71,user106805@example.ru,Екатеринбург,27.09.2024
c105744,Артур Мешков,+7 (971) 757-34-87,user105744@example.ru,Казань,30.06.2025
c101151,Егор Савельев,+7 (961) 434-82-89,user101151@example.ru,Казань,03.10.2025
c106120,Максим Осипова,+7 (924) 746-46-19,user106120@example.ru,Казань,05.06.2025
c104881,Роман Лаптев,+7 (952) 284-12-02,user104881@example.ru,Санкт-Петербург,29.04.2026
c100043,Юлия Крылов,+7 (972) 822-93-69,user100043@example.ru,Санкт-Петербург,17.04.2025
c101499,Роман Тихонова,+7 (958) 739-33-90,user101499@example.ru,Санкт-Петербург,27.12.2024
c103465,Полина Осипова,+7 (967) 395-22-78,user103465@example.ru,Санкт-Петербург,03.02.2025
c104306,Роман Гордеев,+7 (955) 730-56-51,user104306@example.ru,Новосибирск,30.07.2024
c101290,Елена Осипова,+7 (946) 953-93-02,user101290@example.ru,Москва,17.05.2025
c100499,Егор Ермаков,+7 (998) 144-55-49,user100499@example.ru,Казань,03.04.2024
c102604,Глеб Крылов,+7 (910) 540-19-74,user102604@example.ru,Новосибирск,07.08.2025
c105127,Егор Мешков,+7 (947) 939-47-81,user105127@example.ru,Красноярск,16.06.2026
c102154,Алиса Белых,+7 (940) 741-07-69,user102154@example.ru,Санкт-Петербург,17.08.2024
c104372,Мария Ковальчук,+7 (999) 251-74-75,user104372@example.ru,Новосибирск,04.02.2026
c105710,Ольга Зуева,+7 (994) 272-83-97,user105710@example.ru,Красноярск,12.01.2024
c105992,Роман Юдина,+7 (961) 573-00-33,user105992@example.ru,Казань,19.01.2025
c104706,Юлия Ковальчук,+7 (998) 265-22-38,user104706@example.ru,Санкт-Петербург,07.10.2025
c105029,Денис Мешков,+7 (911) 517-84-30,user105029@example.ru,Екатеринбург,20.06.2025
c101826,Мария Мешков,+7 (994) 044-13-16,user101826@example.ru,Казань,04.08.2025
c102319,Алиса Панин,+7 (954) 720-25-05,user102319@example.ru,Красноярск,29.04.2026
c105766,Алиса Нестеров,+7 (954) 108-95-64,user105766@example.ru,Москва,27.11.2024
c105571,Елена Крылов,+7 (969) 673-03-76,user105571@example.ru,Казань,03.05.2025
c105471,Игорь Савельев,+7 (979) 347-62-44,user105471@example.ru,Красноярск,20.08.2025
c101911,Максим Шилова,+7 (996) 402-87-62,user101911@example.ru,Казань,30.07.2024
c101117,Егор Зуева,+7 (938) 622-63-59,user101117@example.ru,Екатеринбург,15.06.2026
c102460,Наталья Белых,+7 (916) 566-20-62,user102460@example.ru,Красноярск,14.07.2024
c100457,Ольга Нестеров,+7 (982) 402-94-30,user100457@example.ru,Казань,05.05.2024
c102310,Вера Шилова,+7 (921) 097-13-91,user102310@example.ru,Екатеринбург,12.05.2025
c103659,Денис Юдина,+7 (998) 727-56-34,user103659@example.ru,Санкт-Петербург,19.01.2024
c103733,Глеб Шилова,+7 (939) 422-17-64,user103733@example.ru,Казань,26.07.2024
c104167,Глеб Панин,+7 (952) 607-69-88,user104167@example.ru,Новосибирск,30.04.2026
c106863,Юлия Осипова,+7 (969) 186-88-71,user106863@example.ru,Новосибирск,16.05.2024
c106554,Лидия Лаптев,+7 (986) 909-54-88,user106554@example.ru,Санкт-Петербург,14.08.2025
c103374,Ольга Нестеров,+7 (920) 257-15-94,user103374@example.ru,Москва,06.06.2025
c101359,Вера Савельев,+7 (959) 212-89-93,user101359@example.ru,Красноярск,15.05.2026
c105230,Денис Савельев,+7 (926) 310-25-57,user105230@example.ru,Красноярск,29.05.2025
c102204,Максим Ермаков,+7 (948) 215-71-57,user102204@example.ru,Новосибирск,22.06.2026
c105289,Егор Мешков,+7 (959) 907-83-78,user105289@example.ru,Новосибирск,23.01.2025
c101761,Тимур Лаптев,+7 (969) 764-25-07,user101761@example.ru,Казань,31.12.2024
c104800,Полина Шилова,+7 (939) 536-03-82,user104800@example.ru,Красноярск,04.02.2025
c103462,Анна Ермаков,+7 (911) 318-79-95,user103462@example.ru,Красноярск,01.10.2025
c104212,Юлия Лаптев,+7 (911) 041-28-35,user104212@example.ru,Казань,28.04.2026
c103512,Наталья Гордеев,+7 (960) 245-63-39,user103512@example.ru,Новосибирск,03.01.2025
c101527,Елена Ковальчук,+7 (917) 150-57-05,user101527@example.ru,Екатеринбург,21.02.2024
c105125,Глеб Ермаков,+7 (992) 365-96-42,user105125@example.ru,Новосибирск,01.04.2024
c100010,Полина Лаптев,+7 (966) 910-50-74,user100010@example.ru,Санкт-Петербург,10.12.2025
c106861,Юлия Савельев,+7 (999) 774-17-61,user106861@example.ru,Санкт-Петербург,26.03.2024
c104887,Алиса Белых,+7 (953) 423-76-49,user104887@example.ru,Москва,17.05.2024
c102504,Полина Шилова,+7 (919) 694-05-58,user102504@example.ru,Санкт-Петербург,01.05.2024
c100322,Вера Белых,+7 (915) 900-71-61,user100322@example.ru,Казань,09.03.2024
c102210,Глеб Гордеев,+7 (958) 589-20-68,user102210@example.ru,Красноярск,16.03.2024
c101569,Алиса Гордеев,+7 (983) 909-18-72,user101569@example.ru,Новосибирск,10.05.2026
c101470,Анна Крылов,+7 (986) 094-25-04,user101470@example.ru,Санкт-Петербург,14.11.2025
c103670,Алиса Зуева,+7 (932) 803-57-13,user103670@example.ru,Красноярск,13.06.2026
c101059,Артур Лаптев,+7 (959) 781-41-71,user101059@example.ru,Казань,05.03.2026
c102861,Кирилл Гордеев,+7 (939) 057-51-92,user102861@example.ru,Новосибирск,28.03.2026
c102452,Полина Крылов,+7 (983) 248-70-74,user102452@example.ru,Красноярск,01.05.2024
c106210,Роман Шилова,+7 (998) 622-14-19,user106210@example.ru,Красноярск,18.06.2025
c106127,Кирилл Шилова,+7 (940) 287-49-74,user106127@example.ru,Красноярск,22.12.2025
c100804,Глеб Савельев,+7 (986) 204-97-64,user100804@example.ru,Красноярск,21.02.2025
c104767,Егор Сорокина,+7 (916) 451-45-66,user104767@example.ru,Екатеринбург,23.01.2025
c105755,Анна Зуева,+7 (967) 730-85-19,user105755@example.ru,Санкт-Петербург,02.12.2024
c104491,Павел Гордеев,+7 (958) 957-86-71,user104491@example.ru,Санкт-Петербург,19.09.2025
c100581,Павел Сорокина,+7 (984) 363-72-33,user100581@example.ru,Красноярск,03.12.2025
c105662,Юлия Панин,+7 (947) 150-88-75,user105662@example.ru,Казань,01.11.2024
c104608,Полина Юдина,+7 (960) 694-91-12,user104608@example.ru,Москва,26.02.2025
c100226,Ольга Осипова,+7 (945) 926-83-26,user100226@example.ru,Екатеринбург,03.04.2026
c101712,Анна Нестеров,+7 (982) 976-94-52,user101712@example.ru,Красноярск,16.06.2026
c106001,Кирилл Панин,+7 (972) 034-57-94,user106001@example.ru,Новосибирск,10.11.2024
c100265,Наталья Ковальчук,+7 (949) 112-36-30,user100265@example.ru,Екатеринбург,28.05.2024
c103461,Мария Тихонова,+7 (950) 235-39-06,user103461@example.ru,Новосибирск,20.05.2026
c102514,Артур Гордеев,+7 (969) 403-53-53,user102514@example.ru,Новосибирск,16.09.2024
c103382,Анна Лаптев,+7 (941) 609-20-01,user103382@example.ru,Новосибирск,29.05.2024
c102347,Максим Сорокина,+7 (920) 507-30-93,user102347@example.ru,Красноярск,08.03.2024
c101203,Анна Шилова,+7 (961) 411-57-40,user101203@example.ru,Санкт-Петербург,26.08.2024
c101038,Лидия Юдина,+7 (924) 058-65-43,user101038@example.ru,Москва,01.04.2026
c105363,Артур Мешков,+7 (977) 110-81-42,user105363@example.ru,Москва,07.02.2025
c104810,Наталья Ковальчук,+7 (912) 173-14-51,user104810@example.ru,Новосибирск,04.12.2025
c100620,Лидия Ковальчук,+7 (913) 955-20-62,user100620@example.ru,Москва,15.09.2025
c100610,Артур Сорокина,+7 (954) 895-94-35,user100610@example.ru,Москва,23.07.2024
c101692,Наталья Мешков,+7 (988) 961-71-93,user101692@example.ru,Москва,28.11.2024
c104913,Егор Панин,+7 (984) 060-64-85,user104913@example.ru,Санкт-Петербург,25.04.2026
c103442,Павел Юдина,+7 (995) 475-18-38,user103442@example.ru,Красноярск,19.11.2024
c100502,Артур Крылов,+7 (957) 719-43-52,user100502@example.ru,Санкт-Петербург,10.04.2025
c101855,Егор Савельев,+7 (991) 127-14-42,user101855@example.ru,Екатеринбург,29.10.2025
c105370,Глеб Зуева,+7 (934) 859-36-34,user105370@example.ru,Екатеринбург,15.08.2025
c103067,Вера Шилова,+7 (922) 286-11-03,user103067@example.ru,Екатеринбург,31.01.2025
c101001,Игорь Ермаков,+7 (941) 446-67-66,user101001@example.ru,Казань,28.03.2025
c101216,Ольга Белых,+7 (973) 868-73-50,user101216@example.ru,Санкт-Петербург,24.09.2025
c101356,Максим Лаптев,+7 (949) 288-55-34,user101356@example.ru,Новосибирск,15.01.2025
c103013,Алиса Белых,+7 (992) 244-56-50,user103013@example.ru,Красноярск,06.10.2025
c104299,Анна Сорокина,+7 (967) 005-69-73,user104299@example.ru,Новосибирск,02.12.2024
c106636,Тимур Сорокина,+7 (961) 805-75-53,user106636@example.ru,Красноярск,01.03.2024
c102004,Роман Панин,+7 (945) 903-57-10,user102004@example.ru,Москва,15.02.2024
c100533,Егор Зуева,+7 (981) 786-55-33,user100533@example.ru,Санкт-Петербург,02.10.2024
c102241,Наталья Сорокина,+7 (973) 632-80-20,user102241@example.ru,Красноярск,30.07.2025
c106566,Артур Белых,+7 (985) 779-57-04,user106566@example.ru,Москва,09.09.2025
c100818,Алиса Мешков,+7 (994) 570-49-69,user100818@example.ru,Екатеринбург,27.10.2024
c104143,Денис Сорокина,+7 (939) 713-44-85,user104143@example.ru,Москва,05.04.2025
c104234,Наталья Нестеров,+7 (976) 053-83-09,user104234@example.ru,Санкт-Петербург,06.03.2026
c103023,Елена Шилова,+7 (948) 971-77-60,user103023@example.ru,Красноярск,31.12.2024
c104004,Денис Шилова,+7 (935) 296-38-84,user104004@example.ru,Новосибирск,29.06.2025
c100651,Глеб Крылов,+7 (981) 026-75-30,user100651@example.ru,Санкт-Петербург,10.06.2024
c103145,Ольга Лаптев,+7 (927) 943-49-04,user103145@example.ru,Санкт-Петербург,09.03.2026
c106263,Вера Лаптев,+7 (967) 333-80-32,user106263@example.ru,Санкт-Петербург,30.07.2024
c101268,Лидия Ермаков,+7 (998) 638-22-27,user101268@example.ru,Екатеринбург,10.12.2024
c103085,Тимур Гордеев,+7 (931) 767-62-66,user103085@example.ru,Красноярск,12.01.2024
c103316,Павел Мешков,+7 (923) 036-70-08,user103316@example.ru,Казань,30.03.2024
c102083,Игорь Нестеров,+7 (952) 742-69-89,user102083@example.ru,Казань,30.06.2026
c105851,Мария Мешков,+7 (913) 520-25-08,user105851@example.ru,Красноярск,05.01.2026
c104497,Вера Ермаков,+7 (985) 394-63-40,user104497@example.ru,Казань,03.02.2024
c106087,Елена Панин,+7 (912) 723-85-47,user106087@example.ru,Екатеринбург,02.07.2025
c105017,Елена Савельев,+7 (966) 529-29-92,user105017@example.ru,Новосибирск,18.01.2026
c106470,Максим Ермаков,+7 (923) 412-48-28,user106470@example.ru,Красноярск,03.02.2024
c104548,Денис Шилова,+7 (988) 612-14-18,user104548@example.ru,Екатеринбург,07.11.2024
c102608,Денис Гордеев,+7 (977) 231-63-18,user102608@example.ru,Казань,12.02.2024
c104898,Максим Крылов,+7 (914) 600-81-91,user104898@example.ru,Москва,16.04.2024
c100921,Лидия Белых,+7 (955) 798-81-43,user100921@example.ru,Санкт-Петербург,02.05.2024
c104570,Лидия Ковальчук,+7 (999) 137-63-83,user104570@example.ru,Москва,15.07.2025
c101852,Артур Тихонова,+7 (936) 977-10-37,user101852@example.ru,Санкт-Петербург,13.04.2024
c106764,Ольга Юдина,+7 (926) 701-36-35,user106764@example.ru,Казань,25.08.2025
c106493,Тимур Панин,+7 (939) 761-29-79,user106493@example.ru,Санкт-Петербург,03.05.2026
c104520,Егор Гордеев,+7 (924) 868-73-02,user104520@example.ru,Москва,31.03.2025
c106154,Роман Сорокина,+7 (915) 074-22-58,user106154@example.ru,Красноярск,09.07.2024
c106579,Тимур Зуева,+7 (946) 971-78-10,user106579@example.ru,Новосибирск,15.01.2025
c102428,Кирилл Лаптев,+7 (947) 255-53-39,user102428@example.ru,Екатеринбург,05.04.2024
c106288,Максим Мешков,+7 (929) 284-38-04,user106288@example.ru,Красноярск,05.03.2024
c102249,Артур Ковальчук,+7 (911) 567-32-80,user102249@example.ru,Новосибирск,22.11.2024
c104325,Анна Савельев,+7 (928) 766-73-54,user104325@example.ru,Новосибирск,12.07.2025
c100590,Вера Мешков,+7 (982) 883-87-29,user100590@example.ru,Новосибирск,09.12.2025
c103522,Максим Зуева,+7 (963) 068-50-08,user103522@example.ru,Санкт-Петербург,28.08.2025
c102331,Вера Крылов,+7 (938) 102-20-30,user102331@example.ru,Новосибирск,28.12.2024
c101265,Глеб Крылов,+7 (990) 433-52-56,user101265@example.ru,Екатеринбург,11.11.2024
c101945,Денис Осипова,+7 (947) 258-42-85,user101945@example.ru,Екатеринбург,30.05.2024
c103413,Ольга Савельев,+7 (915) 291-99-06,user103413@example.ru,Санкт-Петербург,17.01.2025
c103990,Мария Савельев,+7 (998) 103-29-04,user103990@example.ru,Санкт-Петербург,04.09.2025
c106247,Егор Ермаков,+7 (928) 162-55-67,user106247@example.ru,Екатеринбург,19.11.2024
c103393,Глеб Крылов,+7 (963) 655-72-89,user103393@example.ru,Красноярск,25.04.2025
c104914,Максим Панин,+7 (943) 621-88-19,user104914@example.ru,Москва,18.03.2025
c102989,Егор Сорокина,+7 (918) 248-38-00,user102989@example.ru,Екатеринбург,19.02.2024
c105294,Кирилл Мешков,+7 (960) 636-43-62,user105294@example.ru,Санкт-Петербург,08.02.2024
c101699,Роман Белых,+7 (950) 229-66-64,user101699@example.ru,Казань,12.02.2025
c105092,Артур Савельев,+7 (937) 120-20-90,user105092@example.ru,Казань,28.12.2025
c106857,Кирилл Тихонова,+7 (940) 134-23-34,user106857@example.ru,Москва,04.07.2025
c104024,Полина Зуева,+7 (926) 315-38-29,user104024@example.ru,Санкт-Петербург,18.02.2024
c102886,Тимур Мешков,+7 (919) 435-02-01,user102886@example.ru,Москва,06.02.2024
c104601,Кирилл Лаптев,+7 (995) 404-78-80,user104601@example.ru,Новосибирск,28.01.2025
c100919,Кирилл Ковальчук,+7 (958) 309-62-00,user100919@example.ru,Екатеринбург,02.08.2025
c105157,Денис Тихонова,+7 (952) 908-69-28,user105157@example.ru,Санкт-Петербург,17.11.2025
c105823,Полина Лаптев,+7 (919) 451-07-00,user105823@example.ru,Новосибирск,27.08.2024
c106124,Алиса Белых,+7 (986) 500-27-04,user106124@example.ru,Новосибирск,20.12.2024
c105480,Роман Тихонова,+7 (965) 536-14-24,user105480@example.ru,Новосибирск,15.04.2025
c100527,Артур Ковальчук,+7 (961) 511-34-65,user100527@example.ru,Екатеринбург,18.02.2025
c100540,Денис Крылов,+7 (973) 291-61-45,user100540@example.ru,Новосибирск,28.02.2024
c100785,Мария Тихонова,+7 (970) 908-72-13,user100785@example.ru,Казань,19.05.2024
c103912,Роман Шилова,+7 (963) 063-63-98,user103912@example.ru,Казань,25.06.2026
c102148,Тимур Савельев,+7 (954) 374-74-17,user102148@example.ru,Новосибирск,24.02.2024
c100262,Павел Лаптев,+7 (962) 404-59-25,user100262@example.ru,Казань,19.07.2024
c103666,Артур Сорокина,+7 (918) 258-52-99,user103666@example.ru,Москва,04.03.2026
c104849,Елена Зуева,+7 (917) 673-11-72,user104849@example.ru,Екатеринбург,28.02.2026
c101773,Ольга Гордеев,+7 (961) 799-38-79,user101773@example.ru,Красноярск,26.05.2025
c101266,Юлия Сорокина,+7 (945) 863-86-85,user101266@example.ru,Екатеринбург,02.06.2024
c103796,Лидия Осипова,+7 (976) 106-55-17,user103796@example.ru,Екатеринбург,01.03.2024
c104695,Максим Панин,+7 (984) 249-73-95,user104695@example.ru,Красноярск,01.05.2026
c106594,Анна Зуева,+7 (997) 765-23-57,user106594@example.ru,Казань,14.06.2026
c106688,Юлия Мешков,+7 (996) 853-07-15,user106688@example.ru,Новосибирск,07.10.2025
c103614,Глеб Зуева,+7 (911) 536-55-27,user103614@example.ru,Красноярск,16.04.2024
c100255,Наталья Савельев,+7 (954) 630-95-38,user100255@example.ru,Москва,07.04.2026
c105076,Тимур Гордеев,+7 (930) 887-42-59,user105076@example.ru,Москва,26.10.2024
c105645,Роман Нестеров,+7 (988) 961-95-49,user105645@example.ru,Санкт-Петербург,16.04.2026
c105432,Елена Осипова,+7 (987) 054-00-58,user105432@example.ru,Москва,16.07.2025
c104455,Роман Нестеров,+7 (932) 582-56-36,user104455@example.ru,Екатеринбург,31.08.2024
c106877,Ольга Мешков,+7 (933) 738-22-05,user106877@example.ru,Санкт-Петербург,26.02.2026
c103391,Мария Юдина,+7 (966) 211-18-24,user103391@example.ru,Москва,26.12.2025
c106833,Роман Сорокина,+7 (918) 336-00-91,user106833@example.ru,Казань,03.03.2026
c106438,Егор Сорокина,+7 (918) 167-88-48,user106438@example.ru,Красноярск,20.04.2024
c103915,Глеб Юдина,+7 (963) 588-52-69,user103915@example.ru,Новосибирск,03.05.2024
c103196,Мария Зуева,+7 (994) 668-03-11,user103196@example.ru,Казань,02.03.2025
c103754,Денис Сорокина,+7 (938) 222-09-76,user103754@example.ru,Екатеринбург,01.12.2024
c103340,Елена Крылов,+7 (970) 740-23-33,user103340@example.ru,Казань,26.11.2024
c102165,Павел Лаптев,+7 (932) 045-65-10,user102165@example.ru,Екатеринбург,20.06.2025
c102302,Денис Савельев,+7 (930) 990-95-14,user102302@example.ru,Екатеринбург,03.04.2026
c105830,Игорь Савельев,+7 (979) 108-38-59,user105830@example.ru,Санкт-Петербург,24.12.2025
c105211,Ольга Крылов,+7 (993) 389-12-92,user105211@example.ru,Екатеринбург,12.10.2025
c101656,Максим Савельев,+7 (981) 240-93-52,user101656@example.ru,Казань,02.03.2025
c105753,Ольга Савельев,+7 (973) 794-51-16,user105753@example.ru,Красноярск,09.06.2024
c104433,Игорь Сорокина,+7 (912) 816-72-83,user104433@example.ru,Казань,16.01.2025
c106519,Наталья Мешков,+7 (953) 088-97-55,user106519@example.ru,Москва,10.07.2024
c101950,Лидия Юдина,+7 (925) 951-48-27,user101950@example.ru,Москва,24.05.2024
c104016,Елена Крылов,+7 (941) 909-94-69,user104016@example.ru,Красноярск,23.06.2026
c100430,Юлия Юдина,+7 (949) 222-59-70,user100430@example.ru,Новосибирск,01.10.2024
c101149,Глеб Панин,+7 (989) 266-71-83,user101149@example.ru,Казань,09.01.2025
c100182,Полина Савельев,+7 (917) 757-48-87,user100182@example.ru,Казань,09.03.2026
c102080,Роман Лаптев,+7 (943) 101-84-72,user102080@example.ru,Казань,05.01.2025
c102054,Максим Тихонова,+7 (915) 524-02-51,user102054@example.ru,Новосибирск,13.10.2025
c106342,Денис Ковальчук,+7 (937) 773-55-92,user106342@example.ru,Екатеринбург,24.02.2024
c104689,Лидия Крылов,+7 (990) 347-98-13,user104689@example.ru,Санкт-Петербург,03.03.2025
c102582,Роман Тихонова,+7 (986) 429-68-14,user102582@example.ru,Казань,03.11.2025
c100084,Мария Белых,+7 (911) 882-15-15,user100084@example.ru,Новосибирск,10.11.2025
c102827,Денис Сорокина,+7 (958) 661-69-86,user102827@example.ru,Новосибирск,09.09.2025
c103977,Вера Белых,+7 (990) 392-27-71,user103977@example.ru,Москва,17.09.2025
c101829,Ольга Мешков,+7 (996) 471-50-34,user101829@example.ru,Москва,10.04.2025
c106848,Алиса Сорокина,+7 (963) 681-95-44,user106848@example.ru,Новосибирск,23.04.2025
c101694,Вера Нестеров,+7 (956) 878-82-00,user101694@example.ru,Красноярск,29.04.2025
c102472,Игорь Шилова,+7 (984) 488-21-02,user102472@example.ru,Москва,11.08.2024
c101625,Артур Лаптев,+7 (933) 389-76-12,user101625@example.ru,Санкт-Петербург,25.05.2024
c100961,Тимур Ермаков,+7 (997) 689-87-95,user100961@example.ru,Москва,18.09.2024
c102600,Кирилл Юдина,+7 (958) 787-09-11,user102600@example.ru,Екатеринбург,26.08.2024
c102146,Денис Тихонова,+7 (941) 717-07-39,user102146@example.ru,Екатеринбург,04.07.2025
c101341,Артур Савельев,+7 (943) 187-44-73,user101341@example.ru,Екатеринбург,09.10.2025
c105554,Роман Шилова,+7 (948) 710-33-08,user105554@example.ru,Новосибирск,01.11.2025
c105218,Игорь Тихонова,+7 (995) 835-49-57,user105218@example.ru,Новосибирск,22.01.2026
c103715,Артур Панин,+7 (920) 106-66-24,user103715@example.ru,Красноярск,05.03.2024
c106595,Денис Белых,+7 (995) 107-09-47,user106595@example.ru,Санкт-Петербург,08.10.2024
c100354,Вера Панин,+7 (934) 635-44-35,user100354@example.ru,Екатеринбург,29.06.2026
c105311,Кирилл Шилова,+7 (990) 437-74-55,user105311@example.ru,Казань,20.01.2024
c100392,Тимур Мешков,+7 (934) 318-71-79,user100392@example.ru,Казань,08.05.2026
c105885,Вера Тихонова,+7 (926) 472-55-85,user105885@example.ru,Красноярск,26.06.2024
c101817,Артур Осипова,+7 (928) 074-88-19,user101817@example.ru,Новосибирск,09.05.2026
c100772,Полина Лаптев,+7 (933) 747-38-53,user100772@example.ru,Казань,06.06.2024
c100832,Артур Зуева,+7 (971) 597-11-17,user100832@example.ru,Санкт-Петербург,03.02.2024
c103813,Лидия Лаптев,+7 (971) 031-82-53,user103813@example.ru,Казань,27.09.2024
c106325,Роман Белых,+7 (998) 006-59-74,user106325@example.ru,Красноярск,03.12.2024
c105917,Ольга Савельев,+7 (922) 036-23-26,user105917@example.ru,Москва,07.09.2024
c100199,Игорь Гордеев,+7 (967) 672-53-81,user100199@example.ru,Екатеринбург,01.04.2026
c105336,Полина Гордеев,+7 (971) 398-73-29,user105336@example.ru,Казань,07.06.2025
c100541,Полина Сорокина,+7 (998) 331-71-44,user100541@example.ru,Новосибирск,13.11.2025
c106155,Алиса Сорокина,+7 (915) 451-59-41,user106155@example.ru,Красноярск,22.01.2024
c102474,Денис Зуева,+7 (999) 608-51-34,user102474@example.ru,Москва,18.03.2024
c105733,Ольга Осипова,+7 (953) 487-85-43,user105733@example.ru,Новосибирск,01.04.2026
c104129,Мария Тихонова,+7 (918) 789-63-63,user104129@example.ru,Новосибирск,18.10.2025
c100605,Наталья Ковальчук,+7 (950) 906-80-70,user100605@example.ru,Екатеринбург,19.04.2025
c105414,Ольга Юдина,+7 (942) 290-50-96,user105414@example.ru,Красноярск,13.03.2024
c105706,Ольга Зуева,+7 (979) 906-71-00,user105706@example.ru,Санкт-Петербург,30.03.2026
c101895,Елена Белых,+7 (942) 661-88-82,user101895@example.ru,Санкт-Петербург,11.09.2024
c106741,Вера Шилова,+7 (985) 567-09-66,user106741@example.ru,Новосибирск,10.04.2026
c105111,Алиса Ермаков,+7 (971) 537-46-47,user105111@example.ru,Санкт-Петербург,06.05.2024
c100317,Глеб Зуева,+7 (957) 266-76-47,user100317@example.ru,Красноярск,24.11.2024
c100604,Кирилл Савельев,+7 (996) 645-04-46,user100604@example.ru,Москва,02.04.2026
c105026,Елена Савельев,+7 (969) 834-74-55,user105026@example.ru,Санкт-Петербург,07.03.2024
c105751,Игорь Сорокина,+7 (957) 600-15-16,user105751@example.ru,Новосибирск,22.09.2024
c101488,Юлия Савельев,+7 (931) 921-32-08,user101488@example.ru,Москва,12.06.2025
c103007,Кирилл Панин,+7 (992) 208-90-40,user103007@example.ru,Красноярск,17.07.2025
c100636,Мария Крылов,+7 (968) 958-73-09,user100636@example.ru,Санкт-Петербург,09.09.2025
c100041,Юлия Ковальчук,+7 (950) 250-53-96,user100041@example.ru,Санкт-Петербург,12.06.2026
c105952,Артур Зуева,+7 (925) 661-89-36,user105952@example.ru,Москва,05.01.2025
c105936,Игорь Осипова,+7 (996) 005-32-31,user105936@example.ru,Красноярск,04.04.2026
c102332,Ольга Нестеров,+7 (944) 811-88-94,user102332@example.ru,Новосибирск,02.08.2025
c106019,Вера Мешков,+7 (918) 211-33-64,user106019@example.ru,Новосибирск,04.04.2026
c105709,Роман Белых,+7 (955) 128-39-94,user105709@example.ru,Москва,27.06.2026
c103401,Артур Лаптев,+7 (991) 709-45-29,user103401@example.ru,Екатеринбург,11.08.2025
c100235,Наталья Панин,+7 (981) 078-99-04,user100235@example.ru,Екатеринбург,20.08.2025
c101191,Павел Осипова,+7 (976) 483-65-48,user101191@example.ru,Екатеринбург,04.02.2025
c106373,Алиса Белых,+7 (937) 624-65-85,user106373@example.ru,Красноярск,28.10.2024
c106161,Алиса Лаптев,+7 (972) 162-80-12,user106161@example.ru,Новосибирск,26.05.2026
c102953,Игорь Сорокина,+7 (995) 085-49-09,user102953@example.ru,Москва,22.02.2025
c103572,Глеб Мешков,+7 (984) 106-66-46,user103572@example.ru,Новосибирск,30.05.2024
c105158,Павел Савельев,+7 (944) 426-27-74,user105158@example.ru,Красноярск,05.02.2026
c105879,Юлия Зуева,+7 (918) 524-89-19,user105879@example.ru,Новосибирск,18.02.2026
c102672,Кирилл Гордеев,+7 (963) 025-55-23,user102672@example.ru,Красноярск,21.05.2024
c102563,Роман Юдина,+7 (928) 505-24-44,user102563@example.ru,Красноярск,06.08.2025
c106139,Глеб Лаптев,+7 (970) 181-54-07,user106139@example.ru,Казань,12.06.2026
c106025,Егор Ермаков,+7 (970) 741-92-56,user106025@example.ru,Красноярск,27.12.2025
c102298,Анна Нестеров,+7 (913) 170-46-13,user102298@example.ru,Казань,25.01.2026
c100799,Юлия Панин,+7 (983) 831-25-40,user100799@example.ru,Казань,03.03.2024
c100624,Лидия Мешков,+7 (987) 620-49-50,user100624@example.ru,Казань,03.04.2025
c102363,Полина Нестеров,+7 (921) 703-91-73,user102363@example.ru,Казань,16.03.2025
c104368,Глеб Юдина,+7 (970) 667-00-08,user104368@example.ru,Екатеринбург,11.09.2025
c101218,Роман Сорокина,+7 (971) 061-91-04,user101218@example.ru,Новосибирск,24.03.2026
c103016,Кирилл Тихонова,+7 (963) 258-30-59,user103016@example.ru,Екатеринбург,25.02.2026
c102821,Лидия Гордеев,+7 (961) 333-47-02,user102821@example.ru,Екатеринбург,09.08.2024
c103767,Ольга Ермаков,+7 (969) 457-58-00,user103767@example.ru,Красноярск,02.12.2025
c105521,Глеб Ермаков,+7 (929) 240-79-44,user105521@example.ru,Москва,18.08.2025
c101711,Мария Тихонова,+7 (996) 178-94-34,user101711@example.ru,Новосибирск,02.07.2024
c105280,Алиса Шилова,+7 (976) 956-79-92,user105280@example.ru,Казань,06.05.2025
c101147,Кирилл Юдина,+7 (969) 172-77-96,user101147@example.ru,Екатеринбург,12.07.2024
c106283,Денис Савельев,+7 (965) 386-47-91,user106283@example.ru,Новосибирск,12.01.2026
c106101,Денис Ковальчук,+7 (976) 058-27-24,user106101@example.ru,Екатеринбург,30.09.2024
c105046,Юлия Крылов,+7 (963) 274-73-48,user105046@example.ru,Санкт-Петербург,26.07.2024
c101100,Кирилл Белых,+7 (920) 470-39-85,user101100@example.ru,Новосибирск,05.08.2025
c100449,Артур Осипова,+7 (992) 041-67-74,user100449@example.ru,Красноярск,30.12.2024
c102835,Елена Тихонова,+7 (931) 775-89-59,user102835@example.ru,Новосибирск,19.04.2025
c105109,Глеб Осипова,+7 (985) 043-33-09,user105109@example.ru,Красноярск,20.08.2024
c105754,Лидия Ермаков,+7 (914) 447-82-34,user105754@example.ru,Красноярск,25.12.2025
c103543,Кирилл Панин,+7 (919) 114-59-42,user103543@example.ru,Санкт-Петербург,08.02.2025
c105658,Вера Юдина,+7 (936) 363-99-30,user105658@example.ru,Красноярск,01.06.2026
c103680,Наталья Савельев,+7 (976) 799-36-85,user103680@example.ru,Санкт-Петербург,25.08.2025
c106800,Вера Лаптев,+7 (975) 247-96-47,user106800@example.ru,Красноярск,21.07.2025
c104282,Наталья Ермаков,+7 (948) 606-98-85,user104282@example.ru,Екатеринбург,18.03.2026
c100618,Максим Юдина,+7 (914) 284-92-94,user100618@example.ru,Новосибирск,12.07.2024
c103173,Ольга Зуева,+7 (944) 367-15-46,user103173@example.ru,Санкт-Петербург,19.08.2024
c106457,Кирилл Гордеев,+7 (914) 627-14-55,user106457@example.ru,Казань,20.11.2025
c100275,Игорь Ковальчук,+7 (963) 675-40-72,user100275@example.ru,Казань,15.04.2026
c103697,Лидия Панин,+7 (953) 101-02-83,user103697@example.ru,Санкт-Петербург,19.11.2025
c103865,Елена Крылов,+7 (958) 591-88-04,user103865@example.ru,Красноярск,26.01.2024
c104029,Тимур Лаптев,+7 (957) 628-63-89,user104029@example.ru,Москва,23.11.2025
c106361,Анна Нестеров,+7 (980) 063-82-50,user106361@example.ru,Санкт-Петербург,21.04.2026
c103406,Максим Нестеров,+7 (912) 848-81-70,user103406@example.ru,Екатеринбург,12.06.2025
c105020,Анна Белых,+7 (955) 402-17-75,user105020@example.ru,Москва,02.05.2026
c102657,Полина Нестеров,+7 (965) 685-68-67,user102657@example.ru,Екатеринбург,16.08.2024
c104273,Егор Сорокина,+7 (932) 341-61-89,user104273@example.ru,Новосибирск,14.06.2025
c105763,Глеб Гордеев,+7 (951) 325-30-42,user105763@example.ru,Красноярск,13.04.2024
c100002,Егор Белых,+7 (921) 381-69-60,user100002@example.ru,Екатеринбург,07.03.2025
c103965,Тимур Ермаков,+7 (977) 150-87-27,user103965@example.ru,Новосибирск,16.04.2024
c100539,Артур Нестеров,+7 (964) 968-93-01,user100539@example.ru,Санкт-Петербург,26.02.2026
c100439,Максим Савельев,+7 (912) 537-10-11,user100439@example.ru,Казань,01.03.2025
c106375,Наталья Шилова,+7 (941) 626-05-73,user106375@example.ru,Казань,16.05.2026
c102224,Алиса Гордеев,+7 (967) 520-74-55,user102224@example.ru,Красноярск,20.01.2025
c105422,Юлия Осипова,+7 (950) 529-67-64,user105422@example.ru,Красноярск,15.02.2024
c105680,Роман Гордеев,+7 (928) 192-35-62,user105680@example.ru,Новосибирск,10.05.2026
c104036,Ольга Ермаков,+7 (980) 054-10-85,user104036@example.ru,Казань,28.04.2026
c102635,Павел Тихонова,+7 (939) 859-16-29,user102635@example.ru,Екатеринбург,08.03.2025
c100788,Елена Юдина,+7 (923) 432-80-41,user100788@example.ru,Казань,26.04.2024
c101416,Егор Осипова,+7 (945) 585-30-10,user101416@example.ru,Екатеринбург,14.01.2024
c101810,Алиса Зуева,+7 (992) 608-20-49,user101810@example.ru,Красноярск,19.06.2024
c104998,Артур Савельев,+7 (948) 191-85-32,user104998@example.ru,Казань,04.02.2026
c105839,Наталья Лаптев,+7 (931) 226-32-14,user105839@example.ru,Новосибирск,17.05.2026
c101732,Игорь Белых,+7 (991) 886-07-27,user101732@example.ru,Новосибирск,21.09.2024
c103504,Вера Мешков,+7 (911) 214-74-14,user103504@example.ru,Москва,02.06.2024
c103423,Мария Лаптев,+7 (978) 824-12-63,user103423@example.ru,Новосибирск,02.02.2024
c103070,Максим Зуева,+7 (917) 024-43-20,user103070@example.ru,Санкт-Петербург,03.12.2025
c102173,Анна Гордеев,+7 (914) 349-11-47,user102173@example.ru,Красноярск,20.06.2024
c102933,Вера Юдина,+7 (929) 155-25-31,user102933@example.ru,Москва,04.03.2025
c105474,Кирилл Савельев,+7 (920) 456-73-97,user105474@example.ru,Москва,25.02.2025
c102943,Игорь Мешков,+7 (981) 543-80-61,user102943@example.ru,Казань,30.06.2024
c105743,Полина Лаптев,+7 (961) 680-77-11,user105743@example.ru,Новосибирск,06.12.2025
c104204,Алиса Нестеров,+7 (937) 105-20-20,user104204@example.ru,Москва,17.06.2024
c100802,Лидия Крылов,+7 (916) 403-27-05,user100802@example.ru,Казань,31.07.2024
c102597,Лидия Осипова,+7 (964) 343-01-04,user102597@example.ru,Красноярск,19.05.2026
c100351,Анна Лаптев,+7 (970) 153-17-15,user100351@example.ru,Санкт-Петербург,29.01.2024
c106501,Наталья Тихонова,+7 (955) 613-62-57,user106501@example.ru,Екатеринбург,14.07.2024
c104972,Глеб Панин,+7 (960) 673-52-63,user104972@example.ru,Казань,24.03.2026
c100695,Игорь Ермаков,+7 (939) 961-04-82,user100695@example.ru,Казань,02.08.2024
c103662,Лидия Тихонова,+7 (994) 653-57-44,user103662@example.ru,Новосибирск,11.08.2024
c106141,Алиса Шилова,+7 (926) 702-19-27,user106141@example.ru,Красноярск,12.02.2026
c103202,Полина Гордеев,+7 (963) 195-63-11,user103202@example.ru,Санкт-Петербург,04.12.2025
c106173,Елена Белых,+7 (996) 034-99-46,user106173@example.ru,Екатеринбург,05.02.2024
c100089,Павел Белых,+7 (934) 072-68-25,user100089@example.ru,Красноярск,05.03.2025
c103668,Глеб Сорокина,+7 (964) 308-05-86,user103668@example.ru,Санкт-Петербург,10.04.2026
c102911,Павел Нестеров,+7 (915) 443-65-31,user102911@example.ru,Екатеринбург,23.08.2024
c105897,Полина Шилова,+7 (916) 439-40-49,user105897@example.ru,Екатеринбург,22.03.2026
c104347,Тимур Белых,+7 (965) 833-93-53,user104347@example.ru,Екатеринбург,02.05.2025
c105961,Лидия Нестеров,+7 (968) 529-85-15,user105961@example.ru,Санкт-Петербург,08.06.2026
c104851,Мария Нестеров,+7 (965) 607-82-72,user104851@example.ru,Москва,30.07.2025
c103376,Игорь Гордеев,+7 (990) 595-98-60,user103376@example.ru,Москва,29.12.2025
c104950,Ольга Ковальчук,+7 (964) 168-42-34,user104950@example.ru,Екатеринбург,28.08.2025
c105787,Денис Мешков,+7 (955) 985-89-10,user105787@example.ru,Казань,14.05.2026
c106305,Максим Осипова,+7 (938) 951-92-86,user106305@example.ru,Красноярск,07.07.2024
c102791,Вера Шилова,+7 (926) 854-85-30,user102791@example.ru,Санкт-Петербург,19.01.2025
c100368,Егор Савельев,+7 (942) 160-14-51,user100368@example.ru,Красноярск,08.10.2025
c101631,Егор Тихонова,+7 (960) 133-83-45,user101631@example.ru,Новосибирск,07.10.2025
c103834,Ольга Белых,+7 (918) 934-27-54,user103834@example.ru,Москва,14.02.2024
c101962,Анна Лаптев,+7 (929) 235-12-61,user101962@example.ru,Москва,21.11.2024
c100851,Лидия Крылов,+7 (939) 295-77-78,user100851@example.ru,Красноярск,23.08.2024
c102111,Елена Тихонова,+7 (972) 492-57-70,user102111@example.ru,Новосибирск,24.12.2024
c106171,Егор Нестеров,+7 (997) 237-00-13,user106171@example.ru,Новосибирск,09.05.2024
c105619,Глеб Ермаков,+7 (978) 890-58-91,user105619@example.ru,Санкт-Петербург,23.10.2024
c105395,Денис Юдина,+7 (949) 356-51-70,user105395@example.ru,Казань,28.09.2024
c105159,Артур Сорокина,+7 (923) 897-41-60,user105159@example.ru,Екатеринбург,27.06.2024
c101915,Глеб Шилова,+7 (959) 555-11-04,user101915@example.ru,Санкт-Петербург,16.12.2025
c100900,Игорь Белых,+7 (955) 548-37-98,user100900@example.ru,Новосибирск,01.03.2025
c104532,Мария Савельев,+7 (922) 510-95-61,user104532@example.ru,Москва,12.05.2026
c100104,Алиса Савельев,+7 (924) 915-91-48,user100104@example.ru,Екатеринбург,24.10.2025
c104458,Мария Панин,+7 (979) 689-52-13,user104458@example.ru,Санкт-Петербург,23.12.2025
c102586,Ольга Осипова,+7 (931) 367-46-21,user102586@example.ru,Екатеринбург,24.06.2025
c105736,Егор Сорокина,+7 (949) 498-67-92,user105736@example.ru,Новосибирск,15.01.2025
c105267,Лидия Белых,+7 (982) 626-43-42,user105267@example.ru,Екатеринбург,13.04.2026
c101452,Елена Савельев,+7 (944) 465-18-00,user101452@example.ru,Казань,29.05.2024
c104816,Артур Савельев,+7 (973) 464-19-79,user104816@example.ru,Санкт-Петербург,18.12.2025
c104442,Наталья Савельев,+7 (997) 825-48-03,user104442@example.ru,Москва,09.09.2024
c102423,Егор Сорокина,+7 (937) 581-63-85,user102423@example.ru,Санкт-Петербург,07.11.2025
c102782,Лидия Тихонова,+7 (920) 753-93-13,user102782@example.ru,Екатеринбург,21.02.2025
c102009,Роман Мешков,+7 (950) 850-69-24,user102009@example.ru,Санкт-Петербург,12.01.2024
c103493,Мария Зуева,+7 (910) 022-55-54,user103493@example.ru,Красноярск,02.08.2024
c101414,Павел Мешков,+7 (963) 292-41-33,user101414@example.ru,Екатеринбург,24.03.2024
c106297,Кирилл Юдина,+7 (930) 648-54-73,user106297@example.ru,Санкт-Петербург,14.03.2026
c103843,Роман Сорокина,+7 (990) 776-03-11,user103843@example.ru,Казань,24.10.2025
c102814,Елена Крылов,+7 (999) 500-12-82,user102814@example.ru,Москва,30.05.2025
c102640,Денис Сорокина,+7 (969) 277-06-50,user102640@example.ru,Красноярск,11.02.2024
c101319,Максим Панин,+7 (940) 286-70-52,user101319@example.ru,Екатеринбург,18.05.2026
c102947,Мария Гордеев,+7 (931) 816-14-90,user102947@example.ru,Москва,27.04.2025
c103369,Алиса Сорокина,+7 (939) 421-62-89,user103369@example.ru,Красноярск,16.10.2025
c100678,Максим Ковальчук,+7 (972) 242-35-38,user100678@example.ru,Красноярск,12.01.2024
c103218,Тимур Осипова,+7 (920) 184-72-09,user103218@example.ru,Санкт-Петербург,17.05.2025
c101425,Роман Мешков,+7 (921) 718-42-58,user101425@example.ru,Москва,26.04.2025
c104771,Роман Гордеев,+7 (991) 506-23-09,user104771@example.ru,Красноярск,17.12.2025
c103907,Игорь Осипова,+7 (927) 744-17-14,user103907@example.ru,Москва,13.03.2025
c106862,Тимур Лаптев,+7 (934) 271-47-57,user106862@example.ru,Новосибирск,03.12.2024
c100526,Елена Лаптев,+7 (917) 403-18-65,user100526@example.ru,Новосибирск,08.11.2025
c106243,Наталья Савельев,+7 (987) 676-10-27,user106243@example.ru,Казань,13.09.2025
c104112,Лидия Белых,+7 (923) 777-68-91,user104112@example.ru,Новосибирск,13.12.2025
c106200,Наталья Панин,+7 (946) 708-15-73,user106200@example.ru,Красноярск,16.02.2024
c102932,Вера Белых,+7 (957) 223-74-99,user102932@example.ru,Екатеринбург,04.11.2025
c100925,Елена Савельев,+7 (952) 463-53-33,user100925@example.ru,Казань,20.07.2024
c102817,Полина Юдина,+7 (989) 998-75-36,user102817@example.ru,Екатеринбург,14.04.2026
c105132,Денис Гордеев,+7 (914) 450-33-97,user105132@example.ru,Новосибирск,26.04.2025
c100227,Полина Нестеров,+7 (995) 302-90-00,user100227@example.ru,Красноярск,15.05.2024
c106585,Роман Тихонова,+7 (914) 571-03-35,user106585@example.ru,Санкт-Петербург,08.11.2024
c103009,Мария Осипова,+7 (941) 696-86-47,user103009@example.ru,Санкт-Петербург,17.07.2025
c105018,Мария Савельев,+7 (948) 661-49-72,user105018@example.ru,Екатеринбург,24.02.2025
c100185,Игорь Зуева,+7 (946) 284-00-63,user100185@example.ru,Екатеринбург,13.10.2024
c103725,Лидия Лаптев,+7 (953) 871-14-15,user103725@example.ru,Екатеринбург,06.03.2025
c105456,Наталья Белых,+7 (996) 430-94-45,user105456@example.ru,Санкт-Петербург,05.05.2026
c103854,Елена Ковальчук,+7 (989) 515-70-96,user103854@example.ru,Новосибирск,14.11.2024
c102741,Денис Сорокина,+7 (995) 110-61-25,user102741@example.ru,Екатеринбург,06.05.2025
c105883,Денис Зуева,+7 (918) 895-04-06,user105883@example.ru,Казань,28.12.2025
c100912,Мария Сорокина,+7 (967) 005-65-77,user100912@example.ru,Красноярск,22.10.2024
c103212,Лидия Мешков,+7 (955) 786-63-03,user103212@example.ru,Москва,06.05.2026
c105055,Денис Панин,+7 (978) 036-58-40,user105055@example.ru,Москва,19.05.2025
c104496,Ольга Шилова,+7 (910) 306-45-14,user104496@example.ru,Москва,02.11.2025
c100096,Елена Шилова,+7 (942) 590-99-99,user100096@example.ru,Санкт-Петербург,11.03.2024
c101202,Алиса Тихонова,+7 (967) 027-23-15,user101202@example.ru,Санкт-Петербург,09.08.2024
c101462,Максим Ковальчук,+7 (934) 098-42-10,user101462@example.ru,Казань,03.09.2024
c100399,Роман Тихонова,+7 (944) 963-45-78,user100399@example.ru,Санкт-Петербург,05.04.2025
c105811,Полина Панин,+7 (955) 116-01-25,user105811@example.ru,Казань,27.11.2024
c102781,Максим Мешков,+7 (916) 770-77-62,user102781@example.ru,Москва,08.04.2026
c104019,Елена Гордеев,+7 (991) 352-67-73,user104019@example.ru,Екатеринбург,22.04.2026
c104791,Мария Ермаков,+7 (950) 581-58-57,user104791@example.ru,Санкт-Петербург,28.03.2026
c103530,Игорь Тихонова,+7 (986) 939-15-71,user103530@example.ru,Екатеринбург,11.12.2025
c103405,Мария Панин,+7 (963) 908-35-91,user103405@example.ru,Санкт-Петербург,28.06.2026
c102037,Павел Ковальчук,+7 (985) 254-42-63,user102037@example.ru,Санкт-Петербург,11.03.2024
c103135,Роман Зуева,+7 (975) 442-44-00,user103135@example.ru,Москва,29.06.2025
c102345,Анна Ковальчук,+7 (978) 706-42-68,user102345@example.ru,Красноярск,21.07.2024
c102840,Елена Ковальчук,+7 (971) 854-36-41,user102840@example.ru,Екатеринбург,24.09.2025
c102200,Игорь Юдина,+7 (967) 839-79-02,user102200@example.ru,Новосибирск,19.03.2026
c100879,Анна Юдина,+7 (965) 335-38-61,user100879@example.ru,Санкт-Петербург,20.08.2025
c101463,Тимур Осипова,+7 (947) 412-57-62,user101463@example.ru,Казань,25.01.2026
c101542,Наталья Лаптев,+7 (953) 815-83-92,user101542@example.ru,Казань,29.08.2025
c100676,Анна Ковальчук,+7 (959) 852-61-21,user100676@example.ru,Москва,25.03.2024
c106092,Наталья Юдина,+7 (913) 690-68-59,user106092@example.ru,Санкт-Петербург,01.06.2026
c101060,Денис Юдина,+7 (987) 580-19-56,user101060@example.ru,Красноярск,12.11.2025
c102754,Полина Юдина,+7 (949) 763-24-70,user102754@example.ru,Москва,07.09.2025
c106530,Денис Тихонова,+7 (976) 399-52-86,user106530@example.ru,Казань,07.05.2024
c102845,Мария Панин,+7 (979) 609-30-25,user102845@example.ru,Красноярск,31.12.2025
c105821,Вера Крылов,+7 (913) 030-43-19,user105821@example.ru,Москва,27.10.2025
c100814,Юлия Лаптев,+7 (998) 142-36-64,user100814@example.ru,Казань,19.04.2024
c101693,Анна Тихонова,+7 (952) 487-08-20,user101693@example.ru,Екатеринбург,08.09.2024
c106879,Кирилл Осипова,+7 (988) 773-10-67,user106879@example.ru,Новосибирск,03.02.2026
c105924,Анна Мешков,+7 (941) 880-95-14,user105924@example.ru,Новосибирск,18.05.2024
c106657,Наталья Савельев,+7 (978) 797-06-01,user106657@example.ru,Санкт-Петербург,19.08.2024
c101541,Наталья Гордеев,+7 (955) 853-72-43,user101541@example.ru,Новосибирск,30.01.2024
c103957,Тимур Савельев,+7 (926) 337-50-97,user103957@example.ru,Новосибирск,05.06.2026
c104566,Егор Тихонова,+7 (992) 542-38-24,user104566@example.ru,Новосибирск,30.06.2025
c104866,Вера Нестеров,+7 (959) 810-62-34,user104866@example.ru,Санкт-Петербург,27.10.2024
c101597,Алиса Савельев,+7 (924) 376-61-84,user101597@example.ru,Москва,17.04.2024
c100701,Алиса Зуева,+7 (966) 367-30-91,user100701@example.ru,Екатеринбург,19.01.2025
c104729,Максим Белых,+7 (912) 874-28-81,user104729@example.ru,Новосибирск,13.01.2026
c103365,Роман Мешков,+7 (953) 562-63-67,user103365@example.ru,Екатеринбург,29.04.2025
c104161,Юлия Ковальчук,+7 (913) 918-91-72,user104161@example.ru,Екатеринбург,08.09.2025
c105201,Анна Мешков,+7 (989) 268-75-19,user105201@example.ru,Казань,09.06.2026
c104378,Мария Лаптев,+7 (979) 157-19-52,user104378@example.ru,Москва,10.03.2025
c104377,Глеб Осипова,+7 (926) 700-25-86,user104377@example.ru,Санкт-Петербург,22.02.2024
c105967,Ольга Юдина,+7 (960) 260-28-82,user105967@example.ru,Москва,04.07.2025
c100443,Елена Ковальчук,+7 (956) 288-01-89,user100443@example.ru,Санкт-Петербург,05.05.2026
c101030,Мария Сорокина,+7 (993) 663-63-77,user101030@example.ru,Екатеринбург,15.06.2026
c105756,Павел Юдина,+7 (918) 740-10-29,user105756@example.ru,Москва,03.07.2025
c102678,Павел Ковальчук,+7 (980) 516-27-32,user102678@example.ru,Красноярск,11.03.2024
c106292,Полина Зуева,+7 (930) 466-94-88,user106292@example.ru,Казань,16.01.2026
c102276,Роман Ермаков,+7 (971) 096-17-92,user102276@example.ru,Екатеринбург,12.12.2025
c101311,Павел Тихонова,+7 (972) 848-03-75,user101311@example.ru,Санкт-Петербург,24.11.2025
c101480,Денис Шилова,+7 (956) 527-57-71,user101480@example.ru,Красноярск,29.07.2024
c101227,Павел Нестеров,+7 (918) 379-76-01,user101227@example.ru,Москва,27.11.2025
c103594,Юлия Панин,+7 (965) 147-06-77,user103594@example.ru,Санкт-Петербург,25.06.2025
c100082,Артур Нестеров,+7 (977) 670-98-98,user100082@example.ru,Москва,05.09.2024
c106442,Мария Белых,+7 (960) 939-31-35,user106442@example.ru,Красноярск,29.03.2025
c104603,Егор Крылов,+7 (980) 263-78-84,user104603@example.ru,Санкт-Петербург,05.03.2025
c101588,Игорь Шилова,+7 (990) 422-36-82,user101588@example.ru,Санкт-Петербург,24.02.2025
c101698,Павел Осипова,+7 (953) 361-32-28,user101698@example.ru,Москва,06.06.2025
c104859,Глеб Юдина,+7 (917) 958-69-98,user104859@example.ru,Санкт-Петербург,03.03.2025
c103815,Наталья Белых,+7 (922) 083-07-00,user103815@example.ru,Новосибирск,15.02.2026
c103717,Егор Белых,+7 (948) 978-11-77,user103717@example.ru,Новосибирск,03.04.2026
c101434,Роман Савельев,+7 (941) 541-20-51,user101434@example.ru,Москва,13.09.2024
c103632,Роман Белых,+7 (921) 019-73-50,user103632@example.ru,Новосибирск,25.09.2025
c105742,Елена Шилова,+7 (924) 054-40-82,user105742@example.ru,Санкт-Петербург,15.02.2025
c101039,Елена Белых,+7 (915) 900-73-33,user101039@example.ru,Красноярск,13.04.2025
c100654,Алиса Ковальчук,+7 (983) 658-27-40,user100654@example.ru,Екатеринбург,20.05.2026
c100840,Мария Юдина,+7 (928) 620-64-74,user100840@example.ru,Красноярск,17.09.2025
c104989,Анна Ковальчук,+7 (914) 944-15-30,user104989@example.ru,Екатеринбург,08.02.2025
c102214,Павел Гордеев,+7 (931) 496-69-63,user102214@example.ru,Москва,17.12.2025
c106338,Игорь Зуева,+7 (924) 146-20-51,user106338@example.ru,Красноярск,26.10.2024
c106208,Кирилл Панин,+7 (931) 740-57-96,user106208@example.ru,Санкт-Петербург,13.01.2024
c102126,Вера Белых,+7 (968) 940-58-32,user102126@example.ru,Красноярск,12.01.2024
c105321,Алиса Савельев,+7 (947) 594-23-34,user105321@example.ru,Москва,03.04.2025
c106146,Егор Шилова,+7 (993) 829-45-81,user106146@example.ru,Москва,01.10.2025
c105107,Алиса Тихонова,+7 (999) 032-65-72,user105107@example.ru,Новосибирск,18.08.2024
c106057,Елена Савельев,+7 (963) 454-57-17,user106057@example.ru,Казань,12.06.2026
c104183,Тимур Юдина,+7 (951) 280-20-58,user104183@example.ru,Москва,18.01.2025
c100469,Игорь Зуева,+7 (920) 434-55-98,user100469@example.ru,Казань,11.01.2026
c101522,Наталья Савельев,+7 (997) 129-82-32,user101522@example.ru,Екатеринбург,27.03.2025
c101087,Полина Ермаков,+7 (998) 086-49-02,user101087@example.ru,Екатеринбург,20.08.2025
c106491,Роман Сорокина,+7 (952) 682-80-93,user106491@example.ru,Казань,31.03.2024
c104899,Мария Нестеров,+7 (919) 831-82-33,user104899@example.ru,Екатеринбург,14.07.2025
c101546,Ольга Крылов,+7 (938) 350-15-63,user101546@example.ru,Москва,27.09.2025
c102348,Наталья Юдина,+7 (939) 289-83-52,user102348@example.ru,Санкт-Петербург,26.06.2025
c102267,Юлия Шилова,+7 (990) 146-08-06,user102267@example.ru,Казань,27.09.2025
c104386,Вера Гордеев,+7 (984) 920-99-06,user104386@example.ru,Красноярск,23.08.2025
c102107,Анна Осипова,+7 (935) 647-30-33,user102107@example.ru,Екатеринбург,22.05.2025
c106027,Денис Ермаков,+7 (956) 647-21-71,user106027@example.ru,Красноярск,16.05.2024
c101512,Ольга Тихонова,+7 (970) 584-52-77,user101512@example.ru,Екатеринбург,04.05.2025
c102290,Глеб Ковальчук,+7 (973) 128-52-80,user102290@example.ru,Новосибирск,10.07.2025
c106231,Денис Крылов,+7 (966) 683-63-96,user106231@example.ru,Санкт-Петербург,25.04.2026
c105938,Алиса Белых,+7 (959) 875-25-96,user105938@example.ru,Санкт-Петербург,29.04.2025
c102740,Игорь Зуева,+7 (993) 696-68-94,user102740@example.ru,Екатеринбург,02.01.2025
c105400,Елена Панин,+7 (920) 603-64-73,user105400@example.ru,Красноярск,15.08.2025
c103443,Павел Ковальчук,+7 (935) 251-70-62,user103443@example.ru,Екатеринбург,05.02.2026
c106131,Полина Тихонова,+7 (994) 222-31-04,user106131@example.ru,Москва,31.03.2025
c105605,Кирилл Белых,+7 (938) 160-92-51,user105605@example.ru,Москва,29.05.2025
c100996,Юлия Осипова,+7 (942) 015-42-91,user100996@example.ru,Казань,05.03.2024
c106464,Алиса Белых,+7 (948) 864-59-22,user106464@example.ru,Новосибирск,11.03.2025
c104659,Артур Панин,+7 (922) 802-45-60,user104659@example.ru,Казань,30.08.2024
c100391,Роман Ермаков,+7 (985) 894-11-33,user100391@example.ru,Санкт-Петербург,10.11.2024
c104758,Анна Лаптев,+7 (951) 051-70-87,user104758@example.ru,Екатеринбург,14.04.2024
c101140,Максим Сорокина,+7 (986) 910-27-86,user101140@example.ru,Казань,07.06.2025
c101960,Анна Панин,+7 (964) 257-97-01,user101960@example.ru,Казань,10.11.2025
c102005,Роман Белых,+7 (995) 438-73-57,user102005@example.ru,Новосибирск,09.07.2025
c103208,Роман Зуева,+7 (943) 628-55-51,user103208@example.ru,Казань,04.04.2026
c106478,Наталья Тихонова,+7 (952) 582-94-00,user106478@example.ru,Санкт-Петербург,19.10.2024
c101236,Артур Лаптев,+7 (926) 450-22-86,user101236@example.ru,Новосибирск,24.07.2025
c102928,Ольга Ковальчук,+7 (995) 438-18-27,user102928@example.ru,Новосибирск,20.06.2026
c103149,Игорь Осипова,+7 (934) 344-99-62,user103149@example.ru,Красноярск,14.03.2024
c106053,Наталья Савельев,+7 (994) 308-82-79,user106053@example.ru,Казань,13.08.2024
c103685,Юлия Тихонова,+7 (978) 925-60-50,user103685@example.ru,Красноярск,27.11.2024
c106220,Максим Сорокина,+7 (998) 948-33-43,user106220@example.ru,Санкт-Петербург,05.11.2024
c105871,Тимур Ковальчук,+7 (945) 097-46-42,user105871@example.ru,Новосибирск,01.12.2025
c100650,Роман Панин,+7 (913) 835-82-94,user100650@example.ru,Новосибирск,22.05.2025
c100543,Вера Сорокина,+7 (978) 162-09-38,user100543@example.ru,Казань,22.10.2024
c106196,Глеб Тихонова,+7 (921) 933-20-94,user106196@example.ru,Екатеринбург,02.12.2024
c100315,Полина Белых,+7 (931) 075-97-41,user100315@example.ru,Екатеринбург,03.01.2025
c105716,Денис Ковальчук,+7 (919) 259-80-68,user105716@example.ru,Екатеринбург,27.06.2026
c106547,Алиса Ковальчук,+7 (969) 199-56-22,user106547@example.ru,Новосибирск,29.12.2024
c102175,Егор Гордеев,+7 (922) 878-80-04,user102175@example.ru,Красноярск,25.10.2025
c103956,Полина Крылов,+7 (950) 606-00-80,user103956@example.ru,Екатеринбург,31.12.2024
c104462,Артур Савельев,+7 (958) 136-36-36,user104462@example.ru,Екатеринбург,15.01.2026
c103258,Артур Панин,+7 (941) 580-99-26,user103258@example.ru,Екатеринбург,23.01.2024
c106803,Игорь Лаптев,+7 (919) 567-05-66,user106803@example.ru,Красноярск,18.02.2025
c102700,Вера Крылов,+7 (961) 445-37-62,user102700@example.ru,Екатеринбург,01.05.2024
c103940,Юлия Сорокина,+7 (961) 194-47-01,user103940@example.ru,Екатеринбург,05.08.2024
c101669,Кирилл Белых,+7 (939) 830-16-10,user101669@example.ru,Казань,30.04.2025
c104971,Наталья Шилова,+7 (950) 273-47-76,user104971@example.ru,Казань,31.10.2024
c106135,Мария Сорокина,+7 (959) 987-60-92,user106135@example.ru,Екатеринбург,23.08.2024
c106036,Игорь Мешков,+7 (934) 546-03-39,user106036@example.ru,Екатеринбург,28.06.2025
c104200,Анна Ковальчук,+7 (978) 011-18-45,user104200@example.ru,Казань,05.06.2024
c103525,Максим Ермаков,+7 (976) 216-56-58,user103525@example.ru,Новосибирск,31.03.2026
c105501,Денис Нестеров,+7 (914) 313-56-98,user105501@example.ru,Казань,08.02.2024
c104990,Полина Тихонова,+7 (987) 599-79-02,user104990@example.ru,Санкт-Петербург,13.11.2024
c105151,Алиса Зуева,+7 (965) 018-39-00,user105151@example.ru,Санкт-Петербург,26.08.2024
c100464,Юлия Нестеров,+7 (948) 610-64-34,user100464@example.ru,Новосибирск,28.02.2025
c100922,Юлия Савельев,+7 (915) 961-33-22,user100922@example.ru,Москва,22.05.2025
c105687,Егор Юдина,+7 (946) 849-79-12,user105687@example.ru,Москва,02.10.2024
c103220,Павел Белых,+7 (958) 149-35-27,user103220@example.ru,Красноярск,25.02.2026
c100061,Глеб Нестеров,+7 (933) 720-16-08,user100061@example.ru,Казань,04.06.2024
c105721,Денис Зуева,+7 (954) 063-79-95,user105721@example.ru,Красноярск,08.11.2025
c103765,Роман Тихонова,+7 (983) 947-49-01,user103765@example.ru,Санкт-Петербург,05.11.2024
c101292,Елена Нестеров,+7 (963) 993-65-50,user101292@example.ru,Москва,20.04.2025
c105428,Тимур Мешков,+7 (918) 620-91-28,user105428@example.ru,Красноярск,11.02.2025
c104490,Максим Гордеев,+7 (927) 522-57-79,user104490@example.ru,Екатеринбург,12.04.2026
c104252,Елена Савельев,+7 (985) 036-05-06,user104252@example.ru,Санкт-Петербург,20.02.2024
c104485,Лидия Осипова,+7 (936) 132-48-89,user104485@example.ru,Красноярск,24.02.2026
c103260,Кирилл Крылов,+7 (986) 283-66-41,user103260@example.ru,Казань,31.10.2024
c104233,Павел Зуева,+7 (948) 179-12-16,user104233@example.ru,Новосибирск,12.07.2025
c105726,Мария Ковальчук,+7 (987) 953-13-00,user105726@example.ru,Казань,04.01.2025
c106672,Елена Ковальчук,+7 (931) 103-05-75,user106672@example.ru,Казань,11.11.2025
c106109,Денис Мешков,+7 (971) 823-56-47,user106109@example.ru,Москва,12.05.2026
c104081,Ольга Крылов,+7 (955) 912-41-77,user104081@example.ru,Красноярск,18.05.2024
c101032,Алиса Сорокина,+7 (984) 343-31-73,user101032@example.ru,Казань,08.01.2025
c103984,Игорь Мешков,+7 (996) 260-77-50,user103984@example.ru,Красноярск,18.11.2024
c106044,Егор Осипова,+7 (971) 208-49-25,user106044@example.ru,Москва,15.05.2026
c102797,Максим Савельев,+7 (911) 787-16-79,user102797@example.ru,Санкт-Петербург,02.03.2024
c104223,Глеб Нестеров,+7 (914) 567-24-34,user104223@example.ru,Москва,11.06.2026
c101961,Игорь Тихонова,+7 (995) 143-75-02,user101961@example.ru,Новосибирск,24.03.2024
c102772,Алиса Шилова,+7 (979) 471-68-56,user102772@example.ru,Новосибирск,30.01.2024
c106799,Павел Савельев,+7 (974) 512-45-95,user106799@example.ru,Казань,08.10.2025
c103390,Кирилл Осипова,+7 (916) 145-08-31,user103390@example.ru,Екатеринбург,06.12.2024
c100718,Денис Шилова,+7 (946) 232-73-24,user100718@example.ru,Москва,08.08.2024
c105688,Елена Ермаков,+7 (931) 886-29-96,user105688@example.ru,Новосибирск,31.01.2026
c106105,Елена Белых,+7 (916) 344-86-68,user106105@example.ru,Новосибирск,25.01.2026
c100481,Егор Гордеев,+7 (984) 660-95-53,user100481@example.ru,Москва,17.10.2024
c100011,Тимур Сорокина,+7 (988) 157-90-96,user100011@example.ru,Санкт-Петербург,19.08.2024
c103193,Анна Юдина,+7 (955) 833-89-00,user103193@example.ru,Москва,26.03.2026
c101880,Мария Крылов,+7 (945) 333-38-91,user101880@example.ru,Москва,01.04.2026
c102150,Артур Ковальчук,+7 (938) 760-44-06,user102150@example.ru,Санкт-Петербург,28.10.2024
c102946,Вера Осипова,+7 (976) 027-07-02,user102946@example.ru,Новосибирск,19.07.2025
c103973,Денис Нестеров,+7 (959) 017-27-01,user103973@example.ru,Екатеринбург,05.05.2025
c106601,Денис Нестеров,+7 (946) 439-74-44,user106601@example.ru,Красноярск,04.03.2024
c103268,Ольга Ковальчук,+7 (942) 262-77-69,user103268@example.ru,Красноярск,14.07.2025
c101150,Глеб Зуева,+7 (993) 462-18-55,user101150@example.ru,Москва,11.02.2024
c102228,Елена Панин,+7 (934) 961-72-05,user102228@example.ru,Санкт-Петербург,06.01.2025
c101300,Полина Нестеров,+7 (914) 708-24-99,user101300@example.ru,Москва,12.10.2025
c106003,Павел Белых,+7 (991) 852-88-37,user106003@example.ru,Красноярск,12.04.2025
c100334,Алиса Ермаков,+7 (916) 856-49-88,user100334@example.ru,Казань,03.07.2024
c102899,Тимур Крылов,+7 (912) 241-03-63,user102899@example.ru,Екатеринбург,03.05.2025
c102291,Егор Юдина,+7 (941) 840-62-59,user102291@example.ru,Москва,12.03.2025
c105978,Тимур Сорокина,+7 (960) 351-39-57,user105978@example.ru,Екатеринбург,16.11.2024
c101980,Тимур Белых,+7 (959) 842-31-37,user101980@example.ru,Красноярск,25.03.2024
c106474,Елена Белых,+7 (959) 424-44-82,user106474@example.ru,Москва,26.09.2025
c104427,Игорь Савельев,+7 (937) 087-36-62,user104427@example.ru,Екатеринбург,02.03.2026
c100039,Максим Мешков,+7 (943) 714-60-09,user100039@example.ru,Москва,17.05.2025
c105388,Роман Зуева,+7 (999) 494-11-99,user105388@example.ru,Казань,02.10.2024
c100422,Артур Белых,+7 (938) 461-63-23,user100422@example.ru,Екатеринбург,17.04.2025
c101219,Глеб Савельев,+7 (936) 253-68-86,user101219@example.ru,Красноярск,11.10.2025
c101640,Егор Тихонова,+7 (972) 879-24-78,user101640@example.ru,Екатеринбург,04.07.2025
c104345,Наталья Савельев,+7 (964) 963-06-12,user104345@example.ru,Москва,26.11.2024
c105796,Наталья Панин,+7 (961) 976-03-86,user105796@example.ru,Красноярск,15.02.2025
c103385,Юлия Сорокина,+7 (965) 664-14-22,user103385@example.ru,Санкт-Петербург,25.09.2025
c106366,Юлия Панин,+7 (984) 280-75-40,user106366@example.ru,Красноярск,12.11.2025
c101184,Роман Сорокина,+7 (972) 811-39-45,user101184@example.ru,Красноярск,16.11.2024
c105999,Максим Шилова,+7 (984) 494-37-61,user105999@example.ru,Красноярск,10.02.2026
c104357,Елена Ковальчук,+7 (997) 871-38-45,user104357@example.ru,Новосибирск,17.09.2025
c104665,Вера Савельев,+7 (991) 105-20-41,user104665@example.ru,Екатеринбург,25.09.2025
c102990,Мария Сорокина,+7 (943) 859-33-11,user102990@example.ru,Красноярск,03.10.2025
c105339,Егор Юдина,+7 (930) 126-95-49,user105339@example.ru,Казань,05.11.2024
c106482,Лидия Шилова,+7 (931) 393-83-71,user106482@example.ru,Москва,17.07.2024
c100847,Алиса Белых,+7 (978) 732-96-26,user100847@example.ru,Санкт-Петербург,21.01.2024
c105506,Артур Савельев,+7 (931) 135-55-17,user105506@example.ru,Москва,31.12.2025
c103918,Алиса Лаптев,+7 (945) 016-43-20,user103918@example.ru,Казань,06.03.2026
c103005,Анна Крылов,+7 (974) 075-16-52,user103005@example.ru,Санкт-Петербург,27.06.2025
c103755,Мария Панин,+7 (966) 689-75-11,user103755@example.ru,Санкт-Петербург,18.01.2024
c103144,Наталья Гордеев,+7 (976) 867-64-02,user103144@example.ru,Екатеринбург,24.05.2025
c100559,Анна Лаптев,+7 (933) 391-92-78,user100559@example.ru,Новосибирск,22.02.2025
c101287,Елена Крылов,+7 (966) 910-53-69,user101287@example.ru,Казань,26.12.2024
c105675,Кирилл Ковальчук,+7 (940) 675-93-63,user105675@example.ru,Москва,20.02.2024
c105582,Юлия Белых,+7 (960) 694-41-73,user105582@example.ru,Санкт-Петербург,21.05.2024
c102742,Егор Панин,+7 (999) 038-32-25,user102742@example.ru,Красноярск,02.03.2025
c105367,Алиса Нестеров,+7 (912) 149-54-36,user105367@example.ru,Красноярск,25.03.2026
c104624,Ольга Осипова,+7 (918) 775-67-03,user104624@example.ru,Санкт-Петербург,16.05.2024
c105373,Роман Сорокина,+7 (939) 642-47-59,user105373@example.ru,Казань,21.02.2026
c103821,Максим Нестеров,+7 (997) 849-68-90,user103821@example.ru,Москва,28.01.2025
c103467,Глеб Юдина,+7 (941) 548-84-87,user103467@example.ru,Новосибирск,03.11.2024
c102691,Кирилл Савельев,+7 (910) 194-76-87,user102691@example.ru,Екатеринбург,05.12.2025
c103806,Лидия Нестеров,+7 (946) 507-55-84,user103806@example.ru,Красноярск,19.10.2024
c102491,Елена Мешков,+7 (943) 973-29-61,user102491@example.ru,Новосибирск,22.04.2025
c103963,Анна Мешков,+7 (961) 648-48-94,user103963@example.ru,Москва,21.06.2024
c106727,Роман Савельев,+7 (978) 050-90-65,user106727@example.ru,Казань,29.04.2025
c101565,Артур Сорокина,+7 (961) 088-92-67,user101565@example.ru,Екатеринбург,17.02.2026
c102893,Мария Осипова,+7 (970) 366-87-82,user102893@example.ru,Казань,04.08.2024
c100846,Игорь Тихонова,+7 (932) 907-17-07,user100846@example.ru,Новосибирск,27.03.2024
c103309,Юлия Крылов,+7 (984) 660-36-44,user103309@example.ru,Екатеринбург,07.12.2024
c101389,Елена Белых,+7 (915) 804-16-49,user101389@example.ru,Москва,04.11.2025
c105923,Вера Гордеев,+7 (992) 946-41-26,user105923@example.ru,Красноярск,01.01.2025
c100856,Максим Юдина,+7 (958) 221-19-37,user100856@example.ru,Санкт-Петербург,04.09.2024
c102529,Тимур Ковальчук,+7 (917) 589-42-44,user102529@example.ru,Екатеринбург,28.09.2025
c104669,Егор Гордеев,+7 (979) 215-71-21,user104669@example.ru,Москва,07.04.2025
c102354,Тимур Тихонова,+7 (979) 029-55-99,user102354@example.ru,Казань,20.05.2026
c106716,Артур Панин,+7 (982) 858-50-16,user106716@example.ru,Санкт-Петербург,24.03.2025
c102307,Ольга Ермаков,+7 (937) 607-19-95,user102307@example.ru,Красноярск,13.01.2024
c106517,Лидия Зуева,+7 (911) 815-14-91,user106517@example.ru,Санкт-Петербург,29.10.2024
c101011,Елена Нестеров,+7 (943) 311-66-02,user101011@example.ru,Казань,09.05.2024
c101580,Анна Лаптев,+7 (982) 456-09-83,user101580@example.ru,Санкт-Петербург,28.01.2026
c103748,Анна Ковальчук,+7 (952) 199-65-37,user103748@example.ru,Москва,23.10.2025
c105846,Артур Нестеров,+7 (982) 442-62-50,user105846@example.ru,Казань,12.03.2026
c106249,Елена Ковальчук,+7 (988) 835-42-72,user106249@example.ru,Москва,05.04.2026
c100574,Максим Савельев,+7 (943) 793-46-60,user100574@example.ru,Екатеринбург,15.06.2025
c103827,Юлия Сорокина,+7 (922) 483-49-25,user103827@example.ru,Санкт-Петербург,26.10.2025
c102743,Вера Белых,+7 (983) 999-50-94,user102743@example.ru,Новосибирск,09.04.2024
c100882,Максим Мешков,+7 (980) 170-12-91,user100882@example.ru,Екатеринбург,21.08.2024
c103232,Артур Савельев,+7 (918) 050-46-65,user103232@example.ru,Казань,18.03.2025
c104911,Артур Белых,+7 (946) 482-64-89,user104911@example.ru,Казань,09.01.2025
c105465,Наталья Сорокина,+7 (991) 080-66-54,user105465@example.ru,Казань,11.08.2025
c100924,Роман Панин,+7 (985) 584-26-70,user100924@example.ru,Казань,31.08.2025
c105256,Артур Сорокина,+7 (938) 856-10-66,user105256@example.ru,Новосибирск,21.04.2025
c100547,Артур Нестеров,+7 (970) 761-31-31,user100547@example.ru,Санкт-Петербург,01.04.2026
c101262,Кирилл Мешков,+7 (922) 666-21-84,user101262@example.ru,Москва,13.03.2026
c104630,Тимур Юдина,+7 (922) 837-93-34,user104630@example.ru,Новосибирск,21.12.2025
c103297,Кирилл Шилова,+7 (930) 029-24-24,user103297@example.ru,Казань,30.07.2025
c102829,Вера Белых,+7 (970) 915-61-47,user102829@example.ru,Казань,03.02.2025
c100015,Павел Юдина,+7 (952) 478-16-92,user100015@example.ru,Санкт-Петербург,17.04.2024
c101261,Юлия Гордеев,+7 (950) 654-81-46,user101261@example.ru,Новосибирск,10.07.2024
c101327,Артур Мешков,+7 (910) 570-84-18,user101327@example.ru,Екатеринбург,20.05.2026
c106789,Игорь Крылов,+7 (937) 165-06-00,user106789@example.ru,Новосибирск,02.02.2026
c103293,Елена Гордеев,+7 (918) 008-09-05,user103293@example.ru,Санкт-Петербург,24.09.2024
c101127,Роман Лаптев,+7 (987) 989-12-49,user101127@example.ru,Новосибирск,01.12.2025
c102186,Егор Юдина,+7 (986) 122-51-11,user102186@example.ru,Казань,22.08.2024
c101572,Кирилл Гордеев,+7 (920) 751-86-23,user101572@example.ru,Новосибирск,17.12.2024
c100432,Денис Мешков,+7 (925) 031-45-14,user100432@example.ru,Санкт-Петербург,07.03.2024
c103191,Мария Тихонова,+7 (962) 538-99-38,user103191@example.ru,Красноярск,03.09.2025
c100489,Егор Нестеров,+7 (923) 133-77-84,user100489@example.ru,Санкт-Петербург,25.01.2024
c105631,Егор Савельев,+7 (958) 642-76-08,user105631@example.ru,Санкт-Петербург,16.08.2025
c100291,Наталья Нестеров,+7 (954) 178-76-13,user100291@example.ru,Екатеринбург,29.05.2025
c106719,Егор Шилова,+7 (917) 949-33-70,user106719@example.ru,Казань,08.08.2024
c106097,Анна Тихонова,+7 (923) 626-44-63,user106097@example.ru,Красноярск,24.01.2025
c104880,Егор Крылов,+7 (944) 742-70-22,user104880@example.ru,Санкт-Петербург,08.11.2024
c101074,Наталья Белых,+7 (912) 071-51-09,user101074@example.ru,Новосибирск,15.06.2025
c104421,Кирилл Шилова,+7 (929) 353-71-62,user104421@example.ru,Санкт-Петербург,11.08.2024
c104514,Павел Нестеров,+7 (980) 519-59-95,user104514@example.ru,Казань,07.02.2025
c103275,Тимур Мешков,+7 (913) 527-45-70,user103275@example.ru,Красноярск,04.12.2024
c106226,Юлия Нестеров,+7 (964) 353-62-03,user106226@example.ru,Москва,04.09.2024
c104249,Максим Зуева,+7 (911) 791-29-53,user104249@example.ru,Красноярск,23.11.2024
c104835,Алиса Ковальчук,+7 (951) 136-17-40,user104835@example.ru,Новосибирск,21.03.2025
c100264,Алиса Шилова,+7 (949) 231-21-61,user100264@example.ru,Казань,26.02.2025
c104308,Глеб Савельев,+7 (981) 447-73-65,user104308@example.ru,Красноярск,19.04.2024
c106610,Полина Тихонова,+7 (949) 138-48-17,user106610@example.ru,Санкт-Петербург,16.04.2026
c104871,Алиса Гордеев,+7 (917) 297-81-67,user104871@example.ru,Красноярск,22.01.2024
c105517,Павел Шилова,+7 (944) 227-03-47,user105517@example.ru,Санкт-Петербург,29.08.2024
c100800,Денис Панин,+7 (931) 235-31-80,user100800@example.ru,Новосибирск,30.01.2024
c101413,Ольга Сорокина,+7 (995) 929-07-95,user101413@example.ru,Екатеринбург,16.01.2024
c105374,Игорь Савельев,+7 (973) 473-83-50,user105374@example.ru,Новосибирск,02.07.2025
c100937,Тимур Тихонова,+7 (926) 077-13-06,user100937@example.ru,Новосибирск,26.11.2024
c104495,Наталья Ермаков,+7 (995) 574-64-74,user104495@example.ru,Санкт-Петербург,02.01.2026
c105403,Вера Тихонова,+7 (962) 663-84-94,user105403@example.ru,Красноярск,03.01.2025
c104312,Алиса Лаптев,+7 (965) 649-83-36,user104312@example.ru,Екатеринбург,19.12.2025
c103851,Егор Тихонова,+7 (992) 062-24-99,user103851@example.ru,Красноярск,25.02.2025
c105269,Игорь Ермаков,+7 (915) 270-91-23,user105269@example.ru,Санкт-Петербург,22.05.2026
c105326,Тимур Осипова,+7 (996) 011-81-35,user105326@example.ru,Новосибирск,15.04.2024
c105534,Тимур Крылов,+7 (951) 888-06-33,user105534@example.ru,Екатеринбург,25.01.2025
c101680,Лидия Шилова,+7 (919) 419-79-08,user101680@example.ru,Красноярск,24.07.2025
c106068,Игорь Гордеев,+7 (978) 208-60-49,user106068@example.ru,Санкт-Петербург,09.06.2026
c104853,Мария Ермаков,+7 (967) 076-25-01,user104853@example.ru,Красноярск,16.02.2025
c106290,Игорь Гордеев,+7 (947) 676-11-12,user106290@example.ru,Казань,11.11.2024
c101264,Наталья Белых,+7 (996) 217-29-25,user101264@example.ru,Санкт-Петербург,14.08.2025
c104703,Максим Тихонова,+7 (941) 561-20-16,user104703@example.ru,Екатеринбург,14.12.2025
c100659,Кирилл Сорокина,+7 (978) 240-25-05,user100659@example.ru,Новосибирск,04.04.2026
c106701,Лидия Гордеев,+7 (963) 871-91-10,user106701@example.ru,Санкт-Петербург,29.08.2025
c101099,Глеб Ермаков,+7 (916) 198-24-65,user101099@example.ru,Красноярск,30.10.2025
c100956,Артур Гордеев,+7 (986) 656-86-40,user100956@example.ru,Красноярск,17.12.2025
c103954,Вера Ковальчук,+7 (991) 592-36-28,user103954@example.ru,Новосибирск,11.09.2025
c103411,Тимур Юдина,+7 (922) 852-95-37,user103411@example.ru,Красноярск,01.05.2025
c106241,Денис Нестеров,+7 (975) 488-68-00,user106241@example.ru,Красноярск,04.06.2026
c100992,Елена Крылов,+7 (976) 021-19-29,user100992@example.ru,Новосибирск,21.03.2025
c101048,Мария Шилова,+7 (940) 467-59-60,user101048@example.ru,Казань,12.02.2026
c106310,Вера Белых,+7 (955) 880-42-06,user106310@example.ru,Казань,18.11.2024
c106134,Роман Белых,+7 (941) 373-21-29,user106134@example.ru,Санкт-Петербург,25.10.2024
c100355,Игорь Мешков,+7 (937) 238-41-26,user100355@example.ru,Казань,30.06.2024
c102956,Юлия Гордеев,+7 (980) 214-25-92,user102956@example.ru,Санкт-Петербург,31.03.2025
c102086,Елена Гордеев,+7 (936) 661-15-06,user102086@example.ru,Санкт-Петербург,04.07.2025
c102867,Денис Панин,+7 (946) 133-23-61,user102867@example.ru,Красноярск,15.02.2026
c106808,Глеб Нестеров,+7 (976) 717-40-66,user106808@example.ru,Санкт-Петербург,04.06.2026
c103230,Кирилл Савельев,+7 (912) 995-32-70,user103230@example.ru,Новосибирск,28.06.2026
c103678,Полина Ермаков,+7 (960) 949-65-58,user103678@example.ru,Красноярск,12.02.2026
c104321,Полина Ермаков,+7 (929) 122-21-99,user104321@example.ru,Екатеринбург,13.04.2024
c100911,Юлия Ермаков,+7 (937) 457-42-89,user100911@example.ru,Красноярск,27.04.2025
c103146,Полина Савельев,+7 (991) 067-17-93,user103146@example.ru,Новосибирск,14.10.2025
c102873,Юлия Шилова,+7 (937) 223-55-99,user102873@example.ru,Екатеринбург,21.02.2026
c105163,Полина Нестеров,+7 (949) 667-56-21,user105163@example.ru,Казань,25.10.2024
c104841,Мария Зуева,+7 (915) 600-32-17,user104841@example.ru,Екатеринбург,26.12.2024
c106252,Мария Нестеров,+7 (913) 047-55-57,user106252@example.ru,Екатеринбург,24.10.2025
c105110,Мария Лаптев,+7 (915) 016-61-14,user105110@example.ru,Новосибирск,10.12.2024
c101567,Роман Крылов,+7 (939) 273-18-19,user101567@example.ru,Казань,09.10.2025
c100114,Артур Нестеров,+7 (968) 836-79-16,user100114@example.ru,Красноярск,21.07.2024
c101453,Кирилл Шилова,+7 (951) 170-19-19,user101453@example.ru,Казань,16.07.2025
c101456,Роман Тихонова,+7 (928) 937-69-71,user101456@example.ru,Казань,14.03.2025
c105925,Роман Белых,+7 (933) 782-77-70,user105925@example.ru,Красноярск,19.05.2024
c106851,Ольга Савельев,+7 (930) 768-73-04,user106851@example.ru,Красноярск,18.06.2025
c105322,Максим Шилова,+7 (945) 112-20-80,user105322@example.ru,Москва,04.10.2025
c102571,Глеб Юдина,+7 (979) 831-60-35,user102571@example.ru,Екатеринбург,27.06.2024
c105749,Юлия Лаптев,+7 (922) 082-95-02,user105749@example.ru,Санкт-Петербург,07.06.2025
c102476,Игорь Ковальчук,+7 (926) 818-96-25,user102476@example.ru,Красноярск,03.09.2025
c101517,Павел Зуева,+7 (950) 812-16-01,user101517@example.ru,Москва,08.09.2025
c100649,Мария Сорокина,+7 (958) 658-12-09,user100649@example.ru,Казань,24.01.2026
c105949,Полина Юдина,+7 (956) 025-92-25,user105949@example.ru,Екатеринбург,16.12.2024
c106711,Юлия Лаптев,+7 (926) 654-62-57,user106711@example.ru,Казань,07.06.2024
c101436,Лидия Белых,+7 (982) 889-06-00,user101436@example.ru,Екатеринбург,16.12.2024
c105962,Мария Тихонова,+7 (981) 047-22-02,user105962@example.ru,Новосибирск,24.11.2025
c102384,Ольга Нестеров,+7 (940) 279-28-58,user102384@example.ru,Санкт-Петербург,10.06.2025
c103528,Юлия Крылов,+7 (993) 451-47-48,user103528@example.ru,Красноярск,01.08.2024
c104408,Вера Мешков,+7 (921) 871-21-86,user104408@example.ru,Казань,18.07.2025
c102275,Роман Тихонова,+7 (993) 566-12-08,user102275@example.ru,Красноярск,31.03.2024
c100155,Юлия Ермаков,+7 (936) 673-10-64,user100155@example.ru,Красноярск,08.04.2026
c100285,Кирилл Лаптев,+7 (926) 033-25-72,user100285@example.ru,Москва,27.07.2024
c101579,Наталья Крылов,+7 (958) 886-39-90,user101579@example.ru,Екатеринбург,22.04.2026
c103604,Максим Белых,+7 (952) 214-54-02,user103604@example.ru,Казань,20.03.2026
c100036,Артур Ковальчук,+7 (945) 573-18-74,user100036@example.ru,Красноярск,17.03.2024
c106535,Тимур Мешков,+7 (972) 208-67-66,user106535@example.ru,Казань,14.01.2024
c104939,Игорь Лаптев,+7 (984) 408-50-42,user104939@example.ru,Красноярск,31.08.2024
c101930,Павел Ковальчук,+7 (948) 613-91-84,user101930@example.ru,Красноярск,04.01.2026
c100560,Денис Белых,+7 (994) 244-72-59,user100560@example.ru,Екатеринбург,19.03.2025
c103224,Мария Савельев,+7 (992) 629-79-82,user103224@example.ru,Новосибирск,29.05.2026
c100365,Денис Белых,+7 (937) 080-19-01,user100365@example.ru,Новосибирск,21.08.2025
c104017,Тимур Осипова,+7 (945) 576-31-26,user104017@example.ru,Санкт-Петербург,11.01.2025
c101152,Максим Сорокина,+7 (947) 348-18-78,user101152@example.ru,Екатеринбург,14.05.2026
c103311,Роман Савельев,+7 (915) 316-14-27,user103311@example.ru,Новосибирск,09.03.2024
c105812,Елена Ковальчук,+7 (910) 471-47-14,user105812@example.ru,Новосибирск,26.12.2025
c101418,Тимур Тихонова,+7 (936) 407-63-81,user101418@example.ru,Казань,22.04.2026
c102198,Мария Зуева,+7 (934) 758-94-52,user102198@example.ru,Екатеринбург,03.06.2025
c104330,Юлия Ковальчук,+7 (949) 169-76-52,user104330@example.ru,Екатеринбург,23.06.2026
c100884,Елена Юдина,+7 (947) 782-72-40,user100884@example.ru,Екатеринбург,30.11.2024
c100003,Роман Юдина,+7 (971) 701-43-47,user100003@example.ru,Санкт-Петербург,11.02.2024
c104288,Мария Шилова,+7 (942) 349-93-80,user104288@example.ru,Казань,28.10.2025
c104650,Елена Гордеев,+7 (956) 757-12-20,user104650@example.ru,Новосибирск,15.04.2026
c100892,Роман Панин,+7 (977) 912-42-77,user100892@example.ru,Красноярск,06.07.2025
c101846,Лидия Савельев,+7 (949) 012-87-96,user101846@example.ru,Новосибирск,03.02.2026
c101774,Вера Осипова,+7 (958) 653-24-27,user101774@example.ru,Казань,28.04.2025
c102404,Лидия Крылов,+7 (968) 321-86-26,user102404@example.ru,Новосибирск,21.01.2026
c102642,Анна Юдина,+7 (992) 905-56-86,user102642@example.ru,Санкт-Петербург,30.12.2025
c106502,Артур Ермаков,+7 (928) 848-02-49,user106502@example.ru,Красноярск,10.04.2026
c103829,Полина Мешков,+7 (960) 646-50-88,user103829@example.ru,Новосибирск,07.07.2025
c101455,Вера Панин,+7 (997) 639-72-32,user101455@example.ru,Казань,10.11.2025
c102286,Вера Сорокина,+7 (932) 527-27-35,user102286@example.ru,Москва,21.09.2025
c100276,Юлия Ковальчук,+7 (934) 096-68-05,user100276@example.ru,Москва,12.02.2026
c101900,Павел Белых,+7 (913) 052-61-88,user101900@example.ru,Красноярск,20.06.2025
c105081,Юлия Зуева,+7 (990) 499-74-39,user105081@example.ru,Екатеринбург,16.12.2025
c101990,Елена Гордеев,+7 (944) 271-23-47,user101990@example.ru,Москва,30.12.2024
c104298,Полина Мешков,+7 (995) 273-42-01,user104298@example.ru,Екатеринбург,14.01.2024
c100074,Ольга Ермаков,+7 (999) 532-18-51,user100074@example.ru,Казань,10.10.2024
c105769,Максим Мешков,+7 (969) 582-60-07,user105769@example.ru,Санкт-Петербург,03.03.2025
c100373,Глеб Ермаков,+7 (968) 875-58-96,user100373@example.ru,Красноярск,25.04.2025
c100472,Вера Крылов,+7 (978) 569-63-04,user100472@example.ru,Москва,09.04.2026
c101704,Егор Мешков,+7 (961) 894-57-81,user101704@example.ru,Екатеринбург,28.01.2026
c100603,Артур Гордеев,+7 (939) 395-29-06,user100603@example.ru,Москва,18.07.2024
c103735,Игорь Ковальчук,+7 (953) 707-66-75,user103735@example.ru,Екатеринбург,14.04.2025
c104259,Мария Ермаков,+7 (964) 811-45-87,user104259@example.ru,Екатеринбург,13.01.2024
c106577,Артур Юдина,+7 (987) 756-59-40,user106577@example.ru,Екатеринбург,19.06.2024
c106364,Глеб Зуева,+7 (962) 830-77-96,user106364@example.ru,Санкт-Петербург,23.05.2025
c102713,Игорь Савельев,+7 (950) 340-49-34,user102713@example.ru,Санкт-Петербург,09.10.2024
c101335,Глеб Белых,+7 (996) 919-46-58,user101335@example.ru,Красноярск,11.07.2025
c100666,Роман Нестеров,+7 (927) 082-39-77,user100666@example.ru,Казань,30.05.2024
c104056,Павел Крылов,+7 (961) 788-48-41,user104056@example.ru,Санкт-Петербург,25.08.2025
c100308,Алиса Белых,+7 (923) 560-24-83,user100308@example.ru,Санкт-Петербург,12.05.2025
c101378,Артур Белых,+7 (931) 974-49-06,user101378@example.ru,Санкт-Петербург,02.11.2024
c105674,Лидия Юдина,+7 (923) 961-75-77,user105674@example.ru,Новосибирск,23.03.2024
c103971,Тимур Тихонова,+7 (991) 798-93-29,user103971@example.ru,Москва,14.04.2025
c105762,Полина Тихонова,+7 (951) 882-53-52,user105762@example.ru,Новосибирск,02.06.2025
c106618,Максим Нестеров,+7 (952) 361-78-63,user106618@example.ru,Красноярск,13.05.2024
c100053,Юлия Панин,+7 (965) 681-15-04,user100053@example.ru,Москва,11.09.2024
c102509,Тимур Панин,+7 (976) 731-00-60,user102509@example.ru,Новосибирск,11.02.2025
c101695,Артур Сорокина,+7 (915) 221-60-03,user101695@example.ru,Красноярск,20.06.2026
c100857,Наталья Гордеев,+7 (945) 406-60-12,user100857@example.ru,Екатеринбург,09.04.2025
c102201,Полина Осипова,+7 (940) 279-04-39,user102201@example.ru,Новосибирск,18.03.2026
c106144,Юлия Мешков,+7 (999) 218-38-57,user106144@example.ru,Казань,20.04.2026
c100287,Кирилл Тихонова,+7 (957) 251-95-78,user100287@example.ru,Красноярск,03.05.2024
c101925,Егор Мешков,+7 (980) 201-65-68,user101925@example.ru,Екатеринбург,11.05.2024
c101519,Кирилл Белых,+7 (994) 368-88-77,user101519@example.ru,Москва,11.05.2025
c101252,Тимур Нестеров,+7 (952) 822-29-23,user101252@example.ru,Санкт-Петербург,15.01.2025
c101727,Егор Осипова,+7 (943) 573-58-00,user101727@example.ru,Красноярск,01.05.2024
c101830,Кирилл Шилова,+7 (940) 396-75-10,user101830@example.ru,Санкт-Петербург,21.02.2026
c104502,Игорь Зуева,+7 (930) 215-33-87,user104502@example.ru,Новосибирск,06.10.2025
c104097,Полина Мешков,+7 (987) 992-82-40,user104097@example.ru,Екатеринбург,26.09.2025
c104235,Юлия Лаптев,+7 (995) 600-93-25,user104235@example.ru,Санкт-Петербург,25.08.2024
c106374,Павел Крылов,+7 (935) 535-32-60,user106374@example.ru,Санкт-Петербург,02.12.2024
c102437,Лидия Белых,+7 (941) 041-16-27,user102437@example.ru,Санкт-Петербург,13.07.2024
c105799,Юлия Панин,+7 (951) 839-39-85,user105799@example.ru,Санкт-Петербург,19.05.2025
c102338,Максим Ковальчук,+7 (979) 213-34-22,user102338@example.ru,Москва,02.01.2026
c105343,Павел Ермаков,+7 (990) 552-57-52,user105343@example.ru,Казань,30.12.2025
c101804,Алиса Савельев,+7 (965) 414-96-76,user101804@example.ru,Екатеринбург,22.01.2026
c105415,Роман Ковальчук,+7 (979) 605-18-17,user105415@example.ru,Казань,07.12.2024
c105193,Денис Панин,+7 (913) 345-18-87,user105193@example.ru,Красноярск,06.03.2026
c102051,Наталья Нестеров,+7 (944) 052-90-46,user102051@example.ru,Москва,24.03.2026
c105014,Лидия Гордеев,+7 (917) 039-34-02,user105014@example.ru,Москва,26.04.2024
c100026,Игорь Шилова,+7 (945) 885-62-14,user100026@example.ru,Казань,31.01.2024
c103430,Максим Осипова,+7 (927) 335-15-35,user103430@example.ru,Санкт-Петербург,06.11.2025
c101642,Юлия Нестеров,+7 (985) 219-97-36,user101642@example.ru,Екатеринбург,15.11.2025
c106473,Егор Тихонова,+7 (911) 437-05-52,user106473@example.ru,Казань,27.10.2024
c100484,Ольга Панин,+7 (996) 065-46-07,user100484@example.ru,Екатеринбург,17.02.2025
c102548,Артур Крылов,+7 (945) 848-51-51,user102548@example.ru,Новосибирск,19.12.2024
c104285,Вера Ковальчук,+7 (993) 767-31-82,user104285@example.ru,Новосибирск,09.03.2026
c106385,Тимур Панин,+7 (935) 480-25-73,user106385@example.ru,Казань,29.10.2024
c100645,Роман Савельев,+7 (983) 863-97-58,user100645@example.ru,Санкт-Петербург,04.07.2024
c102884,Артур Тихонова,+7 (945) 938-28-89,user102884@example.ru,Москва,08.09.2024
c101904,Максим Осипова,+7 (921) 832-06-36,user101904@example.ru,Санкт-Петербург,15.04.2024
c100016,Анна Юдина,+7 (924) 613-85-47,user100016@example.ru,Москва,30.06.2024
c103362,Тимур Зуева,+7 (999) 902-94-28,user103362@example.ru,Красноярск,23.07.2025
c106232,Игорь Савельев,+7 (923) 210-34-15,user106232@example.ru,Москва,19.01.2024
c105171,Артур Гордеев,+7 (910) 700-72-18,user105171@example.ru,Москва,25.06.2026
c104775,Елена Мешков,+7 (967) 381-36-26,user104775@example.ru,Екатеринбург,07.10.2025
c100908,Тимур Савельев,+7 (927) 566-92-16,user100908@example.ru,Казань,02.12.2024
c102064,Максим Лаптев,+7 (949) 253-66-17,user102064@example.ru,Москва,24.11.2024
c100385,Роман Юдина,+7 (982) 784-54-69,user100385@example.ru,Москва,01.07.2024
c100426,Елена Белых,+7 (956) 298-82-53,user100426@example.ru,Санкт-Петербург,13.12.2024
c102998,Лидия Белых,+7 (992) 415-23-54,user102998@example.ru,Москва,12.09.2024
c104387,Анна Савельев,+7 (980) 217-52-57,user104387@example.ru,Красноярск,23.06.2024
c104166,Максим Ковальчук,+7 (941) 181-80-65,user104166@example.ru,Новосибирск,12.07.2025
c105484,Елена Юдина,+7 (969) 100-43-56,user105484@example.ru,Москва,24.02.2024
c103743,Денис Савельев,+7 (931) 362-10-43,user103743@example.ru,Екатеринбург,16.02.2024
c106737,Роман Юдина,+7 (917) 583-92-41,user106737@example.ru,Санкт-Петербург,26.10.2024
c105983,Тимур Шилова,+7 (946) 211-12-19,user105983@example.ru,Москва,29.12.2024
c103030,Игорь Зуева,+7 (940) 412-66-73,user103030@example.ru,Красноярск,20.01.2026
c104611,Мария Ермаков,+7 (953) 561-01-31,user104611@example.ru,Новосибирск,08.04.2024
c105958,Ольга Крылов,+7 (999) 874-56-22,user105958@example.ru,Красноярск,13.08.2025
c104493,Елена Сорокина,+7 (957) 248-46-54,user104493@example.ru,Казань,26.07.2024
c100203,Тимур Нестеров,+7 (975) 419-79-43,user100203@example.ru,Екатеринбург,11.07.2025
c104090,Ольга Гордеев,+7 (992) 024-11-92,user104090@example.ru,Москва,12.03.2024
c105527,Полина Крылов,+7 (928) 477-56-66,user105527@example.ru,Санкт-Петербург,07.03.2024
c106744,Тимур Нестеров,+7 (998) 406-97-61,user106744@example.ru,Казань,04.02.2026
c104716,Игорь Белых,+7 (969) 310-11-51,user104716@example.ru,Новосибирск,06.04.2025
c103532,Тимур Мешков,+7 (931) 879-33-21,user103532@example.ru,Екатеринбург,09.07.2025
c102627,Егор Нестеров,+7 (920) 339-46-66,user102627@example.ru,Новосибирск,11.03.2024
c101736,Глеб Зуева,+7 (993) 744-20-04,user101736@example.ru,Красноярск,21.03.2024
c101604,Юлия Сорокина,+7 (925) 535-20-04,user101604@example.ru,Новосибирск,07.05.2025
c100615,Роман Нестеров,+7 (992) 123-28-84,user100615@example.ru,Казань,09.08.2025
c103451,Денис Крылов,+7 (937) 886-92-32,user103451@example.ru,Екатеринбург,26.05.2026
c100667,Полина Осипова,+7 (912) 666-91-96,user100667@example.ru,Санкт-Петербург,29.11.2025
c101162,Мария Шилова,+7 (945) 387-70-06,user101162@example.ru,Новосибирск,12.03.2025
c100004,Максим Сорокина,+7 (963) 098-19-90,user100004@example.ru,Новосибирск,03.01.2026
c103557,Мария Сорокина,+7 (928) 606-85-00,user103557@example.ru,Санкт-Петербург,27.10.2024
c101538,Мария Нестеров,+7 (966) 023-78-81,user101538@example.ru,Красноярск,21.08.2025
c103360,Вера Крылов,+7 (978) 436-33-52,user103360@example.ru,Новосибирск,03.08.2024
c105864,Денис Зуева,+7 (926) 213-74-93,user105864@example.ru,Новосибирск,19.06.2024
c106392,Алиса Сорокина,+7 (936) 358-76-96,user106392@example.ru,Новосибирск,03.06.2026
c104080,Лидия Юдина,+7 (924) 593-63-26,user104080@example.ru,Красноярск,25.04.2025
c103002,Кирилл Шилова,+7 (932) 490-62-15,user103002@example.ru,Екатеринбург,22.12.2025
c106523,Артур Шилова,+7 (940) 638-95-35,user106523@example.ru,Новосибирск,14.04.2026
c101107,Глеб Тихонова,+7 (970) 282-55-75,user101107@example.ru,Новосибирск,18.07.2024
c105450,Вера Ковальчук,+7 (984) 629-54-43,user105450@example.ru,Казань,27.11.2024
c104113,Алиса Юдина,+7 (952) 995-19-11,user104113@example.ru,Новосибирск,04.06.2025
c102595,Кирилл Крылов,+7 (998) 637-27-61,user102595@example.ru,Екатеринбург,26.09.2025
c105240,Лидия Ковальчук,+7 (936) 445-01-88,user105240@example.ru,Казань,24.01.2026
c101544,Кирилл Крылов,+7 (931) 532-30-89,user101544@example.ru,Москва,08.09.2024
c105175,Егор Зуева,+7 (953) 293-62-49,user105175@example.ru,Казань,06.09.2024
c105316,Лидия Савельев,+7 (987) 437-60-85,user105316@example.ru,Казань,03.05.2024
c101754,Кирилл Зуева,+7 (927) 693-73-96,user101754@example.ru,Новосибирск,03.11.2025
c106272,Денис Белых,+7 (991) 365-79-83,user106272@example.ru,Москва,09.11.2024
c104324,Мария Мешков,+7 (962) 610-40-41,user104324@example.ru,Новосибирск,29.01.2026
c101330,Артур Нестеров,+7 (966) 989-12-96,user101330@example.ru,Красноярск,20.03.2024
c104276,Вера Шилова,+7 (968) 870-92-26,user104276@example.ru,Екатеринбург,28.03.2025
c103164,Елена Юдина,+7 (978) 607-09-21,user103164@example.ru,Санкт-Петербург,12.12.2024
c104738,Лидия Ермаков,+7 (926) 805-72-15,user104738@example.ru,Казань,05.10.2025
c101051,Егор Белых,+7 (974) 974-21-12,user101051@example.ru,Москва,07.04.2025
c105353,Денис Ковальчук,+7 (923) 410-21-43,user105353@example.ru,Санкт-Петербург,10.06.2024
c104108,Артур Осипова,+7 (981) 127-60-31,user104108@example.ru,Москва,21.10.2025
c103904,Ольга Белых,+7 (971) 041-39-02,user103904@example.ru,Новосибирск,01.09.2025
c101606,Елена Юдина,+7 (974) 141-35-29,user101606@example.ru,Екатеринбург,07.12.2024
c104346,Елена Мешков,+7 (965) 817-87-41,user104346@example.ru,Екатеринбург,06.06.2025
c100677,Мария Нестеров,+7 (935) 376-69-01,user100677@example.ru,Санкт-Петербург,05.08.2025
c100202,Роман Тихонова,+7 (914) 785-17-44,user100202@example.ru,Москва,21.10.2025
c101676,Юлия Панин,+7 (989) 570-85-13,user101676@example.ru,Санкт-Петербург,14.01.2024
c104705,Денис Гордеев,+7 (925) 995-31-53,user104705@example.ru,Екатеринбург,29.01.2026
c105880,Вера Лаптев,+7 (960) 185-54-73,user105880@example.ru,Санкт-Петербург,20.12.2024
c105782,Наталья Нестеров,+7 (954) 566-79-47,user105782@example.ru,Новосибирск,20.03.2025
c100277,Артур Мешков,+7 (973) 876-58-45,user100277@example.ru,Новосибирск,26.08.2024
c104883,Алиса Тихонова,+7 (946) 567-56-85,user104883@example.ru,Москва,05.12.2025
c104821,Вера Зуева,+7 (991) 785-73-81,user104821@example.ru,Москва,04.01.2026
c100161,Анна Тихонова,+7 (940) 901-05-29,user100161@example.ru,Казань,18.05.2026
c100377,Анна Ковальчук,+7 (927) 625-43-82,user100377@example.ru,Екатеринбург,28.06.2026
c105271,Полина Тихонова,+7 (967) 303-39-09,user105271@example.ru,Санкт-Петербург,03.06.2024
c105622,Лидия Лаптев,+7 (920) 153-72-78,user105622@example.ru,Новосибирск,27.12.2024
c103831,Тимур Белых,+7 (945) 017-05-24,user103831@example.ru,Казань,09.08.2025
c101856,Наталья Белых,+7 (945) 005-72-65,user101856@example.ru,Новосибирск,26.10.2024
c106658,Егор Ермаков,+7 (979) 447-51-60,user106658@example.ru,Казань,13.03.2026
c103276,Глеб Крылов,+7 (950) 385-14-99,user103276@example.ru,Новосибирск,28.08.2025
c102621,Юлия Сорокина,+7 (913) 471-60-03,user102621@example.ru,Санкт-Петербург,21.11.2025
c105546,Вера Мешков,+7 (984) 360-71-03,user105546@example.ru,Красноярск,20.12.2024
c103644,Полина Шилова,+7 (913) 524-51-18,user103644@example.ru,Москва,21.10.2025
c103210,Анна Крылов,+7 (953) 411-83-96,user103210@example.ru,Санкт-Петербург,11.02.2024
c100682,Полина Мешков,+7 (961) 460-31-78,user100682@example.ru,Екатеринбург,22.09.2025
c106436,Денис Шилова,+7 (989) 885-79-13,user106436@example.ru,Новосибирск,04.06.2024
c105524,Полина Шилова,+7 (928) 090-01-76,user105524@example.ru,Москва,13.02.2024
c103091,Тимур Мешков,+7 (980) 289-93-14,user103091@example.ru,Москва,29.08.2025
c104973,Алиса Юдина,+7 (990) 276-49-51,user104973@example.ru,Санкт-Петербург,07.02.2026
c101084,Глеб Белых,+7 (983) 607-48-91,user101084@example.ru,Екатеринбург,11.04.2026
c105909,Кирилл Савельев,+7 (911) 025-58-10,user105909@example.ru,Казань,29.04.2025
c105096,Павел Сорокина,+7 (975) 385-58-88,user105096@example.ru,Санкт-Петербург,17.10.2024
c100951,Кирилл Нестеров,+7 (963) 487-01-04,user100951@example.ru,Новосибирск,09.01.2025
c101703,Денис Сорокина,+7 (935) 057-33-12,user101703@example.ru,Москва,16.02.2026
c103435,Анна Нестеров,+7 (967) 248-42-77,user103435@example.ru,Красноярск,16.03.2025
c100595,Игорь Ковальчук,+7 (987) 948-88-13,user100595@example.ru,Санкт-Петербург,08.03.2024
c100750,Лидия Ковальчук,+7 (993) 347-59-43,user100750@example.ru,Новосибирск,20.12.2025
c102695,Глеб Нестеров,+7 (957) 366-43-76,user102695@example.ru,Новосибирск,02.02.2024
c105044,Кирилл Лаптев,+7 (965) 003-63-28,user105044@example.ru,Новосибирск,17.09.2024
c105387,Анна Шилова,+7 (970) 952-68-71,user105387@example.ru,Красноярск,13.08.2025
c104047,Полина Зуева,+7 (945) 587-83-60,user104047@example.ru,Новосибирск,18.10.2025
c103672,Вера Осипова,+7 (998) 461-85-35,user103672@example.ru,Красноярск,21.08.2025
c101110,Игорь Гордеев,+7 (987) 239-87-96,user101110@example.ru,Москва,29.06.2026
c100895,Мария Осипова,+7 (915) 743-52-13,user100895@example.ru,Екатеринбург,20.04.2026
c101571,Юлия Сорокина,+7 (966) 093-53-74,user101571@example.ru,Санкт-Петербург,20.04.2025
c104677,Мария Ковальчук,+7 (958) 092-33-84,user104677@example.ru,Казань,23.05.2026
c106332,Юлия Нестеров,+7 (914) 604-86-03,user106332@example.ru,Казань,08.04.2024
c103642,Полина Осипова,+7 (966) 978-92-25,user103642@example.ru,Санкт-Петербург,12.05.2026
c103481,Глеб Ермаков,+7 (922) 666-00-82,user103481@example.ru,Екатеринбург,31.10.2025
c105118,Глеб Ковальчук,+7 (913) 738-36-73,user105118@example.ru,Новосибирск,08.08.2024
c101025,Юлия Панин,+7 (975) 873-94-46,user101025@example.ru,Санкт-Петербург,24.03.2026
c104159,Елена Мешков,+7 (923) 671-31-39,user104159@example.ru,Санкт-Петербург,11.07.2025
c101003,Артур Панин,+7 (965) 516-88-35,user101003@example.ru,Красноярск,15.01.2026
c103298,Алиса Осипова,+7 (928) 442-67-13,user103298@example.ru,Санкт-Петербург,18.11.2024
c103839,Егор Тихонова,+7 (922) 693-67-41,user103839@example.ru,Новосибирск,02.07.2025
c105566,Глеб Лаптев,+7 (928) 015-99-23,user105566@example.ru,Казань,21.05.2025
c100115,Павел Ковальчук,+7 (959) 174-49-21,user100115@example.ru,Москва,29.04.2024
c103354,Кирилл Савельев,+7 (964) 849-92-94,user103354@example.ru,Екатеринбург,27.04.2024
c102444,Ольга Ковальчук,+7 (965) 403-75-49,user102444@example.ru,Москва,31.12.2025
c103773,Анна Юдина,+7 (995) 265-22-20,user103773@example.ru,Новосибирск,13.05.2025
c102025,Роман Ковальчук,+7 (948) 159-37-53,user102025@example.ru,Екатеринбург,28.08.2024
c102283,Елена Осипова,+7 (952) 706-63-85,user102283@example.ru,Москва,22.09.2025
c101068,Анна Нестеров,+7 (999) 648-31-25,user101068@example.ru,Казань,05.02.2025
c104002,Глеб Ковальчук,+7 (959) 409-56-50,user104002@example.ru,Казань,04.01.2025
c101471,Вера Тихонова,+7 (958) 118-61-27,user101471@example.ru,Санкт-Петербург,10.03.2024
c104944,Ольга Ковальчук,+7 (929) 262-00-56,user104944@example.ru,Екатеринбург,19.01.2025
c103850,Максим Гордеев,+7 (916) 971-97-15,user103850@example.ru,Екатеринбург,16.05.2024
c102738,Ольга Зуева,+7 (996) 160-46-65,user102738@example.ru,Красноярск,30.07.2024
c103105,Кирилл Белых,+7 (980) 419-83-28,user103105@example.ru,Красноярск,31.03.2024
c100524,Мария Савельев,+7 (954) 522-02-99,user100524@example.ru,Москва,12.07.2024
c104559,Роман Осипова,+7 (910) 627-39-34,user104559@example.ru,Москва,11.02.2025
c106791,Алиса Юдина,+7 (911) 601-17-77,user106791@example.ru,Казань,02.03.2026
c106118,Денис Лаптев,+7 (931) 910-53-08,user106118@example.ru,Новосибирск,10.11.2024
c100983,Артур Крылов,+7 (999) 510-62-44,user100983@example.ru,Екатеринбург,23.09.2025
c103181,Ольга Белых,+7 (978) 651-78-21,user103181@example.ru,Новосибирск,09.09.2024
c101648,Наталья Ермаков,+7 (946) 740-55-40,user101648@example.ru,Новосибирск,04.02.2024
c101354,Артур Панин,+7 (938) 381-16-30,user101354@example.ru,Москва,30.05.2026
c106219,Анна Юдина,+7 (950) 303-19-32,user106219@example.ru,Екатеринбург,20.09.2025
c103660,Юлия Савельев,+7 (912) 889-51-05,user103660@example.ru,Казань,22.06.2026
c103562,Лидия Юдина,+7 (973) 201-79-60,user103562@example.ru,Красноярск,19.08.2024
c105681,Роман Шилова,+7 (964) 140-54-62,user105681@example.ru,Москва,28.07.2024
c106350,Лидия Нестеров,+7 (916) 770-80-18,user106350@example.ru,Москва,18.12.2024
c103759,Вера Ермаков,+7 (979) 722-76-72,user103759@example.ru,Новосибирск,23.02.2025
c103419,Артур Панин,+7 (927) 057-19-28,user103419@example.ru,Москва,17.03.2025
c104688,Роман Гордеев,+7 (955) 038-29-41,user104688@example.ru,Москва,23.02.2024
c105628,Тимур Нестеров,+7 (929) 758-39-80,user105628@example.ru,Казань,11.09.2025
c103817,Павел Ермаков,+7 (939) 201-77-39,user103817@example.ru,Казань,03.04.2025
c104915,Наталья Мешков,+7 (921) 713-22-81,user104915@example.ru,Санкт-Петербург,04.01.2025
c102871,Глеб Зуева,+7 (939) 465-86-23,user102871@example.ru,Санкт-Петербург,18.04.2025
c100417,Максим Ковальчук,+7 (940) 217-49-66,user100417@example.ru,Новосибирск,22.01.2025
c106774,Лидия Осипова,+7 (974) 039-08-87,user106774@example.ru,Красноярск,04.04.2025
c103913,Мария Юдина,+7 (912) 042-73-86,user103913@example.ru,Красноярск,14.04.2025
c103238,Тимур Гордеев,+7 (935) 946-58-95,user103238@example.ru,Красноярск,28.08.2024
c106562,Полина Белых,+7 (999) 304-71-74,user106562@example.ru,Новосибирск,09.06.2025
c101214,Анна Ермаков,+7 (985) 951-21-16,user101214@example.ru,Екатеринбург,06.10.2025
c104436,Павел Шилова,+7 (942) 496-54-01,user104436@example.ru,Москва,16.03.2026
c103633,Алиса Панин,+7 (951) 960-23-11,user103633@example.ru,Новосибирск,07.04.2025
c102862,Мария Мешков,+7 (979) 599-42-00,user102862@example.ru,Красноярск,05.08.2025
c105345,Роман Осипова,+7 (925) 579-11-66,user105345@example.ru,Санкт-Петербург,14.11.2025
c106839,Максим Белых,+7 (951) 483-31-69,user106839@example.ru,Екатеринбург,10.01.2025
c105650,Игорь Осипова,+7 (994) 971-74-03,user105650@example.ru,Казань,20.07.2024
c102412,Роман Тихонова,+7 (956) 263-95-85,user102412@example.ru,Екатеринбург,15.10.2025
c106456,Игорь Крылов,+7 (945) 657-84-88,user106456@example.ru,Казань,30.04.2024
c105242,Вера Ковальчук,+7 (916) 256-17-34,user105242@example.ru,Санкт-Петербург,24.07.2024
c100742,Ольга Юдина,+7 (965) 969-82-77,user100742@example.ru,Екатеринбург,29.05.2026
c106742,Роман Тихонова,+7 (980) 470-08-02,user106742@example.ru,Новосибирск,24.01.2026
c104335,Ольга Сорокина,+7 (919) 794-21-00,user104335@example.ru,Новосибирск,15.08.2024
c103962,Егор Сорокина,+7 (931) 036-98-30,user103962@example.ru,Красноярск,10.12.2024
c103215,Роман Ермаков,+7 (998) 817-50-98,user103215@example.ru,Казань,11.02.2025
c104403,Наталья Белых,+7 (937) 754-15-44,user104403@example.ru,Екатеринбург,06.10.2025
c105386,Ольга Тихонова,+7 (951) 933-54-69,user105386@example.ru,Екатеринбург,01.07.2025
c101974,Артур Шилова,+7 (993) 544-31-68,user101974@example.ru,Казань,11.12.2025
c106634,Елена Зуева,+7 (925) 765-91-07,user106634@example.ru,Красноярск,01.09.2025
c105520,Ольга Савельев,+7 (931) 780-66-46,user105520@example.ru,Новосибирск,01.10.2025
c104255,Кирилл Зуева,+7 (957) 429-86-24,user104255@example.ru,Санкт-Петербург,18.02.2026
c100735,Максим Ермаков,+7 (952) 530-60-42,user100735@example.ru,Красноярск,23.07.2024
c101968,Кирилл Ковальчук,+7 (983) 827-98-10,user101968@example.ru,Санкт-Петербург,21.10.2025
c105056,Роман Гордеев,+7 (994) 623-52-87,user105056@example.ru,Москва,24.08.2024
c100105,Павел Савельев,+7 (992) 953-16-76,user100105@example.ru,Казань,27.08.2024
c105954,Кирилл Нестеров,+7 (952) 292-81-35,user105954@example.ru,Новосибирск,09.04.2024
c105255,Игорь Тихонова,+7 (966) 628-57-35,user105255@example.ru,Красноярск,19.09.2025
c106676,Ольга Панин,+7 (970) 853-64-31,user106676@example.ru,Казань,28.09.2024
c101267,Игорь Крылов,+7 (954) 351-20-79,user101267@example.ru,Новосибирск,02.03.2024
c104929,Вера Лаптев,+7 (922) 814-64-08,user104929@example.ru,Новосибирск,20.09.2025
c106168,Егор Юдина,+7 (913) 849-86-04,user106168@example.ru,Москва,17.01.2026
c101576,Лидия Осипова,+7 (975) 308-03-69,user101576@example.ru,Москва,14.11.2025
c103888,Ольга Тихонова,+7 (972) 739-12-53,user103888@example.ru,Новосибирск,28.01.2024
c104574,Анна Савельев,+7 (915) 329-07-01,user104574@example.ru,Новосибирск,15.05.2024
c105105,Наталья Лаптев,+7 (940) 317-89-94,user105105@example.ru,Казань,19.12.2024
c104554,Максим Гордеев,+7 (970) 856-20-42,user104554@example.ru,Санкт-Петербург,12.02.2026
c104064,Артур Нестеров,+7 (950) 560-96-62,user104064@example.ru,Новосибирск,22.01.2025
c105245,Павел Шилова,+7 (960) 754-08-01,user105245@example.ru,Москва,14.01.2026
c104052,Максим Панин,+7 (956) 296-46-68,user104052@example.ru,Санкт-Петербург,04.07.2024
c100821,Вера Зуева,+7 (982) 600-10-02,user100821@example.ru,Казань,05.02.2024
c105140,Павел Крылов,+7 (926) 021-63-55,user105140@example.ru,Екатеринбург,24.07.2024
c106625,Елена Белых,+7 (984) 827-09-44,user106625@example.ru,Екатеринбург,25.09.2024
c104850,Глеб Нестеров,+7 (991) 631-04-96,user104850@example.ru,Казань,25.10.2024
c105955,Юлия Сорокина,+7 (972) 390-04-82,user105955@example.ru,Новосибирск,28.12.2025
c102312,Максим Шилова,+7 (988) 213-63-71,user102312@example.ru,Санкт-Петербург,11.02.2026
c102503,Максим Савельев,+7 (989) 362-71-25,user102503@example.ru,Екатеринбург,12.06.2024
c100271,Артур Крылов,+7 (986) 020-38-11,user100271@example.ru,Казань,26.03.2026
c101029,Юлия Ковальчук,+7 (984) 951-53-12,user101029@example.ru,Новосибирск,12.11.2025
c100025,Полина Шилова,+7 (961) 541-14-16,user100025@example.ru,Санкт-Петербург,06.05.2025
c103945,Наталья Белых,+7 (979) 521-64-39,user103945@example.ru,Екатеринбург,07.07.2025
c101737,Павел Лаптев,+7 (950) 712-07-96,user101737@example.ru,Красноярск,13.01.2025
c101651,Егор Мешков,+7 (953) 588-57-04,user101651@example.ru,Екатеринбург,20.02.2025
c100444,Полина Савельев,+7 (916) 247-56-08,user100444@example.ru,Москва,04.07.2025
c105172,Полина Белых,+7 (939) 736-05-38,user105172@example.ru,Москва,24.03.2026
c104836,Глеб Мешков,+7 (936) 494-06-14,user104836@example.ru,Екатеринбург,24.02.2026
c104039,Роман Лаптев,+7 (967) 808-36-66,user104039@example.ru,Новосибирск,07.11.2025
c106806,Лидия Панин,+7 (973) 988-39-86,user106806@example.ru,Москва,29.04.2025
c100522,Наталья Сорокина,+7 (976) 518-92-98,user100522@example.ru,Новосибирск,10.05.2025
c100767,Алиса Мешков,+7 (978) 490-98-99,user100767@example.ru,Москва,01.08.2024
c105927,Вера Панин,+7 (954) 030-80-09,user105927@example.ru,Екатеринбург,14.07.2025
c105780,Кирилл Панин,+7 (967) 546-06-79,user105780@example.ru,Новосибирск,11.10.2025
c105137,Тимур Юдина,+7 (985) 706-03-90,user105137@example.ru,Екатеринбург,26.10.2025
c102915,Максим Крылов,+7 (990) 907-20-13,user102915@example.ru,Санкт-Петербург,10.08.2025
c104048,Роман Лаптев,+7 (961) 967-14-98,user104048@example.ru,Казань,27.07.2024
c105323,Кирилл Лаптев,+7 (955) 525-14-43,user105323@example.ru,Санкт-Петербург,29.01.2025
c101451,Анна Мешков,+7 (976) 455-44-16,user101451@example.ru,Екатеринбург,28.04.2024
c104777,Глеб Сорокина,+7 (966) 402-56-05,user104777@example.ru,Новосибирск,12.05.2026
c101082,Вера Панин,+7 (981) 936-14-74,user101082@example.ru,Санкт-Петербург,07.10.2024
c101113,Лидия Савельев,+7 (943) 546-95-26,user101113@example.ru,Красноярск,12.06.2025
c102610,Вера Ермаков,+7 (966) 053-63-58,user102610@example.ru,Санкт-Петербург,17.01.2025
c103515,Кирилл Тихонова,+7 (950) 135-34-64,user103515@example.ru,Екатеринбург,10.08.2025
c105041,Роман Савельев,+7 (947) 332-75-59,user105041@example.ru,Красноярск,12.11.2024
c105604,Елена Нестеров,+7 (930) 871-66-91,user105604@example.ru,Красноярск,15.12.2024
c106695,Максим Зуева,+7 (914) 945-08-23,user106695@example.ru,Новосибирск,29.10.2025
c100201,Артур Гордеев,+7 (946) 741-32-95,user100201@example.ru,Новосибирск,21.08.2024
c104766,Мария Юдина,+7 (961) 737-90-27,user104766@example.ru,Новосибирск,03.09.2025
c106077,Денис Панин,+7 (926) 223-09-88,user106077@example.ru,Екатеринбург,08.04.2025
c101320,Глеб Крылов,+7 (968) 160-15-59,user101320@example.ru,Екатеринбург,21.05.2026
c102888,Ольга Осипова,+7 (966) 856-51-48,user102888@example.ru,Москва,07.07.2024
c104840,Игорь Белых,+7 (977) 732-80-54,user104840@example.ru,Новосибирск,26.02.2026
c106032,Вера Панин,+7 (914) 153-40-50,user106032@example.ru,Санкт-Петербург,07.02.2025
c100689,Лидия Лаптев,+7 (935) 436-98-97,user100689@example.ru,Новосибирск,21.05.2026
c101239,Кирилл Лаптев,+7 (913) 932-59-26,user101239@example.ru,Екатеринбург,29.03.2025
c104504,Игорь Лаптев,+7 (954) 886-46-18,user104504@example.ru,Екатеринбург,24.08.2024
c105423,Павел Панин,+7 (995) 945-83-32,user105423@example.ru,Москва,27.02.2025
c101626,Егор Савельев,+7 (959) 957-14-82,user101626@example.ru,Екатеринбург,15.02.2024
c104651,Вера Крылов,+7 (916) 323-11-32,user104651@example.ru,Новосибирск,07.11.2024
c100697,Егор Гордеев,+7 (924) 664-58-66,user100697@example.ru,Москва,22.02.2024
c102655,Ольга Гордеев,+7 (910) 979-74-86,user102655@example.ru,Санкт-Петербург,11.05.2024
c104208,Павел Белых,+7 (966) 752-66-63,user104208@example.ru,Казань,31.10.2024
c100446,Лидия Нестеров,+7 (928) 852-16-73,user100446@example.ru,Санкт-Петербург,28.12.2024
c103438,Вера Панин,+7 (942) 012-78-93,user103438@example.ru,Москва,29.03.2025
c104912,Алиса Осипова,+7 (947) 698-56-89,user104912@example.ru,Москва,24.06.2026
c101870,Полина Белых,+7 (965) 459-58-74,user101870@example.ru,Екатеринбург,11.01.2026
c105385,Роман Сорокина,+7 (925) 958-99-07,user105385@example.ru,Санкт-Петербург,14.02.2026
c100094,Наталья Тихонова,+7 (960) 256-65-10,user100094@example.ru,Казань,01.06.2025
c100949,Анна Ковальчук,+7 (987) 161-74-37,user100949@example.ru,Новосибирск,09.10.2025
c102032,Ольга Панин,+7 (954) 332-63-81,user102032@example.ru,Новосибирск,12.03.2025
c104283,Полина Савельев,+7 (912) 300-85-46,user104283@example.ru,Санкт-Петербург,26.12.2025
c106624,Денис Осипова,+7 (966) 268-11-41,user106624@example.ru,Санкт-Петербург,18.05.2026
c105856,Глеб Шилова,+7 (936) 843-50-19,user105856@example.ru,Красноярск,24.01.2024
c104995,Мария Савельев,+7 (951) 717-17-48,user104995@example.ru,Казань,25.05.2025
c106095,Юлия Лаптев,+7 (910) 020-65-78,user106095@example.ru,Москва,03.10.2024
c103911,Елена Белых,+7 (961) 096-66-97,user103911@example.ru,Красноярск,17.02.2026
c100210,Юлия Зуева,+7 (962) 921-73-99,user100210@example.ru,Екатеринбург,19.03.2025
c106450,Вера Белых,+7 (939) 161-09-81,user106450@example.ru,Москва,04.04.2025
c101017,Алиса Шилова,+7 (972) 532-41-70,user101017@example.ru,Новосибирск,31.12.2025
c100916,Полина Лаптев,+7 (954) 676-22-29,user100916@example.ru,Новосибирск,02.08.2025
c105997,Кирилл Тихонова,+7 (996) 834-27-01,user105997@example.ru,Красноярск,20.01.2024
c102432,Глеб Шилова,+7 (967) 752-33-92,user102432@example.ru,Казань,14.05.2024
c105133,Глеб Лаптев,+7 (996) 711-92-09,user105133@example.ru,Екатеринбург,21.12.2025
c102246,Вера Зуева,+7 (971) 362-15-93,user102246@example.ru,Красноярск,30.07.2024
c106153,Анна Белых,+7 (977) 501-46-56,user106153@example.ru,Красноярск,04.05.2024
c104801,Тимур Сорокина,+7 (988) 528-44-62,user104801@example.ru,Москва,22.06.2025
c104094,Павел Юдина,+7 (930) 064-49-38,user104094@example.ru,Санкт-Петербург,31.03.2024
c105382,Кирилл Тихонова,+7 (955) 450-44-00,user105382@example.ru,Красноярск,15.10.2025
c101781,Мария Тихонова,+7 (952) 909-87-08,user101781@example.ru,Казань,18.04.2024
c105977,Кирилл Сорокина,+7 (939) 324-18-62,user105977@example.ru,Новосибирск,08.03.2025
c105920,Роман Зуева,+7 (911) 892-58-02,user105920@example.ru,Новосибирск,21.03.2025
c105028,Егор Сорокина,+7 (974) 715-87-31,user105028@example.ru,Москва,10.12.2025
c101015,Роман Зуева,+7 (940) 543-96-49,user101015@example.ru,Казань,11.05.2025
c101040,Лидия Ермаков,+7 (915) 352-90-89,user101040@example.ru,Казань,19.03.2024
c104041,Денис Гордеев,+7 (951) 386-33-61,user104041@example.ru,Екатеринбург,27.10.2025
c101334,Глеб Нестеров,+7 (994) 219-07-73,user101334@example.ru,Казань,30.04.2025
c106537,Глеб Гордеев,+7 (927) 791-60-04,user106537@example.ru,Санкт-Петербург,04.04.2024
c106666,Анна Гордеев,+7 (924) 391-04-85,user106666@example.ru,Москва,29.01.2024
c103635,Наталья Белых,+7 (944) 017-28-58,user103635@example.ru,Москва,08.02.2026
c100728,Тимур Тихонова,+7 (957) 700-19-29,user100728@example.ru,Санкт-Петербург,09.04.2025
c105135,Тимур Крылов,+7 (923) 927-60-33,user105135@example.ru,Красноярск,27.01.2026
c101550,Игорь Юдина,+7 (923) 800-71-95,user101550@example.ru,Москва,08.01.2025
c103048,Денис Шилова,+7 (927) 503-95-97,user103048@example.ru,Москва,16.10.2025
c105767,Алиса Гордеев,+7 (954) 096-38-71,user105767@example.ru,Новосибирск,29.11.2024
c102939,Юлия Ермаков,+7 (922) 687-18-55,user102939@example.ru,Санкт-Петербург,13.04.2025
c103988,Тимур Сорокина,+7 (928) 529-69-81,user103988@example.ru,Екатеринбург,28.08.2024
c103879,Павел Нестеров,+7 (921) 557-69-09,user103879@example.ru,Санкт-Петербург,11.05.2024
c103472,Артур Белых,+7 (937) 572-72-83,user103472@example.ru,Новосибирск,23.11.2024
c104600,Егор Савельев,+7 (914) 480-14-54,user104600@example.ru,Москва,17.12.2025
c106384,Кирилл Мешков,+7 (911) 138-81-40,user106384@example.ru,Казань,02.06.2024
c102521,Анна Лаптев,+7 (984) 850-92-01,user102521@example.ru,Красноярск,23.02.2024
c100809,Денис Белых,+7 (980) 383-05-45,user100809@example.ru,Казань,14.08.2024
c100791,Денис Гордеев,+7 (936) 618-18-77,user100791@example.ru,Казань,24.01.2024
c100338,Елена Белых,+7 (996) 077-42-03,user100338@example.ru,Санкт-Петербург,05.03.2024
c103197,Мария Юдина,+7 (979) 021-73-26,user103197@example.ru,Казань,16.03.2024
c104070,Алиса Ермаков,+7 (922) 539-09-74,user104070@example.ru,Москва,25.06.2026
c101573,Полина Белых,+7 (914) 991-04-24,user101573@example.ru,Санкт-Петербург,15.01.2025
c106821,Кирилл Лаптев,+7 (919) 404-99-54,user106821@example.ru,Санкт-Петербург,25.01.2025
c102507,Егор Тихонова,+7 (990) 102-43-85,user102507@example.ru,Екатеринбург,28.10.2025
c100098,Анна Лаптев,+7 (937) 710-35-64,user100098@example.ru,Екатеринбург,13.05.2026
c106662,Артур Ковальчук,+7 (976) 973-28-88,user106662@example.ru,Москва,13.09.2024
c103488,Кирилл Лаптев,+7 (926) 273-81-56,user103488@example.ru,Новосибирск,22.10.2024
c104567,Кирилл Сорокина,+7 (959) 411-94-76,user104567@example.ru,Екатеринбург,29.03.2026
c104826,Максим Ермаков,+7 (924) 190-90-95,user104826@example.ru,Санкт-Петербург,09.09.2024
c104487,Игорь Юдина,+7 (986) 124-37-32,user104487@example.ru,Санкт-Петербург,11.04.2025
c103295,Денис Мешков,+7 (944) 592-17-43,user103295@example.ru,Санкт-Петербург,13.11.2025
c102079,Тимур Сорокина,+7 (966) 078-29-77,user102079@example.ru,Казань,09.12.2024
c103017,Наталья Крылов,+7 (970) 014-90-83,user103017@example.ru,Екатеринбург,17.01.2024
c101485,Игорь Юдина,+7 (925) 743-69-90,user101485@example.ru,Санкт-Петербург,19.03.2026
c104615,Елена Савельев,+7 (984) 614-62-48,user104615@example.ru,Новосибирск,01.03.2026
c101431,Полина Шилова,+7 (957) 302-40-79,user101431@example.ru,Санкт-Петербург,27.01.2026
c103344,Лидия Ермаков,+7 (920) 673-19-35,user103344@example.ru,Новосибирск,21.11.2025
c105659,Артур Мешков,+7 (939) 969-98-97,user105659@example.ru,Красноярск,17.02.2025
c102809,Глеб Гордеев,+7 (915) 874-67-68,user102809@example.ru,Екатеринбург,16.06.2026
c101461,Полина Зуева,+7 (976) 221-23-20,user101461@example.ru,Санкт-Петербург,20.06.2025
c103900,Юлия Ковальчук,+7 (960) 505-49-58,user103900@example.ru,Москва,29.01.2025
c105817,Тимур Лаптев,+7 (946) 088-34-83,user105817@example.ru,Новосибирск,02.11.2025
c106871,Полина Мешков,+7 (969) 772-54-80,user106871@example.ru,Новосибирск,24.02.2025
c105335,Полина Белых,+7 (977) 400-81-12,user105335@example.ru,Москва,25.05.2026
c100586,Денис Осипова,+7 (962) 745-61-50,user100586@example.ru,Москва,15.05.2026
c106279,Глеб Мешков,+7 (991) 438-98-94,user106279@example.ru,Санкт-Петербург,10.06.2025
c101272,Максим Зуева,+7 (985) 734-38-75,user101272@example.ru,Санкт-Петербург,08.02.2026
c103846,Наталья Панин,+7 (977) 549-18-11,user103846@example.ru,Екатеринбург,17.02.2025
c100932,Вера Крылов,+7 (935) 094-85-20,user100932@example.ru,Новосибирск,22.06.2026
c100321,Ольга Ермаков,+7 (978) 935-10-85,user100321@example.ru,Казань,08.08.2024
c105971,Елена Мешков,+7 (980) 162-43-58,user105971@example.ru,Красноярск,08.10.2024
c102974,Лидия Белых,+7 (995) 808-81-24,user102974@example.ru,Казань,24.06.2026
c106328,Егор Мешков,+7 (921) 572-80-55,user106328@example.ru,Красноярск,23.11.2024
c103741,Мария Нестеров,+7 (993) 345-44-80,user103741@example.ru,Казань,17.01.2025
c100331,Кирилл Сорокина,+7 (950) 496-80-69,user100331@example.ru,Казань,15.08.2025
c101171,Кирилл Нестеров,+7 (945) 126-29-97,user101171@example.ru,Красноярск,25.12.2025
c105307,Анна Сорокина,+7 (982) 277-30-45,user105307@example.ru,Красноярск,25.12.2025
c105683,Елена Лаптев,+7 (953) 306-29-10,user105683@example.ru,Новосибирск,23.11.2025
c104230,Вера Гордеев,+7 (954) 168-20-86,user104230@example.ru,Казань,12.08.2024
c102883,Елена Нестеров,+7 (953) 733-87-36,user102883@example.ru,Новосибирск,29.06.2024
c102006,Глеб Гордеев,+7 (974) 922-33-60,user102006@example.ru,Екатеринбург,24.10.2024
c103130,Анна Нестеров,+7 (912) 202-70-23,user103130@example.ru,Красноярск,31.05.2025
c100019,Кирилл Ермаков,+7 (921) 602-76-35,user100019@example.ru,Красноярск,14.03.2024
c102342,Павел Панин,+7 (921) 476-42-29,user102342@example.ru,Москва,20.04.2026
c106898,Артур Осипова,+7 (999) 085-32-82,user106898@example.ru,Санкт-Петербург,25.02.2024
c101988,Артур Савельев,+7 (979) 866-50-09,user101988@example.ru,Санкт-Петербург,16.07.2025
c100274,Ольга Белых,+7 (931) 459-87-66,user100274@example.ru,Санкт-Петербург,15.05.2024
c102346,Наталья Тихонова,+7 (920) 839-21-37,user102346@example.ru,Екатеринбург,21.10.2025
c105065,Артур Панин,+7 (972) 587-91-42,user105065@example.ru,Екатеринбург,11.01.2025
c104373,Кирилл Гордеев,+7 (997) 436-42-02,user104373@example.ru,Санкт-Петербург,08.07.2024
c105476,Роман Белых,+7 (938) 923-65-25,user105476@example.ru,Красноярск,29.02.2024
c106859,Максим Белых,+7 (934) 563-43-56,user106859@example.ru,Москва,17.08.2025
c101865,Тимур Сорокина,+7 (931) 148-77-87,user101865@example.ru,Новосибирск,24.12.2025
c106858,Анна Юдина,+7 (928) 909-34-85,user106858@example.ru,Екатеринбург,21.08.2024
c100628,Павел Крылов,+7 (992) 865-81-23,user100628@example.ru,Казань,10.04.2026
c104262,Кирилл Гордеев,+7 (949) 065-78-29,user104262@example.ru,Санкт-Петербург,20.02.2026
c105253,Полина Панин,+7 (954) 787-62-71,user105253@example.ru,Санкт-Петербург,02.08.2024
c104874,Мария Ковальчук,+7 (971) 406-73-37,user104874@example.ru,Санкт-Петербург,31.01.2026
c103437,Алиса Крылов,+7 (983) 970-85-56,user103437@example.ru,Новосибирск,26.08.2024
c101674,Елена Ковальчук,+7 (936) 415-02-33,user101674@example.ru,Санкт-Петербург,28.09.2024
c106777,Ольга Шилова,+7 (979) 906-72-53,user106777@example.ru,Красноярск,14.06.2026
c102245,Вера Ермаков,+7 (994) 338-31-03,user102245@example.ru,Новосибирск,28.10.2025
c104105,Роман Тихонова,+7 (928) 953-43-45,user104105@example.ru,Казань,12.06.2026
c103590,Полина Крылов,+7 (934) 154-24-69,user103590@example.ru,Москва,06.02.2024
c106275,Полина Осипова,+7 (932) 492-75-67,user106275@example.ru,Красноярск,06.11.2024
c104000,Ольга Гордеев,+7 (943) 287-44-94,user104000@example.ru,Казань,18.06.2024
c101670,Елена Ермаков,+7 (993) 930-84-05,user101670@example.ru,Новосибирск,15.10.2024
c101055,Лидия Белых,+7 (998) 576-19-29,user101055@example.ru,Екатеринбург,17.02.2025
c106557,Юлия Панин,+7 (946) 432-60-79,user106557@example.ru,Казань,03.04.2026
c103203,Алиса Гордеев,+7 (983) 852-62-93,user103203@example.ru,Красноярск,20.08.2024
c102995,Анна Панин,+7 (956) 071-49-73,user102995@example.ru,Москва,04.09.2024
c100462,Денис Крылов,+7 (926) 168-52-93,user100462@example.ru,Новосибирск,05.10.2025
c101036,Кирилл Нестеров,+7 (949) 503-90-46,user101036@example.ru,Красноярск,26.09.2025
c106587,Полина Гордеев,+7 (930) 882-97-89,user106587@example.ru,Санкт-Петербург,04.10.2025
c105705,Игорь Шилова,+7 (946) 397-41-58,user105705@example.ru,Санкт-Петербург,03.02.2024
c106004,Наталья Тихонова,+7 (918) 161-52-84,user106004@example.ru,Москва,19.07.2024
c100196,Артур Зуева,+7 (980) 057-51-40,user100196@example.ru,Красноярск,21.10.2024
c103351,Ольга Савельев,+7 (965) 066-02-54,user103351@example.ru,Санкт-Петербург,13.04.2026
c104149,Глеб Белых,+7 (951) 089-86-58,user104149@example.ru,Екатеринбург,02.09.2025
c100890,Роман Шилова,+7 (982) 794-77-40,user100890@example.ru,Екатеринбург,06.08.2024
c105669,Егор Осипова,+7 (967) 119-05-91,user105669@example.ru,Санкт-Петербург,06.07.2025
c106303,Кирилл Крылов,+7 (941) 694-51-75,user106303@example.ru,Санкт-Петербург,24.04.2025
c100850,Ольга Белых,+7 (943) 573-48-67,user100850@example.ru,Москва,11.10.2025
c105862,Артур Лаптев,+7 (924) 584-90-72,user105862@example.ru,Санкт-Петербург,29.10.2024
c100969,Елена Зуева,+7 (942) 428-40-43,user100969@example.ru,Санкт-Петербург,25.07.2024
c103189,Лидия Савельев,+7 (989) 323-51-05,user103189@example.ru,Новосибирск,10.03.2024
c106685,Алиса Крылов,+7 (974) 631-68-87,user106685@example.ru,Красноярск,28.07.2025
c101789,Глеб Лаптев,+7 (999) 475-36-66,user101789@example.ru,Екатеринбург,27.05.2024
c103251,Максим Тихонова,+7 (956) 926-34-56,user103251@example.ru,Новосибирск,14.04.2026
c105234,Роман Савельев,+7 (924) 266-59-64,user105234@example.ru,Санкт-Петербург,12.02.2025
c104506,Ольга Белых,+7 (997) 213-67-38,user104506@example.ru,Екатеринбург,27.05.2024
c105496,Павел Нестеров,+7 (926) 297-77-11,user105496@example.ru,Новосибирск,10.12.2024
c100344,Анна Ермаков,+7 (983) 788-19-02,user100344@example.ru,Санкт-Петербург,28.06.2024
c105855,Егор Сорокина,+7 (945) 064-20-77,user105855@example.ru,Санкт-Петербург,21.08.2024
c102592,Кирилл Осипова,+7 (994) 636-83-79,user102592@example.ru,Казань,16.10.2025
c101853,Анна Тихонова,+7 (985) 343-71-35,user101853@example.ru,Москва,19.04.2024
c101815,Артур Сорокина,+7 (991) 778-86-15,user101815@example.ru,Екатеринбург,26.09.2025
c100807,Наталья Мешков,+7 (933) 712-97-10,user100807@example.ru,Новосибирск,11.03.2026
c100843,Анна Сорокина,+7 (944) 394-21-06,user100843@example.ru,Казань,13.12.2024
c100191,Алиса Нестеров,+7 (923) 149-55-65,user100191@example.ru,Санкт-Петербург,22.05.2026
c102169,Алиса Ковальчук,+7 (916) 468-59-96,user102169@example.ru,Новосибирск,03.04.2026
c104087,Павел Осипова,+7 (915) 074-30-74,user104087@example.ru,Красноярск,28.03.2026
c105569,Артур Лаптев,+7 (969) 512-15-80,user105569@example.ru,Новосибирск,18.12.2024
c104884,Полина Крылов,+7 (970) 541-99-14,user104884@example.ru,Красноярск,03.06.2026
c101417,Наталья Зуева,+7 (942) 490-78-51,user101417@example.ru,Казань,17.08.2024
c103960,Денис Сорокина,+7 (971) 759-94-99,user103960@example.ru,Санкт-Петербург,05.05.2024
c101108,Полина Шилова,+7 (965) 405-34-68,user101108@example.ru,Новосибирск,23.12.2025
c104242,Глеб Зуева,+7 (921) 326-37-60,user104242@example.ru,Екатеринбург,07.11.2024
c105435,Игорь Нестеров,+7 (984) 391-59-66,user105435@example.ru,Новосибирск,05.03.2025
c102756,Лидия Савельев,+7 (970) 079-57-90,user102756@example.ru,Казань,11.07.2025
c106293,Глеб Савельев,+7 (922) 300-96-45,user106293@example.ru,Казань,28.09.2024
c102297,Денис Сорокина,+7 (915) 771-68-68,user102297@example.ru,Казань,26.01.2024
c101145,Глеб Юдина,+7 (952) 150-75-42,user101145@example.ru,Новосибирск,05.01.2025
c102114,Алиса Гордеев,+7 (987) 032-91-73,user102114@example.ru,Екатеринбург,13.11.2025
c100679,Мария Шилова,+7 (915) 950-26-87,user100679@example.ru,Красноярск,07.10.2024
c105654,Кирилл Юдина,+7 (943) 910-92-40,user105654@example.ru,Екатеринбург,25.10.2025
c105441,Егор Савельев,+7 (915) 954-31-21,user105441@example.ru,Новосибирск,13.06.2026
c103468,Денис Савельев,+7 (968) 748-55-51,user103468@example.ru,Москва,12.02.2025
c106508,Вера Осипова,+7 (988) 853-60-73,user106508@example.ru,Красноярск,30.08.2025
c105063,Полина Юдина,+7 (986) 165-37-63,user105063@example.ru,Москва,02.06.2024
c100904,Наталья Сорокина,+7 (983) 228-48-84,user100904@example.ru,Санкт-Петербург,12.10.2025
c102972,Юлия Гордеев,+7 (942) 512-85-28,user102972@example.ru,Екатеринбург,29.06.2025
c101407,Кирилл Лаптев,+7 (923) 714-70-88,user101407@example.ru,Новосибирск,17.02.2025
c104748,Алиса Зуева,+7 (927) 801-09-12,user104748@example.ru,Новосибирск,03.06.2026
c100079,Глеб Шилова,+7 (915) 942-29-78,user100079@example.ru,Санкт-Петербург,29.04.2024
c105420,Алиса Зуева,+7 (972) 431-54-24,user105420@example.ru,Новосибирск,07.02.2025
c100862,Вера Осипова,+7 (976) 716-15-41,user100862@example.ru,Екатеринбург,16.01.2025
c103752,Роман Тихонова,+7 (939) 328-38-00,user103752@example.ru,Казань,05.04.2024
c102540,Егор Савельев,+7 (938) 785-44-92,user102540@example.ru,Новосибирск,27.01.2026
c101387,Юлия Ермаков,+7 (945) 616-70-47,user101387@example.ru,Красноярск,02.04.2025
c104928,Максим Шилова,+7 (978) 427-04-33,user104928@example.ru,Екатеринбург,22.08.2024
c106042,Юлия Тихонова,+7 (974) 668-89-33,user106042@example.ru,Красноярск,21.03.2025
c105468,Анна Осипова,+7 (923) 133-28-22,user105468@example.ru,Казань,14.12.2024
c104015,Мария Лаптев,+7 (937) 447-99-43,user104015@example.ru,Новосибирск,16.08.2024
c103766,Денис Юдина,+7 (949) 913-27-79,user103766@example.ru,Красноярск,30.05.2025
c102980,Роман Белых,+7 (932) 842-28-30,user102980@example.ru,Новосибирск,23.02.2026
c101528,Глеб Тихонова,+7 (976) 113-09-60,user101528@example.ru,Екатеринбург,09.07.2024
c103176,Максим Тихонова,+7 (996) 960-36-97,user103176@example.ru,Санкт-Петербург,26.05.2026
c104986,Алиса Панин,+7 (987) 096-44-07,user104986@example.ru,Красноярск,29.05.2024
c106581,Наталья Осипова,+7 (912) 001-30-70,user106581@example.ru,Екатеринбург,06.03.2025
c103855,Денис Мешков,+7 (990) 478-29-24,user103855@example.ru,Екатеринбург,26.07.2025
c105320,Юлия Юдина,+7 (942) 053-70-27,user105320@example.ru,Санкт-Петербург,28.09.2024
c103819,Глеб Нестеров,+7 (921) 527-69-11,user103819@example.ru,Екатеринбург,19.03.2024
c102994,Алиса Крылов,+7 (992) 119-42-52,user102994@example.ru,Новосибирск,29.12.2025
c106787,Егор Панин,+7 (938) 564-79-15,user106787@example.ru,Казань,11.02.2025
c101167,Ольга Панин,+7 (948) 949-80-22,user101167@example.ru,Красноярск,19.05.2025
c105697,Денис Сорокина,+7 (960) 788-18-99,user105697@example.ru,Новосибирск,21.11.2024
c104594,Наталья Зуева,+7 (946) 983-31-84,user104594@example.ru,Красноярск,02.04.2025
c105561,Лидия Ермаков,+7 (916) 381-56-00,user105561@example.ru,Екатеринбург,23.02.2024
c102430,Кирилл Панин,+7 (916) 834-19-88,user102430@example.ru,Новосибирск,15.09.2024
c100180,Егор Мешков,+7 (923) 605-01-85,user100180@example.ru,Казань,11.10.2024
c103619,Елена Мешков,+7 (983) 618-86-78,user103619@example.ru,Новосибирск,15.02.2026
c101983,Алиса Мешков,+7 (987) 873-13-86,user101983@example.ru,Казань,10.04.2026
c104444,Павел Крылов,+7 (995) 562-89-09,user104444@example.ru,Екатеринбург,15.03.2026
c100153,Денис Юдина,+7 (940) 633-52-71,user100153@example.ru,Екатеринбург,12.10.2024
c100230,Тимур Юдина,+7 (962) 762-24-17,user100230@example.ru,Казань,25.01.2026
c105752,Максим Савельев,+7 (948) 847-64-22,user105752@example.ru,Москва,05.01.2025
c102730,Павел Гордеев,+7 (980) 499-25-54,user102730@example.ru,Москва,22.01.2025
c100588,Роман Юдина,+7 (948) 782-50-06,user100588@example.ru,Казань,05.04.2025
c100175,Полина Ермаков,+7 (962) 230-31-08,user100175@example.ru,Казань,06.04.2026
c104026,Игорь Лаптев,+7 (984) 318-32-72,user104026@example.ru,Красноярск,15.12.2025
c106056,Роман Юдина,+7 (983) 364-27-53,user106056@example.ru,Санкт-Петербург,19.05.2024
c104734,Алиса Сорокина,+7 (966) 771-03-73,user104734@example.ru,Новосибирск,31.01.2024
c102806,Максим Лаптев,+7 (912) 414-24-14,user102806@example.ru,Санкт-Петербург,05.02.2024
c104342,Анна Сорокина,+7 (972) 461-16-25,user104342@example.ru,Казань,11.07.2025
c102251,Наталья Шилова,+7 (996) 982-22-82,user102251@example.ru,Казань,17.07.2025
c102318,Ольга Зуева,+7 (984) 568-89-44,user102318@example.ru,Казань,25.03.2026
c100107,Егор Ермаков,+7 (980) 621-23-27,user100107@example.ru,Казань,28.03.2025
c106728,Алиса Нестеров,+7 (988) 628-20-92,user106728@example.ru,Санкт-Петербург,09.12.2025
c105504,Полина Сорокина,+7 (956) 458-67-53,user105504@example.ru,Красноярск,21.01.2025
c105545,Мария Ермаков,+7 (922) 611-90-41,user105545@example.ru,Екатеринбург,16.04.2024
c106294,Денис Панин,+7 (958) 973-76-08,user106294@example.ru,Новосибирск,13.11.2025
c100241,Анна Ермаков,+7 (931) 552-77-55,user100241@example.ru,Санкт-Петербург,06.05.2024
c105149,Артур Лаптев,+7 (990) 168-04-57,user105149@example.ru,Казань,25.07.2025
c101231,Ольга Ермаков,+7 (999) 401-92-97,user101231@example.ru,Санкт-Петербург,24.11.2025
c104453,Игорь Савельев,+7 (924) 535-50-84,user104453@example.ru,Новосибирск,27.02.2024
c104960,Мария Белых,+7 (916) 733-94-12,user104960@example.ru,Красноярск,31.03.2024
c105603,Юлия Ермаков,+7 (991) 676-51-47,user105603@example.ru,Санкт-Петербург,03.03.2025
c102102,Юлия Тихонова,+7 (943) 943-62-15,user102102@example.ru,Санкт-Петербург,07.08.2024
c103348,Алиса Савельев,+7 (982) 879-53-29,user103348@example.ru,Екатеринбург,07.09.2025
c106046,Тимур Нестеров,+7 (912) 348-80-35,user106046@example.ru,Екатеринбург,09.12.2025
c106193,Наталья Крылов,+7 (936) 506-56-78,user106193@example.ru,Казань,05.07.2025
c106563,Мария Тихонова,+7 (985) 530-49-39,user106563@example.ru,Екатеринбург,12.11.2024
c105462,Наталья Гордеев,+7 (950) 161-56-91,user105462@example.ru,Екатеринбург,14.04.2024
c103989,Юлия Белых,+7 (947) 523-34-40,user103989@example.ru,Казань,14.06.2024
c101497,Глеб Нестеров,+7 (945) 753-26-73,user101497@example.ru,Санкт-Петербург,08.05.2025
c100771,Егор Нестеров,+7 (950) 042-94-15,user100771@example.ru,Новосибирск,18.04.2025
c103170,Елена Ермаков,+7 (931) 136-38-97,user103170@example.ru,Новосибирск,27.05.2025
c105153,Павел Савельев,+7 (924) 927-20-81,user105153@example.ru,Казань,08.09.2024
c106080,Вера Осипова,+7 (940) 122-91-13,user106080@example.ru,Новосибирск,08.03.2025
c106319,Глеб Панин,+7 (986) 549-86-69,user106319@example.ru,Екатеринбург,08.02.2024
c101872,Глеб Сорокина,+7 (968) 347-54-81,user101872@example.ru,Санкт-Петербург,17.06.2025
c103328,Анна Савельев,+7 (971) 670-94-48,user103328@example.ru,Москва,27.03.2026
c105655,Лидия Тихонова,+7 (995) 907-11-78,user105655@example.ru,Екатеринбург,14.12.2024
c100823,Полина Нестеров,+7 (969) 413-22-33,user100823@example.ru,Красноярск,26.09.2025
c104278,Елена Савельев,+7 (911) 820-05-89,user104278@example.ru,Новосибирск,02.01.2025
c105274,Павел Юдина,+7 (984) 489-69-51,user105274@example.ru,Новосибирск,16.04.2025
c103289,Полина Шилова,+7 (922) 818-31-41,user103289@example.ru,Казань,02.06.2026
c100282,Елена Лаптев,+7 (946) 169-15-02,user100282@example.ru,Санкт-Петербург,07.06.2025
c106752,Алиса Осипова,+7 (935) 451-18-78,user106752@example.ru,Москва,21.10.2024
c100243,Наталья Ермаков,+7 (914) 203-34-10,user100243@example.ru,Казань,25.06.2025
c102723,Вера Ермаков,+7 (988) 258-30-06,user102723@example.ru,Санкт-Петербург,19.04.2026
c104543,Наталья Мешков,+7 (911) 459-78-97,user104543@example.ru,Казань,26.07.2024
c101780,Егор Осипова,+7 (956) 713-84-71,user101780@example.ru,Санкт-Петербург,10.01.2025
c101979,Алиса Тихонова,+7 (973) 937-38-80,user101979@example.ru,Москва,27.09.2024
c102399,Павел Юдина,+7 (932) 103-20-43,user102399@example.ru,Красноярск,11.01.2026
c101477,Роман Ермаков,+7 (967) 567-53-21,user101477@example.ru,Казань,03.08.2025
c104354,Глеб Зуева,+7 (998) 943-70-92,user104354@example.ru,Казань,12.05.2025
c104894,Мария Сорокина,+7 (919) 337-44-81,user104894@example.ru,Красноярск,28.02.2024
c103274,Полина Белых,+7 (994) 329-88-76,user103274@example.ru,Екатеринбург,12.12.2025
c104761,Кирилл Савельев,+7 (959) 091-58-74,user104761@example.ru,Санкт-Петербург,03.12.2025
c105012,Егор Савельев,+7 (993) 467-26-72,user105012@example.ru,Новосибирск,13.02.2026
c105730,Кирилл Юдина,+7 (996) 751-94-86,user105730@example.ru,Екатеринбург,19.10.2025
c102088,Елена Крылов,+7 (939) 536-31-04,user102088@example.ru,Санкт-Петербург,15.07.2025
c101181,Алиса Осипова,+7 (983) 078-49-25,user101181@example.ru,Красноярск,09.12.2024
c101838,Денис Юдина,+7 (973) 297-12-00,user101838@example.ru,Москва,06.04.2026
c106308,Кирилл Панин,+7 (984) 160-72-32,user106308@example.ru,Красноярск,27.12.2024
c103560,Наталья Мешков,+7 (955) 114-46-94,user103560@example.ru,Москва,07.06.2025
c101617,Анна Тихонова,+7 (959) 479-13-37,user101617@example.ru,Москва,07.10.2024
c105805,Юлия Савельев,+7 (980) 451-80-58,user105805@example.ru,Казань,08.06.2026
c103650,Роман Ермаков,+7 (979) 539-07-94,user103650@example.ru,Екатеринбург,08.01.2026
c100470,Игорь Шилова,+7 (935) 693-54-13,user100470@example.ru,Казань,31.03.2024
c100512,Егор Лаптев,+7 (969) 559-06-66,user100512@example.ru,Красноярск,20.03.2024
c106162,Юлия Осипова,+7 (937) 893-17-90,user106162@example.ru,Красноярск,21.12.2024
c106125,Вера Тихонова,+7 (934) 239-60-05,user106125@example.ru,Новосибирск,30.04.2024
c102541,Елена Шилова,+7 (930) 036-12-96,user102541@example.ru,Новосибирск,29.03.2025
c100973,Мария Сорокина,+7 (962) 806-83-38,user100973@example.ru,Новосибирск,20.07.2024
c103388,Игорь Ермаков,+7 (965) 428-52-79,user103388@example.ru,Екатеринбург,17.09.2024
c105532,Игорь Шилова,+7 (989) 512-17-53,user105532@example.ru,Санкт-Петербург,09.02.2025
c106014,Тимур Ковальчук,+7 (962) 983-50-60,user106014@example.ru,Новосибирск,15.05.2026
c101881,Елена Юдина,+7 (968) 942-32-85,user101881@example.ru,Санкт-Петербург,14.11.2025
c103032,Алиса Белых,+7 (957) 016-53-80,user103032@example.ru,Екатеринбург,13.11.2025
c101329,Алиса Савельев,+7 (930) 255-32-56,user101329@example.ru,Екатеринбург,28.03.2024
c101437,Лидия Нестеров,+7 (987) 079-24-85,user101437@example.ru,Санкт-Петербург,27.05.2026
c105097,Кирилл Гордеев,+7 (912) 706-92-24,user105097@example.ru,Санкт-Петербург,07.05.2025
c103527,Алиса Ермаков,+7 (943) 714-53-92,user103527@example.ru,Красноярск,31.01.2026
c105083,Кирилл Шилова,+7 (977) 299-01-53,user105083@example.ru,Санкт-Петербург,18.08.2025
c100853,Егор Юдина,+7 (917) 008-51-26,user100853@example.ru,Санкт-Петербург,26.03.2025
c106802,Юлия Шилова,+7 (951) 109-72-01,user106802@example.ru,Санкт-Петербург,03.01.2025
c100625,Наталья Осипова,+7 (990) 682-76-67,user100625@example.ru,Красноярск,21.06.2025
c104889,Тимур Савельев,+7 (951) 545-62-47,user104889@example.ru,Санкт-Петербург,31.03.2025
c103542,Павел Панин,+7 (916) 377-95-79,user103542@example.ru,Новосибирск,25.01.2026
c106842,Полина Лаптев,+7 (991) 325-73-42,user106842@example.ru,Казань,04.06.2025
c103400,Тимур Крылов,+7 (920) 549-43-25,user103400@example.ru,Новосибирск,23.03.2024
c106700,Мария Юдина,+7 (984) 482-26-31,user106700@example.ru,Екатеринбург,31.08.2024
c101665,Егор Гордеев,+7 (943) 099-36-39,user101665@example.ru,Москва,27.11.2025
c103118,Павел Савельев,+7 (989) 599-19-41,user103118@example.ru,Москва,07.02.2025
c106148,Алиса Нестеров,+7 (953) 397-95-98,user106148@example.ru,Санкт-Петербург,19.10.2024
c100948,Вера Осипова,+7 (949) 107-60-76,user100948@example.ru,Новосибирск,10.02.2024
c101515,Кирилл Юдина,+7 (946) 394-61-20,user101515@example.ru,Москва,23.03.2026
c103757,Мария Юдина,+7 (941) 892-03-34,user103757@example.ru,Новосибирск,14.04.2024
c101973,Павел Гордеев,+7 (944) 706-68-58,user101973@example.ru,Екатеринбург,26.04.2026
c102892,Полина Зуева,+7 (993) 412-93-70,user102892@example.ru,Екатеринбург,06.12.2024
c103699,Тимур Ковальчук,+7 (918) 336-94-36,user103699@example.ru,Казань,01.01.2026
c105150,Глеб Панин,+7 (983) 023-66-54,user105150@example.ru,Казань,02.02.2025
c105661,Роман Савельев,+7 (964) 693-31-68,user105661@example.ru,Екатеринбург,14.10.2025
c101794,Лидия Мешков,+7 (987) 162-48-16,user101794@example.ru,Санкт-Петербург,16.06.2025
c100428,Артур Сорокина,+7 (938) 342-41-22,user100428@example.ru,Красноярск,28.05.2024
c102680,Лидия Тихонова,+7 (912) 617-21-04,user102680@example.ru,Красноярск,29.11.2025
c100580,Глеб Зуева,+7 (911) 179-63-48,user100580@example.ru,Казань,15.12.2024
c104317,Максим Гордеев,+7 (928) 193-02-59,user104317@example.ru,Екатеринбург,17.09.2025
c101891,Юлия Крылов,+7 (945) 784-26-77,user101891@example.ru,Екатеринбург,18.07.2025
c103798,Павел Осипова,+7 (921) 265-98-86,user103798@example.ru,Красноярск,04.05.2026
c104916,Егор Савельев,+7 (949) 678-87-33,user104916@example.ru,Екатеринбург,08.01.2025
c103501,Лидия Шилова,+7 (977) 455-52-12,user103501@example.ru,Новосибирск,16.07.2024
c103704,Ольга Зуева,+7 (918) 658-97-09,user103704@example.ru,Казань,13.04.2025
c106749,Роман Сорокина,+7 (930) 999-31-41,user106749@example.ru,Красноярск,06.05.2024
c102647,Наталья Панин,+7 (966) 194-14-49,user102647@example.ru,Екатеринбург,15.04.2026
c102270,Максим Сорокина,+7 (963) 686-03-03,user102270@example.ru,Москва,01.05.2025
c105722,Тимур Гордеев,+7 (997) 775-95-43,user105722@example.ru,Новосибирск,07.05.2024
c102779,Анна Осипова,+7 (975) 005-81-74,user102779@example.ru,Санкт-Петербург,25.11.2024
c100761,Анна Осипова,+7 (974) 707-15-98,user100761@example.ru,Казань,02.05.2025
c103227,Егор Ермаков,+7 (929) 252-70-09,user103227@example.ru,Красноярск,16.03.2024
c104637,Анна Шилова,+7 (927) 867-22-48,user104637@example.ru,Санкт-Петербург,30.03.2025
c106239,Роман Гордеев,+7 (915) 385-10-88,user106239@example.ru,Санкт-Петербург,22.06.2025
c106367,Игорь Крылов,+7 (995) 452-01-08,user106367@example.ru,Красноярск,02.04.2026
c106435,Павел Сорокина,+7 (944) 093-96-56,user106435@example.ru,Красноярск,26.10.2025
c106641,Вера Лаптев,+7 (927) 121-69-50,user106641@example.ru,Екатеринбург,15.07.2024
c101536,Максим Сорокина,+7 (994) 110-72-52,user101536@example.ru,Красноярск,24.03.2024
c100747,Тимур Нестеров,+7 (940) 858-98-59,user100747@example.ru,Казань,28.04.2025
c100688,Тимур Гордеев,+7 (949) 091-47-73,user100688@example.ru,Казань,26.02.2024
c104722,Юлия Панин,+7 (962) 412-21-24,user104722@example.ru,Санкт-Петербург,24.04.2024
c105617,Мария Тихонова,+7 (942) 334-34-27,user105617@example.ru,Новосибирск,14.01.2026
c102588,Артур Лаптев,+7 (952) 462-87-26,user102588@example.ru,Санкт-Петербург,26.10.2025
c102559,Полина Ковальчук,+7 (915) 499-48-93,user102559@example.ru,Екатеринбург,08.12.2025
c105185,Тимур Юдина,+7 (985) 967-46-27,user105185@example.ru,Москва,28.11.2024
c103656,Артур Шилова,+7 (910) 739-06-77,user103656@example.ru,Москва,06.09.2025
c105667,Вера Панин,+7 (922) 263-53-39,user105667@example.ru,Казань,17.09.2025
c101662,Елена Сорокина,+7 (971) 496-30-51,user101662@example.ru,Новосибирск,01.03.2025
c105969,Лидия Сорокина,+7 (930) 272-81-69,user105969@example.ru,Красноярск,03.12.2025
c102505,Глеб Лаптев,+7 (924) 364-35-35,user102505@example.ru,Москва,24.05.2025
c104679,Вера Панин,+7 (995) 535-83-19,user104679@example.ru,Екатеринбург,13.11.2024
c100966,Денис Крылов,+7 (910) 672-37-74,user100966@example.ru,Санкт-Петербург,19.06.2025
c102874,Анна Мешков,+7 (949) 014-82-01,user102874@example.ru,Новосибирск,09.05.2026
c103379,Денис Лаптев,+7 (923) 379-96-91,user103379@example.ru,Красноярск,01.11.2025
c105589,Максим Тихонова,+7 (929) 447-29-14,user105589@example.ru,Красноярск,09.04.2025
c101050,Наталья Осипова,+7 (930) 416-71-58,user101050@example.ru,Москва,14.04.2026
c105418,Наталья Крылов,+7 (966) 000-60-84,user105418@example.ru,Санкт-Петербург,22.01.2024
c104396,Денис Савельев,+7 (967) 308-07-33,user104396@example.ru,Екатеринбург,27.02.2025
c101896,Наталья Шилова,+7 (952) 658-05-51,user101896@example.ru,Казань,11.04.2025
c104578,Анна Ермаков,+7 (973) 575-02-64,user104578@example.ru,Екатеринбург,02.02.2024
c100634,Анна Зуева,+7 (961) 561-33-92,user100634@example.ru,Казань,10.07.2025
c101390,Денис Юдина,+7 (918) 147-12-59,user101390@example.ru,Москва,20.06.2024
c102436,Мария Ковальчук,+7 (992) 510-14-03,user102436@example.ru,Москва,05.06.2026
c101966,Юлия Сорокина,+7 (927) 602-15-48,user101966@example.ru,Санкт-Петербург,21.03.2026
c102906,Тимур Осипова,+7 (951) 108-30-08,user102906@example.ru,Новосибирск,19.03.2026
c102729,Юлия Нестеров,+7 (995) 971-22-96,user102729@example.ru,Екатеринбург,19.01.2024
c102622,Вера Крылов,+7 (982) 562-70-56,user102622@example.ru,Санкт-Петербург,05.11.2025
c104882,Тимур Сорокина,+7 (956) 665-21-58,user104882@example.ru,Новосибирск,22.09.2025
c102704,Полина Сорокина,+7 (932) 011-84-22,user102704@example.ru,Новосибирск,21.05.2025
c101899,Лидия Осипова,+7 (956) 218-02-40,user101899@example.ru,Казань,22.12.2024
c104934,Артур Савельев,+7 (913) 381-58-65,user104934@example.ru,Москва,14.09.2024
c105594,Егор Ермаков,+7 (911) 368-36-56,user105594@example.ru,Казань,24.01.2024
c101175,Игорь Сорокина,+7 (959) 133-78-05,user101175@example.ru,Москва,10.08.2025
c103330,Алиса Ермаков,+7 (956) 412-60-47,user103330@example.ru,Екатеринбург,08.10.2025
c100989,Тимур Белых,+7 (948) 192-47-14,user100989@example.ru,Санкт-Петербург,22.06.2025
c106265,Елена Юдина,+7 (978) 164-05-44,user106265@example.ru,Красноярск,21.12.2024
c106416,Елена Ермаков,+7 (910) 554-23-48,user106416@example.ru,Санкт-Петербург,02.08.2025
c103089,Кирилл Белых,+7 (932) 431-29-57,user103089@example.ru,Санкт-Петербург,01.09.2025
c100073,Елена Панин,+7 (982) 165-56-31,user100073@example.ru,Санкт-Петербург,04.05.2024
c101844,Павел Гордеев,+7 (922) 553-63-14,user101844@example.ru,Москва,24.08.2024
c100544,Егор Лаптев,+7 (987) 130-82-46,user100544@example.ru,Казань,23.01.2024
c105981,Алиса Осипова,+7 (974) 513-07-71,user105981@example.ru,Новосибирск,05.07.2025
c103364,Максим Зуева,+7 (948) 821-56-87,user103364@example.ru,Казань,06.10.2024
c105541,Егор Мешков,+7 (927) 759-17-54,user105541@example.ru,Новосибирск,01.05.2026
c105963,Ольга Савельев,+7 (918) 255-82-11,user105963@example.ru,Москва,30.09.2025
c101352,Анна Нестеров,+7 (933) 042-85-03,user101352@example.ru,Новосибирск,27.03.2025
c102027,Игорь Ермаков,+7 (982) 424-79-32,user102027@example.ru,Новосибирск,09.09.2024
c104541,Егор Осипова,+7 (949) 940-63-52,user104541@example.ru,Казань,21.11.2024
c103217,Глеб Тихонова,+7 (996) 058-78-12,user103217@example.ru,Екатеринбург,01.10.2024
c105859,Елена Ковальчук,+7 (951) 466-41-73,user105859@example.ru,Москва,01.04.2025
c100623,Вера Белых,+7 (943) 535-38-51,user100623@example.ru,Екатеринбург,19.12.2024
c100389,Мария Осипова,+7 (922) 833-30-70,user100389@example.ru,Казань,11.12.2024
c106348,Юлия Шилова,+7 (963) 790-93-20,user106348@example.ru,Казань,12.04.2026
c104171,Елена Сорокина,+7 (981) 280-59-19,user104171@example.ru,Казань,31.03.2026
c106623,Кирилл Белых,+7 (917) 834-15-99,user106623@example.ru,Екатеринбург,07.08.2024
c106849,Анна Сорокина,+7 (998) 929-30-38,user106849@example.ru,Новосибирск,14.10.2025
c103899,Максим Тихонова,+7 (997) 868-90-58,user103899@example.ru,Москва,19.03.2026
c104447,Глеб Лаптев,+7 (929) 156-80-08,user104447@example.ru,Москва,24.05.2025
c102775,Максим Шилова,+7 (962) 525-59-50,user102775@example.ru,Красноярск,17.03.2025
c105068,Роман Ковальчук,+7 (989) 379-50-39,user105068@example.ru,Новосибирск,27.08.2025
c105317,Глеб Шилова,+7 (927) 531-16-98,user105317@example.ru,Казань,06.07.2025
c100762,Кирилл Шилова,+7 (973) 045-72-00,user100762@example.ru,Москва,05.09.2024
c104505,Алиса Савельев,+7 (960) 090-40-26,user104505@example.ru,Екатеринбург,20.10.2024
c101421,Полина Ковальчук,+7 (955) 005-36-48,user101421@example.ru,Красноярск,02.06.2026
c102044,Кирилл Лаптев,+7 (997) 038-19-33,user102044@example.ru,Москва,21.08.2025
c106209,Полина Сорокина,+7 (921) 091-79-69,user106209@example.ru,Новосибирск,21.02.2024
c103576,Денис Савельев,+7 (951) 553-48-03,user103576@example.ru,Москва,15.09.2024
c100154,Егор Осипова,+7 (941) 263-27-59,user100154@example.ru,Красноярск,23.09.2025
c105285,Анна Сорокина,+7 (970) 368-34-71,user105285@example.ru,Москва,01.05.2025
c101102,Игорь Тихонова,+7 (927) 955-65-73,user101102@example.ru,Красноярск,14.04.2026
c103845,Павел Мешков,+7 (981) 588-04-17,user103845@example.ru,Казань,12.07.2024
c102721,Игорь Юдина,+7 (946) 618-44-06,user102721@example.ru,Москва,11.06.2024
c106472,Игорь Шилова,+7 (911) 112-04-95,user106472@example.ru,Новосибирск,24.06.2024
c104461,Наталья Ермаков,+7 (993) 638-63-39,user104461@example.ru,Казань,08.11.2024
c101379,Лидия Нестеров,+7 (962) 051-01-66,user101379@example.ru,Казань,28.01.2026
c102988,Мария Осипова,+7 (999) 684-09-45,user102988@example.ru,Санкт-Петербург,07.09.2025
c103948,Анна Панин,+7 (971) 634-95-54,user103948@example.ru,Красноярск,23.04.2025
c100212,Артур Юдина,+7 (948) 663-29-16,user100212@example.ru,Екатеринбург,06.04.2025
c106754,Глеб Лаптев,+7 (959) 255-06-32,user106754@example.ru,Казань,19.10.2025
c103127,Елена Савельев,+7 (984) 065-09-37,user103127@example.ru,Екатеринбург,15.01.2026
c103878,Алиса Савельев,+7 (922) 358-30-72,user103878@example.ru,Екатеринбург,29.07.2024
c100179,Денис Зуева,+7 (961) 780-24-30,user100179@example.ru,Красноярск,05.09.2025
c102859,Денис Ермаков,+7 (948) 873-12-28,user102859@example.ru,Новосибирск,17.10.2025
c104184,Ольга Тихонова,+7 (981) 707-50-47,user104184@example.ru,Екатеринбург,27.02.2024
c100872,Наталья Белых,+7 (986) 728-17-84,user100872@example.ru,Казань,20.03.2026
c100731,Ольга Ермаков,+7 (989) 855-58-53,user100731@example.ru,Москва,29.10.2024
c105236,Полина Ермаков,+7 (952) 257-44-59,user105236@example.ru,Екатеринбург,16.11.2025
c102480,Денис Зуева,+7 (934) 899-43-72,user102480@example.ru,Красноярск,30.06.2024
c103558,Игорь Осипова,+7 (988) 295-32-37,user103558@example.ru,Екатеринбург,23.01.2026
c102594,Лидия Мешков,+7 (994) 510-45-57,user102594@example.ru,Санкт-Петербург,09.05.2024
c103946,Анна Савельев,+7 (923) 476-11-27,user103946@example.ru,Казань,20.04.2026
c105260,Кирилл Савельев,+7 (971) 862-67-96,user105260@example.ru,Москва,10.10.2025
c103983,Артур Белых,+7 (960) 533-15-38,user103983@example.ru,Санкт-Петербург,22.06.2024
c106838,Ольга Ковальчук,+7 (985) 374-77-48,user106838@example.ru,Санкт-Петербург,12.06.2026
c105737,Вера Лаптев,+7 (994) 618-33-84,user105737@example.ru,Красноярск,30.01.2024
c101864,Наталья Осипова,+7 (968) 189-64-37,user101864@example.ru,Санкт-Петербург,23.03.2024
c106865,Денис Юдина,+7 (991) 128-64-72,user106865@example.ru,Красноярск,21.04.2024
c103750,Алиса Панин,+7 (973) 307-20-42,user103750@example.ru,Казань,24.10.2024
c105876,Лидия Крылов,+7 (940) 976-65-04,user105876@example.ru,Казань,06.10.2025
c103586,Глеб Шилова,+7 (957) 817-04-56,user103586@example.ru,Казань,10.04.2024
c104589,Наталья Крылов,+7 (945) 986-73-04,user104589@example.ru,Красноярск,05.12.2024
c105417,Елена Юдина,+7 (935) 364-74-80,user105417@example.ru,Екатеринбург,30.12.2025
c101947,Елена Мешков,+7 (919) 014-21-41,user101947@example.ru,Новосибирск,02.07.2024
c104888,Мария Сорокина,+7 (956) 848-97-91,user104888@example.ru,Казань,03.05.2026
c102794,Полина Ермаков,+7 (954) 812-89-00,user102794@example.ru,Москва,07.06.2024
c105062,Павел Лаптев,+7 (972) 099-98-80,user105062@example.ru,Новосибирск,13.06.2025
c100092,Лидия Тихонова,+7 (976) 294-60-21,user100092@example.ru,Москва,04.12.2025
c100591,Елена Гордеев,+7 (937) 715-84-81,user100591@example.ru,Казань,13.02.2025
c103631,Юлия Нестеров,+7 (995) 706-17-04,user103631@example.ru,Москва,25.03.2024
c105621,Глеб Зуева,+7 (970) 930-14-77,user105621@example.ru,Казань,13.05.2024
c100984,Алиса Мешков,+7 (988) 561-01-97,user100984@example.ru,Екатеринбург,19.05.2024
c103683,Роман Сорокина,+7 (924) 263-42-82,user103683@example.ru,Казань,17.01.2024
c103616,Артур Крылов,+7 (953) 938-74-07,user103616@example.ru,Екатеринбург,14.10.2024
c105325,Максим Нестеров,+7 (941) 499-70-34,user105325@example.ru,Екатеринбург,21.04.2024
c103621,Лидия Зуева,+7 (930) 392-86-94,user103621@example.ru,Санкт-Петербург,30.05.2026
c102561,Алиса Лаптев,+7 (920) 881-17-11,user102561@example.ru,Новосибирск,31.12.2025
c106616,Ольга Крылов,+7 (948) 414-88-07,user106616@example.ru,Казань,02.06.2024
c103587,Артур Юдина,+7 (975) 779-15-96,user103587@example.ru,Новосибирск,29.04.2025
c102339,Роман Зуева,+7 (990) 453-41-47,user102339@example.ru,Казань,20.09.2024
c105714,Роман Сорокина,+7 (968) 048-35-83,user105714@example.ru,Екатеринбург,30.06.2026
c103434,Артур Крылов,+7 (943) 707-48-89,user103434@example.ru,Москва,12.04.2026
c100076,Павел Крылов,+7 (967) 016-81-74,user100076@example.ru,Москва,23.04.2026
c105268,Роман Ковальчук,+7 (931) 662-72-18,user105268@example.ru,Екатеринбург,02.02.2026
c101375,Максим Белых,+7 (936) 128-84-77,user101375@example.ru,Санкт-Петербург,31.12.2024
c106452,Артур Мешков,+7 (937) 765-16-82,user106452@example.ru,Казань,17.05.2026
c104656,Мария Крылов,+7 (975) 968-21-30,user104656@example.ru,Казань,04.12.2025
c105412,Тимур Мешков,+7 (914) 811-24-50,user105412@example.ru,Екатеринбург,26.10.2025
c102422,Елена Ермаков,+7 (926) 585-11-79,user102422@example.ru,Казань,28.07.2025
c103944,Ольга Ковальчук,+7 (985) 884-83-74,user103944@example.ru,Москва,02.02.2025
c100743,Полина Ермаков,+7 (915) 919-35-65,user100743@example.ru,Красноярск,21.09.2025
c104717,Максим Зуева,+7 (972) 247-52-80,user104717@example.ru,Новосибирск,10.09.2025
c102669,Полина Тихонова,+7 (966) 324-30-43,user102669@example.ru,Казань,29.07.2024
c100213,Наталья Шилова,+7 (997) 151-80-79,user100213@example.ru,Санкт-Петербург,01.03.2025
c105649,Павел Лаптев,+7 (963) 463-49-95,user105649@example.ru,Санкт-Петербург,09.04.2024
c104784,Глеб Тихонова,+7 (935) 954-41-87,user104784@example.ru,Красноярск,28.12.2025
c106407,Игорь Сорокина,+7 (927) 014-73-10,user106407@example.ru,Москва,11.07.2025
c102639,Егор Ковальчук,+7 (935) 562-29-01,user102639@example.ru,Екатеринбург,27.07.2025
c106498,Вера Ковальчук,+7 (980) 742-09-50,user106498@example.ru,Екатеринбург,29.02.2024
c101658,Тимур Зуева,+7 (932) 634-07-63,user101658@example.ru,Новосибирск,18.02.2026
c102537,Тимур Крылов,+7 (981) 409-18-16,user102537@example.ru,Казань,23.01.2024
c104448,Кирилл Белых,+7 (988) 083-14-12,user104448@example.ru,Красноярск,04.06.2026
c104808,Ольга Юдина,+7 (938) 379-86-66,user104808@example.ru,Новосибирск,26.03.2025
c106194,Максим Нестеров,+7 (997) 864-17-19,user106194@example.ru,Екатеринбург,10.02.2026
c105010,Денис Сорокина,+7 (977) 161-45-65,user105010@example.ru,Казань,18.03.2025
c104955,Ольга Белых,+7 (973) 353-67-46,user104955@example.ru,Екатеринбург,01.12.2024
c103418,Денис Юдина,+7 (939) 986-77-54,user103418@example.ru,Москва,17.01.2024
c103992,Ольга Савельев,+7 (920) 052-76-38,user103992@example.ru,Казань,18.08.2024
c104743,Юлия Крылов,+7 (940) 931-15-60,user104743@example.ru,Казань,28.07.2024
c102534,Кирилл Сорокина,+7 (997) 884-35-90,user102534@example.ru,Санкт-Петербург,28.03.2025
c104424,Лидия Юдина,+7 (975) 018-55-04,user104424@example.ru,Казань,18.11.2025
c100575,Глеб Гордеев,+7 (983) 846-07-80,user100575@example.ru,Красноярск,21.05.2026
c101537,Юлия Шилова,+7 (912) 522-15-61,user101537@example.ru,Москва,25.01.2024
c100130,Алиса Крылов,+7 (996) 221-37-70,user100130@example.ru,Казань,28.06.2024
c104867,Глеб Нестеров,+7 (992) 131-79-04,user104867@example.ru,Москва,09.08.2024
c106621,Егор Юдина,+7 (989) 245-81-94,user106621@example.ru,Красноярск,05.01.2026
c103044,Наталья Мешков,+7 (929) 081-15-76,user103044@example.ru,Москва,18.10.2024
c102386,Алиса Сорокина,+7 (989) 362-45-03,user102386@example.ru,Санкт-Петербург,12.04.2025
c105247,Игорь Панин,+7 (954) 419-38-01,user105247@example.ru,Новосибирск,23.01.2024
c106098,Максим Ковальчук,+7 (919) 894-84-83,user106098@example.ru,Санкт-Петербург,30.01.2025
c106766,Анна Осипова,+7 (988) 849-12-78,user106766@example.ru,Новосибирск,16.03.2025
c100220,Юлия Нестеров,+7 (913) 147-37-50,user100220@example.ru,Казань,03.09.2024
c100875,Анна Панин,+7 (952) 070-31-60,user100875@example.ru,Екатеринбург,26.03.2024
c100757,Роман Гордеев,+7 (928) 273-70-03,user100757@example.ru,Новосибирск,13.05.2024
c106156,Наталья Панин,+7 (985) 016-41-33,user106156@example.ru,Екатеринбург,23.05.2026
c106017,Егор Нестеров,+7 (958) 416-32-99,user106017@example.ru,Казань,30.01.2024
c102375,Павел Мешков,+7 (914) 755-77-69,user102375@example.ru,Казань,20.04.2025
c106832,Игорь Шилова,+7 (954) 736-30-57,user106832@example.ru,Москва,19.12.2024
c106411,Мария Мешков,+7 (952) 483-79-76,user106411@example.ru,Казань,18.04.2024
c106878,Мария Юдина,+7 (949) 980-97-98,user106878@example.ru,Москва,29.05.2026
c103384,Тимур Шилова,+7 (926) 342-82-69,user103384@example.ru,Москва,22.03.2025
c100786,Павел Тихонова,+7 (987) 591-52-86,user100786@example.ru,Москва,12.08.2025
c105937,Анна Лаптев,+7 (931) 595-96-66,user105937@example.ru,Екатеринбург,24.10.2024
c106028,Ольга Ковальчук,+7 (956) 563-71-42,user106028@example.ru,Москва,30.01.2024
c100641,Алиса Ермаков,+7 (935) 148-63-57,user100641@example.ru,Казань,11.04.2024
c106335,Наталья Крылов,+7 (982) 155-69-27,user106335@example.ru,Москва,27.09.2025
c100063,Роман Нестеров,+7 (924) 703-59-43,user100063@example.ru,Екатеринбург,13.09.2025
c106081,Мария Сорокина,+7 (958) 319-92-18,user106081@example.ru,Екатеринбург,27.08.2024
c105528,Полина Лаптев,+7 (959) 319-39-27,user105528@example.ru,Санкт-Петербург,31.05.2025
c106682,Полина Гордеев,+7 (934) 035-09-35,user106682@example.ru,Красноярск,09.11.2025
c104575,Юлия Мешков,+7 (959) 613-98-14,user104575@example.ru,Красноярск,14.03.2026
c103011,Анна Лаптев,+7 (988) 203-66-82,user103011@example.ru,Санкт-Петербург,05.12.2024
c103935,Павел Панин,+7 (999) 841-66-70,user103935@example.ru,Казань,20.01.2025
c104901,Мария Белых,+7 (950) 313-11-69,user104901@example.ru,Казань,16.05.2024
c100910,Елена Лаптев,+7 (966) 143-31-89,user100910@example.ru,Екатеринбург,08.12.2024
c100225,Анна Юдина,+7 (996) 977-37-24,user100225@example.ru,Красноярск,21.07.2024
c104073,Елена Лаптев,+7 (976) 354-78-67,user104073@example.ru,Санкт-Петербург,24.04.2026
c100067,Роман Тихонова,+7 (952) 621-06-22,user100067@example.ru,Москва,22.08.2025
c104328,Полина Юдина,+7 (920) 119-55-61,user104328@example.ru,Санкт-Петербург,20.08.2025
c102918,Юлия Нестеров,+7 (986) 845-10-24,user102918@example.ru,Казань,17.04.2026
c104241,Юлия Лаптев,+7 (930) 190-98-13,user104241@example.ru,Санкт-Петербург,03.07.2024
c106548,Вера Юдина,+7 (983) 606-32-62,user106548@example.ru,Екатеринбург,22.09.2024
c100069,Павел Юдина,+7 (957) 301-08-10,user100069@example.ru,Москва,26.07.2025
c106814,Ольга Белых,+7 (953) 216-12-37,user106814@example.ru,Санкт-Петербург,22.11.2025
c101607,Наталья Сорокина,+7 (982) 963-86-40,user101607@example.ru,Москва,25.09.2024
c106827,Юлия Лаптев,+7 (942) 845-99-68,user106827@example.ru,Екатеринбург,22.03.2025
c103613,Елена Нестеров,+7 (964) 756-56-64,user103613@example.ru,Екатеринбург,14.11.2024
c100669,Игорь Ковальчук,+7 (968) 418-39-78,user100669@example.ru,Новосибирск,24.05.2026
c102393,Юлия Гордеев,+7 (934) 426-84-34,user102393@example.ru,Москва,16.11.2024
c103585,Денис Мешков,+7 (988) 472-99-67,user103585@example.ru,Москва,15.03.2025
c103231,Анна Ермаков,+7 (987) 604-25-40,user103231@example.ru,Санкт-Петербург,04.03.2024
c102747,Максим Савельев,+7 (953) 822-28-22,user102747@example.ru,Санкт-Петербург,19.09.2025
c105896,Артур Панин,+7 (920) 632-08-73,user105896@example.ru,Санкт-Петербург,07.09.2024
c102211,Роман Осипова,+7 (931) 691-95-80,user102211@example.ru,Санкт-Петербург,03.09.2024
c101357,Максим Ковальчук,+7 (925) 730-27-35,user101357@example.ru,Москва,29.10.2025
c105001,Вера Савельев,+7 (965) 084-68-70,user105001@example.ru,Казань,20.02.2026
c101180,Кирилл Сорокина,+7 (923) 185-89-56,user101180@example.ru,Москва,10.04.2026
c101893,Мария Зуева,+7 (920) 985-93-73,user101893@example.ru,Казань,18.04.2026
c102040,Павел Нестеров,+7 (945) 103-28-05,user102040@example.ru,Новосибирск,15.09.2024
c101105,Глеб Савельев,+7 (981) 112-84-44,user101105@example.ru,Санкт-Петербург,31.01.2024
c102759,Артур Сорокина,+7 (981) 388-59-84,user102759@example.ru,Санкт-Петербург,17.05.2025
c103540,Лидия Сорокина,+7 (946) 814-42-36,user103540@example.ru,Санкт-Петербург,19.05.2024
c102074,Вера Лаптев,+7 (975) 393-49-76,user102074@example.ru,Санкт-Петербург,02.08.2025
c104783,Ольга Савельев,+7 (964) 683-68-08,user104783@example.ru,Казань,15.12.2025
c102159,Наталья Сорокина,+7 (957) 440-30-81,user102159@example.ru,Новосибирск,24.03.2024
c103494,Ольга Тихонова,+7 (925) 750-77-75,user103494@example.ru,Санкт-Петербург,11.06.2025
c100622,Анна Савельев,+7 (927) 697-72-75,user100622@example.ru,Санкт-Петербург,05.10.2024
c106337,Елена Ермаков,+7 (954) 829-87-12,user106337@example.ru,Екатеринбург,08.05.2024
c106281,Глеб Мешков,+7 (919) 099-69-74,user106281@example.ru,Екатеринбург,09.04.2026
c106558,Глеб Нестеров,+7 (996) 834-94-69,user106558@example.ru,Новосибирск,03.05.2026
c105718,Елена Лаптев,+7 (943) 381-26-25,user105718@example.ru,Красноярск,25.02.2024
c103601,Глеб Ковальчук,+7 (966) 282-19-86,user103601@example.ru,Новосибирск,12.01.2024
c106197,Тимур Мешков,+7 (924) 527-08-86,user106197@example.ru,Екатеринбург,25.09.2025
c101905,Алиса Лаптев,+7 (984) 521-10-05,user101905@example.ru,Казань,10.02.2026
c104657,Полина Мешков,+7 (999) 262-27-33,user104657@example.ru,Екатеринбург,21.06.2024
c101621,Мария Юдина,+7 (997) 859-70-31,user101621@example.ru,Москва,23.08.2025
c105156,Денис Сорокина,+7 (983) 584-03-64,user105156@example.ru,Санкт-Петербург,26.07.2025
c100918,Тимур Юдина,+7 (959) 151-40-63,user100918@example.ru,Красноярск,10.12.2024
c104062,Кирилл Нестеров,+7 (980) 848-82-73,user104062@example.ru,Москва,17.10.2024
c100516,Полина Ковальчук,+7 (985) 806-40-26,user100516@example.ru,Екатеринбург,09.11.2024
c106479,Алиса Нестеров,+7 (936) 960-15-72,user106479@example.ru,Красноярск,23.10.2025
c106823,Павел Панин,+7 (943) 481-76-76,user106823@example.ru,Казань,28.11.2024
c105165,Наталья Крылов,+7 (971) 165-51-96,user105165@example.ru,Москва,20.03.2024
c102178,Денис Ермаков,+7 (961) 875-67-46,user102178@example.ru,Красноярск,10.03.2026
c104370,Денис Нестеров,+7 (996) 009-31-26,user104370@example.ru,Москва,07.09.2025
c104592,Алиса Юдина,+7 (953) 816-09-09,user104592@example.ru,Москва,16.05.2026
c104355,Игорь Ермаков,+7 (923) 571-12-22,user104355@example.ru,Новосибирск,13.01.2024
c101309,Наталья Шилова,+7 (914) 962-88-44,user101309@example.ru,Санкт-Петербург,23.05.2026
c103214,Наталья Панин,+7 (947) 837-45-16,user103214@example.ru,Новосибирск,13.08.2024
c105145,Кирилл Юдина,+7 (946) 519-91-67,user105145@example.ru,Казань,27.02.2025
c102811,Вера Юдина,+7 (957) 417-11-71,user102811@example.ru,Казань,10.04.2025
c102366,Павел Лаптев,+7 (939) 482-20-69,user102366@example.ru,Новосибирск,18.03.2025
c100471,Роман Гордеев,+7 (970) 256-95-17,user100471@example.ru,Новосибирск,18.07.2025
c106533,Игорь Панин,+7 (982) 751-59-18,user106533@example.ru,Екатеринбург,11.10.2025
c106642,Мария Ковальчук,+7 (977) 467-24-13,user106642@example.ru,Красноярск,19.04.2025
c102631,Алиса Панин,+7 (926) 293-81-50,user102631@example.ru,Москва,15.10.2024
c101299,Наталья Сорокина,+7 (962) 399-97-22,user101299@example.ru,Санкт-Петербург,07.11.2024
c105031,Мария Юдина,+7 (959) 040-58-91,user105031@example.ru,Санкт-Петербург,11.05.2024
c101598,Денис Зуева,+7 (912) 212-25-86,user101598@example.ru,Санкт-Петербург,26.08.2024
c105176,Тимур Шилова,+7 (951) 920-84-45,user105176@example.ru,Казань,17.11.2024
c105841,Наталья Юдина,+7 (986) 845-50-56,user105841@example.ru,Красноярск,17.02.2024
c101690,Денис Юдина,+7 (914) 558-00-07,user101690@example.ru,Санкт-Петербург,27.03.2026
c103111,Роман Шилова,+7 (982) 695-98-67,user103111@example.ru,Москва,29.03.2026
c102789,Вера Шилова,+7 (995) 401-16-50,user102789@example.ru,Санкт-Петербург,21.10.2024
c105929,Алиса Ермаков,+7 (944) 071-39-31,user105929@example.ru,Казань,07.06.2025
c104160,Лидия Ермаков,+7 (970) 351-66-03,user104160@example.ru,Санкт-Петербург,30.06.2025
c103006,Вера Шилова,+7 (961) 545-43-71,user103006@example.ru,Казань,27.07.2025
c104797,Денис Зуева,+7 (932) 360-78-22,user104797@example.ru,Красноярск,23.01.2024
c106747,Игорь Мешков,+7 (969) 456-86-33,user106747@example.ru,Санкт-Петербург,12.10.2024
c104779,Артур Нестеров,+7 (952) 166-29-91,user104779@example.ru,Москва,12.02.2026
c101921,Глеб Ермаков,+7 (916) 542-26-34,user101921@example.ru,Новосибирск,22.01.2025
c101166,Егор Панин,+7 (955) 669-67-01,user101166@example.ru,Санкт-Петербург,24.01.2025
c106541,Артур Савельев,+7 (957) 175-24-23,user106541@example.ru,Новосибирск,12.02.2026
c103937,Наталья Нестеров,+7 (949) 909-16-66,user103937@example.ru,Санкт-Петербург,17.03.2024
c103470,Павел Гордеев,+7 (971) 619-91-93,user103470@example.ru,Красноярск,12.07.2025
c101977,Максим Гордеев,+7 (987) 583-29-43,user101977@example.ru,Москва,28.04.2025
c102955,Кирилл Гордеев,+7 (933) 697-70-44,user102955@example.ru,Санкт-Петербург,26.12.2025
c105033,Лидия Юдина,+7 (935) 425-74-22,user105033@example.ru,Казань,14.08.2024
c104702,Наталья Зуева,+7 (980) 503-00-81,user104702@example.ru,Екатеринбург,03.08.2024
c106399,Алиса Крылов,+7 (975) 627-47-64,user106399@example.ru,Красноярск,04.01.2026
c100870,Егор Нестеров,+7 (928) 711-95-76,user100870@example.ru,Москва,30.05.2026
c102087,Денис Тихонова,+7 (959) 332-56-70,user102087@example.ru,Красноярск,22.03.2026
c104121,Ольга Гордеев,+7 (986) 132-81-45,user104121@example.ru,Москва,12.10.2025
c104302,Наталья Шилова,+7 (977) 051-05-90,user104302@example.ru,Санкт-Петербург,06.06.2024
c103243,Юлия Панин,+7 (947) 487-24-08,user103243@example.ru,Красноярск,27.12.2024
c106804,Павел Гордеев,+7 (912) 807-50-52,user106804@example.ru,Новосибирск,15.03.2024
c105220,Елена Зуева,+7 (968) 061-99-18,user105220@example.ru,Санкт-Петербург,16.06.2024
c101502,Тимур Белых,+7 (963) 954-07-36,user101502@example.ru,Казань,09.03.2025
c103552,Игорь Шилова,+7 (917) 561-91-43,user103552@example.ru,Казань,10.04.2025
c105729,Артур Мешков,+7 (921) 585-14-27,user105729@example.ru,Москва,01.07.2025
c100858,Кирилл Тихонова,+7 (969) 457-82-05,user100858@example.ru,Красноярск,14.06.2024
c103997,Игорь Шилова,+7 (918) 016-22-63,user103997@example.ru,Екатеринбург,03.10.2025
c101501,Вера Белых,+7 (916) 545-04-80,user101501@example.ru,Москва,21.04.2025
c106864,Анна Савельев,+7 (919) 921-23-28,user106864@example.ru,Новосибирск,17.06.2025
c100834,Кирилл Панин,+7 (940) 507-45-61,user100834@example.ru,Красноярск,03.05.2025
c102052,Максим Гордеев,+7 (918) 188-96-58,user102052@example.ru,Санкт-Петербург,20.06.2025
c100475,Полина Крылов,+7 (955) 356-97-98,user100475@example.ru,Казань,07.12.2024
c104092,Артур Осипова,+7 (915) 517-88-26,user104092@example.ru,Санкт-Петербург,27.03.2025
c104471,Денис Тихонова,+7 (999) 942-99-78,user104471@example.ru,Красноярск,04.10.2025
c101295,Вера Юдина,+7 (991) 126-32-62,user101295@example.ru,Москва,09.07.2025
c103726,Анна Белых,+7 (982) 911-19-57,user103726@example.ru,Екатеринбург,24.03.2026
c102833,Тимур Сорокина,+7 (945) 850-88-66,user102833@example.ru,Москва,27.05.2026
c102792,Елена Белых,+7 (969) 534-88-55,user102792@example.ru,Москва,19.02.2025
c105249,Анна Шилова,+7 (916) 635-98-67,user105249@example.ru,Красноярск,07.06.2026
c103273,Кирилл Нестеров,+7 (941) 974-15-09,user103273@example.ru,Новосибирск,06.03.2026
c102012,Артур Крылов,+7 (968) 786-93-25,user102012@example.ru,Екатеринбург,23.01.2025
c103083,Роман Мешков,+7 (939) 313-71-13,user103083@example.ru,Москва,21.04.2026
c104692,Павел Гордеев,+7 (989) 830-19-44,user104692@example.ru,Санкт-Петербург,06.06.2025
c100971,Павел Зуева,+7 (931) 895-21-60,user100971@example.ru,Москва,11.08.2025
c102799,Лидия Зуева,+7 (977) 890-01-77,user102799@example.ru,Казань,06.10.2024
c105251,Роман Тихонова,+7 (929) 346-59-27,user105251@example.ru,Красноярск,15.08.2025
c100638,Кирилл Тихонова,+7 (929) 285-96-99,user100638@example.ru,Красноярск,31.07.2025
c102377,Игорь Шилова,+7 (982) 924-95-61,user102377@example.ru,Казань,08.03.2026
c106652,Глеб Ермаков,+7 (928) 894-90-36,user106652@example.ru,Казань,22.07.2025
c103710,Мария Белых,+7 (928) 446-56-18,user103710@example.ru,Казань,05.04.2025
c101738,Ольга Юдина,+7 (994) 285-38-93,user101738@example.ru,Казань,10.05.2025
c100510,Лидия Шилова,+7 (996) 565-86-29,user100510@example.ru,Новосибирск,12.01.2025
c102170,Анна Лаптев,+7 (936) 000-20-42,user102170@example.ru,Красноярск,15.06.2025
c101442,Тимур Гордеев,+7 (973) 128-11-03,user101442@example.ru,Екатеринбург,31.01.2026
c106674,Ольга Юдина,+7 (919) 353-42-92,user106674@example.ru,Екатеринбург,21.12.2024
c104842,Вера Ермаков,+7 (960) 895-22-02,user104842@example.ru,Санкт-Петербург,18.05.2026
c106403,Елена Сорокина,+7 (970) 475-80-65,user106403@example.ru,Екатеринбург,09.05.2026
c105807,Вера Мешков,+7 (969) 016-56-37,user105807@example.ru,Санкт-Петербург,06.05.2024
c104772,Артур Юдина,+7 (986) 974-83-94,user104772@example.ru,Красноярск,23.01.2024
c103612,Наталья Ермаков,+7 (957) 171-29-64,user103612@example.ru,Новосибирск,03.12.2024
c103201,Вера Савельев,+7 (991) 743-20-39,user103201@example.ru,Красноярск,13.05.2024
c100717,Вера Тихонова,+7 (945) 457-12-89,user100717@example.ru,Новосибирск,15.06.2026
c102085,Егор Ермаков,+7 (943) 313-27-06,user102085@example.ru,Казань,01.12.2024
c104838,Наталья Мешков,+7 (990) 201-61-78,user104838@example.ru,Новосибирск,06.02.2025
c101735,Ольга Шилова,+7 (958) 640-82-35,user101735@example.ru,Казань,01.10.2024
c102633,Артур Савельев,+7 (924) 876-23-11,user102633@example.ru,Санкт-Петербург,16.11.2024
c101866,Максим Лаптев,+7 (952) 242-27-80,user101866@example.ru,Москва,22.05.2024
c100530,Игорь Юдина,+7 (956) 473-32-95,user100530@example.ru,Москва,24.04.2026
c100091,Анна Гордеев,+7 (923) 716-38-43,user100091@example.ru,Красноярск,02.03.2025
c102557,Денис Ермаков,+7 (953) 691-39-35,user102557@example.ru,Новосибирск,23.05.2026
c103665,Кирилл Ермаков,+7 (950) 445-61-68,user103665@example.ru,Красноярск,05.05.2026
c100955,Максим Савельев,+7 (943) 766-30-72,user100955@example.ru,Екатеринбург,16.03.2025
c105540,Мария Сорокина,+7 (960) 244-15-32,user105540@example.ru,Москва,24.04.2025
c100188,Кирилл Ермаков,+7 (935) 581-71-74,user100188@example.ru,Москва,31.08.2024
c103080,Глеб Тихонова,+7 (984) 900-80-81,user103080@example.ru,Красноярск,30.03.2025
c101283,Ольга Мешков,+7 (978) 462-37-87,user101283@example.ru,Екатеринбург,26.12.2025
c103278,Мария Крылов,+7 (979) 170-92-61,user103278@example.ru,Екатеринбург,20.07.2024
c105154,Павел Мешков,+7 (918) 499-79-01,user105154@example.ru,Москва,30.03.2024
c106845,Артур Зуева,+7 (938) 743-67-87,user106845@example.ru,Красноярск,11.04.2026
c102823,Артур Ковальчук,+7 (992) 627-85-32,user102823@example.ru,Москва,20.08.2024
c103490,Роман Савельев,+7 (972) 116-88-19,user103490@example.ru,Казань,15.05.2026
c102864,Игорь Ермаков,+7 (980) 311-10-40,user102864@example.ru,Новосибирск,29.01.2025
c103477,Лидия Зуева,+7 (969) 596-19-30,user103477@example.ru,Екатеринбург,05.02.2024
c102305,Тимур Шилова,+7 (957) 547-48-76,user102305@example.ru,Казань,31.10.2024
c105067,Роман Ковальчук,+7 (926) 441-15-34,user105067@example.ru,Москва,23.01.2025
c100313,Елена Лаптев,+7 (958) 251-46-21,user100313@example.ru,Санкт-Петербург,27.11.2024
c101748,Ольга Сорокина,+7 (931) 893-17-33,user101748@example.ru,Санкт-Петербург,27.05.2026
c103609,Роман Крылов,+7 (946) 597-62-12,user103609@example.ru,Санкт-Петербург,05.02.2025
c100194,Тимур Панин,+7 (956) 732-02-67,user100194@example.ru,Москва,02.02.2026
c102671,Вера Юдина,+7 (935) 367-25-73,user102671@example.ru,Москва,21.06.2025
c106704,Елена Осипова,+7 (978) 592-11-43,user106704@example.ru,Новосибирск,08.01.2026
c104316,Лидия Нестеров,+7 (914) 754-97-89,user104316@example.ru,Екатеринбург,06.06.2024
c101772,Анна Ермаков,+7 (974) 152-76-32,user101772@example.ru,Новосибирск,03.05.2026
c105328,Анна Шилова,+7 (991) 684-40-15,user105328@example.ru,Казань,07.11.2024
c101467,Вера Белых,+7 (936) 992-84-27,user101467@example.ru,Казань,01.04.2026
c102205,Егор Ермаков,+7 (953) 817-98-14,user102205@example.ru,Казань,15.05.2024
c103822,Анна Гордеев,+7 (942) 554-48-37,user103822@example.ru,Санкт-Петербург,02.02.2024
c103484,Артур Осипова,+7 (925) 529-41-63,user103484@example.ru,Екатеринбург,03.09.2024
c102189,Алиса Мешков,+7 (977) 793-21-07,user102189@example.ru,Новосибирск,18.11.2025
c104246,Егор Ковальчук,+7 (982) 359-71-77,user104246@example.ru,Казань,22.06.2026
c102999,Денис Ермаков,+7 (915) 125-12-18,user102999@example.ru,Казань,24.05.2026
c103804,Павел Ковальчук,+7 (957) 970-57-82,user103804@example.ru,Красноярск,09.03.2024
c102550,Ольга Тихонова,+7 (981) 888-75-76,user102550@example.ru,Москва,31.03.2025
c106855,Вера Белых,+7 (965) 009-40-89,user106855@example.ru,Казань,26.01.2026
c102961,Павел Зуева,+7 (940) 336-95-57,user102961@example.ru,Санкт-Петербург,22.03.2025
c106771,Елена Зуева,+7 (934) 597-73-49,user106771@example.ru,Москва,10.01.2026
c100345,Полина Ковальчук,+7 (911) 058-37-10,user100345@example.ru,Екатеринбург,03.01.2025
c100985,Артур Ермаков,+7 (945) 516-06-14,user100985@example.ru,Москва,24.09.2024
c104953,Кирилл Зуева,+7 (921) 392-74-81,user104953@example.ru,Новосибирск,10.09.2024
c102268,Лидия Мешков,+7 (956) 773-02-05,user102268@example.ru,Новосибирск,07.05.2026
c105413,Ольга Лаптев,+7 (962) 126-50-72,user105413@example.ru,Москва,07.01.2025
c105401,Ольга Зуева,+7 (934) 317-11-11,user105401@example.ru,Санкт-Петербург,05.05.2026
c105802,Полина Тихонова,+7 (950) 708-17-62,user105802@example.ru,Новосибирск,16.02.2025
c100149,Максим Савельев,+7 (959) 819-39-80,user100149@example.ru,Екатеринбург,15.11.2024
c100657,Егор Белых,+7 (916) 429-71-15,user100657@example.ru,Новосибирск,04.11.2024
c104648,Павел Панин,+7 (912) 518-85-00,user104648@example.ru,Москва,23.08.2025
c106850,Алиса Сорокина,+7 (963) 239-32-63,user106850@example.ru,Санкт-Петербург,28.12.2024
c101121,Полина Ермаков,+7 (985) 263-99-42,user101121@example.ru,Казань,16.10.2025
c106178,Юлия Ковальчук,+7 (980) 048-60-33,user106178@example.ru,Казань,20.05.2025
c104332,Елена Панин,+7 (984) 535-23-88,user104332@example.ru,Красноярск,28.05.2025
c106717,Ольга Юдина,+7 (956) 351-21-36,user106717@example.ru,Красноярск,17.03.2026
c102975,Роман Панин,+7 (975) 164-29-24,user102975@example.ru,Красноярск,16.07.2025
c101998,Кирилл Шилова,+7 (986) 038-95-55,user101998@example.ru,Санкт-Петербург,03.08.2024
c103025,Денис Лаптев,+7 (947) 637-65-47,user103025@example.ru,Новосибирск,27.03.2024
c101783,Анна Осипова,+7 (995) 461-20-91,user101783@example.ru,Казань,01.05.2025
c106613,Полина Гордеев,+7 (947) 893-27-28,user106613@example.ru,Екатеринбург,03.08.2025
c103236,Егор Крылов,+7 (926) 426-44-07,user103236@example.ru,Казань,24.04.2026
c100309,Мария Шилова,+7 (989) 057-50-06,user100309@example.ru,Москва,03.01.2026
c106709,Наталья Ермаков,+7 (981) 641-59-72,user106709@example.ru,Санкт-Петербург,31.08.2025
c100014,Лидия Гордеев,+7 (971) 466-68-57,user100014@example.ru,Екатеринбург,04.05.2026
c101353,Максим Лаптев,+7 (923) 921-52-05,user101353@example.ru,Новосибирск,17.04.2024
c105161,Полина Нестеров,+7 (987) 818-19-69,user105161@example.ru,Красноярск,18.05.2026
c104562,Мария Сорокина,+7 (936) 454-31-57,user104562@example.ru,Казань,04.06.2024
c101439,Артур Мешков,+7 (978) 282-18-56,user101439@example.ru,Москва,18.10.2024
c101523,Роман Лаптев,+7 (989) 949-34-52,user101523@example.ru,Екатеринбург,14.01.2025
c100147,Денис Белых,+7 (948) 164-84-94,user100147@example.ru,Санкт-Петербург,16.06.2024
c106692,Анна Нестеров,+7 (973) 982-43-29,user106692@example.ru,Москва,05.07.2025
c102327,Наталья Крылов,+7 (956) 331-88-07,user102327@example.ru,Екатеринбург,01.08.2024
c103256,Наталья Юдина,+7 (972) 558-62-95,user103256@example.ru,Санкт-Петербург,09.04.2025
c103706,Глеб Ковальчук,+7 (984) 984-37-56,user103706@example.ru,Екатеринбург,16.02.2024
c100207,Елена Савельев,+7 (932) 418-35-05,user100207@example.ru,Екатеринбург,06.04.2025
c106549,Тимур Шилова,+7 (967) 608-66-07,user106549@example.ru,Екатеринбург,18.10.2024
c100525,Игорь Лаптев,+7 (993) 188-22-40,user100525@example.ru,Екатеринбург,04.01.2026
c106770,Лидия Мешков,+7 (994) 860-14-17,user106770@example.ru,Санкт-Петербург,01.04.2026
c101664,Наталья Юдина,+7 (978) 623-83-18,user101664@example.ru,Красноярск,25.01.2025
c104572,Елена Гордеев,+7 (919) 043-74-10,user104572@example.ru,Екатеринбург,10.02.2024
c102449,Игорь Белых,+7 (961) 222-68-19,user102449@example.ru,Новосибирск,26.12.2024
c106164,Юлия Белых,+7 (977) 337-96-38,user106164@example.ru,Новосибирск,27.01.2025
c102269,Роман Тихонова,+7 (999) 974-89-87,user102269@example.ru,Красноярск,15.06.2025
c101234,Вера Ковальчук,+7 (947) 061-68-14,user101234@example.ru,Красноярск,08.01.2025
c104007,Кирилл Сорокина,+7 (944) 632-06-64,user104007@example.ru,Красноярск,17.03.2026
c100111,Елена Ковальчук,+7 (961) 683-53-06,user100111@example.ru,Москва,12.11.2025
c106702,Артур Тихонова,+7 (960) 813-86-19,user106702@example.ru,Екатеринбург,12.11.2025
c105772,Глеб Савельев,+7 (924) 095-59-58,user105772@example.ru,Санкт-Петербург,19.02.2025
c103607,Лидия Шилова,+7 (940) 716-34-16,user103607@example.ru,Санкт-Петербург,12.04.2024
c103319,Артур Нестеров,+7 (991) 851-46-33,user103319@example.ru,Москва,10.07.2025
c100160,Наталья Зуева,+7 (932) 772-52-08,user100160@example.ru,Новосибирск,31.05.2025
c106090,Юлия Гордеев,+7 (910) 979-78-85,user106090@example.ru,Новосибирск,18.04.2025
c104509,Юлия Гордеев,+7 (911) 188-23-52,user104509@example.ru,Екатеринбург,19.11.2024
c103286,Максим Мешков,+7 (981) 098-32-00,user103286@example.ru,Красноярск,20.06.2026
c102978,Полина Зуева,+7 (948) 174-50-10,user102978@example.ru,Санкт-Петербург,16.08.2025
c102842,Тимур Мешков,+7 (991) 561-94-64,user102842@example.ru,Казань,19.05.2025
c100448,Артур Тихонова,+7 (951) 389-02-19,user100448@example.ru,Красноярск,17.05.2024
c106539,Роман Панин,+7 (926) 594-47-08,user106539@example.ru,Красноярск,25.04.2025
c106596,Максим Осипова,+7 (949) 181-69-64,user106596@example.ru,Красноярск,06.04.2026
c102755,Павел Тихонова,+7 (946) 871-86-83,user102755@example.ru,Екатеринбург,05.06.2026
c105666,Игорь Сорокина,+7 (957) 933-42-08,user105666@example.ru,Москва,27.12.2025
c104538,Денис Юдина,+7 (922) 868-36-03,user104538@example.ru,Новосибирск,01.06.2026
c106573,Глеб Савельев,+7 (938) 685-81-89,user106573@example.ru,Красноярск,17.04.2026
c104828,Полина Нестеров,+7 (915) 796-99-15,user104828@example.ru,Красноярск,02.09.2025
c102701,Наталья Крылов,+7 (985) 469-71-85,user102701@example.ru,Санкт-Петербург,18.06.2024
c100289,Глеб Тихонова,+7 (911) 203-81-60,user100289@example.ru,Красноярск,16.07.2025
c104753,Кирилл Савельев,+7 (999) 732-54-03,user104753@example.ru,Красноярск,21.03.2025
c102938,Вера Савельев,+7 (931) 207-70-87,user102938@example.ru,Красноярск,13.10.2024
c105507,Мария Панин,+7 (960) 427-05-28,user105507@example.ru,Красноярск,15.05.2025
c102232,Наталья Шилова,+7 (953) 034-59-08,user102232@example.ru,Санкт-Петербург,26.05.2025
c101978,Мария Юдина,+7 (930) 690-23-59,user101978@example.ru,Красноярск,25.11.2025
c104364,Тимур Панин,+7 (930) 657-68-16,user104364@example.ru,Новосибирск,20.06.2024
c104014,Анна Лаптев,+7 (982) 359-50-08,user104014@example.ru,Новосибирск,06.04.2024
c102973,Мария Савельев,+7 (942) 067-53-70,user102973@example.ru,Новосибирск,22.03.2024
c101833,Максим Савельев,+7 (910) 597-77-63,user101833@example.ru,Новосибирск,29.08.2024
c104394,Юлия Мешков,+7 (929) 454-74-81,user104394@example.ru,Красноярск,07.04.2025
c101545,Юлия Савельев,+7 (933) 004-82-78,user101545@example.ru,Казань,23.01.2025
c101085,Артур Шилова,+7 (916) 532-66-65,user101085@example.ru,Казань,07.03.2024
c106477,Максим Лаптев,+7 (966) 162-92-94,user106477@example.ru,Екатеринбург,20.12.2024
c100848,Юлия Нестеров,+7 (955) 297-99-55,user100848@example.ru,Санкт-Петербург,16.01.2026
c104993,Егор Нестеров,+7 (925) 873-93-29,user104993@example.ru,Новосибирск,04.08.2025
c106088,Ольга Лаптев,+7 (999) 899-46-09,user106088@example.ru,Санкт-Петербург,19.05.2026
c106882,Кирилл Белых,+7 (937) 452-16-06,user106882@example.ru,Новосибирск,29.06.2026
c104162,Наталья Белых,+7 (962) 227-98-19,user104162@example.ru,Казань,05.11.2024
c100404,Алиса Нестеров,+7 (944) 907-01-26,user100404@example.ru,Новосибирск,28.04.2026
c106828,Мария Нестеров,+7 (978) 765-27-51,user106828@example.ru,Екатеринбург,17.05.2026
c106329,Елена Белых,+7 (990) 958-28-42,user106329@example.ru,Казань,08.01.2026
c104146,Роман Зуева,+7 (916) 545-49-15,user104146@example.ru,Красноярск,28.12.2024
c105732,Мария Ермаков,+7 (937) 370-55-44,user105732@example.ru,Санкт-Петербург,21.03.2025
c103571,Игорь Ковальчук,+7 (974) 421-77-73,user103571@example.ru,Новосибирск,09.01.2025
c101975,Мария Савельев,+7 (991) 427-48-81,user101975@example.ru,Санкт-Петербург,16.03.2026
c101952,Кирилл Тихонова,+7 (945) 165-59-14,user101952@example.ru,Санкт-Петербург,06.05.2025
c103887,Вера Осипова,+7 (982) 683-25-88,user103887@example.ru,Красноярск,15.10.2024
c103881,Елена Тихонова,+7 (985) 711-95-12,user103881@example.ru,Казань,30.09.2025
c105494,Юлия Юдина,+7 (960) 641-29-79,user105494@example.ru,Красноярск,17.05.2026
c104832,Павел Юдина,+7 (996) 939-15-77,user104832@example.ru,Санкт-Петербург,27.08.2025
c103314,Юлия Ермаков,+7 (967) 728-78-23,user103314@example.ru,Красноярск,03.06.2026
c102659,Вера Нестеров,+7 (957) 232-33-67,user102659@example.ru,Екатеринбург,13.11.2025
c102698,Максим Осипова,+7 (937) 893-91-28,user102698@example.ru,Москва,19.09.2024
c105872,Денис Ермаков,+7 (930) 957-88-71,user105872@example.ru,Новосибирск,22.12.2025
c104155,Юлия Зуева,+7 (986) 156-71-49,user104155@example.ru,Казань,12.05.2025
c104900,Тимур Гордеев,+7 (970) 136-12-86,user104900@example.ru,Казань,17.05.2026
c102500,Анна Крылов,+7 (944) 542-43-84,user102500@example.ru,Москва,19.04.2025
c105243,Павел Осипова,+7 (935) 775-13-09,user105243@example.ru,Казань,16.11.2025
c101349,Мария Савельев,+7 (981) 077-47-64,user101349@example.ru,Санкт-Петербург,09.02.2024
c100223,Павел Белых,+7 (945) 711-91-71,user100223@example.ru,Москва,04.07.2025
c103566,Полина Лаптев,+7 (914) 317-48-71,user103566@example.ru,Екатеринбург,27.02.2025
c100760,Мария Шилова,+7 (995) 808-60-89,user100760@example.ru,Екатеринбург,10.03.2024
c103847,Алиса Савельев,+7 (988) 565-07-84,user103847@example.ru,Санкт-Петербург,03.04.2025
c104226,Мария Ермаков,+7 (940) 382-60-85,user104226@example.ru,Екатеринбург,06.05.2025
c102751,Денис Нестеров,+7 (969) 719-47-48,user102751@example.ru,Москва,14.03.2025
c103863,Юлия Ковальчук,+7 (912) 779-02-22,user103863@example.ru,Новосибирск,15.06.2026
c105233,Кирилл Тихонова,+7 (971) 448-98-68,user105233@example.ru,Санкт-Петербург,31.08.2025
c102328,Елена Осипова,+7 (911) 955-04-72,user102328@example.ru,Москва,23.11.2025
c101675,Наталья Сорокина,+7 (986) 569-19-82,user101675@example.ru,Красноярск,08.07.2025
c100487,Наталья Зуева,+7 (912) 802-28-24,user100487@example.ru,Казань,07.06.2025
c105061,Павел Белых,+7 (950) 431-33-93,user105061@example.ru,Москва,07.01.2026
c101779,Глеб Нестеров,+7 (978) 026-36-03,user101779@example.ru,Новосибирск,31.10.2025
c101812,Алиса Савельев,+7 (949) 866-07-74,user101812@example.ru,Новосибирск,19.03.2026
c101575,Елена Ковальчук,+7 (942) 065-09-81,user101575@example.ru,Казань,25.08.2025
c100272,Юлия Лаптев,+7 (951) 388-22-94,user100272@example.ru,Казань,17.01.2024
c105131,Тимур Гордеев,+7 (953) 819-56-49,user105131@example.ru,Москва,13.05.2026
c104819,Роман Зуева,+7 (995) 368-72-94,user104819@example.ru,Екатеринбург,03.08.2025
c105179,Юлия Ермаков,+7 (952) 232-15-68,user105179@example.ru,Казань,03.06.2024
c102184,Артур Нестеров,+7 (973) 963-54-29,user102184@example.ru,Новосибирск,26.11.2024
c104187,Анна Юдина,+7 (924) 477-66-79,user104187@example.ru,Москва,07.03.2026
c106564,Егор Шилова,+7 (913) 156-11-29,user106564@example.ru,Санкт-Петербург,03.04.2025
c102674,Мария Савельев,+7 (918) 683-15-70,user102674@example.ru,Екатеринбург,01.04.2025
c102206,Анна Панин,+7 (971) 121-43-18,user102206@example.ru,Москва,15.12.2024
c101876,Наталья Савельев,+7 (930) 120-72-82,user101876@example.ru,Красноярск,15.02.2026
c103637,Елена Ковальчук,+7 (970) 234-96-20,user103637@example.ru,Красноярск,30.08.2025
c105297,Глеб Нестеров,+7 (999) 922-55-03,user105297@example.ru,Санкт-Петербург,13.05.2026
c104805,Мария Нестеров,+7 (979) 945-32-19,user104805@example.ru,Красноярск,28.01.2025
c101217,Вера Мешков,+7 (999) 976-21-95,user101217@example.ru,Москва,04.05.2025
c105746,Артур Зуева,+7 (933) 394-64-51,user105746@example.ru,Казань,12.07.2024
c102696,Вера Ермаков,+7 (929) 970-54-29,user102696@example.ru,Новосибирск,23.01.2024
c106363,Мария Савельев,+7 (913) 151-20-14,user106363@example.ru,Санкт-Петербург,01.07.2025
c102991,Игорь Белых,+7 (933) 909-09-60,user102991@example.ru,Санкт-Петербург,10.05.2026
c102954,Денис Нестеров,+7 (966) 709-61-13,user102954@example.ru,Красноярск,21.05.2026
c102629,Елена Крылов,+7 (981) 194-68-72,user102629@example.ru,Екатеринбург,28.07.2025
c100914,Роман Савельев,+7 (918) 209-32-45,user100914@example.ru,Новосибирск,31.03.2026
c104513,Артур Крылов,+7 (934) 810-64-62,user104513@example.ru,Санкт-Петербург,22.02.2026
c101072,Юлия Савельев,+7 (932) 030-91-91,user101072@example.ru,Новосибирск,06.08.2024
c105409,Артур Ковальчук,+7 (921) 008-12-49,user105409@example.ru,Санкт-Петербург,22.11.2024
c101097,Вера Нестеров,+7 (911) 296-48-35,user101097@example.ru,Новосибирск,19.09.2025
c100708,Алиса Мешков,+7 (962) 825-01-44,user100708@example.ru,Новосибирск,20.01.2024
c104941,Вера Гордеев,+7 (923) 434-19-03,user104941@example.ru,Санкт-Петербург,29.09.2025
c104503,Игорь Савельев,+7 (994) 384-48-15,user104503@example.ru,Казань,17.04.2024
c104095,Лидия Юдина,+7 (994) 515-94-65,user104095@example.ru,Москва,17.04.2025
c103568,Артур Зуева,+7 (970) 610-77-46,user103568@example.ru,Москва,28.07.2024
c102197,Роман Ковальчук,+7 (912) 197-21-45,user102197@example.ru,Санкт-Петербург,21.04.2024
c106829,Юлия Белых,+7 (955) 865-49-85,user106829@example.ru,Красноярск,27.03.2025
c105463,Денис Гордеев,+7 (991) 061-63-69,user105463@example.ru,Красноярск,07.06.2026
c105640,Полина Сорокина,+7 (972) 451-57-13,user105640@example.ru,Екатеринбург,20.06.2025
c104547,Денис Юдина,+7 (937) 898-46-41,user104547@example.ru,Казань,02.04.2026
c106016,Лидия Тихонова,+7 (938) 587-39-35,user106016@example.ru,Казань,24.06.2024
c105443,Анна Сорокина,+7 (917) 519-12-23,user105443@example.ru,Москва,16.04.2026
c104966,Тимур Крылов,+7 (969) 893-01-81,user104966@example.ru,Москва,23.06.2024
c102506,Мария Крылов,+7 (987) 512-10-88,user102506@example.ru,Красноярск,10.08.2024
c102752,Наталья Юдина,+7 (941) 871-48-53,user102752@example.ru,Казань,11.05.2024
c102247,Наталья Ермаков,+7 (969) 723-87-91,user102247@example.ru,Екатеринбург,21.08.2024
c102726,Вера Белых,+7 (983) 951-80-70,user102726@example.ru,Новосибирск,09.04.2024
c106743,Роман Гордеев,+7 (914) 845-93-57,user106743@example.ru,Новосибирск,22.09.2024
c105646,Роман Гордеев,+7 (990) 008-47-31,user105646@example.ru,Новосибирск,06.03.2024
c106507,Наталья Осипова,+7 (912) 236-59-90,user106507@example.ru,Екатеринбург,17.06.2024
c105372,Роман Савельев,+7 (992) 385-33-72,user105372@example.ru,Казань,15.09.2025
c102489,Денис Лаптев,+7 (910) 126-32-73,user102489@example.ru,Новосибирск,10.01.2025
c104245,Мария Сорокина,+7 (983) 330-35-24,user104245@example.ru,Новосибирск,15.04.2026
c103958,Лидия Осипова,+7 (964) 177-50-31,user103958@example.ru,Казань,17.08.2025
c103216,Павел Крылов,+7 (976) 317-53-92,user103216@example.ru,Новосибирск,04.04.2026
c101663,Ольга Нестеров,+7 (911) 567-55-05,user101663@example.ru,Красноярск,04.05.2024
c104533,Алиса Белых,+7 (989) 157-57-10,user104533@example.ru,Москва,30.11.2025
c104924,Алиса Шилова,+7 (979) 675-77-87,user104924@example.ru,Екатеринбург,14.10.2025
c105693,Игорь Крылов,+7 (917) 046-72-51,user105693@example.ru,Красноярск,26.01.2024
c105376,Ольга Сорокина,+7 (961) 509-52-33,user105376@example.ru,Красноярск,17.03.2026
c105498,Игорь Шилова,+7 (923) 885-33-16,user105498@example.ru,Красноярск,03.06.2024
c100395,Роман Белых,+7 (983) 020-04-79,user100395@example.ru,Новосибирск,02.03.2026
c104581,Глеб Юдина,+7 (952) 005-27-44,user104581@example.ru,Санкт-Петербург,13.04.2026
c100686,Глеб Осипова,+7 (945) 388-31-18,user100686@example.ru,Санкт-Петербург,17.08.2025
c105573,Максим Мешков,+7 (989) 330-56-45,user105573@example.ru,Красноярск,05.09.2025
c102929,Наталья Мешков,+7 (979) 092-18-43,user102929@example.ru,Москва,19.06.2025
c106852,Анна Нестеров,+7 (962) 415-85-70,user106852@example.ru,Москва,05.07.2025
c103573,Лидия Юдина,+7 (920) 070-77-76,user103573@example.ru,Санкт-Петербург,10.01.2025
c103003,Елена Лаптев,+7 (959) 631-73-54,user103003@example.ru,Красноярск,11.05.2025
c106021,Максим Зуева,+7 (965) 770-36-81,user106021@example.ru,Казань,25.01.2026
c104862,Егор Ермаков,+7 (996) 839-80-54,user104862@example.ru,Москва,12.06.2025
c106880,Денис Зуева,+7 (947) 106-30-49,user106880@example.ru,Казань,02.06.2024
c100557,Елена Белых,+7 (939) 735-15-40,user100557@example.ru,Екатеринбург,25.06.2025
c101429,Павел Зуева,+7 (962) 959-90-01,user101429@example.ru,Санкт-Петербург,10.09.2025
c105477,Вера Ермаков,+7 (943) 944-92-39,user105477@example.ru,Казань,27.09.2025
c102902,Алиса Зуева,+7 (949) 842-68-78,user102902@example.ru,Новосибирск,10.11.2024
c101525,Наталья Осипова,+7 (982) 352-52-44,user101525@example.ru,Санкт-Петербург,16.10.2024
c100938,Полина Ермаков,+7 (916) 524-48-60,user100938@example.ru,Казань,28.01.2026
c103134,Денис Нестеров,+7 (993) 076-03-31,user103134@example.ru,Санкт-Петербург,12.05.2024
c104292,Глеб Шилова,+7 (984) 491-56-74,user104292@example.ru,Санкт-Петербург,15.05.2026
c103795,Денис Нестеров,+7 (961) 748-22-60,user103795@example.ru,Новосибирск,04.12.2024
c106284,Денис Ермаков,+7 (968) 392-44-92,user106284@example.ru,Москва,02.03.2024
c100193,Мария Гордеев,+7 (958) 567-74-50,user100193@example.ru,Санкт-Петербург,30.04.2024
c104781,Полина Ермаков,+7 (911) 241-02-17,user104781@example.ru,Казань,04.05.2026
c102692,Егор Гордеев,+7 (977) 246-62-83,user102692@example.ru,Казань,21.04.2026
c101639,Игорь Зуева,+7 (963) 043-23-45,user101639@example.ru,Санкт-Петербург,23.12.2025
c102140,Мария Панин,+7 (965) 591-19-62,user102140@example.ru,Новосибирск,06.10.2024
c100835,Тимур Нестеров,+7 (935) 061-56-23,user100835@example.ru,Москва,08.08.2025
c100790,Игорь Нестеров,+7 (995) 099-67-94,user100790@example.ru,Казань,26.04.2024
c102450,Егор Зуева,+7 (977) 609-74-02,user102450@example.ru,Екатеринбург,05.02.2024
c104979,Денис Юдина,+7 (947) 479-97-36,user104979@example.ru,Новосибирск,23.06.2025
c103321,Роман Ермаков,+7 (920) 965-32-97,user103321@example.ru,Екатеринбург,03.01.2026
c102607,Денис Мешков,+7 (967) 511-43-94,user102607@example.ru,Екатеринбург,25.01.2024
c106216,Алиса Белых,+7 (955) 368-31-08,user106216@example.ru,Новосибирск,26.12.2024
c106459,Юлия Шилова,+7 (938) 383-66-94,user106459@example.ru,Москва,13.05.2025
c103222,Павел Гордеев,+7 (968) 614-42-64,user103222@example.ru,Новосибирск,09.07.2025
c100702,Елена Панин,+7 (950) 706-28-69,user100702@example.ru,Москва,16.03.2024
c104999,Ольга Осипова,+7 (920) 155-59-80,user104999@example.ru,Москва,05.04.2024
c105700,Анна Гордеев,+7 (910) 371-07-55,user105700@example.ru,Екатеринбург,06.12.2024
c105004,Ольга Зуева,+7 (931) 389-02-50,user105004@example.ru,Казань,02.11.2025
c105124,Елена Лаптев,+7 (927) 509-43-03,user105124@example.ru,Екатеринбург,01.01.2026
c106446,Алиса Ермаков,+7 (977) 725-01-19,user106446@example.ru,Казань,31.07.2025
c100997,Тимур Осипова,+7 (974) 709-83-31,user100997@example.ru,Москва,29.06.2026
c102358,Егор Юдина,+7 (979) 708-03-98,user102358@example.ru,Красноярск,29.10.2024
c101308,Юлия Гордеев,+7 (957) 895-62-51,user101308@example.ru,Казань,21.05.2026
c104102,Денис Белых,+7 (953) 360-58-39,user104102@example.ru,Казань,14.09.2024
c106776,Глеб Тихонова,+7 (923) 848-92-13,user106776@example.ru,Новосибирск,18.07.2025
c101369,Анна Савельев,+7 (911) 663-70-20,user101369@example.ru,Новосибирск,06.10.2024
c100629,Вера Панин,+7 (969) 870-80-66,user100629@example.ru,Казань,12.11.2024
c101820,Артур Белых,+7 (960) 152-66-15,user101820@example.ru,Новосибирск,30.04.2024
c101250,Мария Панин,+7 (962) 409-92-59,user101250@example.ru,Санкт-Петербург,15.12.2025
c102160,Полина Ермаков,+7 (925) 145-26-71,user102160@example.ru,Красноярск,23.12.2025
c104812,Тимур Ковальчук,+7 (961) 977-64-77,user104812@example.ru,Красноярск,27.08.2024
c101053,Павел Крылов,+7 (936) 100-04-93,user101053@example.ru,Москва,27.10.2025
c102569,Игорь Нестеров,+7 (930) 593-65-51,user102569@example.ru,Екатеринбург,04.04.2026
c100668,Павел Юдина,+7 (932) 096-16-56,user100668@example.ru,Новосибирск,15.08.2024
c102542,Вера Осипова,+7 (971) 752-84-10,user102542@example.ru,Казань,05.06.2025
c106093,Глеб Юдина,+7 (962) 117-66-52,user106093@example.ru,Красноярск,11.11.2025
c101103,Алиса Белых,+7 (999) 496-15-47,user101103@example.ru,Екатеринбург,08.07.2025
c100206,Глеб Мешков,+7 (997) 608-88-79,user100206@example.ru,Казань,02.02.2025
c100451,Кирилл Крылов,+7 (928) 388-33-61,user100451@example.ru,Екатеринбург,02.01.2025
c101500,Анна Нестеров,+7 (979) 773-64-33,user101500@example.ru,Новосибирск,14.12.2024
c104807,Анна Юдина,+7 (913) 196-51-12,user104807@example.ru,Екатеринбург,05.08.2025
c104782,Игорь Шилова,+7 (982) 405-36-94,user104782@example.ru,Москва,13.01.2025
c101944,Кирилл Крылов,+7 (946) 587-03-08,user101944@example.ru,Казань,23.07.2024
c102220,Артур Осипова,+7 (932) 548-61-15,user102220@example.ru,Москва,04.07.2024
c100673,Полина Ермаков,+7 (996) 877-88-17,user100673@example.ru,Новосибирск,09.06.2026
c106091,Мария Юдина,+7 (977) 984-71-89,user106091@example.ru,Новосибирск,10.09.2024
c100134,Роман Нестеров,+7 (928) 294-94-46,user100134@example.ru,Новосибирск,07.02.2024
c106400,Лидия Осипова,+7 (961) 564-66-27,user106400@example.ru,Москва,15.05.2024
c104652,Наталья Осипова,+7 (926) 090-09-80,user104652@example.ru,Екатеринбург,02.06.2024
c102637,Кирилл Нестеров,+7 (940) 848-85-67,user102637@example.ru,Санкт-Петербург,14.09.2024
c106746,Павел Шилова,+7 (951) 791-88-97,user106746@example.ru,Красноярск,19.05.2026
c104275,Кирилл Савельев,+7 (929) 038-31-87,user104275@example.ru,Москва,29.10.2024
c105470,Игорь Зуева,+7 (954) 307-95-27,user105470@example.ru,Москва,27.05.2025
c105421,Анна Сорокина,+7 (993) 933-07-75,user105421@example.ru,Екатеринбург,28.09.2025
c102761,Денис Тихонова,+7 (999) 409-02-39,user102761@example.ru,Москва,08.01.2026
c104508,Глеб Нестеров,+7 (974) 690-65-00,user104508@example.ru,Казань,24.02.2024
c101931,Глеб Ковальчук,+7 (987) 536-44-69,user101931@example.ru,Казань,07.12.2025
c101496,Анна Лаптев,+7 (994) 864-47-25,user101496@example.ru,Новосибирск,18.10.2025
c103700,Полина Крылов,+7 (984) 526-76-16,user103700@example.ru,Москва,16.01.2025
c106321,Ольга Осипова,+7 (952) 631-40-68,user106321@example.ru,Красноярск,04.04.2024
c101989,Павел Крылов,+7 (970) 244-58-67,user101989@example.ru,Красноярск,12.08.2024
c103428,Кирилл Савельев,+7 (980) 513-41-15,user103428@example.ru,Новосибирск,20.02.2024
c101449,Вера Нестеров,+7 (986) 127-94-43,user101449@example.ru,Казань,08.06.2025
c105831,Денис Крылов,+7 (974) 143-38-42,user105831@example.ru,Санкт-Петербург,08.09.2025
c103029,Глеб Панин,+7 (924) 238-88-32,user103029@example.ru,Казань,25.01.2024
c104042,Павел Зуева,+7 (966) 343-81-05,user104042@example.ru,Екатеринбург,11.06.2024
c102804,Вера Крылов,+7 (973) 384-25-50,user102804@example.ru,Красноярск,04.05.2024
c100690,Анна Белых,+7 (917) 322-57-56,user100690@example.ru,Новосибирск,22.03.2025
c105656,Полина Лаптев,+7 (940) 125-70-22,user105656@example.ru,Казань,14.04.2026
c106654,Мария Ермаков,+7 (910) 074-08-48,user106654@example.ru,Санкт-Петербург,11.09.2024
c105590,Наталья Шилова,+7 (961) 161-47-07,user105590@example.ru,Екатеринбург,13.03.2024
c102069,Мария Лаптев,+7 (939) 180-44-28,user102069@example.ru,Москва,07.03.2026
c101618,Ольга Шилова,+7 (988) 762-93-59,user101618@example.ru,Екатеринбург,28.11.2024
c105128,Юлия Осипова,+7 (937) 697-24-82,user105128@example.ru,Москва,04.06.2025
c102694,Алиса Белых,+7 (953) 536-71-36,user102694@example.ru,Казань,01.01.2026
c100719,Максим Юдина,+7 (973) 783-26-17,user100719@example.ru,Екатеринбург,16.09.2024
c104737,Егор Крылов,+7 (918) 528-73-79,user104737@example.ru,Москва,04.06.2024
c106769,Елена Панин,+7 (946) 079-21-56,user106769@example.ru,Екатеринбург,16.05.2026
c105865,Мария Панин,+7 (974) 903-92-30,user105865@example.ru,Новосибирск,02.02.2025
c101927,Анна Гордеев,+7 (926) 449-61-65,user101927@example.ru,Казань,12.12.2024
c104666,Анна Савельев,+7 (976) 524-60-35,user104666@example.ru,Новосибирск,25.09.2024
c104633,Мария Белых,+7 (921) 937-08-40,user104633@example.ru,Красноярск,18.07.2024
c100382,Анна Крылов,+7 (970) 483-88-42,user100382@example.ru,Москва,06.11.2025
c100920,Егор Шилова,+7 (951) 037-81-03,user100920@example.ru,Екатеринбург,13.09.2024
c102317,Анна Мешков,+7 (967) 903-59-38,user102317@example.ru,Санкт-Петербург,07.01.2026
c102448,Артур Сорокина,+7 (920) 464-48-67,user102448@example.ru,Екатеринбург,24.04.2026
c102708,Игорь Зуева,+7 (996) 428-43-13,user102708@example.ru,Санкт-Петербург,11.10.2024
c102296,Вера Белых,+7 (918) 904-53-62,user102296@example.ru,Красноярск,03.04.2026
c105173,Тимур Мешков,+7 (942) 710-27-62,user105173@example.ru,Москва,21.03.2024
c105572,Максим Лаптев,+7 (995) 080-02-50,user105572@example.ru,Екатеринбург,31.08.2025
c100065,Тимур Гордеев,+7 (957) 517-72-15,user100065@example.ru,Москва,19.01.2024
c106453,Тимур Нестеров,+7 (927) 183-19-74,user106453@example.ru,Санкт-Петербург,09.02.2025
c101255,Юлия Тихонова,+7 (961) 922-64-95,user101255@example.ru,Екатеринбург,29.08.2025
c104284,Максим Зуева,+7 (947) 658-68-55,user104284@example.ru,Красноярск,14.02.2026
c100684,Роман Нестеров,+7 (956) 814-08-22,user100684@example.ru,Москва,09.07.2024
c101260,Павел Лаптев,+7 (940) 737-58-22,user101260@example.ru,Санкт-Петербург,29.12.2025
c103947,Полина Нестеров,+7 (936) 373-33-10,user103947@example.ru,Новосибирск,02.07.2025
c101208,Мария Панин,+7 (919) 863-45-16,user101208@example.ru,Москва,13.05.2024
c103034,Глеб Ермаков,+7 (937) 787-73-30,user103034@example.ru,Москва,03.07.2024
c103389,Максим Белых,+7 (928) 917-62-46,user103389@example.ru,Казань,02.03.2025
c106812,Елена Гордеев,+7 (975) 654-13-81,user106812@example.ru,Казань,22.05.2025
c106140,Алиса Крылов,+7 (926) 559-79-41,user106140@example.ru,Новосибирск,09.03.2026
c102837,Павел Нестеров,+7 (959) 983-86-65,user102837@example.ru,Красноярск,08.04.2025
c105438,Ольга Нестеров,+7 (933) 912-06-15,user105438@example.ru,Казань,16.11.2024
c104861,Кирилл Гордеев,+7 (919) 781-19-90,user104861@example.ru,Санкт-Петербург,22.03.2025
c106454,Ольга Ермаков,+7 (925) 109-76-61,user106454@example.ru,Санкт-Петербург,06.03.2026
c105304,Артур Осипова,+7 (971) 876-67-90,user105304@example.ru,Екатеринбург,31.01.2026
c106296,Денис Савельев,+7 (995) 232-02-92,user106296@example.ru,Казань,16.02.2025
c103569,Максим Панин,+7 (997) 316-79-28,user103569@example.ru,Казань,05.05.2026
c106860,Роман Белых,+7 (942) 476-32-80,user106860@example.ru,Казань,06.02.2025
c102303,Алиса Ковальчук,+7 (978) 259-76-82,user102303@example.ru,Санкт-Петербург,22.10.2024
c104824,Алиса Ковальчук,+7 (936) 499-34-89,user104824@example.ru,Казань,20.02.2025
c103479,Егор Гордеев,+7 (935) 003-56-06,user103479@example.ru,Красноярск,05.05.2025
c102717,Артур Юдина,+7 (993) 494-91-01,user102717@example.ru,Красноярск,04.05.2025
c103866,Анна Гордеев,+7 (975) 386-66-42,user103866@example.ru,Красноярск,30.03.2026
c101592,Ольга Нестеров,+7 (942) 058-59-85,user101592@example.ru,Санкт-Петербург,23.01.2026
c104215,Тимур Нестеров,+7 (947) 540-02-37,user104215@example.ru,Москва,14.11.2024
c104687,Тимур Тихонова,+7 (992) 138-74-05,user104687@example.ru,Красноярск,30.04.2024
c106767,Юлия Крылов,+7 (911) 782-85-08,user106767@example.ru,Екатеринбург,27.01.2026
c104962,Егор Мешков,+7 (949) 777-30-16,user104962@example.ru,Новосибирск,24.06.2026
c106428,Максим Сорокина,+7 (914) 771-39-16,user106428@example.ru,Екатеринбург,24.07.2025
c105461,Вера Сорокина,+7 (982) 043-64-17,user105461@example.ru,Красноярск,15.08.2024
c101634,Полина Сорокина,+7 (929) 203-17-05,user101634@example.ru,Санкт-Петербург,11.07.2024
c104879,Мария Нестеров,+7 (968) 248-14-29,user104879@example.ru,Казань,06.12.2025
c104290,Наталья Тихонова,+7 (988) 878-51-38,user104290@example.ru,Казань,27.01.2026
c105942,Анна Савельев,+7 (939) 046-47-05,user105942@example.ru,Екатеринбург,14.07.2025
c106710,Юлия Осипова,+7 (988) 370-19-53,user106710@example.ru,Красноярск,27.07.2025
c100991,Ольга Ковальчук,+7 (917) 069-39-28,user100991@example.ru,Новосибирск,14.07.2024
c106451,Лидия Ермаков,+7 (995) 581-49-48,user106451@example.ru,Москва,20.02.2026
c100897,Юлия Шилова,+7 (953) 285-94-51,user100897@example.ru,Санкт-Петербург,04.05.2026
c106867,Максим Нестеров,+7 (948) 948-96-63,user106867@example.ru,Красноярск,05.11.2024
c100101,Егор Шилова,+7 (933) 852-94-64,user100101@example.ru,Новосибирск,01.12.2024
c103801,Артур Савельев,+7 (919) 996-57-97,user103801@example.ru,Москва,17.06.2024
c104708,Тимур Савельев,+7 (961) 173-99-80,user104708@example.ru,Казань,03.02.2026
c105613,Лидия Лаптев,+7 (921) 382-73-37,user105613@example.ru,Москва,30.01.2026
c101922,Наталья Сорокина,+7 (987) 300-17-66,user101922@example.ru,Москва,29.03.2025
c103535,Юлия Гордеев,+7 (981) 747-51-63,user103535@example.ru,Екатеринбург,24.06.2024
c105548,Денис Юдина,+7 (924) 579-82-74,user105548@example.ru,Санкт-Петербург,27.10.2024
c106278,Лидия Мешков,+7 (981) 221-76-93,user106278@example.ru,Казань,26.11.2024
c103239,Тимур Ермаков,+7 (936) 852-71-48,user103239@example.ru,Москва,21.03.2025
c102248,Тимур Сорокина,+7 (913) 287-53-04,user102248@example.ru,Екатеринбург,10.10.2024
c106614,Юлия Панин,+7 (925) 061-74-88,user106614@example.ru,Казань,25.08.2025
c102326,Наталья Савельев,+7 (915) 299-92-35,user102326@example.ru,Красноярск,21.03.2026
c106393,Игорь Юдина,+7 (920) 800-42-52,user106393@example.ru,Екатеринбург,24.05.2024
c106242,Егор Юдина,+7 (933) 286-22-78,user106242@example.ru,Казань,08.02.2025
c101555,Денис Сорокина,+7 (950) 652-12-44,user101555@example.ru,Красноярск,05.01.2026
c106222,Глеб Тихонова,+7 (984) 330-94-42,user106222@example.ru,Казань,05.05.2026
c100630,Артур Мешков,+7 (928) 304-12-62,user100630@example.ru,Красноярск,05.04.2024
c106661,Мария Лаптев,+7 (965) 176-11-69,user106661@example.ru,Красноярск,04.03.2025
c106286,Максим Ермаков,+7 (942) 714-16-47,user106286@example.ru,Новосибирск,24.02.2026
c102896,Елена Юдина,+7 (961) 361-12-95,user102896@example.ru,Екатеринбург,18.06.2026
c103732,Анна Нестеров,+7 (925) 220-18-67,user103732@example.ru,Екатеринбург,09.06.2026
c103930,Вера Савельев,+7 (996) 999-15-29,user103930@example.ru,Казань,28.06.2024
c105318,Глеб Мешков,+7 (976) 388-28-13,user105318@example.ru,Новосибирск,28.05.2026
c102920,Игорь Лаптев,+7 (944) 314-87-79,user102920@example.ru,Москва,31.05.2026
c106052,Кирилл Осипова,+7 (962) 532-28-29,user106052@example.ru,Красноярск,28.08.2024
c103975,Артур Белых,+7 (970) 849-04-89,user103975@example.ru,Новосибирск,12.03.2024
c105847,Глеб Гордеев,+7 (932) 027-43-33,user105847@example.ru,Казань,01.02.2026
c105315,Вера Ермаков,+7 (997) 635-39-04,user105315@example.ru,Новосибирск,31.07.2024
c106324,Алиса Лаптев,+7 (989) 081-89-49,user106324@example.ru,Санкт-Петербург,27.12.2024
c105786,Наталья Нестеров,+7 (916) 353-40-94,user105786@example.ru,Санкт-Петербург,04.11.2024
c105832,Мария Крылов,+7 (975) 254-00-11,user105832@example.ru,Санкт-Петербург,22.03.2024
c106201,Артур Нестеров,+7 (975) 647-58-82,user106201@example.ru,Казань,08.04.2024
c104904,Игорь Ковальчук,+7 (949) 498-56-91,user104904@example.ru,Москва,04.11.2024
c104027,Тимур Гордеев,+7 (969) 088-45-66,user104027@example.ru,Москва,11.06.2026
c100198,Алиса Сорокина,+7 (930) 539-68-58,user100198@example.ru,Москва,07.02.2024
c104936,Ольга Савельев,+7 (944) 262-71-63,user104936@example.ru,Санкт-Петербург,07.05.2026
c101728,Денис Панин,+7 (964) 198-25-46,user101728@example.ru,Красноярск,04.10.2024
c100300,Максим Гордеев,+7 (986) 012-53-57,user100300@example.ru,Новосибирск,18.01.2026
c106608,Глеб Савельев,+7 (930) 904-61-62,user106608@example.ru,Красноярск,28.12.2025
c104675,Артур Зуева,+7 (974) 800-81-94,user104675@example.ru,Красноярск,18.01.2025
c106234,Лидия Лаптев,+7 (934) 450-75-35,user106234@example.ru,Москва,18.11.2025
c105050,Игорь Осипова,+7 (918) 927-65-90,user105050@example.ru,Екатеринбург,10.05.2026
c103809,Кирилл Панин,+7 (947) 661-63-19,user103809@example.ru,Казань,20.07.2024
c100722,Денис Зуева,+7 (965) 467-73-67,user100722@example.ru,Санкт-Петербург,20.01.2024
c103655,Юлия Тихонова,+7 (931) 213-82-07,user103655@example.ru,Казань,29.09.2024
c102284,Егор Савельев,+7 (972) 826-43-37,user102284@example.ru,Красноярск,10.02.2026
c103554,Лидия Панин,+7 (940) 192-64-39,user103554@example.ru,Казань,18.05.2025
c100770,Юлия Лаптев,+7 (923) 778-23-96,user100770@example.ru,Москва,18.08.2025
c104289,Максим Ермаков,+7 (970) 581-12-43,user104289@example.ru,Москва,31.10.2024
c106656,Елена Нестеров,+7 (912) 597-44-88,user106656@example.ru,Казань,09.05.2024
c101650,Полина Тихонова,+7 (941) 805-90-48,user101650@example.ru,Красноярск,27.03.2024
c101401,Глеб Тихонова,+7 (986) 435-17-03,user101401@example.ru,Екатеринбург,15.09.2025
c100855,Игорь Нестеров,+7 (960) 122-97-28,user100855@example.ru,Казань,01.07.2024
c101374,Кирилл Гордеев,+7 (913) 564-12-98,user101374@example.ru,Новосибирск,01.09.2025
c105912,Глеб Нестеров,+7 (977) 326-36-32,user105912@example.ru,Санкт-Петербург,05.07.2025
c104590,Тимур Крылов,+7 (961) 405-91-77,user104590@example.ru,Красноярск,29.03.2026
c101997,Вера Мешков,+7 (923) 243-66-44,user101997@example.ru,Новосибирск,14.06.2024
c102706,Кирилл Сорокина,+7 (988) 703-13-72,user102706@example.ru,Москва,31.01.2025
c106447,Денис Ермаков,+7 (945) 280-07-66,user106447@example.ru,Казань,03.04.2025
c102632,Ольга Шилова,+7 (935) 546-68-50,user102632@example.ru,Екатеринбург,12.10.2025
c105122,Глеб Мешков,+7 (958) 191-46-97,user105122@example.ru,Москва,07.03.2024
c105399,Роман Лаптев,+7 (962) 789-47-28,user105399@example.ru,Казань,29.09.2025
c104420,Наталья Ермаков,+7 (960) 521-14-77,user104420@example.ru,Новосибирск,08.05.2025
c103327,Мария Савельев,+7 (924) 438-23-64,user103327@example.ru,Казань,23.11.2025
c103159,Егор Шилова,+7 (968) 039-43-56,user103159@example.ru,Красноярск,14.03.2025
c105542,Денис Лаптев,+7 (993) 255-84-57,user105542@example.ru,Москва,07.12.2024
c102611,Анна Юдина,+7 (954) 237-05-70,user102611@example.ru,Новосибирск,29.04.2024
c106371,Анна Шилова,+7 (917) 742-50-24,user106371@example.ru,Красноярск,21.11.2024
c101465,Кирилл Панин,+7 (989) 103-43-12,user101465@example.ru,Москва,18.10.2024
c102424,Полина Шилова,+7 (968) 913-11-91,user102424@example.ru,Казань,27.10.2024
c106339,Наталья Шилова,+7 (940) 839-51-61,user106339@example.ru,Екатеринбург,24.11.2025
c105974,Денис Ермаков,+7 (983) 742-96-95,user105974@example.ru,Санкт-Петербург,09.01.2025
c105626,Полина Сорокина,+7 (973) 553-80-26,user105626@example.ru,Санкт-Петербург,07.02.2024
c104413,Вера Нестеров,+7 (938) 244-24-64,user104413@example.ru,Красноярск,16.04.2025
c101984,Тимур Крылов,+7 (930) 349-24-41,user101984@example.ru,Москва,11.03.2026
c105891,Максим Сорокина,+7 (948) 012-18-26,user105891@example.ru,Новосибирск,10.12.2024
c105449,Наталья Шилова,+7 (995) 781-05-22,user105449@example.ru,Москва,09.10.2024
c101061,Егор Сорокина,+7 (994) 758-30-50,user101061@example.ru,Казань,26.03.2025
c104205,Павел Зуева,+7 (910) 286-33-04,user104205@example.ru,Москва,15.07.2025
c104524,Павел Крылов,+7 (944) 991-74-69,user104524@example.ru,Новосибирск,26.09.2024
c103028,Денис Ковальчук,+7 (968) 943-21-42,user103028@example.ru,Санкт-Петербург,25.11.2025
c103037,Егор Нестеров,+7 (963) 392-36-52,user103037@example.ru,Екатеринбург,17.04.2026
c104673,Тимур Ермаков,+7 (961) 724-42-81,user104673@example.ru,Казань,25.02.2024
c101867,Глеб Белых,+7 (925) 126-85-20,user101867@example.ru,Казань,11.09.2024
c100903,Глеб Зуева,+7 (926) 918-18-78,user100903@example.ru,Казань,25.04.2025
c106111,Максим Сорокина,+7 (973) 299-09-33,user106111@example.ru,Санкт-Петербург,29.04.2025
c103397,Денис Мешков,+7 (967) 971-11-62,user103397@example.ru,Екатеринбург,07.04.2025
c104969,Тимур Савельев,+7 (992) 616-08-67,user104969@example.ru,Екатеринбург,03.11.2024
c106669,Ольга Савельев,+7 (917) 782-41-69,user106669@example.ru,Казань,11.02.2026
c101355,Наталья Ковальчук,+7 (980) 428-91-62,user101355@example.ru,Красноярск,08.10.2025
c103432,Ольга Сорокина,+7 (969) 324-83-40,user103432@example.ru,Красноярск,06.10.2025
c100237,Роман Шилова,+7 (917) 614-78-42,user100237@example.ru,Екатеринбург,02.01.2025
c103069,Глеб Нестеров,+7 (929) 885-89-73,user103069@example.ru,Новосибирск,12.07.2025
c102112,Юлия Белых,+7 (975) 677-64-47,user102112@example.ru,Новосибирск,03.09.2024
c103039,Ольга Мешков,+7 (952) 516-32-52,user103039@example.ru,Москва,08.09.2025
c105299,Артур Ковальчук,+7 (995) 864-18-81,user105299@example.ru,Новосибирск,05.01.2025
c105152,Егор Ковальчук,+7 (969) 623-80-89,user105152@example.ru,Екатеринбург,26.07.2025
c104649,Роман Тихонова,+7 (930) 037-77-61,user104649@example.ru,Екатеринбург,05.12.2025
c103399,Кирилл Гордеев,+7 (926) 055-98-24,user103399@example.ru,Екатеринбург,18.01.2024
c101410,Елена Ковальчук,+7 (916) 006-16-39,user101410@example.ru,Санкт-Петербург,11.03.2025
c104141,Игорь Юдина,+7 (943) 670-49-56,user104141@example.ru,Красноярск,18.04.2025
c101131,Глеб Шилова,+7 (930) 860-59-35,user101131@example.ru,Новосибирск,13.05.2025
c102573,Лидия Юдина,+7 (915) 759-43-03,user102573@example.ru,Москва,08.06.2026
c105164,Глеб Тихонова,+7 (947) 553-62-50,user105164@example.ru,Москва,23.06.2026
c105957,Павел Юдина,+7 (936) 328-68-69,user105957@example.ru,Санкт-Петербург,29.09.2024
c105632,Глеб Юдина,+7 (913) 898-66-92,user105632@example.ru,Екатеринбург,03.12.2025
c105238,Денис Белых,+7 (958) 233-66-32,user105238@example.ru,Казань,21.10.2024
c101832,Павел Нестеров,+7 (963) 657-96-60,user101832@example.ru,Санкт-Петербург,28.02.2026
c103092,Денис Крылов,+7 (950) 041-09-69,user103092@example.ru,Санкт-Петербург,26.06.2025
c100573,Павел Нестеров,+7 (977) 835-28-07,user100573@example.ru,Санкт-Петербург,22.10.2024
c106266,Елена Тихонова,+7 (994) 050-45-07,user106266@example.ru,Казань,27.03.2024
c105584,Игорь Крылов,+7 (959) 226-73-97,user105584@example.ru,Санкт-Петербург,13.08.2024
c100759,Максим Белых,+7 (946) 559-02-79,user100759@example.ru,Екатеринбург,31.01.2025
c106106,Елена Ковальчук,+7 (928) 979-97-82,user106106@example.ru,Красноярск,12.09.2025
c106396,Мария Тихонова,+7 (969) 935-47-82,user106396@example.ru,Красноярск,07.09.2025
c103620,Тимур Шилова,+7 (922) 863-98-66,user103620@example.ru,Казань,30.04.2026
c105854,Глеб Ермаков,+7 (979) 135-09-98,user105854@example.ru,Москва,15.04.2024
c105965,Анна Нестеров,+7 (935) 015-40-58,user105965@example.ru,Санкт-Петербург,27.09.2024
c106246,Лидия Гордеев,+7 (977) 924-14-50,user106246@example.ru,Новосибирск,12.02.2026
c104580,Тимур Шилова,+7 (979) 255-16-10,user104580@example.ru,Екатеринбург,08.05.2024
c103539,Алиса Зуева,+7 (998) 478-32-45,user103539@example.ru,Казань,01.08.2024
c105177,Павел Савельев,+7 (913) 505-49-51,user105177@example.ru,Санкт-Петербург,09.03.2025
c104128,Игорь Сорокина,+7 (960) 988-55-08,user104128@example.ru,Новосибирск,20.06.2025
c102703,Юлия Нестеров,+7 (995) 188-46-43,user102703@example.ru,Москва,18.09.2025
c103077,Павел Мешков,+7 (952) 164-45-63,user103077@example.ru,Екатеринбург,01.04.2024
c103518,Полина Крылов,+7 (940) 075-07-78,user103518@example.ru,Новосибирск,11.11.2024
c103055,Игорь Лаптев,+7 (996) 380-40-25,user103055@example.ru,Санкт-Петербург,20.07.2024
c100600,Юлия Сорокина,+7 (971) 152-61-39,user100600@example.ru,Санкт-Петербург,29.06.2024
c102098,Елена Крылов,+7 (985) 312-16-98,user102098@example.ru,Екатеринбург,28.06.2025
c106542,Артур Лаптев,+7 (982) 188-57-57,user106542@example.ru,Санкт-Петербург,26.05.2024
c106723,Игорь Юдина,+7 (915) 156-24-90,user106723@example.ru,Екатеринбург,13.04.2025
c104545,Кирилл Мешков,+7 (922) 830-64-15,user104545@example.ru,Красноярск,30.03.2025
c104757,Елена Крылов,+7 (920) 308-74-70,user104757@example.ru,Казань,27.08.2025
c104425,Денис Крылов,+7 (912) 330-32-63,user104425@example.ru,Казань,25.02.2026
c104933,Артур Тихонова,+7 (982) 034-63-15,user104933@example.ru,Красноярск,11.01.2025
c105250,Павел Тихонова,+7 (927) 949-12-77,user105250@example.ru,Казань,16.11.2025
c100792,Вера Крылов,+7 (925) 226-45-26,user100792@example.ru,Екатеринбург,20.12.2025
c100713,Юлия Сорокина,+7 (990) 189-67-21,user100713@example.ru,Санкт-Петербург,21.01.2025
c105077,Павел Мешков,+7 (992) 873-66-88,user105077@example.ru,Новосибирск,25.01.2026
c106423,Максим Сорокина,+7 (911) 534-76-75,user106423@example.ru,Москва,19.04.2024
c101192,Наталья Лаптев,+7 (920) 846-75-30,user101192@example.ru,Санкт-Петербург,01.08.2024
c104305,Роман Нестеров,+7 (925) 164-59-51,user104305@example.ru,Москва,06.06.2025
c102609,Алиса Мешков,+7 (949) 861-88-94,user102609@example.ru,Красноярск,14.07.2024
c100254,Артур Гордеев,+7 (985) 622-19-84,user100254@example.ru,Красноярск,03.12.2025
c102164,Игорь Ермаков,+7 (920) 892-58-24,user102164@example.ru,Казань,15.11.2025
c101237,Вера Тихонова,+7 (973) 936-57-91,user101237@example.ru,Красноярск,05.07.2025
c105392,Роман Белых,+7 (979) 932-71-32,user105392@example.ru,Красноярск,17.04.2025
c103257,Елена Белых,+7 (955) 583-00-40,user103257@example.ru,Новосибирск,18.03.2025
c100151,Глеб Шилова,+7 (981) 693-05-56,user100151@example.ru,Москва,11.05.2024
c105945,Анна Белых,+7 (953) 590-66-31,user105945@example.ru,Екатеринбург,12.03.2026
c100883,Глеб Осипова,+7 (965) 309-88-30,user100883@example.ru,Санкт-Петербург,30.12.2025
c106183,Глеб Ковальчук,+7 (993) 342-92-94,user106183@example.ru,Красноярск,24.06.2026
c105825,Егор Ермаков,+7 (986) 177-25-89,user105825@example.ru,Красноярск,10.12.2024
c101351,Глеб Зуева,+7 (916) 719-57-87,user101351@example.ru,Санкт-Петербург,22.01.2026
c101046,Мария Шилова,+7 (956) 414-73-67,user101046@example.ru,Новосибирск,12.10.2025
c102231,Денис Юдина,+7 (933) 384-72-03,user102231@example.ru,Новосибирск,11.11.2025
c101514,Наталья Гордеев,+7 (991) 450-32-25,user101514@example.ru,Москва,19.07.2025
c104499,Глеб Гордеев,+7 (986) 397-32-09,user104499@example.ru,Санкт-Петербург,19.07.2024
c104886,Артур Белых,+7 (929) 720-52-60,user104886@example.ru,Москва,27.06.2024
c106534,Юлия Крылов,+7 (977) 980-01-82,user106534@example.ru,Москва,18.12.2025
c103284,Вера Юдина,+7 (988) 236-39-98,user103284@example.ru,Красноярск,25.09.2025
c104383,Артур Мешков,+7 (993) 586-43-40,user104383@example.ru,Казань,22.09.2024
c105453,Лидия Осипова,+7 (920) 762-38-17,user105453@example.ru,Новосибирск,03.03.2025
c101849,Павел Тихонова,+7 (981) 779-98-30,user101849@example.ru,Санкт-Петербург,13.05.2024
c104132,Наталья Юдина,+7 (979) 292-16-81,user104132@example.ru,Москва,25.03.2024
c104320,Алиса Тихонова,+7 (944) 264-51-67,user104320@example.ru,Санкт-Петербург,26.02.2024
c106513,Вера Ковальчук,+7 (940) 060-60-48,user106513@example.ru,Санкт-Петербург,25.01.2024
c101839,Елена Нестеров,+7 (954) 215-98-69,user101839@example.ru,Санкт-Петербург,17.11.2024
c106225,Ольга Юдина,+7 (918) 618-28-80,user106225@example.ru,Санкт-Петербург,16.06.2026
c100639,Лидия Зуева,+7 (996) 403-00-90,user100639@example.ru,Красноярск,17.11.2024
c100064,Полина Мешков,+7 (924) 253-57-17,user100064@example.ru,Екатеринбург,16.11.2025
c101286,Роман Нестеров,+7 (921) 826-98-71,user101286@example.ru,Екатеринбург,13.01.2025
c100186,Мария Мешков,+7 (958) 725-04-18,user100186@example.ru,Москва,10.05.2026
c103753,Вера Лаптев,+7 (976) 152-77-07,user103753@example.ru,Красноярск,18.09.2024
c100817,Кирилл Нестеров,+7 (939) 347-72-27,user100817@example.ru,Новосибирск,09.04.2025
c102203,Денис Савельев,+7 (943) 445-38-71,user102203@example.ru,Красноярск,08.01.2025
c101194,Роман Ермаков,+7 (919) 671-50-10,user101194@example.ru,Новосибирск,14.04.2026
c102879,Денис Шилова,+7 (913) 207-38-57,user102879@example.ru,Санкт-Петербург,19.02.2025
c101743,Полина Ковальчук,+7 (932) 867-38-67,user101743@example.ru,Екатеринбург,23.11.2024
c106647,Тимур Осипова,+7 (948) 688-23-67,user106647@example.ru,Санкт-Петербург,09.05.2025
c102177,Мария Осипова,+7 (928) 014-50-16,user102177@example.ru,Москва,02.06.2024
c105804,Тимур Сорокина,+7 (914) 393-17-86,user105804@example.ru,Екатеринбург,19.04.2025
c101044,Тимур Мешков,+7 (969) 971-27-55,user101044@example.ru,Новосибирск,25.01.2025
c106718,Наталья Крылов,+7 (917) 605-32-94,user106718@example.ru,Казань,24.08.2024
c103242,Денис Осипова,+7 (995) 517-15-21,user103242@example.ru,Новосибирск,10.06.2026
c105926,Анна Ковальчук,+7 (964) 028-65-95,user105926@example.ru,Москва,11.09.2025
c101630,Кирилл Лаптев,+7 (966) 972-97-86,user101630@example.ru,Красноярск,09.03.2024
c100434,Ольга Тихонова,+7 (924) 333-46-24,user100434@example.ru,Новосибирск,16.05.2026
c104119,Кирилл Ковальчук,+7 (965) 605-64-17,user104119@example.ru,Новосибирск,16.04.2026
c104265,Алиса Крылов,+7 (919) 550-12-17,user104265@example.ru,Новосибирск,26.06.2026
c103541,Кирилл Осипова,+7 (911) 328-63-89,user103541@example.ru,Новосибирск,06.03.2025
c102313,Ольга Ермаков,+7 (914) 721-07-51,user102313@example.ru,Санкт-Петербург,09.12.2024
c104978,Наталья Панин,+7 (941) 682-72-95,user104978@example.ru,Екатеринбург,03.03.2025
c102301,Анна Белых,+7 (920) 022-01-74,user102301@example.ru,Красноярск,01.11.2024
c103263,Ольга Лаптев,+7 (983) 700-04-03,user103263@example.ru,Казань,29.05.2025
c106145,Лидия Юдина,+7 (928) 680-08-51,user106145@example.ru,Санкт-Петербург,30.08.2025
c102578,Павел Гордеев,+7 (975) 656-26-17,user102578@example.ru,Красноярск,18.12.2025
c100482,Ольга Осипова,+7 (985) 085-90-06,user100482@example.ru,Новосибирск,22.02.2026
c102092,Наталья Ковальчук,+7 (944) 287-58-07,user102092@example.ru,Санкт-Петербург,31.07.2025
c103476,Глеб Мешков,+7 (996) 385-78-19,user103476@example.ru,Казань,21.01.2024
c103326,Игорь Юдина,+7 (999) 380-55-25,user103326@example.ru,Санкт-Петербург,14.04.2025
c104697,Полина Юдина,+7 (935) 030-50-09,user104697@example.ru,Санкт-Петербург,15.02.2024
c103688,Роман Савельев,+7 (987) 552-59-54,user103688@example.ru,Новосибирск,28.08.2024
c106215,Анна Крылов,+7 (985) 468-61-64,user106215@example.ru,Новосибирск,27.06.2026
c101730,Максим Ермаков,+7 (976) 204-53-73,user101730@example.ru,Москва,28.06.2025
c100561,Лидия Зуева,+7 (976) 381-85-18,user100561@example.ru,Красноярск,29.12.2025
c102293,Кирилл Осипова,+7 (981) 811-40-89,user102293@example.ru,Москва,24.02.2025
c105025,Роман Нестеров,+7 (912) 073-85-14,user105025@example.ru,Москва,21.03.2024
c101420,Роман Ковальчук,+7 (964) 056-78-23,user101420@example.ru,Казань,14.07.2025
c103791,Роман Савельев,+7 (962) 473-64-89,user103791@example.ru,Санкт-Петербург,28.06.2026
c105473,Ольга Гордеев,+7 (935) 522-07-83,user105473@example.ru,Москва,20.04.2024
c103729,Денис Панин,+7 (937) 591-79-41,user103729@example.ru,Екатеринбург,09.03.2026
c106560,Лидия Шилова,+7 (987) 456-61-34,user106560@example.ru,Красноярск,26.05.2024
c105394,Полина Осипова,+7 (921) 944-67-11,user105394@example.ru,Новосибирск,01.03.2026
c101473,Роман Лаптев,+7 (920) 337-61-49,user101473@example.ru,Новосибирск,23.11.2024
c101629,Роман Шилова,+7 (990) 603-15-15,user101629@example.ru,Новосибирск,17.11.2025
c105362,Тимур Ковальчук,+7 (998) 236-42-91,user105362@example.ru,Екатеринбург,26.06.2024
c106528,Наталья Белых,+7 (918) 446-39-78,user106528@example.ru,Казань,17.02.2026
c103908,Елена Белых,+7 (998) 106-86-38,user103908@example.ru,Санкт-Петербург,29.12.2025
c106810,Кирилл Белых,+7 (973) 354-71-28,user106810@example.ru,Санкт-Петербург,04.01.2026
c101130,Павел Крылов,+7 (932) 489-43-73,user101130@example.ru,Санкт-Петербург,04.05.2025
c100563,Наталья Нестеров,+7 (955) 384-27-65,user100563@example.ru,Красноярск,14.07.2024
c101238,Елена Юдина,+7 (935) 154-69-35,user101238@example.ru,Санкт-Петербург,21.05.2026
c101907,Игорь Савельев,+7 (964) 760-94-17,user101907@example.ru,Москва,19.02.2026
c102675,Егор Крылов,+7 (915) 524-21-27,user102675@example.ru,Санкт-Петербург,12.02.2026
c101381,Павел Зуева,+7 (984) 920-49-68,user101381@example.ru,Екатеринбург,22.03.2025
c100047,Егор Савельев,+7 (997) 704-79-01,user100047@example.ru,Москва,14.06.2025
c101877,Егор Ковальчук,+7 (969) 010-55-27,user101877@example.ru,Москва,27.01.2024
c103578,Павел Нестеров,+7 (955) 240-28-55,user103578@example.ru,Санкт-Петербург,30.07.2025
c103551,Егор Лаптев,+7 (936) 306-84-79,user103551@example.ru,Екатеринбург,23.11.2024
c101824,Мария Мешков,+7 (936) 300-42-04,user101824@example.ru,Новосибирск,05.10.2024
c105834,Алиса Панин,+7 (956) 561-87-53,user105834@example.ru,Санкт-Петербург,18.04.2024
c100854,Роман Панин,+7 (930) 197-67-16,user100854@example.ru,Новосибирск,30.08.2024
c106811,Наталья Панин,+7 (993) 574-61-90,user106811@example.ru,Новосибирск,16.04.2026
c100261,Денис Панин,+7 (981) 658-25-97,user100261@example.ru,Казань,01.05.2024
c106327,Максим Мешков,+7 (932) 341-77-45,user106327@example.ru,Новосибирск,09.05.2025
c104035,Роман Юдина,+7 (938) 624-10-75,user104035@example.ru,Красноярск,03.04.2025
c104178,Полина Панин,+7 (983) 874-00-82,user104178@example.ru,Санкт-Петербург,16.02.2025
c105986,Игорь Ермаков,+7 (997) 424-76-22,user105986@example.ru,Санкт-Петербург,25.01.2025
c102047,Лидия Зуева,+7 (995) 996-32-02,user102047@example.ru,Екатеринбург,17.02.2024
c100312,Игорь Осипова,+7 (957) 986-02-70,user100312@example.ru,Санкт-Петербург,20.11.2025
c106248,Елена Юдина,+7 (979) 689-72-54,user106248@example.ru,Новосибирск,01.11.2024
c100054,Максим Сорокина,+7 (928) 378-27-85,user100054@example.ru,Казань,07.02.2024
c103740,Лидия Ермаков,+7 (972) 063-53-22,user103740@example.ru,Москва,14.01.2026
c101244,Максим Нестеров,+7 (964) 283-41-49,user101244@example.ru,Екатеринбург,10.01.2026
c102034,Глеб Осипова,+7 (934) 467-95-73,user102034@example.ru,Екатеринбург,20.06.2025
c100367,Полина Сорокина,+7 (975) 624-38-81,user100367@example.ru,Новосибирск,07.03.2025
c104469,Алиса Осипова,+7 (943) 456-43-01,user104469@example.ru,Екатеринбург,01.05.2026
c103495,Полина Нестеров,+7 (932) 685-03-35,user103495@example.ru,Красноярск,05.12.2025
c106346,Лидия Панин,+7 (958) 220-12-04,user106346@example.ru,Новосибирск,26.07.2025
c101521,Елена Нестеров,+7 (998) 413-38-31,user101521@example.ru,Екатеринбург,24.02.2025
c100228,Алиса Мешков,+7 (980) 371-45-17,user100228@example.ru,Москва,19.05.2026
c100152,Глеб Нестеров,+7 (997) 528-88-97,user100152@example.ru,Красноярск,16.12.2025
c106694,Анна Сорокина,+7 (920) 330-33-29,user106694@example.ru,Санкт-Петербург,05.03.2026
c101054,Мария Лаптев,+7 (928) 085-99-11,user101054@example.ru,Новосибирск,29.12.2024
c100281,Юлия Осипова,+7 (917) 873-59-74,user100281@example.ru,Екатеринбург,09.02.2026
c106798,Игорь Ковальчук,+7 (936) 163-04-26,user106798@example.ru,Санкт-Петербург,23.10.2025
c100040,Павел Тихонова,+7 (928) 179-18-81,user100040@example.ru,Казань,19.03.2026
c104909,Полина Ермаков,+7 (929) 306-05-87,user104909@example.ru,Казань,29.01.2025
c101577,Елена Крылов,+7 (972) 194-34-27,user101577@example.ru,Казань,12.07.2024
c103808,Егор Крылов,+7 (992) 990-83-94,user103808@example.ru,Екатеринбург,14.11.2025
c105005,Глеб Ковальчук,+7 (985) 551-28-67,user105005@example.ru,Казань,31.10.2024
c105592,Анна Белых,+7 (949) 601-55-95,user105592@example.ru,Красноярск,13.08.2024
c101469,Игорь Лаптев,+7 (923) 917-25-61,user101469@example.ru,Новосибирск,26.04.2025
c102641,Полина Юдина,+7 (921) 804-07-83,user102641@example.ru,Красноярск,26.12.2024
c105228,Лидия Лаптев,+7 (988) 146-52-51,user105228@example.ru,Новосибирск,21.12.2025
c101816,Ольга Белых,+7 (975) 989-96-47,user101816@example.ru,Казань,22.11.2025
c106320,Алиса Сорокина,+7 (932) 471-41-47,user106320@example.ru,Екатеринбург,08.12.2024
c101331,Наталья Панин,+7 (971) 733-41-69,user101331@example.ru,Новосибирск,15.12.2025
c101721,Наталья Сорокина,+7 (910) 840-47-90,user101721@example.ru,Москва,08.08.2025
c104620,Артур Лаптев,+7 (924) 093-89-32,user104620@example.ru,Москва,20.12.2025
c105254,Егор Ермаков,+7 (977) 877-09-01,user105254@example.ru,Казань,09.11.2024
c104613,Глеб Савельев,+7 (984) 167-59-28,user104613@example.ru,Екатеринбург,22.12.2025
c100655,Вера Ермаков,+7 (992) 391-90-71,user100655@example.ru,Москва,08.06.2024
c102478,Кирилл Нестеров,+7 (933) 436-99-50,user102478@example.ru,Екатеринбург,03.05.2024
c103334,Роман Тихонова,+7 (917) 992-96-11,user103334@example.ru,Москва,18.04.2026
c101848,Анна Осипова,+7 (968) 475-87-90,user101848@example.ru,Новосибирск,22.05.2026
c103064,Павел Юдина,+7 (957) 916-65-68,user103064@example.ru,Новосибирск,26.05.2024
c106394,Кирилл Ковальчук,+7 (910) 524-01-12,user106394@example.ru,Казань,12.06.2024
c104134,Артур Крылов,+7 (963) 425-45-86,user104134@example.ru,Красноярск,26.11.2024
c102574,Кирилл Ермаков,+7 (985) 779-20-95,user102574@example.ru,Москва,27.09.2024
c104459,Роман Белых,+7 (963) 984-80-03,user104459@example.ru,Санкт-Петербург,10.11.2024
c105644,Анна Тихонова,+7 (953) 392-94-15,user105644@example.ru,Казань,18.01.2026
c101366,Анна Мешков,+7 (916) 085-61-99,user101366@example.ru,Казань,17.02.2024
c102060,Тимур Зуева,+7 (918) 659-72-48,user102060@example.ru,Красноярск,11.06.2025
c101156,Егор Ковальчук,+7 (980) 299-63-58,user101156@example.ru,Санкт-Петербург,24.02.2024
c100752,Юлия Гордеев,+7 (977) 308-32-07,user100752@example.ru,Москва,06.05.2025
c101903,Павел Сорокина,+7 (930) 046-44-23,user101903@example.ru,Красноярск,23.03.2025
c100205,Наталья Шилова,+7 (990) 207-49-30,user100205@example.ru,Новосибирск,07.06.2025
c106726,Максим Мешков,+7 (997) 382-55-33,user106726@example.ru,Москва,26.02.2024
c104997,Вера Осипова,+7 (999) 374-31-49,user104997@example.ru,Новосибирск,19.06.2026
c104768,Елена Панин,+7 (983) 803-26-14,user104768@example.ru,Новосибирск,15.06.2024
c105888,Алиса Белых,+7 (930) 701-05-01,user105888@example.ru,Красноярск,06.05.2024
c104984,Тимур Зуева,+7 (933) 498-18-29,user104984@example.ru,Новосибирск,01.04.2025
c104833,Глеб Зуева,+7 (934) 325-99-03,user104833@example.ru,Новосибирск,06.04.2026
c100311,Анна Белых,+7 (926) 649-95-83,user100311@example.ru,Москва,18.07.2025
c104715,Кирилл Осипова,+7 (984) 250-04-42,user104715@example.ru,Красноярск,04.11.2024
c104207,Павел Панин,+7 (996) 403-89-50,user104207@example.ru,Новосибирск,20.06.2024
c103648,Анна Тихонова,+7 (992) 163-01-65,user103648@example.ru,Казань,17.01.2026
c104595,Максим Белых,+7 (970) 176-20-52,user104595@example.ru,Санкт-Петербург,10.02.2026
c104359,Лидия Ковальчук,+7 (925) 789-94-34,user104359@example.ru,Красноярск,16.10.2025
c105263,Артур Савельев,+7 (938) 318-35-05,user105263@example.ru,Новосибирск,21.01.2024
c103592,Наталья Панин,+7 (910) 180-40-40,user103592@example.ru,Красноярск,11.01.2025
c106649,Ольга Нестеров,+7 (938) 564-83-01,user106649@example.ru,Казань,07.12.2024
c101949,Роман Ковальчук,+7 (933) 572-73-62,user101949@example.ru,Санкт-Петербург,20.04.2025
c105298,Артур Мешков,+7 (916) 083-66-96,user105298@example.ru,Санкт-Петербург,25.09.2024
c102596,Игорь Ермаков,+7 (934) 543-40-88,user102596@example.ru,Новосибирск,10.03.2024
c101724,Денис Ермаков,+7 (955) 991-36-94,user101724@example.ru,Санкт-Петербург,08.09.2024
c101328,Полина Мешков,+7 (922) 381-37-23,user101328@example.ru,Казань,17.05.2024
c103533,Анна Панин,+7 (969) 204-72-57,user103533@example.ru,Санкт-Петербург,14.03.2025
c105778,Юлия Крылов,+7 (945) 503-96-93,user105778@example.ru,Москва,18.05.2024
c100086,Ольга Осипова,+7 (947) 293-20-44,user100086@example.ru,Екатеринбург,20.06.2026
c104025,Вера Крылов,+7 (922) 253-25-09,user104025@example.ru,Екатеринбург,03.02.2025
c103892,Мария Лаптев,+7 (987) 181-69-97,user103892@example.ru,Новосибирск,25.03.2024
c101206,Юлия Белых,+7 (920) 435-05-30,user101206@example.ru,Екатеринбург,17.01.2024
c103868,Кирилл Лаптев,+7 (988) 976-45-02,user103868@example.ru,Санкт-Петербург,30.03.2024
c100732,Анна Нестеров,+7 (946) 565-98-63,user100732@example.ru,Москва,04.06.2026
c100887,Анна Шилова,+7 (999) 511-28-88,user100887@example.ru,Казань,18.03.2025
c105040,Егор Крылов,+7 (920) 448-30-23,user105040@example.ru,Москва,07.12.2024
c102369,Наталья Шилова,+7 (954) 995-51-01,user102369@example.ru,Екатеринбург,26.04.2024
c102636,Артур Юдина,+7 (911) 529-67-48,user102636@example.ru,Екатеринбург,22.02.2024
c101892,Игорь Зуева,+7 (986) 207-73-70,user101892@example.ru,Красноярск,09.04.2026
c100661,Елена Савельев,+7 (935) 888-62-72,user100661@example.ru,Казань,26.10.2024
c104391,Наталья Осипова,+7 (959) 887-55-04,user104391@example.ru,Новосибирск,23.06.2025
c103355,Наталья Сорокина,+7 (935) 445-04-96,user103355@example.ru,Красноярск,22.07.2025
c101476,Максим Крылов,+7 (966) 933-37-50,user101476@example.ru,Москва,02.06.2024
c104593,Мария Тихонова,+7 (935) 694-62-14,user104593@example.ru,Казань,29.06.2026
c104682,Вера Ковальчук,+7 (942) 605-44-84,user104682@example.ru,Екатеринбург,18.04.2026
c102927,Наталья Савельев,+7 (941) 389-77-78,user102927@example.ru,Красноярск,24.07.2025
c104348,Кирилл Ермаков,+7 (976) 979-38-82,user104348@example.ru,Москва,20.06.2025
c104741,Тимур Лаптев,+7 (965) 096-98-70,user104741@example.ru,Москва,08.08.2024
c106398,Алиса Ковальчук,+7 (986) 312-02-56,user106398@example.ru,Красноярск,30.05.2024
c102191,Мария Шилова,+7 (959) 257-90-35,user102191@example.ru,Москва,22.01.2025
c100013,Игорь Шилова,+7 (959) 858-37-69,user100013@example.ru,Красноярск,30.11.2025
c101406,Игорь Нестеров,+7 (972) 958-56-71,user101406@example.ru,Москва,03.11.2025
c101109,Ольга Крылов,+7 (970) 022-82-03,user101109@example.ru,Красноярск,14.04.2024
c105922,Юлия Савельев,+7 (914) 383-05-37,user105922@example.ru,Новосибирск,21.12.2025
c103075,Лидия Белых,+7 (996) 258-24-89,user103075@example.ru,Новосибирск,11.01.2025
c101096,Алиса Белых,+7 (962) 649-71-03,user101096@example.ru,Новосибирск,14.02.2024
c105740,Юлия Осипова,+7 (962) 704-53-26,user105740@example.ru,Екатеринбург,08.07.2025
c105750,Кирилл Тихонова,+7 (946) 056-85-78,user105750@example.ru,Новосибирск,08.11.2024
c103502,Вера Панин,+7 (942) 962-81-44,user103502@example.ru,Москва,31.08.2025
c105630,Егор Зуева,+7 (917) 607-08-57,user105630@example.ru,Санкт-Петербург,24.02.2025
c100693,Елена Сорокина,+7 (943) 526-57-84,user100693@example.ru,Новосибирск,31.05.2025
c102593,Елена Гордеев,+7 (992) 931-86-63,user102593@example.ru,Санкт-Петербург,03.10.2024
c103367,Анна Гордеев,+7 (949) 226-34-06,user103367@example.ru,Новосибирск,20.08.2025
c103536,Юлия Шилова,+7 (936) 872-88-79,user103536@example.ru,Новосибирск,07.04.2025
c101718,Денис Лаптев,+7 (957) 098-12-16,user101718@example.ru,Казань,13.06.2024
c103042,Ольга Нестеров,+7 (937) 684-77-35,user103042@example.ru,Казань,03.03.2025
c100554,Наталья Лаптев,+7 (989) 741-68-98,user100554@example.ru,Красноярск,30.07.2024
c104479,Игорь Савельев,+7 (985) 597-75-82,user104479@example.ru,Красноярск,05.03.2026
c102576,Елена Белых,+7 (911) 257-99-64,user102576@example.ru,Новосибирск,14.07.2024
c104120,Денис Осипова,+7 (916) 366-74-85,user104120@example.ru,Москва,16.03.2025
c102705,Алиса Мешков,+7 (983) 935-87-34,user102705@example.ru,Екатеринбург,15.11.2024
c103174,Игорь Тихонова,+7 (911) 354-09-21,user103174@example.ru,Екатеринбург,27.03.2024
c105270,Глеб Зуева,+7 (940) 189-81-68,user105270@example.ru,Новосибирск,30.05.2026
c101270,Максим Лаптев,+7 (945) 283-28-58,user101270@example.ru,Санкт-Петербург,26.09.2025
c102587,Тимур Савельев,+7 (991) 804-68-16,user102587@example.ru,Новосибирск,19.09.2024
c106378,Вера Нестеров,+7 (967) 363-27-77,user106378@example.ru,Москва,12.08.2024
c106354,Артур Осипова,+7 (953) 137-78-16,user106354@example.ru,Казань,07.03.2025
c105818,Наталья Ермаков,+7 (918) 317-51-01,user105818@example.ru,Красноярск,02.07.2024
c102731,Павел Мешков,+7 (910) 642-31-00,user102731@example.ru,Екатеринбург,25.03.2024
c100246,Максим Панин,+7 (963) 902-26-19,user100246@example.ru,Москва,13.12.2025
c105702,Тимур Мешков,+7 (999) 438-67-39,user105702@example.ru,Санкт-Петербург,31.12.2024
c102334,Алиса Зуева,+7 (927) 305-67-95,user102334@example.ru,Красноярск,21.06.2024
c104947,Кирилл Гордеев,+7 (978) 830-66-95,user104947@example.ru,Новосибирск,18.11.2025
c103763,Игорь Панин,+7 (995) 953-20-75,user103763@example.ru,Санкт-Петербург,19.05.2026
c106815,Анна Зуева,+7 (938) 234-18-50,user106815@example.ru,Казань,13.03.2024
c106569,Кирилл Ермаков,+7 (994) 944-24-16,user106569@example.ru,Екатеринбург,31.03.2025
c100974,Ольга Панин,+7 (929) 864-90-42,user100974@example.ru,Новосибирск,18.02.2026
c105366,Юлия Белых,+7 (940) 739-87-30,user105366@example.ru,Екатеринбург,30.06.2025
c103624,Роман Сорокина,+7 (918) 486-44-58,user103624@example.ru,Москва,26.05.2025
c105931,Ольга Гордеев,+7 (994) 207-77-99,user105931@example.ru,Красноярск,23.12.2024
c102239,Лидия Тихонова,+7 (952) 348-80-31,user102239@example.ru,Казань,26.04.2026
c104353,Елена Крылов,+7 (965) 420-20-28,user104353@example.ru,Новосибирск,23.04.2025
c106653,Егор Крылов,+7 (964) 563-75-63,user106653@example.ru,Новосибирск,19.12.2024
c101560,Кирилл Белых,+7 (957) 492-32-47,user101560@example.ru,Казань,12.12.2025
c100393,Елена Сорокина,+7 (968) 402-96-12,user100393@example.ru,Екатеринбург,16.03.2024
c104932,Максим Осипова,+7 (921) 451-94-98,user104932@example.ru,Казань,08.09.2024
c103000,Юлия Мешков,+7 (945) 125-35-04,user103000@example.ru,Москва,29.06.2024
c102543,Алиса Сорокина,+7 (972) 312-14-08,user102543@example.ru,Москва,18.10.2024
c106280,Ольга Юдина,+7 (946) 912-50-02,user106280@example.ru,Новосибирск,17.04.2025
c101045,Наталья Юдина,+7 (967) 192-51-89,user101045@example.ru,Новосибирск,01.11.2025
c102407,Артур Тихонова,+7 (932) 865-13-31,user102407@example.ru,Екатеринбург,13.12.2024
c102666,Лидия Мешков,+7 (934) 699-70-01,user102666@example.ru,Новосибирск,04.06.2026
c102172,Кирилл Зуева,+7 (982) 118-90-61,user102172@example.ru,Казань,27.06.2026
c106582,Лидия Зуева,+7 (934) 141-02-98,user106582@example.ru,Новосибирск,18.01.2026
c106379,Максим Ермаков,+7 (967) 548-17-88,user106379@example.ru,Санкт-Петербург,04.03.2025
c100764,Игорь Сорокина,+7 (990) 578-24-29,user100764@example.ru,Красноярск,27.03.2025
c105651,Роман Ермаков,+7 (973) 269-08-42,user105651@example.ru,Казань,26.07.2024
c100488,Павел Белых,+7 (956) 724-92-12,user100488@example.ru,Казань,10.07.2025
c101408,Вера Нестеров,+7 (915) 887-80-13,user101408@example.ru,Санкт-Петербург,18.05.2025
c102337,Егор Панин,+7 (945) 857-17-50,user102337@example.ru,Екатеринбург,10.02.2024
c101232,Денис Осипова,+7 (924) 435-80-72,user101232@example.ru,Екатеринбург,10.05.2024
c100379,Юлия Нестеров,+7 (975) 697-50-13,user100379@example.ru,Санкт-Петербург,05.09.2024
c100552,Мария Ковальчук,+7 (919) 250-19-07,user100552@example.ru,Красноярск,04.05.2026
c100403,Наталья Ермаков,+7 (998) 254-39-57,user100403@example.ru,Москва,04.04.2024
c102196,Мария Савельев,+7 (972) 211-43-58,user102196@example.ru,Санкт-Петербург,17.07.2024
c105699,Глеб Савельев,+7 (970) 843-80-50,user105699@example.ru,Екатеринбург,13.05.2024
c102528,Роман Панин,+7 (977) 925-70-19,user102528@example.ru,Санкт-Петербург,21.05.2025
c105162,Лидия Зуева,+7 (984) 551-62-54,user105162@example.ru,Москва,03.07.2024
c100318,Ольга Крылов,+7 (916) 291-73-66,user100318@example.ru,Санкт-Петербург,24.09.2025
c103107,Павел Осипова,+7 (997) 551-44-04,user103107@example.ru,Москва,14.03.2026
c103942,Артур Ермаков,+7 (915) 278-53-17,user103942@example.ru,Казань,28.01.2026
c100864,Максим Гордеев,+7 (959) 701-76-51,user100864@example.ru,Новосибирск,29.03.2025
c104799,Анна Осипова,+7 (922) 554-16-59,user104799@example.ru,Москва,15.02.2025
c105793,Алиса Белых,+7 (976) 535-00-58,user105793@example.ru,Екатеринбург,25.02.2024
c100815,Роман Осипова,+7 (943) 042-77-42,user100815@example.ru,Новосибирск,23.01.2024
c102106,Лидия Белых,+7 (933) 700-98-90,user102106@example.ru,Москва,18.01.2025
c105341,Полина Ермаков,+7 (953) 380-02-57,user105341@example.ru,Москва,30.03.2025
c106331,Вера Панин,+7 (989) 264-17-64,user106331@example.ru,Новосибирск,01.07.2025
c101814,Денис Ермаков,+7 (975) 258-08-05,user101814@example.ru,Санкт-Петербург,07.04.2026
c105984,Наталья Нестеров,+7 (928) 831-87-81,user105984@example.ru,Москва,05.10.2024
c100873,Мария Савельев,+7 (967) 590-00-63,user100873@example.ru,Красноярск,21.11.2024
c102749,Алиса Осипова,+7 (971) 193-86-66,user102749@example.ru,Санкт-Петербург,26.03.2026
c102808,Павел Шилова,+7 (928) 138-09-36,user102808@example.ru,Москва,06.02.2026
c100933,Ольга Осипова,+7 (911) 688-09-41,user100933@example.ru,Казань,22.01.2025
c103649,Денис Лаптев,+7 (915) 996-02-57,user103649@example.ru,Екатеринбург,07.02.2025
c100244,Роман Нестеров,+7 (957) 134-64-30,user100244@example.ru,Екатеринбург,22.02.2026
c101122,Елена Тихонова,+7 (923) 017-05-41,user101122@example.ru,Москва,05.05.2024
c102457,Роман Савельев,+7 (938) 556-39-07,user102457@example.ru,Казань,03.08.2025
c106009,Вера Юдина,+7 (913) 806-97-44,user106009@example.ru,Казань,29.06.2026
c104475,Елена Ковальчук,+7 (945) 701-37-22,user104475@example.ru,Екатеринбург,03.02.2024
c102553,Наталья Зуева,+7 (954) 954-30-99,user102553@example.ru,Екатеринбург,09.10.2025
c101871,Анна Тихонова,+7 (927) 081-87-71,user101871@example.ru,Екатеринбург,04.04.2024
c104668,Полина Осипова,+7 (987) 937-17-42,user104668@example.ru,Казань,13.04.2024
c100189,Ольга Ковальчук,+7 (912) 298-13-90,user100189@example.ru,Красноярск,06.08.2024
c100906,Тимур Шилова,+7 (929) 324-69-83,user100906@example.ru,Санкт-Петербург,19.07.2025
c105431,Полина Шилова,+7 (969) 590-44-84,user105431@example.ru,Новосибирск,14.09.2024
c103161,Лидия Зуева,+7 (972) 807-28-84,user103161@example.ru,Казань,13.04.2026
c105684,Тимур Белых,+7 (926) 831-92-29,user105684@example.ru,Санкт-Петербург,03.02.2024
c103996,Глеб Ковальчук,+7 (947) 508-96-80,user103996@example.ru,Казань,29.03.2026
c100177,Тимур Зуева,+7 (937) 498-38-09,user100177@example.ru,Казань,21.02.2025
c102174,Игорь Гордеев,+7 (977) 626-96-89,user102174@example.ru,Екатеринбург,14.02.2024
c100941,Лидия Зуева,+7 (940) 106-72-44,user100941@example.ru,Екатеринбург,01.01.2025
c104123,Денис Ковальчук,+7 (996) 284-65-75,user104123@example.ru,Москва,21.02.2025
c104163,Вера Сорокина,+7 (931) 915-00-74,user104163@example.ru,Красноярск,01.10.2025
c106609,Ольга Сорокина,+7 (973) 780-38-89,user106609@example.ru,Казань,13.06.2025
c102265,Максим Юдина,+7 (984) 118-83-32,user102265@example.ru,Москва,08.06.2024
c101539,Ольга Осипова,+7 (939) 855-71-58,user101539@example.ru,Новосибирск,22.08.2025
c100536,Егор Лаптев,+7 (981) 135-90-08,user100536@example.ru,Екатеринбург,07.04.2025
c106890,Глеб Белых,+7 (933) 941-94-45,user106890@example.ru,Новосибирск,24.12.2024
c106443,Егор Тихонова,+7 (958) 648-32-58,user106443@example.ru,Москва,17.02.2025
c102668,Вера Мешков,+7 (915) 795-54-66,user102668@example.ru,Новосибирск,22.11.2024
c105475,Елена Шилова,+7 (957) 114-47-25,user105475@example.ru,Москва,01.11.2024
c102715,Полина Белых,+7 (964) 845-88-69,user102715@example.ru,Москва,30.10.2024
c104037,Елена Лаптев,+7 (932) 251-32-93,user104037@example.ru,Казань,02.05.2025
c100505,Алиса Шилова,+7 (940) 325-72-88,user100505@example.ru,Казань,11.02.2025
c100593,Денис Панин,+7 (973) 200-80-80,user100593@example.ru,Москва,26.07.2024
c104449,Игорь Сорокина,+7 (962) 961-06-62,user104449@example.ru,Екатеринбург,27.02.2026
c104360,Денис Крылов,+7 (916) 709-88-64,user104360@example.ru,Новосибирск,15.10.2025
c101409,Наталья Сорокина,+7 (995) 062-18-39,user101409@example.ru,Екатеринбург,08.01.2026
c100565,Елена Шилова,+7 (946) 154-48-02,user100565@example.ru,Екатеринбург,24.03.2026
c106545,Ольга Белых,+7 (954) 465-59-90,user106545@example.ru,Новосибирск,10.03.2026
c103818,Роман Нестеров,+7 (993) 494-54-57,user103818@example.ru,Новосибирск,02.02.2024
c103036,Полина Нестеров,+7 (956) 227-55-30,user103036@example.ru,Красноярск,24.11.2024
c104077,Максим Крылов,+7 (997) 005-22-09,user104077@example.ru,Новосибирск,07.11.2025
c103747,Егор Юдина,+7 (985) 571-67-74,user103747@example.ru,Новосибирск,17.03.2025
c102020,Алиса Ковальчук,+7 (926) 991-39-07,user102020@example.ru,Екатеринбург,26.03.2024
c104684,Роман Нестеров,+7 (927) 405-75-32,user104684@example.ru,Москва,10.12.2025
c105890,Юлия Мешков,+7 (928) 936-28-48,user105890@example.ru,Красноярск,25.10.2025
c102732,Тимур Ковальчук,+7 (994) 529-22-67,user102732@example.ru,Москва,25.05.2024
c104251,Павел Крылов,+7 (921) 757-19-54,user104251@example.ru,Казань,11.12.2024
c102689,Максим Белых,+7 (998) 103-15-91,user102689@example.ru,Красноярск,27.01.2025
c106568,Елена Белых,+7 (998) 998-72-21,user106568@example.ru,Екатеринбург,06.02.2026
c106018,Роман Мешков,+7 (971) 802-99-97,user106018@example.ru,Санкт-Петербург,02.02.2025
c106753,Юлия Савельев,+7 (946) 820-89-68,user106753@example.ru,Екатеринбург,18.05.2025
c101157,Артур Юдина,+7 (955) 674-37-65,user101157@example.ru,Санкт-Петербург,15.04.2026
c100452,Полина Савельев,+7 (960) 708-37-41,user100452@example.ru,Екатеринбург,24.05.2024
c104300,Лидия Сорокина,+7 (925) 956-95-85,user104300@example.ru,Екатеринбург,16.10.2025
c106334,Павел Гордеев,+7 (951) 137-00-18,user106334@example.ru,Казань,15.06.2026
c100087,Алиса Гордеев,+7 (927) 189-39-08,user100087@example.ru,Красноярск,07.03.2024
c104813,Полина Ковальчук,+7 (916) 415-97-01,user104813@example.ru,Санкт-Петербург,10.11.2024
c100627,Лидия Лаптев,+7 (972) 132-42-85,user100627@example.ru,Екатеринбург,22.06.2026
c100825,Полина Лаптев,+7 (996) 065-86-44,user100825@example.ru,Москва,01.10.2024
c101638,Игорь Панин,+7 (965) 012-05-38,user101638@example.ru,Москва,27.11.2024
c105259,Лидия Тихонова,+7 (950) 973-59-09,user105259@example.ru,Новосибирск,31.10.2025
c101932,Глеб Белых,+7 (931) 489-83-20,user101932@example.ru,Красноярск,06.12.2025
c105568,Максим Нестеров,+7 (959) 281-24-59,user105568@example.ru,Новосибирск,14.12.2025
c104523,Егор Осипова,+7 (967) 003-45-16,user104523@example.ru,Новосибирск,13.05.2024
c106893,Вера Юдина,+7 (933) 569-90-26,user106893@example.ru,Санкт-Петербург,19.12.2024
c100936,Глеб Крылов,+7 (952) 465-87-20,user100936@example.ru,Москва,13.08.2025
c102294,Денис Юдина,+7 (990) 020-25-92,user102294@example.ru,Казань,25.10.2024
c103736,Роман Ковальчук,+7 (984) 210-14-40,user103736@example.ru,Москва,19.04.2024
c105275,Полина Юдина,+7 (997) 836-70-41,user105275@example.ru,Екатеринбург,09.07.2024
c100723,Максим Мешков,+7 (971) 824-66-75,user100723@example.ru,Москва,13.06.2025
c103086,Лидия Белых,+7 (934) 608-43-73,user103086@example.ru,Красноярск,25.02.2026
c106465,Артур Тихонова,+7 (969) 076-22-90,user106465@example.ru,Новосибирск,17.12.2025
c100626,Павел Зуева,+7 (983) 051-77-73,user100626@example.ru,Казань,18.01.2024
c100384,Артур Мешков,+7 (920) 785-07-52,user100384@example.ru,Санкт-Петербург,16.05.2025
c102890,Алиса Лаптев,+7 (998) 728-09-04,user102890@example.ru,Казань,22.06.2024
c105334,Павел Тихонова,+7 (973) 813-09-89,user105334@example.ru,Красноярск,25.12.2024
c102863,Павел Осипова,+7 (998) 109-34-97,user102863@example.ru,Красноярск,22.06.2024
c101440,Ольга Тихонова,+7 (933) 222-31-51,user101440@example.ru,Красноярск,11.05.2025
c103891,Глеб Ермаков,+7 (995) 953-20-52,user103891@example.ru,Москва,14.09.2024
c101714,Максим Шилова,+7 (928) 655-92-63,user101714@example.ru,Казань,06.04.2025
c104173,Вера Белых,+7 (947) 615-29-03,user104173@example.ru,Красноярск,02.07.2025
c105553,Ольга Лаптев,+7 (963) 085-69-94,user105553@example.ru,Санкт-Петербург,16.05.2026
c104654,Денис Зуева,+7 (996) 946-97-00,user104654@example.ru,Санкт-Петербург,23.06.2024
c100953,Ольга Осипова,+7 (962) 014-05-32,user100953@example.ru,Екатеринбург,21.01.2024
c106333,Наталья Осипова,+7 (949) 470-76-16,user106333@example.ru,Красноярск,14.04.2024
c101882,Алиса Панин,+7 (929) 702-87-42,user101882@example.ru,Екатеринбург,03.09.2024
c103246,Егор Панин,+7 (932) 334-65-69,user103246@example.ru,Екатеринбург,25.03.2024
c105174,Наталья Ермаков,+7 (979) 895-07-80,user105174@example.ru,Москва,16.05.2025
c102274,Артур Белых,+7 (924) 160-49-69,user102274@example.ru,Москва,02.03.2024
c101986,Кирилл Зуева,+7 (947) 357-85-63,user101986@example.ru,Новосибирск,26.02.2025
c103606,Наталья Сорокина,+7 (961) 668-23-15,user103606@example.ru,Красноярск,18.09.2024
c105758,Роман Савельев,+7 (956) 115-76-34,user105758@example.ru,Санкт-Петербург,11.06.2024
c105300,Денис Нестеров,+7 (965) 864-03-66,user105300@example.ru,Красноярск,10.04.2025
c105384,Денис Шилова,+7 (957) 804-61-54,user105384@example.ru,Екатеринбург,02.02.2024
c106807,Ольга Ермаков,+7 (968) 786-53-38,user106807@example.ru,Новосибирск,07.06.2024
c100078,Павел Панин,+7 (932) 450-69-57,user100078@example.ru,Санкт-Петербург,10.04.2026
c100899,Глеб Юдина,+7 (967) 015-66-36,user100899@example.ru,Екатеринбург,07.04.2025
c104854,Тимур Белых,+7 (916) 122-90-13,user104854@example.ru,Красноярск,31.05.2026
c106218,Анна Белых,+7 (917) 670-59-76,user106218@example.ru,Екатеринбург,29.04.2024
c102033,Наталья Панин,+7 (944) 051-36-54,user102033@example.ru,Екатеринбург,13.11.2024
c106735,Тимур Зуева,+7 (996) 748-28-76,user106735@example.ru,Санкт-Петербург,23.06.2025
c105198,Юлия Ермаков,+7 (951) 967-57-73,user105198@example.ru,Новосибирск,21.03.2026
c100050,Юлия Белых,+7 (956) 272-40-32,user100050@example.ru,Казань,09.10.2025
c102801,Денис Савельев,+7 (986) 214-75-61,user102801@example.ru,Екатеринбург,03.02.2024
c104530,Тимур Панин,+7 (976) 220-09-76,user104530@example.ru,Санкт-Петербург,05.06.2025
c104038,Егор Лаптев,+7 (971) 358-11-38,user104038@example.ru,Красноярск,06.05.2024
c102202,Мария Мешков,+7 (978) 000-57-42,user102202@example.ru,Красноярск,22.01.2026
c102322,Вера Тихонова,+7 (922) 638-39-66,user102322@example.ru,Казань,27.06.2024
c106415,Елена Панин,+7 (969) 666-11-27,user106415@example.ru,Красноярск,19.07.2024
c104153,Елена Крылов,+7 (953) 675-14-87,user104153@example.ru,Новосибирск,29.08.2024
c106257,Глеб Сорокина,+7 (966) 614-31-41,user106257@example.ru,Москва,09.05.2024
c105539,Павел Зуева,+7 (933) 457-90-56,user105539@example.ru,Екатеринбург,01.02.2026
c104049,Кирилл Крылов,+7 (926) 081-16-38,user104049@example.ru,Санкт-Петербург,31.07.2024
c101170,Вера Лаптев,+7 (916) 784-09-16,user101170@example.ru,Москва,06.11.2025
c100542,Юлия Нестеров,+7 (991) 044-17-18,user100542@example.ru,Москва,05.10.2025
c101491,Кирилл Нестеров,+7 (972) 392-51-49,user101491@example.ru,Санкт-Петербург,31.10.2025
c104301,Алиса Мешков,+7 (995) 105-34-79,user104301@example.ru,Москва,12.06.2025
c102078,Полина Юдина,+7 (920) 095-85-56,user102078@example.ru,Санкт-Петербург,05.07.2024
c105059,Максим Савельев,+7 (972) 306-65-28,user105059@example.ru,Екатеринбург,07.07.2024
c104362,Наталья Осипова,+7 (937) 883-01-29,user104362@example.ru,Санкт-Петербург,12.03.2025
c103874,Алиса Лаптев,+7 (978) 330-59-29,user103874@example.ru,Красноярск,09.06.2025
c102378,Ольга Осипова,+7 (978) 620-53-47,user102378@example.ru,Екатеринбург,28.10.2025
c104906,Алиса Мешков,+7 (979) 247-17-61,user104906@example.ru,Санкт-Петербург,10.07.2024
c104618,Елена Панин,+7 (933) 340-54-04,user104618@example.ru,Москва,07.07.2025
c104021,Денис Осипова,+7 (979) 148-14-94,user104021@example.ru,Екатеринбург,12.07.2024
c101709,Вера Гордеев,+7 (973) 485-66-37,user101709@example.ru,Санкт-Петербург,12.08.2025
c104304,Денис Юдина,+7 (914) 953-23-42,user104304@example.ru,Новосибирск,26.05.2025
c102677,Ольга Гордеев,+7 (994) 045-16-18,user102677@example.ru,Новосибирск,10.03.2025
c106114,Роман Ковальчук,+7 (937) 307-49-78,user106114@example.ru,Санкт-Петербург,19.12.2024
c101424,Тимур Зуева,+7 (945) 361-25-50,user101424@example.ru,Екатеринбург,23.12.2024
c106607,Лидия Шилова,+7 (964) 231-66-52,user106607@example.ru,Санкт-Петербург,24.12.2025
c105599,Лидия Юдина,+7 (922) 662-15-94,user105599@example.ru,Казань,20.01.2026
c104367,Павел Панин,+7 (943) 604-97-97,user104367@example.ru,Санкт-Петербург,24.01.2025
c100614,Глеб Сорокина,+7 (919) 503-45-04,user100614@example.ru,Москва,22.04.2026
c102650,Лидия Шилова,+7 (917) 731-55-00,user102650@example.ru,Новосибирск,19.05.2026
c100251,Роман Белых,+7 (990) 659-17-26,user100251@example.ru,Санкт-Петербург,31.07.2025
c105009,Игорь Ковальчук,+7 (935) 548-94-73,user105009@example.ru,Красноярск,04.01.2025
c102356,Мария Лаптев,+7 (952) 013-23-56,user102356@example.ru,Новосибирск,10.06.2025
c106571,Кирилл Лаптев,+7 (913) 184-68-26,user106571@example.ru,Красноярск,28.01.2025
c102222,Алиса Нестеров,+7 (933) 816-82-13,user102222@example.ru,Новосибирск,23.05.2026
c103509,Егор Лаптев,+7 (933) 514-43-43,user103509@example.ru,Екатеринбург,14.05.2025
c105129,Максим Ермаков,+7 (978) 853-56-75,user105129@example.ru,Красноярск,19.02.2026
c104091,Алиса Ермаков,+7 (975) 285-19-84,user104091@example.ru,Москва,28.06.2024
c101447,Наталья Осипова,+7 (965) 193-63-56,user101447@example.ru,Казань,06.05.2024
c104287,Юлия Крылов,+7 (952) 351-41-59,user104287@example.ru,Казань,19.04.2025
c100970,Наталья Крылов,+7 (939) 236-05-07,user100970@example.ru,Красноярск,10.07.2025
c104430,Денис Тихонова,+7 (977) 073-97-25,user104430@example.ru,Екатеринбург,14.08.2025
c100035,Кирилл Лаптев,+7 (997) 929-52-90,user100035@example.ru,Москва,08.07.2025
c103114,Полина Зуева,+7 (963) 115-26-23,user103114@example.ru,Новосибирск,08.02.2025
c105941,Кирилл Осипова,+7 (941) 366-87-69,user105941@example.ru,Красноярск,12.10.2025
c101314,Наталья Сорокина,+7 (983) 984-46-97,user101314@example.ru,Новосибирск,24.09.2025
c103929,Глеб Зуева,+7 (943) 550-97-53,user103929@example.ru,Санкт-Петербург,11.10.2025
c101101,Юлия Сорокина,+7 (919) 667-49-96,user101101@example.ru,Москва,16.05.2025
c105464,Наталья Лаптев,+7 (926) 606-27-19,user105464@example.ru,Новосибирск,19.07.2024
c105601,Егор Тихонова,+7 (914) 486-54-17,user105601@example.ru,Москва,07.09.2024
c100138,Егор Лаптев,+7 (985) 309-16-65,user100138@example.ru,Казань,11.02.2026
c103615,Наталья Савельев,+7 (921) 891-20-38,user103615@example.ru,Новосибирск,16.07.2024
c101160,Кирилл Панин,+7 (936) 631-40-66,user101160@example.ru,Красноярск,06.05.2024
c103088,Павел Гордеев,+7 (992) 654-77-82,user103088@example.ru,Екатеринбург,13.05.2024
c102544,Полина Лаптев,+7 (946) 424-19-68,user102544@example.ru,Казань,07.04.2025
c101886,Вера Тихонова,+7 (925) 417-41-53,user101886@example.ru,Москва,06.11.2025
c105982,Роман Ермаков,+7 (975) 979-61-00,user105982@example.ru,Москва,29.07.2024
c101516,Павел Нестеров,+7 (910) 746-79-03,user101516@example.ru,Казань,22.07.2024
c106078,Елена Лаптев,+7 (988) 264-66-13,user106078@example.ru,Екатеринбург,05.08.2024
c104297,Глеб Белых,+7 (982) 863-28-62,user104297@example.ru,Екатеринбург,01.01.2026
c104186,Полина Белых,+7 (931) 440-55-22,user104186@example.ru,Москва,02.03.2026
c100473,Игорь Сорокина,+7 (997) 066-13-85,user100473@example.ru,Новосибирск,02.02.2026
c103894,Вера Нестеров,+7 (989) 477-20-36,user103894@example.ru,Красноярск,17.01.2026
c104419,Юлия Юдина,+7 (943) 995-09-23,user104419@example.ru,Новосибирск,14.12.2025
c105291,Кирилл Ковальчук,+7 (913) 879-98-47,user105291@example.ru,Екатеринбург,27.01.2024
c103047,Егор Тихонова,+7 (974) 951-64-18,user103047@example.ru,Новосибирск,06.04.2026
c101659,Денис Шилова,+7 (912) 261-25-12,user101659@example.ru,Санкт-Петербург,10.04.2026
c102820,Елена Юдина,+7 (974) 795-95-74,user102820@example.ru,Казань,21.11.2025
c105196,Алиса Панин,+7 (984) 695-69-38,user105196@example.ru,Красноярск,11.03.2026
c103939,Егор Савельев,+7 (924) 251-88-42,user103939@example.ru,Красноярск,25.08.2024
c100578,Максим Белых,+7 (912) 994-86-16,user100578@example.ru,Новосибирск,18.09.2024
c101851,Денис Нестеров,+7 (936) 018-07-39,user101851@example.ru,Санкт-Петербург,23.07.2025
c103151,Елена Юдина,+7 (947) 397-57-08,user103151@example.ru,Екатеринбург,17.10.2024
c101373,Максим Белых,+7 (917) 529-85-73,user101373@example.ru,Казань,02.07.2025
c100703,Денис Лаптев,+7 (925) 470-97-04,user100703@example.ru,Казань,28.03.2024
c106287,Кирилл Шилова,+7 (958) 739-83-54,user106287@example.ru,Новосибирск,24.06.2025
c105725,Елена Лаптев,+7 (928) 016-35-55,user105725@example.ru,Красноярск,14.04.2024
c105060,Максим Ковальчук,+7 (910) 298-78-19,user105060@example.ru,Санкт-Петербург,18.06.2024
c100390,Павел Шилова,+7 (934) 947-98-53,user100390@example.ru,Красноярск,03.02.2025
c105797,Анна Лаптев,+7 (995) 070-21-71,user105797@example.ru,Новосибирск,05.09.2025
c102017,Роман Панин,+7 (989) 614-27-78,user102017@example.ru,Красноярск,09.03.2025
c104046,Алиса Ковальчук,+7 (993) 569-74-15,user104046@example.ru,Красноярск,03.03.2024
c100032,Максим Лаптев,+7 (961) 747-57-85,user100032@example.ru,Екатеринбург,18.07.2024
c102944,Анна Лаптев,+7 (954) 886-26-40,user102944@example.ru,Красноярск,02.01.2025
c103004,Юлия Ковальчук,+7 (913) 303-94-24,user103004@example.ru,Екатеринбург,12.03.2025
c101506,Мария Юдина,+7 (998) 550-01-53,user101506@example.ru,Казань,15.03.2026
c100268,Игорь Гордеев,+7 (934) 262-02-58,user100268@example.ru,Москва,24.03.2024
c106633,Елена Шилова,+7 (958) 317-62-37,user106633@example.ru,Новосибирск,18.01.2024
c104635,Артур Мешков,+7 (997) 091-62-73,user104635@example.ru,Красноярск,26.04.2024
c101125,Вера Гордеев,+7 (968) 537-53-28,user101125@example.ru,Красноярск,23.10.2024
c105771,Лидия Зуева,+7 (963) 867-16-56,user105771@example.ru,Казань,02.01.2025
c104319,Егор Мешков,+7 (976) 806-77-67,user104319@example.ru,Санкт-Петербург,03.08.2024
c104519,Тимур Зуева,+7 (923) 498-90-58,user104519@example.ru,Екатеринбург,17.02.2024
c101632,Павел Панин,+7 (948) 957-47-02,user101632@example.ru,Красноярск,13.11.2024
c103547,Артур Осипова,+7 (963) 454-04-29,user103547@example.ru,Казань,31.05.2025
c104591,Максим Лаптев,+7 (950) 306-06-33,user104591@example.ru,Екатеринбург,17.04.2024
c101344,Роман Гордеев,+7 (987) 231-48-01,user101344@example.ru,Санкт-Петербург,23.05.2026
c105893,Лидия Панин,+7 (955) 806-08-46,user105893@example.ru,Екатеринбург,03.02.2026
c105934,Ольга Ермаков,+7 (942) 115-76-31,user105934@example.ru,Казань,24.09.2024
c100990,Ольга Гордеев,+7 (958) 965-37-13,user100990@example.ru,Екатеринбург,28.03.2025
c105337,Ольга Юдина,+7 (970) 803-67-22,user105337@example.ru,Екатеринбург,03.10.2025
c102439,Алиса Юдина,+7 (997) 653-64-68,user102439@example.ru,Санкт-Петербург,11.05.2024
c103186,Наталья Сорокина,+7 (936) 279-16-24,user103186@example.ru,Красноярск,15.03.2026
c100467,Елена Нестеров,+7 (968) 450-49-36,user100467@example.ru,Красноярск,24.05.2026
c102219,Вера Тихонова,+7 (910) 874-33-35,user102219@example.ru,Новосибирск,24.08.2024
c103342,Денис Нестеров,+7 (952) 720-07-74,user103342@example.ru,Казань,26.05.2026
c106253,Максим Панин,+7 (947) 703-39-95,user106253@example.ru,Красноярск,13.11.2024
c106045,Кирилл Юдина,+7 (951) 974-10-89,user106045@example.ru,Казань,21.03.2024
c100968,Юлия Савельев,+7 (916) 788-95-52,user100968@example.ru,Казань,13.02.2024
c105489,Ольга Ковальчук,+7 (946) 571-24-45,user105489@example.ru,Екатеринбург,02.08.2024
c104085,Мария Тихонова,+7 (921) 698-78-06,user104085@example.ru,Красноярск,04.04.2025
c102287,Полина Зуева,+7 (925) 700-33-64,user102287@example.ru,Новосибирск,17.08.2024
c100570,Елена Зуева,+7 (979) 789-14-59,user100570@example.ru,Казань,11.02.2024
c100553,Егор Тихонова,+7 (954) 419-80-84,user100553@example.ru,Екатеринбург,27.02.2024
c100440,Кирилл Лаптев,+7 (960) 945-46-21,user100440@example.ru,Москва,02.11.2024
c102333,Анна Ермаков,+7 (984) 614-59-73,user102333@example.ru,Екатеринбург,12.08.2024
c104197,Артур Юдина,+7 (994) 338-51-62,user104197@example.ru,Москва,20.07.2025
c100789,Тимур Крылов,+7 (975) 353-11-98,user100789@example.ru,Екатеринбург,06.12.2025
c106885,Максим Лаптев,+7 (970) 842-78-75,user106885@example.ru,Екатеринбург,18.06.2025
c101129,Тимур Сорокина,+7 (925) 441-23-55,user101129@example.ru,Екатеринбург,04.08.2024
c101910,Наталья Крылов,+7 (937) 667-56-07,user101910@example.ru,Новосибирск,21.07.2025
c105225,Тимур Мешков,+7 (996) 728-34-47,user105225@example.ru,Казань,28.03.2026
c101934,Роман Белых,+7 (951) 501-25-97,user101934@example.ru,Екатеринбург,28.09.2025
c103597,Глеб Ковальчук,+7 (959) 662-84-43,user103597@example.ru,Москва,19.05.2026
c102145,Ольга Ковальчук,+7 (957) 867-96-86,user102145@example.ru,Екатеринбург,23.01.2026
c106096,Лидия Ермаков,+7 (989) 427-01-42,user106096@example.ru,Новосибирск,13.06.2024
c105597,Павел Юдина,+7 (931) 367-33-27,user105597@example.ru,Красноярск,16.03.2026
c105779,Вера Панин,+7 (988) 125-64-39,user105779@example.ru,Красноярск,02.09.2025
c105215,Полина Зуева,+7 (994) 183-15-60,user105215@example.ru,Новосибирск,10.11.2024
c103457,Полина Ермаков,+7 (916) 778-26-06,user103457@example.ru,Казань,13.02.2025
c103250,Денис Юдина,+7 (941) 504-50-41,user103250@example.ru,Москва,30.03.2024
c103113,Наталья Крылов,+7 (937) 627-20-46,user103113@example.ru,Екатеринбург,25.09.2024
c102718,Алиса Ермаков,+7 (926) 968-78-28,user102718@example.ru,Санкт-Петербург,01.04.2025
c106889,Артур Белых,+7 (956) 854-31-11,user106889@example.ru,Санкт-Петербург,22.08.2024
c106730,Анна Шилова,+7 (910) 955-44-88,user106730@example.ru,Казань,19.10.2024
c106796,Анна Белых,+7 (913) 854-02-98,user106796@example.ru,Екатеринбург,14.02.2025
c104992,Кирилл Панин,+7 (972) 854-89-34,user104992@example.ru,Санкт-Петербург,23.09.2025
c103595,Игорь Белых,+7 (993) 420-28-43,user103595@example.ru,Новосибирск,27.03.2025
c104140,Лидия Сорокина,+7 (925) 771-32-04,user104140@example.ru,Казань,13.07.2024
c106640,Роман Юдина,+7 (921) 055-82-88,user106640@example.ru,Санкт-Петербург,27.02.2026
c106834,Юлия Гордеев,+7 (938) 001-35-42,user106834@example.ru,Красноярск,12.09.2024
c104414,Мария Сорокина,+7 (988) 495-88-32,user104414@example.ru,Новосибирск,28.01.2025
c100877,Полина Крылов,+7 (943) 470-04-60,user100877@example.ru,Новосибирск,25.05.2025
c105574,Ольга Мешков,+7 (997) 762-07-80,user105574@example.ru,Новосибирск,06.05.2026
c104033,Роман Лаптев,+7 (999) 246-40-48,user104033@example.ru,Москва,29.03.2025
c101765,Ольга Нестеров,+7 (981) 615-40-22,user101765@example.ru,Екатеринбург,30.09.2024
c103537,Егор Лаптев,+7 (921) 183-63-23,user103537@example.ru,Новосибирск,28.06.2024
c104536,Наталья Шилова,+7 (961) 770-53-58,user104536@example.ru,Москва,09.07.2024
c104920,Анна Крылов,+7 (963) 138-27-57,user104920@example.ru,Санкт-Петербург,10.11.2025
c104045,Денис Ермаков,+7 (961) 098-48-30,user104045@example.ru,Москва,18.04.2024
c102716,Егор Шилова,+7 (911) 105-59-65,user102716@example.ru,Новосибирск,11.09.2025
c105514,Игорь Осипова,+7 (921) 112-46-36,user105514@example.ru,Москва,23.06.2026
c101785,Наталья Осипова,+7 (915) 727-88-21,user101785@example.ru,Казань,07.05.2025
c103008,Павел Зуева,+7 (965) 346-14-13,user103008@example.ru,Москва,25.06.2026
c106817,Вера Сорокина,+7 (965) 832-27-72,user106817@example.ru,Красноярск,05.10.2025
c103366,Наталья Крылов,+7 (992) 599-04-43,user103366@example.ru,Казань,12.06.2026
c103057,Мария Сорокина,+7 (982) 177-14-82,user103057@example.ru,Новосибирск,08.06.2026
c104051,Анна Савельев,+7 (962) 861-93-36,user104051@example.ru,Санкт-Петербург,14.09.2025
c105869,Ольга Крылов,+7 (976) 456-90-21,user105869@example.ru,Новосибирск,08.02.2026
c105686,Наталья Белых,+7 (973) 917-97-57,user105686@example.ru,Екатеринбург,20.04.2026
c100125,Павел Мешков,+7 (987) 903-48-64,user100125@example.ru,Красноярск,03.05.2026
c103414,Мария Гордеев,+7 (999) 279-14-46,user103414@example.ru,Красноярск,15.08.2025
c105898,Вера Ермаков,+7 (926) 216-89-04,user105898@example.ru,Санкт-Петербург,24.09.2025
c101235,Глеб Ермаков,+7 (981) 963-93-16,user101235@example.ru,Красноярск,28.11.2024
c105075,Юлия Юдина,+7 (991) 821-28-57,user105075@example.ru,Санкт-Петербург,09.12.2024
c104310,Игорь Ермаков,+7 (994) 270-52-62,user104310@example.ru,Новосибирск,03.01.2026
c100340,Роман Тихонова,+7 (986) 479-07-57,user100340@example.ru,Санкт-Петербург,11.05.2026
c102803,Вера Осипова,+7 (958) 385-57-14,user102803@example.ru,Москва,09.03.2026
c103722,Лидия Сорокина,+7 (956) 277-01-57,user103722@example.ru,Красноярск,26.12.2025
c104031,Игорь Панин,+7 (952) 983-18-82,user104031@example.ru,Красноярск,15.03.2025
c105141,Денис Крылов,+7 (940) 851-43-41,user105141@example.ru,Екатеринбург,10.11.2024
c100490,Артур Савельев,+7 (967) 165-38-44,user100490@example.ru,Санкт-Петербург,16.04.2026
c104498,Денис Ермаков,+7 (950) 939-40-88,user104498@example.ru,Москва,13.03.2026
c104452,Артур Белых,+7 (911) 687-83-53,user104452@example.ru,Санкт-Петербург,04.05.2026
c106015,Павел Нестеров,+7 (974) 411-99-21,user106015@example.ru,Красноярск,17.03.2024
c103310,Юлия Шилова,+7 (993) 570-99-92,user103310@example.ru,Москва,28.02.2026
c100515,Ольга Крылов,+7 (952) 103-00-92,user100515@example.ru,Новосибирск,24.11.2025
c102787,Мария Белых,+7 (934) 139-29-58,user102787@example.ru,Санкт-Петербург,19.01.2024
c101987,Мария Зуева,+7 (976) 465-03-03,user101987@example.ru,Екатеринбург,29.06.2025
c104445,Павел Зуева,+7 (999) 896-79-28,user104445@example.ru,Казань,24.06.2025
c102623,Роман Белых,+7 (948) 701-79-27,user102623@example.ru,Санкт-Петербург,14.08.2025
c100150,Тимур Ермаков,+7 (990) 240-50-55,user100150@example.ru,Красноярск,23.05.2026
c104390,Кирилл Савельев,+7 (945) 265-32-92,user104390@example.ru,Москва,03.04.2024
c105419,Максим Осипова,+7 (946) 820-86-72,user105419@example.ru,Москва,05.04.2024
c102475,Игорь Лаптев,+7 (964) 899-05-76,user102475@example.ru,Санкт-Петербург,07.12.2024
c102324,Мария Тихонова,+7 (957) 525-86-08,user102324@example.ru,Екатеринбург,29.07.2024
c101740,Тимур Нестеров,+7 (923) 218-50-22,user101740@example.ru,Екатеринбург,24.02.2026
c100644,Максим Мешков,+7 (995) 926-00-06,user100644@example.ru,Екатеринбург,24.02.2025
c104467,Егор Ковальчук,+7 (979) 042-88-59,user104467@example.ru,Москва,10.03.2026
c101529,Наталья Сорокина,+7 (986) 559-64-04,user101529@example.ru,Екатеринбург,28.01.2024
c102865,Кирилл Панин,+7 (936) 341-77-25,user102865@example.ru,Москва,17.02.2025
c105091,Артур Нестеров,+7 (914) 077-87-35,user105091@example.ru,Москва,31.05.2026
c103987,Лидия Тихонова,+7 (996) 953-21-58,user103987@example.ru,Екатеринбург,02.12.2024
c104790,Тимур Нестеров,+7 (989) 928-00-22,user104790@example.ru,Казань,20.06.2024
c101958,Мария Ковальчук,+7 (952) 232-75-93,user101958@example.ru,Екатеринбург,10.06.2026
c106899,Денис Сорокина,+7 (916) 354-76-57,user106899@example.ru,Казань,15.04.2025
c100683,Мария Нестеров,+7 (979) 683-37-56,user100683@example.ru,Екатеринбург,28.05.2025
c106665,Наталья Юдина,+7 (934) 463-31-61,user106665@example.ru,Красноярск,16.06.2024
c104225,Вера Осипова,+7 (945) 192-17-48,user104225@example.ru,Казань,20.05.2025
c100537,Роман Мешков,+7 (989) 754-77-23,user100537@example.ru,Санкт-Петербург,20.10.2025
c103341,Тимур Зуева,+7 (965) 045-83-59,user103341@example.ru,Санкт-Петербург,04.12.2024
c105202,Лидия Ковальчук,+7 (925) 759-34-65,user105202@example.ru,Екатеринбург,03.04.2024
c101397,Полина Ермаков,+7 (984) 994-06-46,user101397@example.ru,Москва,01.03.2026
c100535,Тимур Зуева,+7 (977) 501-21-24,user100535@example.ru,Екатеринбург,26.01.2025
c105551,Кирилл Зуева,+7 (949) 823-89-90,user105551@example.ru,Екатеринбург,10.06.2025
c105087,Игорь Гордеев,+7 (921) 218-85-83,user105087@example.ru,Москва,12.07.2025
c100793,Мария Ковальчук,+7 (910) 942-89-36,user100793@example.ru,Казань,02.08.2025
c104863,Лидия Ковальчук,+7 (994) 036-65-91,user104863@example.ru,Москва,21.06.2026
c100058,Роман Юдина,+7 (915) 607-10-75,user100058@example.ru,Санкт-Петербург,03.09.2024
c103674,Алиса Юдина,+7 (970) 855-20-51,user103674@example.ru,Екатеринбург,20.10.2024
c103247,Кирилл Нестеров,+7 (993) 903-98-17,user103247@example.ru,Санкт-Петербург,21.02.2024
c102580,Юлия Савельев,+7 (958) 193-67-44,user102580@example.ru,Казань,18.02.2026
c106230,Полина Нестеров,+7 (970) 988-26-55,user106230@example.ru,Екатеринбург,16.10.2025
c103285,Ольга Белых,+7 (912) 592-73-36,user103285@example.ru,Новосибирск,23.01.2024
c106382,Ольга Мешков,+7 (999) 085-94-41,user106382@example.ru,Новосибирск,01.12.2025
c104517,Кирилл Савельев,+7 (986) 513-74-34,user104517@example.ru,Новосибирск,18.02.2024
c103667,Денис Мешков,+7 (983) 400-03-84,user103667@example.ru,Казань,05.06.2024
c100136,Анна Панин,+7 (989) 711-68-31,user100136@example.ru,Санкт-Петербург,05.12.2025
c106611,Анна Гордеев,+7 (910) 661-84-80,user106611@example.ru,Екатеринбург,21.05.2025
c105043,Денис Ермаков,+7 (914) 125-58-39,user105043@example.ru,Санкт-Петербург,06.12.2025
c100027,Роман Зуева,+7 (963) 362-75-57,user100027@example.ru,Санкт-Петербург,02.01.2025
c100020,Мария Юдина,+7 (952) 823-76-31,user100020@example.ru,Новосибирск,27.09.2024
c103645,Лидия Осипова,+7 (994) 639-77-79,user103645@example.ru,Красноярск,14.07.2025
c104809,Мария Панин,+7 (943) 290-62-55,user104809@example.ru,Красноярск,20.05.2024
c104313,Артур Сорокина,+7 (978) 830-66-10,user104313@example.ru,Красноярск,17.07.2025
c106214,Наталья Нестеров,+7 (981) 183-42-12,user106214@example.ru,Красноярск,13.11.2024
c105663,Максим Мешков,+7 (936) 408-07-80,user105663@example.ru,Красноярск,16.08.2024
c101179,Наталья Ковальчук,+7 (911) 228-38-56,user101179@example.ru,Красноярск,01.03.2026
c101362,Максим Юдина,+7 (939) 368-50-73,user101362@example.ru,Новосибирск,22.08.2025
c104101,Глеб Мешков,+7 (947) 381-89-52,user104101@example.ru,Новосибирск,20.03.2025
c103582,Лидия Лаптев,+7 (936) 359-68-23,user103582@example.ru,Москва,08.10.2025
c105308,Лидия Шилова,+7 (918) 600-50-13,user105308@example.ru,Екатеринбург,02.08.2024
c101069,Глеб Гордеев,+7 (943) 873-89-69,user101069@example.ru,Екатеринбург,28.11.2025
c101678,Алиса Зуева,+7 (935) 374-48-15,user101678@example.ru,Красноярск,15.02.2025
c102887,Денис Сорокина,+7 (941) 266-46-42,user102887@example.ru,Санкт-Петербург,15.11.2025
c103588,Анна Юдина,+7 (941) 010-49-83,user103588@example.ru,Казань,12.08.2025
c100396,Елена Нестеров,+7 (960) 770-41-39,user100396@example.ru,Красноярск,09.06.2024
c103981,Юлия Гордеев,+7 (949) 155-33-78,user103981@example.ru,Новосибирск,31.10.2025
c104376,Ольга Ковальчук,+7 (937) 184-48-06,user104376@example.ru,Красноярск,02.02.2024
c105064,Лидия Ковальчук,+7 (922) 804-19-88,user105064@example.ru,Санкт-Петербург,21.08.2025
c102564,Вера Ковальчук,+7 (992) 665-70-76,user102564@example.ru,Новосибирск,09.09.2024
c104190,Ольга Ковальчук,+7 (977) 971-81-72,user104190@example.ru,Екатеринбург,14.03.2025
c105481,Лидия Белых,+7 (927) 459-25-15,user105481@example.ru,Казань,28.03.2026
c105512,Игорь Тихонова,+7 (963) 840-29-03,user105512@example.ru,Москва,02.03.2026
c104210,Юлия Белых,+7 (947) 425-18-80,user104210@example.ru,Екатеринбург,30.12.2025
c100128,Лидия Савельев,+7 (974) 391-61-43,user100128@example.ru,Новосибирск,05.12.2025
c102465,Полина Шилова,+7 (924) 335-78-05,user102465@example.ru,Екатеринбург,23.04.2026
c103641,Елена Тихонова,+7 (965) 821-68-72,user103641@example.ru,Красноярск,20.11.2025
c101843,Роман Лаптев,+7 (921) 558-92-51,user101843@example.ru,Москва,20.06.2025
c106583,Максим Гордеев,+7 (938) 812-58-98,user106583@example.ru,Санкт-Петербург,23.12.2025
c106887,Полина Ермаков,+7 (960) 988-10-26,user106887@example.ru,Красноярск,01.09.2024
c106107,Алиса Панин,+7 (938) 284-05-79,user106107@example.ru,Москва,24.09.2024
c101243,Юлия Ковальчук,+7 (957) 685-27-38,user101243@example.ru,Красноярск,03.08.2024
c102341,Кирилл Мешков,+7 (948) 717-01-49,user102341@example.ru,Новосибирск,19.12.2025
c101547,Глеб Тихонова,+7 (987) 083-89-76,user101547@example.ru,Красноярск,29.09.2024
c100893,Мария Лаптев,+7 (911) 458-04-19,user100893@example.ru,Санкт-Петербург,30.06.2024
c106165,Наталья Нестеров,+7 (983) 105-37-73,user106165@example.ru,Новосибирск,29.09.2024
c101008,Наталья Лаптев,+7 (913) 552-79-23,user101008@example.ru,Москва,07.10.2024
c101405,Роман Панин,+7 (969) 878-09-67,user101405@example.ru,Санкт-Петербург,18.04.2026
c103669,Максим Осипова,+7 (979) 636-01-11,user103669@example.ru,Екатеринбург,06.12.2025
c101245,Мария Лаптев,+7 (964) 918-41-32,user101245@example.ru,Москва,26.05.2025
c105642,Елена Осипова,+7 (936) 742-85-83,user105642@example.ru,Новосибирск,11.09.2025
c102315,Максим Тихонова,+7 (969) 356-50-57,user102315@example.ru,Екатеринбург,13.02.2025
c105015,Артур Зуева,+7 (923) 227-93-96,user105015@example.ru,Красноярск,09.01.2026
c101000,Глеб Мешков,+7 (944) 942-59-96,user101000@example.ru,Екатеринбург,10.11.2024
c101197,Игорь Ковальчук,+7 (931) 099-49-94,user101197@example.ru,Красноярск,15.06.2026
c102068,Кирилл Осипова,+7 (950) 116-48-25,user102068@example.ru,Санкт-Петербург,01.12.2024
c102149,Юлия Белых,+7 (974) 385-97-21,user102149@example.ru,Новосибирск,28.08.2025
c101134,Егор Панин,+7 (972) 061-61-55,user101134@example.ru,Екатеринбург,25.11.2025
c106250,Анна Савельев,+7 (956) 401-79-89,user106250@example.ru,Новосибирск,18.01.2024
c102719,Роман Белых,+7 (949) 078-28-79,user102719@example.ru,Казань,10.07.2025
c106104,Алиса Зуева,+7 (994) 399-39-52,user106104@example.ru,Москва,12.03.2026
c102520,Артур Шилова,+7 (984) 033-36-38,user102520@example.ru,Новосибирск,31.12.2025
c103445,Тимур Белых,+7 (946) 527-10-09,user103445@example.ru,Москва,29.11.2024
c103790,Полина Крылов,+7 (930) 392-86-66,user103790@example.ru,Красноярск,11.12.2024
c106686,Юлия Ермаков,+7 (916) 153-67-44,user106686@example.ru,Санкт-Петербург,09.01.2026
c105792,Артур Тихонова,+7 (940) 160-33-52,user105792@example.ru,Казань,27.05.2024
c103078,Алиса Шилова,+7 (989) 706-79-97,user103078@example.ru,Санкт-Петербург,18.05.2024
c101821,Тимур Шилова,+7 (944) 814-34-11,user101821@example.ru,Казань,18.10.2025
c106496,Анна Юдина,+7 (943) 551-71-84,user106496@example.ru,Казань,04.11.2025
c106739,Вера Тихонова,+7 (925) 838-98-62,user106739@example.ru,Санкт-Петербург,24.02.2025
c101176,Кирилл Савельев,+7 (932) 277-52-60,user101176@example.ru,Санкт-Петербург,26.09.2025
c102707,Игорь Савельев,+7 (963) 674-67-49,user102707@example.ru,Москва,16.01.2025
c103941,Ольга Гордеев,+7 (925) 726-17-31,user103941@example.ru,Екатеринбург,10.05.2026
c106356,Вера Юдина,+7 (983) 042-54-68,user106356@example.ru,Новосибирск,15.01.2025
c102071,Лидия Ермаков,+7 (920) 554-60-36,user102071@example.ru,Екатеринбург,21.10.2024
c105648,Мария Ермаков,+7 (926) 510-67-44,user105648@example.ru,Москва,21.06.2024
c106713,Елена Юдина,+7 (983) 828-37-79,user106713@example.ru,Москва,25.09.2024
c101317,Егор Зуева,+7 (926) 926-76-30,user101317@example.ru,Новосибирск,30.04.2024
c103446,Егор Крылов,+7 (914) 849-53-10,user103446@example.ru,Санкт-Петербург,06.02.2026
c105348,Алиса Белых,+7 (943) 970-15-45,user105348@example.ru,Екатеринбург,30.09.2025
c103141,Наталья Юдина,+7 (991) 102-47-38,user103141@example.ru,Красноярск,22.05.2026
c103402,Егор Шилова,+7 (960) 591-75-03,user103402@example.ru,Екатеринбург,08.10.2025
c102389,Анна Ермаков,+7 (965) 213-58-54,user102389@example.ru,Казань,09.01.2026
c106132,Вера Тихонова,+7 (912) 702-24-87,user106132@example.ru,Казань,21.10.2024
c104988,Тимур Савельев,+7 (918) 693-59-95,user104988@example.ru,Екатеринбург,05.06.2025
c106013,Артур Зуева,+7 (989) 927-18-74,user106013@example.ru,Казань,13.12.2025
c100692,Глеб Панин,+7 (993) 625-47-20,user100692@example.ru,Санкт-Петербург,01.02.2025
c106254,Тимур Нестеров,+7 (961) 996-29-37,user106254@example.ru,Москва,27.12.2024
c102008,Денис Крылов,+7 (943) 205-52-34,user102008@example.ru,Екатеринбург,05.04.2025
c102897,Павел Осипова,+7 (927) 939-19-84,user102897@example.ru,Новосибирск,11.08.2024
c103782,Артур Савельев,+7 (994) 953-37-18,user103782@example.ru,Москва,29.05.2025
c105948,Анна Гордеев,+7 (971) 037-59-92,user105948@example.ru,Москва,30.11.2025
c100021,Роман Шилова,+7 (930) 810-87-61,user100021@example.ru,Санкт-Петербург,19.03.2026
c102690,Вера Панин,+7 (922) 611-92-52,user102690@example.ru,Санкт-Петербург,29.05.2025
c101276,Артур Крылов,+7 (975) 552-16-70,user101276@example.ru,Красноярск,09.08.2025
c103358,Егор Гордеев,+7 (976) 741-72-11,user103358@example.ru,Санкт-Петербург,13.12.2024
c106758,Кирилл Тихонова,+7 (919) 104-55-54,user106758@example.ru,Красноярск,28.04.2024
c105556,Кирилл Нестеров,+7 (997) 367-75-89,user105556@example.ru,Москва,12.03.2026
c102135,Полина Лаптев,+7 (959) 469-79-67,user102135@example.ru,Красноярск,08.05.2026
c104919,Мария Ермаков,+7 (979) 118-02-38,user104919@example.ru,Красноярск,30.04.2024
c102494,Роман Крылов,+7 (967) 801-68-14,user102494@example.ru,Красноярск,16.11.2024
c102812,Юлия Зуева,+7 (946) 132-55-31,user102812@example.ru,Екатеринбург,08.03.2024
c101189,Павел Юдина,+7 (939) 262-60-16,user101189@example.ru,Москва,11.11.2025
c101936,Ольга Зуева,+7 (919) 520-31-54,user101936@example.ru,Новосибирск,04.01.2025
c104356,Мария Шилова,+7 (983) 357-40-97,user104356@example.ru,Санкт-Петербург,07.02.2025
c101951,Елена Тихонова,+7 (975) 128-68-03,user101951@example.ru,Новосибирск,31.03.2024
c103812,Лидия Лаптев,+7 (948) 706-90-74,user103812@example.ru,Санкт-Петербург,13.01.2024
c103629,Тимур Лаптев,+7 (994) 850-15-88,user103629@example.ru,Красноярск,09.10.2024
c103177,Роман Гордеев,+7 (917) 025-73-78,user103177@example.ru,Красноярск,15.04.2024
c104069,Полина Гордеев,+7 (939) 628-02-00,user104069@example.ru,Екатеринбург,24.06.2026
c100048,Артур Лаптев,+7 (935) 728-16-29,user100048@example.ru,Москва,04.06.2026
c100301,Артур Лаптев,+7 (964) 394-85-79,user100301@example.ru,Новосибирск,08.10.2024
c101185,Павел Осипова,+7 (940) 152-85-86,user101185@example.ru,Казань,03.01.2025
c106617,Наталья Гордеев,+7 (981) 567-10-24,user106617@example.ru,Москва,21.01.2026
c105785,Глеб Ковальчук,+7 (920) 231-55-79,user105785@example.ru,Красноярск,27.06.2024
c100339,Наталья Сорокина,+7 (962) 739-61-34,user100339@example.ru,Красноярск,19.02.2024
c101118,Наталья Осипова,+7 (988) 276-67-09,user101118@example.ru,Санкт-Петербург,30.01.2025
c105555,Тимур Белых,+7 (991) 989-13-16,user105555@example.ru,Москва,03.04.2024
c106831,Ольга Сорокина,+7 (988) 492-90-17,user106831@example.ru,Казань,03.12.2025
c106419,Павел Ермаков,+7 (956) 538-16-26,user106419@example.ru,Казань,06.03.2024
c101715,Наталья Крылов,+7 (959) 235-25-98,user101715@example.ru,Казань,03.04.2025
c101281,Мария Гордеев,+7 (996) 291-21-95,user101281@example.ru,Казань,01.10.2025
c105229,Игорь Зуева,+7 (948) 364-11-29,user105229@example.ru,Санкт-Петербург,18.05.2025
c105203,Вера Крылов,+7 (972) 790-99-21,user105203@example.ru,Санкт-Петербург,07.07.2025
c100849,Вера Сорокина,+7 (921) 995-16-52,user100849@example.ru,Екатеринбург,04.05.2026
c103844,Кирилл Шилова,+7 (912) 205-47-27,user103844@example.ru,Москва,02.08.2025
c103910,Мария Зуева,+7 (932) 949-55-14,user103910@example.ru,Москва,09.03.2025
c101970,Роман Белых,+7 (953) 730-82-44,user101970@example.ru,Красноярск,15.05.2025
c102139,Наталья Осипова,+7 (921) 688-03-85,user102139@example.ru,Санкт-Петербург,05.06.2026
c101672,Павел Шилова,+7 (996) 887-92-07,user101672@example.ru,Санкт-Петербург,21.06.2024
c104098,Анна Белых,+7 (982) 126-88-65,user104098@example.ru,Новосибирск,11.08.2024
c106553,Мария Панин,+7 (998) 342-13-09,user106553@example.ru,Новосибирск,09.07.2025
c100495,Юлия Крылов,+7 (992) 857-51-41,user100495@example.ru,Екатеринбург,02.09.2024
c100435,Ольга Панин,+7 (923) 776-32-88,user100435@example.ru,Екатеринбург,02.11.2025
c102292,Полина Тихонова,+7 (927) 539-93-14,user102292@example.ru,Екатеринбург,18.12.2025
c105904,Вера Мешков,+7 (949) 206-72-66,user105904@example.ru,Новосибирск,14.07.2025
c104612,Вера Гордеев,+7 (910) 039-36-64,user104612@example.ru,Санкт-Петербург,05.09.2025
c101534,Мария Нестеров,+7 (955) 685-33-72,user101534@example.ru,Красноярск,05.04.2026
c101751,Егор Белых,+7 (937) 951-01-38,user101751@example.ru,Красноярск,11.02.2026
c105295,Игорь Ковальчук,+7 (955) 424-43-39,user105295@example.ru,Красноярск,13.04.2026
c103074,Наталья Тихонова,+7 (912) 307-49-31,user103074@example.ru,Москва,08.03.2026
c102131,Анна Крылов,+7 (962) 282-13-21,user102131@example.ru,Казань,20.04.2025
c106630,Елена Юдина,+7 (926) 472-40-20,user106630@example.ru,Казань,25.08.2024
c102502,Глеб Шилова,+7 (925) 064-79-78,user102502@example.ru,Екатеринбург,19.01.2025
c106176,Анна Панин,+7 (919) 419-90-38,user106176@example.ru,Санкт-Петербург,30.11.2024
c101689,Денис Савельев,+7 (917) 289-65-83,user101689@example.ru,Красноярск,13.02.2024
c104586,Анна Юдина,+7 (967) 934-83-31,user104586@example.ru,Красноярск,07.02.2024
c104749,Полина Белых,+7 (985) 359-94-98,user104749@example.ru,Красноярск,25.05.2024
c102547,Мария Шилова,+7 (983) 104-09-56,user102547@example.ru,Казань,16.02.2026
c106797,Роман Панин,+7 (912) 112-24-31,user106797@example.ru,Москва,13.08.2024
c100907,Вера Зуева,+7 (954) 892-88-29,user100907@example.ru,Красноярск,12.01.2024
c102373,Вера Нестеров,+7 (934) 476-42-09,user102373@example.ru,Новосибирск,24.11.2024
c102394,Игорь Крылов,+7 (923) 050-82-71,user102394@example.ru,Казань,18.06.2024
c106597,Вера Савельев,+7 (931) 294-92-57,user106597@example.ru,Казань,31.08.2024
c101741,Максим Лаптев,+7 (966) 715-09-34,user101741@example.ru,Красноярск,14.07.2025
c104202,Максим Юдина,+7 (912) 498-60-05,user104202@example.ru,Новосибирск,22.04.2024
c102810,Юлия Юдина,+7 (949) 625-41-83,user102810@example.ru,Санкт-Петербург,23.06.2025
c106786,Павел Ермаков,+7 (943) 367-69-74,user106786@example.ru,Казань,31.08.2025
c103353,Лидия Лаптев,+7 (930) 816-45-78,user103353@example.ru,Москва,09.05.2024
c102868,Павел Панин,+7 (960) 452-71-53,user102868@example.ru,Москва,12.12.2025
c101133,Алиса Юдина,+7 (931) 093-75-43,user101133@example.ru,Казань,13.05.2025
c100132,Мария Панин,+7 (954) 359-95-21,user100132@example.ru,Екатеринбург,11.02.2026
c105066,Роман Гордеев,+7 (942) 676-84-37,user105066@example.ru,Новосибирск,22.11.2025
c102949,Павел Гордеев,+7 (940) 960-89-30,user102949@example.ru,Казань,21.05.2026
c103187,Роман Тихонова,+7 (969) 026-16-46,user103187@example.ru,Новосибирск,12.11.2025
c102431,Анна Лаптев,+7 (942) 482-09-88,user102431@example.ru,Новосибирск,23.02.2025
c102137,Роман Ковальчук,+7 (926) 021-07-61,user102137@example.ru,Москва,08.12.2024
c101450,Мария Нестеров,+7 (997) 732-54-92,user101450@example.ru,Екатеринбург,28.03.2024
c106149,Глеб Шилова,+7 (920) 487-63-76,user106149@example.ru,Казань,28.06.2025
c105853,Артур Лаптев,+7 (994) 350-06-50,user105853@example.ru,Екатеринбург,09.01.2026
c100159,Тимур Савельев,+7 (960) 032-84-26,user100159@example.ru,Екатеринбург,06.07.2024
c103188,Анна Ковальчук,+7 (913) 048-51-91,user103188@example.ru,Новосибирск,25.05.2026
c105136,Полина Белых,+7 (978) 703-14-25,user105136@example.ru,Санкт-Петербург,05.05.2026
c101159,Мария Юдина,+7 (934) 570-87-04,user101159@example.ru,Москва,28.04.2024
c105278,Денис Лаптев,+7 (928) 199-89-86,user105278@example.ru,Красноярск,04.01.2025
c100260,Алиса Мешков,+7 (969) 787-49-65,user100260@example.ru,Екатеринбург,11.03.2025
c103076,Денис Ковальчук,+7 (937) 123-17-15,user103076@example.ru,Москва,21.01.2026
c100468,Максим Осипова,+7 (990) 188-66-29,user100468@example.ru,Казань,30.06.2026
c103313,Анна Сорокина,+7 (974) 055-01-10,user103313@example.ru,Санкт-Петербург,13.08.2025
c103561,Вера Крылов,+7 (933) 014-03-83,user103561@example.ru,Санкт-Петербург,07.02.2025
c104417,Роман Зуева,+7 (993) 121-89-88,user104417@example.ru,Казань,01.02.2024
c104691,Денис Панин,+7 (991) 596-19-87,user104691@example.ru,Новосибирск,23.07.2024
c100214,Тимур Гордеев,+7 (974) 656-10-13,user100214@example.ru,Красноярск,03.11.2025
c104892,Мария Панин,+7 (982) 853-36-69,user104892@example.ru,Казань,30.04.2024
c100126,Наталья Юдина,+7 (927) 030-61-84,user100126@example.ru,Казань,12.01.2024
c101828,Игорь Шилова,+7 (966) 427-00-03,user101828@example.ru,Санкт-Петербург,28.11.2024
c100596,Елена Ковальчук,+7 (967) 127-56-05,user100596@example.ru,Екатеринбург,07.09.2024
c103856,Роман Лаптев,+7 (973) 647-51-41,user103856@example.ru,Москва,04.04.2024
c103836,Алиса Шилова,+7 (949) 554-16-98,user103836@example.ru,Екатеринбург,20.02.2025
c106868,Вера Ермаков,+7 (947) 168-12-54,user106868@example.ru,Санкт-Петербург,06.01.2026
c106117,Егор Ковальчук,+7 (911) 305-83-32,user106117@example.ru,Екатеринбург,17.01.2026
c101637,Денис Сорокина,+7 (974) 357-80-20,user101637@example.ru,Красноярск,05.06.2026
c104182,Тимур Нестеров,+7 (933) 918-63-64,user104182@example.ru,Новосибирск,24.10.2025
c100397,Мария Гордеев,+7 (916) 250-77-41,user100397@example.ru,Новосибирск,16.03.2026
c103739,Юлия Ермаков,+7 (987) 075-74-76,user103739@example.ru,Москва,11.06.2024
c101446,Павел Гордеев,+7 (941) 160-40-59,user101446@example.ru,Москва,14.12.2024
c104634,Полина Мешков,+7 (937) 596-32-24,user104634@example.ru,Красноярск,08.04.2024
c103652,Игорь Тихонова,+7 (915) 289-62-75,user103652@example.ru,Санкт-Петербург,21.05.2026
c100579,Денис Белых,+7 (929) 156-09-88,user100579@example.ru,Москва,24.02.2026
c104829,Мария Лаптев,+7 (925) 721-00-90,user104829@example.ru,Екатеринбург,19.06.2025
c103452,Алиса Нестеров,+7 (976) 670-21-27,user103452@example.ru,Москва,05.01.2026
c101671,Тимур Шилова,+7 (969) 368-06-03,user101671@example.ru,Казань,25.05.2026
c106006,Роман Шилова,+7 (932) 226-14-67,user106006@example.ru,Екатеринбург,28.12.2024
c100290,Юлия Осипова,+7 (976) 318-30-64,user100290@example.ru,Санкт-Петербург,01.05.2025
c105433,Вера Ковальчук,+7 (960) 118-71-10,user105433@example.ru,Москва,12.12.2025
c102237,Денис Панин,+7 (977) 334-31-91,user102237@example.ru,Казань,01.07.2024
c103386,Кирилл Ковальчук,+7 (968) 241-85-60,user103386@example.ru,Екатеринбург,29.05.2026
c106589,Елена Осипова,+7 (913) 251-16-91,user106589@example.ru,Москва,13.11.2024
c103441,Лидия Лаптев,+7 (913) 779-89-26,user103441@example.ru,Санкт-Петербург,02.10.2025
c106236,Анна Юдина,+7 (962) 849-00-89,user106236@example.ru,Красноярск,06.01.2026
c101524,Наталья Осипова,+7 (973) 546-83-19,user101524@example.ru,Санкт-Петербург,02.07.2024
c106083,Максим Ермаков,+7 (911) 973-92-41,user106083@example.ru,Санкт-Петербург,10.12.2024
c103237,Полина Панин,+7 (951) 889-61-47,user103237@example.ru,Екатеринбург,26.06.2024
c101075,Полина Сорокина,+7 (972) 062-38-15,user101075@example.ru,Казань,04.06.2025
c101731,Глеб Осипова,+7 (953) 093-45-13,user101731@example.ru,Казань,23.11.2025
c106010,Павел Тихонова,+7 (937) 632-39-84,user106010@example.ru,Новосибирск,29.01.2024
c101733,Мария Лаптев,+7 (973) 270-16-84,user101733@example.ru,Москва,16.06.2026
c104005,Роман Ермаков,+7 (958) 696-01-83,user104005@example.ru,Новосибирск,02.12.2024
c100606,Мария Осипова,+7 (918) 217-23-68,user100606@example.ru,Москва,17.04.2026
c102183,Артур Сорокина,+7 (946) 098-59-52,user102183@example.ru,Красноярск,16.03.2025
c103828,Полина Тихонова,+7 (928) 270-46-67,user103828@example.ru,Санкт-Петербург,09.04.2024
c103056,Лидия Панин,+7 (937) 740-42-99,user103056@example.ru,Новосибирск,09.06.2025
c101890,Артур Ковальчук,+7 (985) 571-31-82,user101890@example.ru,Екатеринбург,18.11.2024
c103689,Ольга Зуева,+7 (962) 542-13-55,user103689@example.ru,Санкт-Петербург,04.03.2024
c100122,Юлия Сорокина,+7 (925) 670-72-24,user100122@example.ru,Москва,12.05.2025
c105235,Артур Ермаков,+7 (975) 306-76-32,user105235@example.ru,Москва,12.03.2026
c102041,Ольга Панин,+7 (973) 817-27-04,user102041@example.ru,Москва,15.11.2024
c105533,Анна Белых,+7 (939) 042-54-75,user105533@example.ru,Москва,28.02.2025
c105126,Роман Лаптев,+7 (913) 812-87-66,user105126@example.ru,Москва,07.05.2025
c101305,Полина Нестеров,+7 (996) 608-16-36,user101305@example.ru,Казань,04.09.2024
c104116,Кирилл Крылов,+7 (985) 279-78-13,user104116@example.ru,Москва,03.04.2025
c106759,Ольга Мешков,+7 (973) 866-19-07,user106759@example.ru,Красноярск,01.01.2026
c105089,Вера Савельев,+7 (991) 160-34-95,user105089@example.ru,Красноярск,04.07.2025
c103837,Кирилл Панин,+7 (910) 789-50-87,user103837@example.ru,Санкт-Петербург,19.01.2026
c100549,Максим Нестеров,+7 (981) 876-62-38,user100549@example.ru,Екатеринбург,30.01.2024
c102919,Артур Шилова,+7 (962) 508-86-30,user102919@example.ru,Новосибирск,14.12.2025
c104142,Егор Осипова,+7 (980) 016-43-76,user104142@example.ru,Казань,12.03.2024
c104902,Юлия Савельев,+7 (920) 224-79-53,user104902@example.ru,Санкт-Петербург,12.01.2026
c105916,Мария Панин,+7 (919) 892-71-59,user105916@example.ru,Красноярск,16.06.2026
c103054,Вера Сорокина,+7 (962) 148-55-35,user103054@example.ru,Санкт-Петербург,13.05.2026
c105652,Юлия Шилова,+7 (999) 697-98-80,user105652@example.ru,Москва,23.02.2026
c106873,Алиса Тихонова,+7 (991) 290-47-23,user106873@example.ru,Красноярск,01.08.2024
c102760,Полина Нестеров,+7 (986) 757-13-39,user102760@example.ru,Санкт-Петербург,27.10.2024
c106489,Роман Гордеев,+7 (936) 005-67-51,user106489@example.ru,Москва,17.11.2024
c105276,Роман Лаптев,+7 (941) 540-26-86,user105276@example.ru,Москва,27.05.2025
c103526,Артур Шилова,+7 (931) 275-36-23,user103526@example.ru,Москва,11.05.2026
c101581,Павел Шилова,+7 (917) 770-13-46,user101581@example.ru,Новосибирск,21.01.2026
c105252,Игорь Нестеров,+7 (937) 505-82-47,user105252@example.ru,Екатеринбург,10.03.2025
c106683,Анна Сорокина,+7 (995) 391-19-09,user106683@example.ru,Москва,29.06.2026
c100567,Елена Лаптев,+7 (953) 356-21-40,user100567@example.ru,Новосибирск,06.10.2025
c104158,Глеб Зуева,+7 (953) 746-02-45,user104158@example.ru,Казань,07.08.2024
c104701,Мария Тихонова,+7 (935) 381-16-39,user104701@example.ru,Москва,23.06.2024
c100163,Максим Осипова,+7 (968) 297-25-83,user100163@example.ru,Красноярск,21.11.2024
c102562,Кирилл Панин,+7 (990) 280-16-53,user102562@example.ru,Красноярск,08.05.2024
c101006,Тимур Лаптев,+7 (931) 304-67-96,user101006@example.ru,Красноярск,06.04.2025
c100957,Павел Шилова,+7 (996) 638-35-58,user100957@example.ru,Красноярск,25.03.2026
c102556,Павел Сорокина,+7 (911) 539-54-59,user102556@example.ru,Москва,22.05.2026
c102558,Ольга Лаптев,+7 (930) 163-86-67,user102558@example.ru,Москва,23.02.2025
c103951,Вера Мешков,+7 (954) 898-50-34,user103951@example.ru,Красноярск,25.01.2026
c102471,Вера Крылов,+7 (969) 171-35-63,user102471@example.ru,Новосибирск,07.02.2026
c104218,Кирилл Ковальчук,+7 (950) 431-12-14,user104218@example.ru,Москва,25.04.2025
c103696,Егор Белых,+7 (997) 536-44-74,user103696@example.ru,Казань,22.01.2024
c105072,Кирилл Тихонова,+7 (999) 516-97-19,user105072@example.ru,Москва,07.03.2024
c101553,Мария Нестеров,+7 (945) 795-33-84,user101553@example.ru,Екатеринбург,11.07.2024
c100329,Полина Савельев,+7 (998) 420-24-17,user100329@example.ru,Москва,03.01.2025
c101767,Елена Савельев,+7 (915) 620-29-91,user101767@example.ru,Екатеринбург,22.08.2025
c103952,Ольга Савельев,+7 (962) 550-74-48,user103952@example.ru,Новосибирск,04.11.2025
c102630,Максим Мешков,+7 (960) 756-17-31,user102630@example.ru,Казань,08.02.2024
c102855,Тимур Шилова,+7 (930) 334-66-39,user102855@example.ru,Казань,09.07.2024
c101493,Максим Шилова,+7 (967) 402-53-10,user101493@example.ru,Москва,03.02.2025
c106677,Павел Крылов,+7 (922) 880-46-64,user106677@example.ru,Москва,10.02.2026
c101284,Егор Крылов,+7 (946) 357-71-83,user101284@example.ru,Новосибирск,23.02.2024
c101875,Наталья Тихонова,+7 (987) 527-15-56,user101875@example.ru,Екатеринбург,29.01.2026
c101146,Глеб Мешков,+7 (970) 653-25-25,user101146@example.ru,Москва,12.09.2024
c101548,Тимур Тихонова,+7 (970) 054-66-82,user101548@example.ru,Санкт-Петербург,28.11.2025
c106644,Наталья Юдина,+7 (987) 899-57-29,user106644@example.ru,Красноярск,21.02.2025
c101811,Денис Лаптев,+7 (982) 319-78-83,user101811@example.ru,Казань,01.11.2025
c104473,Наталья Ковальчук,+7 (980) 016-00-16,user104473@example.ru,Москва,04.11.2025
c102042,Тимур Нестеров,+7 (919) 726-38-85,user102042@example.ru,Москва,15.04.2024
c100131,Игорь Зуева,+7 (948) 632-29-91,user100131@example.ru,Екатеринбург,28.05.2025
c101700,Вера Осипова,+7 (942) 534-84-85,user101700@example.ru,Казань,27.11.2024
c106684,Алиса Савельев,+7 (926) 212-71-88,user106684@example.ru,Санкт-Петербург,16.10.2024
c100024,Максим Ковальчук,+7 (916) 223-00-15,user100024@example.ru,Екатеринбург,28.05.2024
c103932,Елена Зуева,+7 (979) 559-71-34,user103932@example.ru,Москва,17.10.2024
c105038,Кирилл Ковальчук,+7 (952) 635-99-38,user105038@example.ru,Москва,14.03.2024
c104329,Егор Зуева,+7 (986) 501-29-67,user104329@example.ru,Москва,09.03.2024
c101995,Максим Осипова,+7 (968) 127-09-70,user101995@example.ru,Москва,06.05.2025
c103793,Роман Сорокина,+7 (977) 387-48-71,user103793@example.ru,Новосибирск,27.09.2024
c103068,Ольга Ермаков,+7 (960) 973-29-66,user103068@example.ru,Казань,24.06.2026
c101200,Павел Осипова,+7 (966) 445-17-94,user101200@example.ru,Казань,26.10.2024
c105411,Павел Сорокина,+7 (993) 968-41-37,user105411@example.ru,Красноярск,04.05.2026
c102697,Тимур Зуева,+7 (913) 608-79-27,user102697@example.ru,Москва,02.01.2026
c104247,Вера Крылов,+7 (954) 561-59-47,user104247@example.ru,Екатеринбург,17.03.2026
c104418,Игорь Ковальчук,+7 (912) 007-57-07,user104418@example.ru,Казань,31.12.2024
c106408,Наталья Юдина,+7 (951) 272-16-61,user106408@example.ru,Казань,29.07.2024
c102209,Роман Ковальчук,+7 (966) 053-35-83,user102209@example.ru,Москва,24.10.2024
c103833,Глеб Шилова,+7 (958) 373-70-68,user103833@example.ru,Санкт-Петербург,12.08.2025
c103877,Алиса Осипова,+7 (918) 987-35-77,user103877@example.ru,Санкт-Петербург,03.03.2025
c101230,Артур Крылов,+7 (946) 527-32-06,user101230@example.ru,Красноярск,27.02.2024
c101552,Егор Крылов,+7 (964) 163-82-22,user101552@example.ru,Казань,18.05.2025
c106061,Полина Крылов,+7 (945) 312-25-75,user106061@example.ru,Казань,12.02.2026
c105653,Денис Тихонова,+7 (917) 760-03-85,user105653@example.ru,Казань,01.04.2024
c105712,Лидия Лаптев,+7 (961) 533-17-65,user105712@example.ru,Новосибирск,16.08.2025
c104351,Игорь Панин,+7 (958) 890-19-85,user104351@example.ru,Москва,07.09.2024
c102686,Артур Ковальчук,+7 (920) 348-00-41,user102686@example.ru,Казань,30.09.2025
c104798,Тимур Тихонова,+7 (938) 907-52-30,user104798@example.ru,Казань,06.04.2024
c104699,Артур Зуева,+7 (965) 300-47-21,user104699@example.ru,Санкт-Петербург,09.02.2026
c100724,Ольга Зуева,+7 (912) 126-63-83,user100724@example.ru,Москва,25.11.2024
c100419,Юлия Юдина,+7 (914) 573-42-08,user100419@example.ru,Санкт-Петербург,21.09.2025
c100109,Игорь Зуева,+7 (917) 727-64-21,user100109@example.ru,Москва,28.05.2026
c105410,Юлия Савельев,+7 (973) 224-82-10,user105410@example.ru,Казань,18.01.2026
c105928,Павел Нестеров,+7 (923) 287-22-16,user105928@example.ru,Казань,20.06.2026
c103867,Игорь Мешков,+7 (987) 306-91-53,user103867@example.ru,Москва,13.09.2024
c106783,Егор Савельев,+7 (964) 182-59-27,user106783@example.ru,Екатеринбург,21.11.2024
c106651,Ольга Белых,+7 (940) 671-83-91,user106651@example.ru,Екатеринбург,15.02.2024
c100607,Глеб Мешков,+7 (960) 127-97-11,user100607@example.ru,Санкт-Петербург,24.11.2024
c106341,Егор Крылов,+7 (987) 045-75-15,user106341@example.ru,Красноярск,05.08.2024
c105407,Егор Нестеров,+7 (925) 850-12-78,user105407@example.ru,Казань,18.08.2025
c101668,Артур Гордеев,+7 (954) 196-36-86,user101668@example.ru,Новосибирск,02.07.2024
c102699,Вера Тихонова,+7 (990) 634-12-46,user102699@example.ru,Санкт-Петербург,30.08.2024
c101860,Глеб Нестеров,+7 (940) 905-43-72,user101860@example.ru,Новосибирск,29.12.2024
c101293,Денис Крылов,+7 (918) 055-26-72,user101293@example.ru,Красноярск,28.12.2024
c106190,Юлия Ковальчук,+7 (954) 907-15-73,user106190@example.ru,Москва,11.03.2026
c106430,Тимур Ермаков,+7 (940) 253-85-49,user106430@example.ru,Красноярск,11.04.2026
c102309,Полина Панин,+7 (936) 829-24-14,user102309@example.ru,Москва,16.03.2025
c101229,Кирилл Панин,+7 (997) 739-24-98,user101229@example.ru,Красноярск,26.02.2025
c105518,Артур Лаптев,+7 (928) 444-27-79,user105518@example.ru,Красноярск,28.05.2026
c106586,Егор Сорокина,+7 (918) 387-44-41,user106586@example.ru,Казань,06.07.2024
c105378,Лидия Крылов,+7 (990) 011-41-86,user105378@example.ru,Красноярск,26.03.2026
c102097,Игорь Мешков,+7 (965) 301-47-63,user102097@example.ru,Новосибирск,29.02.2024
c101702,Мария Сорокина,+7 (993) 914-02-99,user101702@example.ru,Санкт-Петербург,18.02.2025
c106847,Ольга Юдина,+7 (924) 212-29-87,user106847@example.ru,Екатеринбург,02.07.2025
c106663,Глеб Белых,+7 (938) 848-14-33,user106663@example.ru,Красноярск,30.12.2025
c101610,Елена Ермаков,+7 (940) 793-31-23,user101610@example.ru,Санкт-Петербург,22.10.2024
c102838,Юлия Панин,+7 (941) 941-58-93,user102838@example.ru,Казань,13.05.2025
c105497,Вера Сорокина,+7 (931) 808-58-52,user105497@example.ru,Екатеринбург,23.02.2024
c106205,Павел Зуева,+7 (919) 993-28-61,user106205@example.ru,Казань,05.04.2025
c101190,Роман Крылов,+7 (962) 908-55-15,user101190@example.ru,Казань,06.08.2024
c104118,Мария Юдина,+7 (933) 992-72-71,user104118@example.ru,Новосибирск,24.07.2024
c103325,Егор Сорокина,+7 (994) 937-04-38,user103325@example.ru,Санкт-Петербург,06.08.2025
c100293,Максим Нестеров,+7 (958) 705-14-06,user100293@example.ru,Красноярск,04.07.2025
c102048,Денис Юдина,+7 (936) 359-29-63,user102048@example.ru,Санкт-Петербург,08.05.2025
c100706,Глеб Лаптев,+7 (922) 468-86-10,user100706@example.ru,Санкт-Петербург,10.02.2026
c101173,Вера Белых,+7 (916) 013-86-44,user101173@example.ru,Москва,12.01.2025
c103453,Павел Юдина,+7 (933) 146-36-23,user103453@example.ru,Санкт-Петербург,05.04.2024
c100031,Роман Сорокина,+7 (975) 380-64-97,user100031@example.ru,Казань,17.06.2025
c100146,Елена Нестеров,+7 (937) 205-55-45,user100146@example.ru,Новосибирск,12.12.2025
c104667,Артур Нестеров,+7 (913) 975-04-89,user104667@example.ru,Москва,13.04.2024
c104698,Полина Осипова,+7 (988) 487-33-62,user104698@example.ru,Новосибирск,22.10.2024
c102606,Максим Шилова,+7 (933) 152-42-44,user102606@example.ru,Новосибирск,17.05.2025
c101768,Артур Ермаков,+7 (961) 304-58-79,user101768@example.ru,Новосибирск,05.03.2024
c106050,Павел Нестеров,+7 (967) 318-04-50,user106050@example.ru,Новосибирск,08.04.2025
c104770,Артур Зуева,+7 (929) 654-21-22,user104770@example.ru,Москва,11.09.2024
c106191,Елена Крылов,+7 (915) 771-83-48,user106191@example.ru,Новосибирск,19.08.2025
c105618,Роман Гордеев,+7 (935) 005-03-13,user105618@example.ru,Казань,30.11.2024
c101364,Игорь Тихонова,+7 (915) 911-53-35,user101364@example.ru,Екатеринбург,03.07.2025
c104834,Полина Шилова,+7 (911) 312-64-12,user104834@example.ru,Москва,11.04.2026
c100660,Анна Белых,+7 (940) 251-55-80,user100660@example.ru,Казань,09.09.2025
c104980,Тимур Нестеров,+7 (982) 668-48-31,user104980@example.ru,Москва,24.03.2026
c106561,Полина Мешков,+7 (973) 109-33-20,user106561@example.ru,Казань,22.01.2024
c105397,Лидия Ермаков,+7 (966) 980-29-50,user105397@example.ru,Казань,28.03.2024
c106037,Максим Панин,+7 (920) 022-65-68,user106037@example.ru,Казань,12.03.2026
c105774,Алиса Нестеров,+7 (955) 140-71-37,user105774@example.ru,Казань,23.01.2026
c100320,Тимур Савельев,+7 (922) 787-48-11,user100320@example.ru,Казань,22.02.2024
c104079,Елена Тихонова,+7 (961) 988-08-37,user104079@example.ru,Новосибирск,14.10.2024
c106082,Елена Крылов,+7 (988) 930-49-05,user106082@example.ru,Новосибирск,23.01.2024
c100266,Кирилл Белых,+7 (953) 308-81-85,user100266@example.ru,Новосибирск,27.04.2025
c103802,Наталья Лаптев,+7 (981) 710-30-58,user103802@example.ru,Новосибирск,11.03.2026
c106181,Максим Осипова,+7 (986) 524-19-28,user106181@example.ru,Москва,19.12.2025
c104539,Наталья Осипова,+7 (997) 239-55-47,user104539@example.ru,Москва,27.01.2025
c102236,Максим Сорокина,+7 (981) 074-03-60,user102236@example.ru,Екатеринбург,21.06.2025
c103768,Елена Лаптев,+7 (953) 050-48-00,user103768@example.ru,Казань,09.03.2026
c103730,Юлия Мешков,+7 (998) 981-89-34,user103730@example.ru,Казань,08.01.2025
c105801,Денис Зуева,+7 (960) 353-19-47,user105801@example.ru,Красноярск,17.04.2025
c102244,Вера Осипова,+7 (945) 841-97-36,user102244@example.ru,Казань,19.02.2024
c103761,Ольга Белых,+7 (999) 310-44-42,user103761@example.ru,Москва,03.10.2024
c102663,Роман Осипова,+7 (912) 240-98-30,user102663@example.ru,Новосибирск,21.03.2026
c100602,Игорь Панин,+7 (997) 169-88-78,user100602@example.ru,Екатеринбург,15.01.2026
c105665,Анна Осипова,+7 (986) 421-13-76,user105665@example.ru,Новосибирск,19.05.2025
c105402,Алиса Крылов,+7 (969) 311-84-28,user105402@example.ru,Красноярск,28.03.2026
c104068,Елена Белых,+7 (917) 230-40-67,user104068@example.ru,Новосибирск,06.05.2025
c103567,Алиса Осипова,+7 (985) 036-94-83,user103567@example.ru,Казань,29.12.2025
c105560,Елена Ковальчук,+7 (955) 622-07-11,user105560@example.ru,Красноярск,13.08.2025
c103979,Глеб Тихонова,+7 (995) 315-46-55,user103979@example.ru,Новосибирск,25.09.2024
c101478,Юлия Зуева,+7 (917) 239-90-04,user101478@example.ru,Санкт-Петербург,21.04.2025
c105803,Роман Гордеев,+7 (928) 952-98-05,user105803@example.ru,Санкт-Петербург,09.04.2026
c105120,Максим Лаптев,+7 (934) 680-78-38,user105120@example.ru,Санкт-Петербург,26.11.2025
c101124,Анна Юдина,+7 (991) 158-92-83,user101124@example.ru,Москва,04.08.2024
c100662,Денис Ермаков,+7 (955) 540-14-82,user100662@example.ru,Красноярск,07.12.2025
c105116,Анна Нестеров,+7 (924) 915-32-73,user105116@example.ru,Новосибирск,31.03.2026
c106872,Елена Савельев,+7 (922) 990-26-81,user106872@example.ru,Новосибирск,06.03.2024
c105827,Егор Ковальчук,+7 (973) 912-12-58,user105827@example.ru,Красноярск,12.02.2024
c105324,Роман Шилова,+7 (930) 676-02-34,user105324@example.ru,Москва,12.03.2025
c103324,Максим Гордеев,+7 (991) 773-38-05,user103324@example.ru,Казань,28.07.2025
c105695,Денис Сорокина,+7 (961) 181-19-04,user105695@example.ru,Новосибирск,17.12.2025
c105902,Кирилл Зуева,+7 (968) 652-96-07,user105902@example.ru,Красноярск,13.05.2024
c103684,Ольга Крылов,+7 (977) 533-34-49,user103684@example.ru,Красноярск,18.09.2025
c102440,Алиса Мешков,+7 (995) 946-78-60,user102440@example.ru,Екатеринбург,30.07.2025
c105516,Кирилл Гордеев,+7 (929) 329-38-70,user105516@example.ru,Москва,08.05.2024
c106840,Игорь Нестеров,+7 (924) 363-94-70,user106840@example.ru,Санкт-Петербург,09.06.2025
c101441,Денис Шилова,+7 (913) 262-00-80,user101441@example.ru,Красноярск,20.12.2025
c106304,Роман Ковальчук,+7 (999) 538-58-91,user106304@example.ru,Красноярск,27.04.2024
c100407,Глеб Тихонова,+7 (943) 249-61-56,user100407@example.ru,Москва,30.09.2024
c102566,Максим Осипова,+7 (968) 983-97-70,user102566@example.ru,Казань,10.01.2025
c106514,Денис Зуева,+7 (960) 888-50-15,user106514@example.ru,Москва,05.05.2024
c100517,Вера Белых,+7 (972) 894-88-32,user100517@example.ru,Екатеринбург,23.01.2026
c105881,Лидия Осипова,+7 (943) 781-26-36,user105881@example.ru,Новосибирск,03.02.2024
c101713,Ольга Гордеев,+7 (987) 616-25-62,user101713@example.ru,Казань,15.11.2024
c100867,Максим Ермаков,+7 (979) 538-00-19,user100867@example.ru,Красноярск,11.01.2025
c106439,Лидия Ковальчук,+7 (970) 502-98-33,user106439@example.ru,Москва,28.12.2025
c102549,Наталья Осипова,+7 (996) 574-76-68,user102549@example.ru,Красноярск,25.05.2024
c103269,Анна Сорокина,+7 (975) 427-47-71,user103269@example.ru,Санкт-Петербург,10.06.2024
c103359,Елена Мешков,+7 (972) 110-26-69,user103359@example.ru,Москва,03.04.2025
c103883,Ольга Шилова,+7 (912) 452-72-86,user103883@example.ru,Красноярск,13.12.2024
c102105,Егор Мешков,+7 (971) 715-35-28,user102105@example.ru,Москва,20.02.2024
c103555,Павел Панин,+7 (965) 209-21-71,user103555@example.ru,Москва,23.09.2024
c104117,Юлия Сорокина,+7 (992) 862-33-58,user104117@example.ru,Екатеринбург,23.12.2024
c104877,Елена Осипова,+7 (972) 282-02-68,user104877@example.ru,Казань,08.09.2025
c102330,Роман Крылов,+7 (945) 364-45-10,user102330@example.ru,Москва,11.04.2025
c101969,Артур Панин,+7 (948) 557-07-45,user101969@example.ru,Екатеринбург,29.12.2025
c103433,Ольга Ковальчук,+7 (941) 954-87-47,user103433@example.ru,Казань,25.10.2025
c105244,Юлия Панин,+7 (989) 756-00-06,user105244@example.ru,Санкт-Петербург,28.04.2024
c106221,Игорь Ковальчук,+7 (934) 945-66-89,user106221@example.ru,Казань,05.01.2026
c105783,Денис Панин,+7 (977) 018-68-46,user105783@example.ru,Санкт-Петербург,12.04.2024
c104516,Павел Панин,+7 (917) 300-54-76,user104516@example.ru,Красноярск,03.01.2025
c103995,Елена Шилова,+7 (972) 755-29-70,user103995@example.ru,Санкт-Петербург,25.08.2025
c103152,Елена Нестеров,+7 (937) 005-18-60,user103152@example.ru,Новосибирск,25.10.2024
c100710,Мария Ковальчук,+7 (998) 888-70-07,user100710@example.ru,Москва,01.05.2026
c105895,Артур Зуева,+7 (922) 865-14-65,user105895@example.ru,Екатеринбург,08.09.2024
c106532,Наталья Ковальчук,+7 (933) 976-96-73,user106532@example.ru,Новосибирск,13.03.2024
c101589,Лидия Лаптев,+7 (928) 975-51-43,user101589@example.ru,Екатеринбург,30.09.2024
c104393,Глеб Панин,+7 (956) 598-90-55,user104393@example.ru,Санкт-Петербург,31.05.2025
c103167,Глеб Ермаков,+7 (954) 971-66-97,user103167@example.ru,Казань,08.12.2025
c103155,Денис Лаптев,+7 (929) 839-82-04,user103155@example.ru,Красноярск,05.09.2024
c100178,Анна Панин,+7 (929) 427-01-91,user100178@example.ru,Москва,14.08.2025
c105351,Глеб Мешков,+7 (956) 079-61-16,user105351@example.ru,Новосибирск,09.01.2026
c100671,Ольга Осипова,+7 (951) 960-78-07,user100671@example.ru,Казань,01.02.2024
c106505,Тимур Белых,+7 (960) 352-30-94,user106505@example.ru,Казань,20.04.2025
c102483,Егор Сорокина,+7 (938) 684-73-67,user102483@example.ru,Новосибирск,23.08.2025
c102419,Денис Гордеев,+7 (946) 290-30-68,user102419@example.ru,Санкт-Петербург,07.01.2025
c103746,Роман Зуева,+7 (928) 137-99-06,user103746@example.ru,Екатеринбург,06.11.2025
c102371,Максим Савельев,+7 (996) 612-64-59,user102371@example.ru,Новосибирск,18.02.2024
c103970,Денис Юдина,+7 (979) 397-36-03,user103970@example.ru,Москва,03.06.2026
c103061,Полина Ермаков,+7 (975) 731-04-09,user103061@example.ru,Казань,10.09.2024
c101196,Денис Савельев,+7 (944) 340-88-71,user101196@example.ru,Новосибирск,01.08.2024
c105956,Роман Нестеров,+7 (941) 170-91-69,user105956@example.ru,Красноярск,27.03.2024
c105478,Глеб Лаптев,+7 (940) 871-92-47,user105478@example.ru,Красноярск,10.06.2026
c104165,Елена Юдина,+7 (974) 101-10-06,user104165@example.ru,Москва,19.02.2026
c102924,Юлия Савельев,+7 (969) 494-38-62,user102924@example.ru,Москва,10.04.2024
c102022,Глеб Тихонова,+7 (982) 619-77-82,user102022@example.ru,Красноярск,10.01.2026
c101363,Алиса Савельев,+7 (948) 659-35-05,user101363@example.ru,Новосибирск,19.09.2024
c106605,Юлия Гордеев,+7 (953) 309-31-72,user106605@example.ru,Казань,15.10.2025
c104198,Денис Белых,+7 (930) 373-55-14,user104198@example.ru,Москва,01.08.2025
c100316,Алиса Юдина,+7 (973) 341-21-01,user100316@example.ru,Новосибирск,02.01.2026
c102477,Глеб Панин,+7 (982) 454-49-62,user102477@example.ru,Екатеринбург,20.12.2024
c106352,Игорь Ковальчук,+7 (984) 485-02-11,user106352@example.ru,Новосибирск,23.11.2024
c105789,Полина Ермаков,+7 (985) 807-87-45,user105789@example.ru,Казань,17.02.2025
c100982,Ольга Шилова,+7 (962) 712-96-92,user100982@example.ru,Москва,26.01.2026
c104846,Глеб Панин,+7 (947) 802-77-09,user104846@example.ru,Москва,18.03.2024
c105815,Анна Панин,+7 (915) 615-02-24,user105815@example.ru,Казань,21.08.2025
c104480,Наталья Крылов,+7 (997) 273-17-54,user104480@example.ru,Казань,19.08.2024
c102493,Вера Панин,+7 (975) 780-58-85,user102493@example.ru,Санкт-Петербург,24.10.2024
c102252,Елена Мешков,+7 (938) 156-41-04,user102252@example.ru,Красноярск,20.02.2026
c105906,Анна Шилова,+7 (951) 077-25-16,user105906@example.ru,Санкт-Петербург,31.03.2024
c101257,Тимур Зуева,+7 (991) 233-40-69,user101257@example.ru,Новосибирск,01.12.2025
c106693,Елена Лаптев,+7 (934) 490-18-79,user106693@example.ru,Новосибирск,22.10.2025
c100861,Денис Юдина,+7 (966) 769-11-06,user100861@example.ru,Москва,19.05.2026
c102750,Артур Лаптев,+7 (966) 501-50-49,user102750@example.ru,Красноярск,31.12.2025
c102403,Анна Осипова,+7 (965) 660-53-11,user102403@example.ru,Красноярск,05.12.2025
c106270,Денис Осипова,+7 (999) 707-88-93,user106270@example.ru,Новосибирск,18.04.2025
c102538,Анна Лаптев,+7 (983) 461-23-21,user102538@example.ru,Новосибирск,23.02.2024
c102050,Артур Осипова,+7 (957) 063-42-93,user102050@example.ru,Санкт-Петербург,20.05.2025
c104100,Наталья Белых,+7 (955) 310-79-16,user104100@example.ru,Санкт-Петербург,14.09.2025
c100944,Елена Савельев,+7 (995) 279-70-50,user100944@example.ru,Казань,23.02.2026
c104752,Наталья Ковальчук,+7 (974) 842-89-20,user104752@example.ru,Екатеринбург,02.12.2024
c104976,Денис Крылов,+7 (990) 535-05-25,user104976@example.ru,Казань,02.06.2026
c105036,Максим Зуева,+7 (998) 119-22-96,user105036@example.ru,Екатеринбург,26.04.2026
c100763,Максим Зуева,+7 (965) 258-66-29,user100763@example.ru,Казань,14.03.2024
c100363,Полина Панин,+7 (993) 869-49-96,user100363@example.ru,Санкт-Петербург,16.05.2025
c103060,Денис Мешков,+7 (991) 585-64-82,user103060@example.ru,Москва,08.09.2025
c100696,Анна Шилова,+7 (917) 184-35-19,user100696@example.ru,Красноярск,22.02.2024
c105676,Елена Ковальчук,+7 (957) 470-16-43,user105676@example.ru,Красноярск,05.09.2024
c101752,Лидия Савельев,+7 (945) 939-64-69,user101752@example.ru,Екатеринбург,24.12.2025
c106521,Елена Крылов,+7 (925) 178-23-56,user106521@example.ru,Красноярск,27.07.2025
c100224,Павел Шилова,+7 (949) 434-16-53,user100224@example.ru,Екатеринбург,29.07.2024
c106313,Роман Ковальчук,+7 (934) 330-26-65,user106313@example.ru,Красноярск,08.01.2025
c100529,Ольга Мешков,+7 (999) 118-30-57,user100529@example.ru,Москва,02.07.2024
c100981,Вера Гордеев,+7 (935) 453-65-03,user100981@example.ru,Казань,31.05.2025
c103122,Павел Панин,+7 (914) 096-29-95,user103122@example.ru,Екатеринбург,21.10.2025
c103794,Юлия Белых,+7 (944) 033-17-29,user103794@example.ru,Новосибирск,14.03.2026
c103136,Максим Юдина,+7 (965) 817-83-07,user103136@example.ru,Санкт-Петербург,25.03.2025
c102056,Мария Шилова,+7 (947) 991-97-26,user102056@example.ru,Красноярск,02.11.2025
c105086,Полина Осипова,+7 (988) 315-60-67,user105086@example.ru,Москва,07.02.2025
c104269,Наталья Осипова,+7 (975) 706-55-93,user104269@example.ru,Новосибирск,03.10.2024
c101940,Денис Панин,+7 (996) 298-26-74,user101940@example.ru,Казань,08.02.2025
c102495,Роман Ковальчук,+7 (943) 184-52-89,user102495@example.ru,Санкт-Петербург,30.10.2024
c101771,Тимур Савельев,+7 (987) 671-55-66,user101771@example.ru,Екатеринбург,31.01.2024
c104191,Вера Лаптев,+7 (912) 646-45-73,user104191@example.ru,Казань,19.12.2024
c104043,Глеб Ковальчук,+7 (959) 212-91-03,user104043@example.ru,Казань,31.05.2025
c106273,Павел Зуева,+7 (916) 213-11-32,user106273@example.ru,Екатеринбург,03.03.2026
c106824,Ольга Крылов,+7 (990) 754-85-59,user106824@example.ru,Красноярск,30.05.2024
c102243,Тимур Сорокина,+7 (976) 593-82-71,user102243@example.ru,Москва,20.09.2025
c104488,Мария Зуева,+7 (966) 904-02-08,user104488@example.ru,Екатеринбург,14.08.2025
c105972,Лидия Осипова,+7 (974) 002-76-19,user105972@example.ru,Екатеринбург,13.06.2025
c103320,Мария Лаптев,+7 (962) 354-67-27,user103320@example.ru,Красноярск,24.05.2025
c101094,Елена Гордеев,+7 (960) 561-08-23,user101094@example.ru,Красноярск,05.10.2025
c100129,Игорь Тихонова,+7 (943) 826-80-26,user100129@example.ru,Казань,05.04.2024
c105964,Егор Осипова,+7 (999) 390-52-91,user105964@example.ru,Санкт-Петербург,09.07.2024
c102400,Тимур Юдина,+7 (940) 355-54-27,user102400@example.ru,Казань,18.02.2025
c101677,Елена Сорокина,+7 (977) 385-50-71,user101677@example.ru,Санкт-Петербург,20.08.2025
c100066,Юлия Нестеров,+7 (968) 875-51-01,user100066@example.ru,Санкт-Петербург,04.03.2026
c102484,Тимур Нестеров,+7 (994) 424-60-50,user102484@example.ru,Санкт-Петербург,17.06.2024
c105472,Наталья Ковальчук,+7 (997) 401-57-66,user105472@example.ru,Новосибирск,07.08.2025
c101158,Полина Осипова,+7 (916) 066-37-97,user101158@example.ru,Екатеринбург,21.11.2024
c105452,Полина Гордеев,+7 (921) 059-24-68,user105452@example.ru,Екатеринбург,21.08.2025
c100613,Ольга Нестеров,+7 (965) 525-68-49,user100613@example.ru,Москва,16.03.2025
c101169,Алиса Сорокина,+7 (916) 046-63-62,user101169@example.ru,Москва,11.05.2025
c101289,Роман Лаптев,+7 (972) 471-83-83,user101289@example.ru,Красноярск,14.08.2025
c102061,Алиса Осипова,+7 (927) 887-29-06,user102061@example.ru,Казань,14.04.2024
c104492,Глеб Крылов,+7 (982) 289-18-39,user104492@example.ru,Москва,08.03.2025
c106555,Роман Нестеров,+7 (991) 219-34-77,user106555@example.ru,Казань,21.12.2025
c102229,Егор Ермаков,+7 (983) 424-26-17,user102229@example.ru,Москва,20.01.2024
c105677,Кирилл Шилова,+7 (975) 497-73-87,user105677@example.ru,Екатеринбург,07.02.2024
c103459,Наталья Белых,+7 (935) 014-97-89,user103459@example.ru,Казань,04.08.2024
c100995,Кирилл Крылов,+7 (999) 765-49-84,user100995@example.ru,Санкт-Петербург,11.06.2026
c100284,Игорь Ковальчук,+7 (953) 983-93-23,user100284@example.ru,Казань,22.04.2025
c100402,Полина Сорокина,+7 (969) 519-05-97,user100402@example.ru,Санкт-Петербург,23.10.2025
c105596,Ольга Тихонова,+7 (923) 134-40-30,user105596@example.ru,Красноярск,06.07.2024
c104333,Анна Белых,+7 (922) 339-65-11,user104333@example.ru,Красноярск,20.05.2024
c104381,Вера Гордеев,+7 (978) 675-98-15,user104381@example.ru,Красноярск,09.10.2025
c102053,Лидия Шилова,+7 (978) 050-36-60,user102053@example.ru,Новосибирск,29.11.2025
c100803,Наталья Панин,+7 (966) 101-38-42,user100803@example.ru,Санкт-Петербург,14.10.2024
c101136,Мария Лаптев,+7 (994) 307-47-27,user101136@example.ru,Новосибирск,12.03.2025
c104700,Артур Лаптев,+7 (949) 011-35-41,user104700@example.ru,Новосибирск,24.05.2024
c106383,Егор Зуева,+7 (939) 521-96-60,user106383@example.ru,Казань,21.09.2024
c103252,Кирилл Ермаков,+7 (935) 535-89-16,user103252@example.ru,Казань,21.07.2025
c103953,Наталья Панин,+7 (964) 292-08-43,user103953@example.ru,Казань,13.06.2025
c103917,Тимур Мешков,+7 (942) 695-02-17,user103917@example.ru,Казань,06.04.2024
c104638,Егор Ковальчук,+7 (977) 768-01-49,user104638@example.ru,Красноярск,16.04.2025
c103333,Игорь Савельев,+7 (942) 363-47-59,user103333@example.ru,Санкт-Петербург,02.06.2025
c106567,Максим Осипова,+7 (998) 853-01-06,user106567@example.ru,Красноярск,04.04.2026
c101285,Игорь Панин,+7 (985) 283-59-02,user101285@example.ru,Красноярск,05.02.2026
c101935,Павел Юдина,+7 (983) 410-24-97,user101935@example.ru,Новосибирск,28.11.2025
c100256,Денис Крылов,+7 (957) 044-57-08,user100256@example.ru,Красноярск,07.11.2025
c103583,Лидия Сорокина,+7 (997) 357-31-88,user103583@example.ru,Екатеринбург,29.11.2024
c104958,Наталья Сорокина,+7 (970) 251-86-93,user104958@example.ru,Красноярск,15.01.2024
c102447,Глеб Лаптев,+7 (917) 269-28-93,user102447@example.ru,Новосибирск,28.11.2024
c105600,Наталья Ковальчук,+7 (987) 951-07-12,user105600@example.ru,Новосибирск,09.08.2024
c104013,Глеб Тихонова,+7 (950) 955-70-03,user104013@example.ru,Казань,15.12.2025
c102466,Игорь Тихонова,+7 (910) 131-87-97,user102466@example.ru,Санкт-Петербург,12.12.2024
c104228,Алиса Белых,+7 (969) 067-44-10,user104228@example.ru,Красноярск,28.09.2025
c103703,Ольга Юдина,+7 (974) 456-70-36,user103703@example.ru,Москва,17.03.2025
c105932,Лидия Нестеров,+7 (921) 616-13-42,user105932@example.ru,Москва,06.04.2024
c105870,Тимур Лаптев,+7 (959) 782-92-17,user105870@example.ru,Санкт-Петербург,17.08.2024
c101193,Мария Шилова,+7 (986) 895-49-65,user101193@example.ru,Санкт-Петербург,04.04.2024
c104032,Вера Сорокина,+7 (950) 462-28-81,user104032@example.ru,Казань,31.05.2025
c100830,Вера Панин,+7 (920) 594-28-72,user100830@example.ru,Казань,11.11.2025
c105664,Глеб Савельев,+7 (933) 978-91-12,user105664@example.ru,Казань,04.05.2026
c105513,Тимур Юдина,+7 (920) 792-30-94,user105513@example.ru,Екатеринбург,25.02.2026
c102766,Максим Юдина,+7 (972) 482-93-84,user102766@example.ru,Новосибирск,13.04.2025
c101645,Игорь Зуева,+7 (930) 291-24-93,user101645@example.ru,Новосибирск,06.06.2024
c104885,Павел Лаптев,+7 (965) 474-52-52,user104885@example.ru,Санкт-Петербург,19.04.2024
c105707,Лидия Гордеев,+7 (941) 015-65-02,user105707@example.ru,Казань,09.03.2026
c106184,Наталья Зуева,+7 (927) 218-27-68,user106184@example.ru,Красноярск,14.05.2026
c106866,Тимур Осипова,+7 (984) 360-25-60,user106866@example.ru,Екатеринбург,06.04.2024
c100841,Елена Лаптев,+7 (998) 005-69-74,user100841@example.ru,Казань,30.03.2026
c100909,Полина Тихонова,+7 (989) 428-81-19,user100909@example.ru,Новосибирск,20.03.2025
c100532,Вера Гордеев,+7 (915) 911-52-46,user100532@example.ru,Екатеринбург,20.03.2026
c103841,Елена Нестеров,+7 (935) 819-03-92,user103841@example.ru,Казань,23.09.2024
c101508,Юлия Крылов,+7 (974) 431-38-09,user101508@example.ru,Красноярск,03.01.2025
c101722,Егор Мешков,+7 (965) 128-67-59,user101722@example.ru,Екатеринбург,29.09.2025
c101943,Ольга Белых,+7 (991) 729-98-05,user101943@example.ru,Казань,18.08.2024
c102364,Наталья Зуева,+7 (996) 088-84-17,user102364@example.ru,Казань,15.02.2025
c101165,Тимур Лаптев,+7 (925) 671-71-08,user101165@example.ru,Екатеринбург,06.01.2025
c102517,Алиса Зуева,+7 (973) 686-33-30,user102517@example.ru,Екатеринбург,16.04.2026
c106417,Полина Ковальчук,+7 (927) 049-86-62,user106417@example.ru,Москва,05.07.2024
c102230,Юлия Юдина,+7 (970) 178-32-10,user102230@example.ru,Новосибирск,22.04.2025
c106712,Юлия Белых,+7 (952) 080-06-31,user106712@example.ru,Москва,27.04.2024
c101627,Игорь Панин,+7 (925) 700-69-16,user101627@example.ru,Екатеринбург,19.02.2026
c103225,Полина Шилова,+7 (919) 880-23-85,user103225@example.ru,Москва,30.07.2024
c101561,Наталья Крылов,+7 (970) 632-39-48,user101561@example.ru,Санкт-Петербург,05.05.2025
c103617,Глеб Савельев,+7 (998) 334-91-24,user103617@example.ru,Санкт-Петербург,12.02.2024
c102979,Лидия Панин,+7 (964) 723-33-28,user102979@example.ru,Новосибирск,30.03.2024
c104839,Игорь Шилова,+7 (953) 434-65-25,user104839@example.ru,Новосибирск,15.04.2025
c105519,Лидия Юдина,+7 (926) 679-04-49,user105519@example.ru,Красноярск,20.11.2024
c101041,Анна Мешков,+7 (956) 607-25-24,user101041@example.ru,Красноярск,21.02.2026
c105301,Игорь Осипова,+7 (952) 944-49-54,user105301@example.ru,Москва,20.07.2025
c103265,Максим Осипова,+7 (993) 251-80-49,user103265@example.ru,Екатеринбург,03.03.2025
c106008,Лидия Сорокина,+7 (995) 656-90-01,user106008@example.ru,Красноярск,13.12.2024
c103559,Наталья Ермаков,+7 (952) 092-13-66,user103559@example.ru,Санкт-Петербург,28.08.2025
c105990,Роман Сорокина,+7 (958) 918-61-99,user105990@example.ru,Красноярск,21.04.2026
c101247,Вера Нестеров,+7 (926) 847-60-31,user101247@example.ru,Новосибирск,05.02.2024
c105204,Вера Зуева,+7 (991) 939-86-94,user105204@example.ru,Красноярск,20.04.2025
c101254,Наталья Мешков,+7 (948) 733-63-81,user101254@example.ru,Казань,29.01.2025
c102802,Тимур Крылов,+7 (988) 352-33-72,user102802@example.ru,Москва,01.06.2026
c102260,Анна Нестеров,+7 (953) 399-09-10,user102260@example.ru,Санкт-Петербург,15.05.2024
c101520,Вера Мешков,+7 (916) 759-47-75,user101520@example.ru,Новосибирск,27.06.2024
c104179,Глеб Крылов,+7 (957) 563-26-14,user104179@example.ru,Екатеринбург,17.04.2024
c101673,Тимур Осипова,+7 (935) 598-10-62,user101673@example.ru,Новосибирск,15.09.2024
c101959,Денис Гордеев,+7 (938) 973-31-72,user101959@example.ru,Санкт-Петербург,01.05.2025
c101318,Игорь Тихонова,+7 (923) 808-33-84,user101318@example.ru,Казань,08.03.2025
c105227,Егор Осипова,+7 (962) 719-96-25,user105227@example.ru,Екатеринбург,15.07.2024
c103889,Лидия Юдина,+7 (982) 057-40-13,user103889@example.ru,Новосибирск,22.02.2026
c103835,Кирилл Крылов,+7 (983) 138-71-41,user103835@example.ru,Санкт-Петербург,03.05.2025
c105139,Лидия Мешков,+7 (997) 104-60-31,user105139@example.ru,Екатеринбург,13.04.2024
c102415,Тимур Тихонова,+7 (966) 790-53-00,user102415@example.ru,Новосибирск,27.09.2024
c105808,Полина Ковальчук,+7 (974) 358-11-68,user105808@example.ru,Новосибирск,19.02.2024
c103848,Кирилл Юдина,+7 (910) 997-07-81,user103848@example.ru,Новосибирск,08.09.2025
c105273,Алиса Савельев,+7 (984) 026-89-61,user105273@example.ru,Санкт-Петербург,19.10.2025
c102212,Анна Ковальчук,+7 (951) 818-73-76,user102212@example.ru,Москва,19.12.2025
c103335,Денис Осипова,+7 (996) 548-77-39,user103335@example.ru,Красноярск,11.02.2025
c103422,Алиса Сорокина,+7 (945) 247-69-37,user103422@example.ru,Санкт-Петербург,26.05.2025
c103207,Роман Шилова,+7 (955) 132-20-03,user103207@example.ru,Санкт-Петербург,30.06.2025
c103805,Ольга Савельев,+7 (983) 187-85-90,user103805@example.ru,Красноярск,13.05.2026
c102942,Артур Ковальчук,+7 (929) 116-71-00,user102942@example.ru,Казань,06.02.2025
c100325,Кирилл Нестеров,+7 (933) 645-50-13,user100325@example.ru,Казань,25.11.2024
c101805,Егор Юдина,+7 (974) 052-54-85,user101805@example.ru,Новосибирск,30.01.2025
c103099,Полина Ермаков,+7 (927) 796-86-29,user103099@example.ru,Новосибирск,01.02.2025
c104982,Глеб Зуева,+7 (927) 158-44-24,user104982@example.ru,Санкт-Петербург,15.04.2024
c106762,Ольга Осипова,+7 (917) 960-68-93,user106762@example.ru,Казань,17.05.2024
c103933,Павел Крылов,+7 (985) 621-64-95,user103933@example.ru,Санкт-Петербург,13.10.2024
c102907,Павел Нестеров,+7 (949) 362-65-59,user102907@example.ru,Новосибирск,30.04.2026
c100085,Елена Лаптев,+7 (980) 611-83-72,user100085@example.ru,Красноярск,24.01.2025
c101296,Денис Тихонова,+7 (996) 726-82-72,user101296@example.ru,Москва,16.01.2026
c104177,Мария Белых,+7 (912) 029-40-96,user104177@example.ru,Москва,27.03.2025
c103691,Елена Гордеев,+7 (965) 040-55-54,user103691@example.ru,Казань,04.01.2026
c103329,Егор Савельев,+7 (997) 858-10-69,user103329@example.ru,Новосибирск,19.03.2024
c100423,Вера Осипова,+7 (957) 499-87-85,user100423@example.ru,Казань,07.04.2024
c106765,Кирилл Мешков,+7 (969) 039-75-74,user106765@example.ru,Екатеринбург,10.06.2025
c102096,Павел Крылов,+7 (948) 910-58-15,user102096@example.ru,Екатеринбург,22.09.2024
c103534,Наталья Юдина,+7 (965) 787-19-80,user103534@example.ru,Казань,19.02.2025
c103463,Роман Тихонова,+7 (946) 900-34-22,user103463@example.ru,Казань,05.01.2025
c103234,Вера Савельев,+7 (980) 884-49-76,user103234@example.ru,Красноярск,11.06.2025
c102192,Юлия Тихонова,+7 (990) 799-71-58,user102192@example.ru,Новосибирск,18.05.2024
c103906,Юлия Ермаков,+7 (953) 213-65-76,user103906@example.ru,Екатеринбург,01.04.2026
c101505,Денис Крылов,+7 (976) 024-04-75,user101505@example.ru,Екатеринбург,31.03.2024
c103880,Павел Ермаков,+7 (936) 282-08-62,user103880@example.ru,Новосибирск,04.01.2026
c102379,Артур Панин,+7 (990) 973-57-28,user102379@example.ru,Екатеринбург,07.07.2025
c100327,Максим Лаптев,+7 (993) 362-53-19,user100327@example.ru,Красноярск,14.10.2024
c104551,Вера Зуева,+7 (962) 262-92-35,user104551@example.ru,Красноярск,09.11.2025
c101339,Егор Сорокина,+7 (955) 319-19-83,user101339@example.ru,Санкт-Петербург,09.04.2025
c105860,Лидия Юдина,+7 (948) 968-71-24,user105860@example.ru,Новосибирск,06.03.2025
c104977,Мария Мешков,+7 (983) 048-18-06,user104977@example.ru,Новосибирск,07.02.2026
c105292,Егор Ковальчук,+7 (928) 118-29-20,user105292@example.ru,Красноярск,21.02.2024
c101679,Егор Сорокина,+7 (938) 199-21-79,user101679@example.ru,Казань,18.09.2024
c105427,Кирилл Нестеров,+7 (950) 448-22-21,user105427@example.ru,Екатеринбург,04.03.2026
c102795,Мария Мешков,+7 (998) 445-66-75,user102795@example.ru,Москва,09.03.2024
c105265,Алиса Ковальчук,+7 (972) 508-24-16,user105265@example.ru,Санкт-Петербург,03.06.2026
c102951,Павел Гордеев,+7 (939) 850-02-47,user102951@example.ru,Екатеринбург,08.12.2025
c106030,Лидия Ковальчук,+7 (941) 601-40-78,user106030@example.ru,Красноярск,30.04.2025
c104868,Алиса Сорокина,+7 (916) 408-08-36,user104868@example.ru,Москва,01.02.2026
c103591,Максим Шилова,+7 (992) 108-73-68,user103591@example.ru,Москва,24.05.2024
c103564,Павел Мешков,+7 (934) 631-81-70,user103564@example.ru,Санкт-Петербург,10.07.2024
c101323,Анна Панин,+7 (913) 760-95-84,user101323@example.ru,Новосибирск,17.07.2024
c104030,Полина Тихонова,+7 (921) 185-98-26,user104030@example.ru,Красноярск,22.05.2024
c105429,Елена Ермаков,+7 (931) 333-25-53,user105429@example.ru,Москва,08.02.2025
c103178,Вера Юдина,+7 (915) 598-24-51,user103178@example.ru,Красноярск,24.06.2024
c105486,Максим Белых,+7 (922) 994-99-97,user105486@example.ru,Санкт-Петербург,10.06.2024
c101028,Полина Сорокина,+7 (994) 186-54-45,user101028@example.ru,Казань,01.04.2026
c101862,Алиса Зуева,+7 (936) 630-27-92,user101862@example.ru,Новосибирск,14.12.2024
c100121,Анна Ермаков,+7 (938) 889-12-13,user100121@example.ru,Казань,13.09.2025
c102104,Ольга Белых,+7 (938) 948-53-46,user102104@example.ru,Санкт-Петербург,27.09.2025
c100192,Артур Шилова,+7 (957) 464-11-05,user100192@example.ru,Красноярск,28.03.2025
c103352,Вера Ермаков,+7 (994) 208-82-55,user103352@example.ru,Москва,13.03.2025
c106697,Денис Лаптев,+7 (947) 006-17-74,user106697@example.ru,Красноярск,21.05.2025
c100720,Тимур Тихонова,+7 (975) 889-18-76,user100720@example.ru,Казань,08.01.2026
c101706,Кирилл Шилова,+7 (965) 925-69-32,user101706@example.ru,Екатеринбург,02.10.2025
c100727,Полина Панин,+7 (922) 502-27-88,user100727@example.ru,Санкт-Петербург,08.06.2024
c102605,Мария Зуева,+7 (967) 001-73-83,user102605@example.ru,Новосибирск,05.10.2025
c102365,Елена Тихонова,+7 (946) 723-68-37,user102365@example.ru,Екатеринбург,16.03.2025
c103600,Максим Сорокина,+7 (974) 249-61-34,user103600@example.ru,Санкт-Петербург,21.06.2025
c103511,Алиса Белых,+7 (950) 504-23-74,user103511@example.ru,Новосибирск,22.11.2024
c101831,Юлия Зуева,+7 (966) 497-24-38,user101831@example.ru,Красноярск,22.11.2024
c103531,Кирилл Крылов,+7 (998) 371-43-62,user103531@example.ru,Москва,19.06.2026
c105466,Мария Сорокина,+7 (932) 157-43-05,user105466@example.ru,Москва,20.09.2024
c103375,Артур Панин,+7 (953) 326-67-31,user103375@example.ru,Красноярск,21.02.2025
c100176,Юлия Савельев,+7 (915) 766-93-86,user100176@example.ru,Екатеринбург,19.03.2025
c103626,Юлия Юдина,+7 (919) 081-85-70,user103626@example.ru,Москва,13.07.2024
c101024,Ольга Ковальчук,+7 (991) 020-45-53,user101024@example.ru,Екатеринбург,26.09.2024
c100901,Полина Ермаков,+7 (989) 568-93-27,user100901@example.ru,Новосибирск,04.10.2025
c101251,Максим Тихонова,+7 (949) 985-53-40,user101251@example.ru,Екатеринбург,06.06.2024
c103895,Лидия Панин,+7 (970) 719-21-93,user103895@example.ru,Казань,31.01.2025
c102903,Алиса Тихонова,+7 (972) 581-16-71,user102903@example.ru,Екатеринбург,25.05.2026
c101633,Полина Зуева,+7 (944) 292-25-23,user101633@example.ru,Екатеринбург,07.03.2026
c103147,Лидия Тихонова,+7 (985) 630-90-41,user103147@example.ru,Казань,02.06.2025
c106185,Вера Ковальчук,+7 (997) 571-85-33,user106185@example.ru,Екатеринбург,02.01.2026
c105022,Алиса Ковальчук,+7 (980) 875-15-23,user105022@example.ru,Красноярск,25.03.2026
c102285,Полина Сорокина,+7 (941) 224-09-37,user102285@example.ru,Москва,22.06.2024
c106603,Тимур Крылов,+7 (973) 724-21-66,user106603@example.ru,Красноярск,17.06.2025
c105479,Игорь Белых,+7 (926) 464-26-90,user105479@example.ru,Новосибирск,20.02.2026
c104110,Тимур Сорокина,+7 (997) 676-13-25,user104110@example.ru,Санкт-Петербург,07.01.2026
c101955,Юлия Ермаков,+7 (983) 483-59-03,user101955@example.ru,Москва,05.02.2024
c104848,Артур Мешков,+7 (945) 718-98-61,user104848@example.ru,Красноярск,18.11.2024
c104804,Вера Юдина,+7 (983) 462-41-68,user104804@example.ru,Санкт-Петербург,24.01.2025
c106836,Ольга Мешков,+7 (954) 835-75-35,user106836@example.ru,Казань,02.05.2026
c106103,Павел Белых,+7 (940) 652-51-85,user106103@example.ru,Екатеринбург,12.12.2024
c100496,Денис Панин,+7 (930) 373-05-45,user100496@example.ru,Екатеринбург,21.04.2025
c102661,Игорь Белых,+7 (962) 045-81-86,user102661@example.ru,Москва,01.03.2025
c106772,Денис Мешков,+7 (969) 033-68-58,user106772@example.ru,Казань,24.09.2024
c100824,Максим Мешков,+7 (943) 783-79-58,user100824@example.ru,Казань,06.12.2024
c103991,Роман Мешков,+7 (968) 404-62-52,user103991@example.ru,Екатеринбург,13.06.2025
c101398,Кирилл Шилова,+7 (928) 342-25-80,user101398@example.ru,Москва,30.03.2024
c105598,Анна Крылов,+7 (950) 052-77-45,user105598@example.ru,Красноярск,12.04.2025
c103160,Тимур Белых,+7 (917) 526-09-40,user103160@example.ru,Новосибирск,05.05.2024
c101345,Алиса Тихонова,+7 (923) 212-81-46,user101345@example.ru,Новосибирск,09.12.2024
c100480,Игорь Белых,+7 (958) 699-95-25,user100480@example.ru,Новосибирск,07.01.2026
c106351,Мария Сорокина,+7 (912) 023-09-35,user106351@example.ru,Екатеринбург,14.01.2026
c101035,Роман Савельев,+7 (928) 740-31-48,user101035@example.ru,Казань,11.04.2026
c102084,Лидия Зуева,+7 (994) 345-29-42,user102084@example.ru,Красноярск,03.12.2025
c104658,Егор Ермаков,+7 (933) 839-50-62,user104658@example.ru,Москва,06.10.2025
c106460,Денис Зуева,+7 (983) 762-85-36,user106460@example.ru,Красноярск,04.10.2024
c100447,Наталья Зуева,+7 (966) 835-59-11,user100447@example.ru,Красноярск,26.06.2025
c102908,Денис Зуева,+7 (973) 171-66-69,user102908@example.ru,Москва,02.01.2026
c105115,Игорь Мешков,+7 (934) 229-50-26,user105115@example.ru,Москва,11.04.2026
c100221,Лидия Зуева,+7 (910) 859-65-91,user100221@example.ru,Казань,13.05.2026
c105448,Юлия Юдина,+7 (917) 355-98-55,user105448@example.ru,Москва,17.06.2025
c104131,Игорь Гордеев,+7 (934) 257-83-93,user104131@example.ru,Санкт-Петербург,18.02.2026
c100577,Денис Белых,+7 (949) 133-41-43,user100577@example.ru,Екатеринбург,08.05.2025
c101897,Елена Ермаков,+7 (952) 115-77-98,user101897@example.ru,Красноярск,02.05.2025
c105391,Мария Тихонова,+7 (967) 042-74-61,user105391@example.ru,Москва,02.03.2025
c105822,Наталья Осипова,+7 (970) 781-33-13,user105822@example.ru,Екатеринбург,13.09.2025
c103416,Максим Ермаков,+7 (974) 231-45-15,user103416@example.ru,Казань,03.03.2026
c101996,Павел Сорокина,+7 (964) 587-34-77,user101996@example.ru,Екатеринбург,20.11.2024
c103593,Анна Зуева,+7 (960) 456-47-77,user103593@example.ru,Новосибирск,26.02.2025
c102181,Полина Ковальчук,+7 (916) 238-04-71,user102181@example.ru,Екатеринбург,01.03.2025
c105219,Юлия Ковальчук,+7 (913) 918-29-52,user105219@example.ru,Москва,08.03.2024
c101486,Юлия Ермаков,+7 (924) 054-39-92,user101486@example.ru,Екатеринбург,28.02.2025
c106063,Лидия Мешков,+7 (939) 137-55-17,user106063@example.ru,Санкт-Петербург,24.06.2025
c103786,Егор Шилова,+7 (922) 800-87-56,user103786@example.ru,Красноярск,12.10.2025
c102844,Глеб Гордеев,+7 (986) 620-88-81,user102844@example.ru,Екатеринбург,08.04.2025
c106818,Полина Нестеров,+7 (942) 096-04-53,user106818@example.ru,Санкт-Петербург,30.09.2024
c104059,Наталья Савельев,+7 (977) 924-75-99,user104059@example.ru,Новосибирск,24.08.2024
c103115,Егор Белых,+7 (931) 532-21-71,user103115@example.ru,Москва,24.12.2024
c105635,Ольга Сорокина,+7 (964) 317-52-12,user105635@example.ru,Москва,14.03.2024
c105588,Кирилл Шилова,+7 (968) 175-80-56,user105588@example.ru,Екатеринбург,20.04.2026
c100828,Юлия Юдина,+7 (996) 767-97-98,user100828@example.ru,Красноярск,06.10.2025
c106402,Игорь Ермаков,+7 (916) 477-22-42,user106402@example.ru,Казань,15.02.2024
c100797,Юлия Зуева,+7 (956) 028-65-49,user100797@example.ru,Казань,22.11.2025
c106395,Мария Гордеев,+7 (944) 141-67-73,user106395@example.ru,Санкт-Петербург,20.01.2025
c100881,Максим Шилова,+7 (951) 155-50-59,user100881@example.ru,Екатеринбург,09.05.2026
c106843,Денис Тихонова,+7 (996) 354-82-94,user106843@example.ru,Новосибирск,05.04.2025
c102710,Вера Панин,+7 (961) 930-83-10,user102710@example.ru,Новосибирск,11.03.2026
c104109,Алиса Ковальчук,+7 (959) 624-51-85,user104109@example.ru,Екатеринбург,25.02.2024
c101587,Глеб Тихонова,+7 (943) 322-20-02,user101587@example.ru,Санкт-Петербург,29.07.2024
c104561,Максим Ковальчук,+7 (939) 416-17-28,user104561@example.ru,Москва,20.01.2024
c103825,Роман Сорокина,+7 (923) 606-57-94,user103825@example.ru,Санкт-Петербург,24.04.2025
c105003,Игорь Зуева,+7 (918) 546-37-71,user105003@example.ru,Санкт-Петербург,24.09.2024
c104512,Наталья Осипова,+7 (918) 987-28-19,user104512@example.ru,Казань,10.01.2026
c100474,Денис Нестеров,+7 (957) 697-61-48,user100474@example.ru,Новосибирск,02.09.2025
c100863,Игорь Крылов,+7 (991) 321-85-71,user100863@example.ru,Новосибирск,15.12.2024
c105283,Юлия Ермаков,+7 (938) 938-67-90,user105283@example.ru,Санкт-Петербург,15.03.2025
c103121,Роман Мешков,+7 (998) 812-26-12,user103121@example.ru,Новосибирск,24.04.2024
c100303,Наталья Савельев,+7 (958) 074-72-56,user100303@example.ru,Санкт-Петербург,06.02.2024
c103404,Лидия Савельев,+7 (969) 405-26-95,user103404@example.ru,Казань,04.07.2024
c105074,Полина Тихонова,+7 (914) 932-68-01,user105074@example.ru,Санкт-Петербург,16.06.2026
c101644,Наталья Панин,+7 (983) 418-71-80,user101644@example.ru,Новосибирск,25.09.2024
c105610,Вера Нестеров,+7 (953) 561-90-34,user105610@example.ru,Казань,17.01.2024
c105042,Ольга Гордеев,+7 (986) 571-11-60,user105042@example.ru,Санкт-Петербург,08.08.2024
c105701,Егор Лаптев,+7 (962) 536-05-36,user105701@example.ru,Красноярск,27.02.2024
c106353,Полина Мешков,+7 (940) 252-69-53,user106353@example.ru,Санкт-Петербург,05.12.2025
c104672,Роман Тихонова,+7 (914) 263-66-90,user104672@example.ru,Санкт-Петербург,08.03.2025
c103890,Юлия Ковальчук,+7 (995) 487-02-38,user103890@example.ru,Екатеринбург,11.04.2024
c102535,Алиса Юдина,+7 (936) 946-87-99,user102535@example.ru,Красноярск,27.07.2025
c102585,Полина Нестеров,+7 (915) 494-66-83,user102585@example.ru,Новосибирск,30.12.2024
c104507,Юлия Тихонова,+7 (948) 244-00-26,user104507@example.ru,Москва,17.06.2025
c103492,Павел Ермаков,+7 (917) 105-99-45,user103492@example.ru,Казань,22.03.2026
c100597,Анна Савельев,+7 (944) 288-54-80,user100597@example.ru,Санкт-Петербург,17.10.2025
c106637,Павел Лаптев,+7 (912) 671-86-84,user106637@example.ru,Москва,19.08.2025
c104071,Денис Ковальчук,+7 (983) 902-68-50,user104071@example.ru,Санкт-Петербург,01.02.2024
c102076,Полина Гордеев,+7 (917) 869-77-53,user102076@example.ru,Москва,23.08.2025
c104243,Денис Зуева,+7 (915) 514-59-03,user104243@example.ru,Санкт-Петербург,24.07.2024
c106012,Лидия Сорокина,+7 (976) 888-16-37,user106012@example.ru,Казань,24.06.2025
c106418,Роман Панин,+7 (934) 448-36-16,user106418@example.ru,Санкт-Петербург,14.01.2024
c101487,Роман Ермаков,+7 (919) 413-20-94,user101487@example.ru,Новосибирск,05.11.2025
c103139,Максим Мешков,+7 (916) 312-28-40,user103139@example.ru,Екатеринбург,08.08.2024
c103482,Игорь Нестеров,+7 (973) 292-30-27,user103482@example.ru,Казань,28.11.2024
c102426,Игорь Ермаков,+7 (910) 185-81-95,user102426@example.ru,Новосибирск,23.08.2025
c106299,Юлия Зуева,+7 (985) 280-90-31,user106299@example.ru,Москва,20.10.2025
c106198,Павел Савельев,+7 (916) 060-58-28,user106198@example.ru,Казань,19.11.2024
c102638,Денис Сорокина,+7 (969) 807-76-06,user102638@example.ru,Красноярск,30.04.2025
c103449,Кирилл Юдина,+7 (990) 804-18-38,user103449@example.ru,Санкт-Петербург,25.03.2025
c103264,Мария Крылов,+7 (945) 138-28-08,user103264@example.ru,Новосибирск,04.11.2025
c101482,Наталья Осипова,+7 (917) 960-58-65,user101482@example.ru,Москва,27.06.2026
c106071,Денис Осипова,+7 (913) 427-20-25,user106071@example.ru,Казань,25.01.2024
c102067,Глеб Тихонова,+7 (995) 588-31-70,user102067@example.ru,Новосибирск,26.03.2024
c105180,Елена Зуева,+7 (940) 384-81-67,user105180@example.ru,Казань,10.05.2024
c101957,Юлия Шилова,+7 (975) 150-22-77,user101957@example.ru,Санкт-Петербург,24.06.2026
c101854,Денис Сорокина,+7 (954) 079-16-41,user101854@example.ru,Новосибирск,21.12.2025
c104067,Алиса Тихонова,+7 (956) 052-45-39,user104067@example.ru,Красноярск,30.08.2025
c104957,Елена Лаптев,+7 (961) 880-59-89,user104957@example.ru,Красноярск,08.12.2024
c104206,Максим Осипова,+7 (976) 154-49-50,user104206@example.ru,Екатеринбург,19.03.2025
c106023,Кирилл Осипова,+7 (939) 685-09-70,user106023@example.ru,Санкт-Петербург,17.09.2025
c101507,Денис Гордеев,+7 (999) 800-69-07,user101507@example.ru,Москва,02.09.2024
c103486,Максим Осипова,+7 (955) 398-61-88,user103486@example.ru,Казань,21.08.2024
c103361,Анна Мешков,+7 (934) 461-58-84,user103361@example.ru,Новосибирск,15.10.2025
c105861,Мария Крылов,+7 (927) 499-68-92,user105861@example.ru,Екатеринбург,17.11.2025
c105544,Павел Панин,+7 (911) 047-34-47,user105544@example.ru,Новосибирск,16.05.2025
c105030,Артур Осипова,+7 (932) 995-33-51,user105030@example.ru,Москва,23.08.2024
c106790,Полина Шилова,+7 (977) 958-11-99,user106790@example.ru,Красноярск,19.07.2024
c101919,Роман Савельев,+7 (919) 768-27-11,user101919@example.ru,Москва,07.01.2026
c100509,Глеб Крылов,+7 (917) 405-96-01,user100509@example.ru,Екатеринбург,28.11.2025
c106336,Максим Гордеев,+7 (948) 037-60-32,user106336@example.ru,Москва,10.08.2024
c106172,Максим Зуева,+7 (912) 999-28-96,user106172@example.ru,Москва,04.01.2025
c100113,Максим Юдина,+7 (931) 020-92-38,user100113@example.ru,Москва,01.06.2025
c105487,Юлия Белых,+7 (952) 911-65-28,user105487@example.ru,Москва,14.01.2024
c106681,Ольга Тихонова,+7 (941) 164-45-89,user106681@example.ru,Санкт-Петербург,17.01.2025
c100157,Алиса Лаптев,+7 (919) 964-24-06,user100157@example.ru,Новосибирск,03.02.2025
c100234,Анна Ковальчук,+7 (937) 100-90-64,user100234@example.ru,Новосибирск,08.06.2026
c104326,Артур Панин,+7 (922) 822-66-45,user104326@example.ru,Екатеринбург,12.01.2026
c103774,Алиса Нестеров,+7 (948) 523-22-11,user103774@example.ru,Екатеринбург,26.01.2025
c103928,Денис Мешков,+7 (967) 245-06-37,user103928@example.ru,Санкт-Петербург,02.11.2024
c102722,Ольга Зуева,+7 (939) 982-83-65,user102722@example.ru,Казань,26.05.2025
c102515,Игорь Сорокина,+7 (984) 912-97-04,user102515@example.ru,Новосибирск,17.06.2025
c104147,Кирилл Гордеев,+7 (929) 127-81-58,user104147@example.ru,Казань,17.12.2024
c100286,Артур Панин,+7 (975) 832-57-58,user100286@example.ru,Казань,16.10.2024
c102388,Вера Панин,+7 (982) 682-67-42,user102388@example.ru,Санкт-Петербург,02.06.2024
c101178,Алиса Тихонова,+7 (997) 056-16-34,user101178@example.ru,Москва,11.03.2024
c103931,Лидия Тихонова,+7 (966) 635-38-40,user103931@example.ru,Красноярск,05.07.2024
c105511,Полина Панин,+7 (934) 456-49-31,user105511@example.ru,Красноярск,10.05.2025
c103398,Павел Осипова,+7 (974) 593-96-71,user103398@example.ru,Москва,16.03.2024
c100998,Наталья Гордеев,+7 (932) 296-99-87,user100998@example.ru,Санкт-Петербург,05.07.2024
c101504,Юлия Ковальчук,+7 (944) 638-06-59,user101504@example.ru,Новосибирск,20.12.2025
c105016,Павел Савельев,+7 (952) 727-19-69,user105016@example.ru,Москва,23.11.2024
c100319,Юлия Нестеров,+7 (978) 997-41-61,user100319@example.ru,Красноярск,01.06.2024
c103412,Тимур Юдина,+7 (919) 873-27-00,user103412@example.ru,Санкт-Петербург,13.05.2026
c103898,Егор Мешков,+7 (943) 098-15-71,user103898@example.ru,Екатеринбург,01.03.2024
c100257,Юлия Ермаков,+7 (981) 652-55-67,user100257@example.ru,Казань,15.02.2024
c103712,Наталья Зуева,+7 (963) 829-01-59,user103712@example.ru,Красноярск,04.02.2025
c100252,Полина Юдина,+7 (913) 037-97-08,user100252@example.ru,Москва,15.02.2024
c106781,Юлия Лаптев,+7 (953) 378-95-90,user106781@example.ru,Казань,27.03.2026
c102434,Денис Зуева,+7 (987) 559-90-28,user102434@example.ru,Москва,01.08.2024
c102909,Тимур Белых,+7 (967) 224-00-21,user102909@example.ru,Екатеринбург,04.11.2025
c105058,Тимур Белых,+7 (981) 060-11-67,user105058@example.ru,Москва,01.09.2025
c106729,Мария Ковальчук,+7 (969) 369-93-28,user106729@example.ru,Санкт-Петербург,15.11.2024
c105620,Егор Ермаков,+7 (912) 600-23-47,user105620@example.ru,Новосибирск,21.02.2025
c104740,Тимур Лаптев,+7 (992) 684-24-89,user104740@example.ru,Москва,10.05.2024
c106755,Ольга Лаптев,+7 (947) 451-25-94,user106755@example.ru,Новосибирск,26.01.2024
c106211,Вера Тихонова,+7 (936) 901-00-66,user106211@example.ru,Новосибирск,04.02.2026
c106627,Ольга Нестеров,+7 (945) 755-35-82,user106627@example.ru,Красноярск,07.05.2024
c104607,Павел Сорокина,+7 (949) 102-81-77,user104607@example.ru,Санкт-Петербург,10.05.2026
c103425,Тимур Ермаков,+7 (967) 733-06-08,user103425@example.ru,Новосибирск,22.01.2025
c101710,Денис Гордеев,+7 (973) 158-65-39,user101710@example.ru,Екатеринбург,27.05.2025
c105643,Ольга Шилова,+7 (969) 931-16-43,user105643@example.ru,Москва,04.02.2024
c101756,Максим Савельев,+7 (942) 804-17-24,user101756@example.ru,Санкт-Петербург,19.08.2024
c106040,Павел Лаптев,+7 (997) 760-42-79,user106040@example.ru,Новосибирск,23.10.2024
c104552,Павел Крылов,+7 (943) 404-78-48,user104552@example.ru,Екатеринбург,03.04.2025
c101797,Денис Савельев,+7 (942) 487-55-37,user101797@example.ru,Екатеринбург,08.05.2025
c103209,Игорь Шилова,+7 (961) 528-88-46,user103209@example.ru,Москва,22.12.2024
c105608,Мария Ковальчук,+7 (916) 827-88-50,user105608@example.ru,Санкт-Петербург,13.08.2024
c103886,Кирилл Ермаков,+7 (914) 356-30-59,user103886@example.ru,Екатеринбург,30.04.2026
c103241,Егор Белых,+7 (917) 305-56-92,user103241@example.ru,Екатеринбург,21.04.2026
c102860,Кирилл Ермаков,+7 (977) 891-05-86,user102860@example.ru,Казань,19.02.2025
c105430,Алиса Осипова,+7 (973) 855-21-41,user105430@example.ru,Красноярск,27.02.2024
c103523,Мария Шилова,+7 (982) 418-72-84,user103523@example.ru,Новосибирск,19.11.2025
c102512,Игорь Белых,+7 (952) 946-87-02,user102512@example.ru,Казань,11.01.2026
c104555,Роман Нестеров,+7 (936) 062-01-09,user104555@example.ru,Санкт-Петербург,11.11.2025
c105694,Мария Гордеев,+7 (966) 246-26-00,user105694@example.ru,Санкт-Петербург,09.04.2025
c102510,Юлия Лаптев,+7 (940) 193-83-88,user102510@example.ru,Москва,03.11.2025
c104344,Глеб Панин,+7 (914) 680-14-35,user104344@example.ru,Красноярск,07.04.2026
c102577,Максим Ковальчук,+7 (952) 394-74-30,user102577@example.ru,Казань,03.06.2024
c103270,Денис Мешков,+7 (973) 468-02-71,user103270@example.ru,Красноярск,22.03.2025
c104632,Кирилл Белых,+7 (945) 426-04-81,user104632@example.ru,Москва,11.03.2024
c103884,Егор Крылов,+7 (951) 895-55-21,user103884@example.ru,Красноярск,05.09.2024
c102857,Игорь Панин,+7 (989) 914-63-38,user102857@example.ru,Екатеринбург,22.05.2025
c102736,Артур Зуева,+7 (988) 423-94-37,user102736@example.ru,Москва,24.01.2025
c102930,Максим Лаптев,+7 (945) 407-84-52,user102930@example.ru,Санкт-Петербург,11.08.2025
c103603,Роман Тихонова,+7 (931) 551-36-36,user103603@example.ru,Новосибирск,12.04.2026
c104959,Елена Юдина,+7 (920) 029-57-35,user104959@example.ru,Новосибирск,17.05.2026
c102453,Кирилл Ермаков,+7 (967) 224-92-96,user102453@example.ru,Казань,17.01.2026
c106680,Мария Ковальчук,+7 (983) 577-50-09,user106680@example.ru,Москва,05.12.2024
c101083,Глеб Юдина,+7 (965) 783-02-14,user101083@example.ru,Новосибирск,29.04.2024
c101177,Мария Шилова,+7 (994) 326-38-20,user101177@example.ru,Казань,02.04.2025
c103709,Игорь Нестеров,+7 (948) 127-69-32,user103709@example.ru,Новосибирск,20.05.2024
c102380,Юлия Белых,+7 (953) 851-87-76,user102380@example.ru,Москва,02.06.2024
c101014,Вера Савельев,+7 (937) 353-79-08,user101014@example.ru,Санкт-Петербург,22.06.2025
c103724,Вера Нестеров,+7 (952) 828-41-74,user103724@example.ru,Новосибирск,14.01.2025
c105867,Денис Гордеев,+7 (925) 074-08-80,user105867@example.ru,Новосибирск,08.03.2025
c104456,Наталья Лаптев,+7 (980) 432-67-48,user104456@example.ru,Красноярск,14.04.2026
c103095,Кирилл Лаптев,+7 (966) 870-93-59,user103095@example.ru,Казань,21.05.2026
c102934,Юлия Мешков,+7 (944) 831-58-91,user102934@example.ru,Москва,23.02.2024
c102028,Ольга Зуева,+7 (972) 433-12-19,user102028@example.ru,Казань,09.06.2025
c100935,Кирилл Шилова,+7 (980) 352-89-10,user100935@example.ru,Екатеринбург,03.04.2026
c106368,Лидия Ковальчук,+7 (917) 088-69-53,user106368@example.ru,Санкт-Петербург,04.12.2024
c101419,Анна Ковальчук,+7 (928) 221-28-00,user101419@example.ru,Казань,09.07.2025
c104710,Павел Крылов,+7 (930) 017-46-49,user104710@example.ru,Красноярск,09.09.2025
c104175,Полина Зуева,+7 (973) 504-77-86,user104175@example.ru,Красноярск,24.12.2024
c105258,Юлия Ковальчук,+7 (979) 995-52-78,user105258@example.ru,Москва,21.09.2025
c105405,Тимур Савельев,+7 (949) 350-85-94,user105405@example.ru,Казань,03.06.2025
c104696,Кирилл Крылов,+7 (997) 465-56-79,user104696@example.ru,Казань,26.03.2026
c102134,Юлия Зуева,+7 (933) 669-99-86,user102134@example.ru,Москва,04.12.2025
c103332,Кирилл Ковальчук,+7 (990) 139-96-76,user103332@example.ru,Красноярск,27.06.2025
c104181,Кирилл Лаптев,+7 (931) 180-99-33,user104181@example.ru,Санкт-Петербург,09.06.2024
c102807,Полина Нестеров,+7 (934) 786-90-66,user102807@example.ru,Казань,14.04.2025
c103140,Алиса Сорокина,+7 (935) 431-31-73,user103140@example.ru,Санкт-Петербург,17.07.2024
c104078,Полина Мешков,+7 (995) 724-14-56,user104078@example.ru,Санкт-Петербург,25.03.2025
c104322,Алиса Белых,+7 (982) 930-71-81,user104322@example.ru,Санкт-Петербург,16.02.2026
c104192,Елена Ермаков,+7 (968) 525-23-27,user104192@example.ru,Новосибирск,17.05.2026
c106420,Денис Ковальчук,+7 (983) 035-65-05,user106420@example.ru,Санкт-Петербург,22.07.2024
c100127,Наталья Крылов,+7 (970) 641-52-36,user100127@example.ru,Екатеринбург,18.02.2025
c100741,Игорь Ковальчук,+7 (990) 359-63-55,user100741@example.ru,Новосибирск,28.03.2026
c103299,Глеб Осипова,+7 (998) 178-07-77,user103299@example.ru,Санкт-Петербург,06.02.2024
c102570,Кирилл Лаптев,+7 (958) 180-46-06,user102570@example.ru,Санкт-Петербург,26.12.2024
c101616,Тимур Панин,+7 (957) 289-20-13,user101616@example.ru,Санкт-Петербург,02.06.2024
c100939,Вера Тихонова,+7 (998) 910-42-23,user100939@example.ru,Новосибирск,08.06.2026
c105200,Денис Савельев,+7 (957) 165-44-03,user105200@example.ru,Казань,08.10.2024
c100328,Анна Белых,+7 (914) 623-76-81,user100328@example.ru,Красноярск,07.05.2025
c106086,Полина Белых,+7 (948) 329-01-51,user106086@example.ru,Москва,27.07.2025
c103117,Юлия Шилова,+7 (948) 112-34-14,user103117@example.ru,Казань,11.09.2025
c102882,Юлия Сорокина,+7 (930) 183-41-28,user102882@example.ru,Москва,19.06.2024
c103516,Алиса Панин,+7 (930) 570-57-07,user103516@example.ru,Санкт-Петербург,21.09.2024
c102551,Глеб Гордеев,+7 (968) 372-54-92,user102551@example.ru,Санкт-Петербург,10.06.2025
c103758,Игорь Мешков,+7 (968) 152-79-01,user103758@example.ru,Новосибирск,04.05.2026
c104374,Вера Мешков,+7 (989) 444-40-07,user104374@example.ru,Санкт-Петербург,24.08.2025
c105892,Артур Нестеров,+7 (935) 271-14-08,user105892@example.ru,Казань,18.08.2024
c102532,Кирилл Савельев,+7 (994) 738-09-70,user102532@example.ru,Казань,16.10.2025
c105586,Вера Панин,+7 (963) 288-93-46,user105586@example.ru,Казань,22.09.2025
c102653,Мария Шилова,+7 (955) 311-59-47,user102653@example.ru,Красноярск,30.11.2024
c100398,Лидия Шилова,+7 (977) 919-21-73,user100398@example.ru,Москва,06.03.2026
c102728,Анна Савельев,+7 (968) 523-70-66,user102728@example.ru,Новосибирск,09.02.2026
c105182,Вера Савельев,+7 (968) 438-18-26,user105182@example.ru,Казань,01.03.2026
c106768,Вера Нестеров,+7 (948) 959-69-83,user106768@example.ru,Санкт-Петербург,29.09.2024
c101093,Полина Юдина,+7 (969) 980-80-53,user101093@example.ru,Новосибирск,19.05.2025
c100347,Наталья Мешков,+7 (964) 553-79-32,user100347@example.ru,Казань,03.01.2026
c100165,Юлия Крылов,+7 (916) 362-49-27,user100165@example.ru,Санкт-Петербург,24.12.2024
c101799,Егор Гордеев,+7 (971) 495-87-30,user101799@example.ru,Екатеринбург,23.01.2026
c102155,Ольга Нестеров,+7 (954) 998-55-67,user102155@example.ru,Санкт-Петербург,07.06.2026
c100184,Наталья Мешков,+7 (933) 612-79-10,user100184@example.ru,Санкт-Петербург,01.05.2026
c104104,Денис Тихонова,+7 (928) 046-03-06,user104104@example.ru,Екатеринбург,29.01.2024
c103611,Юлия Сорокина,+7 (931) 251-28-20,user103611@example.ru,Новосибирск,25.07.2025
c100776,Лидия Зуева,+7 (912) 229-72-69,user100776@example.ru,Санкт-Петербург,28.07.2025
c106655,Максим Юдина,+7 (956) 577-14-06,user106655@example.ru,Санкт-Петербург,16.07.2025
c100813,Вера Савельев,+7 (967) 804-72-20,user100813@example.ru,Санкт-Петербург,11.06.2025
c104965,Кирилл Панин,+7 (947) 984-11-66,user104965@example.ru,Екатеринбург,27.05.2026
c100059,Ольга Мешков,+7 (949) 268-65-07,user100059@example.ru,Санкт-Петербург,02.10.2024
c105226,Полина Тихонова,+7 (941) 998-70-36,user105226@example.ru,Санкт-Петербург,17.10.2024
c104126,Анна Шилова,+7 (980) 582-12-26,user104126@example.ru,Москва,17.11.2025
c103924,Полина Гордеев,+7 (935) 833-88-83,user103924@example.ru,Красноярск,26.09.2024
c102964,Роман Савельев,+7 (923) 338-18-45,user102964@example.ru,Красноярск,08.02.2026
c104003,Роман Осипова,+7 (940) 806-30-98,user104003@example.ru,Москва,23.07.2025
c102599,Максим Нестеров,+7 (943) 754-17-94,user102599@example.ru,Казань,12.06.2025
c104164,Тимур Крылов,+7 (950) 180-93-69,user104164@example.ru,Красноярск,16.04.2026
c100051,Роман Юдина,+7 (940) 135-49-50,user100051@example.ru,Екатеринбург,24.03.2026
c104253,Максим Мешков,+7 (949) 779-49-67,user104253@example.ru,Санкт-Петербург,20.08.2024
c104065,Артур Сорокина,+7 (991) 025-80-48,user104065@example.ru,Екатеринбург,04.04.2025
c101223,Анна Лаптев,+7 (982) 364-81-72,user101223@example.ru,Санкт-Петербург,07.08.2024
c102815,Алиса Сорокина,+7 (959) 664-39-31,user102815@example.ru,Новосибирск,09.01.2025
c101509,Роман Зуева,+7 (945) 947-32-73,user101509@example.ru,Казань,24.01.2024
c101009,Максим Зуева,+7 (953) 234-40-82,user101009@example.ru,Красноярск,02.02.2025
c106189,Максим Нестеров,+7 (976) 507-58-74,user106189@example.ru,Санкт-Петербург,11.03.2025
c103811,Лидия Зуева,+7 (980) 450-18-51,user103811@example.ru,Москва,01.04.2025
c102490,Артур Савельев,+7 (928) 153-71-46,user102490@example.ru,Новосибирск,25.05.2024
c101747,Лидия Ковальчук,+7 (993) 971-40-67,user101747@example.ru,Красноярск,21.08.2025
c101902,Ольга Шилова,+7 (953) 997-72-33,user101902@example.ru,Екатеринбург,22.05.2024
c102046,Павел Гордеев,+7 (953) 580-08-53,user102046@example.ru,Новосибирск,12.01.2025
c100833,Ольга Осипова,+7 (919) 375-22-45,user100833@example.ru,Санкт-Петербург,14.10.2025
c104258,Павел Мешков,+7 (991) 418-52-42,user104258@example.ru,Екатеринбург,22.05.2025
c106733,Ольга Зуева,+7 (963) 915-82-15,user106733@example.ru,Санкт-Петербург,30.07.2025
c106405,Юлия Лаптев,+7 (985) 028-69-30,user106405@example.ru,Екатеринбург,15.04.2026
c101384,Максим Ковальчук,+7 (999) 479-36-91,user101384@example.ru,Казань,09.04.2024
c101056,Лидия Сорокина,+7 (925) 905-49-62,user101056@example.ru,Москва,05.05.2025
c103925,Мария Панин,+7 (914) 247-59-84,user103925@example.ru,Красноярск,20.02.2025
c103647,Лидия Шилова,+7 (947) 731-98-64,user103647@example.ru,Екатеринбург,11.10.2024
c106410,Тимур Осипова,+7 (917) 500-37-78,user106410@example.ru,Красноярск,01.07.2025
c101622,Анна Ермаков,+7 (988) 673-08-86,user101622@example.ru,Екатеринбург,07.05.2024
c106600,Артур Мешков,+7 (974) 712-43-66,user106600@example.ru,Казань,11.05.2024
c100118,Алиса Ковальчук,+7 (988) 180-18-24,user100118@example.ru,Красноярск,18.10.2025
c101791,Лидия Савельев,+7 (928) 083-86-53,user101791@example.ru,Екатеринбург,01.11.2024
c105696,Егор Белых,+7 (930) 024-57-13,user105696@example.ru,Казань,31.05.2026
c102518,Роман Осипова,+7 (971) 629-79-19,user102518@example.ru,Москва,13.08.2024
c100267,Игорь Гордеев,+7 (948) 214-78-32,user100267@example.ru,Красноярск,26.08.2024
c105900,Лидия Лаптев,+7 (936) 304-87-44,user105900@example.ru,Санкт-Петербург,02.01.2026
c100946,Тимур Тихонова,+7 (942) 900-64-22,user100946@example.ru,Екатеринбург,24.08.2024
c105953,Егор Осипова,+7 (934) 789-50-25,user105953@example.ru,Санкт-Петербург,19.03.2025
c105232,Вера Нестеров,+7 (963) 116-41-13,user105232@example.ru,Екатеринбург,17.09.2025
c105355,Юлия Гордеев,+7 (997) 791-54-87,user105355@example.ru,Санкт-Петербург,05.03.2024
c103636,Полина Осипова,+7 (968) 359-77-44,user103636@example.ru,Санкт-Петербург,14.04.2024
c100978,Алиса Нестеров,+7 (964) 827-45-13,user100978@example.ru,Москва,28.11.2025
c104382,Наталья Мешков,+7 (998) 797-28-49,user104382@example.ru,Санкт-Петербург,03.01.2026
c106244,Павел Ермаков,+7 (989) 354-42-49,user106244@example.ru,Санкт-Петербург,22.06.2024
c104762,Анна Зуева,+7 (991) 650-82-13,user104762@example.ru,Москва,26.06.2024
c100068,Алиса Лаптев,+7 (961) 239-28-26,user100068@example.ru,Москва,19.03.2026
c103156,Алиса Шилова,+7 (921) 955-68-09,user103156@example.ru,Екатеринбург,02.09.2024
c102853,Лидия Белых,+7 (994) 878-69-92,user102853@example.ru,Москва,26.03.2026
c105079,Наталья Осипова,+7 (913) 616-17-23,user105079@example.ru,Новосибирск,26.02.2025
c102451,Роман Ермаков,+7 (948) 261-94-78,user102451@example.ru,Новосибирск,07.05.2024
c106552,Егор Савельев,+7 (953) 850-51-30,user106552@example.ru,Новосибирск,07.09.2025
c101739,Игорь Савельев,+7 (951) 591-88-08,user101739@example.ru,Москва,05.04.2024
c103853,Юлия Крылов,+7 (963) 418-92-48,user103853@example.ru,Москва,16.10.2025
c102963,Тимур Сорокина,+7 (980) 889-37-68,user102963@example.ru,Красноярск,17.04.2026
c101114,Полина Крылов,+7 (994) 983-20-44,user101114@example.ru,Новосибирск,22.04.2026
c102818,Егор Панин,+7 (941) 939-22-73,user102818@example.ru,Москва,30.01.2024
c104401,Вера Мешков,+7 (974) 587-95-73,user104401@example.ru,Новосибирск,05.10.2025
c100117,Роман Ковальчук,+7 (990) 041-55-83,user100117@example.ru,Санкт-Петербург,26.08.2024
c104156,Денис Нестеров,+7 (947) 961-57-37,user104156@example.ru,Красноярск,18.10.2025
c105595,Кирилл Савельев,+7 (995) 583-27-63,user105595@example.ru,Новосибирск,27.03.2026
c104040,Роман Панин,+7 (956) 505-27-47,user104040@example.ru,Казань,19.04.2024
c106844,Вера Савельев,+7 (987) 559-65-93,user106844@example.ru,Казань,01.06.2025
c101708,Елена Сорокина,+7 (944) 081-00-67,user101708@example.ru,Москва,18.05.2025
c103204,Юлия Мешков,+7 (922) 337-87-02,user103204@example.ru,Казань,21.09.2024
c104515,Павел Лаптев,+7 (927) 953-38-33,user104515@example.ru,Новосибирск,27.10.2025
c104280,Мария Ковальчук,+7 (958) 211-75-75,user104280@example.ru,Новосибирск,26.11.2025
c106133,Игорь Белых,+7 (927) 017-37-41,user106133@example.ru,Казань,07.06.2025
c102970,Егор Панин,+7 (978) 963-32-03,user102970@example.ru,Москва,13.04.2024
c101964,Павел Лаптев,+7 (962) 540-12-53,user101964@example.ru,Новосибирск,15.03.2025
c102062,Артур Крылов,+7 (981) 930-30-38,user102062@example.ru,Екатеринбург,16.04.2025
c105305,Егор Панин,+7 (974) 050-41-08,user105305@example.ru,Санкт-Петербург,18.10.2025
c100942,Глеб Ковальчук,+7 (913) 259-73-79,user100942@example.ru,Москва,07.06.2024
c105581,Глеб Осипова,+7 (946) 184-24-76,user105581@example.ru,Казань,26.02.2024
c105809,Тимур Шилова,+7 (957) 500-82-86,user105809@example.ru,Казань,28.11.2025
c104645,Елена Панин,+7 (947) 621-76-83,user104645@example.ru,Красноярск,22.03.2024
c105181,Денис Лаптев,+7 (979) 929-79-02,user105181@example.ru,Красноярск,13.08.2025
c104531,Лидия Зуева,+7 (960) 188-01-41,user104531@example.ru,Москва,29.11.2024
c105155,Глеб Нестеров,+7 (950) 387-85-21,user105155@example.ru,Санкт-Петербург,03.03.2024
c106377,Денис Тихонова,+7 (948) 831-96-31,user106377@example.ru,Санкт-Петербург,31.05.2024
c104585,Мария Ермаков,+7 (917) 746-95-79,user104585@example.ru,Новосибирск,17.06.2025
c104949,Вера Зуева,+7 (960) 836-83-21,user104949@example.ru,Санкт-Петербург,10.02.2025
c101062,Юлия Гордеев,+7 (980) 851-22-19,user101062@example.ru,Москва,24.02.2026
c103510,Алиса Ермаков,+7 (923) 281-43-03,user103510@example.ru,Санкт-Петербург,20.05.2024
c104478,Алиса Зуева,+7 (916) 851-33-19,user104478@example.ru,Красноярск,13.09.2025
c100427,Лидия Осипова,+7 (959) 890-27-61,user100427@example.ru,Санкт-Петербург,07.06.2025
c103720,Глеб Сорокина,+7 (943) 583-64-99,user103720@example.ru,Красноярск,07.02.2024
c101338,Игорь Ермаков,+7 (986) 908-76-43,user101338@example.ru,Москва,04.06.2026
c106007,Роман Лаптев,+7 (926) 495-16-27,user106007@example.ru,Москва,12.04.2025
c102185,Наталья Ковальчук,+7 (952) 955-27-39,user102185@example.ru,Москва,24.10.2024
c104303,Игорь Шилова,+7 (977) 435-43-57,user104303@example.ru,Москва,09.07.2024
c103927,Егор Савельев,+7 (943) 079-42-43,user103927@example.ru,Екатеринбург,09.12.2025
c101982,Роман Сорокина,+7 (929) 115-08-65,user101982@example.ru,Казань,23.11.2024
c101057,Кирилл Крылов,+7 (999) 604-12-95,user101057@example.ru,Казань,09.07.2025
c106816,Мария Лаптев,+7 (943) 213-29-38,user106816@example.ru,Новосибирск,06.11.2025
c101027,Роман Мешков,+7 (959) 355-74-88,user101027@example.ru,Казань,07.04.2026
c104222,Анна Мешков,+7 (968) 994-44-79,user104222@example.ru,Москва,28.02.2026
c106289,Глеб Крылов,+7 (977) 600-19-21,user106289@example.ru,Красноярск,31.10.2025
c104309,Егор Панин,+7 (948) 949-65-11,user104309@example.ru,Екатеринбург,05.08.2024
c105591,Игорь Шилова,+7 (916) 379-35-64,user105591@example.ru,Санкт-Петербург,15.08.2025
c104647,Артур Шилова,+7 (965) 611-00-17,user104647@example.ru,Красноярск,07.03.2024
c102454,Кирилл Савельев,+7 (954) 126-62-89,user102454@example.ru,Новосибирск,20.06.2026
c102262,Лидия Панин,+7 (998) 259-74-26,user102262@example.ru,Красноярск,27.05.2025
c105529,Максим Юдина,+7 (975) 443-35-53,user105529@example.ru,Москва,15.07.2025
c106206,Елена Сорокина,+7 (913) 602-52-88,user106206@example.ru,Казань,02.11.2024
c103018,Анна Зуева,+7 (919) 852-45-31,user103018@example.ru,Санкт-Петербург,07.08.2024
c106076,Артур Ковальчук,+7 (985) 022-55-42,user106076@example.ru,Екатеринбург,01.06.2026
c105319,Полина Панин,+7 (999) 813-07-73,user105319@example.ru,Екатеринбург,21.05.2026
c105985,Елена Зуева,+7 (997) 636-17-25,user105985@example.ru,Казань,12.03.2025
c105332,Алиса Сорокина,+7 (993) 694-35-73,user105332@example.ru,Санкт-Петербург,10.01.2025
c106645,Наталья Белых,+7 (988) 303-46-11,user106645@example.ru,Новосибирск,09.12.2025
c105616,Полина Гордеев,+7 (969) 140-00-63,user105616@example.ru,Санкт-Петербург,14.10.2024
c105894,Глеб Лаптев,+7 (973) 424-37-13,user105894@example.ru,Санкт-Петербург,05.04.2026
c102030,Артур Нестеров,+7 (949) 519-25-25,user102030@example.ru,Красноярск,20.09.2024
c101963,Кирилл Гордеев,+7 (946) 340-16-65,user101963@example.ru,Красноярск,22.04.2025
c104221,Наталья Юдина,+7 (919) 288-91-69,user104221@example.ru,Санкт-Петербург,03.03.2025
c100056,Анна Ермаков,+7 (985) 399-78-60,user100056@example.ru,Санкт-Петербург,17.03.2025
c106372,Максим Гордеев,+7 (922) 343-15-10,user106372@example.ru,Новосибирск,11.05.2025
c102130,Алиса Крылов,+7 (970) 582-12-02,user102130@example.ru,Екатеринбург,24.03.2025
c101717,Денис Мешков,+7 (912) 670-73-08,user101717@example.ru,Казань,08.11.2025
c102959,Павел Юдина,+7 (974) 921-91-24,user102959@example.ru,Новосибирск,17.04.2024
c103041,Полина Лаптев,+7 (929) 769-75-37,user103041@example.ru,Екатеринбург,27.11.2025
c105208,Лидия Тихонова,+7 (940) 879-66-27,user105208@example.ru,Казань,12.04.2024
c101013,Артур Осипова,+7 (949) 295-45-90,user101013@example.ru,Москва,24.02.2026
c106306,Елена Юдина,+7 (915) 738-84-48,user106306@example.ru,Екатеринбург,10.08.2025
c106734,Алиса Крылов,+7 (983) 634-01-44,user106734@example.ru,Москва,26.04.2026
c102233,Тимур Тихонова,+7 (973) 038-75-46,user102233@example.ru,Казань,01.11.2025
c101806,Лидия Крылов,+7 (932) 262-57-97,user101806@example.ru,Казань,24.07.2025
c102914,Игорь Осипова,+7 (982) 644-57-96,user102914@example.ru,Красноярск,13.02.2026
c105178,Мария Крылов,+7 (937) 982-05-00,user105178@example.ru,Санкт-Петербург,06.05.2024
c101112,Игорь Ермаков,+7 (929) 156-34-82,user101112@example.ru,Санкт-Петербург,30.05.2026
c100836,Лидия Нестеров,+7 (979) 251-24-38,user100836@example.ru,Москва,24.01.2026
c103982,Роман Шилова,+7 (965) 245-30-81,user103982@example.ru,Екатеринбург,30.03.2025
c104271,Роман Тихонова,+7 (952) 324-34-86,user104271@example.ru,Казань,08.07.2024
c105745,Павел Нестеров,+7 (945) 975-49-75,user105745@example.ru,Казань,19.01.2025
c101802,Мария Сорокина,+7 (982) 929-21-49,user101802@example.ru,Новосибирск,06.02.2025
c102485,Денис Ковальчук,+7 (972) 241-66-75,user102485@example.ru,Казань,31.08.2025
c101652,Наталья Крылов,+7 (995) 565-34-71,user101652@example.ru,Москва,27.11.2025
c106387,Павел Савельев,+7 (942) 723-57-10,user106387@example.ru,Санкт-Петербург,07.01.2025
c105088,Роман Ермаков,+7 (954) 422-72-37,user105088@example.ru,Екатеринбург,26.03.2024
c102769,Мария Нестеров,+7 (946) 017-41-64,user102769@example.ru,Санкт-Петербург,25.02.2026
c102962,Павел Ермаков,+7 (940) 472-15-72,user102962@example.ru,Новосибирск,22.05.2025
c106490,Наталья Сорокина,+7 (995) 337-80-40,user106490@example.ru,Новосибирск,24.07.2025
c104395,Артур Ковальчук,+7 (962) 250-64-86,user104395@example.ru,Новосибирск,01.11.2024
c102026,Елена Савельев,+7 (931) 972-16-85,user102026@example.ru,Красноярск,15.03.2024
c102253,Елена Белых,+7 (969) 070-04-26,user102253@example.ru,Новосибирск,29.03.2025
c103163,Полина Тихонова,+7 (928) 250-11-38,user103163@example.ru,Москва,12.03.2025
c100167,Денис Зуева,+7 (975) 690-61-30,user100167@example.ru,Красноярск,26.04.2024
c104279,Ольга Ковальчук,+7 (910) 264-18-08,user104279@example.ru,Красноярск,05.04.2026
c100361,Кирилл Гордеев,+7 (986) 916-16-07,user100361@example.ru,Красноярск,21.09.2025
c103943,Ольга Осипова,+7 (924) 558-84-07,user103943@example.ru,Красноярск,01.12.2024
c106714,Глеб Осипова,+7 (955) 604-53-48,user106714@example.ru,Санкт-Петербург,26.02.2026
c103707,Наталья Зуева,+7 (938) 187-25-44,user103707@example.ru,Москва,10.08.2024
c103307,Тимур Нестеров,+7 (949) 895-58-93,user103307@example.ru,Новосибирск,29.08.2024
c102598,Кирилл Белых,+7 (917) 548-00-39,user102598@example.ru,Казань,30.09.2024
c103857,Игорь Мешков,+7 (915) 242-58-59,user103857@example.ru,Красноярск,24.01.2025
c102881,Егор Шилова,+7 (949) 500-11-05,user102881@example.ru,Казань,21.03.2024
c100601,Денис Мешков,+7 (990) 956-45-61,user100601@example.ru,Красноярск,15.03.2026
c104125,Вера Шилова,+7 (919) 743-34-75,user104125@example.ru,Москва,06.05.2026
c104930,Глеб Тихонова,+7 (923) 780-51-74,user104930@example.ru,Казань,01.10.2024
c106536,Павел Ермаков,+7 (934) 245-77-57,user106536@example.ru,Красноярск,17.11.2025
c101564,Юлия Осипова,+7 (935) 073-07-61,user101564@example.ru,Екатеринбург,28.09.2024
c103842,Юлия Лаптев,+7 (983) 669-42-29,user103842@example.ru,Санкт-Петербург,05.02.2025
c105309,Ольга Шилова,+7 (981) 433-05-16,user105309@example.ru,Новосибирск,08.03.2026
c101310,Елена Зуева,+7 (926) 797-86-71,user101310@example.ru,Новосибирск,24.11.2024
c106869,Анна Зуева,+7 (982) 487-61-31,user106869@example.ru,Красноярск,19.01.2026
c101795,Роман Панин,+7 (916) 808-48-66,user101795@example.ru,Казань,03.06.2024
c105396,Вера Панин,+7 (990) 282-44-66,user105396@example.ru,Красноярск,03.11.2024
c105882,Максим Тихонова,+7 (995) 695-37-28,user105882@example.ru,Екатеринбург,26.08.2025
c102242,Наталья Лаптев,+7 (945) 562-82-39,user102242@example.ru,Красноярск,20.07.2025
c102702,Юлия Сорокина,+7 (974) 461-28-56,user102702@example.ru,Новосибирск,09.07.2025
c106881,Анна Шилова,+7 (957) 307-46-66,user106881@example.ru,Санкт-Петербург,05.01.2026
c101888,Лидия Осипова,+7 (923) 159-99-04,user101888@example.ru,Новосибирск,05.09.2024
c103022,Роман Тихонова,+7 (949) 952-99-13,user103022@example.ru,Санкт-Петербург,27.07.2024
c104135,Денис Тихонова,+7 (922) 455-40-65,user104135@example.ru,Екатеринбург,03.07.2024
c102788,Егор Зуева,+7 (980) 160-87-02,user102788@example.ru,Казань,15.05.2025
c101883,Кирилл Зуева,+7 (972) 482-65-02,user101883@example.ru,Санкт-Петербург,08.12.2024
c100729,Денис Крылов,+7 (971) 819-55-18,user100729@example.ru,Москва,17.05.2026
c100306,Кирилл Нестеров,+7 (944) 516-72-34,user100306@example.ru,Москва,25.03.2024
c106357,Игорь Тихонова,+7 (945) 606-98-09,user106357@example.ru,Красноярск,11.10.2025
c100878,Юлия Нестеров,+7 (931) 543-59-26,user100878@example.ru,Новосибирск,05.01.2025
c105549,Максим Ермаков,+7 (985) 777-97-99,user105549@example.ru,Новосибирск,12.01.2026
c105333,Лидия Шилова,+7 (951) 740-56-48,user105333@example.ru,Екатеринбург,25.12.2025
c100765,Глеб Зуева,+7 (974) 710-02-74,user100765@example.ru,Санкт-Петербург,08.02.2025
c101912,Тимур Тихонова,+7 (935) 596-09-70,user101912@example.ru,Екатеринбург,29.05.2025
c105138,Тимур Мешков,+7 (969) 527-64-03,user105138@example.ru,Москва,20.04.2026
c104103,Ольга Савельев,+7 (937) 527-26-54,user104103@example.ru,Новосибирск,08.11.2025
c100755,Ольга Панин,+7 (929) 804-02-34,user100755@example.ru,Москва,07.03.2026
c101368,Роман Нестеров,+7 (938) 720-62-70,user101368@example.ru,Новосибирск,25.05.2025
c104266,Артур Лаптев,+7 (998) 318-55-74,user104266@example.ru,Санкт-Петербург,04.07.2024
c104712,Елена Крылов,+7 (940) 232-71-76,user104712@example.ru,Санкт-Петербург,08.03.2026
c101336,Егор Ковальчук,+7 (912) 613-69-93,user101336@example.ru,Красноярск,23.03.2024
c101667,Мария Мешков,+7 (992) 518-23-46,user101667@example.ru,Санкт-Петербург,29.12.2024
c100680,Вера Сорокина,+7 (959) 277-65-80,user100680@example.ru,Москва,14.05.2025
c106390,Кирилл Лаптев,+7 (945) 456-93-60,user106390@example.ru,Екатеринбург,17.06.2024
c100394,Максим Мешков,+7 (952) 176-32-48,user100394@example.ru,Москва,11.12.2025
c102531,Вера Ермаков,+7 (973) 108-78-57,user102531@example.ru,Красноярск,20.06.2026
c103180,Елена Зуева,+7 (969) 044-24-45,user103180@example.ru,Казань,17.05.2024
c106038,Глеб Осипова,+7 (956) 472-12-18,user106038@example.ru,Екатеринбург,24.03.2024
c101719,Анна Шилова,+7 (952) 942-33-52,user101719@example.ru,Красноярск,12.07.2024
c102115,Наталья Ковальчук,+7 (927) 992-86-71,user102115@example.ru,Екатеринбург,09.07.2024
c102912,Глеб Шилова,+7 (993) 058-72-97,user102912@example.ru,Санкт-Петербург,05.06.2026
c105691,Роман Ермаков,+7 (991) 645-97-87,user105691@example.ru,Екатеринбург,15.12.2025
c100631,Артур Панин,+7 (920) 192-61-32,user100631@example.ru,Екатеринбург,29.02.2024
c105114,Алиса Мешков,+7 (914) 635-66-48,user105114@example.ru,Красноярск,27.01.2026
c102277,Наталья Нестеров,+7 (974) 673-55-79,user102277@example.ru,Новосибирск,31.05.2025
c105027,Кирилл Шилова,+7 (929) 135-96-55,user105027@example.ru,Новосибирск,10.11.2025
c102616,Артур Мешков,+7 (973) 847-42-53,user102616@example.ru,Санкт-Петербург,17.11.2025
c101163,Игорь Белых,+7 (939) 159-49-60,user101163@example.ru,Екатеринбург,23.04.2025
c104168,Роман Нестеров,+7 (933) 379-36-90,user104168@example.ru,Санкт-Петербург,09.02.2024
c105488,Максим Крылов,+7 (970) 007-60-43,user105488@example.ru,Санкт-Петербург,24.05.2024
c102935,Вера Зуева,+7 (945) 548-57-92,user102935@example.ru,Красноярск,15.06.2026
c100044,Алиса Савельев,+7 (974) 318-14-25,user100044@example.ru,Санкт-Петербург,05.10.2025
c106316,Юлия Крылов,+7 (927) 861-36-47,user106316@example.ru,Москва,01.07.2025
c105913,Елена Панин,+7 (947) 761-61-33,user105913@example.ru,Екатеринбург,02.02.2026
c104662,Мария Тихонова,+7 (947) 758-70-58,user104662@example.ru,Москва,19.02.2025
c104951,Егор Белых,+7 (954) 973-97-28,user104951@example.ru,Москва,10.05.2025
c101924,Артур Юдина,+7 (980) 781-30-23,user101924@example.ru,Красноярск,13.03.2024
c101253,Егор Крылов,+7 (977) 299-84-48,user101253@example.ru,Санкт-Петербург,19.04.2024
c100137,Полина Гордеев,+7 (942) 625-36-46,user100137@example.ru,Казань,09.04.2026
c105500,Егор Юдина,+7 (940) 093-43-32,user105500@example.ru,Красноярск,25.04.2026
c103356,Юлия Тихонова,+7 (995) 070-32-06,user103356@example.ru,Новосибирск,07.04.2025
c106116,Павел Юдина,+7 (967) 656-94-82,user106116@example.ru,Красноярск,20.06.2024
c106556,Глеб Савельев,+7 (975) 475-85-10,user106556@example.ru,Красноярск,05.08.2025
c100204,Тимур Сорокина,+7 (978) 197-83-59,user100204@example.ru,Казань,22.06.2025
c100576,Мария Панин,+7 (948) 213-06-81,user100576@example.ru,Новосибирск,05.11.2024
c100518,Юлия Юдина,+7 (937) 956-69-52,user100518@example.ru,Красноярск,15.02.2026
c101813,Алиса Зуева,+7 (993) 394-19-87,user101813@example.ru,Казань,18.05.2026
c101803,Роман Шилова,+7 (925) 312-09-61,user101803@example.ru,Красноярск,11.01.2025
c103545,Денис Мешков,+7 (953) 187-39-45,user103545@example.ru,Екатеринбург,10.06.2024
c106064,Елена Нестеров,+7 (937) 581-18-36,user106064@example.ru,Москва,30.06.2025
c102273,Алиса Зуева,+7 (930) 989-18-24,user102273@example.ru,Новосибирск,23.10.2025
c104044,Юлия Лаптев,+7 (922) 059-09-08,user104044@example.ru,Екатеринбург,01.02.2024
c106504,Полина Гордеев,+7 (912) 101-41-26,user106504@example.ru,Казань,17.08.2025
c104564,Роман Юдина,+7 (977) 584-12-81,user104564@example.ru,Красноярск,30.10.2024
c103731,Павел Ковальчук,+7 (927) 229-52-93,user103731@example.ru,Екатеринбург,31.10.2024
c101792,Полина Нестеров,+7 (937) 111-80-93,user101792@example.ru,Казань,02.04.2025
c102383,Елена Зуева,+7 (991) 904-38-33,user102383@example.ru,Санкт-Петербург,22.06.2026
c102304,Глеб Осипова,+7 (941) 642-39-59,user102304@example.ru,Екатеринбург,01.03.2025
c100769,Вера Белых,+7 (945) 189-79-47,user100769@example.ru,Санкт-Петербург,21.04.2025
c101928,Глеб Лаптев,+7 (911) 244-84-40,user101928@example.ru,Санкт-Петербург,01.04.2026
c104940,Павел Панин,+7 (946) 174-97-24,user104940@example.ru,Казань,24.05.2026
c102133,Мария Шилова,+7 (947) 559-01-84,user102133@example.ru,Новосибирск,28.05.2024
c103762,Денис Шилова,+7 (965) 325-06-89,user103762@example.ru,Красноярск,29.12.2024
c104412,Павел Крылов,+7 (959) 651-51-32,user104412@example.ru,Красноярск,10.08.2024
c100637,Глеб Осипова,+7 (980) 451-91-74,user100637@example.ru,Санкт-Петербург,13.08.2024
c104895,Елена Тихонова,+7 (938) 909-83-13,user104895@example.ru,Санкт-Петербург,23.09.2025
c101106,Глеб Крылов,+7 (998) 815-18-85,user101106@example.ru,Красноярск,11.06.2025
c101139,Полина Белых,+7 (935) 005-74-67,user101139@example.ru,Санкт-Петербург,12.02.2025
c104053,Тимур Юдина,+7 (999) 838-71-84,user104053@example.ru,Новосибирск,05.03.2024
c106853,Вера Зуева,+7 (960) 727-60-99,user106853@example.ru,Санкт-Петербург,23.11.2025
c103816,Игорь Панин,+7 (944) 800-08-68,user103816@example.ru,Красноярск,25.03.2024
c104910,Вера Зуева,+7 (967) 705-75-30,user104910@example.ru,Санкт-Петербург,25.06.2024
c100034,Мария Шилова,+7 (961) 904-73-79,user100034@example.ru,Москва,13.08.2024
c100259,Лидия Шилова,+7 (981) 804-60-22,user100259@example.ru,Казань,28.01.2024
c104641,Павел Тихонова,+7 (941) 064-03-40,user104641@example.ru,Казань,27.12.2025
c101948,Артур Гордеев,+7 (936) 329-87-52,user101948@example.ru,Москва,06.08.2025
c105207,Юлия Лаптев,+7 (928) 667-33-46,user105207@example.ru,Казань,10.01.2026
c101605,Алиса Гордеев,+7 (979) 430-83-71,user101605@example.ru,Москва,25.02.2024
c103045,Глеб Белых,+7 (963) 031-93-16,user103045@example.ru,Москва,23.06.2026
c101438,Анна Панин,+7 (920) 838-36-87,user101438@example.ru,Новосибирск,31.03.2026
c103679,Максим Юдина,+7 (912) 698-56-58,user103679@example.ru,Новосибирск,14.02.2025
c103292,Мария Белых,+7 (962) 054-24-69,user103292@example.ru,Красноярск,01.05.2024
c102481,Егор Нестеров,+7 (978) 202-81-54,user102481@example.ru,Новосибирск,13.08.2024
c102367,Тимур Ковальчук,+7 (955) 846-79-51,user102367@example.ru,Новосибирск,30.07.2025
c106516,Роман Крылов,+7 (972) 974-48-58,user106516@example.ru,Санкт-Петербург,01.04.2025
c106646,Юлия Крылов,+7 (931) 357-89-95,user106646@example.ru,Екатеринбург,22.05.2026
c100370,Алиса Белых,+7 (934) 415-50-32,user100370@example.ru,Красноярск,17.01.2025
c104434,Роман Осипова,+7 (984) 769-74-48,user104434@example.ru,Новосибирск,28.08.2024
c100366,Анна Крылов,+7 (911) 133-71-57,user100366@example.ru,Красноярск,12.05.2026
c105678,Наталья Белых,+7 (948) 598-59-23,user105678@example.ru,Казань,19.08.2024
c100033,Павел Панин,+7 (950) 044-19-95,user100033@example.ru,Санкт-Петербург,22.02.2024
c101563,Ольга Гордеев,+7 (939) 198-44-78,user101563@example.ru,Новосибирск,06.06.2025
c103772,Павел Лаптев,+7 (980) 951-69-74,user103772@example.ru,Санкт-Петербург,03.09.2024
c103777,Лидия Тихонова,+7 (973) 138-20-01,user103777@example.ru,Екатеринбург,05.02.2026
c104619,Ольга Савельев,+7 (912) 166-14-74,user104619@example.ru,Казань,19.04.2026
c106588,Артур Сорокина,+7 (982) 138-83-51,user106588@example.ru,Казань,09.12.2024
c104474,Мария Крылов,+7 (974) 842-23-00,user104474@example.ru,Новосибирск,26.02.2024
c100357,Лидия Белых,+7 (962) 236-29-12,user100357@example.ru,Москва,04.08.2024
c105491,Денис Шилова,+7 (940) 195-47-06,user105491@example.ru,Новосибирск,13.11.2025
c102670,Мария Осипова,+7 (927) 211-17-74,user102670@example.ru,Казань,27.01.2026
c101076,Егор Тихонова,+7 (966) 429-99-16,user101076@example.ru,Екатеринбург,12.03.2025
c102409,Елена Тихонова,+7 (949) 795-65-02,user102409@example.ru,Новосибирск,22.01.2025
c102156,Глеб Тихонова,+7 (982) 916-68-05,user102156@example.ru,Казань,12.03.2026
c100406,Денис Сорокина,+7 (928) 763-42-22,user100406@example.ru,Красноярск,02.10.2024
c104426,Павел Мешков,+7 (936) 007-56-53,user104426@example.ru,Новосибирск,21.05.2025
c104232,Кирилл Лаптев,+7 (966) 079-06-69,user104232@example.ru,Красноярск,26.04.2025
c105991,Егор Ковальчук,+7 (991) 146-51-75,user105991@example.ru,Москва,13.03.2024
c100231,Роман Сорокина,+7 (981) 121-66-29,user100231@example.ru,Екатеринбург,12.11.2025
c100009,Вера Шилова,+7 (971) 334-06-51,user100009@example.ru,Казань,19.05.2025
c100885,Максим Мешков,+7 (968) 842-54-62,user100885@example.ru,Красноярск,10.02.2024
c103240,Ольга Юдина,+7 (958) 577-00-81,user103240@example.ru,Новосибирск,08.05.2026
c106720,Наталья Лаптев,+7 (923) 140-85-84,user106720@example.ru,Екатеринбург,18.05.2026
c100492,Павел Юдина,+7 (912) 550-80-08,user100492@example.ru,Санкт-Петербург,18.09.2024
c106484,Анна Панин,+7 (943) 504-66-35,user106484@example.ru,Санкт-Петербург,24.03.2026
c102652,Максим Тихонова,+7 (926) 202-97-80,user102652@example.ru,Санкт-Петербург,23.12.2025
c101518,Роман Гордеев,+7 (940) 940-86-28,user101518@example.ru,Красноярск,29.09.2024
c102182,Максим Ермаков,+7 (933) 494-69-97,user102182@example.ru,Москва,23.01.2026
c105975,Елена Ермаков,+7 (961) 258-55-90,user105975@example.ru,Екатеринбург,03.09.2024
c102402,Игорь Сорокина,+7 (917) 422-42-71,user102402@example.ru,Красноярск,24.01.2026
c105344,Кирилл Нестеров,+7 (976) 339-77-43,user105344@example.ru,Москва,17.05.2026
c104446,Вера Ермаков,+7 (932) 295-71-09,user104446@example.ru,Екатеринбург,26.06.2025
c100405,Вера Белых,+7 (985) 334-84-19,user100405@example.ru,Новосибирск,02.03.2024
c102727,Мария Сорокина,+7 (980) 645-42-63,user102727@example.ru,Казань,25.04.2026
c103106,Анна Юдина,+7 (955) 511-89-94,user103106@example.ru,Санкт-Петербург,13.10.2025
c106721,Денис Нестеров,+7 (987) 494-56-53,user106721@example.ru,Красноярск,03.06.2026
c100521,Артур Ермаков,+7 (969) 921-52-82,user100521@example.ru,Екатеринбург,09.07.2025
c106599,Лидия Лаптев,+7 (980) 173-94-27,user106599@example.ru,Санкт-Петербург,26.08.2025
c106708,Анна Сорокина,+7 (973) 980-43-03,user106708@example.ru,Красноярск,02.06.2025
c106158,Тимур Савельев,+7 (941) 902-52-48,user106158@example.ru,Казань,01.03.2024
c100528,Максим Лаптев,+7 (979) 321-97-02,user100528@example.ru,Красноярск,03.04.2024
c102711,Павел Ермаков,+7 (971) 989-54-03,user102711@example.ru,Екатеринбург,23.02.2024
c105048,Артур Белых,+7 (983) 917-05-06,user105048@example.ru,Москва,31.01.2025
c100730,Лидия Белых,+7 (993) 795-15-87,user100730@example.ru,Новосибирск,16.05.2026
c103448,Вера Мешков,+7 (978) 263-01-68,user103448@example.ru,Екатеринбург,04.03.2024
c104844,Алиса Крылов,+7 (982) 576-10-33,user104844@example.ru,Казань,13.12.2025
c101215,Максим Белых,+7 (959) 038-20-73,user101215@example.ru,Москва,24.07.2025
c105039,Тимур Ковальчук,+7 (954) 112-81-19,user105039@example.ru,Новосибирск,07.08.2025
c102926,Павел Лаптев,+7 (982) 945-51-72,user102926@example.ru,Москва,19.03.2025
c105296,Игорь Нестеров,+7 (929) 840-97-62,user105296@example.ru,Красноярск,10.11.2025
c104429,Юлия Сорокина,+7 (932) 449-97-55,user104429@example.ru,Красноярск,25.02.2026
c102628,Артур Тихонова,+7 (938) 720-01-18,user102628@example.ru,Екатеринбург,06.11.2025
c104076,Лидия Белых,+7 (916) 893-57-29,user104076@example.ru,Санкт-Петербург,06.01.2026
c102714,Анна Мешков,+7 (958) 414-08-99,user102714@example.ru,Новосибирск,13.05.2026
c103199,Анна Юдина,+7 (943) 038-36-96,user103199@example.ru,Екатеринбург,06.05.2026
c103872,Вера Шилова,+7 (950) 572-11-30,user103872@example.ru,Москва,24.10.2024
c105008,Роман Мешков,+7 (994) 592-73-29,user105008@example.ru,Новосибирск,18.10.2024
c101623,Кирилл Гордеев,+7 (977) 115-70-21,user101623@example.ru,Новосибирск,19.08.2024
c103497,Роман Нестеров,+7 (994) 311-39-15,user103497@example.ru,Красноярск,26.03.2026
c102649,Глеб Мешков,+7 (931) 553-31-22,user102649@example.ru,Красноярск,15.11.2024
c100233,Артур Юдина,+7 (912) 087-09-24,user100233@example.ru,Санкт-Петербург,30.04.2026
c103051,Тимур Крылов,+7 (983) 003-65-36,user103051@example.ru,Екатеринбург,13.04.2026
c105800,Полина Нестеров,+7 (965) 416-36-33,user105800@example.ru,Казань,28.08.2025
c103084,Максим Панин,+7 (943) 568-53-19,user103084@example.ru,Новосибирск,28.03.2024
c105933,Лидия Юдина,+7 (968) 046-11-03,user105933@example.ru,Казань,18.05.2026
c104756,Наталья Зуева,+7 (955) 227-00-71,user104756@example.ru,Екатеринбург,08.01.2026
c102344,Полина Сорокина,+7 (960) 054-44-60,user102344@example.ru,Красноярск,16.03.2025
c102846,Алиса Нестеров,+7 (973) 056-94-27,user102846@example.ru,Новосибирск,26.09.2025
c101380,Глеб Белых,+7 (990) 018-48-38,user101380@example.ru,Екатеринбург,09.09.2025
c105049,Юлия Панин,+7 (995) 123-23-21,user105049@example.ru,Красноярск,24.01.2024
c102581,Алиса Лаптев,+7 (913) 437-53-85,user102581@example.ru,Казань,06.07.2025
c106159,Максим Ермаков,+7 (913) 370-79-50,user106159@example.ru,Новосибирск,10.02.2024
c106782,Артур Лаптев,+7 (916) 839-17-08,user106782@example.ru,Санкт-Петербург,27.10.2024
c103132,Егор Ермаков,+7 (992) 098-61-54,user103132@example.ru,Новосибирск,30.11.2025
c104604,Глеб Мешков,+7 (927) 398-65-49,user104604@example.ru,Казань,01.10.2024
c104402,Анна Белых,+7 (950) 520-63-53,user104402@example.ru,Москва,03.05.2025
c106213,Игорь Белых,+7 (975) 481-12-96,user106213@example.ru,Санкт-Петербург,22.02.2024
c103026,Денис Ермаков,+7 (927) 006-71-01,user103026@example.ru,Новосибирск,20.06.2024
c106635,Алиса Ермаков,+7 (997) 717-58-14,user106635@example.ru,Екатеринбург,28.05.2026
c105837,Глеб Нестеров,+7 (955) 458-23-18,user105837@example.ru,Красноярск,04.03.2026
c104193,Кирилл Белых,+7 (994) 060-43-33,user104193@example.ru,Санкт-Петербург,10.02.2024
c100173,Максим Сорокина,+7 (972) 877-86-11,user100173@example.ru,Екатеринбург,11.05.2024
c104596,Егор Ермаков,+7 (981) 030-40-12,user104596@example.ru,Москва,17.04.2026
c102141,Максим Зуева,+7 (996) 379-34-55,user102141@example.ru,Санкт-Петербург,29.11.2024
c106365,Елена Гордеев,+7 (984) 615-47-47,user106365@example.ru,Новосибирск,20.12.2025
c104464,Елена Гордеев,+7 (911) 243-28-58,user104464@example.ru,Казань,07.05.2025
c103923,Наталья Мешков,+7 (936) 569-30-82,user103923@example.ru,Казань,22.04.2025
c100455,Анна Лаптев,+7 (934) 609-58-99,user100455@example.ru,Екатеринбург,04.07.2024
c106820,Мария Мешков,+7 (985) 603-95-67,user106820@example.ru,Москва,19.06.2025
c105791,Максим Гордеев,+7 (975) 121-84-90,user105791@example.ru,Красноярск,08.11.2024
c105439,Полина Крылов,+7 (930) 383-10-89,user105439@example.ru,Санкт-Петербург,03.06.2024
c106492,Егор Крылов,+7 (932) 337-80-79,user106492@example.ru,Казань,02.09.2025
c105035,Кирилл Лаптев,+7 (925) 286-96-04,user105035@example.ru,Красноярск,16.01.2026
c105731,Вера Нестеров,+7 (960) 344-11-93,user105731@example.ru,Красноярск,19.09.2025
c106434,Мария Нестеров,+7 (948) 197-42-58,user106434@example.ru,Москва,08.08.2025
c102240,Лидия Сорокина,+7 (912) 028-88-09,user102240@example.ru,Санкт-Петербург,02.03.2025
c103372,Игорь Юдина,+7 (919) 471-67-70,user103372@example.ru,Москва,16.01.2025
c101018,Юлия Панин,+7 (977) 107-21-02,user101018@example.ru,Новосибирск,16.04.2026
c100545,Максим Гордеев,+7 (976) 969-70-72,user100545@example.ru,Красноярск,23.05.2024
c103810,Елена Шилова,+7 (933) 724-64-36,user103810@example.ru,Санкт-Петербург,24.09.2024
c106029,Полина Крылов,+7 (935) 711-35-97,user106029@example.ru,Екатеринбург,15.01.2024
c106268,Елена Осипова,+7 (989) 955-94-15,user106268@example.ru,Москва,05.06.2026
c102258,Ольга Лаптев,+7 (932) 012-77-70,user102258@example.ru,Екатеринбург,14.01.2026
c106421,Денис Белых,+7 (928) 216-03-91,user106421@example.ru,Санкт-Петербург,05.11.2024
c101400,Полина Белых,+7 (913) 879-03-95,user101400@example.ru,Казань,24.05.2026
c106073,Анна Шилова,+7 (971) 163-52-30,user106073@example.ru,Красноярск,04.09.2025
c101211,Алиса Ковальчук,+7 (934) 777-32-70,user101211@example.ru,Новосибирск,14.07.2024
c100341,Кирилл Крылов,+7 (996) 830-64-55,user100341@example.ru,Красноярск,17.08.2024
c105770,Кирилл Шилова,+7 (962) 846-38-46,user105770@example.ru,Казань,30.04.2024
c106094,Денис Ермаков,+7 (910) 336-39-28,user106094@example.ru,Новосибирск,04.03.2024
c100071,Анна Лаптев,+7 (958) 544-53-34,user100071@example.ru,Санкт-Петербург,01.06.2025
c105840,Павел Тихонова,+7 (993) 800-43-71,user105840@example.ru,Москва,11.11.2025
c103599,Елена Крылов,+7 (913) 976-96-63,user103599@example.ru,Санкт-Петербург,20.03.2024
c100314,Павел Сорокина,+7 (922) 145-91-73,user100314@example.ru,Екатеринбург,27.12.2025
c106167,Артур Зуева,+7 (974) 658-06-75,user106167@example.ru,Санкт-Петербург,15.05.2026
c101596,Вера Шилова,+7 (949) 300-07-22,user101596@example.ru,Красноярск,11.10.2025
c105552,Ольга Белых,+7 (990) 547-47-08,user105552@example.ru,Красноярск,01.04.2026
c103331,Тимур Мешков,+7 (978) 313-78-86,user103331@example.ru,Красноярск,09.03.2024
c102796,Полина Мешков,+7 (932) 548-68-52,user102796@example.ru,Екатеринбург,24.03.2024
c106323,Роман Белых,+7 (916) 655-37-06,user106323@example.ru,Москва,13.02.2025
c102168,Анна Юдина,+7 (923) 705-51-52,user102168@example.ru,Москва,28.07.2025
c104683,Елена Белых,+7 (978) 022-75-74,user104683@example.ru,Москва,13.10.2024
c106302,Лидия Ермаков,+7 (965) 528-47-34,user106302@example.ru,Москва,19.05.2026
c103596,Елена Ковальчук,+7 (937) 133-11-24,user103596@example.ru,Новосибирск,22.11.2025
c100258,Кирилл Осипова,+7 (969) 999-81-55,user100258@example.ru,Новосибирск,27.06.2024
c100145,Кирилл Ковальчук,+7 (920) 144-72-11,user100145@example.ru,Санкт-Петербург,13.03.2026
c101342,Лидия Панин,+7 (991) 491-95-59,user101342@example.ru,Новосибирск,01.07.2024
c106619,Артур Ермаков,+7 (980) 422-42-21,user106619@example.ru,Новосибирск,29.01.2025
c106276,Вера Савельев,+7 (970) 962-55-91,user106276@example.ru,Москва,04.07.2025
c100183,Павел Ермаков,+7 (930) 793-54-90,user100183@example.ru,Екатеринбург,05.07.2024
c100232,Алиса Юдина,+7 (941) 882-85-41,user100232@example.ru,Санкт-Петербург,11.07.2024
c103288,Максим Нестеров,+7 (911) 589-99-35,user103288@example.ru,Казань,14.09.2025
c102872,Павел Юдина,+7 (969) 748-08-98,user102872@example.ru,Казань,10.02.2024
c105314,Вера Мешков,+7 (981) 902-63-03,user105314@example.ru,Новосибирск,19.06.2025
c103961,Денис Шилова,+7 (980) 210-26-13,user103961@example.ru,Красноярск,21.06.2024
c102421,Алиса Крылов,+7 (937) 359-27-73,user102421@example.ru,Санкт-Петербург,28.06.2025
c102733,Роман Тихонова,+7 (932) 000-36-11,user102733@example.ru,Москва,02.07.2024
c102848,Артур Шилова,+7 (971) 294-52-73,user102848@example.ru,Новосибирск,20.02.2025
c102136,Юлия Ермаков,+7 (949) 864-47-22,user102136@example.ru,Казань,13.06.2026
c101647,Елена Шилова,+7 (933) 871-68-51,user101647@example.ru,Санкт-Петербург,05.02.2025
c101600,Полина Шилова,+7 (964) 132-18-92,user101600@example.ru,Санкт-Петербург,30.04.2024
c102786,Алиса Тихонова,+7 (949) 298-85-46,user102786@example.ru,Красноярск,20.12.2025
c101624,Вера Гордеев,+7 (950) 113-81-53,user101624@example.ru,Казань,25.04.2026
c100057,Мария Гордеев,+7 (922) 893-25-70,user100057@example.ru,Екатеринбург,22.03.2024
c100112,Игорь Нестеров,+7 (973) 494-44-70,user100112@example.ru,Новосибирск,28.12.2024
c102427,Глеб Юдина,+7 (922) 104-71-35,user102427@example.ru,Москва,10.07.2024
c103864,Алиса Лаптев,+7 (950) 183-46-60,user103864@example.ru,Казань,20.05.2025
c106476,Роман Сорокина,+7 (982) 551-29-55,user106476@example.ru,Москва,19.09.2024
c104224,Егор Ермаков,+7 (963) 612-16-85,user104224@example.ru,Красноярск,02.10.2024
c100479,Егор Крылов,+7 (952) 932-09-96,user100479@example.ru,Екатеринбург,05.10.2025
c105261,Игорь Ермаков,+7 (922) 960-08-42,user105261@example.ru,Екатеринбург,24.11.2024
c102289,Максим Мешков,+7 (977) 229-88-76,user102289@example.ru,Екатеринбург,12.12.2024
c105987,Елена Тихонова,+7 (936) 288-67-92,user105987@example.ru,Санкт-Петербург,09.10.2024
c104010,Полина Зуева,+7 (983) 547-40-98,user104010@example.ru,Казань,03.07.2024
c101224,Юлия Ковальчук,+7 (953) 982-38-82,user101224@example.ru,Екатеринбург,07.02.2024
c104185,Павел Сорокина,+7 (973) 951-63-76,user104185@example.ru,Екатеринбург,12.05.2025
c104211,Ольга Нестеров,+7 (952) 456-93-09,user104211@example.ru,Новосибирск,08.04.2024
c102127,Егор Шилова,+7 (915) 664-84-32,user102127@example.ru,Красноярск,28.11.2025
c102043,Алиса Сорокина,+7 (961) 671-72-79,user102043@example.ru,Казань,04.09.2025
c102281,Елена Тихонова,+7 (975) 901-51-12,user102281@example.ru,Москва,29.12.2025
c100665,Артур Осипова,+7 (962) 542-84-26,user100665@example.ru,Москва,27.02.2024
c106397,Роман Юдина,+7 (994) 621-51-11,user106397@example.ru,Новосибирск,28.08.2025
c103165,Павел Юдина,+7 (967) 772-39-40,user103165@example.ru,Красноярск,18.01.2025
c100156,Анна Гордеев,+7 (966) 676-96-17,user100156@example.ru,Екатеринбург,20.02.2026
c102876,Алиса Савельев,+7 (944) 247-77-30,user102876@example.ru,Екатеринбург,01.08.2025
c100195,Анна Шилова,+7 (950) 387-08-31,user100195@example.ru,Санкт-Петербург,02.07.2025
c103112,Елена Нестеров,+7 (989) 197-65-90,user103112@example.ru,Москва,09.07.2025
c106380,Роман Юдина,+7 (973) 447-96-03,user106380@example.ru,Екатеринбург,11.09.2024
c100923,Егор Белых,+7 (915) 161-27-33,user100923@example.ru,Москва,27.01.2026
c102673,Мария Крылов,+7 (934) 219-59-96,user102673@example.ru,Красноярск,24.03.2024
c101913,Ольга Панин,+7 (933) 645-61-92,user101913@example.ru,Казань,18.02.2026
c104384,Мария Юдина,+7 (932) 133-13-42,user104384@example.ru,Москва,15.05.2024
c105624,Глеб Савельев,+7 (936) 099-09-42,user105624@example.ru,Москва,10.05.2026
c104921,Вера Нестеров,+7 (935) 117-71-90,user104921@example.ru,Казань,30.10.2025
c103785,Елена Лаптев,+7 (919) 378-62-89,user103785@example.ru,Екатеринбург,02.06.2024
c105907,Ольга Шилова,+7 (926) 967-57-76,user105907@example.ru,Казань,24.12.2024
c103756,Анна Шилова,+7 (913) 081-52-81,user103756@example.ru,Екатеринбург,30.03.2026
c101089,Тимур Белых,+7 (940) 303-95-38,user101089@example.ru,Новосибирск,16.04.2024
c103312,Роман Нестеров,+7 (937) 308-18-95,user103312@example.ru,Москва,13.05.2024
c105368,Денис Тихонова,+7 (985) 480-23-84,user105368@example.ru,Казань,25.02.2026
c104549,Игорь Белых,+7 (928) 883-71-46,user104549@example.ru,Новосибирск,05.03.2026
c102002,Мария Тихонова,+7 (984) 223-41-27,user102002@example.ru,Красноярск,04.11.2024
c104967,Кирилл Белых,+7 (938) 811-88-18,user104967@example.ru,Красноярск,29.11.2025
c101415,Полина Панин,+7 (948) 520-42-00,user101415@example.ru,Казань,27.07.2025
c103797,Алиса Зуева,+7 (952) 803-11-05,user103797@example.ru,Казань,11.04.2025
c102856,Полина Юдина,+7 (995) 605-98-71,user102856@example.ru,Казань,08.03.2024
c104028,Елена Шилова,+7 (940) 854-05-80,user104028@example.ru,Новосибирск,17.06.2025
c100416,Мария Тихонова,+7 (918) 413-61-48,user100416@example.ru,Красноярск,12.03.2026
c105426,Глеб Ермаков,+7 (936) 084-81-54,user105426@example.ru,Москва,29.10.2024
c103387,Анна Крылов,+7 (992) 012-82-56,user103387@example.ru,Новосибирск,09.12.2024
c106055,Алиса Сорокина,+7 (995) 469-14-72,user106055@example.ru,Санкт-Петербург,16.08.2024
c104352,Алиса Гордеев,+7 (965) 885-66-54,user104352@example.ru,Москва,29.01.2024
c103436,Елена Сорокина,+7 (978) 218-94-60,user103436@example.ru,Новосибирск,26.06.2025
c104060,Полина Нестеров,+7 (943) 449-79-64,user104060@example.ru,Казань,10.11.2024
c102413,Кирилл Зуева,+7 (918) 497-57-70,user102413@example.ru,Новосибирск,06.06.2026
c102124,Ольга Шилова,+7 (933) 040-52-64,user102124@example.ru,Красноярск,31.05.2025
c103751,Роман Осипова,+7 (960) 451-20-86,user103751@example.ru,Екатеринбург,23.01.2024
c100005,Наталья Савельев,+7 (985) 725-46-80,user100005@example.ru,Новосибирск,09.02.2024
c102470,Вера Сорокина,+7 (912) 383-97-51,user102470@example.ru,Москва,02.03.2025
c101971,Юлия Шилова,+7 (961) 039-95-96,user101971@example.ru,Казань,02.10.2025
c105306,Глеб Тихонова,+7 (943) 933-68-22,user105306@example.ru,Москва,11.03.2024
c101316,Павел Нестеров,+7 (972) 568-05-50,user101316@example.ru,Екатеринбург,25.02.2026
c104745,Алиса Ковальчук,+7 (976) 121-99-82,user104745@example.ru,Екатеринбург,22.03.2024
c104869,Анна Юдина,+7 (946) 465-56-85,user104869@example.ru,Екатеринбург,25.07.2025
c104476,Роман Савельев,+7 (978) 425-88-70,user104476@example.ru,Москва,31.08.2025
c101764,Полина Нестеров,+7 (995) 600-94-84,user101764@example.ru,Новосибирск,04.03.2026
c101454,Юлия Мешков,+7 (913) 672-33-68,user101454@example.ru,Екатеринбург,18.02.2025
c105457,Денис Сорокина,+7 (999) 160-62-48,user105457@example.ru,Казань,14.02.2025
c104736,Юлия Ковальчук,+7 (925) 690-57-06,user104736@example.ru,Санкт-Петербург,10.08.2025
c106671,Лидия Белых,+7 (959) 248-91-26,user106671@example.ru,Казань,13.04.2024
c100413,Егор Зуева,+7 (919) 841-79-73,user100413@example.ru,Санкт-Петербург,02.11.2024
c103627,Полина Ермаков,+7 (991) 123-85-45,user103627@example.ru,Красноярск,14.04.2025
c103458,Тимур Ермаков,+7 (979) 308-83-88,user103458@example.ru,Санкт-Петербург,01.12.2025
c105098,Ольга Мешков,+7 (924) 960-36-95,user105098@example.ru,Екатеринбург,26.06.2025
c100972,Юлия Лаптев,+7 (996) 310-76-71,user100972@example.ru,Москва,30.09.2024
c104380,Лидия Шилова,+7 (985) 001-27-80,user104380@example.ru,Новосибирск,07.09.2025
c101067,Ольга Осипова,+7 (954) 938-97-00,user101067@example.ru,Казань,08.07.2024
c103119,Артур Панин,+7 (940) 396-10-51,user103119@example.ru,Красноярск,03.01.2026
c102579,Анна Нестеров,+7 (972) 766-25-22,user102579@example.ru,Красноярск,03.08.2025
c104089,Денис Осипова,+7 (915) 177-09-12,user104089@example.ru,Красноярск,09.06.2026
c104860,Анна Лаптев,+7 (962) 448-38-02,user104860@example.ru,Санкт-Петербург,05.04.2026
c103052,Тимур Гордеев,+7 (950) 305-78-58,user103052@example.ru,Москва,03.09.2025
c105673,Юлия Ермаков,+7 (915) 067-99-58,user105673@example.ru,Санкт-Петербург,10.12.2024
c105108,Анна Сорокина,+7 (961) 520-60-95,user105108@example.ru,Новосибирск,03.09.2024
c103885,Ольга Савельев,+7 (916) 550-44-57,user103885@example.ru,Казань,09.09.2025
c105889,Роман Ковальчук,+7 (994) 610-82-59,user105889@example.ru,Казань,13.10.2025
c101304,Наталья Мешков,+7 (940) 499-61-31,user101304@example.ru,Екатеринбург,10.11.2025
c106002,Юлия Нестеров,+7 (957) 472-91-24,user106002@example.ru,Красноярск,26.06.2026
c100062,Егор Ковальчук,+7 (948) 432-04-36,user100062@example.ru,Екатеринбург,01.07.2025
c105838,Игорь Крылов,+7 (999) 307-33-45,user105838@example.ru,Санкт-Петербург,26.11.2025
c100886,Вера Ермаков,+7 (973) 809-31-91,user100886@example.ru,Екатеринбург,02.10.2025
c104726,Полина Крылов,+7 (973) 830-15-98,user104726@example.ru,Москва,24.03.2026
c103267,Елена Савельев,+7 (918) 866-87-54,user103267@example.ru,Екатеринбург,06.09.2025
c101585,Кирилл Гордеев,+7 (913) 041-79-95,user101585@example.ru,Санкт-Петербург,20.08.2025
c104599,Егор Нестеров,+7 (971) 223-67-80,user104599@example.ru,Санкт-Петербург,08.03.2026
c106317,Елена Зуева,+7 (968) 268-16-82,user106317@example.ru,Новосибирск,02.01.2025
c104923,Глеб Шилова,+7 (967) 424-23-86,user104923@example.ru,Санкт-Петербург,02.04.2024
c102519,Артур Крылов,+7 (985) 327-84-58,user102519@example.ru,Казань,09.05.2026
c104855,Лидия Савельев,+7 (947) 724-38-28,user104855@example.ru,Новосибирск,11.05.2024
c100001,Егор Нестеров,+7 (989) 054-87-52,user100001@example.ru,Казань,08.07.2025
c100497,Полина Нестеров,+7 (936) 167-74-90,user100497@example.ru,Екатеринбург,31.05.2026
c102464,Ольга Лаптев,+7 (913) 675-73-45,user102464@example.ru,Казань,12.06.2026
c103403,Игорь Гордеев,+7 (973) 779-72-57,user103403@example.ru,Новосибирск,16.12.2024
c100342,Максим Осипова,+7 (948) 846-13-50,user100342@example.ru,Москва,29.06.2026
c101954,Максим Мешков,+7 (938) 339-96-64,user101954@example.ru,Казань,09.10.2024
c103860,Ольга Лаптев,+7 (916) 298-81-39,user103860@example.ru,Санкт-Петербург,01.09.2024
c101595,Юлия Мешков,+7 (954) 787-53-03,user101595@example.ru,Санкт-Петербург,12.05.2024
c104237,Денис Нестеров,+7 (983) 219-53-92,user104237@example.ru,Казань,22.11.2025
c103605,Вера Юдина,+7 (957) 773-89-18,user103605@example.ru,Москва,19.10.2025
c100589,Максим Шилова,+7 (918) 731-18-33,user100589@example.ru,Казань,13.04.2024
c104896,Мария Лаптев,+7 (914) 899-88-03,user104896@example.ru,Санкт-Петербург,03.10.2025
c103608,Тимур Нестеров,+7 (942) 108-49-77,user103608@example.ru,Екатеринбург,03.02.2026
c104439,Игорь Белых,+7 (954) 956-66-08,user104439@example.ru,Санкт-Петербург,20.05.2024
c102676,Анна Осипова,+7 (916) 209-90-83,user102676@example.ru,Санкт-Петербург,28.04.2025
c102161,Роман Ковальчук,+7 (984) 785-15-79,user102161@example.ru,Казань,17.08.2024
c106224,Ольга Сорокина,+7 (933) 855-05-02,user106224@example.ru,Екатеринбург,21.06.2024
c104823,Максим Ермаков,+7 (961) 855-85-57,user104823@example.ru,Санкт-Петербург,22.06.2026
c100555,Павел Юдина,+7 (925) 597-45-16,user100555@example.ru,Красноярск,28.04.2026
c102527,Анна Сорокина,+7 (969) 381-52-95,user102527@example.ru,Красноярск,20.03.2025
c102311,Павел Тихонова,+7 (964) 395-61-30,user102311@example.ru,Новосибирск,21.03.2024
c100323,Полина Нестеров,+7 (952) 146-42-49,user100323@example.ru,Санкт-Петербург,30.05.2025
c102497,Елена Крылов,+7 (914) 489-93-27,user102497@example.ru,Казань,23.01.2024
c101535,Артур Панин,+7 (988) 375-36-99,user101535@example.ru,Красноярск,10.03.2025
c100612,Кирилл Ковальчук,+7 (965) 698-70-59,user100612@example.ru,Москва,11.05.2026
c103282,Ольга Савельев,+7 (993) 846-32-00,user103282@example.ru,Новосибирск,07.11.2025
c101297,Артур Белых,+7 (942) 010-07-69,user101297@example.ru,Санкт-Петербург,11.12.2025
c104229,Юлия Осипова,+7 (923) 322-44-64,user104229@example.ru,Санкт-Петербург,30.10.2024
c104008,Полина Ермаков,+7 (942) 691-81-57,user104008@example.ru,Красноярск,06.02.2025
c102937,Максим Лаптев,+7 (993) 128-51-40,user102937@example.ru,Новосибирск,03.01.2026
c104728,Роман Белых,+7 (914) 600-04-35,user104728@example.ru,Казань,07.06.2025
c106110,Тимур Савельев,+7 (963) 113-34-73,user106110@example.ru,Казань,22.05.2026
c106732,Роман Тихонова,+7 (932) 911-88-34,user106732@example.ru,Екатеринбург,08.09.2024
c100386,Глеб Панин,+7 (980) 507-87-57,user100386@example.ru,Санкт-Петербург,04.05.2024
c105053,Денис Крылов,+7 (921) 554-79-80,user105053@example.ru,Екатеринбург,29.06.2025
c105968,Лидия Зуева,+7 (917) 461-43-07,user105968@example.ru,Екатеринбург,07.07.2025
c106138,Егор Панин,+7 (981) 076-94-10,user106138@example.ru,Красноярск,02.05.2025
c103255,Юлия Юдина,+7 (988) 370-72-10,user103255@example.ru,Красноярск,29.11.2024
c100045,Егор Ковальчук,+7 (923) 983-33-31,user100045@example.ru,Екатеринбург,01.10.2025
c100926,Тимур Зуева,+7 (938) 959-70-23,user100926@example.ru,Москва,23.04.2024
c104937,Алиса Крылов,+7 (966) 430-75-86,user104937@example.ru,Санкт-Петербург,16.04.2025
c104661,Роман Панин,+7 (947) 897-52-69,user104661@example.ru,Москва,27.07.2024
c103618,Анна Савельев,+7 (985) 476-98-07,user103618@example.ru,Санкт-Петербург,23.02.2026
c106100,Вера Белых,+7 (966) 047-43-08,user106100@example.ru,Казань,17.03.2026
c106262,Денис Шилова,+7 (936) 537-15-56,user106262@example.ru,Казань,12.06.2025
c104694,Елена Сорокина,+7 (926) 824-95-02,user104694@example.ru,Красноярск,19.02.2024
c105921,Роман Ковальчук,+7 (977) 929-70-34,user105921@example.ru,Екатеринбург,19.09.2025
c103964,Анна Савельев,+7 (980) 782-65-03,user103964@example.ru,Москва,27.01.2026
c100029,Юлия Панин,+7 (931) 623-21-56,user100029@example.ru,Красноярск,04.10.2025
c104628,Лидия Шилова,+7 (937) 804-05-12,user104628@example.ru,Екатеринбург,05.04.2026
c105195,Павел Ковальчук,+7 (983) 989-44-42,user105195@example.ru,Казань,05.01.2026
c102683,Максим Юдина,+7 (973) 619-55-72,user102683@example.ru,Москва,29.06.2025
c101873,Роман Белых,+7 (984) 902-87-21,user101873@example.ru,Москва,11.03.2024
c105970,Павел Нестеров,+7 (945) 368-56-37,user105970@example.ru,Красноярск,09.11.2025
c106896,Роман Сорокина,+7 (962) 301-79-14,user106896@example.ru,Красноярск,31.01.2024
c103110,Ольга Нестеров,+7 (978) 729-23-10,user103110@example.ru,Екатеринбург,29.09.2025
c100436,Лидия Осипова,+7 (953) 106-81-41,user100436@example.ru,Санкт-Петербург,29.12.2024
c102572,Денис Сорокина,+7 (929) 746-51-08,user102572@example.ru,Новосибирск,22.02.2025
c100418,Игорь Сорокина,+7 (964) 903-63-88,user100418@example.ru,Казань,28.04.2024
c100827,Наталья Ермаков,+7 (915) 505-63-84,user100827@example.ru,Екатеринбург,16.10.2025
c105444,Алиса Мешков,+7 (976) 692-67-77,user105444@example.ru,Москва,10.05.2026
c104111,Павел Лаптев,+7 (982) 760-21-54,user104111@example.ru,Казань,02.06.2024
c104864,Алиса Юдина,+7 (975) 743-27-19,user104864@example.ru,Казань,22.05.2024
c104690,Полина Ермаков,+7 (969) 560-74-86,user104690@example.ru,Екатеринбург,26.06.2024
c106186,Мария Осипова,+7 (996) 650-89-56,user106186@example.ru,Москва,08.08.2025
c103922,Лидия Белых,+7 (950) 187-68-09,user103922@example.ru,Москва,25.08.2024
c100372,Наталья Ковальчук,+7 (971) 456-22-93,user100372@example.ru,Москва,18.07.2024
c100546,Наталья Осипова,+7 (973) 691-44-58,user100546@example.ru,Москва,18.03.2025
c106345,Кирилл Юдина,+7 (911) 568-18-07,user106345@example.ru,Казань,22.06.2025
c103916,Егор Гордеев,+7 (962) 751-59-50,user103916@example.ru,Екатеринбург,25.02.2026
c101901,Кирилл Зуева,+7 (967) 267-64-05,user101901@example.ru,Красноярск,26.02.2024
c100896,Павел Лаптев,+7 (984) 483-88-61,user100896@example.ru,Санкт-Петербург,03.05.2026
c102839,Павел Крылов,+7 (945) 964-84-95,user102839@example.ru,Казань,29.01.2026
c103969,Глеб Тихонова,+7 (967) 670-76-36,user103969@example.ru,Москва,04.04.2024
c100869,Анна Гордеев,+7 (969) 241-28-73,user100869@example.ru,Санкт-Петербург,16.04.2025
c105312,Кирилл Крылов,+7 (949) 451-14-46,user105312@example.ru,Новосибирск,27.03.2024
c100551,Полина Осипова,+7 (985) 202-49-57,user100551@example.ru,Москва,06.05.2026
c104723,Тимур Мешков,+7 (997) 731-78-72,user104723@example.ru,Екатеринбург,03.12.2025
c106602,Алиса Юдина,+7 (924) 847-80-68,user106602@example.ru,Казань,03.05.2024
c102015,Артур Зуева,+7 (997) 690-02-60,user102015@example.ru,Красноярск,17.03.2026
c100585,Полина Крылов,+7 (938) 066-46-25,user100585@example.ru,Казань,24.12.2025
c100808,Ольга Юдина,+7 (918) 846-64-82,user100808@example.ru,Екатеринбург,21.07.2025
c106575,Артур Зуева,+7 (949) 703-32-18,user106575@example.ru,Казань,17.01.2025
c106426,Анна Нестеров,+7 (995) 949-37-04,user106426@example.ru,Казань,09.07.2025
c106751,Игорь Крылов,+7 (928) 416-65-45,user106751@example.ru,Красноярск,12.05.2025
c104954,Артур Савельев,+7 (955) 906-75-30,user104954@example.ru,Москва,11.07.2024
c101586,Артур Гордеев,+7 (913) 292-15-83,user101586@example.ru,Санкт-Петербург,20.06.2024
c106115,Игорь Крылов,+7 (975) 504-79-45,user106115@example.ru,Екатеринбург,10.09.2025
c102003,Алиса Осипова,+7 (962) 594-62-22,user102003@example.ru,Новосибирск,22.06.2026
c100987,Игорь Савельев,+7 (955) 014-95-51,user100987@example.ru,Красноярск,23.05.2026
c100801,Павел Шилова,+7 (933) 727-13-35,user100801@example.ru,Екатеринбург,29.11.2024
c104454,Денис Сорокина,+7 (943) 269-16-46,user104454@example.ru,Екатеринбург,03.10.2025
c103966,Полина Лаптев,+7 (934) 877-68-14,user103966@example.ru,Москва,24.07.2024
c100929,Максим Панин,+7 (919) 525-95-50,user100929@example.ru,Санкт-Петербург,28.12.2024
c104858,Полина Крылов,+7 (913) 206-51-68,user104858@example.ru,Москва,06.07.2025
c102589,Юлия Ковальчук,+7 (999) 603-28-93,user102589@example.ru,Москва,30.01.2026
c100744,Вера Юдина,+7 (983) 490-84-25,user100744@example.ru,Москва,07.11.2025
c101370,Алиса Лаптев,+7 (946) 290-07-09,user101370@example.ru,Красноярск,23.12.2025
c101906,Вера Гордеев,+7 (950) 488-20-31,user101906@example.ru,Казань,05.09.2025
c102019,Тимур Крылов,+7 (912) 933-12-18,user102019@example.ru,Москва,16.01.2025
c100737,Вера Нестеров,+7 (911) 745-05-59,user100737@example.ru,Москва,06.08.2024
c100038,Наталья Савельев,+7 (979) 186-58-86,user100038@example.ru,Екатеринбург,01.09.2024
c101788,Алиса Гордеев,+7 (917) 848-67-92,user101788@example.ru,Новосибирск,03.06.2025
c102866,Игорь Белых,+7 (968) 505-30-75,user102866@example.ru,Новосибирск,02.05.2025
c102875,Елена Шилова,+7 (913) 819-44-87,user102875@example.ru,Красноярск,02.03.2024
c103705,Егор Белых,+7 (955) 491-14-07,user103705@example.ru,Екатеринбург,05.06.2024
c102757,Артур Сорокина,+7 (965) 583-88-48,user102757@example.ru,Екатеринбург,30.11.2025
c104385,Егор Лаптев,+7 (986) 156-33-13,user104385@example.ru,Москва,16.01.2025
c101183,Игорь Ермаков,+7 (966) 637-06-56,user101183@example.ru,Красноярск,18.11.2025
c103124,Мария Савельев,+7 (938) 477-55-64,user103124@example.ru,Москва,21.06.2024
c105939,Полина Ермаков,+7 (973) 970-25-55,user105939@example.ru,Казань,02.07.2025
c106538,Тимур Юдина,+7 (922) 779-80-43,user106538@example.ru,Екатеринбург,06.02.2024
c106801,Глеб Гордеев,+7 (987) 981-88-04,user106801@example.ru,Екатеринбург,24.03.2025
c102785,Лидия Савельев,+7 (927) 639-04-94,user102785@example.ru,Москва,06.03.2024
c105577,Елена Савельев,+7 (914) 837-40-63,user105577@example.ru,Красноярск,18.06.2025
c105715,Игорь Зуева,+7 (981) 634-28-55,user105715@example.ru,Новосибирск,04.06.2026
c104660,Максим Тихонова,+7 (986) 481-18-72,user104660@example.ru,Казань,01.01.2025
c105829,Вера Ковальчук,+7 (999) 198-30-70,user105829@example.ru,Москва,28.01.2024
c105724,Артур Осипова,+7 (945) 957-49-19,user105724@example.ru,Красноярск,15.11.2025
c101611,Денис Крылов,+7 (966) 032-20-21,user101611@example.ru,Новосибирск,19.10.2024
c104709,Наталья Ковальчук,+7 (987) 763-52-65,user104709@example.ru,Санкт-Петербург,11.12.2024
c100088,Анна Тихонова,+7 (997) 529-23-78,user100088@example.ru,Санкт-Петербург,09.12.2024
c103744,Мария Крылов,+7 (929) 631-03-39,user103744@example.ru,Казань,29.04.2025
c101967,Ольга Панин,+7 (959) 091-05-46,user101967@example.ru,Красноярск,22.06.2025
c105526,Вера Сорокина,+7 (941) 858-38-49,user105526@example.ru,Санкт-Петербург,25.02.2026
c101489,Лидия Мешков,+7 (921) 736-63-65,user101489@example.ru,Санкт-Петербург,02.06.2025
c100548,Глеб Ковальчук,+7 (957) 923-54-29,user100548@example.ru,Екатеринбург,07.04.2026
c102977,Кирилл Тихонова,+7 (997) 427-06-23,user102977@example.ru,Москва,03.04.2024
c100055,Роман Тихонова,+7 (930) 572-65-33,user100055@example.ru,Санкт-Петербург,18.02.2024
c103031,Вера Лаптев,+7 (933) 983-16-48,user103031@example.ru,Казань,28.07.2025
c103087,Вера Шилова,+7 (912) 494-66-87,user103087@example.ru,Санкт-Петербург,12.05.2025
c100754,Лидия Зуева,+7 (973) 109-38-69,user100754@example.ru,Новосибирск,04.11.2025
c105279,Егор Осипова,+7 (959) 601-89-16,user105279@example.ru,Новосибирск,01.10.2024
c106022,Анна Панин,+7 (938) 732-44-46,user106022@example.ru,Екатеринбург,25.02.2024
c101277,Юлия Панин,+7 (939) 062-97-19,user101277@example.ru,Санкт-Петербург,27.01.2025
c105458,Полина Панин,+7 (997) 411-85-15,user105458@example.ru,Екатеринбург,28.06.2025
c100740,Анна Крылов,+7 (915) 642-75-51,user100740@example.ru,Санкт-Петербург,25.05.2026
c101556,Кирилл Мешков,+7 (949) 552-97-72,user101556@example.ru,Новосибирск,16.03.2024
c101697,Алиса Ермаков,+7 (985) 275-17-24,user101697@example.ru,Новосибирск,04.04.2026
c100498,Ольга Зуева,+7 (975) 389-91-44,user100498@example.ru,Казань,11.06.2025
c103206,Кирилл Осипова,+7 (972) 554-93-72,user103206@example.ru,Новосибирск,25.10.2025
c101326,Анна Ермаков,+7 (982) 867-00-91,user101326@example.ru,Казань,13.03.2026
c104747,Полина Мешков,+7 (956) 484-27-46,user104747@example.ru,Санкт-Петербург,22.09.2025
c103687,Павел Сорокина,+7 (951) 772-09-18,user103687@example.ru,Красноярск,23.05.2024
c101259,Наталья Ермаков,+7 (992) 604-74-52,user101259@example.ru,Казань,25.12.2024
c104556,Роман Ермаков,+7 (993) 840-48-46,user104556@example.ru,Новосибирск,31.07.2024
c100928,Артур Ермаков,+7 (993) 815-52-23,user100928@example.ru,Москва,13.01.2025
c100876,Вера Тихонова,+7 (972) 977-27-18,user100876@example.ru,Санкт-Петербург,10.11.2024
c104818,Елена Осипова,+7 (980) 567-78-67,user104818@example.ru,Екатеринбург,01.09.2025
c101691,Наталья Сорокина,+7 (928) 922-41-01,user101691@example.ru,Москва,22.01.2025
c101483,Денис Мешков,+7 (923) 332-31-62,user101483@example.ru,Москва,29.04.2024
c103040,Юлия Нестеров,+7 (998) 955-46-38,user103040@example.ru,Екатеринбург,14.05.2025
c103473,Максим Крылов,+7 (936) 813-85-73,user103473@example.ru,Москва,16.08.2025
c106212,Максим Савельев,+7 (985) 067-16-93,user106212@example.ru,Новосибирск,01.02.2025
c101187,Ольга Белых,+7 (943) 820-93-18,user101187@example.ru,Москва,18.04.2025
c101174,Роман Гордеев,+7 (963) 555-77-66,user101174@example.ru,Екатеринбург,23.11.2024
c100106,Наталья Юдина,+7 (914) 427-00-07,user100106@example.ru,Новосибирск,15.04.2025
c102458,Максим Тихонова,+7 (927) 469-14-32,user102458@example.ru,Красноярск,17.09.2024
c103101,Тимур Ковальчук,+7 (999) 297-60-67,user103101@example.ru,Москва,30.06.2026
c101209,Наталья Юдина,+7 (942) 359-58-48,user101209@example.ru,Санкт-Петербург,04.07.2024
c104268,Алиса Ермаков,+7 (979) 903-91-99,user104268@example.ru,Екатеринбург,17.09.2025
c101926,Лидия Юдина,+7 (998) 415-99-71,user101926@example.ru,Казань,25.06.2025
c103294,Максим Крылов,+7 (964) 237-65-45,user103294@example.ru,Новосибирск,25.12.2025
c101037,Полина Савельев,+7 (921) 436-21-46,user101037@example.ru,Санкт-Петербург,17.04.2026
c101411,Лидия Шилова,+7 (948) 466-70-32,user101411@example.ru,Красноярск,05.10.2025
c101372,Максим Тихонова,+7 (931) 039-66-44,user101372@example.ru,Москва,28.03.2025
c100162,Лидия Ковальчук,+7 (994) 586-80-53,user100162@example.ru,Санкт-Петербург,22.10.2025
c100388,Роман Сорокина,+7 (920) 311-79-52,user100388@example.ru,Казань,17.12.2024
c101744,Тимур Сорокина,+7 (997) 837-02-64,user101744@example.ru,Новосибирск,26.11.2024
c104732,Анна Ермаков,+7 (939) 074-93-86,user104732@example.ru,Екатеринбург,04.05.2025
c101258,Игорь Гордеев,+7 (949) 109-51-12,user101258@example.ru,Новосибирск,23.12.2025
c101526,Денис Юдина,+7 (933) 312-69-40,user101526@example.ru,Санкт-Петербург,29.11.2025
c105199,Юлия Лаптев,+7 (926) 224-78-70,user105199@example.ru,Екатеринбург,05.10.2024
c100164,Полина Белых,+7 (979) 633-25-05,user100164@example.ru,Красноярск,17.01.2025
c100110,Денис Гордеев,+7 (938) 463-60-70,user100110@example.ru,Казань,26.06.2024
c102194,Тимур Савельев,+7 (954) 135-41-92,user102194@example.ru,Екатеринбург,27.04.2025
c102259,Мария Ковальчук,+7 (939) 620-38-72,user102259@example.ru,Екатеринбург,03.05.2025
c104463,Глеб Гордеев,+7 (942) 736-34-04,user104463@example.ru,Екатеринбург,06.03.2025
c102180,Максим Осипова,+7 (932) 376-84-02,user102180@example.ru,Новосибирск,21.05.2025
c104814,Роман Крылов,+7 (979) 208-29-23,user104814@example.ru,Красноярск,23.06.2026
c101248,Анна Ковальчук,+7 (948) 968-44-93,user101248@example.ru,Москва,25.02.2025
c105045,Глеб Лаптев,+7 (911) 343-05-25,user105045@example.ru,Екатеринбург,15.03.2025
c106362,Кирилл Осипова,+7 (962) 564-93-55,user106362@example.ru,Екатеринбург,12.09.2025
c102634,Денис Лаптев,+7 (964) 489-46-42,user102634@example.ru,Москва,30.05.2024
c102166,Алиса Осипова,+7 (962) 077-91-44,user102166@example.ru,Казань,08.03.2024
c106738,Елена Ермаков,+7 (987) 297-13-53,user106738@example.ru,Москва,06.08.2025
c100733,Максим Зуева,+7 (986) 679-66-38,user100733@example.ru,Красноярск,06.02.2025
c105998,Тимур Гордеев,+7 (994) 479-49-30,user105998@example.ru,Санкт-Петербург,18.12.2025
c100288,Елена Шилова,+7 (984) 322-37-93,user100288@example.ru,Красноярск,03.05.2026
c102425,Юлия Тихонова,+7 (923) 764-96-74,user102425@example.ru,Москва,17.01.2025
c101889,Анна Нестеров,+7 (929) 348-49-01,user101889@example.ru,Екатеринбург,09.08.2024
c102039,Елена Шилова,+7 (968) 115-70-15,user102039@example.ru,Казань,20.06.2024
c106314,Кирилл Панин,+7 (911) 116-21-92,user106314@example.ru,Екатеринбург,07.11.2024
c106883,Тимур Тихонова,+7 (940) 663-02-91,user106883@example.ru,Екатеринбург,05.03.2024
c105284,Лидия Мешков,+7 (999) 697-96-28,user105284@example.ru,Красноярск,25.10.2025
c100376,Кирилл Белых,+7 (927) 375-31-63,user100376@example.ru,Санкт-Петербург,22.07.2025
c101198,Мария Гордеев,+7 (940) 546-64-14,user101198@example.ru,Екатеринбург,10.06.2024
c100905,Игорь Нестеров,+7 (929) 274-58-93,user100905@example.ru,Екатеринбург,26.01.2026
c106295,Вера Савельев,+7 (986) 590-52-86,user106295@example.ru,Москва,16.04.2026
c105863,Алиса Зуева,+7 (991) 891-36-94,user105863@example.ru,Красноярск,02.02.2025
c102109,Ольга Шилова,+7 (928) 428-63-38,user102109@example.ru,Санкт-Петербург,13.09.2025
c100279,Артур Юдина,+7 (927) 328-74-54,user100279@example.ru,Красноярск,10.08.2024
c104350,Анна Панин,+7 (940) 712-13-11,user104350@example.ru,Санкт-Петербург,07.08.2025
c103506,Артур Зуева,+7 (964) 124-80-24,user103506@example.ru,Казань,14.01.2024
c100751,Полина Белых,+7 (969) 492-53-64,user100751@example.ru,Москва,18.03.2024
c101635,Ольга Ермаков,+7 (991) 350-70-05,user101635@example.ru,Новосибирск,03.04.2024
c100072,Елена Белых,+7 (927) 950-49-89,user100072@example.ru,Новосибирск,12.02.2026
c100844,Наталья Гордеев,+7 (970) 206-46-49,user100844@example.ru,Москва,30.12.2024
c103050,Полина Юдина,+7 (971) 210-31-49,user103050@example.ru,Красноярск,19.10.2024
c106779,Глеб Савельев,+7 (942) 520-29-87,user106779@example.ru,Красноярск,05.06.2025
c103198,Игорь Ковальчук,+7 (951) 989-89-21,user103198@example.ru,Москва,09.08.2025
c106277,Юлия Панин,+7 (930) 437-68-72,user106277@example.ru,Новосибирск,08.04.2026
c105836,Полина Юдина,+7 (927) 171-62-26,user105836@example.ru,Казань,29.11.2025
c103716,Наталья Гордеев,+7 (991) 104-75-36,user103716@example.ru,Москва,06.09.2024
c101778,Артур Крылов,+7 (915) 607-35-81,user101778@example.ru,Екатеринбург,04.04.2025
c101395,Игорь Крылов,+7 (941) 210-75-08,user101395@example.ru,Новосибирск,23.02.2026
c104127,Кирилл Тихонова,+7 (989) 292-64-74,user104127@example.ru,Москва,25.01.2024
c103664,Игорь Нестеров,+7 (968) 544-31-46,user103664@example.ru,Санкт-Петербург,07.01.2026
c104964,Алиса Шилова,+7 (958) 879-69-04,user104964@example.ru,Красноярск,23.08.2025
c105190,Егор Нестеров,+7 (929) 016-68-49,user105190@example.ru,Москва,05.01.2025
c101404,Максим Ковальчук,+7 (916) 708-71-22,user101404@example.ru,Екатеринбург,25.02.2024
c103455,Игорь Осипова,+7 (914) 178-87-57,user103455@example.ru,Красноярск,01.05.2025
c101432,Павел Белых,+7 (958) 002-58-27,user101432@example.ru,Москва,15.03.2025
c106475,Наталья Белых,+7 (961) 520-14-95,user106475@example.ru,Москва,27.05.2026
c101884,Мария Панин,+7 (932) 044-87-93,user101884@example.ru,Санкт-Петербург,11.10.2024
c100142,Егор Ковальчук,+7 (939) 591-94-77,user100142@example.ru,Казань,02.08.2024
c101445,Алиса Белых,+7 (960) 919-01-01,user101445@example.ru,Екатеринбург,11.04.2024
c103409,Егор Мешков,+7 (911) 556-17-33,user103409@example.ru,Санкт-Петербург,10.04.2025
c101938,Роман Ковальчук,+7 (956) 516-28-97,user101938@example.ru,Москва,13.09.2025
c103508,Денис Зуева,+7 (922) 243-58-70,user103508@example.ru,Красноярск,03.03.2024
c101155,Лидия Мешков,+7 (987) 855-68-38,user101155@example.ru,Москва,22.02.2026
c104074,Кирилл Тихонова,+7 (914) 785-35-67,user104074@example.ru,Новосибирск,27.03.2026
c100725,Елена Савельев,+7 (917) 087-76-99,user100725@example.ru,Казань,23.10.2024
c103368,Юлия Шилова,+7 (952) 087-80-84,user103368@example.ru,Екатеринбург,21.07.2024
c100700,Полина Панин,+7 (962) 006-52-69,user100700@example.ru,Екатеринбург,05.09.2025
c101745,Мария Мешков,+7 (924) 125-73-21,user101745@example.ru,Москва,16.05.2026
c106572,Мария Савельев,+7 (919) 240-18-30,user106572@example.ru,Екатеринбург,22.12.2024
c101153,Глеб Шилова,+7 (932) 869-13-22,user101153@example.ru,Екатеринбург,08.12.2024
c104435,Кирилл Панин,+7 (952) 014-39-41,user104435@example.ru,Казань,01.09.2024
c103955,Наталья Савельев,+7 (939) 308-14-62,user103955@example.ru,Екатеринбург,30.10.2024
c100691,Лидия Савельев,+7 (980) 965-19-88,user100691@example.ru,Казань,20.02.2025
c101723,Юлия Савельев,+7 (942) 915-39-01,user101723@example.ru,Красноярск,17.05.2024
c103520,Павел Нестеров,+7 (951) 870-65-22,user103520@example.ru,Екатеринбург,18.03.2026
c105843,Алиса Нестеров,+7 (964) 556-18-92,user105843@example.ru,Новосибирск,02.06.2024
c102777,Мария Лаптев,+7 (975) 770-70-68,user102777@example.ru,Красноярск,29.07.2024
c105148,Лидия Савельев,+7 (999) 730-38-63,user105148@example.ru,Москва,01.02.2026
c101080,Егор Сорокина,+7 (999) 572-51-74,user101080@example.ru,Екатеринбург,30.03.2025
c100838,Наталья Лаптев,+7 (987) 480-70-98,user100838@example.ru,Москва,25.12.2024
c103065,Павел Белых,+7 (966) 343-68-24,user103065@example.ru,Казань,08.07.2024
c105123,Глеб Мешков,+7 (964) 145-36-88,user105123@example.ru,Казань,15.03.2026
c102917,Юлия Зуева,+7 (937) 254-51-40,user102917@example.ru,Москва,04.05.2025
c106126,Анна Зуева,+7 (975) 503-77-55,user106126@example.ru,Санкт-Петербург,01.05.2026
c101435,Денис Крылов,+7 (931) 529-91-94,user101435@example.ru,Красноярск,10.05.2026
c102744,Полина Гордеев,+7 (910) 240-62-92,user102744@example.ru,Красноярск,12.07.2025
c106750,Денис Гордеев,+7 (973) 522-18-61,user106750@example.ru,Казань,06.10.2024
c103681,Глеб Панин,+7 (936) 225-96-12,user103681@example.ru,Санкт-Петербург,17.12.2024
c105416,Полина Юдина,+7 (962) 161-32-33,user105416@example.ru,Екатеринбург,06.07.2024
c106049,Максим Мешков,+7 (943) 550-12-81,user106049@example.ru,Санкт-Петербург,13.09.2024
c106033,Юлия Ермаков,+7 (948) 462-49-51,user106033@example.ru,Новосибирск,31.10.2025
c106347,Глеб Гордеев,+7 (960) 389-25-51,user106347@example.ru,Москва,07.10.2025
c105550,Алиса Ковальчук,+7 (995) 846-54-79,user105550@example.ru,Новосибирск,27.01.2024
c102463,Павел Крылов,+7 (935) 339-02-31,user102463@example.ru,Красноярск,31.08.2024
c105492,Егор Осипова,+7 (992) 129-60-40,user105492@example.ru,Москва,28.02.2026
c103454,Елена Сорокина,+7 (958) 415-37-83,user103454@example.ru,Новосибирск,08.04.2025
c104460,Мария Ермаков,+7 (994) 682-56-47,user104460@example.ru,Санкт-Петербург,03.03.2026
c102443,Наталья Панин,+7 (991) 170-18-29,user102443@example.ru,Санкт-Петербург,09.06.2025
c103290,Наталья Гордеев,+7 (976) 143-53-41,user103290@example.ru,Екатеринбург,18.12.2025
c103381,Елена Панин,+7 (922) 817-96-96,user103381@example.ru,Новосибирск,14.07.2025
c102568,Мария Шилова,+7 (985) 987-39-67,user102568@example.ru,Красноярск,27.01.2026
c101479,Кирилл Савельев,+7 (912) 121-16-32,user101479@example.ru,Санкт-Петербург,06.04.2026
c102735,Кирилл Панин,+7 (965) 673-38-67,user102735@example.ru,Казань,21.06.2024
c106204,Алиса Белых,+7 (946) 279-86-38,user106204@example.ru,Санкт-Петербург,24.05.2024
c104256,Тимур Ермаков,+7 (948) 092-12-76,user104256@example.ru,Санкт-Петербург,22.01.2025
c100273,Кирилл Тихонова,+7 (950) 152-58-55,user100273@example.ru,Москва,09.05.2026
c105375,Тимур Панин,+7 (923) 720-71-60,user105375@example.ru,Москва,04.10.2025
c100493,Алиса Сорокина,+7 (967) 275-39-06,user100493@example.ru,Санкт-Петербург,30.07.2025
c104472,Юлия Шилова,+7 (946) 643-53-75,user104472@example.ru,Новосибирск,19.01.2024
c104629,Полина Тихонова,+7 (983) 812-05-72,user104629@example.ru,Казань,08.03.2025
c106381,Алиса Шилова,+7 (986) 040-24-28,user106381@example.ru,Новосибирск,24.03.2026
c101683,Лидия Гордеев,+7 (974) 695-05-27,user101683@example.ru,Казань,12.04.2026
c100564,Артур Шилова,+7 (958) 785-49-45,user100564@example.ru,Казань,03.10.2025
c102986,Максим Сорокина,+7 (918) 713-85-47,user102986@example.ru,Красноярск,20.01.2025
c101367,Артур Лаптев,+7 (910) 075-66-67,user101367@example.ru,Казань,09.10.2024
c102357,Анна Нестеров,+7 (984) 433-65-22,user102357@example.ru,Москва,11.03.2026
c104084,Юлия Мешков,+7 (987) 290-79-29,user104084@example.ru,Москва,10.11.2025
c102396,Игорь Савельев,+7 (948) 930-87-61,user102396@example.ru,Москва,03.02.2025
c103742,Наталья Тихонова,+7 (994) 389-96-90,user103742@example.ru,Екатеринбург,26.09.2024
c106318,Лидия Ермаков,+7 (928) 793-20-54,user106318@example.ru,Москва,12.04.2026
c100326,Роман Шилова,+7 (950) 608-76-78,user100326@example.ru,Красноярск,03.05.2026
c104358,Анна Лаптев,+7 (950) 141-99-23,user104358@example.ru,Екатеринбург,25.02.2024
c103524,Роман Лаптев,+7 (916) 710-63-10,user103524@example.ru,Новосибирск,28.09.2024
c103682,Павел Тихонова,+7 (963) 351-47-29,user103682@example.ru,Новосибирск,16.06.2025
c104968,Вера Лаптев,+7 (986) 012-28-30,user104968@example.ru,Казань,06.03.2024
c104918,Юлия Осипова,+7 (937) 569-89-47,user104918@example.ru,Казань,10.01.2026
c101043,Мария Юдина,+7 (986) 991-69-95,user101043@example.ru,Москва,06.01.2025
c106715,Егор Сорокина,+7 (919) 383-76-81,user106715@example.ru,Екатеринбург,09.01.2026
c106546,Глеб Сорокина,+7 (999) 674-53-58,user106546@example.ru,Красноярск,22.04.2025
c104194,Денис Нестеров,+7 (956) 487-34-33,user104194@example.ru,Москва,31.07.2025
c106775,Егор Гордеев,+7 (968) 547-68-24,user106775@example.ru,Казань,06.07.2024
c104061,Денис Сорокина,+7 (955) 496-97-00,user104061@example.ru,Санкт-Петербург,06.02.2025
c101916,Артур Крылов,+7 (991) 710-09-18,user101916@example.ru,Казань,07.03.2025
c103053,Денис Юдина,+7 (997) 157-81-50,user103053@example.ru,Екатеринбург,15.01.2025
c104774,Вера Лаптев,+7 (934) 412-80-03,user104774@example.ru,Красноярск,13.04.2024
c101460,Артур Мешков,+7 (950) 898-62-33,user101460@example.ru,Москва,26.02.2025
c102029,Павел Лаптев,+7 (950) 155-51-88,user102029@example.ru,Красноярск,23.04.2024
c102524,Юлия Сорокина,+7 (954) 852-15-30,user102524@example.ru,Казань,24.10.2024
c105188,Елена Ермаков,+7 (922) 989-38-31,user105188@example.ru,Екатеринбург,24.03.2026
c106788,Елена Зуева,+7 (955) 432-64-95,user106788@example.ru,Новосибирск,03.04.2024
c105090,Полина Ковальчук,+7 (966) 091-92-15,user105090@example.ru,Екатеринбург,04.02.2025
c100353,Юлия Сорокина,+7 (995) 090-49-42,user100353@example.ru,Москва,25.05.2025
c104785,Ольга Мешков,+7 (929) 548-98-77,user104785@example.ru,Казань,26.12.2025
c106440,Денис Савельев,+7 (932) 451-43-96,user106440@example.ru,Казань,05.03.2026
c102411,Артур Белых,+7 (925) 816-19-33,user102411@example.ru,Казань,09.05.2024
c101007,Тимур Шилова,+7 (996) 902-69-12,user101007@example.ru,Санкт-Петербург,11.09.2025
c101858,Вера Зуева,+7 (922) 824-25-14,user101858@example.ru,Санкт-Петербург,04.03.2024
c103491,Полина Юдина,+7 (948) 734-25-22,user103491@example.ru,Новосибирск,16.01.2024
c105866,Алиса Мешков,+7 (963) 058-32-34,user105866@example.ru,Новосибирск,22.10.2025
c100994,Полина Мешков,+7 (983) 064-62-59,user100994@example.ru,Красноярск,18.05.2025
c104830,Павел Зуева,+7 (972) 249-42-00,user104830@example.ru,Красноярск,22.10.2024
c106809,Егор Мешков,+7 (930) 997-11-22,user106809@example.ru,Санкт-Петербург,12.06.2026
c105819,Полина Ермаков,+7 (947) 231-28-52,user105819@example.ru,Москва,15.04.2025
c105623,Денис Мешков,+7 (985) 714-70-83,user105623@example.ru,Москва,15.04.2024
c100077,Алиса Ковальчук,+7 (912) 385-20-11,user100077@example.ru,Екатеринбург,23.01.2026
c101946,Анна Шилова,+7 (950) 790-94-01,user101946@example.ru,Красноярск,30.07.2025
c100562,Глеб Зуева,+7 (965) 182-19-21,user100562@example.ru,Новосибирск,01.02.2026
c106358,Полина Савельев,+7 (952) 023-84-86,user106358@example.ru,Новосибирск,16.08.2024
c102625,Елена Зуева,+7 (995) 378-37-88,user102625@example.ru,Екатеринбург,19.01.2026
c106445,Роман Тихонова,+7 (957) 699-62-66,user106445@example.ru,Санкт-Петербург,25.10.2025
c102129,Анна Шилова,+7 (978) 128-41-67,user102129@example.ru,Москва,15.11.2024
c106072,Юлия Крылов,+7 (992) 911-04-58,user106072@example.ru,Москва,19.02.2024
c100831,Анна Гордеев,+7 (981) 831-41-02,user100831@example.ru,Красноярск,25.06.2026
c104138,Тимур Зуева,+7 (963) 697-23-85,user104138@example.ru,Москва,27.04.2025
c104780,Максим Панин,+7 (992) 189-73-73,user104780@example.ru,Казань,17.10.2024
c100120,Елена Ковальчук,+7 (921) 640-65-23,user100120@example.ru,Казань,03.02.2025
c101204,Анна Ермаков,+7 (954) 307-17-99,user101204@example.ru,Новосибирск,01.02.2026
c102147,Игорь Нестеров,+7 (935) 266-05-38,user102147@example.ru,Красноярск,18.05.2026
c104307,Анна Зуева,+7 (929) 727-95-41,user104307@example.ru,Екатеринбург,24.09.2025
c103254,Игорь Осипова,+7 (987) 920-69-18,user103254@example.ru,Казань,15.08.2025
c105170,Лидия Лаптев,+7 (968) 425-50-74,user105170@example.ru,Санкт-Петербург,19.05.2024
c106043,Елена Шилова,+7 (915) 165-02-35,user106043@example.ru,Екатеринбург,25.07.2025
c103671,Игорь Белых,+7 (958) 291-34-53,user103671@example.ru,Казань,02.04.2024
c102567,Максим Лаптев,+7 (950) 513-36-48,user102567@example.ru,Санкт-Петербург,18.03.2025
c102936,Кирилл Панин,+7 (952) 104-51-45,user102936@example.ru,Екатеринбург,28.05.2026
c104388,Артур Юдина,+7 (914) 424-29-30,user104388@example.ru,Санкт-Петербург,22.11.2025
c106544,Полина Ковальчук,+7 (952) 940-73-20,user106544@example.ru,Москва,21.10.2024
c100412,Егор Тихонова,+7 (948) 151-84-57,user100412@example.ru,Москва,23.01.2026
c103171,Вера Савельев,+7 (925) 227-95-28,user103171@example.ru,Красноярск,27.02.2024
c102070,Павел Тихонова,+7 (958) 311-38-61,user102070@example.ru,Новосибирск,16.05.2025
c103994,Кирилл Крылов,+7 (932) 853-95-97,user103994@example.ru,Москва,30.05.2024
c103184,Павел Юдина,+7 (950) 077-12-68,user103184@example.ru,Казань,08.07.2024
c102157,Мария Ковальчук,+7 (960) 385-68-01,user102157@example.ru,Новосибирск,07.10.2025
c106240,Ольга Сорокина,+7 (922) 628-51-58,user106240@example.ru,Санкт-Петербург,28.02.2024
c102745,Мария Панин,+7 (937) 138-43-58,user102745@example.ru,Екатеринбург,29.10.2025
c106256,Елена Нестеров,+7 (912) 544-62-93,user106256@example.ru,Москва,20.01.2025
c105349,Павел Юдина,+7 (949) 015-29-30,user105349@example.ru,Москва,17.03.2025
c101593,Глеб Шилова,+7 (950) 221-25-67,user101593@example.ru,Екатеринбург,20.07.2024
c101141,Мария Гордеев,+7 (911) 878-97-56,user101141@example.ru,Санкт-Петербург,02.11.2024
c100124,Алиса Сорокина,+7 (992) 643-87-90,user100124@example.ru,Москва,16.09.2024
c101646,Игорь Ермаков,+7 (936) 821-37-73,user101646@example.ru,Екатеринбург,03.01.2026
c103602,Глеб Мешков,+7 (999) 386-55-51,user103602@example.ru,Екатеринбург,15.12.2025
c100777,Артур Савельев,+7 (950) 958-92-86,user100777@example.ru,Красноярск,27.03.2026
c104760,Игорь Юдина,+7 (960) 947-61-48,user104760@example.ru,Санкт-Петербург,15.03.2024
c104686,Ольга Крылов,+7 (930) 815-58-29,user104686@example.ru,Екатеринбург,05.06.2024
c104336,Тимур Зуева,+7 (991) 795-41-00,user104336@example.ru,Санкт-Петербург,07.09.2024
c101391,Роман Нестеров,+7 (956) 272-61-04,user101391@example.ru,Казань,27.12.2024
c100018,Максим Юдина,+7 (919) 459-66-76,user100018@example.ru,Санкт-Петербург,25.06.2024
c103350,Юлия Осипова,+7 (963) 113-12-61,user103350@example.ru,Екатеринбург,10.02.2026
c103306,Елена Гордеев,+7 (981) 682-69-16,user103306@example.ru,Санкт-Петербург,25.07.2024
c103073,Ольга Ковальчук,+7 (920) 790-92-82,user103073@example.ru,Санкт-Петербург,31.01.2025
c106483,Роман Шилова,+7 (996) 961-97-66,user106483@example.ru,Екатеринбург,15.06.2024
c106667,Максим Мешков,+7 (969) 009-29-80,user106667@example.ru,Красноярск,30.07.2024
c104457,Полина Гордеев,+7 (943) 846-58-18,user104457@example.ru,Казань,04.11.2024
c100343,Максим Савельев,+7 (936) 875-73-09,user100343@example.ru,Казань,18.07.2024
c102940,Денис Сорокина,+7 (938) 725-57-06,user102940@example.ru,Москва,09.05.2026
c103972,Наталья Мешков,+7 (941) 669-12-30,user103972@example.ru,Новосибирск,15.04.2025
c103010,Анна Белых,+7 (927) 477-06-54,user103010@example.ru,Москва,17.07.2024
c101868,Елена Лаптев,+7 (989) 141-89-13,user101868@example.ru,Москва,14.06.2025
c100787,Егор Юдина,+7 (917) 587-39-32,user100787@example.ru,Красноярск,10.06.2026
c105781,Алиса Савельев,+7 (981) 194-97-35,user105781@example.ru,Екатеринбург,02.09.2024
c104529,Игорь Савельев,+7 (975) 989-67-54,user104529@example.ru,Санкт-Петербург,29.01.2026
c101894,Полина Шилова,+7 (974) 070-00-33,user101894@example.ru,Санкт-Петербург,12.03.2026
c102486,Тимур Ковальчук,+7 (930) 262-42-61,user102486@example.ru,Красноярск,23.10.2025
c103426,Артур Тихонова,+7 (993) 120-13-28,user103426@example.ru,Санкт-Петербург,30.08.2025
c105943,Денис Ермаков,+7 (972) 350-94-52,user105943@example.ru,Казань,12.07.2024
c103651,Мария Юдина,+7 (913) 830-82-82,user103651@example.ru,Казань,23.04.2025
c102539,Наталья Лаптев,+7 (915) 416-01-73,user102539@example.ru,Новосибирск,08.05.2026
c100401,Павел Панин,+7 (942) 707-08-36,user100401@example.ru,Казань,10.05.2024
c102768,Мария Нестеров,+7 (959) 572-01-98,user102768@example.ru,Москва,08.05.2025
c102187,Лидия Тихонова,+7 (912) 313-27-64,user102187@example.ru,Новосибирск,24.11.2024
c101325,Лидия Осипова,+7 (962) 678-31-70,user101325@example.ru,Санкт-Петербург,13.10.2025
c100934,Денис Зуева,+7 (967) 815-28-54,user100934@example.ru,Новосибирск,20.06.2025
c106792,Анна Сорокина,+7 (917) 011-74-65,user106792@example.ru,Москва,01.11.2025
c103094,Вера Гордеев,+7 (958) 472-59-69,user103094@example.ru,Красноярск,01.06.2026
c106122,Ольга Нестеров,+7 (960) 901-57-43,user106122@example.ru,Красноярск,27.12.2024
c104571,Ольга Савельев,+7 (925) 403-05-64,user104571@example.ru,Новосибирск,18.08.2024
c105994,Вера Мешков,+7 (942) 658-63-07,user105994@example.ru,Красноярск,09.03.2026
c105728,Егор Панин,+7 (926) 251-19-80,user105728@example.ru,Красноярск,17.11.2025
c100746,Вера Сорокина,+7 (998) 914-26-31,user100746@example.ru,Красноярск,04.04.2026
c102391,Елена Гордеев,+7 (961) 499-42-66,user102391@example.ru,Казань,06.08.2024
c104521,Мария Савельев,+7 (927) 426-82-75,user104521@example.ru,Казань,18.03.2024
c101088,Ольга Белых,+7 (940) 230-94-75,user101088@example.ru,Казань,03.02.2024
c100494,Егор Юдина,+7 (955) 353-73-56,user100494@example.ru,Казань,28.07.2025
c102985,Ольга Мешков,+7 (953) 628-05-49,user102985@example.ru,Екатеринбург,02.05.2025
c102238,Павел Крылов,+7 (924) 519-78-96,user102238@example.ru,Санкт-Петербург,16.05.2026
c103967,Лидия Ермаков,+7 (918) 976-23-89,user103967@example.ru,Екатеринбург,03.10.2025
c101657,Полина Савельев,+7 (912) 112-92-02,user101657@example.ru,Новосибирск,10.10.2025
c102832,Игорь Юдина,+7 (914) 668-61-21,user102832@example.ru,Красноярск,14.04.2024
c103905,Вера Панин,+7 (986) 108-90-05,user103905@example.ru,Санкт-Петербург,29.11.2025
c105828,Игорь Зуева,+7 (974) 324-65-55,user105828@example.ru,Москва,11.07.2025
c100694,Денис Лаптев,+7 (921) 737-40-61,user100694@example.ru,Екатеринбург,05.02.2025
c101729,Роман Ковальчук,+7 (912) 697-08-68,user101729@example.ru,Красноярск,31.12.2025
c105052,Максим Ермаков,+7 (971) 306-76-45,user105052@example.ru,Красноярск,06.06.2024
c102646,Мария Мешков,+7 (962) 637-33-08,user102646@example.ru,Москва,09.05.2025
c105342,Игорь Шилова,+7 (997) 396-56-43,user105342@example.ru,Казань,07.08.2024
c102545,Павел Шилова,+7 (963) 229-34-22,user102545@example.ru,Новосибирск,15.01.2024
c101557,Денис Крылов,+7 (932) 629-52-09,user101557@example.ru,Москва,26.04.2025
c103873,Роман Нестеров,+7 (934) 354-62-16,user103873@example.ru,Новосибирск,23.03.2026
c102900,Артур Осипова,+7 (910) 361-69-95,user102900@example.ru,Екатеринбург,12.04.2026
c102847,Кирилл Ковальчук,+7 (949) 759-94-42,user102847@example.ru,Казань,31.05.2026
c106543,Полина Мешков,+7 (982) 499-08-14,user106543@example.ru,Москва,20.04.2025
c106622,Глеб Белых,+7 (977) 845-23-69,user106622@example.ru,Новосибирск,12.01.2024
c101918,Елена Панин,+7 (925) 982-56-58,user101918@example.ru,Санкт-Петербург,21.02.2024
c104751,Максим Мешков,+7 (997) 918-71-07,user104751@example.ru,Санкт-Петербург,24.08.2024
c105142,Лидия Юдина,+7 (995) 734-57-31,user105142@example.ru,Красноярск,02.03.2025
c106598,Елена Панин,+7 (946) 502-62-62,user106598@example.ru,Санкт-Петербург,12.05.2024
c105024,Юлия Савельев,+7 (983) 113-88-31,user105024@example.ru,Москва,12.01.2024
c102922,Денис Ковальчук,+7 (994) 354-90-96,user102922@example.ru,Казань,02.12.2025
c103233,Алиса Тихонова,+7 (997) 539-99-10,user103233@example.ru,Москва,02.07.2025
c105989,Анна Осипова,+7 (986) 949-38-38,user105989@example.ru,Санкт-Петербург,10.02.2024
c106404,Артур Зуева,+7 (917) 224-86-07,user106404@example.ru,Новосибирск,03.04.2025
c104115,Юлия Панин,+7 (921) 659-79-65,user104115@example.ru,Санкт-Петербург,23.06.2025
c105277,Алиса Савельев,+7 (956) 744-94-99,user105277@example.ru,Казань,23.12.2024
c100090,Елена Нестеров,+7 (919) 289-04-69,user100090@example.ru,Санкт-Петербург,10.01.2026
c101847,Мария Шилова,+7 (983) 514-35-70,user101847@example.ru,Новосибирск,07.02.2024
c102910,Денис Савельев,+7 (943) 700-73-81,user102910@example.ru,Казань,24.08.2024
c106147,Роман Шилова,+7 (979) 808-62-77,user106147@example.ru,Казань,27.06.2025
c102516,Глеб Осипова,+7 (928) 021-15-30,user102516@example.ru,Казань,02.10.2025
c102916,Егор Мешков,+7 (973) 755-89-23,user102916@example.ru,Красноярск,08.08.2025
c104945,Кирилл Нестеров,+7 (929) 496-27-35,user104945@example.ru,Екатеринбург,07.06.2025
c100158,Мария Мешков,+7 (966) 176-83-77,user100158@example.ru,Санкт-Петербург,08.08.2024
c103373,Наталья Мешков,+7 (973) 341-32-18,user103373@example.ru,Москва,07.04.2026
c104925,Елена Шилова,+7 (940) 813-64-18,user104925@example.ru,Новосибирск,11.04.2024
c102854,Глеб Ермаков,+7 (989) 485-10-21,user102854@example.ru,Красноярск,19.03.2025
c105563,Роман Осипова,+7 (956) 256-40-18,user105563@example.ru,Новосибирск,21.04.2024
c100410,Полина Савельев,+7 (997) 419-95-30,user100410@example.ru,Москва,14.01.2024
c103553,Лидия Сорокина,+7 (990) 302-79-88,user103553@example.ru,Екатеринбург,29.06.2026
c102059,Тимур Мешков,+7 (923) 124-18-21,user102059@example.ru,Санкт-Петербург,11.02.2024
c100734,Ольга Нестеров,+7 (948) 976-25-08,user100734@example.ru,Красноярск,21.04.2025
c101953,Елена Зуева,+7 (980) 726-99-71,user101953@example.ru,Екатеринбург,28.06.2025
c102445,Полина Крылов,+7 (981) 006-85-99,user102445@example.ru,Екатеринбург,30.12.2024
c100017,Алиса Тихонова,+7 (974) 188-75-48,user100017@example.ru,Москва,19.10.2025
c104735,Игорь Лаптев,+7 (990) 850-06-58,user104735@example.ru,Красноярск,29.02.2024
c100420,Тимур Осипова,+7 (922) 508-31-74,user100420@example.ru,Новосибирск,21.04.2026
c105886,Мария Зуева,+7 (951) 148-94-10,user105886@example.ru,Казань,11.08.2025
c105168,Алиса Белых,+7 (934) 103-34-13,user105168@example.ru,Казань,12.12.2024
c104152,Вера Шилова,+7 (954) 856-96-89,user104152@example.ru,Екатеринбург,30.03.2024
c106449,Тимур Мешков,+7 (994) 931-02-93,user106449@example.ru,Екатеринбург,18.09.2025
c100965,Ольга Мешков,+7 (948) 182-65-70,user100965@example.ru,Казань,16.07.2025
c105639,Игорь Крылов,+7 (991) 382-59-68,user105639@example.ru,Казань,30.01.2026
c105434,Максим Юдина,+7 (985) 559-49-87,user105434@example.ru,Красноярск,18.08.2025
c103228,Денис Савельев,+7 (919) 529-18-60,user103228@example.ru,Казань,26.03.2024
c101594,Анна Лаптев,+7 (994) 363-20-48,user101594@example.ru,Казань,18.07.2024
c105080,Юлия Нестеров,+7 (976) 808-96-86,user105080@example.ru,Москва,03.07.2024
c102828,Анна Крылов,+7 (976) 695-81-89,user102828@example.ru,Санкт-Петербург,22.07.2025
c101392,Глеб Осипова,+7 (930) 511-72-96,user101392@example.ru,Москва,11.08.2025
c104263,Егор Панин,+7 (960) 475-06-93,user104263@example.ru,Новосибирск,10.10.2024
c106401,Игорь Юдина,+7 (932) 833-08-30,user106401@example.ru,Санкт-Петербург,10.03.2025
c101601,Максим Крылов,+7 (925) 720-10-09,user101601@example.ru,Москва,14.09.2024
c102981,Мария Ковальчук,+7 (920) 569-48-64,user102981@example.ru,Казань,11.03.2024
c106202,Тимур Ермаков,+7 (966) 925-25-50,user106202@example.ru,Красноярск,07.07.2024
c102790,Роман Панин,+7 (927) 514-96-09,user102790@example.ru,Красноярск,13.02.2026
c105356,Денис Ермаков,+7 (912) 195-23-31,user105356@example.ru,Казань,14.02.2026
c101065,Максим Шилова,+7 (974) 416-60-44,user101065@example.ru,Новосибирск,06.03.2025
c104803,Анна Панин,+7 (992) 983-81-44,user104803@example.ru,Екатеринбург,28.06.2026
c100930,Полина Ермаков,+7 (980) 957-07-64,user100930@example.ru,Казань,24.01.2025
c103012,Вера Юдина,+7 (956) 457-53-24,user103012@example.ru,Красноярск,24.09.2025
c100270,Артур Сорокина,+7 (955) 570-68-54,user100270@example.ru,Казань,02.11.2024
c101898,Мария Мешков,+7 (999) 724-29-30,user101898@example.ru,Санкт-Петербург,25.02.2024
c100766,Полина Савельев,+7 (998) 750-50-21,user100766@example.ru,Екатеринбург,31.10.2025
c100812,Денис Лаптев,+7 (934) 247-53-01,user100812@example.ru,Санкт-Петербург,22.10.2024
c101119,Лидия Крылов,+7 (991) 054-58-51,user101119@example.ru,Санкт-Петербург,28.12.2025
c102869,Елена Осипова,+7 (972) 638-69-35,user102869@example.ru,Красноярск,30.08.2025
c105960,Артур Белых,+7 (963) 629-26-70,user105960@example.ru,Казань,23.06.2024
c104400,Анна Крылов,+7 (933) 419-67-70,user104400@example.ru,Санкт-Петербург,01.07.2025
c104763,Артур Ермаков,+7 (986) 329-17-19,user104763@example.ru,Санкт-Петербург,09.05.2026
c102688,Алиса Мешков,+7 (971) 174-81-77,user102688@example.ru,Казань,10.04.2024
c104873,Анна Мешков,+7 (988) 853-54-19,user104873@example.ru,Москва,09.08.2025
c103778,Роман Зуева,+7 (929) 325-60-51,user103778@example.ru,Казань,28.08.2025
c106195,Полина Ермаков,+7 (956) 995-49-23,user106195@example.ru,Красноярск,05.12.2024
c100216,Наталья Мешков,+7 (924) 197-25-03,user100216@example.ru,Москва,17.08.2025
c105078,Денис Сорокина,+7 (954) 991-86-40,user105078@example.ru,Москва,15.02.2024
c104176,Лидия Сорокина,+7 (998) 300-68-21,user104176@example.ru,Москва,09.08.2024
c105327,Ольга Юдина,+7 (943) 960-18-61,user105327@example.ru,Новосибирск,07.05.2025
c105369,Лидия Нестеров,+7 (967) 383-07-08,user105369@example.ru,Новосибирск,27.10.2024
c103082,Полина Шилова,+7 (975) 211-11-49,user103082@example.ru,Казань,28.04.2026
c105121,Роман Зуева,+7 (987) 182-33-41,user105121@example.ru,Новосибирск,30.09.2025
c101358,Юлия Гордеев,+7 (958) 354-33-56,user101358@example.ru,Красноярск,30.03.2024
c100172,Елена Крылов,+7 (940) 502-11-45,user100172@example.ru,Казань,31.08.2024
c106529,Елена Осипова,+7 (976) 843-83-15,user106529@example.ru,Казань,01.06.2024
c103718,Денис Савельев,+7 (950) 557-39-01,user103718@example.ru,Москва,07.03.2026
c101543,Алиса Крылов,+7 (966) 261-63-48,user101543@example.ru,Казань,21.03.2026
c103421,Мария Юдина,+7 (916) 115-94-33,user103421@example.ru,Новосибирск,15.06.2026
c105408,Юлия Ермаков,+7 (924) 135-01-14,user105408@example.ru,Екатеринбург,03.03.2025
c104733,Алиса Ермаков,+7 (917) 617-29-78,user104733@example.ru,Санкт-Петербург,06.04.2024
c103315,Роман Сорокина,+7 (930) 200-62-94,user103315@example.ru,Москва,31.07.2025
c102776,Лидия Ермаков,+7 (953) 495-95-85,user102776@example.ru,Казань,05.04.2026
c102117,Наталья Савельев,+7 (982) 172-46-26,user102117@example.ru,Санкт-Петербург,31.05.2026
c104843,Елена Лаптев,+7 (996) 835-65-47,user104843@example.ru,Казань,14.09.2025
c104583,Павел Ковальчук,+7 (958) 602-14-64,user104583@example.ru,Новосибирск,03.02.2026
c102620,Тимур Сорокина,+7 (952) 044-60-75,user102620@example.ru,Новосибирск,13.09.2025
c104560,Денис Осипова,+7 (964) 113-64-07,user104560@example.ru,Красноярск,09.12.2025
c104093,Тимур Юдина,+7 (961) 875-62-68,user104093@example.ru,Москва,18.03.2024
