client_id,full_name,fio,phone,email,city,created_at,last_order_at,total_spent
c100915,Вера Тихонова,,+79654483433,user100915@example.ru,Красноярск,,2026-05-07,145459
c103311,Максим Савельев,,+79839699568,user103311@example.ru,Москва,,2026-06-18,158943
c106652,Глеб Осипов,,+79284301639,user106652@example.ru,Москва,,2026-05-02,165874
c100058,,Елена Гордеева,+7 (960) 990-12-27,user100058@example.ru,С.-Петербург,22.03.2024,,
c92076,,Елена Лаптева,+7 (949) 423-56-22,user92076@example.ru,Екатеринбург,15.06.2025,,
c91047,,Мария Сорокина,+7 (948) 490-80-26,user91047@example.ru,Казань,22.01.2026,,
c100005,Ольга Савельева,,+79842157351,user100005@example.ru,Красноярск,,2026-06-21,113269
c106077,Елена Гордеева,,+79837747050,user106077@example.ru,Москва,,2026-01-11,101162
c90286,,Мария Юдина,+7 (969) 253-98-78,user90286@example.ru,Красноярск,01.09.2025,,
c101991,Егор Савельев,,+79989387270,user101991@example.ru,Новосибирск,,2026-04-09,147045
c90185,,Лидия Шилова,+7 (943) 160-03-50,user90185@example.ru,Москва,27.06.2026,,
c91840,,Роман Нестеров,+7 (980) 542-13-35,user91840@example.ru,С.-Петербург,22.07.2024,,
c105420,Лидия Лаптева,,+79569000015,user105420@example.ru,Новосибирск,,2026-06-21,65146
c92203,,Глеб Крылов,+7 (931) 573-26-41,user92203@example.ru,Новосибирск,12.12.2025,,
c102824,Роман Савельев,,+79615633365,user102824@example.ru,Санкт-Петербург,,2026-06-15,62768
c100469,Роман Шилов,,+79738199432,user100469@example.ru,Екатеринбург,,2026-01-27,4850
c102138,Роман Юдин,,+79371390047,user102138@example.ru,Екатеринбург,,2026-06-10,109197
c92147,,Денис Мешков,+7 (983) 087-90-81,user92147@example.ru,С.-Петербург,23.03.2025,,
c105428,Игорь Юдин,,+79181475810,user105428@example.ru,Екатеринбург,,2026-07-01,67191
c105171,,Тимур Сорокин,+7 (946) 786-43-07,user105171@example.ru,Новосибирск,11.04.2025,,
c101110,Наталья Сорокина,,+79943521075,user101110@example.ru,Красноярск,,2026-07-04,173155
c106885,Мария Зуева,,+79828627882,user106885@example.ru,Казань,,2026-08-10,81073
c106060,,Егор Лаптев,+7 (942) 657-20-96,user106060@example.ru,С.-Петербург,20.04.2026,,
c90909,,Артур Белых,+7 (966) 672-05-92,user90909@example.ru,Екатеринбург,12.02.2025,,
c100848,Анна Зуева,,+79957951418,user100848@example.ru,Санкт-Петербург,,2026-01-15,158227
c103142,Кирилл Тихонов,,+79522326612,user103142@example.ru,Казань,,2026-09-09,77618
c91698,,Юлия Ермакова,+7 (942) 876-61-25,user91698@example.ru,Красноярск,29.06.2026,,
c104082,Елена Тихонова,,+79320228419,user104082@example.ru,Казань,,2026-06-09,128169
c90055,,Алиса Осипова,+7 (983) 697-99-34,user90055@example.ru,Новосибирск,09.05.2025,,
c103608,,Тимур Сорокин,+7 (951) 276-65-06,user103608@example.ru,Москва,19.01.2024,,
c104007,Павел Сорокин,,+79932637740,user104007@example.ru,Красноярск,,2026-08-18,19939
c106552,Алиса Нестерова,,+79525952680,user106552@example.ru,Казань,,2026-09-09,141496
c100927,Роман Сорокин,,+79949177448,user100927@example.ru,Новосибирск,,2026-08-05,57972
c103879,Кирилл Белых,,+79553791031,user103879@example.ru,Новосибирск,,2026-08-17,97813
c106021,Лидия Панина,,+79261789852,user106021@example.ru,Санкт-Петербург,,2026-08-24,123572
c101554,,Кирилл Ермаков,+7 (922) 244-30-56,user101554@example.ru,С.-Петербург,23.01.2026,,
c106750,Полина Зуева,,+79499694581,user106750@example.ru,Казань,,2026-09-08,167813
c105260,Павел Савельев,,+79226767119,user105260@example.ru,Красноярск,,2026-06-15,119494
c92352,,Егор Крылов,+7 (976) 104-80-49,user92352@example.ru,Красноярск,15.06.2024,,
c106768,Кирилл Панин,,+79722501220,user106768@example.ru,Екатеринбург,,2026-01-15,177652
c103716,Анна Ковальчук,,+79413249340,user103716@example.ru,Екатеринбург,,2026-07-23,107905
c105309,,Юлия Панина,+7 (999) 728-22-61,user105309@example.ru,Красноярск,29.04.2024,,
c90932,,Лидия Гордеева,+7 (983) 958-47-31,user90932@example.ru,Екатеринбург,27.10.2024,,
c103715,Лидия Ковальчук,,+79978133796,user103715@example.ru,Казань,,2026-05-14,128138
c102389,Вера Юдина,,+79198029195,user102389@example.ru,Санкт-Петербург,,2026-03-16,160553
c101570,Егор Нестеров,,+79302383065,user101570@example.ru,Москва,,2026-08-29,116576
c102412,Егор Ковальчук,,+79502443649,user102412@example.ru,Санкт-Петербург,,2026-02-23,167374
c106593,Ольга Крылова,,+79147386226,user106593@example.ru,Екатеринбург,,2026-03-23,83728
c102785,Денис Сорокин,,+79176359428,user102785@example.ru,Казань,,2026-02-05,130969
c103040,,Павел Лаптев,+7 (929) 238-34-85,user103040@example.ru,Красноярск,04.10.2024,,
c102605,Лидия Ермакова,,+79397354488,user102605@example.ru,Красноярск,,2026-04-09,104504
c101125,Роман Нестеров,,+79941877633,user101125@example.ru,Новосибирск,,2026-02-20,36459
c104966,Кирилл Юдин,,+79818644714,user104966@example.ru,Екатеринбург,,2026-07-06,170132
c103607,Тимур Панин,,+79130860497,user103607@example.ru,Казань,,2026-06-24,21803
c105042,Лидия Мешкова,,+79729930253,user105042@example.ru,Новосибирск,,2026-04-25,36751
c102272,Игорь Крылов,,+79958522293,user102272@example.ru,Красноярск,,2026-03-20,55413
c104661,Глеб Крылов,,+79389626304,user104661@example.ru,Новосибирск,,2026-09-09,124944
c105937,Максим Панин,,+79614165779,user105937@example.ru,Новосибирск,,2026-01-24,134698
c91235,,Игорь Нестеров,+7 (935) 105-29-91,user91235@example.ru,Новосибирск,28.03.2026,,
c102533,Анна Юдина,,+79676226662,user102533@example.ru,Красноярск,,2026-03-27,31902
c104605,Павел Тихонов,,+79878267805,user104605@example.ru,Красноярск,,2026-01-13,59544
c105396,,Ольга Сорокина,+7 (978) 155-93-32,user105396@example.ru,С.-Петербург,24.04.2024,,
c90418,,Максим Ковальчук,+7 (942) 821-17-07,user90418@example.ru,Красноярск,08.02.2024,,
c101777,Анна Савельева,,+79325938367,user101777@example.ru,Казань,,2026-04-18,28889
c90651,,Тимур Зуев,+7 (970) 169-73-38,user90651@example.ru,Красноярск,10.09.2025,,
c91950,,Алиса Лаптева,+7 (913) 586-27-33,user91950@example.ru,С.-Петербург,25.06.2024,,
c102790,Анна Сорокина,,+79995160669,user102790@example.ru,Екатеринбург,,2026-04-09,98785
c106760,,Егор Панин,+7 (951) 156-05-31,user106760@example.ru,Новосибирск,29.04.2024,,
c90547,,Игорь Панин,+7 (990) 647-44-50,user90547@example.ru,С.-Петербург,22.10.2024,,
c104768,Мария Юдина,,+79717918116,user104768@example.ru,Москва,,2026-08-23,65242
c100846,Ольга Сорокина,,+79643171648,user100846@example.ru,Казань,,2026-05-25,59514
c90992,,Полина Лаптева,+7 (926) 918-83-47,user90992@example.ru,Красноярск,12.01.2025,,
c100080,Алиса Шилова,,+79433255275,user100080@example.ru,Санкт-Петербург,,2026-02-09,25834
c104682,Юлия Панина,,+79721983093,user104682@example.ru,Красноярск,,2026-06-14,40568
c101880,Ольга Савельева,,+79374937382,user101880@example.ru,Москва,,2026-05-26,21031
c101386,Ольга Савельева,,+79177605610,user101386@example.ru,Красноярск,,2026-02-10,17379
c106254,Кирилл Ермаков,,+79415195166,user106254@example.ru,Красноярск,,2026-05-23,148394
c101739,Наталья Осипова,,+79571744068,user101739@example.ru,Красноярск,,2026-04-02,125724
c106853,Елена Мешкова,,+79806113405,user106853@example.ru,Новосибирск,,2026-06-15,6105
c101470,Павел Ермаков,,+79589372680,user101470@example.ru,Новосибирск,,2026-07-25,153136
c104923,Павел Гордеев,,+79929811223,user104923@example.ru,Санкт-Петербург,,2026-07-16,163993
c102225,,Полина Лаптева,+7 (984) 663-77-96,user102225@example.ru,С.-Петербург,01.03.2025,,
c103065,Алиса Ермакова,,+79893730504,user103065@example.ru,Казань,,2026-07-09,60331
c104832,Егор Осипов,,+79140964444,user104832@example.ru,Санкт-Петербург,,2026-01-26,92237
c101396,Наталья Юдина,,+79306832244,user101396@example.ru,Екатеринбург,,2026-04-09,25272
c102229,Игорь Тихонов,,+79505256357,user102229@example.ru,Екатеринбург,,2026-08-29,33366
c104074,Анна Белых,,+79609318202,user104074@example.ru,Санкт-Петербург,,2026-07-29,171406
c100464,Тимур Савельев,,+79973403261,user100464@example.ru,Екатеринбург,,2026-05-13,92901
c92086,,Кирилл Ермаков,+7 (965) 245-15-12,user92086@example.ru,Новосибирск,28.02.2025,,
c106224,Кирилл Белых,,+79188613368,user106224@example.ru,Казань,,2026-06-21,132836
c102469,Анна Гордеева,,+79426015963,user102469@example.ru,Казань,,2026-02-03,164767
c90583,,Игорь Панин,+7 (988) 798-18-24,user90583@example.ru,Новосибирск,06.09.2024,,
c102122,Наталья Крылова,,+79341581781,user102122@example.ru,Екатеринбург,,2026-05-19,3266
c104167,Ольга Крылова,,+79697857542,user104167@example.ru,Красноярск,,2026-04-03,52571
c106215,Елена Шилова,,+79784572244,user106215@example.ru,Красноярск,,2026-01-25,81479
c102842,Артур Мешков,,+79412476852,user102842@example.ru,Екатеринбург,,2026-01-21,129570
c91319,,Егор Тихонов,+7 (974) 686-22-06,user91319@example.ru,Москва,14.01.2025,,
c100793,Тимур Зуев,,+79759541882,user100793@example.ru,Санкт-Петербург,,2026-09-06,157637
c100773,Игорь Мешков,,+79704214546,user100773@example.ru,Екатеринбург,,2026-01-14,105498
c102092,Лидия Тихонова,,+79737677905,user102092@example.ru,Новосибирск,,2026-01-29,171973
c102674,,Павел Ковальчук,+7 (985) 558-57-75,user102674@example.ru,Казань,30.05.2025,,
c104098,Максим Шилов,,+79912757580,user104098@example.ru,Санкт-Петербург,,2026-07-23,101896
c100179,Анна Гордеева,,+79729454981,user100179@example.ru,Новосибирск,,2026-03-26,149593
c90942,,Наталья Мешкова,+7 (983) 476-26-82,user90942@example.ru,Екатеринбург,30.06.2026,,
c92443,,Елена Осипова,+7 (995) 054-18-04,user92443@example.ru,Красноярск,31.01.2024,,
c105742,Анна Крылова,,+79874999717,user105742@example.ru,Казань,,2026-08-19,2692
c104733,Вера Савельева,,+79332940061,user104733@example.ru,Новосибирск,,2026-01-23,116128
c90591,,Глеб Юдин,+7 (935) 196-01-77,user90591@example.ru,Красноярск,26.05.2026,,
c105523,Роман Осипов,,+79296110619,user105523@example.ru,Москва,,2026-09-06,53281
c91017,,Анна Белых,+7 (996) 559-00-58,user91017@example.ru,Красноярск,29.10.2025,,
c105975,Игорь Гордеев,,+79689000588,user105975@example.ru,Санкт-Петербург,,2026-08-09,113383
c104906,,Денис Ермаков,+7 (960) 053-35-88,user104906@example.ru,Казань,31.07.2024,,
c106089,Вера Крылова,,+79588775090,user106089@example.ru,Екатеринбург,,2026-01-13,81671
c91342,,Игорь Ковальчук,+7 (915) 647-94-88,user91342@example.ru,Москва,01.02.2025,,
c91796,,Кирилл Зуев,+7 (978) 623-59-03,user91796@example.ru,Казань,30.03.2025,,
c106148,Тимур Гордеев,,+79939366893,user106148@example.ru,Новосибирск,,2026-01-08,176951
c90054,,Тимур Ковальчук,+7 (951) 772-06-33,user90054@example.ru,Красноярск,12.06.2026,,
c103707,Роман Панин,,+79693322867,user103707@example.ru,Москва,,2026-02-23,90372
c103179,,Павел Юдин,+7 (982) 142-44-46,user103179@example.ru,Новосибирск,27.04.2025,,
c104770,Полина Зуева,,+79687867318,user104770@example.ru,Санкт-Петербург,,2026-01-18,17712
c103883,Вера Шилова,,+79712197144,user103883@example.ru,Москва,,2026-04-23,35315
c100273,Егор Осипов,,+79156444600,user100273@example.ru,Новосибирск,,2026-08-03,7521
c105746,Артур Нестеров,,+79232566489,user105746@example.ru,Санкт-Петербург,,2026-05-25,32582
c91484,,Роман Осипов,+7 (964) 141-22-27,user91484@example.ru,Новосибирск,13.10.2025,,
c101147,Игорь Шилов,,+79860882433,user101147@example.ru,Москва,,2026-08-01,139500
c90578,,Ольга Юдина,+7 (981) 595-63-17,user90578@example.ru,Москва,19.02.2025,,
c103890,Павел Панин,,+79461292060,user103890@example.ru,Казань,,2026-04-23,40304
c106249,Павел Крылов,,+79951053166,user106249@example.ru,Екатеринбург,,2026-05-04,89637
c101566,,Игорь Гордеев,+7 (918) 178-48-47,user101566@example.ru,Красноярск,13.01.2025,,
c104997,Наталья Шилова,,+79871359430,user104997@example.ru,Казань,,2026-08-17,175989
c104083,Алиса Нестерова,,+79853617969,user104083@example.ru,Красноярск,,2026-05-25,175636
c100678,,Мария Сорокина,+7 (967) 345-23-45,user100678@example.ru,С.-Петербург,16.04.2024,,
c104294,Лидия Тихонова,,+79544828592,user104294@example.ru,Новосибирск,,2026-02-17,79440
c105591,Тимур Нестеров,,+79297964712,user105591@example.ru,Красноярск,,2026-07-14,103487
c106175,Вера Гордеева,,+79391857991,user106175@example.ru,Новосибирск,,2026-04-26,154898
c90848,,Алиса Белых,+7 (918) 933-78-32,user90848@example.ru,Казань,30.01.2024,,
c90352,,Максим Белых,+7 (937) 067-00-49,user90352@example.ru,Москва,16.01.2024,,
c100529,Глеб Осипов,,+79251710646,user100529@example.ru,Красноярск,,2026-09-02,17729
c90887,,Ольга Юдина,+7 (947) 633-64-21,user90887@example.ru,Казань,02.04.2024,,
c101409,,Глеб Сорокин,+7 (941) 560-48-57,user101409@example.ru,Красноярск,01.04.2024,,
c90425,,Роман Ермаков,+7 (982) 748-41-50,user90425@example.ru,Москва,24.04.2024,,
c91139,,Ольга Савельева,+7 (960) 888-85-08,user91139@example.ru,Екатеринбург,14.03.2025,,
c102313,Кирилл Шилов,,+79374407880,user102313@example.ru,Санкт-Петербург,,2026-08-27,135100
c105183,Глеб Осипов,,+79664621302,user105183@example.ru,Москва,,2026-04-20,157458
c91797,,Кирилл Тихонов,+7 (939) 951-18-21,user91797@example.ru,Казань,13.01.2024,,
c104789,Кирилл Сорокин,,+79652351451,user104789@example.ru,Новосибирск,,2026-04-21,14352
c91032,,Полина Гордеева,+7 (937) 571-02-15,user91032@example.ru,Екатеринбург,25.02.2026,,
c105244,Максим Крылов,,+79860057009,user105244@example.ru,Москва,,2026-04-06,175854
c101706,Наталья Мешкова,,+79130838774,user101706@example.ru,Санкт-Петербург,,2026-08-18,179674
c105941,Елена Сорокина,,+79615782161,user105941@example.ru,Екатеринбург,,2026-03-28,8192
c102429,,Анна Осипова,+7 (955) 068-83-89,user102429@example.ru,Казань,15.01.2025,,
c103559,Кирилл Тихонов,,+79592117138,user103559@example.ru,Санкт-Петербург,,2026-05-13,171803
c102539,Елена Белых,,+79462895634,user102539@example.ru,Красноярск,,2026-07-14,102566
c101769,,Максим Лаптев,+7 (943) 015-76-13,user101769@example.ru,С.-Петербург,23.06.2025,,
c91356,,Роман Зуев,+7 (916) 822-55-55,user91356@example.ru,Красноярск,16.02.2026,,
c100010,Павел Ермаков,,+79861886813,user100010@example.ru,Санкт-Петербург,,2026-06-09,3032
c104293,Наталья Белых,,+79980531356,user104293@example.ru,Москва,,2026-01-27,7488
c91833,,Игорь Крылов,+7 (945) 741-19-46,user91833@example.ru,Казань,09.05.2025,,
c105887,Артур Юдин,,+79188949227,user105887@example.ru,Красноярск,,2026-08-04,159892
c91152,,Кирилл Осипов,+7 (987) 707-65-16,user91152@example.ru,Красноярск,04.11.2024,,
c103805,Вера Осипова,,+79587727058,user103805@example.ru,Санкт-Петербург,,2026-05-24,162341
c92248,,Вера Панина,+7 (971) 414-96-47,user92248@example.ru,Красноярск,24.06.2025,,
c105403,Елена Нестерова,,+79630409159,user105403@example.ru,Новосибирск,,2026-09-02,55138
c92379,,Ольга Нестерова,+7 (915) 270-00-58,user92379@example.ru,Москва,09.02.2025,,
c106717,Павел Белых,,+79216873769,user106717@example.ru,Санкт-Петербург,,2026-01-25,131999
c104391,Наталья Ермакова,,+79466897195,user104391@example.ru,Казань,,2026-05-22,119467
c102930,,Артур Зуев,+7 (958) 971-10-16,user102930@example.ru,Красноярск,10.05.2026,,
c100343,Лидия Гордеева,,+79996737492,user100343@example.ru,Казань,,2026-04-29,143308
c103953,Максим Мешков,,+79766553831,user103953@example.ru,Екатеринбург,,2026-03-03,161666
c103021,Мария Ермакова,,+79922168153,user103021@example.ru,Москва,,2026-05-10,77307
c104764,Лидия Лаптева,,+79986404966,user104764@example.ru,Новосибирск,,2026-02-20,143707
c103317,Артур Юдин,,+79486586347,user103317@example.ru,Екатеринбург,,2026-05-20,138153
c100188,Глеб Панин,,+79861205598,user100188@example.ru,Новосибирск,,2026-04-15,136860
c91099,,Юлия Лаптева,+7 (947) 177-03-93,user91099@example.ru,Москва,13.02.2026,,
c106752,Павел Савельев,,+79756757654,user106752@example.ru,Казань,,2026-05-08,143495
c90488,,Тимур Ковальчук,+7 (934) 766-09-45,user90488@example.ru,Красноярск,26.06.2024,,
c103407,Анна Шилова,,+79438337949,user103407@example.ru,Москва,,2026-05-19,7386
c103976,Полина Осипова,,+79154679931,user103976@example.ru,Санкт-Петербург,,2026-08-24,80217
c105287,Павел Шилов,,+79178534050,user105287@example.ru,Казань,,2026-07-20,91468
c91977,,Мария Ковальчук,+7 (946) 360-80-39,user91977@example.ru,Москва,19.04.2024,,
c92215,,Максим Ермаков,+7 (971) 678-68-44,user92215@example.ru,Москва,25.04.2025,,
c104445,Роман Белых,,+79737919072,user104445@example.ru,Казань,,2026-07-31,77801
c91761,,Игорь Панин,+7 (930) 465-48-61,user91761@example.ru,Красноярск,28.04.2025,,
c103262,Ольга Панина,,+79689123348,user103262@example.ru,Казань,,2026-03-02,23110
c102344,Глеб Крылов,,+79622841191,user102344@example.ru,Новосибирск,,2026-08-23,152957
c105918,Кирилл Лаптев,,+79157367009,user105918@example.ru,Казань,,2026-07-28,69145
c103962,,Максим Тихонов,+7 (939) 213-48-49,user103962@example.ru,Казань,07.10.2025,,
c106777,Максим Савельев,,+79751195380,user106777@example.ru,Казань,,2026-05-05,93341
c104568,Глеб Ковальчук,,+79855643580,user104568@example.ru,Красноярск,,2026-08-01,151280
c100833,Денис Сорокин,,+79658582845,user100833@example.ru,Новосибирск,,2026-09-09,23566
c102547,Роман Осипов,,+79132483139,user102547@example.ru,Казань,,2026-04-24,152303
c91600,,Анна Ковальчук,+7 (999) 422-14-14,user91600@example.ru,Москва,07.01.2025,,
c91565,,Игорь Нестеров,+7 (992) 433-03-08,user91565@example.ru,С.-Петербург,30.01.2025,,
c92420,,Полина Сорокина,+7 (944) 027-79-77,user92420@example.ru,Москва,22.03.2025,,
c101847,Егор Тихонов,,+79145850435,user101847@example.ru,Екатеринбург,,2026-06-15,18590
c106239,Юлия Панина,,+79401749014,user106239@example.ru,Екатеринбург,,2026-06-29,101877
c106866,,Егор Юдин,+7 (956) 605-42-00,user106866@example.ru,Казань,12.03.2026,,
c100366,Анна Ермакова,,+79328729807,user100366@example.ru,Красноярск,,2026-05-19,172931
c106348,Максим Сорокин,,+79118559490,user106348@example.ru,Санкт-Петербург,,2026-09-02,65083
c104430,Ольга Зуева,,+79975660718,user104430@example.ru,Казань,,2026-08-23,164902
c103808,Ольга Белых,,+79821018152,user103808@example.ru,Красноярск,,2026-07-21,47069
c103218,Мария Нестерова,,+79363439034,user103218@example.ru,Новосибирск,,2026-05-04,146732
c103036,Кирилл Белых,,+79615998222,user103036@example.ru,Новосибирск,,2026-04-14,103656
c90032,,Полина Ковальчук,+7 (913) 590-06-18,user90032@example.ru,Казань,31.08.2025,,
c90234,,Кирилл Крылов,+7 (938) 431-54-07,user90234@example.ru,Красноярск,12.04.2025,,
c91004,,Юлия Мешкова,+7 (990) 481-10-48,user91004@example.ru,Екатеринбург,25.10.2025,,
c100210,Егор Сорокин,,+79938733487,user100210@example.ru,Новосибирск,,2026-06-22,153579
c101122,Павел Зуев,,+79344378980,user101122@example.ru,Казань,,2026-02-21,134336
c91199,,Тимур Савельев,+7 (919) 270-98-88,user91199@example.ru,Москва,09.11.2025,,
c90737,,Кирилл Зуев,+7 (934) 877-31-73,user90737@example.ru,Казань,17.04.2026,,
c91330,,Вера Сорокина,+7 (926) 858-58-74,user91330@example.ru,Екатеринбург,06.06.2025,,
c106320,Артур Савельев,,+79309043000,user106320@example.ru,Казань,,2026-03-09,38891
c104419,Лидия Шилова,,+79894230536,user104419@example.ru,Санкт-Петербург,,2026-03-19,169998
c100046,Артур Сорокин,,+79931418805,user100046@example.ru,Санкт-Петербург,,2026-08-13,75112
c90659,,Кирилл Панин,+7 (972) 919-17-29,user90659@example.ru,Красноярск,19.05.2025,,
c104796,Мария Ермакова,,+79948472239,user104796@example.ru,Красноярск,,2026-04-07,150820
c102536,Глеб Панин,,+79232922724,user102536@example.ru,Красноярск,,2026-07-08,28024
c100361,Анна Сорокина,,+79935390366,user100361@example.ru,Екатеринбург,,2026-07-29,113988
c100500,Алиса Осипова,,+79864227081,user100500@example.ru,Казань,,2026-01-30,130161
c106659,Егор Савельев,,+79932165425,user106659@example.ru,Екатеринбург,,2026-01-21,158564
c104560,Елена Шилова,,+79723572535,user104560@example.ru,Екатеринбург,,2026-07-01,121572
c102360,,Денис Осипов,+7 (923) 292-34-41,user102360@example.ru,Москва,29.06.2024,,
c103947,Юлия Панина,,+79276783949,user103947@example.ru,Екатеринбург,,2026-06-15,36817
c106166,Лидия Мешкова,,+79269408774,user106166@example.ru,Санкт-Петербург,,2026-07-15,28987
c103977,Павел Тихонов,,+79411994493,user103977@example.ru,Москва,,2026-05-09,137306
c100737,Наталья Юдина,,+79963324835,user100737@example.ru,Красноярск,,2026-02-23,46008
c91011,,Кирилл Крылов,+7 (962) 355-63-56,user91011@example.ru,С.-Петербург,02.02.2025,,
c101805,Денис Гордеев,,+79250949875,user101805@example.ru,Новосибирск,,2026-09-06,170624
c105935,Полина Ермакова,,+79304387438,user105935@example.ru,Красноярск,,2026-08-10,133765
c105868,Егор Сорокин,,+79853413493,user105868@example.ru,Новосибирск,,2026-08-20,96624
c102060,Наталья Нестерова,,+79490066729,user102060@example.ru,Казань,,2026-05-10,154841
c102088,Алиса Лаптева,,+79160496474,user102088@example.ru,Санкт-Петербург,,2026-09-04,17180
c106197,Егор Панин,,+79264926622,user106197@example.ru,Новосибирск,,2026-07-05,11809
c90562,,Тимур Савельев,+7 (995) 331-52-57,user90562@example.ru,Екатеринбург,18.04.2026,,
c104249,Полина Юдина,,+79344981834,user104249@example.ru,Новосибирск,,2026-08-14,154075
c90413,,Тимур Зуев,+7 (994) 891-01-37,user90413@example.ru,С.-Петербург,12.01.2024,,
c101676,Полина Гордеева,,+79418220154,user101676@example.ru,Москва,,2026-08-24,167928
c91718,,Роман Савельев,+7 (971) 744-51-11,user91718@example.ru,Екатеринбург,23.12.2025,,
c100653,Анна Лаптева,,+79519270358,user100653@example.ru,Екатеринбург,,2026-05-04,139511
c101853,,Павел Зуев,+7 (991) 175-00-27,user101853@example.ru,Казань,30.10.2025,,
c102739,Денис Крылов,,+79946885289,user102739@example.ru,Екатеринбург,,2026-07-20,72068
c103670,Мария Сорокина,,+79212424022,user103670@example.ru,Санкт-Петербург,,2026-03-04,156654
c92388,,Лидия Осипова,+7 (965) 019-13-58,user92388@example.ru,Екатеринбург,18.07.2025,,
c102310,Денис Панин,,+79281096222,user102310@example.ru,Санкт-Петербург,,2026-05-03,141945
c91469,,Артур Панин,+7 (998) 209-76-06,user91469@example.ru,Екатеринбург,09.07.2024,,
c101767,,Наталья Лаптева,+7 (955) 504-84-53,user101767@example.ru,Казань,24.04.2024,,
c101869,Наталья Осипова,,+79322919985,user101869@example.ru,Москва,,2026-07-01,103549
c105398,Павел Гордеев,,+79444883301,user105398@example.ru,Казань,,2026-06-01,76597
c102517,Анна Нестерова,,+79900865160,user102517@example.ru,Москва,,2026-07-11,134131
c103386,Мария Сорокина,,+79989121890,user103386@example.ru,Новосибирск,,2026-03-02,112261
c103093,Анна Юдина,,+79203710216,user103093@example.ru,Екатеринбург,,2026-03-18,151277
c106568,Юлия Тихонова,,+79236954353,user106568@example.ru,Новосибирск,,2026-07-05,10598
c101573,Максим Зуев,,+79947496152,user101573@example.ru,Екатеринбург,,2026-03-21,103565
c90665,,Полина Панина,+7 (990) 342-27-43,user90665@example.ru,Новосибирск,10.11.2025,,
c103375,Тимур Ковальчук,,+79529327672,user103375@example.ru,Москва,,2026-05-04,41670
c91665,,Вера Панина,+7 (990) 091-80-01,user91665@example.ru,Москва,19.03.2026,,
c101075,Артур Крылов,,+79707510677,user101075@example.ru,Красноярск,,2026-02-17,125891
c90336,,Наталья Тихонова,+7 (932) 026-43-00,user90336@example.ru,Новосибирск,15.06.2026,,
c105616,Елена Савельева,,+79735806585,user105616@example.ru,Москва,,2026-03-10,117941
c103169,Юлия Гордеева,,+79712163912,user103169@example.ru,Санкт-Петербург,,2026-09-01,27676
c100723,Игорь Мешков,,+79209076051,user100723@example.ru,Санкт-Петербург,,2026-03-11,170018
c100320,Лидия Шилова,,+79783401202,user100320@example.ru,Москва,,2026-09-11,174134
c105369,,Денис Юдин,+7 (969) 510-84-02,user105369@example.ru,С.-Петербург,17.11.2024,,
c100883,Глеб Ковальчук,,+79104499331,user100883@example.ru,Санкт-Петербург,,2026-07-12,69832
c102359,Максим Ермаков,,+79278393965,user102359@example.ru,Красноярск,,2026-02-01,107855
c90486,,Кирилл Панин,+7 (927) 418-35-01,user90486@example.ru,Екатеринбург,05.12.2024,,
c100318,Денис Крылов,,+79542761129,user100318@example.ru,Новосибирск,,2026-03-25,159395
c105390,,Кирилл Лаптев,+7 (929) 307-19-08,user105390@example.ru,Новосибирск,28.02.2024,,
c102988,Тимур Белых,,+79614606986,user102988@example.ru,Санкт-Петербург,,2026-02-01,43306
c90463,,Юлия Осипова,+7 (991) 275-55-70,user90463@example.ru,Новосибирск,19.09.2025,,
c103147,Елена Сорокина,,+79550266126,user103147@example.ru,Казань,,2026-02-19,35425
c102103,Тимур Сорокин,,+79910838503,user102103@example.ru,Казань,,2026-03-06,139950
c103742,Тимур Тихонов,,+79775519342,user103742@example.ru,Санкт-Петербург,,2026-05-12,126389
c103111,Полина Юдина,,+79804398481,user103111@example.ru,Москва,,2026-03-23,105443
c103496,Роман Гордеев,,+79528774704,user103496@example.ru,Санкт-Петербург,,2026-04-04,14246
c91683,,Анна Тихонова,+7 (962) 282-43-11,user91683@example.ru,Москва,12.10.2025,,
c104423,Тимур Осипов,,+79247671635,user104423@example.ru,Екатеринбург,,2026-02-25,152382
c105107,Павел Нестеров,,+79889026743,user105107@example.ru,Красноярск,,2026-08-31,65270
c104671,,Максим Сорокин,+7 (954) 980-38-58,user104671@example.ru,С.-Петербург,08.06.2025,,
c105931,Анна Шилова,,+79750091817,user105931@example.ru,Красноярск,,2026-06-07,168472
c105798,Роман Панин,,+79668266033,user105798@example.ru,Санкт-Петербург,,2026-09-07,45492
c104620,Артур Зуев,,+79961277575,user104620@example.ru,Казань,,2026-03-30,1371
c91384,,Наталья Шилова,+7 (960) 151-13-59,user91384@example.ru,Новосибирск,11.11.2025,,
c105581,Вера Панина,,+79871154767,user105581@example.ru,Казань,,2026-03-28,15450
c90097,,Егор Панин,+7 (975) 431-38-27,user90097@example.ru,Новосибирск,30.05.2025,,
c103038,Наталья Гордеева,,+79282654025,user103038@example.ru,Екатеринбург,,2026-03-18,13313
c100420,Игорь Сорокин,,+79355642574,user100420@example.ru,Екатеринбург,,2026-07-22,153257
c100445,Глеб Крылов,,+79646509058,user100445@example.ru,Казань,,2026-06-12,152662
c104466,,Роман Зуев,+7 (938) 610-82-57,user104466@example.ru,С.-Петербург,08.06.2026,,
c102900,Ольга Зуева,,+79462832934,user102900@example.ru,Новосибирск,,2026-09-01,174697
c101437,Лидия Шилова,,+79948956626,user101437@example.ru,Казань,,2026-05-13,17740
c91506,,Егор Савельев,+7 (966) 646-43-54,user91506@example.ru,Казань,26.04.2026,,
c101243,Егор Сорокин,,+79400898400,user101243@example.ru,Казань,,2026-02-06,42536
c104118,Полина Тихонова,,+79638848550,user104118@example.ru,Москва,,2026-02-03,58127
c91544,,Егор Нестеров,+7 (943) 528-18-38,user91544@example.ru,С.-Петербург,19.04.2026,,
c90432,,Лидия Шилова,+7 (993) 251-65-17,user90432@example.ru,Красноярск,25.10.2025,,
c106550,Елена Мешкова,,+79627015348,user106550@example.ru,Новосибирск,,2026-06-30,49501
c100920,Мария Ермакова,,+79987503953,user100920@example.ru,Казань,,2026-05-28,63902
c106060,Лидия Шилова,,+79865007868,user106060@example.ru,Казань,,2026-03-11,156507
c105419,Артур Мешков,,+79855242769,user105419@example.ru,Екатеринбург,,2026-09-03,171879
c106477,Кирилл Мешков,,+79374792865,user106477@example.ru,Красноярск,,2026-09-05,32327
c102399,,Кирилл Гордеев,+7 (994) 132-76-29,user102399@example.ru,Красноярск,29.05.2024,,
c105096,Павел Мешков,,+79502429641,user105096@example.ru,Казань,,2026-07-07,169888
c104808,Денис Ермаков,,+79186524360,user104808@example.ru,Москва,,2026-05-04,53285
c101717,Наталья Нестерова,,+79110623279,user101717@example.ru,Екатеринбург,,2026-09-02,153966
c92067,,Лидия Шилова,+7 (977) 290-91-93,user92067@example.ru,Казань,20.09.2024,,
c91316,,Артур Нестеров,+7 (935) 373-75-48,user91316@example.ru,Красноярск,17.07.2025,,
c104231,Егор Ковальчук,,+79532699988,user104231@example.ru,Москва,,2026-03-04,167469
c106473,Игорь Сорокин,,+79882764056,user106473@example.ru,Екатеринбург,,2026-07-02,115187
c102212,Игорь Сорокин,,+79752451751,user102212@example.ru,Санкт-Петербург,,2026-08-01,74316
c101066,Анна Нестерова,,+79401419505,user101066@example.ru,Санкт-Петербург,,2026-04-16,63747
c100985,,Максим Белых,+7 (927) 473-07-23,user100985@example.ru,С.-Петербург,19.07.2024,,
c105001,Игорь Мешков,,+79287740547,user105001@example.ru,Екатеринбург,,2026-01-14,45478
c106790,Кирилл Юдин,,+79818314698,user106790@example.ru,Казань,,2026-07-26,107444
c91918,,Алиса Савельева,+7 (976) 809-98-94,user91918@example.ru,Казань,28.03.2026,,
c104308,Алиса Юдина,,+79728254310,user104308@example.ru,Красноярск,,2026-02-23,95868
c90641,,Алиса Ермакова,+7 (949) 594-40-89,user90641@example.ru,С.-Петербург,11.12.2024,,
c105104,Денис Юдин,,+79106898458,user105104@example.ru,Москва,,2026-09-03,121082
c102837,Павел Белых,,+79486344107,user102837@example.ru,Новосибирск,,2026-06-05,145122
c102048,Алиса Крылова,,+79361770899,user102048@example.ru,Санкт-Петербург,,2026-02-15,95981
c90151,,Ольга Шилова,+7 (924) 252-49-95,user90151@example.ru,С.-Петербург,30.12.2025,,
c90384,,Егор Зуев,+7 (990) 192-80-08,user90384@example.ru,Казань,22.08.2025,,
c106785,Алиса Лаптева,,+79877718293,user106785@example.ru,Екатеринбург,,2026-06-07,39685
c106042,,Юлия Мешкова,+7 (966) 145-89-65,user106042@example.ru,Новосибирск,02.10.2025,,
c91385,,Денис Мешков,+7 (985) 591-16-55,user91385@example.ru,Казань,07.02.2024,,
c100457,,Наталья Шилова,+7 (944) 050-31-42,user100457@example.ru,Екатеринбург,27.05.2026,,
c101255,,Ольга Сорокина,+7 (915) 930-77-09,user101255@example.ru,Екатеринбург,08.01.2026,,
c100523,Максим Сорокин,,+79522081522,user100523@example.ru,Казань,,2026-03-23,35936
c102880,Лидия Гордеева,,+79666225449,user102880@example.ru,Красноярск,,2026-01-28,119345
c101109,Кирилл Белых,,+79599616256,user101109@example.ru,Москва,,2026-04-10,147819
c106281,Тимур Савельев,,+79127521031,user106281@example.ru,Екатеринбург,,2026-02-08,153885
c105377,Кирилл Крылов,,+79216154594,user105377@example.ru,Казань,,2026-05-09,31170
c106402,Павел Савельев,,+79729817641,user106402@example.ru,Москва,,2026-03-13,61324
c92372,,Анна Крылова,+7 (994) 753-94-05,user92372@example.ru,Екатеринбург,19.02.2026,,
c90152,,Алиса Савельева,+7 (977) 144-07-92,user90152@example.ru,Казань,25.04.2025,,
c103349,Денис Нестеров,,+79298927518,user103349@example.ru,Санкт-Петербург,,2026-08-10,76332
c104356,Кирилл Осипов,,+79751717060,user104356@example.ru,Новосибирск,,2026-01-05,95842
c92096,,Роман Юдин,+7 (977) 129-86-27,user92096@example.ru,Екатеринбург,09.02.2025,,
c103734,Ольга Панина,,+79962886465,user103734@example.ru,Санкт-Петербург,,2026-08-14,83963
c100994,Мария Белых,,+79947225010,user100994@example.ru,Екатеринбург,,2026-07-24,20387
c104501,Тимур Ермаков,,+79304483947,user104501@example.ru,Екатеринбург,,2026-06-14,18859
c91150,,Наталья Юдина,+7 (923) 238-45-45,user91150@example.ru,Новосибирск,10.08.2025,,
c104488,Артур Юдин,,+79989988292,user104488@example.ru,Екатеринбург,,2026-02-08,91479
c101860,Кирилл Сорокин,,+79992653627,user101860@example.ru,Москва,,2026-08-05,24818
c91440,,Вера Савельева,+7 (969) 669-27-05,user91440@example.ru,С.-Петербург,12.05.2024,,
c105735,Роман Крылов,,+79112023995,user105735@example.ru,Новосибирск,,2026-05-23,171476
c106751,Глеб Ермаков,,+79960960771,user106751@example.ru,Москва,,2026-06-30,16957
c103543,Наталья Белых,,+79755331545,user103543@example.ru,Санкт-Петербург,,2026-07-07,179696
c103295,Роман Зуев,,+79741603414,user103295@example.ru,Санкт-Петербург,,2026-08-08,36640
c105715,Глеб Осипов,,+79710468998,user105715@example.ru,Екатеринбург,,2026-01-04,173486
c102920,Лидия Ермакова,,+79885395096,user102920@example.ru,Казань,,2026-08-10,171527
c101635,Елена Шилова,,+79669821517,user101635@example.ru,Новосибирск,,2026-02-04,172593
c104698,Вера Ковальчук,,+79955616324,user104698@example.ru,Екатеринбург,,2026-04-12,171588
c101189,Денис Тихонов,,+79289475922,user101189@example.ru,Екатеринбург,,2026-02-22,60943
c102681,Егор Тихонов,,+79540006268,user102681@example.ru,Новосибирск,,2026-03-30,155377
c91248,,Анна Ковальчук,+7 (974) 922-72-18,user91248@example.ru,Екатеринбург,13.06.2024,,
c101157,Кирилл Крылов,,+79204237196,user101157@example.ru,Казань,,2026-07-18,45923
c90290,,Вера Шилова,+7 (911) 545-93-63,user90290@example.ru,С.-Петербург,13.03.2025,,
c100525,Игорь Шилов,,+79641467483,user100525@example.ru,Екатеринбург,,2026-02-07,167412
c92327,,Павел Шилов,+7 (997) 394-70-71,user92327@example.ru,С.-Петербург,26.03.2026,,
c100733,Юлия Нестерова,,+79212840409,user100733@example.ru,Казань,,2026-08-31,107953
c100082,Мария Осипова,,+79692087534,user100082@example.ru,Санкт-Петербург,,2026-09-07,125877
c104901,Анна Сорокина,,+79589178726,user104901@example.ru,Москва,,2026-07-22,71492
c104181,Лидия Тихонова,,+79990228483,user104181@example.ru,Москва,,2026-04-17,116211
c103390,Вера Крылова,,+79612898179,user103390@example.ru,Екатеринбург,,2026-01-05,88413
c105789,Глеб Крылов,,+79299093283,user105789@example.ru,Новосибирск,,2026-03-21,173719
c102485,Павел Зуев,,+79287533331,user102485@example.ru,Казань,,2026-02-11,172711
c91645,,Тимур Панин,+7 (987) 541-49-80,user91645@example.ru,Красноярск,06.01.2026,,
c101619,Наталья Савельева,,+79229591913,user101619@example.ru,Екатеринбург,,2026-04-05,43144
c90375,,Денис Ковальчук,+7 (966) 681-56-15,user90375@example.ru,Новосибирск,23.12.2025,,
c92125,,Игорь Сорокин,+7 (920) 155-42-03,user92125@example.ru,Казань,26.12.2024,,
c106380,Мария Гордеева,,+79716860131,user106380@example.ru,Москва,,2026-08-29,123789
c106390,Елена Ермакова,,+79941281670,user106390@example.ru,Новосибирск,,2026-02-04,64560
c104541,Мария Юдина,,+79745868233,user104541@example.ru,Казань,,2026-08-13,78148
c102259,,Тимур Сорокин,+7 (942) 080-56-62,user102259@example.ru,С.-Петербург,05.03.2025,,
c101285,Елена Мешкова,,+79737925179,user101285@example.ru,Красноярск,,2026-02-23,165921
c101611,Тимур Ермаков,,+79320899960,user101611@example.ru,Екатеринбург,,2026-03-08,39721
c100906,Ольга Савельева,,+79224914481,user100906@example.ru,Новосибирск,,2026-06-08,102263
c102252,Глеб Савельев,,+79957354360,user102252@example.ru,Новосибирск,,2026-03-23,74578
c101605,Лидия Гордеева,,+79418590660,user101605@example.ru,Санкт-Петербург,,2026-03-31,13397
c100341,Мария Юдина,,+79486212137,user100341@example.ru,Санкт-Петербург,,2026-02-08,20646
c92313,,Денис Панин,+7 (910) 096-39-59,user92313@example.ru,Новосибирск,08.04.2025,,
c105337,Максим Мешков,,+79589239559,user105337@example.ru,Казань,,2026-06-04,28225
c101261,Тимур Зуев,,+79666993689,user101261@example.ru,Красноярск,,2026-08-01,102903
c102758,Глеб Крылов,,+79540232817,user102758@example.ru,Казань,,2026-05-31,175005
c103578,Елена Нестерова,,+79438913017,user103578@example.ru,Красноярск,,2026-05-12,59378
c102365,Глеб Ермаков,,+79289072369,user102365@example.ru,Москва,,2026-06-04,12673
c92246,,Ольга Белых,+7 (911) 038-55-51,user92246@example.ru,Москва,02.10.2025,,
c106612,Игорь Мешков,,+79537543670,user106612@example.ru,Москва,,2026-01-07,24747
c92280,,Анна Белых,+7 (931) 353-24-25,user92280@example.ru,Москва,14.12.2024,,
c106600,Алиса Савельева,,+79296519165,user106600@example.ru,Новосибирск,,2026-02-02,11239
c100411,Максим Крылов,,+79697190958,user100411@example.ru,Санкт-Петербург,,2026-06-06,96279
c104633,Тимур Гордеев,,+79874477673,user104633@example.ru,Казань,,2026-04-21,67554
c100599,Мария Нестерова,,+79116150171,user100599@example.ru,Санкт-Петербург,,2026-04-03,89651
c104665,Артур Сорокин,,+79228670810,user104665@example.ru,Санкт-Петербург,,2026-04-10,23878
c106815,Егор Сорокин,,+79303658876,user106815@example.ru,Новосибирск,,2026-03-02,172513
c90808,,Кирилл Осипов,+7 (914) 448-34-51,user90808@example.ru,Москва,24.02.2026,,
c104033,Вера Гордеева,,+79510557800,user104033@example.ru,Москва,,2026-04-25,122311
c102356,Павел Савельев,,+79596692244,user102356@example.ru,Екатеринбург,,2026-07-02,166074
c103404,Анна Тихонова,,+79140584147,user103404@example.ru,Санкт-Петербург,,2026-03-08,20812
c103960,Тимур Савельев,,+79890469324,user103960@example.ru,Москва,,2026-07-27,33561
c91224,,Павел Савельев,+7 (965) 040-10-99,user91224@example.ru,Новосибирск,31.10.2025,,
c100118,Артур Мешков,,+79373047892,user100118@example.ru,Красноярск,,2026-07-18,146121
c91213,,Юлия Шилова,+7 (954) 333-97-15,user91213@example.ru,Красноярск,05.09.2025,,
c90872,,Игорь Мешков,+7 (957) 283-73-12,user90872@example.ru,С.-Петербург,11.11.2024,,
c91267,,Максим Крылов,+7 (969) 966-20-39,user91267@example.ru,Екатеринбург,06.06.2024,,
c105178,Анна Савельева,,+79914126950,user105178@example.ru,Новосибирск,,2026-04-06,107110
c90561,,Вера Нестерова,+7 (944) 305-82-09,user90561@example.ru,Красноярск,30.08.2025,,
c91582,,Тимур Юдин,+7 (942) 780-08-04,user91582@example.ru,Красноярск,06.03.2025,,
c91922,,Елена Ковальчук,+7 (910) 274-39-52,user91922@example.ru,Красноярск,09.07.2024,,
c91264,,Егор Панин,+7 (977) 179-18-17,user91264@example.ru,Красноярск,16.04.2026,,
c103391,Елена Лаптева,,+79564884517,user103391@example.ru,Санкт-Петербург,,2026-08-03,92556
c101119,Максим Ермаков,,+79439863410,user101119@example.ru,Москва,,2026-04-18,174212
c104340,Лидия Сорокина,,+79826222235,user104340@example.ru,Новосибирск,,2026-05-29,99347
c104851,Денис Панин,,+79568364048,user104851@example.ru,Новосибирск,,2026-08-09,109372
c100847,Ольга Гордеева,,+79921076984,user100847@example.ru,Екатеринбург,,2026-02-15,69738
c101765,Вера Сорокина,,+79563490328,user101765@example.ru,Новосибирск,,2026-03-11,7297
c105383,Денис Нестеров,,+79637791377,user105383@example.ru,Новосибирск,,2026-08-15,15049
c105583,Артур Осипов,,+79323946671,user105583@example.ru,Красноярск,,2026-01-12,90713
c90868,,Егор Зуев,+7 (972) 512-25-00,user90868@example.ru,Москва,13.06.2024,,
c101369,Вера Гордеева,,+79184739844,user101369@example.ru,Новосибирск,,2026-02-05,40145
c102295,Наталья Мешкова,,+79977184620,user102295@example.ru,Москва,,2026-02-26,176965
c103028,Ольга Нестерова,,+79258265743,user103028@example.ru,Новосибирск,,2026-06-25,117826
c105530,Лидия Белых,,+79881667121,user105530@example.ru,Москва,,2026-02-22,66099
c105241,,Мария Нестерова,+7 (953) 970-04-85,user105241@example.ru,Красноярск,27.03.2025,,
c102572,Ольга Зуева,,+79962580171,user102572@example.ru,Екатеринбург,,2026-04-29,15978
c90018,,Лидия Панина,+7 (936) 397-04-88,user90018@example.ru,Казань,22.02.2025,,
c90310,,Юлия Белых,+7 (963) 207-43-73,user90310@example.ru,С.-Петербург,30.12.2024,,
c102112,Наталья Ермакова,,+79474896128,user102112@example.ru,Красноярск,,2026-06-11,169134
c90299,,Максим Зуев,+7 (928) 712-70-97,user90299@example.ru,С.-Петербург,25.06.2025,,
c105423,Тимур Шилов,,+79884125729,user105423@example.ru,Красноярск,,2026-01-21,175751
c102022,Павел Тихонов,,+79165361934,user102022@example.ru,Санкт-Петербург,,2026-06-28,53264
c91705,,Павел Крылов,+7 (997) 474-06-00,user91705@example.ru,С.-Петербург,17.06.2025,,
c103601,Павел Ермаков,,+79482496240,user103601@example.ru,Санкт-Петербург,,2026-06-27,6649
c106587,Анна Зуева,,+79581830193,user106587@example.ru,Москва,,2026-06-09,167623
c91281,,Егор Савельев,+7 (926) 033-07-85,user91281@example.ru,Екатеринбург,08.10.2024,,
c91482,,Глеб Ковальчук,+7 (950) 775-48-65,user91482@example.ru,Екатеринбург,16.03.2026,,
c90780,,Полина Шилова,+7 (984) 287-32-62,user90780@example.ru,С.-Петербург,15.06.2026,,
c105109,Глеб Сорокин,,+79771327076,user105109@example.ru,Красноярск,,2026-06-16,133337
c101716,Юлия Тихонова,,+79131242270,user101716@example.ru,Москва,,2026-01-09,135579
c105255,Денис Шилов,,+79296210841,user105255@example.ru,Красноярск,,2026-08-13,149884
c92271,,Роман Гордеев,+7 (976) 749-74-99,user92271@example.ru,Новосибирск,30.09.2024,,
c100922,Юлия Шилова,,+79780541306,user100922@example.ru,Санкт-Петербург,,2026-06-04,108521
c102590,Елена Крылова,,+79128888721,user102590@example.ru,Санкт-Петербург,,2026-03-10,81243
c103594,Денис Савельев,,+79144188826,user103594@example.ru,Санкт-Петербург,,2026-04-11,77320
c103729,Наталья Юдина,,+79990933329,user103729@example.ru,Санкт-Петербург,,2026-08-20,94669
c101192,,Ольга Тихонова,+7 (971) 913-18-70,user101192@example.ru,Казань,15.05.2026,,
c101752,,Наталья Сорокина,+7 (957) 398-06-90,user101752@example.ru,Новосибирск,28.10.2024,,
c101962,Тимур Гордеев,,+79832342847,user101962@example.ru,Москва,,2026-09-02,85746
c103884,Денис Сорокин,,+79878606612,user103884@example.ru,Екатеринбург,,2026-06-07,93367
c90264,,Тимур Савельев,+7 (911) 906-43-92,user90264@example.ru,Москва,11.02.2024,,
c103202,Кирилл Зуев,,+79614672335,user103202@example.ru,Казань,,2026-02-07,51774
c91876,,Ольга Мешкова,+7 (975) 541-56-93,user91876@example.ru,Новосибирск,30.01.2026,,
c106521,Игорь Белых,,+79941103178,user106521@example.ru,Москва,,2026-07-08,112580
c104773,Наталья Лаптева,,+79955496172,user104773@example.ru,Екатеринбург,,2026-07-29,134643
c102275,Павел Мешков,,+79561844479,user102275@example.ru,Москва,,2026-06-24,3695
c100189,,Ольга Лаптева,+7 (999) 523-72-73,user100189@example.ru,С.-Петербург,31.12.2024,,
c101359,Ольга Зуева,,+79345827200,user101359@example.ru,Екатеринбург,,2026-05-10,108214
c106810,Ольга Панина,,+79263195003,user106810@example.ru,Москва,,2026-04-11,88297
c106465,Тимур Лаптев,,+79755785911,user106465@example.ru,Екатеринбург,,2026-08-20,2423
c100592,,Ольга Зуева,+7 (952) 947-33-61,user100592@example.ru,Екатеринбург,01.06.2025,,
c90781,,Артур Ермаков,+7 (918) 745-29-25,user90781@example.ru,Екатеринбург,03.07.2024,,
c106195,Елена Сорокина,,+79705260364,user106195@example.ru,Казань,,2026-07-23,61925
c90218,,Лидия Осипова,+7 (999) 780-11-75,user90218@example.ru,Казань,21.08.2025,,
c91212,,Юлия Панина,+7 (978) 574-67-04,user91212@example.ru,С.-Петербург,27.04.2026,,
c102460,Глеб Осипов,,+79168417483,user102460@example.ru,Новосибирск,,2026-07-06,170644
c102815,Глеб Гордеев,,+79841230230,user102815@example.ru,Москва,,2026-07-16,127425
c103104,Егор Панин,,+79771064862,user103104@example.ru,Екатеринбург,,2026-03-04,100304
c104218,Денис Гордеев,,+79247781156,user104218@example.ru,Москва,,2026-04-02,165380
c106742,Егор Осипов,,+79172906083,user106742@example.ru,Новосибирск,,2026-07-06,155173
c91010,,Максим Белых,+7 (951) 157-50-11,user91010@example.ru,Москва,21.01.2026,,
c101444,Игорь Тихонов,,+79609737679,user101444@example.ru,Красноярск,,2026-03-10,132451
c106588,Полина Нестерова,,+79991165374,user106588@example.ru,Екатеринбург,,2026-07-22,90778
c103209,Денис Шилов,,+79968101669,user103209@example.ru,Москва,,2026-02-11,94545
c102074,Кирилл Юдин,,+79229308289,user102074@example.ru,Москва,,2026-04-26,46368
c106126,Елена Савельева,,+79111049846,user106126@example.ru,Красноярск,,2026-04-07,152724
c90973,,Глеб Лаптев,+7 (972) 231-59-42,user90973@example.ru,С.-Петербург,25.04.2025,,
c102524,Игорь Зуев,,+79993398577,user102524@example.ru,Казань,,2026-03-26,34631
c106878,Павел Гордеев,,+79605679082,user106878@example.ru,Москва,,2026-02-25,120808
c90696,,Алиса Ермакова,+7 (980) 665-41-86,user90696@example.ru,Красноярск,02.07.2024,,
c104989,Ольга Ковальчук,,+79705006111,user104989@example.ru,Красноярск,,2026-04-23,103904
c104826,Егор Лаптев,,+79980171548,user104826@example.ru,Казань,,2026-02-09,93504
c106189,Ольга Гордеева,,+79897257424,user106189@example.ru,Казань,,2026-05-25,20744
c105164,Егор Осипов,,+79795569154,user105164@example.ru,Красноярск,,2026-05-30,2123
c100043,Ольга Панина,,+79211894015,user100043@example.ru,Екатеринбург,,2026-04-29,144126
c104478,Елена Тихонова,,+79852465479,user104478@example.ru,Екатеринбург,,2026-03-06,48141
c92454,,Елена Белых,+7 (971) 870-54-42,user92454@example.ru,Казань,26.11.2025,,
c103364,Анна Шилова,,+79677093446,user103364@example.ru,Москва,,2026-02-03,158799
c105803,Павел Ковальчук,,+79717935531,user105803@example.ru,Новосибирск,,2026-08-27,2740
c102716,,Кирилл Нестеров,+7 (942) 469-47-89,user102716@example.ru,Москва,26.02.2025,,
c100488,Алиса Юдина,,+79514253821,user100488@example.ru,Новосибирск,,2026-08-19,84713
c103536,,Денис Лаптев,+7 (920) 083-21-86,user103536@example.ru,Красноярск,10.05.2025,,
c103606,Максим Шилов,,+79577566814,user103606@example.ru,Москва,,2026-02-16,12353
c91695,,Тимур Савельев,+7 (956) 918-30-66,user91695@example.ru,Новосибирск,05.06.2024,,
c100700,Алиса Ермакова,,+79647044110,user100700@example.ru,Новосибирск,,2026-08-17,114618
c90782,,Тимур Ковальчук,+7 (964) 020-89-12,user90782@example.ru,Красноярск,15.02.2024,,
c91822,,Глеб Ермаков,+7 (918) 952-21-56,user91822@example.ru,Красноярск,01.09.2024,,
c91387,,Вера Гордеева,+7 (963) 369-19-25,user91387@example.ru,Казань,21.04.2025,,
c91568,,Алиса Белых,+7 (956) 283-85-58,user91568@example.ru,Екатеринбург,03.05.2026,,
c90492,,Алиса Ермакова,+7 (980) 714-17-06,user90492@example.ru,Новосибирск,15.04.2026,,
c102991,Максим Осипов,,+79570457954,user102991@example.ru,Новосибирск,,2026-07-15,46321
c103300,Глеб Савельев,,+79615545081,user103300@example.ru,Екатеринбург,,2026-02-17,147683
c103820,Мария Савельева,,+79604255952,user103820@example.ru,Красноярск,,2026-07-05,96695
c105059,Полина Панина,,+79984400470,user105059@example.ru,Екатеринбург,,2026-09-03,28213
c103581,Анна Тихонова,,+79309362446,user103581@example.ru,Санкт-Петербург,,2026-03-26,19572
c102831,Ольга Ковальчук,,+79759658700,user102831@example.ru,Санкт-Петербург,,2026-08-17,44163
c101057,,Тимур Панин,+7 (971) 278-61-47,user101057@example.ru,Москва,08.02.2024,,
c102207,Максим Сорокин,,+79751510248,user102207@example.ru,Красноярск,,2026-02-14,11574
c105203,Роман Савельев,,+79856401364,user105203@example.ru,Екатеринбург,,2026-01-27,146850
c105513,Елена Гордеева,,+79354064887,user105513@example.ru,Красноярск,,2026-03-10,168580
c101297,Денис Тихонов,,+79785153578,user101297@example.ru,Екатеринбург,,2026-05-30,112073
c105670,Анна Шилова,,+79870038747,user105670@example.ru,Санкт-Петербург,,2026-05-24,17323
c104891,Наталья Ковальчук,,+79464609793,user104891@example.ru,Красноярск,,2026-01-31,46594
c105132,Вера Лаптева,,+79778923469,user105132@example.ru,Красноярск,,2026-02-27,12535
c102011,Анна Шилова,,+79634100524,user102011@example.ru,Екатеринбург,,2026-04-16,1997
c91815,,Егор Панин,+7 (928) 789-95-81,user91815@example.ru,Красноярск,21.04.2026,,
c106335,Кирилл Зуев,,+79782157409,user106335@example.ru,Красноярск,,2026-04-25,99129
c103284,,Ольга Сорокина,+7 (941) 512-65-60,user103284@example.ru,Екатеринбург,08.03.2026,,
c90303,,Вера Мешкова,+7 (984) 456-84-19,user90303@example.ru,С.-Петербург,30.03.2024,,
c101705,Полина Савельева,,+79914661950,user101705@example.ru,Санкт-Петербург,,2026-06-17,4244
c91610,,Алиса Белых,+7 (949) 086-27-70,user91610@example.ru,Екатеринбург,06.11.2024,,
c106776,Вера Тихонова,,+79225702566,user106776@example.ru,Екатеринбург,,2026-04-01,172808
c106367,Наталья Нестерова,,+79189304111,user106367@example.ru,Новосибирск,,2026-08-02,173206
c100288,Елена Белых,,+79616310241,user100288@example.ru,Санкт-Петербург,,2026-08-13,65992
c90415,,Игорь Нестеров,+7 (916) 859-64-74,user90415@example.ru,Казань,07.01.2026,,
c101321,Роман Ковальчук,,+79821760010,user101321@example.ru,Новосибирск,,2026-02-03,129144
c90003,,Лидия Савельева,+7 (925) 756-33-26,user90003@example.ru,Казань,26.01.2026,,
c104041,Роман Лаптев,,+79627506939,user104041@example.ru,Новосибирск,,2026-06-04,43761
c104427,Максим Шилов,,+79860554740,user104427@example.ru,Екатеринбург,,2026-08-27,85119
c106268,Егор Лаптев,,+79513672319,user106268@example.ru,Красноярск,,2026-05-29,140071
c90471,,Максим Шилов,+7 (916) 542-28-23,user90471@example.ru,Казань,27.09.2024,,
c103291,Полина Гордеева,,+79217085803,user103291@example.ru,Екатеринбург,,2026-05-10,85667
c92132,,Анна Шилова,+7 (940) 975-43-57,user92132@example.ru,Екатеринбург,21.03.2026,,
c101751,Артур Лаптев,,+79861647055,user101751@example.ru,Екатеринбург,,2026-04-14,107132
c91852,,Кирилл Ковальчук,+7 (962) 136-46-34,user91852@example.ru,Казань,03.03.2025,,
c103415,Глеб Белых,,+79794532745,user103415@example.ru,Москва,,2026-07-04,107462
c105508,,Мария Шилова,+7 (923) 421-47-86,user105508@example.ru,Казань,10.09.2024,,
c91288,,Юлия Мешкова,+7 (991) 070-04-93,user91288@example.ru,Москва,10.02.2026,,
c103864,Анна Осипова,,+79270580252,user103864@example.ru,Красноярск,,2026-04-01,149451
c101927,Елена Осипова,,+79295937855,user101927@example.ru,Казань,,2026-01-04,36503
c101173,Егор Гордеев,,+79716889580,user101173@example.ru,Новосибирск,,2026-08-28,175488
c90401,,Полина Лаптева,+7 (970) 194-82-59,user90401@example.ru,Москва,06.12.2024,,
c106302,Денис Юдин,,+79486953606,user106302@example.ru,Казань,,2026-05-09,63618
c106560,Наталья Тихонова,,+79608335181,user106560@example.ru,Казань,,2026-03-12,124148
c105696,Лидия Осипова,,+79774709187,user105696@example.ru,Санкт-Петербург,,2026-07-05,41465
c100574,Наталья Белых,,+79565024205,user100574@example.ru,Санкт-Петербург,,2026-07-23,38974
c90504,,Павел Панин,+7 (961) 594-27-21,user90504@example.ru,Красноярск,27.07.2024,,
c101292,Денис Белых,,+79945420320,user101292@example.ru,Новосибирск,,2026-08-09,43383
c92384,,Мария Тихонова,+7 (941) 554-21-09,user92384@example.ru,Красноярск,13.02.2025,,
c102431,Максим Мешков,,+79252374000,user102431@example.ru,Новосибирск,,2026-08-19,95970
c102940,Глеб Крылов,,+79946027684,user102940@example.ru,Казань,,2026-08-22,29814
c104324,Тимур Крылов,,+79571018635,user104324@example.ru,Екатеринбург,,2026-07-06,4056
c91740,,Тимур Мешков,+7 (943) 193-41-58,user91740@example.ru,Екатеринбург,11.02.2026,,
c90915,,Полина Нестерова,+7 (963) 510-29-70,user90915@example.ru,Новосибирск,10.03.2025,,
c92200,,Артур Мешков,+7 (916) 877-30-28,user92200@example.ru,Казань,03.06.2025,,
c101228,Артур Крылов,,+79646347176,user101228@example.ru,Новосибирск,,2026-02-11,48584
c91154,,Мария Мешкова,+7 (993) 010-71-41,user91154@example.ru,Москва,27.08.2024,,
c106744,Полина Нестерова,,+79215979355,user106744@example.ru,Новосибирск,,2026-06-18,165677
c104444,Денис Ковальчук,,+79115996659,user104444@example.ru,Москва,,2026-03-21,82917
c106623,Роман Крылов,,+79698674305,user106623@example.ru,Екатеринбург,,2026-06-01,140594
c100034,Алиса Белых,,+79659875351,user100034@example.ru,Казань,,2026-05-05,3912
c105113,Лидия Сорокина,,+79175147460,user105113@example.ru,Казань,,2026-05-22,58440
c101740,Лидия Осипова,,+79452158152,user101740@example.ru,Казань,,2026-08-09,23930
c103259,Анна Крылова,,+79743756876,user103259@example.ru,Екатеринбург,,2026-06-08,141756
c91221,,Роман Лаптев,+7 (966) 062-36-86,user91221@example.ru,Екатеринбург,26.09.2024,,
c91147,,Павел Юдин,+7 (991) 242-70-66,user91147@example.ru,Екатеринбург,29.10.2025,,
c104019,Денис Мешков,,+79126951474,user104019@example.ru,Новосибирск,,2026-05-12,72600
c103600,Артур Нестеров,,+79108698438,user103600@example.ru,Екатеринбург,,2026-03-27,174044
c100158,Ольга Зуева,,+79918967813,user100158@example.ru,Санкт-Петербург,,2026-06-25,111535
c106325,Вера Панина,,+79231637076,user106325@example.ru,Екатеринбург,,2026-08-11,79478
c104502,Кирилл Лаптев,,+79592727203,user104502@example.ru,Красноярск,,2026-02-05,15582
c106728,Кирилл Мешков,,+79245854529,user106728@example.ru,Казань,,2026-01-12,149275
c101602,Мария Сорокина,,+79232528589,user101602@example.ru,Красноярск,,2026-08-29,178657
c100770,Максим Юдин,,+79419866817,user100770@example.ru,Екатеринбург,,2026-01-23,153416
c92004,,Полина Гордеева,+7 (916) 527-27-31,user92004@example.ru,Москва,05.04.2026,,
c103522,Анна Мешкова,,+79538650217,user103522@example.ru,Красноярск,,2026-07-25,99263
c105442,Юлия Тихонова,,+79763343304,user105442@example.ru,Екатеринбург,,2026-07-03,24043
c105712,Наталья Ковальчук,,+79186018876,user105712@example.ru,Казань,,2026-07-16,122836
c101450,Алиса Осипова,,+79730292919,user101450@example.ru,Екатеринбург,,2026-03-29,61364
c102769,Алиса Юдина,,+79691787371,user102769@example.ru,Казань,,2026-02-08,119660
c105034,Артур Шилов,,+79597998856,user105034@example.ru,Санкт-Петербург,,2026-03-18,80509
c100795,Артур Зуев,,+79641364156,user100795@example.ru,Санкт-Петербург,,2026-04-18,151566
c103471,Артур Юдин,,+79121944450,user103471@example.ru,Казань,,2026-04-23,171055
c92425,,Роман Шилов,+7 (990) 342-24-01,user92425@example.ru,Новосибирск,31.08.2024,,
c92370,,Игорь Зуев,+7 (961) 135-00-97,user92370@example.ru,Новосибирск,15.11.2025,,
c102984,Глеб Мешков,,+79559538001,user102984@example.ru,Казань,,2026-06-21,136939
c105369,Артур Зуев,,+79221679369,user105369@example.ru,Москва,,2026-07-09,80896
c103957,,Максим Сорокин,+7 (941) 127-42-38,user103957@example.ru,Казань,11.06.2026,,
c101949,Наталья Шилова,,+79436549666,user101949@example.ru,Красноярск,,2026-05-14,172996
c100589,Анна Панина,,+79506935888,user100589@example.ru,Москва,,2026-04-07,96350
c102586,Ольга Ермакова,,+79604279232,user102586@example.ru,Екатеринбург,,2026-09-01,114024
c104368,Анна Савельева,,+79929694821,user104368@example.ru,Санкт-Петербург,,2026-06-16,45673
c104461,Елена Лаптева,,+79585683236,user104461@example.ru,Новосибирск,,2026-08-26,169516
c105927,Кирилл Гордеев,,+79361372152,user105927@example.ru,Красноярск,,2026-05-19,143129
c101328,Наталья Ковальчук,,+79449430614,user101328@example.ru,Новосибирск,,2026-08-19,89247
c100021,Вера Ермакова,,+79745412967,user100021@example.ru,Новосибирск,,2026-03-14,956
c102198,Лидия Крылова,,+79576084953,user102198@example.ru,Москва,,2026-05-05,166073
c104388,Тимур Гордеев,,+79644282305,user104388@example.ru,Казань,,2026-06-15,143776
c91086,,Ольга Панина,+7 (913) 029-57-56,user91086@example.ru,Красноярск,04.03.2024,,
c106171,Алиса Мешкова,,+79860480918,user106171@example.ru,Казань,,2026-06-16,17134
c101185,Павел Юдин,,+79833196700,user101185@example.ru,Красноярск,,2026-01-25,31243
c104316,Денис Панин,,+79481730574,user104316@example.ru,Екатеринбург,,2026-08-01,52598
c105381,Вера Савельева,,+79614853240,user105381@example.ru,Москва,,2026-01-07,145971
c106546,Лидия Лаптева,,+79746420115,user106546@example.ru,Новосибирск,,2026-04-26,60546
c104791,,Кирилл Тихонов,+7 (945) 071-47-25,user104791@example.ru,Екатеринбург,03.12.2024,,
c103024,Анна Ковальчук,,+79719613999,user103024@example.ru,Москва,,2026-05-16,90281
c101946,Игорь Зуев,,+79724062036,user101946@example.ru,Казань,,2026-07-25,156238
c106741,,Наталья Ермакова,+7 (913) 515-84-31,user106741@example.ru,Москва,18.01.2026,,
c92223,,Глеб Белых,+7 (991) 800-18-23,user92223@example.ru,Казань,05.06.2024,,
c91764,,Денис Осипов,+7 (932) 476-90-21,user91764@example.ru,Казань,11.07.2025,,
c91280,,Лидия Осипова,+7 (939) 832-66-94,user91280@example.ru,Казань,07.05.2024,,
c101561,Максим Ковальчук,,+79734948508,user101561@example.ru,Красноярск,,2026-03-15,27754
c101390,Артур Панин,,+79722170792,user101390@example.ru,Казань,,2026-04-21,83357
c101267,Денис Зуев,,+79750654444,user101267@example.ru,Красноярск,,2026-06-20,119899
c101988,Роман Нестеров,,+79278964465,user101988@example.ru,Санкт-Петербург,,2026-09-07,149978
c91101,,Артур Юдин,+7 (949) 513-29-03,user91101@example.ru,Красноярск,12.12.2025,,
c105624,Лидия Сорокина,,+79253079650,user105624@example.ru,Москва,,2026-07-26,99113
c103115,Тимур Юдин,,+79403041087,user103115@example.ru,Казань,,2026-07-16,65721
c102604,Денис Сорокин,,+79919662244,user102604@example.ru,Санкт-Петербург,,2026-03-10,59453
c104738,Юлия Осипова,,+79681676901,user104738@example.ru,Казань,,2026-04-08,66804
c100069,Ольга Белых,,+79147465045,user100069@example.ru,Красноярск,,2026-03-24,179039
c104625,Роман Мешков,,+79137896809,user104625@example.ru,Екатеринбург,,2026-08-22,104759
c106083,,Лидия Сорокина,+7 (970) 683-97-41,user106083@example.ru,Новосибирск,06.03.2024,,
c91548,,Полина Юдина,+7 (991) 750-75-51,user91548@example.ru,Новосибирск,31.10.2024,,
c102215,Денис Савельев,,+79392321766,user102215@example.ru,Казань,,2026-02-15,111612
c90354,,Роман Нестеров,+7 (916) 140-42-93,user90354@example.ru,С.-Петербург,03.01.2025,,
c103851,Алиса Шилова,,+79391240381,user103851@example.ru,Красноярск,,2026-04-19,22437
c106802,Артур Панин,,+79849951070,user106802@example.ru,Красноярск,,2026-04-30,22609
c90177,,Роман Крылов,+7 (986) 715-82-48,user90177@example.ru,Москва,13.10.2025,,
c91430,,Егор Зуев,+7 (928) 504-66-66,user91430@example.ru,Казань,03.10.2024,,
c102695,Мария Савельева,,+79830192253,user102695@example.ru,Москва,,2026-09-10,137773
c91006,,Кирилл Ковальчук,+7 (988) 429-09-05,user91006@example.ru,Екатеринбург,10.02.2024,,
c100038,Полина Зуева,,+79694595507,user100038@example.ru,Казань,,2026-08-03,33670
c100196,Егор Лаптев,,+79279887356,user100196@example.ru,Санкт-Петербург,,2026-04-17,128803
c100594,Вера Лаптева,,+79538630564,user100594@example.ru,Красноярск,,2026-01-05,71672
c100627,Глеб Крылов,,+79987170633,user100627@example.ru,Москва,,2026-07-10,44541
c101233,Наталья Панина,,+79411649947,user101233@example.ru,Казань,,2026-01-06,106598
c103763,,Игорь Мешков,+7 (979) 850-21-56,user103763@example.ru,Екатеринбург,16.08.2024,,
c103502,Лидия Лаптева,,+79135460612,user103502@example.ru,Москва,,2026-01-30,33213
c105949,Максим Осипов,,+79597613388,user105949@example.ru,Новосибирск,,2026-04-21,175474
c106678,Егор Тихонов,,+79647752861,user106678@example.ru,Красноярск,,2026-05-03,161784
c101689,,Ольга Крылова,+7 (994) 811-89-92,user101689@example.ru,Красноярск,02.12.2025,,
c104552,Мария Нестерова,,+79397107172,user104552@example.ru,Санкт-Петербург,,2026-06-11,53306
c105190,Юлия Белых,,+79585319504,user105190@example.ru,Екатеринбург,,2026-06-03,118562
c100941,Мария Лаптева,,+79893917715,user100941@example.ru,Москва,,2026-03-17,142288
c102181,,Егор Мешков,+7 (976) 044-05-82,user102181@example.ru,Екатеринбург,30.12.2024,,
c100937,Тимур Мешков,,+79525934493,user100937@example.ru,Красноярск,,2026-06-14,113935
c104718,Вера Савельева,,+79554240815,user104718@example.ru,Казань,,2026-05-08,126867
c101636,,Тимур Крылов,+7 (972) 503-60-57,user101636@example.ru,Екатеринбург,18.08.2025,,
c100781,Мария Белых,,+79366882193,user100781@example.ru,Санкт-Петербург,,2026-03-27,27293
c105691,Наталья Мешкова,,+79922643085,user105691@example.ru,Новосибирск,,2026-01-19,157804
c103371,Игорь Сорокин,,+79503447911,user103371@example.ru,Новосибирск,,2026-03-24,62920
c90809,,Павел Панин,+7 (921) 897-44-45,user90809@example.ru,Красноярск,24.03.2025,,
c105509,Павел Сорокин,,+79673126830,user105509@example.ru,Новосибирск,,2026-04-22,76445
c105697,Павел Тихонов,,+79385947989,user105697@example.ru,Екатеринбург,,2026-05-15,34857
c101768,,Роман Савельев,+7 (990) 320-22-86,user101768@example.ru,Казань,15.06.2025,,
c102083,Вера Осипова,,+79182666978,user102083@example.ru,Санкт-Петербург,,2026-05-15,153076
c101127,Анна Зуева,,+79783175835,user101127@example.ru,Красноярск,,2026-02-27,127622
c101895,Игорь Крылов,,+79897939283,user101895@example.ru,Красноярск,,2026-01-28,141629
c105146,Полина Крылова,,+79337065058,user105146@example.ru,Красноярск,,2026-05-31,81513
c91346,,Полина Юдина,+7 (973) 640-69-94,user91346@example.ru,С.-Петербург,24.04.2025,,
c105279,Глеб Тихонов,,+79820207353,user105279@example.ru,Красноярск,,2026-01-10,70965
c106352,Вера Осипова,,+79640362922,user106352@example.ru,Новосибирск,,2026-07-16,45796
c104464,Анна Осипова,,+79524288115,user104464@example.ru,Казань,,2026-05-17,165582
c103434,Лидия Тихонова,,+79461528930,user103434@example.ru,Екатеринбург,,2026-02-11,81258
c100137,Павел Шилов,,+79615642360,user100137@example.ru,Санкт-Петербург,,2026-02-01,178791
c104450,,Глеб Зуев,+7 (931) 603-74-58,user104450@example.ru,С.-Петербург,31.05.2024,,
c106291,Максим Юдин,,+79436126742,user106291@example.ru,Новосибирск,,2026-03-17,3616
c101004,Мария Шилова,,+79349956139,user101004@example.ru,Казань,,2026-09-04,82270
c106627,Артур Зуев,,+79918036271,user106627@example.ru,Казань,,2026-07-16,72084
c104470,Наталья Осипова,,+79134853484,user104470@example.ru,Екатеринбург,,2026-02-15,159645
c90045,,Роман Ермаков,+7 (923) 469-60-01,user90045@example.ru,Екатеринбург,18.04.2024,,
c101346,Денис Зуев,,+79429088023,user101346@example.ru,Красноярск,,2026-03-18,172019
c106052,Денис Зуев,,+79739367789,user106052@example.ru,Новосибирск,,2026-04-22,81939
c106349,Тимур Осипов,,+79935937584,user106349@example.ru,Санкт-Петербург,,2026-06-10,46641
c101632,Лидия Лаптева,,+79793904938,user101632@example.ru,Санкт-Петербург,,2026-01-23,168887
c103458,Максим Нестеров,,+79564093654,user103458@example.ru,Москва,,2026-09-08,107491
c101410,Павел Тихонов,,+79221177417,user101410@example.ru,Москва,,2026-06-19,30338
c102051,Максим Юдин,,+79337444510,user102051@example.ru,Санкт-Петербург,,2026-04-27,135497
c91701,,Полина Крылова,+7 (920) 584-87-69,user91701@example.ru,С.-Петербург,12.05.2026,,
c91210,,Вера Юдина,+7 (951) 837-64-68,user91210@example.ru,Москва,16.05.2025,,
c106803,Вера Савельева,,+79944128445,user106803@example.ru,Санкт-Петербург,,2026-04-12,136954
c106565,Ольга Лаптева,,+79441219770,user106565@example.ru,Казань,,2026-06-15,17668
c90394,,Глеб Ковальчук,+7 (932) 437-69-03,user90394@example.ru,Красноярск,03.06.2025,,
c104712,Вера Юдина,,+79780390051,user104712@example.ru,Санкт-Петербург,,2026-08-19,11341
c106655,Алиса Шилова,,+79912226626,user106655@example.ru,Екатеринбург,,2026-04-27,147810
c90622,,Игорь Нестеров,+7 (928) 765-62-43,user90622@example.ru,Казань,14.08.2024,,
c104166,,Тимур Осипов,+7 (951) 439-79-45,user104166@example.ru,Москва,20.04.2024,,
c91851,,Юлия Сорокина,+7 (926) 973-43-71,user91851@example.ru,Красноярск,12.09.2025,,
c101625,Егор Нестеров,,+79671037236,user101625@example.ru,Казань,,2026-01-13,42887
c106426,Ольга Панина,,+79306095832,user106426@example.ru,Санкт-Петербург,,2026-03-01,118964
c92283,,Артур Зуев,+7 (998) 905-59-64,user92283@example.ru,Екатеринбург,12.09.2025,,
c91379,,Мария Юдина,+7 (965) 269-88-53,user91379@example.ru,Казань,04.08.2025,,
c104337,Юлия Ковальчук,,+79515920689,user104337@example.ru,Новосибирск,,2026-01-15,52498
c105378,Тимур Сорокин,,+79195969105,user105378@example.ru,Екатеринбург,,2026-06-01,109724
c100416,Юлия Зуева,,+79255369442,user100416@example.ru,Новосибирск,,2026-08-21,90076
c100507,Вера Мешкова,,+79768697153,user100507@example.ru,Новосибирск,,2026-06-17,65801
c106123,Павел Юдин,,+79365472225,user106123@example.ru,Новосибирск,,2026-03-23,28747
c105555,Артур Осипов,,+79449008839,user105555@example.ru,Москва,,2026-05-12,78902
c101666,Мария Лаптева,,+79424172532,user101666@example.ru,Казань,,2026-02-02,133359
c106238,Мария Осипова,,+79797510630,user106238@example.ru,Санкт-Петербург,,2026-08-12,16538
c91777,,Мария Юдина,+7 (947) 949-66-41,user91777@example.ru,Новосибирск,27.01.2025,,
c103430,Максим Ковальчук,,+79374247169,user103430@example.ru,Екатеринбург,,2026-01-22,169076
c100202,Полина Ермакова,,+79796456366,user100202@example.ru,Казань,,2026-04-08,27155
c100611,Игорь Шилов,,+79344884771,user100611@example.ru,Екатеринбург,,2026-05-17,105520
c104703,Тимур Лаптев,,+79894365260,user104703@example.ru,Казань,,2026-03-15,137717
c105741,Артур Панин,,+79377426481,user105741@example.ru,Казань,,2026-08-15,16328
c104771,Алиса Тихонова,,+79118223540,user104771@example.ru,Казань,,2026-01-06,64229
c106784,Денис Крылов,,+79646732073,user106784@example.ru,Санкт-Петербург,,2026-05-07,19558
c91809,,Игорь Ковальчук,+7 (991) 910-43-52,user91809@example.ru,Новосибирск,11.06.2025,,
c106435,Тимур Мешков,,+79305786932,user106435@example.ru,Новосибирск,,2026-03-12,107950
c104146,Наталья Савельева,,+79329659226,user104146@example.ru,Красноярск,,2026-02-22,94580
c91757,,Полина Нестерова,+7 (925) 307-29-03,user91757@example.ru,Москва,02.08.2024,,
c106661,Анна Ковальчук,,+79415837654,user106661@example.ru,Екатеринбург,,2026-08-14,47180
c102656,,Юлия Зуева,+7 (922) 790-12-69,user102656@example.ru,Екатеринбург,17.10.2024,,
c101104,Тимур Нестеров,,+79913690041,user101104@example.ru,Екатеринбург,,2026-01-30,76543
c101059,,Елена Савельева,+7 (988) 352-36-95,user101059@example.ru,С.-Петербург,29.05.2025,,
c91260,,Юлия Савельева,+7 (923) 328-77-14,user91260@example.ru,С.-Петербург,13.04.2026,,
c102671,Юлия Сорокина,,+79226400706,user102671@example.ru,Екатеринбург,,2026-06-23,146860
c101345,Артур Ковальчук,,+79765133198,user101345@example.ru,Санкт-Петербург,,2026-07-03,116085
c105215,Алиса Нестерова,,+79445333183,user105215@example.ru,Новосибирск,,2026-08-15,50434
c101269,Игорь Ковальчук,,+79413293024,user101269@example.ru,Новосибирск,,2026-06-02,65423
c104053,Роман Гордеев,,+79290745083,user104053@example.ru,Санкт-Петербург,,2026-04-06,15264
c106228,Максим Нестеров,,+79804869957,user106228@example.ru,Новосибирск,,2026-07-27,139935
c103106,Артур Ковальчук,,+79775894743,user103106@example.ru,Екатеринбург,,2026-07-20,112016
c106605,Глеб Ковальчук,,+79478974355,user106605@example.ru,Новосибирск,,2026-08-17,46549
c105518,,Юлия Юдина,+7 (942) 557-87-77,user105518@example.ru,Москва,16.05.2026,,
c105187,Ольга Крылова,,+79251329028,user105187@example.ru,Екатеринбург,,2026-04-03,7853
c103500,Глеб Сорокин,,+79633516672,user103500@example.ru,Екатеринбург,,2026-03-11,165638
c101980,Глеб Зуев,,+79882890599,user101980@example.ru,Казань,,2026-01-27,95258
c90393,,Анна Осипова,+7 (959) 189-57-79,user90393@example.ru,Казань,22.03.2025,,
c102135,Наталья Шилова,,+79256286205,user102135@example.ru,Санкт-Петербург,,2026-09-06,80074
c92411,,Елена Гордеева,+7 (995) 235-17-53,user92411@example.ru,Казань,25.02.2026,,
c90602,,Лидия Лаптева,+7 (971) 000-90-73,user90602@example.ru,Москва,12.02.2024,,
c106824,Ольга Савельева,,+79120937082,user106824@example.ru,Красноярск,,2026-02-10,58342
c103863,Юлия Савельева,,+79736685655,user103863@example.ru,Казань,,2026-05-16,76481
c103047,Артур Крылов,,+79845327909,user103047@example.ru,Москва,,2026-04-18,29109
c106158,Анна Гордеева,,+79157684895,user106158@example.ru,Казань,,2026-02-22,168961
c101058,Кирилл Лаптев,,+79118956110,user101058@example.ru,Санкт-Петербург,,2026-02-03,120163
c103397,Анна Ковальчук,,+79471970801,user103397@example.ru,Екатеринбург,,2026-06-12,168885
c102217,Алиса Зуева,,+79934801458,user102217@example.ru,Екатеринбург,,2026-02-28,63937
c103980,,Елена Сорокина,+7 (933) 099-03-96,user103980@example.ru,Красноярск,11.07.2025,,
c90518,,Наталья Ермакова,+7 (979) 706-95-38,user90518@example.ru,Москва,28.10.2025,,
c90948,,Юлия Крылова,+7 (978) 472-56-21,user90948@example.ru,Новосибирск,07.05.2026,,
c103361,Максим Панин,,+79529003375,user103361@example.ru,Екатеринбург,,2026-02-25,21314
c103499,Ольга Савельева,,+79269682090,user103499@example.ru,Санкт-Петербург,,2026-06-10,59615
c90983,,Наталья Белых,+7 (928) 395-10-29,user90983@example.ru,Казань,14.10.2025,,
c103647,Игорь Гордеев,,+79293850657,user103647@example.ru,Москва,,2026-09-08,45404
c104802,Юлия Мешкова,,+79406995164,user104802@example.ru,Москва,,2026-06-19,34576
c104312,Полина Панина,,+79666724157,user104312@example.ru,Москва,,2026-02-18,87249
c106205,,Мария Ермакова,+7 (999) 802-19-62,user106205@example.ru,С.-Петербург,23.06.2024,,
c100567,Денис Крылов,,+79381968750,user100567@example.ru,Красноярск,,2026-04-15,12939
c103290,Наталья Крылова,,+79189574039,user103290@example.ru,Казань,,2026-08-18,130719
c104949,Наталья Лаптева,,+79298759685,user104949@example.ru,Санкт-Петербург,,2026-01-04,103583
c101567,,Елена Сорокина,+7 (993) 121-12-04,user101567@example.ru,Казань,30.01.2026,,
c102184,Роман Савельев,,+79766074186,user102184@example.ru,Красноярск,,2026-04-16,26605
c100882,Елена Крылова,,+79303904114,user100882@example.ru,Новосибирск,,2026-07-06,140773
c101932,Денис Ковальчук,,+79501749467,user101932@example.ru,Казань,,2026-07-01,90232
c90422,,Егор Сорокин,+7 (980) 087-35-22,user90422@example.ru,Новосибирск,15.05.2025,,
c106652,,Глеб Шилов,+7 (950) 897-38-26,user106652@example.ru,Москва,07.09.2024,,
c102541,Кирилл Крылов,,+79454950259,user102541@example.ru,Казань,,2026-07-12,60483
c103674,Мария Крылова,,+79936554649,user103674@example.ru,Красноярск,,2026-08-24,139767
c106440,Игорь Мешков,,+79364269009,user106440@example.ru,Новосибирск,,2026-05-21,67680
c100078,Полина Осипова,,+79192366710,user100078@example.ru,Москва,,2026-04-01,51283
c104953,Тимур Сорокин,,+79610507718,user104953@example.ru,Москва,,2026-03-06,72753
c106497,Денис Белых,,+79864586897,user106497@example.ru,Екатеринбург,,2026-05-02,162314
c105677,Елена Нестерова,,+79530011028,user105677@example.ru,Красноярск,,2026-02-22,129438
c106167,Кирилл Сорокин,,+79780793217,user106167@example.ru,Казань,,2026-09-10,11146
c91038,,Егор Сорокин,+7 (950) 923-57-14,user91038@example.ru,Красноярск,12.06.2026,,
c103347,Игорь Шилов,,+79787154492,user103347@example.ru,Красноярск,,2026-08-10,128344
c106877,Игорь Сорокин,,+79642772982,user106877@example.ru,Санкт-Петербург,,2026-02-26,16678
c102437,Игорь Ермаков,,+79395065843,user102437@example.ru,Новосибирск,,2026-05-07,124158
c103159,Тимур Гордеев,,+79180958952,user103159@example.ru,Екатеринбург,,2026-03-27,69538
c105295,Максим Белых,,+79896201346,user105295@example.ru,Новосибирск,,2026-07-29,150820
c102262,,Павел Мешков,+7 (929) 562-80-91,user102262@example.ru,Новосибирск,19.10.2025,,
c92175,,Вера Ермакова,+7 (955) 330-36-32,user92175@example.ru,С.-Петербург,10.09.2024,,
c106732,Кирилл Нестеров,,+79200625881,user106732@example.ru,Санкт-Петербург,,2026-08-25,28751
c91660,,Елена Савельева,+7 (929) 460-53-32,user91660@example.ru,Екатеринбург,02.12.2024,,
c102751,Роман Нестеров,,+79308013818,user102751@example.ru,Казань,,2026-08-01,94615
c105779,Юлия Крылова,,+79580352371,user105779@example.ru,Екатеринбург,,2026-01-28,97399
c91651,,Глеб Мешков,+7 (985) 398-35-86,user91651@example.ru,С.-Петербург,10.07.2025,,
c100506,Глеб Сорокин,,+79367413867,user100506@example.ru,Санкт-Петербург,,2026-07-31,39501
c101025,,Артур Ковальчук,+7 (930) 994-75-46,user101025@example.ru,Новосибирск,29.07.2024,,
c103485,Денис Мешков,,+79636227349,user103485@example.ru,Санкт-Петербург,,2026-04-26,140664
c102626,Алиса Лаптева,,+79512727254,user102626@example.ru,Новосибирск,,2026-08-11,80323
c104370,Елена Мешкова,,+79883266832,user104370@example.ru,Казань,,2026-04-13,19989
c105213,Вера Осипова,,+79661762491,user105213@example.ru,Москва,,2026-04-25,89344
c104404,,Ольга Белых,+7 (933) 301-49-33,user104404@example.ru,Казань,29.12.2024,,
c90513,,Алиса Крылова,+7 (961) 540-58-99,user90513@example.ru,Красноярск,23.03.2025,,
c105485,Игорь Белых,,+79470951923,user105485@example.ru,Санкт-Петербург,,2026-03-01,100691
c103202,,Роман Шилов,+7 (953) 943-70-14,user103202@example.ru,Новосибирск,29.03.2026,,
c104642,Лидия Панина,,+79148469117,user104642@example.ru,Красноярск,,2026-08-03,41351
c92317,,Игорь Панин,+7 (972) 799-95-88,user92317@example.ru,Казань,30.04.2024,,
c106687,Игорь Крылов,,+79286377763,user106687@example.ru,Санкт-Петербург,,2026-06-12,47126
c102780,Елена Лаптева,,+79467094890,user102780@example.ru,Екатеринбург,,2026-02-22,57941
c104006,Егор Нестеров,,+79580701519,user104006@example.ru,Новосибирск,,2026-07-03,151467
c103432,Роман Ермаков,,+79559142180,user103432@example.ru,Москва,,2026-04-15,16919
c102797,Кирилл Гордеев,,+79590450642,user102797@example.ru,Новосибирск,,2026-05-30,61259
c102586,,Денис Юдин,+7 (974) 999-57-54,user102586@example.ru,Екатеринбург,26.03.2024,,
c103894,,Игорь Ковальчук,+7 (997) 578-32-73,user103894@example.ru,Екатеринбург,18.12.2024,,
c104652,Кирилл Савельев,,+79720640896,user104652@example.ru,Екатеринбург,,2026-02-15,84863
c91276,,Вера Мешкова,+7 (972) 617-84-18,user91276@example.ru,Красноярск,26.01.2026,,
c104313,Ольга Панина,,+79987160619,user104313@example.ru,Екатеринбург,,2026-09-05,116115
c100333,Кирилл Панин,,+79553472692,user100333@example.ru,Санкт-Петербург,,2026-09-03,154053
c91344,,Елена Ковальчук,+7 (931) 234-93-74,user91344@example.ru,Екатеринбург,20.10.2024,,
c100745,Лидия Крылова,,+79955324228,user100745@example.ru,Санкт-Петербург,,2026-08-01,139005
c105590,Мария Савельева,,+79886808969,user105590@example.ru,Екатеринбург,,2026-06-30,174745
c90092,,Роман Шилов,+7 (968) 731-78-93,user90092@example.ru,С.-Петербург,02.01.2025,,
c104500,Алиса Гордеева,,+79586412879,user104500@example.ru,Москва,,2026-07-14,170244
c102405,Денис Сорокин,,+79213812899,user102405@example.ru,Санкт-Петербург,,2026-03-15,114482
c105315,Кирилл Зуев,,+79566295087,user105315@example.ru,Москва,,2026-02-08,142386
c104044,Вера Юдина,,+79325382275,user104044@example.ru,Москва,,2026-01-24,145436
c101481,,Павел Ковальчук,+7 (944) 972-42-00,user101481@example.ru,Казань,20.02.2024,,
c100157,Лидия Ковальчук,,+79513417042,user100157@example.ru,Новосибирск,,2026-06-09,174681
c100168,Артур Панин,,+79411657002,user100168@example.ru,Новосибирск,,2026-04-30,139951
c102461,Тимур Савельев,,+79429379881,user102461@example.ru,Санкт-Петербург,,2026-02-24,82158
c104323,Лидия Гордеева,,+79942702433,user104323@example.ru,Москва,,2026-07-27,119080
c104892,Наталья Лаптева,,+79702802543,user104892@example.ru,Красноярск,,2026-05-14,52405
c102480,Вера Зуева,,+79513401354,user102480@example.ru,Новосибирск,,2026-05-31,29330
c100346,Анна Осипова,,+79154711137,user100346@example.ru,Санкт-Петербург,,2026-04-19,143041
c91765,,Анна Нестерова,+7 (911) 713-82-51,user91765@example.ru,Москва,19.05.2026,,
c102891,Анна Мешкова,,+79788250822,user102891@example.ru,Санкт-Петербург,,2026-07-03,59020
c102805,Лидия Шилова,,+79549570504,user102805@example.ru,Москва,,2026-02-10,104333
c101208,Вера Лаптева,,+79407426161,user101208@example.ru,Санкт-Петербург,,2026-08-20,47446
c105390,Максим Сорокин,,+79544273677,user105390@example.ru,Москва,,2026-03-09,118228
c101431,Кирилл Савельев,,+79644370962,user101431@example.ru,Екатеринбург,,2026-01-16,100314
c104336,Артур Ермаков,,+79194237694,user104336@example.ru,Екатеринбург,,2026-01-22,133702
c90098,,Ольга Крылова,+7 (950) 878-34-13,user90098@example.ru,Красноярск,13.05.2024,,
c100228,Роман Крылов,,+79767613848,user100228@example.ru,Екатеринбург,,2026-07-25,61997
c101221,,Игорь Ермаков,+7 (987) 799-18-51,user101221@example.ru,Красноярск,09.06.2026,,
c90895,,Павел Сорокин,+7 (942) 965-57-40,user90895@example.ru,С.-Петербург,15.08.2025,,
c103088,Роман Лаптев,,+79646817134,user103088@example.ru,Красноярск,,2026-06-17,10889
c91571,,Глеб Зуев,+7 (972) 222-47-23,user91571@example.ru,Москва,23.05.2024,,
c100525,,Мария Тихонова,+7 (920) 193-50-94,user100525@example.ru,Новосибирск,17.06.2026,,
c92355,,Артур Сорокин,+7 (977) 806-32-91,user92355@example.ru,Красноярск,04.01.2025,,
c90628,,Анна Ермакова,+7 (961) 979-60-83,user90628@example.ru,Красноярск,18.08.2025,,
c106669,Юлия Крылова,,+79490166739,user106669@example.ru,Казань,,2026-02-04,121199
c104955,,Глеб Ермаков,+7 (925) 980-28-73,user104955@example.ru,Екатеринбург,18.03.2026,,
c106087,Игорь Шилов,,+79274971309,user106087@example.ru,Москва,,2026-01-28,127291
c91001,,Игорь Сорокин,+7 (950) 767-10-12,user91001@example.ru,Казань,23.12.2024,,
c90165,,Кирилл Осипов,+7 (980) 389-46-75,user90165@example.ru,Екатеринбург,12.05.2025,,
c100841,Артур Мешков,,+79147896788,user100841@example.ru,Екатеринбург,,2026-04-23,139569
c91680,,Ольга Мешкова,+7 (928) 692-13-15,user91680@example.ru,Новосибирск,07.08.2025,,
c104776,Максим Шилов,,+79618689601,user104776@example.ru,Красноярск,,2026-01-06,21715
c103575,Мария Панина,,+79125470025,user103575@example.ru,Москва,,2026-06-16,110607
c104451,Елена Ковальчук,,+79660531290,user104451@example.ru,Екатеринбург,,2026-01-17,177226
c106863,Кирилл Мешков,,+79359972992,user106863@example.ru,Новосибирск,,2026-06-25,41909
c101263,Вера Тихонова,,+79281576056,user101263@example.ru,Казань,,2026-04-06,89950
c91826,,Роман Шилов,+7 (970) 834-23-34,user91826@example.ru,С.-Петербург,28.10.2025,,
c105017,Елена Гордеева,,+79720370521,user105017@example.ru,Новосибирск,,2026-05-23,132867
c102829,Елена Юдина,,+79262342090,user102829@example.ru,Казань,,2026-06-18,156330
c102054,Денис Савельев,,+79416793535,user102054@example.ru,Красноярск,,2026-02-10,5729
c91097,,Вера Панина,+7 (933) 868-20-29,user91097@example.ru,Екатеринбург,30.05.2024,,
c106571,Наталья Сорокина,,+79211991484,user106571@example.ru,Екатеринбург,,2026-08-30,73427
c101750,Елена Панина,,+79953990223,user101750@example.ru,Казань,,2026-07-07,72675
c103357,Тимур Шилов,,+79239593340,user103357@example.ru,Казань,,2026-05-29,112058
c100054,Кирилл Шилов,,+79699558118,user100054@example.ru,Красноярск,,2026-03-10,60892
c104347,Максим Сорокин,,+79645737252,user104347@example.ru,Новосибирск,,2026-03-01,65702
c100353,Анна Юдина,,+79450727545,user100353@example.ru,Казань,,2026-05-30,79333
c101902,Лидия Тихонова,,+79478529989,user101902@example.ru,Новосибирск,,2026-03-11,158721
c100713,,Роман Гордеев,+7 (941) 349-94-27,user100713@example.ru,Новосибирск,21.08.2024,,
c100091,Кирилл Сорокин,,+79551599289,user100091@example.ru,Новосибирск,,2026-05-14,153640
c106577,Денис Мешков,,+79987474717,user106577@example.ru,Санкт-Петербург,,2026-08-07,163469
c101672,Елена Ковальчук,,+79207134986,user101672@example.ru,Казань,,2026-01-17,98020
c92361,,Павел Зуев,+7 (932) 144-01-49,user92361@example.ru,С.-Петербург,13.05.2025,,
c106676,Глеб Лаптев,,+79638533380,user106676@example.ru,Казань,,2026-04-07,27000
c105791,Тимур Зуев,,+79943816266,user105791@example.ru,Москва,,2026-04-01,152676
c105610,,Ольга Крылова,+7 (919) 446-66-75,user105610@example.ru,С.-Петербург,08.10.2025,,
c104123,Вера Нестерова,,+79600501089,user104123@example.ru,Красноярск,,2026-04-07,154329
c103313,Игорь Тихонов,,+79430389493,user103313@example.ru,Новосибирск,,2026-01-06,61296
c90496,,Максим Лаптев,+7 (954) 761-59-07,user90496@example.ru,Новосибирск,08.02.2025,,
c102646,Максим Нестеров,,+79242694158,user102646@example.ru,Екатеринбург,,2026-05-28,52055
c100407,Ольга Панина,,+79416372649,user100407@example.ru,Санкт-Петербург,,2026-09-01,75004
c105653,,Мария Мешкова,+7 (933) 188-70-80,user105653@example.ru,Новосибирск,14.05.2026,,
c101613,Мария Зуева,,+79735299671,user101613@example.ru,Москва,,2026-09-04,7764
c105503,Мария Осипова,,+79440117975,user105503@example.ru,Санкт-Петербург,,2026-03-18,133234
c100803,,Мария Гордеева,+7 (931) 095-17-41,user100803@example.ru,С.-Петербург,20.12.2025,,
c103764,Мария Лаптева,,+79990461907,user103764@example.ru,Новосибирск,,2026-07-02,178364
c91638,,Ольга Гордеева,+7 (985) 078-19-51,user91638@example.ru,Москва,27.09.2024,,
c90907,,Артур Панин,+7 (925) 214-47-48,user90907@example.ru,Екатеринбург,03.07.2025,,
c90270,,Егор Гордеев,+7 (958) 863-69-18,user90270@example.ru,Екатеринбург,13.02.2025,,
c102662,Денис Гордеев,,+79919722711,user102662@example.ru,Красноярск,,2026-09-06,175244
c105705,Игорь Ковальчук,,+79550850007,user105705@example.ru,Казань,,2026-03-25,129823
c106373,Елена Ермакова,,+79435451327,user106373@example.ru,Москва,,2026-05-29,159714
c100237,Максим Тихонов,,+79912154908,user100237@example.ru,Новосибирск,,2026-07-03,109681
c101037,Кирилл Осипов,,+79668584935,user101037@example.ru,Санкт-Петербург,,2026-05-14,35031
c105572,Глеб Юдин,,+79598993213,user105572@example.ru,Санкт-Петербург,,2026-08-09,125436
c105961,,Елена Ермакова,+7 (989) 200-73-88,user105961@example.ru,Новосибирск,18.01.2025,,
c90122,,Максим Зуев,+7 (970) 270-44-89,user90122@example.ru,С.-Петербург,01.03.2024,,
c101599,Наталья Савельева,,+79590030469,user101599@example.ru,Москва,,2026-05-14,73066
c102235,Наталья Ермакова,,+79765285311,user102235@example.ru,Санкт-Петербург,,2026-01-19,56272
c90358,,Глеб Нестеров,+7 (965) 318-12-09,user90358@example.ru,Екатеринбург,13.02.2026,,
c105782,Роман Крылов,,+79566838101,user105782@example.ru,Красноярск,,2026-07-02,92223
c101670,Мария Мешкова,,+79943478536,user101670@example.ru,Новосибирск,,2026-06-05,56019
c102183,Алиса Крылова,,+79203676601,user102183@example.ru,Красноярск,,2026-06-09,83495
c91372,,Вера Лаптева,+7 (935) 359-79-92,user91372@example.ru,Москва,31.10.2025,,
c90327,,Анна Белых,+7 (944) 216-88-26,user90327@example.ru,Казань,15.01.2024,,
c106466,Юлия Лаптева,,+79244717706,user106466@example.ru,Екатеринбург,,2026-05-01,76061
c91418,,Глеб Ковальчук,+7 (939) 354-91-32,user91418@example.ru,Новосибирск,19.08.2025,,
c90675,,Юлия Нестерова,+7 (959) 528-41-66,user90675@example.ru,С.-Петербург,02.01.2026,,
c105971,Ольга Юдина,,+79135904808,user105971@example.ru,Москва,,2026-03-08,22442
c101165,Артур Лаптев,,+79427318314,user101165@example.ru,Казань,,2026-06-16,119012
c100570,,Наталья Осипова,+7 (926) 960-14-22,user100570@example.ru,Новосибирск,17.01.2025,,
c106000,,Вера Зуева,+7 (962) 015-92-03,user106000@example.ru,Красноярск,19.02.2026,,
c101071,Павел Зуев,,+79414877934,user101071@example.ru,Красноярск,,2026-02-05,178327
c104064,Ольга Осипова,,+79835978446,user104064@example.ru,Санкт-Петербург,,2026-07-17,154426
c91355,,Елена Ермакова,+7 (995) 172-59-32,user91355@example.ru,Москва,12.11.2025,,
c100111,Наталья Белых,,+79747466839,user100111@example.ru,Екатеринбург,,2026-06-04,158847
c101360,,Лидия Крылова,+7 (975) 523-26-52,user101360@example.ru,Екатеринбург,06.12.2024,,
c90998,,Денис Лаптев,+7 (947) 668-63-43,user90998@example.ru,Москва,25.01.2026,,
c91857,,Тимур Осипов,+7 (943) 798-41-62,user91857@example.ru,Казань,15.08.2024,,
c91429,,Павел Мешков,+7 (978) 049-26-85,user91429@example.ru,Красноярск,12.11.2025,,
c103283,Тимур Савельев,,+79695435143,user103283@example.ru,Красноярск,,2026-06-20,94104
c103083,Егор Тихонов,,+79193736629,user103083@example.ru,Москва,,2026-06-12,28556
c100706,,Игорь Тихонов,+7 (953) 204-37-06,user100706@example.ru,С.-Петербург,13.11.2024,,
c103250,Вера Белых,,+79925407933,user103250@example.ru,Красноярск,,2026-05-03,86626
c102013,Артур Нестеров,,+79673018357,user102013@example.ru,Екатеринбург,,2026-01-18,94419
c106058,Алиса Гордеева,,+79916555311,user106058@example.ru,Екатеринбург,,2026-03-08,168965
c100776,Наталья Гордеева,,+79639647198,user100776@example.ru,Казань,,2026-05-09,15622
c100221,Роман Осипов,,+79627580554,user100221@example.ru,Москва,,2026-01-31,83696
c100608,Алиса Нестерова,,+79564176621,user100608@example.ru,Санкт-Петербург,,2026-03-19,37852
c102164,Алиса Юдина,,+79868216302,user102164@example.ru,Санкт-Петербург,,2026-08-09,91337
c101065,Анна Шилова,,+79670440145,user101065@example.ru,Екатеринбург,,2026-01-08,171096
c104679,Вера Сорокина,,+79312715958,user104679@example.ru,Новосибирск,,2026-09-08,110387
c105217,Юлия Осипова,,+79853068667,user105217@example.ru,Екатеринбург,,2026-07-09,154350
c106544,Игорь Мешков,,+79268186518,user106544@example.ru,Новосибирск,,2026-06-14,75650
c90325,,Денис Белых,+7 (971) 036-06-04,user90325@example.ru,Казань,15.10.2024,,
c90894,,Роман Белых,+7 (978) 623-65-33,user90894@example.ru,Екатеринбург,03.09.2025,,
c105395,Ольга Шилова,,+79675291590,user105395@example.ru,Екатеринбург,,2026-07-28,87764
c104027,Анна Сорокина,,+79866123069,user104027@example.ru,Красноярск,,2026-02-22,70242
c106737,,Тимур Савельев,+7 (986) 794-16-23,user106737@example.ru,Екатеринбург,16.07.2024,,
c101251,Роман Мешков,,+79659285006,user101251@example.ru,Москва,,2026-08-18,158726
c106330,Лидия Мешкова,,+79578253714,user106330@example.ru,Москва,,2026-05-28,142233
c90976,,Роман Савельев,+7 (933) 553-92-33,user90976@example.ru,Екатеринбург,10.02.2024,,
c91905,,Тимур Ермаков,+7 (928) 869-16-34,user91905@example.ru,Новосибирск,19.12.2024,,
c100754,Тимур Шилов,,+79569632203,user100754@example.ru,Екатеринбург,,2026-06-08,102782
c92192,,Денис Юдин,+7 (964) 462-92-30,user92192@example.ru,С.-Петербург,18.01.2026,,
c103850,Игорь Тихонов,,+79685792046,user103850@example.ru,Санкт-Петербург,,2026-02-18,175453
c100834,Кирилл Тихонов,,+79667184761,user100834@example.ru,Красноярск,,2026-02-25,130968
c100524,Елена Панина,,+79694536434,user100524@example.ru,Санкт-Петербург,,2026-08-17,30252
c100491,Кирилл Зуев,,+79573436910,user100491@example.ru,Казань,,2026-05-22,73868
c104343,Артур Савельев,,+79782519872,user104343@example.ru,Новосибирск,,2026-03-20,176076
c100989,,Тимур Нестеров,+7 (960) 759-94-80,user100989@example.ru,Новосибирск,20.09.2024,,
c106429,Анна Крылова,,+79386308559,user106429@example.ru,Санкт-Петербург,,2026-07-08,157899
c102139,Алиса Савельева,,+79279954608,user102139@example.ru,Екатеринбург,,2026-06-22,130212
c103927,Вера Сорокина,,+79261079703,user103927@example.ru,Екатеринбург,,2026-02-13,16522
c90755,,Павел Зуев,+7 (996) 128-94-38,user90755@example.ru,Казань,15.06.2026,,
c101318,Лидия Ковальчук,,+79567279884,user101318@example.ru,Москва,,2026-07-18,75068
c100748,Игорь Ермаков,,+79983119333,user100748@example.ru,Екатеринбург,,2026-04-12,133906
c104030,Юлия Шилова,,+79960873213,user104030@example.ru,Екатеринбург,,2026-06-16,175148
c106702,,Тимур Нестеров,+7 (968) 285-80-32,user106702@example.ru,Новосибирск,26.11.2024,,
c90953,,Егор Ермаков,+7 (974) 662-37-68,user90953@example.ru,С.-Петербург,12.05.2026,,
c104903,Елена Сорокина,,+79653880869,user104903@example.ru,Новосибирск,,2026-08-23,8963
c105048,,Роман Крылов,+7 (913) 764-14-75,user105048@example.ru,Екатеринбург,21.06.2024,,
c90322,,Егор Осипов,+7 (916) 574-12-29,user90322@example.ru,Москва,13.02.2025,,
c101913,Мария Шилова,,+79115141637,user101913@example.ru,Екатеринбург,,2026-08-21,88834
c91955,,Артур Сорокин,+7 (965) 024-93-77,user91955@example.ru,Казань,26.05.2024,,
c90475,,Юлия Крылова,+7 (962) 040-45-57,user90475@example.ru,Казань,26.01.2025,,
c102851,Тимур Лаптев,,+79610359201,user102851@example.ru,Екатеринбург,,2026-05-20,27206
c106734,Лидия Мешкова,,+79637518523,user106734@example.ru,Санкт-Петербург,,2026-07-29,173881
c91539,,Роман Белых,+7 (943) 704-36-54,user91539@example.ru,Новосибирск,21.08.2024,,
c92473,,Павел Ковальчук,+7 (984) 474-60-03,user92473@example.ru,Москва,12.12.2024,,
c91352,,Роман Белых,+7 (982) 691-00-37,user91352@example.ru,Казань,18.04.2024,,
c103931,Елена Ковальчук,,+79507042247,user103931@example.ru,Санкт-Петербург,,2026-08-05,92889
c91106,,Ольга Зуева,+7 (932) 447-21-97,user91106@example.ru,Красноярск,11.08.2025,,
c106686,Кирилл Ермаков,,+79911909949,user106686@example.ru,Москва,,2026-09-01,3548
c104692,Роман Гордеев,,+79398850693,user104692@example.ru,Красноярск,,2026-01-18,37877
c91257,,Максим Тихонов,+7 (930) 211-43-67,user91257@example.ru,С.-Петербург,13.01.2026,,
c103826,Полина Гордеева,,+79350680429,user103826@example.ru,Санкт-Петербург,,2026-02-23,127087
c91622,,Вера Белых,+7 (988) 701-61-62,user91622@example.ru,Москва,31.08.2025,,
c104692,,Денис Гордеев,+7 (935) 554-38-41,user104692@example.ru,Красноярск,24.03.2026,,
c105962,Кирилл Савельев,,+79710834222,user105962@example.ru,Красноярск,,2026-01-13,44632
c90990,,Елена Ермакова,+7 (921) 187-17-40,user90990@example.ru,С.-Петербург,30.09.2025,,
c100355,Алиса Гордеева,,+79213586612,user100355@example.ru,Санкт-Петербург,,2026-01-05,171177
c104549,Максим Крылов,,+79654652339,user104549@example.ru,Новосибирск,,2026-08-13,40716
c101024,Ольга Ковальчук,,+79246018517,user101024@example.ru,Красноярск,,2026-02-03,70221
c106755,Денис Тихонов,,+79220332199,user106755@example.ru,Екатеринбург,,2026-03-28,133712
c106303,,Лидия Крылова,+7 (959) 501-65-78,user106303@example.ru,Москва,04.01.2025,,
c92406,,Игорь Осипов,+7 (988) 194-18-43,user92406@example.ru,С.-Петербург,19.11.2024,,
c106830,Егор Сорокин,,+79510877762,user106830@example.ru,Новосибирск,,2026-09-08,102222
c102242,Алиса Мешкова,,+79878832853,user102242@example.ru,Новосибирск,,2026-04-05,154121
c100013,Тимур Лаптев,,+79933683054,user100013@example.ru,Красноярск,,2026-05-09,83879
c102145,Лидия Ермакова,,+79530835483,user102145@example.ru,Новосибирск,,2026-02-05,25039
c92291,,Павел Тихонов,+7 (945) 011-97-17,user92291@example.ru,Новосибирск,19.06.2026,,
c101402,,Полина Зуева,+7 (987) 869-55-76,user101402@example.ru,Казань,20.10.2024,,
c91164,,Денис Панин,+7 (924) 109-61-09,user91164@example.ru,Красноярск,17.01.2026,,
c91702,,Кирилл Нестеров,+7 (978) 688-54-16,user91702@example.ru,Екатеринбург,21.11.2024,,
c101070,Вера Панина,,+79263908944,user101070@example.ru,Красноярск,,2026-09-03,176551
c105784,Алиса Тихонова,,+79569416825,user105784@example.ru,Красноярск,,2026-01-13,161584
c100771,Ольга Белых,,+79706085418,user100771@example.ru,Новосибирск,,2026-09-07,114311
c103368,Лидия Сорокина,,+79530845405,user103368@example.ru,Красноярск,,2026-01-05,162532
c100289,,Мария Белых,+7 (950) 345-87-94,user100289@example.ru,Новосибирск,26.06.2026,,
c91807,,Елена Ермакова,+7 (998) 305-78-47,user91807@example.ru,Новосибирск,11.05.2024,,
c101141,,Кирилл Юдин,+7 (916) 061-41-02,user101141@example.ru,С.-Петербург,15.07.2025,,
c100630,Игорь Осипов,,+79624091261,user100630@example.ru,Санкт-Петербург,,2026-09-10,160315
c101989,Юлия Мешкова,,+79221938511,user101989@example.ru,Екатеринбург,,2026-08-05,36194
c106528,Кирилл Тихонов,,+79169673767,user106528@example.ru,Санкт-Петербург,,2026-08-08,151891
c105938,Игорь Ковальчук,,+79703835999,user105938@example.ru,Казань,,2026-08-22,1367
c103393,Лидия Ковальчук,,+79921157840,user103393@example.ru,Москва,,2026-04-01,90648
c106100,Роман Зуев,,+79972032971,user106100@example.ru,Красноярск,,2026-03-20,142050
c103611,Наталья Ковальчук,,+79205446599,user103611@example.ru,Красноярск,,2026-03-02,141232
c103309,Полина Панина,,+79960636963,user103309@example.ru,Екатеринбург,,2026-08-19,22385
c91177,,Игорь Зуев,+7 (962) 365-77-60,user91177@example.ru,Красноярск,03.11.2025,,
c105775,,Наталья Юдина,+7 (938) 969-57-34,user105775@example.ru,С.-Петербург,23.02.2026,,
c103126,,Ольга Нестерова,+7 (950) 069-22-12,user103126@example.ru,С.-Петербург,12.04.2026,,
c103472,Вера Гордеева,,+79972341887,user103472@example.ru,Санкт-Петербург,,2026-06-23,52086
c104843,Елена Сорокина,,+79516186295,user104843@example.ru,Красноярск,,2026-03-07,66543
c106835,Глеб Зуев,,+79650422242,user106835@example.ru,Екатеринбург,,2026-05-27,40610
c105319,Глеб Шилов,,+79534806617,user105319@example.ru,Новосибирск,,2026-06-11,152476
c90430,,Лидия Зуева,+7 (995) 564-70-59,user90430@example.ru,Новосибирск,24.04.2026,,
c91842,,Наталья Крылова,+7 (921) 536-70-97,user91842@example.ru,Москва,04.02.2026,,
c104115,,Ольга Осипова,+7 (959) 242-86-34,user104115@example.ru,Казань,26.07.2025,,
c90392,,Анна Крылова,+7 (944) 746-08-34,user90392@example.ru,Новосибирск,14.08.2025,,
c101841,,Алиса Тихонова,+7 (947) 326-66-44,user101841@example.ru,Казань,09.03.2026,,
c91768,,Лидия Ермакова,+7 (987) 959-04-59,user91768@example.ru,С.-Петербург,09.03.2024,,
c104587,Елена Савельева,,+79417044153,user104587@example.ru,Москва,,2026-03-06,51913
c104241,,Глеб Зуев,+7 (924) 549-17-43,user104241@example.ru,Казань,28.12.2025,,
c105823,Егор Шилов,,+79912395470,user105823@example.ru,Москва,,2026-07-25,5827
c91132,,Алиса Сорокина,+7 (950) 992-84-98,user91132@example.ru,Новосибирск,03.06.2025,,
c92177,,Глеб Нестеров,+7 (958) 565-43-61,user92177@example.ru,Красноярск,08.06.2024,,
c105963,Вера Тихонова,,+79920691837,user105963@example.ru,Москва,,2026-01-27,20351
c106439,Елена Тихонова,,+79745330307,user106439@example.ru,Новосибирск,,2026-02-18,112300
c101683,Анна Белых,,+79112943007,user101683@example.ru,Новосибирск,,2026-06-25,500
c106424,Денис Савельев,,+79342803899,user106424@example.ru,Санкт-Петербург,,2026-06-27,160295
c102734,Мария Гордеева,,+79168504706,user102734@example.ru,Новосибирск,,2026-01-27,46246
c102813,Наталья Тихонова,,+79709196179,user102813@example.ru,Красноярск,,2026-09-11,142154
c105774,Артур Юдин,,+79273006897,user105774@example.ru,Санкт-Петербург,,2026-01-22,111924
c90677,,Ольга Крылова,+7 (987) 130-42-09,user90677@example.ru,С.-Петербург,22.06.2025,,
c102097,Артур Зуев,,+79420658276,user102097@example.ru,Москва,,2026-07-29,114732
c91566,,Алиса Осипова,+7 (920) 537-49-49,user91566@example.ru,С.-Петербург,13.05.2026,,
c91920,,Павел Юдин,+7 (925) 236-86-06,user91920@example.ru,Новосибирск,17.07.2025,,
c92456,,Роман Ермаков,+7 (999) 244-33-50,user92456@example.ru,Новосибирск,05.08.2024,,
c103206,Вера Шилова,,+79633415610,user103206@example.ru,Екатеринбург,,2026-03-15,94701
c104636,Тимур Тихонов,,+79326035683,user104636@example.ru,Красноярск,,2026-01-11,60529
c102982,Денис Зуев,,+79311049852,user102982@example.ru,Казань,,2026-06-16,49580
c100855,Максим Ермаков,,+79133811231,user100855@example.ru,Москва,,2026-08-12,145596
c101709,Лидия Зуева,,+79205495927,user101709@example.ru,Красноярск,,2026-07-28,14736
c104383,Тимур Ковальчук,,+79457818377,user104383@example.ru,Казань,,2026-04-04,14872
c102621,Наталья Мешкова,,+79692355083,user102621@example.ru,Екатеринбург,,2026-06-20,90914
c91060,,Ольга Лаптева,+7 (955) 711-72-60,user91060@example.ru,Новосибирск,14.01.2025,,
c106382,Егор Гордеев,,+79464443422,user106382@example.ru,Санкт-Петербург,,2026-08-01,168970
c102552,Павел Гордеев,,+79560397562,user102552@example.ru,Екатеринбург,,2026-08-12,115211
c92137,,Роман Ермаков,+7 (975) 515-95-62,user92137@example.ru,Екатеринбург,01.06.2026,,
c91987,,Анна Гордеева,+7 (988) 002-33-14,user91987@example.ru,Москва,20.12.2025,,
c105151,Тимур Тихонов,,+79581255744,user105151@example.ru,Казань,,2026-07-08,78091
c104576,Анна Шилова,,+79589218835,user104576@example.ru,Красноярск,,2026-06-11,95123
c104186,Кирилл Юдин,,+79429007542,user104186@example.ru,Екатеринбург,,2026-05-07,17591
c103428,Артур Ковальчук,,+79338948828,user103428@example.ru,Казань,,2026-07-29,178644
c105915,Игорь Зуев,,+79960425397,user105915@example.ru,Красноярск,,2026-04-13,991
c105873,Кирилл Шилов,,+79198414501,user105873@example.ru,Казань,,2026-06-29,115943
c105030,Максим Крылов,,+79559635706,user105030@example.ru,Красноярск,,2026-08-26,21514
c102096,Мария Панина,,+79995911488,user102096@example.ru,Санкт-Петербург,,2026-08-14,40642
c104983,Мария Юдина,,+79212988826,user104983@example.ru,Москва,,2026-04-23,44484
c90356,,Максим Тихонов,+7 (920) 050-25-14,user90356@example.ru,Красноярск,04.09.2024,,
c106747,Павел Нестеров,,+79610807070,user106747@example.ru,Москва,,2026-06-07,113520
c91959,,Глеб Сорокин,+7 (938) 135-63-14,user91959@example.ru,Казань,08.12.2025,,
c103099,Игорь Мешков,,+79188698234,user103099@example.ru,Екатеринбург,,2026-03-15,162092
c100000,Павел Ермаков,,+79773234574,user100000@example.ru,Красноярск,,2026-07-31,149978
c105514,Полина Мешкова,,+79777178271,user105514@example.ru,Санкт-Петербург,,2026-02-21,71720
c103766,Мария Ковальчук,,+79884233504,user103766@example.ru,Казань,,2026-06-17,32190
c102300,,Полина Ермакова,+7 (937) 480-68-97,user102300@example.ru,Екатеринбург,17.11.2024,,
c102960,Вера Гордеева,,+79667688255,user102960@example.ru,Екатеринбург,,2026-05-08,43183
c92465,,Алиса Сорокина,+7 (998) 099-29-46,user92465@example.ru,Екатеринбург,12.11.2025,,
c106120,Игорь Белых,,+79552587912,user106120@example.ru,Екатеринбург,,2026-04-17,2518
c104910,Юлия Тихонова,,+79688597524,user104910@example.ru,Красноярск,,2026-01-21,13090
c91220,,Алиса Сорокина,+7 (983) 744-86-67,user91220@example.ru,Казань,02.08.2024,,
c91207,,Павел Белых,+7 (958) 080-63-11,user91207@example.ru,С.-Петербург,21.01.2026,,
c102911,Анна Панина,,+79651926090,user102911@example.ru,Москва,,2026-08-20,85673
c105168,Павел Сорокин,,+79532548168,user105168@example.ru,Екатеринбург,,2026-05-27,77828
c105466,Лидия Ковальчук,,+79860289289,user105466@example.ru,Екатеринбург,,2026-04-26,176750
c100173,Юлия Зуева,,+79323839605,user100173@example.ru,Новосибирск,,2026-08-06,80385
c105651,Игорь Ермаков,,+79551332821,user105651@example.ru,Москва,,2026-08-03,152054
c104747,Елена Гордеева,,+79578713232,user104747@example.ru,Санкт-Петербург,,2026-06-14,122282
c101876,Мария Мешкова,,+79844731663,user101876@example.ru,Красноярск,,2026-07-18,91147
c103733,Павел Панин,,+79744975053,user103733@example.ru,Новосибирск,,2026-03-08,94011
c104142,Артур Крылов,,+79821234614,user104142@example.ru,Новосибирск,,2026-07-13,6717
c90814,,Игорь Белых,+7 (964) 479-40-60,user90814@example.ru,Казань,20.07.2024,,
c101934,Денис Панин,,+79693785104,user101934@example.ru,Красноярск,,2026-08-29,29474
c102327,Денис Крылов,,+79867499570,user102327@example.ru,Санкт-Петербург,,2026-06-28,112140
c101588,Ольга Юдина,,+79183070899,user101588@example.ru,Казань,,2026-05-31,112434
c105275,Юлия Лаптева,,+79262278407,user105275@example.ru,Казань,,2026-04-19,15510
c106129,Мария Ковальчук,,+79120400098,user106129@example.ru,Новосибирск,,2026-08-13,135102
c100757,Павел Зуев,,+79591636424,user100757@example.ru,Екатеринбург,,2026-09-08,151945
c103279,Полина Ермакова,,+79240743922,user103279@example.ru,Москва,,2026-07-15,146278
c91127,,Егор Лаптев,+7 (980) 467-97-04,user91127@example.ru,Казань,12.10.2025,,
c104201,,Глеб Сорокин,+7 (914) 566-94-57,user104201@example.ru,Казань,21.02.2024,,
c101922,Полина Панина,,+79986874523,user101922@example.ru,Красноярск,,2026-04-27,74560
c105349,Вера Крылова,,+79853445832,user105349@example.ru,Казань,,2026-05-26,1630
c91420,,Лидия Осипова,+7 (970) 730-14-53,user91420@example.ru,Казань,20.12.2025,,
c102711,Алиса Ермакова,,+79473447963,user102711@example.ru,Москва,,2026-07-14,118620
c101581,Елена Гордеева,,+79190348689,user101581@example.ru,Красноярск,,2026-02-24,176914
c100984,Елена Крылова,,+79130453245,user100984@example.ru,Санкт-Петербург,,2026-02-07,81050
c102159,Лидия Зуева,,+79333174022,user102159@example.ru,Санкт-Петербург,,2026-01-20,40362
c90447,,Полина Савельева,+7 (933) 240-12-39,user90447@example.ru,Казань,11.06.2025,,
c105522,Ольга Мешкова,,+79843176595,user105522@example.ru,Москва,,2026-07-01,93662
c103844,,Денис Зуев,+7 (924) 790-10-20,user103844@example.ru,Красноярск,02.04.2024,,
c91859,,Егор Крылов,+7 (939) 456-17-71,user91859@example.ru,Красноярск,03.03.2026,,
c105235,Наталья Осипова,,+79776642950,user105235@example.ru,Новосибирск,,2026-06-01,165887
c90241,,Егор Шилов,+7 (913) 354-67-12,user90241@example.ru,Москва,26.06.2025,,
c90099,,Артур Юдин,+7 (915) 399-65-12,user90099@example.ru,Екатеринбург,17.08.2025,,
c102993,Мария Белых,,+79151862060,user102993@example.ru,Новосибирск,,2026-06-29,17908
c90184,,Вера Панина,+7 (987) 668-27-38,user90184@example.ru,Новосибирск,27.12.2024,,
c100607,Елена Ковальчук,,+79588614706,user100607@example.ru,Санкт-Петербург,,2026-06-30,48196
c100521,Вера Белых,,+79842017254,user100521@example.ru,Санкт-Петербург,,2026-05-22,55207
c90804,,Юлия Юдина,+7 (984) 902-32-68,user90804@example.ru,С.-Петербург,03.03.2025,,
c91864,,Павел Тихонов,+7 (959) 378-75-21,user91864@example.ru,Екатеринбург,04.04.2024,,
c92078,,Ольга Шилова,+7 (992) 163-16-29,user92078@example.ru,Красноярск,02.09.2024,,
c92054,,Ольга Тихонова,+7 (913) 090-49-39,user92054@example.ru,Новосибирск,18.07.2025,,
c105615,Игорь Ковальчук,,+79776973063,user105615@example.ru,Казань,,2026-07-03,14721
c105577,Ольга Белых,,+79742125533,user105577@example.ru,Москва,,2026-05-18,161563
c104588,Елена Крылова,,+79525238905,user104588@example.ru,Красноярск,,2026-08-16,31251
c102151,Глеб Савельев,,+79749095532,user102151@example.ru,Екатеринбург,,2026-03-22,48987
c104562,Вера Белых,,+79771002805,user104562@example.ru,Красноярск,,2026-06-29,50024
c104939,Анна Зуева,,+79803326983,user104939@example.ru,Новосибирск,,2026-05-27,116314
c106315,Денис Осипов,,+79468691825,user106315@example.ru,Казань,,2026-06-06,103276
c106838,Ольга Ермакова,,+79657059428,user106838@example.ru,Красноярск,,2026-07-28,87373
c90132,,Игорь Ермаков,+7 (969) 652-66-10,user90132@example.ru,Москва,13.09.2025,,
c106208,Егор Осипов,,+79690083770,user106208@example.ru,Красноярск,,2026-01-13,177500
c106677,Павел Осипов,,+79155866570,user106677@example.ru,Санкт-Петербург,,2026-07-13,155998
c105646,Игорь Зуев,,+79603196809,user105646@example.ru,Екатеринбург,,2026-01-05,60015
c102058,Анна Юдина,,+79150876325,user102058@example.ru,Новосибирск,,2026-04-28,10009
c101825,Наталья Ковальчук,,+79318066754,user101825@example.ru,Москва,,2026-04-05,135971
c91499,,Полина Ермакова,+7 (953) 596-91-09,user91499@example.ru,Москва,24.02.2025,,
c102146,Мария Крылова,,+79859405749,user102146@example.ru,Москва,,2026-04-01,177635
c101598,,Анна Панина,+7 (978) 981-78-50,user101598@example.ru,Красноярск,26.01.2025,,
c102635,Игорь Зуев,,+79272000335,user102635@example.ru,Екатеринбург,,2026-01-29,37547
c101603,Вера Нестерова,,+79600996253,user101603@example.ru,Екатеринбург,,2026-07-03,146203
c100901,Вера Юдина,,+79305292207,user100901@example.ru,Москва,,2026-05-12,83474
c104420,Алиса Крылова,,+79542643574,user104420@example.ru,Новосибирск,,2026-05-24,165261
c106756,Полина Ермакова,,+79882460726,user106756@example.ru,Москва,,2026-02-08,23555
c92452,,Полина Савельева,+7 (969) 249-52-27,user92452@example.ru,Казань,23.05.2025,,
c105689,,Максим Ковальчук,+7 (966) 214-29-23,user105689@example.ru,С.-Петербург,20.11.2024,,
c100705,Алиса Мешкова,,+79223177091,user100705@example.ru,Красноярск,,2026-06-11,18312
c91211,,Роман Зуев,+7 (979) 196-11-52,user91211@example.ru,Красноярск,28.12.2025,,
c104077,Глеб Зуев,,+79748932717,user104077@example.ru,Москва,,2026-04-22,131484
c90969,,Наталья Тихонова,+7 (950) 356-35-60,user90969@example.ru,Екатеринбург,25.01.2025,,
c91732,,Ольга Лаптева,+7 (992) 889-26-91,user91732@example.ru,Новосибирск,13.02.2025,,
c106165,Елена Белых,,+79793098103,user106165@example.ru,Екатеринбург,,2026-08-05,43892
c105043,,Елена Гордеева,+7 (913) 520-23-86,user105043@example.ru,Москва,30.09.2024,,
c106341,Роман Зуев,,+79255394562,user106341@example.ru,Казань,,2026-07-07,13424
c90997,,Елена Ермакова,+7 (912) 594-57-65,user90997@example.ru,С.-Петербург,20.03.2025,,
c104838,Роман Зуев,,+79951671398,user104838@example.ru,Красноярск,,2026-01-07,94666
c104653,Денис Зуев,,+79878309432,user104653@example.ru,Красноярск,,2026-05-22,93256
c104129,Максим Белых,,+79526814209,user104129@example.ru,Новосибирск,,2026-05-08,168505
c101187,Роман Нестеров,,+79178123879,user101187@example.ru,Екатеринбург,,2026-08-18,88167
c104855,Роман Осипов,,+79627420966,user104855@example.ru,Красноярск,,2026-05-21,127984
c90017,,Артур Юдин,+7 (929) 924-62-98,user90017@example.ru,Москва,03.10.2024,,
c100954,Ольга Мешкова,,+79867295298,user100954@example.ru,Красноярск,,2026-04-12,3862
c106376,Роман Ермаков,,+79982658119,user106376@example.ru,Санкт-Петербург,,2026-06-10,71318
c91197,,Полина Ермакова,+7 (959) 208-54-79,user91197@example.ru,Новосибирск,24.08.2025,,
c100243,,Полина Крылова,+7 (978) 123-41-74,user100243@example.ru,Красноярск,22.02.2025,,
c103523,Глеб Мешков,,+79213926962,user103523@example.ru,Екатеринбург,,2026-06-10,10074
c103621,Павел Юдин,,+79690166998,user103621@example.ru,Москва,,2026-02-12,129352
c102123,Наталья Панина,,+79904067635,user102123@example.ru,Екатеринбург,,2026-07-02,149072
c102087,Алиса Ермакова,,+79523875973,user102087@example.ru,Новосибирск,,2026-04-15,93558
c106622,Максим Белых,,+79718294400,user106622@example.ru,Москва,,2026-06-21,136422
c91325,,Игорь Сорокин,+7 (957) 385-81-32,user91325@example.ru,Екатеринбург,07.10.2024,,
c90338,,Игорь Юдин,+7 (976) 955-60-43,user90338@example.ru,Казань,10.07.2024,,
c102026,Игорь Ермаков,,+79119942154,user102026@example.ru,Новосибирск,,2026-04-05,136343
c90668,,Лидия Панина,+7 (950) 565-49-84,user90668@example.ru,Екатеринбург,25.04.2025,,
c102819,Глеб Гордеев,,+79131778790,user102819@example.ru,Москва,,2026-03-07,49524
c104578,Егор Крылов,,+79679330288,user104578@example.ru,Санкт-Петербург,,2026-03-11,22500
c101413,,Лидия Мешкова,+7 (987) 653-66-28,user101413@example.ru,Красноярск,23.12.2025,,
c104065,Кирилл Тихонов,,+79990677445,user104065@example.ru,Москва,,2026-08-25,112539
c101342,Лидия Панина,,+79710601674,user101342@example.ru,Екатеринбург,,2026-04-20,13686
c90702,,Тимур Крылов,+7 (998) 635-96-35,user90702@example.ru,Екатеринбург,24.11.2025,,
c102571,Глеб Шилов,,+79587982270,user102571@example.ru,Екатеринбург,,2026-08-26,44531
c102936,Ольга Крылова,,+79621801300,user102936@example.ru,Казань,,2026-02-16,101789
c90481,,Кирилл Юдин,+7 (911) 361-97-95,user90481@example.ru,Екатеринбург,02.12.2024,,
c90839,,Егор Мешков,+7 (911) 079-93-59,user90839@example.ru,Красноярск,30.01.2024,,
c101844,Алиса Зуева,,+79195802021,user101844@example.ru,Екатеринбург,,2026-05-15,156984
c101920,Павел Нестеров,,+79132299069,user101920@example.ru,Новосибирск,,2026-06-10,73846
c104381,,Игорь Шилов,+7 (992) 686-58-67,user104381@example.ru,Казань,25.01.2026,,
c91706,,Лидия Савельева,+7 (940) 709-92-43,user91706@example.ru,Новосибирск,23.11.2025,,
c90738,,Денис Мешков,+7 (948) 075-19-57,user90738@example.ru,Красноярск,02.03.2025,,
c101009,Максим Юдин,,+79357483318,user101009@example.ru,Казань,,2026-03-10,98029
c100584,Максим Юдин,,+79820583672,user100584@example.ru,Санкт-Петербург,,2026-08-09,38677
c103205,Вера Ермакова,,+79257167305,user103205@example.ru,Санкт-Петербург,,2026-06-09,58874
c103273,Алиса Зуева,,+79606584332,user103273@example.ru,Новосибирск,,2026-08-07,158312
c104578,,Тимур Сорокин,+7 (979) 343-72-33,user104578@example.ru,Казань,02.06.2026,,
c90049,,Денис Савельев,+7 (967) 597-05-86,user90049@example.ru,С.-Петербург,22.03.2024,,
c104678,Полина Сорокина,,+79521297212,user104678@example.ru,Красноярск,,2026-09-08,132174
c103920,Максим Крылов,,+79247892477,user103920@example.ru,Санкт-Петербург,,2026-01-30,126456
c102641,Алиса Мешкова,,+79437037001,user102641@example.ru,Новосибирск,,2026-07-24,154558
c90079,,Игорь Сорокин,+7 (978) 517-37-33,user90079@example.ru,Москва,06.07.2025,,
c104638,Мария Шилова,,+79191601600,user104638@example.ru,Красноярск,,2026-01-20,2924
c103408,Глеб Ермаков,,+79827068987,user103408@example.ru,Екатеринбург,,2026-06-17,3376
c91466,,Мария Гордеева,+7 (924) 313-08-31,user91466@example.ru,Екатеринбург,28.07.2024,,
c100471,Тимур Панин,,+79375341660,user100471@example.ru,Казань,,2026-09-06,95657
c102109,Павел Осипов,,+79239024089,user102109@example.ru,Санкт-Петербург,,2026-02-03,139081
c104416,,Елена Лаптева,+7 (987) 884-43-30,user104416@example.ru,С.-Петербург,17.02.2026,,
c90127,,Мария Юдина,+7 (960) 741-36-75,user90127@example.ru,С.-Петербург,23.10.2025,,
c103784,,Максим Нестеров,+7 (954) 430-59-89,user103784@example.ru,Екатеринбург,07.03.2024,,
c103419,Игорь Гордеев,,+79930033107,user103419@example.ru,Москва,,2026-01-24,18844
c104136,,Максим Тихонов,+7 (948) 751-15-59,user104136@example.ru,Екатеринбург,10.07.2024,,
c101310,Максим Мешков,,+79195048913,user101310@example.ru,Новосибирск,,2026-01-06,147214
c101399,Юлия Гордеева,,+79662604244,user101399@example.ru,Екатеринбург,,2026-05-08,44346
c102617,Глеб Крылов,,+79872928756,user102617@example.ru,Красноярск,,2026-05-11,154321
c101974,Артур Ермаков,,+79389182462,user101974@example.ru,Красноярск,,2026-01-24,139297
c102293,Юлия Мешкова,,+79296381558,user102293@example.ru,Москва,,2026-08-23,13931
c90699,,Вера Гордеева,+7 (987) 555-93-76,user90699@example.ru,Екатеринбург,29.02.2024,,
c103134,Денис Мешков,,+79738857350,user103134@example.ru,Москва,,2026-04-04,141715
c104355,,Полина Сорокина,+7 (921) 726-30-39,user104355@example.ru,Екатеринбург,25.04.2026,,
c101227,Егор Осипов,,+79758044259,user101227@example.ru,Москва,,2026-08-01,18724
c100141,Вера Крылова,,+79276705051,user100141@example.ru,Москва,,2026-03-24,534
c105873,,Юлия Ковальчук,+7 (911) 899-67-41,user105873@example.ru,С.-Петербург,06.12.2025,,
c106494,Елена Юдина,,+79581774418,user106494@example.ru,Екатеринбург,,2026-04-20,165464
c100485,Егор Мешков,,+79643990936,user100485@example.ru,Новосибирск,,2026-06-16,130991
c104290,Вера Лаптева,,+79521830755,user104290@example.ru,Казань,,2026-01-16,154824
c101458,Денис Юдин,,+79969486082,user101458@example.ru,Новосибирск,,2026-01-26,158730
c102760,Роман Юдин,,+79907556352,user102760@example.ru,Санкт-Петербург,,2026-07-20,48961
c92222,,Анна Осипова,+7 (938) 782-50-02,user92222@example.ru,Красноярск,17.12.2025,,
c92154,,Полина Лаптева,+7 (943) 199-60-19,user92154@example.ru,Екатеринбург,22.08.2025,,
c90835,,Тимур Осипов,+7 (931) 614-61-60,user90835@example.ru,Казань,14.10.2024,,
c100729,Алиса Юдина,,+79126122926,user100729@example.ru,Санкт-Петербург,,2026-06-12,78599
c105239,Ольга Савельева,,+79475789328,user105239@example.ru,Екатеринбург,,2026-05-02,157878
c102354,Вера Савельева,,+79573693368,user102354@example.ru,Новосибирск,,2026-05-05,26763
c102915,Павел Нестеров,,+79838408778,user102915@example.ru,Екатеринбург,,2026-07-07,59395
c106027,Юлия Сорокина,,+79590121571,user106027@example.ru,Казань,,2026-06-04,168453
c103925,,Елена Крылова,+7 (913) 700-13-39,user103925@example.ru,Москва,16.01.2025,,
c102659,Денис Панин,,+79256596235,user102659@example.ru,Санкт-Петербург,,2026-04-16,52401
c104640,Максим Зуев,,+79352651760,user104640@example.ru,Екатеринбург,,2026-03-24,2260
c90162,,Анна Крылова,+7 (970) 480-20-61,user90162@example.ru,Екатеринбург,13.08.2025,,
c100465,Наталья Гордеева,,+79923354581,user100465@example.ru,Казань,,2026-05-15,60314
c91025,,Максим Тихонов,+7 (917) 119-88-72,user91025@example.ru,Казань,23.10.2025,,
c104806,Ольга Савельева,,+79779118840,user104806@example.ru,Екатеринбург,,2026-07-12,77536
c90914,,Глеб Юдин,+7 (981) 184-19-11,user90914@example.ru,С.-Петербург,16.06.2024,,
c102610,,Роман Осипов,+7 (969) 410-31-89,user102610@example.ru,Казань,24.02.2026,,
c105573,Анна Ковальчук,,+79406901328,user105573@example.ru,Казань,,2026-05-29,166309
c104229,Лидия Нестерова,,+79236124906,user104229@example.ru,Санкт-Петербург,,2026-02-15,83254
c102613,Артур Сорокин,,+79619815669,user102613@example.ru,Новосибирск,,2026-03-11,6879
c92449,,Игорь Осипов,+7 (993) 868-38-78,user92449@example.ru,Красноярск,19.04.2025,,
c106876,Максим Ковальчук,,+79998377728,user106876@example.ru,Санкт-Петербург,,2026-07-22,93295
c104848,Максим Мешков,,+79973213540,user104848@example.ru,Санкт-Петербург,,2026-07-07,66875
c102104,Егор Гордеев,,+79378048703,user102104@example.ru,Москва,,2026-01-22,113867
c92181,,Тимур Шилов,+7 (925) 775-00-60,user92181@example.ru,Красноярск,11.03.2026,,
c90529,,Павел Ермаков,+7 (996) 648-35-93,user90529@example.ru,Екатеринбург,01.09.2024,,
c103948,Анна Ермакова,,+79711258530,user103948@example.ru,Санкт-Петербург,,2026-02-01,76952
c105191,Анна Шилова,,+79853918317,user105191@example.ru,Екатеринбург,,2026-08-01,134863
c100918,Максим Осипов,,+79117785407,user100918@example.ru,Санкт-Петербург,,2026-08-11,32771
c102424,Кирилл Гордеев,,+79508483955,user102424@example.ru,Санкт-Петербург,,2026-04-19,140920
c105920,Анна Лаптева,,+79931134216,user105920@example.ru,Екатеринбург,,2026-07-07,98215
c106002,Елена Савельева,,+79742425679,user106002@example.ru,Казань,,2026-07-27,114129
c106022,Вера Шилова,,+79264262783,user106022@example.ru,Красноярск,,2026-06-14,114901
c106198,Наталья Нестерова,,+79730423728,user106198@example.ru,Красноярск,,2026-01-31,73804
c106064,Елена Зуева,,+79805017808,user106064@example.ru,Новосибирск,,2026-05-06,82693
c101832,Анна Ермакова,,+79348103094,user101832@example.ru,Новосибирск,,2026-09-03,71710
c90137,,Алиса Мешкова,+7 (969) 537-45-17,user90137@example.ru,С.-Петербург,07.12.2024,,
c92324,,Кирилл Ковальчук,+7 (943) 172-02-13,user92324@example.ru,Красноярск,09.03.2025,,
c101530,Артур Панин,,+79925110443,user101530@example.ru,Санкт-Петербург,,2026-04-09,134862
c103277,Наталья Панина,,+79888058925,user103277@example.ru,Екатеринбург,,2026-01-21,37188
c103573,Ольга Осипова,,+79449898616,user103573@example.ru,Санкт-Петербург,,2026-02-02,49895
c91623,,Алиса Зуева,+7 (933) 666-26-40,user91623@example.ru,Красноярск,28.05.2025,,
c106062,Полина Осипова,,+79993239196,user106062@example.ru,Красноярск,,2026-02-02,154135
c105294,Денис Савельев,,+79659323722,user105294@example.ru,Екатеринбург,,2026-04-03,148536
c90805,,Кирилл Тихонов,+7 (965) 304-83-11,user90805@example.ru,Красноярск,07.03.2026,,
c90284,,Кирилл Тихонов,+7 (936) 394-04-04,user90284@example.ru,С.-Петербург,19.04.2025,,
c102983,Глеб Савельев,,+79680533909,user102983@example.ru,Екатеринбург,,2026-05-21,78543
c103986,Лидия Мешкова,,+79979431362,user103986@example.ru,Санкт-Петербург,,2026-01-29,81011
c103015,,Елена Крылова,+7 (932) 778-13-05,user103015@example.ru,Екатеринбург,05.04.2024,,
c106460,Ольга Ковальчук,,+79795588773,user106460@example.ru,Санкт-Петербург,,2026-03-31,163346
c105014,Алиса Юдина,,+79857088221,user105014@example.ru,Красноярск,,2026-03-22,177401
c91284,,Наталья Гордеева,+7 (995) 374-72-06,user91284@example.ru,Екатеринбург,25.06.2025,,
c101745,Роман Гордеев,,+79413217533,user101745@example.ru,Санкт-Петербург,,2026-08-03,26621
c102410,Ольга Савельева,,+79810748415,user102410@example.ru,Екатеринбург,,2026-01-26,58741
c104314,Глеб Мешков,,+79560650750,user104314@example.ru,Санкт-Петербург,,2026-07-26,44538
c91028,,Егор Шилов,+7 (989) 396-09-87,user91028@example.ru,Москва,18.10.2025,,
c91176,,Игорь Нестеров,+7 (952) 671-92-39,user91176@example.ru,Екатеринбург,26.08.2025,,
c105252,Максим Ковальчук,,+79301691852,user105252@example.ru,Москва,,2026-05-24,161439
c106832,Кирилл Лаптев,,+79972619376,user106832@example.ru,Екатеринбург,,2026-05-30,104634
c100435,Юлия Нестерова,,+79242038157,user100435@example.ru,Екатеринбург,,2026-06-08,3077
c102363,Артур Нестеров,,+79262492426,user102363@example.ru,Москва,,2026-01-29,150701
c103089,Максим Тихонов,,+79414598599,user103089@example.ru,Москва,,2026-07-23,109513
c106635,Наталья Белых,,+79128464989,user106635@example.ru,Красноярск,,2026-09-07,70176
c92239,,Павел Шилов,+7 (961) 461-04-22,user92239@example.ru,Москва,29.03.2025,,
c90357,,Денис Тихонов,+7 (970) 484-15-10,user90357@example.ru,С.-Петербург,08.11.2025,,
c102558,Артур Осипов,,+79721680385,user102558@example.ru,Новосибирск,,2026-02-11,33342
c90981,,Глеб Гордеев,+7 (923) 792-47-44,user90981@example.ru,Красноярск,03.03.2024,,
c104145,Вера Нестерова,,+79430950876,user104145@example.ru,Санкт-Петербург,,2026-02-07,35928
c91282,,Ольга Юдина,+7 (940) 608-16-34,user91282@example.ru,Новосибирск,07.02.2025,,
c102045,Павел Осипов,,+79693345180,user102045@example.ru,Санкт-Петербург,,2026-04-09,96158
c100836,Ольга Ковальчук,,+79221548202,user100836@example.ru,Санкт-Петербург,,2026-06-22,124319
c105372,,Артур Лаптев,+7 (970) 845-67-39,user105372@example.ru,Казань,23.11.2025,,
c106083,Артур Савельев,,+79375592225,user106083@example.ru,Москва,,2026-04-18,110544
c103351,Наталья Нестерова,,+79333924381,user103351@example.ru,Санкт-Петербург,,2026-05-27,165164
c105515,Наталья Савельева,,+79920784853,user105515@example.ru,Москва,,2026-05-11,123646
c106162,Игорь Савельев,,+79853287328,user106162@example.ru,Новосибирск,,2026-07-11,36710
c106279,Тимур Сорокин,,+79249703369,user106279@example.ru,Красноярск,,2026-05-09,63761
c105159,,Максим Ермаков,+7 (958) 583-86-78,user105159@example.ru,Новосибирск,09.07.2025,,
c102111,Алиса Нестерова,,+79218345478,user102111@example.ru,Красноярск,,2026-02-17,13056
c105360,,Анна Гордеева,+7 (932) 442-18-74,user105360@example.ru,Казань,25.10.2024,,
c103517,Денис Сорокин,,+79478109793,user103517@example.ru,Екатеринбург,,2026-08-07,104391
c105374,Максим Ермаков,,+79765138056,user105374@example.ru,Екатеринбург,,2026-07-23,170752
c90974,,Алиса Ковальчук,+7 (973) 474-01-38,user90974@example.ru,Москва,26.04.2024,,
c91921,,Роман Ковальчук,+7 (939) 059-55-62,user91921@example.ru,Новосибирск,17.03.2025,,
c101271,Кирилл Савельев,,+79274955454,user101271@example.ru,Екатеринбург,,2026-04-25,146478
c101473,Юлия Лаптева,,+79221696132,user101473@example.ru,Новосибирск,,2026-01-08,50166
c90002,,Тимур Мешков,+7 (948) 541-95-41,user90002@example.ru,Москва,16.11.2024,,
c104831,Полина Савельева,,+79139318906,user104831@example.ru,Москва,,2026-06-05,48353
c105094,Мария Савельева,,+79215655776,user105094@example.ru,Красноярск,,2026-07-08,179453
c91534,,Глеб Осипов,+7 (967) 692-56-95,user91534@example.ru,С.-Петербург,25.08.2025,,
c102462,Полина Лаптева,,+79775266991,user102462@example.ru,Новосибирск,,2026-04-03,137287
c91018,,Глеб Панин,+7 (950) 427-91-76,user91018@example.ru,Новосибирск,25.12.2025,,
c103121,Игорь Осипов,,+79479912823,user103121@example.ru,Новосибирск,,2026-05-10,159735
c106358,Роман Нестеров,,+79354737151,user106358@example.ru,Новосибирск,,2026-08-28,100931
c104272,Лидия Панина,,+79894729706,user104272@example.ru,Казань,,2026-02-19,29466
c100277,Кирилл Нестеров,,+79110952428,user100277@example.ru,Красноярск,,2026-05-29,164885
c104825,Анна Савельева,,+79707068644,user104825@example.ru,Казань,,2026-05-23,62145
c102472,Анна Шилова,,+79752262963,user102472@example.ru,Казань,,2026-03-23,86792
c100162,Максим Белых,,+79631383582,user100162@example.ru,Красноярск,,2026-06-06,45087
c91240,,Игорь Нестеров,+7 (943) 084-13-55,user91240@example.ru,Новосибирск,23.11.2024,,
c92021,,Глеб Лаптев,+7 (977) 713-69-86,user92021@example.ru,Москва,04.03.2025,,
c106004,Наталья Осипова,,+79440708498,user106004@example.ru,Красноярск,,2026-03-15,168072
c91111,,Лидия Сорокина,+7 (977) 001-60-41,user91111@example.ru,Казань,25.09.2024,,
c106385,Кирилл Лаптев,,+79826359437,user106385@example.ru,Екатеринбург,,2026-03-24,29641
c91114,,Артур Юдин,+7 (995) 321-81-35,user91114@example.ru,С.-Петербург,24.10.2025,,
c100621,Роман Зуев,,+79796653575,user100621@example.ru,Новосибирск,,2026-01-20,23886
c101493,Павел Лаптев,,+79912090595,user101493@example.ru,Новосибирск,,2026-04-27,51634
c101264,Роман Осипов,,+79715381304,user101264@example.ru,Москва,,2026-03-01,100471
c103236,Полина Савельева,,+79640370222,user103236@example.ru,Москва,,2026-01-28,107115
c104372,Мария Гордеева,,+79135290007,user104372@example.ru,Екатеринбург,,2026-05-02,107503
c102746,Максим Зуев,,+79931586286,user102746@example.ru,Казань,,2026-06-18,141664
c104117,Лидия Белых,,+79452691475,user104117@example.ru,Новосибирск,,2026-01-28,36948
c92415,,Вера Тихонова,+7 (981) 259-76-62,user92415@example.ru,Казань,13.06.2024,,
c100820,,Алиса Нестерова,+7 (914) 246-33-01,user100820@example.ru,Новосибирск,19.02.2026,,
c100819,Роман Крылов,,+79244000387,user100819@example.ru,Красноярск,,2026-03-19,160847
c105950,Полина Сорокина,,+79698848669,user105950@example.ru,Екатеринбург,,2026-08-20,87453
c91585,,Артур Мешков,+7 (924) 587-47-02,user91585@example.ru,Екатеринбург,13.06.2026,,
c101770,Анна Гордеева,,+79136656635,user101770@example.ru,Санкт-Петербург,,2026-04-30,29431
c100964,,Максим Белых,+7 (942) 809-80-07,user100964@example.ru,Красноярск,21.06.2026,,
c105644,Ольга Савельева,,+79817795754,user105644@example.ru,Санкт-Петербург,,2026-02-09,35577
c102508,Кирилл Белых,,+79803536746,user102508@example.ru,Санкт-Петербург,,2026-02-12,65525
c102782,Алиса Ермакова,,+79153007957,user102782@example.ru,Новосибирск,,2026-05-11,174281
c101201,Денис Савельев,,+79434122927,user101201@example.ru,Екатеринбург,,2026-04-18,177839
c103966,Артур Осипов,,+79858384339,user103966@example.ru,Новосибирск,,2026-09-06,59291
c90806,,Павел Ермаков,+7 (992) 591-36-73,user90806@example.ru,Екатеринбург,02.08.2024,,
c91659,,Роман Ермаков,+7 (956) 283-49-55,user91659@example.ru,Казань,30.01.2026,,
c103144,,Тимур Нестеров,+7 (967) 675-01-11,user103144@example.ru,Екатеринбург,28.08.2024,,
c105303,Тимур Гордеев,,+79845482181,user105303@example.ru,Казань,,2026-04-17,87072
c102099,Елена Савельева,,+79915889903,user102099@example.ru,Новосибирск,,2026-01-13,71341
c105218,Анна Лаптева,,+79151281388,user105218@example.ru,Красноярск,,2026-05-05,55194
c102923,Глеб Юдин,,+79418551465,user102923@example.ru,Казань,,2026-02-26,173995
c101567,Егор Ермаков,,+79728276752,user101567@example.ru,Екатеринбург,,2026-09-02,108405
c100943,Денис Белых,,+79556980805,user100943@example.ru,Санкт-Петербург,,2026-06-14,151875
c100898,Денис Крылов,,+79883297374,user100898@example.ru,Новосибирск,,2026-03-16,117056
c103185,Вера Ермакова,,+79799166838,user103185@example.ru,Новосибирск,,2026-04-16,143194
c106673,Лидия Тихонова,,+79386287496,user106673@example.ru,Москва,,2026-04-09,61476
c103042,Тимур Савельев,,+79705056142,user103042@example.ru,Красноярск,,2026-07-12,128815
c100540,,Лидия Зуева,+7 (964) 397-61-26,user100540@example.ru,Екатеринбург,10.05.2024,,
c104309,Максим Крылов,,+79132896346,user104309@example.ru,Екатеринбург,,2026-05-01,37924
c103807,,Игорь Сорокин,+7 (915) 610-45-18,user103807@example.ru,Екатеринбург,22.02.2025,,
c100618,Вера Панина,,+79955285323,user100618@example.ru,Новосибирск,,2026-08-11,168463
c104094,Мария Нестерова,,+79435057836,user104094@example.ru,Новосибирск,,2026-02-19,40116
c100590,Алиса Шилова,,+79522624971,user100590@example.ru,Екатеринбург,,2026-05-19,22565
c100619,Егор Лаптев,,+79419619105,user100619@example.ru,Новосибирск,,2026-08-15,101467
c103993,Вера Белых,,+79823401114,user103993@example.ru,Екатеринбург,,2026-06-05,74630
c100945,,Юлия Ковальчук,+7 (919) 222-00-46,user100945@example.ru,Новосибирск,31.10.2025,,
c90995,,Анна Ермакова,+7 (934) 678-76-19,user90995@example.ru,Екатеринбург,16.04.2026,,
c102531,Елена Белых,,+79156792380,user102531@example.ru,Екатеринбург,,2026-06-20,64356
c91996,,Анна Юдина,+7 (941) 459-55-22,user91996@example.ru,Казань,18.08.2025,,
c105300,Лидия Ермакова,,+79632146520,user105300@example.ru,Красноярск,,2026-05-01,107335
c102669,,Игорь Лаптев,+7 (945) 315-56-05,user102669@example.ru,Новосибирск,09.06.2025,,
c102216,Тимур Панин,,+79261686986,user102216@example.ru,Москва,,2026-09-04,11088
c104790,,Алиса Тихонова,+7 (923) 490-90-17,user104790@example.ru,Екатеринбург,03.06.2026,,
c104116,Тимур Белых,,+79464007546,user104116@example.ru,Санкт-Петербург,,2026-06-03,11684
c100236,Вера Нестерова,,+79777532947,user100236@example.ru,Москва,,2026-07-20,40053
c102160,Кирилл Белых,,+79264602552,user102160@example.ru,Москва,,2026-06-01,9288
c92376,,Кирилл Зуев,+7 (967) 545-40-73,user92376@example.ru,Красноярск,04.02.2026,,
c101226,,Алиса Нестерова,+7 (971) 877-10-61,user101226@example.ru,Казань,02.10.2025,,
c105717,Павел Осипов,,+79151372865,user105717@example.ru,Красноярск,,2026-03-18,41297
c102098,,Роман Осипов,+7 (959) 238-62-11,user102098@example.ru,Екатеринбург,10.06.2025,,
c103156,Мария Нестерова,,+79769613086,user103156@example.ru,Казань,,2026-07-04,35063
c104182,Егор Сорокин,,+79762916944,user104182@example.ru,Екатеринбург,,2026-01-06,24665
c100045,Денис Панин,,+79231482929,user100045@example.ru,Москва,,2026-03-31,117337
c101863,Анна Савельева,,+79899350673,user101863@example.ru,Казань,,2026-06-04,141958
c103747,Ольга Сорокина,,+79321332947,user103747@example.ru,Санкт-Петербург,,2026-05-03,29125
c102530,Елена Крылова,,+79794110465,user102530@example.ru,Екатеринбург,,2026-05-31,92294
c91417,,Максим Панин,+7 (972) 124-33-17,user91417@example.ru,Москва,15.11.2024,,
c90313,,Елена Крылова,+7 (924) 983-96-06,user90313@example.ru,Казань,25.03.2024,,
c105990,Лидия Белых,,+79362584647,user105990@example.ru,Красноярск,,2026-07-14,95930
c104572,Роман Мешков,,+79772607918,user104572@example.ru,Красноярск,,2026-03-04,145698
c91259,,Тимур Юдин,+7 (929) 258-47-60,user91259@example.ru,С.-Петербург,21.07.2025,,
c105748,Лидия Нестерова,,+79489736289,user105748@example.ru,Новосибирск,,2026-05-03,167060
c102702,Елена Крылова,,+79895048241,user102702@example.ru,Красноярск,,2026-02-06,1485
c104075,,Лидия Савельева,+7 (998) 505-68-97,user104075@example.ru,Красноярск,13.04.2026,,
c100886,Тимур Панин,,+79661667556,user100886@example.ru,Красноярск,,2026-02-22,163844
c90858,,Егор Юдин,+7 (930) 153-74-39,user90858@example.ru,Новосибирск,07.08.2025,,
c105000,Максим Белых,,+79160420420,user105000@example.ru,Казань,,2026-08-06,165394
c104035,Елена Шилова,,+79738776269,user104035@example.ru,Новосибирск,,2026-09-11,28657
c104805,Вера Лаптева,,+79399782393,user104805@example.ru,Москва,,2026-05-05,143812
c102898,Егор Ермаков,,+79862640878,user102898@example.ru,Екатеринбург,,2026-04-05,35097
c103474,,Роман Шилов,+7 (931) 240-30-57,user103474@example.ru,Екатеринбург,14.04.2026,,
c105233,Артур Юдин,,+79456774202,user105233@example.ru,Санкт-Петербург,,2026-01-07,172293
c106327,Елена Белых,,+79273465032,user106327@example.ru,Красноярск,,2026-07-28,61400
c90062,,Егор Панин,+7 (963) 241-66-74,user90062@example.ru,Казань,24.05.2025,,
c100399,,Роман Юдин,+7 (986) 697-63-46,user100399@example.ru,Новосибирск,03.05.2026,,
c105335,Анна Сорокина,,+79398500708,user105335@example.ru,Екатеринбург,,2026-05-24,135439
c100629,Кирилл Зуев,,+79150568595,user100629@example.ru,Екатеринбург,,2026-02-27,76079
c102118,Тимур Юдин,,+79561907608,user102118@example.ru,Новосибирск,,2026-04-01,51671
c100931,Полина Нестерова,,+79191425809,user100931@example.ru,Екатеринбург,,2026-01-31,146677
c105079,Юлия Лаптева,,+79770404618,user105079@example.ru,Санкт-Петербург,,2026-01-26,80570
c100718,Кирилл Нестеров,,+79455485461,user100718@example.ru,Новосибирск,,2026-07-09,117926
c92418,,Алиса Панина,+7 (965) 677-51-72,user92418@example.ru,Москва,12.08.2025,,
c100625,Денис Юдин,,+79570354192,user100625@example.ru,Красноярск,,2026-04-21,22879
c91068,,Кирилл Панин,+7 (927) 901-28-42,user91068@example.ru,Красноярск,28.12.2024,,
c103133,Полина Гордеева,,+79595763826,user103133@example.ru,Казань,,2026-07-16,150940
c103378,Анна Тихонова,,+79793223414,user103378@example.ru,Санкт-Петербург,,2026-01-29,141294
c100869,,Елена Гордеева,+7 (969) 934-79-10,user100869@example.ru,Москва,11.12.2025,,
c100830,Полина Юдина,,+79714806371,user100830@example.ru,Москва,,2026-07-28,124106
c100775,Роман Зуев,,+79811302371,user100775@example.ru,Новосибирск,,2026-07-31,29874
c104667,Денис Юдин,,+79345414485,user104667@example.ru,Новосибирск,,2026-08-29,11945
c102250,Роман Ковальчук,,+79943929193,user102250@example.ru,Новосибирск,,2026-08-09,133079
c106575,Мария Сорокина,,+79435526035,user106575@example.ru,Москва,,2026-07-18,71785
c91381,,Максим Ковальчук,+7 (998) 181-79-04,user91381@example.ru,Казань,31.07.2025,,
c104069,Полина Шилова,,+79222101781,user104069@example.ru,Москва,,2026-08-28,77838
c101504,Алиса Лаптева,,+79242038837,user101504@example.ru,Казань,,2026-06-01,111740
c105445,Алиса Крылова,,+79139929807,user105445@example.ru,Красноярск,,2026-01-29,41713
c90580,,Максим Зуев,+7 (916) 526-10-50,user90580@example.ru,Казань,14.03.2026,,
c100342,Артур Тихонов,,+79525083862,user100342@example.ru,Екатеринбург,,2026-05-11,148729
c100321,Мария Ковальчук,,+79808457788,user100321@example.ru,Красноярск,,2026-07-11,151249
c100276,Павел Зуев,,+79120428680,user100276@example.ru,Красноярск,,2026-06-23,110606
c91664,,Кирилл Ковальчук,+7 (948) 604-87-65,user91664@example.ru,С.-Петербург,25.11.2025,,
c104929,Полина Тихонова,,+79615017782,user104929@example.ru,Москва,,2026-06-25,153714
c102776,,Денис Гордеев,+7 (957) 344-24-34,user102776@example.ru,Новосибирск,19.01.2024,,
c105330,Егор Юдин,,+79377058507,user105330@example.ru,Красноярск,,2026-02-15,99414
c100152,Артур Юдин,,+79127605498,user100152@example.ru,Екатеринбург,,2026-08-19,5956
c90282,,Лидия Панина,+7 (987) 487-40-77,user90282@example.ru,Казань,19.08.2025,,
c100198,Вера Белых,,+79840046369,user100198@example.ru,Москва,,2026-07-30,68388
c103146,Глеб Тихонов,,+79567729800,user103146@example.ru,Санкт-Петербург,,2026-07-18,93948
c104972,Тимур Ермаков,,+79225380518,user104972@example.ru,Екатеринбург,,2026-08-04,15128
c100171,Егор Юдин,,+79212232558,user100171@example.ru,Москва,,2026-07-16,147408
c102043,Мария Белых,,+79570015977,user102043@example.ru,Москва,,2026-02-20,69340
c100366,,Вера Лаптева,+7 (952) 915-52-85,user100366@example.ru,Казань,30.08.2025,,
c92183,,Тимур Шилов,+7 (915) 290-05-93,user92183@example.ru,Екатеринбург,20.05.2026,,
c91981,,Тимур Зуев,+7 (982) 061-18-32,user91981@example.ru,Екатеринбург,26.10.2025,,
c91838,,Игорь Тихонов,+7 (914) 173-27-26,user91838@example.ru,Красноярск,29.03.2026,,
c100144,Максим Зуев,,+79710735239,user100144@example.ru,Новосибирск,,2026-03-06,161045
c90671,,Вера Нестерова,+7 (940) 253-48-39,user90671@example.ru,Красноярск,23.04.2025,,
c91652,,Глеб Нестеров,+7 (928) 262-62-13,user91652@example.ru,С.-Петербург,22.08.2025,,
c106044,Тимур Шилов,,+79234194412,user106044@example.ru,Москва,,2026-02-22,118146
c106557,Артур Белых,,+79707090759,user106557@example.ru,Новосибирск,,2026-01-06,139093
c101645,,Глеб Мешков,+7 (965) 200-65-25,user101645@example.ru,С.-Петербург,05.05.2024,,
c103325,Елена Крылова,,+79467457434,user103325@example.ru,Красноярск,,2026-06-12,91990
c104883,Роман Панин,,+79368744230,user104883@example.ru,Санкт-Петербург,,2026-04-28,119335
c101182,Полина Ермакова,,+79753993318,user101182@example.ru,Екатеринбург,,2026-04-02,48801
c105081,Роман Зуев,,+79681664769,user105081@example.ru,Москва,,2026-03-15,169484
c105897,Наталья Гордеева,,+79737816907,user105897@example.ru,Москва,,2026-02-02,87867
c105869,Вера Крылова,,+79184855793,user105869@example.ru,Москва,,2026-07-11,157067
c103377,Юлия Осипова,,+79522941943,user103377@example.ru,Санкт-Петербург,,2026-01-17,98934
c104714,Ольга Савельева,,+79763754539,user104714@example.ru,Красноярск,,2026-03-16,160687
c103983,Алиса Юдина,,+79703733913,user103983@example.ru,Красноярск,,2026-05-03,119775
c102040,Тимур Гордеев,,+79986316579,user102040@example.ru,Екатеринбург,,2026-01-19,83767
c103199,Артур Юдин,,+79906537079,user103199@example.ru,Новосибирск,,2026-05-19,33663
c101483,Павел Шилов,,+79576525022,user101483@example.ru,Красноярск,,2026-07-22,34628
c106014,Ольга Тихонова,,+79661050528,user106014@example.ru,Новосибирск,,2026-07-30,144242
c104435,Анна Ермакова,,+79292820925,user104435@example.ru,Новосибирск,,2026-02-28,123402
c105122,,Вера Лаптева,+7 (998) 328-26-41,user105122@example.ru,Красноярск,17.09.2024,,
c90653,,Роман Ермаков,+7 (930) 565-99-35,user90653@example.ru,Новосибирск,23.06.2024,,
c103805,,Кирилл Ковальчук,+7 (911) 656-93-96,user103805@example.ru,Красноярск,20.01.2025,,
c105830,Глеб Крылов,,+79738418291,user105830@example.ru,Москва,,2026-07-18,168164
c104163,,Денис Зуев,+7 (950) 720-37-37,user104163@example.ru,С.-Петербург,25.07.2025,,
c106175,,Максим Сорокин,+7 (920) 750-13-08,user106175@example.ru,С.-Петербург,10.07.2024,,
c103881,Елена Осипова,,+79726301266,user103881@example.ru,Екатеринбург,,2026-03-23,179959
c91271,,Артур Зуев,+7 (943) 033-54-38,user91271@example.ru,Новосибирск,09.05.2025,,
c104076,,Мария Зуева,+7 (918) 650-45-46,user104076@example.ru,Москва,25.10.2024,,
c100765,Ольга Савельева,,+79388651709,user100765@example.ru,Москва,,2026-02-08,107271
c105556,Тимур Юдин,,+79294093734,user105556@example.ru,Екатеринбург,,2026-08-07,168207
c100031,Артур Нестеров,,+79296038574,user100031@example.ru,Красноярск,,2026-03-13,95277
c91616,,Роман Савельев,+7 (937) 397-73-04,user91616@example.ru,Екатеринбург,11.01.2025,,
c100489,Денис Осипов,,+79139258920,user100489@example.ru,Москва,,2026-06-02,119738
c92315,,Кирилл Сорокин,+7 (978) 950-40-30,user92315@example.ru,С.-Петербург,10.02.2024,,
c91138,,Роман Гордеев,+7 (913) 094-55-76,user91138@example.ru,Красноярск,14.02.2024,,
c102537,Егор Нестеров,,+79611086291,user102537@example.ru,Москва,,2026-02-23,102689
c92412,,Денис Ковальчук,+7 (959) 146-25-96,user92412@example.ru,Екатеринбург,15.10.2024,,
c91073,,Тимур Юдин,+7 (960) 924-66-42,user91073@example.ru,Новосибирск,23.12.2025,,
c103387,Артур Панин,,+79774340833,user103387@example.ru,Санкт-Петербург,,2026-04-25,98923
c101869,,Елена Юдина,+7 (962) 612-11-46,user101869@example.ru,С.-Петербург,11.12.2024,,
c91917,,Наталья Лаптева,+7 (984) 480-47-23,user91917@example.ru,Казань,25.05.2024,,
c104219,Юлия Тихонова,,+79241272636,user104219@example.ru,Красноярск,,2026-06-19,176405
c90802,,Алиса Зуева,+7 (961) 226-35-24,user90802@example.ru,Красноярск,13.03.2024,,
c101650,Наталья Нестерова,,+79482141412,user101650@example.ru,Красноярск,,2026-06-24,40551
c101235,Вера Крылова,,+79327595728,user101235@example.ru,Москва,,2026-01-11,3452
c90666,,Тимур Нестеров,+7 (969) 469-25-05,user90666@example.ru,Екатеринбург,10.05.2025,,
c100447,Артур Гордеев,,+79534222896,user100447@example.ru,Новосибирск,,2026-01-27,83237
c91969,,Мария Сорокина,+7 (919) 790-75-74,user91969@example.ru,Москва,24.04.2026,,
c102803,Павел Юдин,,+79324091636,user102803@example.ru,Казань,,2026-08-24,169248
c102377,Лидия Ермакова,,+79771332867,user102377@example.ru,Екатеринбург,,2026-03-08,2589
c103572,Денис Зуев,,+79695657636,user103572@example.ru,Казань,,2026-02-12,85953
c104221,Лидия Сорокина,,+79679545925,user104221@example.ru,Казань,,2026-04-21,176251
c100713,Алиса Крылова,,+79513434597,user100713@example.ru,Санкт-Петербург,,2026-01-29,8348
c101315,Роман Лаптев,,+79992671318,user101315@example.ru,Казань,,2026-04-16,86936
c101919,Полина Нестерова,,+79779226604,user101919@example.ru,Красноярск,,2026-01-22,30771
c106519,Павел Гордеев,,+79124138414,user106519@example.ru,Екатеринбург,,2026-08-01,12865
c106732,,Вера Зуева,+7 (955) 696-27-43,user106732@example.ru,С.-Петербург,18.07.2025,,
c104254,Полина Нестерова,,+79320335394,user104254@example.ru,Москва,,2026-02-18,179372
c103802,Алиса Крылова,,+79462469259,user103802@example.ru,Санкт-Петербург,,2026-05-01,17440
c90649,,Вера Сорокина,+7 (984) 536-35-80,user90649@example.ru,Москва,17.03.2024,,
c102863,,Денис Крылов,+7 (926) 680-96-33,user102863@example.ru,Новосибирск,27.09.2025,,
c100216,Роман Ковальчук,,+79581179534,user100216@example.ru,Москва,,2026-08-04,15310
c106882,Кирилл Гордеев,,+79662584079,user106882@example.ru,Екатеринбург,,2026-06-05,84499
c102176,Елена Зуева,,+79592566200,user102176@example.ru,Москва,,2026-05-13,145335
c100604,Юлия Савельева,,+79152295676,user100604@example.ru,Казань,,2026-07-31,102907
c105857,Максим Крылов,,+79340911663,user105857@example.ru,Красноярск,,2026-01-12,89750
c101558,Ольга Тихонова,,+79301877211,user101558@example.ru,Красноярск,,2026-02-14,24089
c103982,,Полина Белых,+7 (975) 929-22-18,user103982@example.ru,Красноярск,14.05.2025,,
c100998,Игорь Савельев,,+79806053209,user100998@example.ru,Казань,,2026-03-30,34522
c102259,Игорь Ермаков,,+79546699465,user102259@example.ru,Новосибирск,,2026-04-07,116746
c105067,Алиса Шилова,,+79968918507,user105067@example.ru,Екатеринбург,,2026-08-10,144831
c104283,Анна Ковальчук,,+79916355153,user104283@example.ru,Москва,,2026-06-18,63676
c90246,,Ольга Нестерова,+7 (947) 480-43-62,user90246@example.ru,Казань,02.01.2025,,
c102305,,Алиса Гордеева,+7 (993) 808-54-67,user102305@example.ru,Новосибирск,25.04.2026,,
c100413,,Егор Ковальчук,+7 (956) 972-44-99,user100413@example.ru,Красноярск,30.01.2024,,
c92304,,Анна Гордеева,+7 (957) 592-04-18,user92304@example.ru,Новосибирск,24.09.2024,,
c91542,,Артур Зуев,+7 (913) 713-94-43,user91542@example.ru,Москва,12.10.2025,,
c105650,Денис Белых,,+79529288643,user105650@example.ru,Екатеринбург,,2026-07-26,131642
c100407,,Наталья Ковальчук,+7 (970) 109-49-58,user100407@example.ru,Казань,10.03.2025,,
c106025,Анна Осипова,,+79146387831,user106025@example.ru,Москва,,2026-05-15,47384
c105676,Полина Крылова,,+79797497882,user105676@example.ru,Санкт-Петербург,,2026-05-31,93050
c100479,Лидия Юдина,,+79785020177,user100479@example.ru,Санкт-Петербург,,2026-04-03,26537
c92005,,Полина Панина,+7 (917) 868-02-75,user92005@example.ru,Казань,23.12.2025,,
c102454,Полина Мешкова,,+79293486643,user102454@example.ru,Санкт-Петербург,,2026-03-08,43974
c105603,Вера Ковальчук,,+79375173650,user105603@example.ru,Санкт-Петербург,,2026-07-15,78954
c103339,Роман Савельев,,+79598869291,user103339@example.ru,Новосибирск,,2026-08-06,140331
c100249,,Елена Нестерова,+7 (944) 663-06-35,user100249@example.ru,Москва,21.06.2025,,
c104422,Роман Ермаков,,+79455156663,user104422@example.ru,Казань,,2026-04-16,81035
c90260,,Максим Белых,+7 (960) 351-76-53,user90260@example.ru,Екатеринбург,11.04.2024,,
c103680,Юлия Сорокина,,+79215784386,user103680@example.ru,Санкт-Петербург,,2026-01-22,9759
c106570,Елена Юдина,,+79328162134,user106570@example.ru,Новосибирск,,2026-05-31,131388
c103086,Артур Мешков,,+79600018551,user103086@example.ru,Екатеринбург,,2026-04-16,158884
c103926,Вера Белых,,+79244399605,user103926@example.ru,Казань,,2026-06-04,105483
c105776,Максим Савельев,,+79124634577,user105776@example.ru,Новосибирск,,2026-02-01,177163
c104389,Наталья Юдина,,+79670368761,user104389@example.ru,Казань,,2026-04-24,107346
c105833,Юлия Панина,,+79137730971,user105833@example.ru,Новосибирск,,2026-08-04,155331
c100721,Мария Нестерова,,+79304886868,user100721@example.ru,Казань,,2026-02-20,111417
c105527,Денис Ковальчук,,+79410599379,user105527@example.ru,Санкт-Петербург,,2026-06-26,29167
c101212,Егор Белых,,+79342634477,user101212@example.ru,Казань,,2026-03-08,126493
c102396,Кирилл Шилов,,+79929725737,user102396@example.ru,Екатеринбург,,2026-01-30,137324
c100786,Роман Крылов,,+79432743262,user100786@example.ru,Казань,,2026-05-29,96653
c100860,Павел Белых,,+79342264411,user100860@example.ru,Екатеринбург,,2026-04-27,89407
c103755,,Наталья Мешкова,+7 (981) 284-04-14,user103755@example.ru,Екатеринбург,08.02.2025,,
c91074,,Егор Зуев,+7 (936) 256-51-43,user91074@example.ru,С.-Петербург,14.01.2025,,
c101134,Полина Шилова,,+79397994584,user101134@example.ru,Москва,,2026-01-18,138383
c102847,Наталья Ковальчук,,+79229578297,user102847@example.ru,Екатеринбург,,2026-04-06,3766
c102487,Ольга Мешкова,,+79981086196,user102487@example.ru,Новосибирск,,2026-07-21,142262
c102818,Мария Сорокина,,+79998890745,user102818@example.ru,Казань,,2026-04-12,166322
c104022,Елена Осипова,,+79873681928,user104022@example.ru,Санкт-Петербург,,2026-06-18,160532
c102358,Елена Гордеева,,+79216895922,user102358@example.ru,Екатеринбург,,2026-08-12,114949
c102302,Лидия Белых,,+79333844318,user102302@example.ru,Новосибирск,,2026-03-31,6937
c92194,,Павел Сорокин,+7 (985) 696-19-02,user92194@example.ru,Новосибирск,19.03.2024,,
c101579,Алиса Савельева,,+79272000751,user101579@example.ru,Казань,,2026-01-20,165028
c106606,Павел Тихонов,,+79329825868,user106606@example.ru,Санкт-Петербург,,2026-05-14,132281
c91217,,Павел Ковальчук,+7 (953) 194-47-00,user91217@example.ru,Красноярск,31.05.2025,,
c104719,Глеб Шилов,,+79911466066,user104719@example.ru,Санкт-Петербург,,2026-01-07,157111
c102464,Юлия Лаптева,,+79292502755,user102464@example.ru,Москва,,2026-02-25,177930
c92366,,Ольга Шилова,+7 (974) 749-55-06,user92366@example.ru,Красноярск,06.10.2025,,
c106517,Юлия Юдина,,+79858258964,user106517@example.ru,Новосибирск,,2026-03-17,168112
c102169,Роман Савельев,,+79562210242,user102169@example.ru,Казань,,2026-03-29,13366
c105956,Тимур Савельев,,+79478976132,user105956@example.ru,Екатеринбург,,2026-06-18,52229
c100122,Елена Юдина,,+79513872859,user100122@example.ru,Москва,,2026-07-23,167433
c91628,,Лидия Зуева,+7 (962) 091-45-82,user91628@example.ru,С.-Петербург,15.06.2026,,
c102210,Алиса Осипова,,+79340985551,user102210@example.ru,Казань,,2026-05-20,29145
c106710,Алиса Зуева,,+79795764924,user106710@example.ru,Красноярск,,2026-05-08,122128
c106585,Вера Савельева,,+79830013413,user106585@example.ru,Красноярск,,2026-08-09,111806
c92467,,Вера Тихонова,+7 (953) 132-80-94,user92467@example.ru,Красноярск,02.04.2024,,
c106007,Кирилл Сорокин,,+79987065368,user106007@example.ru,Екатеринбург,,2026-08-03,67625
c103843,Глеб Белых,,+79833735469,user103843@example.ru,Санкт-Петербург,,2026-03-13,125568
c91726,,Юлия Нестерова,+7 (941) 858-34-60,user91726@example.ru,С.-Петербург,04.08.2025,,
c105608,Алиса Нестерова,,+79418832885,user105608@example.ru,Санкт-Петербург,,2026-07-04,66373
c102238,,Вера Сорокина,+7 (986) 023-35-31,user102238@example.ru,Новосибирск,01.06.2026,,
c105592,Тимур Гордеев,,+79558659375,user105592@example.ru,Красноярск,,2026-01-16,55893
c90791,,Алиса Ермакова,+7 (946) 228-87-70,user90791@example.ru,Казань,06.02.2024,,
c100253,Ольга Юдина,,+79633686497,user100253@example.ru,Красноярск,,2026-08-14,87731
c102231,Наталья Нестерова,,+79671216281,user102231@example.ru,Санкт-Петербург,,2026-03-21,175168
c92293,,Егор Гордеев,+7 (912) 587-79-40,user92293@example.ru,Красноярск,30.03.2025,,
c104609,Алиса Панина,,+79756434287,user104609@example.ru,Санкт-Петербург,,2026-06-03,83878
c103553,Елена Лаптева,,+79470773944,user103553@example.ru,Казань,,2026-06-06,50503
c92459,,Юлия Гордеева,+7 (999) 008-02-10,user92459@example.ru,Новосибирск,26.12.2024,,
c90280,,Ольга Нестерова,+7 (945) 545-71-79,user90280@example.ru,Москва,06.01.2026,,
c90253,,Вера Панина,+7 (969) 135-62-75,user90253@example.ru,Красноярск,30.01.2024,,
c103307,Мария Сорокина,,+79184742344,user103307@example.ru,Санкт-Петербург,,2026-03-29,514
c91516,,Глеб Крылов,+7 (989) 043-56-49,user91516@example.ru,Казань,10.11.2024,,
c100108,Егор Осипов,,+79322739913,user100108@example.ru,Новосибирск,,2026-01-24,138479
c100720,Лидия Мешкова,,+79341941971,user100720@example.ru,Санкт-Петербург,,2026-01-07,44017
c106251,Лидия Шилова,,+79685622030,user106251@example.ru,Екатеринбург,,2026-05-12,163267
c92138,,Юлия Зуева,+7 (911) 729-72-75,user92138@example.ru,Москва,14.08.2024,,
c101143,Игорь Сорокин,,+79194768533,user101143@example.ru,Екатеринбург,,2026-02-03,144005
c101870,Тимур Савельев,,+79275873789,user101870@example.ru,Красноярск,,2026-08-25,80602
c103758,Роман Сорокин,,+79379553973,user103758@example.ru,Красноярск,,2026-06-02,94880
c104439,Кирилл Шилов,,+79459739006,user104439@example.ru,Москва,,2026-02-10,125666
c101914,Ольга Савельева,,+79664099030,user101914@example.ru,Екатеринбург,,2026-05-21,35206
c101799,Кирилл Ковальчук,,+79106363243,user101799@example.ru,Новосибирск,,2026-07-07,155525
c91519,,Артур Ковальчук,+7 (987) 327-83-60,user91519@example.ru,С.-Петербург,13.02.2024,,
c101837,Кирилл Савельев,,+79748414444,user101837@example.ru,Новосибирск,,2026-05-10,98296
c100146,Артур Панин,,+79239196415,user100146@example.ru,Санкт-Петербург,,2026-06-16,75172
c106319,Алиса Зуева,,+79465185663,user106319@example.ru,Екатеринбург,,2026-03-22,101716
c91630,,Наталья Ермакова,+7 (993) 627-51-75,user91630@example.ru,Казань,10.05.2026,,
c105444,Максим Лаптев,,+79737621774,user105444@example.ru,Екатеринбург,,2026-01-16,56451
c105969,Алиса Панина,,+79867532334,user105969@example.ru,Москва,,2026-01-17,152768
c103296,Ольга Шилова,,+79410543868,user103296@example.ru,Новосибирск,,2026-05-18,13267
c106837,Игорь Панин,,+79114642015,user106837@example.ru,Казань,,2026-05-12,165380
c106849,Артур Белых,,+79102004042,user106849@example.ru,Екатеринбург,,2026-03-25,3848
c100204,Егор Панин,,+79559935482,user100204@example.ru,Москва,,2026-04-06,163112
c102515,Анна Белых,,+79100792833,user102515@example.ru,Новосибирск,,2026-08-25,5697
c91800,,Тимур Сорокин,+7 (934) 569-56-94,user91800@example.ru,Красноярск,29.01.2024,,
c105506,Роман Ковальчук,,+79451111260,user105506@example.ru,Новосибирск,,2026-02-03,14126
c92472,,Полина Тихонова,+7 (940) 795-79-29,user92472@example.ru,Красноярск,03.02.2024,,
c101384,Егор Крылов,,+79715491837,user101384@example.ru,Москва,,2026-05-27,80415
c100391,Лидия Тихонова,,+79820717051,user100391@example.ru,Санкт-Петербург,,2026-03-23,96328
c104784,Глеб Савельев,,+79123050559,user104784@example.ru,Новосибирск,,2026-02-26,10587
c101864,Егор Лаптев,,+79382202078,user101864@example.ru,Красноярск,,2026-05-08,87284
c102647,Лидия Шилова,,+79387029443,user102647@example.ru,Москва,,2026-05-10,13853
c90236,,Павел Мешков,+7 (918) 536-83-18,user90236@example.ru,Екатеринбург,07.08.2024,,
c101068,Артур Ковальчук,,+79964300894,user101068@example.ru,Новосибирск,,2026-05-09,30975
c103821,Тимур Савельев,,+79216675499,user103821@example.ru,Казань,,2026-03-09,32995
c102162,Кирилл Панин,,+79698958908,user102162@example.ru,Казань,,2026-06-14,167876
c102349,Юлия Ковальчук,,+79996526961,user102349@example.ru,Москва,,2026-06-23,49008
c102787,Тимур Гордеев,,+79686492698,user102787@example.ru,Санкт-Петербург,,2026-02-13,89227
c91795,,Полина Ермакова,+7 (954) 157-08-40,user91795@example.ru,Красноярск,02.04.2024,,
c100911,Кирилл Белых,,+79988529384,user100911@example.ru,Казань,,2026-01-26,63118
c105009,Алиса Нестерова,,+79237696115,user105009@example.ru,Москва,,2026-04-12,109885
c101155,Артур Ермаков,,+79199438754,user101155@example.ru,Красноярск,,2026-03-17,20841
c102333,,Анна Крылова,+7 (964) 943-68-79,user102333@example.ru,Екатеринбург,12.12.2025,,
c102413,Павел Панин,,+79384685488,user102413@example.ru,Санкт-Петербург,,2026-08-29,151777
c106662,Артур Сорокин,,+79241859490,user106662@example.ru,Красноярск,,2026-07-09,8129
c92378,,Артур Ермаков,+7 (932) 113-61-14,user92378@example.ru,Новосибирск,27.04.2025,,
c103700,,Игорь Мешков,+7 (971) 775-07-37,user103700@example.ru,Новосибирск,11.04.2026,,
c102439,Павел Шилов,,+79435904171,user102439@example.ru,Москва,,2026-03-21,61728
c102167,,Тимур Ковальчук,+7 (977) 682-42-43,user102167@example.ru,Москва,02.02.2025,,
c102843,Игорь Сорокин,,+79382373926,user102843@example.ru,Казань,,2026-08-30,81865
c105672,,Роман Юдин,+7 (996) 492-80-18,user105672@example.ru,Красноярск,16.08.2024,,
c104739,Анна Тихонова,,+79226019473,user104739@example.ru,Москва,,2026-02-26,109642
c101920,,Полина Юдина,+7 (910) 009-55-15,user101920@example.ru,Екатеринбург,09.11.2024,,
c101770,,Денис Юдин,+7 (970) 383-47-02,user101770@example.ru,Екатеринбург,20.01.2024,,
c90329,,Игорь Савельев,+7 (999) 321-62-05,user90329@example.ru,С.-Петербург,03.08.2024,,
c90434,,Мария Сорокина,+7 (934) 401-86-00,user90434@example.ru,Екатеринбург,18.01.2024,,
c106654,Наталья Гордеева,,+79431126274,user106654@example.ru,Казань,,2026-01-19,16992
c100022,Анна Зуева,,+79483163704,user100022@example.ru,Новосибирск,,2026-01-21,76956
c91724,,Глеб Зуев,+7 (923) 164-40-22,user91724@example.ru,С.-Петербург,24.07.2024,,
c105492,Глеб Ковальчук,,+79605976389,user105492@example.ru,Казань,,2026-05-20,60635
c92163,,Роман Лаптев,+7 (956) 107-06-98,user92163@example.ru,С.-Петербург,15.01.2025,,
c103016,Тимур Нестеров,,+79666236290,user103016@example.ru,Москва,,2026-08-08,56684
c105264,Елена Сорокина,,+79345140080,user105264@example.ru,Москва,,2026-05-27,152277
c104622,Тимур Ермаков,,+79347869588,user104622@example.ru,Казань,,2026-03-24,147725
c102316,,Наталья Ермакова,+7 (916) 853-34-48,user102316@example.ru,Красноярск,27.05.2025,,
c103163,Елена Лаптева,,+79619650906,user103163@example.ru,Красноярск,,2026-04-12,55482
c101996,,Максим Лаптев,+7 (924) 129-84-33,user101996@example.ru,Красноярск,14.12.2024,,
c92122,,Кирилл Шилов,+7 (990) 537-36-21,user92122@example.ru,Москва,22.08.2025,,
c102619,Лидия Белых,,+79306581763,user102619@example.ru,Красноярск,,2026-03-17,38496
c104958,Мария Шилова,,+79941411880,user104958@example.ru,Новосибирск,,2026-07-07,114462
c103373,Вера Крылова,,+79862844272,user103373@example.ru,Казань,,2026-05-10,81010
c103614,,Игорь Сорокин,+7 (965) 972-78-92,user103614@example.ru,Екатеринбург,20.02.2026,,
c91049,,Алиса Ковальчук,+7 (948) 749-49-01,user91049@example.ru,Красноярск,25.05.2024,,
c101503,Вера Ермакова,,+79515034949,user101503@example.ru,Казань,,2026-03-28,62180
c91219,,Кирилл Ермаков,+7 (910) 513-97-71,user91219@example.ru,Екатеринбург,02.02.2024,,
c104224,Юлия Шилова,,+79968477719,user104224@example.ru,Санкт-Петербург,,2026-02-08,161378
c103222,Тимур Ковальчук,,+79936188129,user103222@example.ru,Санкт-Петербург,,2026-08-03,48762
c101299,Мария Зуева,,+79261879760,user101299@example.ru,Казань,,2026-03-13,119976
c90247,,Полина Шилова,+7 (940) 999-44-17,user90247@example.ru,Екатеринбург,12.08.2024,,
c90382,,Полина Зуева,+7 (959) 821-49-65,user90382@example.ru,Новосибирск,02.01.2026,,
c102917,Тимур Тихонов,,+79515508932,user102917@example.ru,Санкт-Петербург,,2026-03-29,132857
c105881,Артур Гордеев,,+79189007566,user105881@example.ru,Красноярск,,2026-09-04,53880
c90376,,Лидия Крылова,+7 (928) 558-88-63,user90376@example.ru,Екатеринбург,08.02.2025,,
c91239,,Ольга Ермакова,+7 (997) 866-43-31,user91239@example.ru,Казань,01.06.2026,,
c91789,,Денис Гордеев,+7 (959) 329-18-24,user91789@example.ru,Екатеринбург,17.10.2025,,
c105921,Денис Сорокин,,+79417528567,user105921@example.ru,Новосибирск,,2026-06-07,120433
c100555,Наталья Осипова,,+79659839418,user100555@example.ru,Красноярск,,2026-02-27,20910
c103798,Игорь Зуев,,+79998141027,user103798@example.ru,Екатеринбург,,2026-05-06,4694
c104676,Тимур Юдин,,+79190563523,user104676@example.ru,Екатеринбург,,2026-06-29,127095
c100096,Алиса Белых,,+79756459712,user100096@example.ru,Санкт-Петербург,,2026-04-01,106626
c105660,Анна Панина,,+79247005639,user105660@example.ru,Санкт-Петербург,,2026-09-10,14258
c90991,,Артур Юдин,+7 (977) 115-21-75,user90991@example.ru,Екатеринбург,14.03.2025,,
c90941,,Егор Юдин,+7 (944) 104-36-20,user90941@example.ru,Красноярск,17.10.2025,,
c101529,Вера Белых,,+79337590325,user101529@example.ru,Казань,,2026-03-25,159347
c100894,,Наталья Савельева,+7 (911) 243-22-31,user100894@example.ru,С.-Петербург,07.09.2025,,
c104179,Вера Крылова,,+79443626865,user104179@example.ru,Москва,,2026-03-17,94998
c102257,Роман Зуев,,+79731186576,user102257@example.ru,Санкт-Петербург,,2026-05-15,118121
c105670,,Тимур Мешков,+7 (961) 195-05-66,user105670@example.ru,С.-Петербург,06.02.2025,,
c105257,Тимур Ермаков,,+79456365182,user105257@example.ru,Санкт-Петербург,,2026-02-04,37142
c101911,Кирилл Осипов,,+79849561117,user101911@example.ru,Екатеринбург,,2026-08-07,20550
c105983,,Роман Тихонов,+7 (942) 011-68-81,user105983@example.ru,Новосибирск,05.03.2025,,
c105401,Роман Тихонов,,+79202530974,user105401@example.ru,Казань,,2026-04-27,52573
c102883,Ольга Шилова,,+79301498350,user102883@example.ru,Москва,,2026-06-11,48391
c100509,Елена Лаптева,,+79247732494,user100509@example.ru,Красноярск,,2026-05-26,119580
c103264,,Максим Зуев,+7 (949) 849-03-54,user103264@example.ru,С.-Петербург,04.12.2024,,
c100981,Анна Гордеева,,+79186092939,user100981@example.ru,Казань,,2026-06-19,173062
c101916,Павел Зуев,,+79766118900,user101916@example.ru,Красноярск,,2026-02-23,99121
c105028,Глеб Шилов,,+79925241579,user105028@example.ru,Москва,,2026-01-31,147618
c105906,Лидия Панина,,+79169397575,user105906@example.ru,Санкт-Петербург,,2026-08-31,103266
c91505,,Игорь Тихонов,+7 (941) 877-13-11,user91505@example.ru,Екатеринбург,11.10.2024,,
c100072,Павел Юдин,,+79532046243,user100072@example.ru,Новосибирск,,2026-04-03,138111
c91497,,Тимур Юдин,+7 (922) 194-63-37,user91497@example.ru,Новосибирск,25.01.2026,,
c103504,Егор Ермаков,,+79274888286,user103504@example.ru,Санкт-Петербург,,2026-08-28,28404
c102416,Глеб Панин,,+79624602324,user102416@example.ru,Екатеринбург,,2026-04-20,165593
c91973,,Максим Панин,+7 (927) 337-11-38,user91973@example.ru,Москва,01.12.2024,,
c105246,Игорь Панин,,+79959195816,user105246@example.ru,Санкт-Петербург,,2026-06-20,75893
c104745,Наталья Осипова,,+79688807514,user104745@example.ru,Екатеринбург,,2026-02-16,54808
c106116,Тимур Зуев,,+79801927975,user106116@example.ru,Санкт-Петербург,,2026-08-12,179552
c101733,Полина Белых,,+79933121780,user101733@example.ru,Москва,,2026-07-03,173744
c90211,,Глеб Тихонов,+7 (931) 160-62-15,user90211@example.ru,Екатеринбург,25.08.2024,,
c92332,,Алиса Осипова,+7 (987) 671-92-61,user92332@example.ru,Казань,08.04.2024,,
c105020,Елена Гордеева,,+79153703955,user105020@example.ru,Казань,,2026-04-09,109905
c91707,,Вера Ковальчук,+7 (928) 506-04-88,user91707@example.ru,Новосибирск,21.01.2026,,
c102031,Ольга Юдина,,+79278064309,user102031@example.ru,Москва,,2026-05-29,10574
c91723,,Денис Ермаков,+7 (919) 517-65-01,user91723@example.ru,Екатеринбург,15.05.2026,,
c103287,Мария Панина,,+79210855115,user103287@example.ru,Санкт-Петербург,,2026-06-18,94379
c90691,,Глеб Гордеев,+7 (975) 069-75-98,user90691@example.ru,Казань,04.04.2025,,
c92029,,Мария Крылова,+7 (994) 741-76-22,user92029@example.ru,Новосибирск,22.04.2024,,
c90172,,Лидия Зуева,+7 (923) 493-06-26,user90172@example.ru,Красноярск,13.02.2025,,
c101474,,Мария Белых,+7 (929) 765-56-25,user101474@example.ru,Екатеринбург,08.12.2025,,
c100993,Мария Юдина,,+79443976095,user100993@example.ru,Москва,,2026-08-24,133470
c92438,,Лидия Крылова,+7 (987) 974-89-65,user92438@example.ru,Екатеринбург,26.03.2026,,
c101246,Игорь Ковальчук,,+79513199285,user101246@example.ru,Екатеринбург,,2026-04-14,98941
c92284,,Вера Мешкова,+7 (922) 863-86-04,user92284@example.ru,Екатеринбург,18.06.2026,,
c100227,Анна Осипова,,+79418137705,user100227@example.ru,Москва,,2026-04-15,135391
c100532,,Глеб Юдин,+7 (971) 943-46-78,user100532@example.ru,Москва,25.03.2025,,
c101909,,Лидия Шилова,+7 (982) 139-73-17,user101909@example.ru,Екатеринбург,29.07.2024,,
c90538,,Глеб Белых,+7 (948) 677-05-41,user90538@example.ru,Красноярск,25.11.2025,,
c102009,Лидия Панина,,+79404327066,user102009@example.ru,Красноярск,,2026-06-09,37185
c102209,Юлия Нестерова,,+79993430915,user102209@example.ru,Москва,,2026-07-05,138540
c104428,Глеб Мешков,,+79515677712,user104428@example.ru,Красноярск,,2026-08-12,89288
c92072,,Максим Сорокин,+7 (972) 732-36-36,user92072@example.ru,Новосибирск,27.03.2024,,
c91625,,Лидия Гордеева,+7 (941) 272-75-89,user91625@example.ru,Новосибирск,26.03.2024,,
c101112,Артур Белых,,+79792047252,user101112@example.ru,Екатеринбург,,2026-01-16,16816
c106321,Роман Савельев,,+79589740307,user106321@example.ru,Санкт-Петербург,,2026-08-03,68133
c101211,,Кирилл Белых,+7 (947) 437-23-29,user101211@example.ru,Новосибирск,12.07.2025,,
c91778,,Вера Шилова,+7 (989) 058-90-32,user91778@example.ru,Казань,01.04.2026,,
c105565,Полина Лаптева,,+79268706287,user105565@example.ru,Москва,,2026-01-12,94032
c103713,Павел Осипов,,+79496884592,user103713@example.ru,Санкт-Петербург,,2026-04-19,172681
c102675,Игорь Шилов,,+79959695256,user102675@example.ru,Красноярск,,2026-02-12,3805
c103587,Мария Юдина,,+79227791853,user103587@example.ru,Новосибирск,,2026-08-28,24996
c106430,Тимур Сорокин,,+79199664228,user106430@example.ru,Санкт-Петербург,,2026-09-02,75162
c102496,Юлия Белых,,+79134845665,user102496@example.ru,Казань,,2026-04-27,8642
c105196,Артур Зуев,,+79913372058,user105196@example.ru,Казань,,2026-03-18,34723
c103878,Тимур Савельев,,+79965717474,user103878@example.ru,Екатеринбург,,2026-07-03,159651
c91991,,Полина Крылова,+7 (937) 885-11-34,user91991@example.ru,Красноярск,06.05.2024,,
c104482,Денис Белых,,+79710390275,user104482@example.ru,Екатеринбург,,2026-09-02,155627
c100406,,Полина Юдина,+7 (914) 104-46-00,user100406@example.ru,Красноярск,20.01.2026,,
c90448,,Игорь Юдин,+7 (930) 004-72-24,user90448@example.ru,Красноярск,15.12.2025,,
c90007,,Полина Белых,+7 (938) 805-72-82,user90007@example.ru,Новосибирск,20.05.2025,,
c100932,Вера Шилова,,+79508861634,user100932@example.ru,Санкт-Петербург,,2026-06-01,131184
c104530,Игорь Мешков,,+79228828531,user104530@example.ru,Москва,,2026-03-05,60215
c91072,,Ольга Тихонова,+7 (976) 961-91-75,user91072@example.ru,Екатеринбург,25.09.2025,,
c100845,Кирилл Нестеров,,+79298074854,user100845@example.ru,Санкт-Петербург,,2026-09-03,116360
c91812,,Алиса Ковальчук,+7 (994) 275-59-30,user91812@example.ru,Новосибирск,28.10.2024,,
c90849,,Наталья Крылова,+7 (939) 220-79-29,user90849@example.ru,Казань,03.08.2024,,
c103421,Мария Юдина,,+79338094935,user103421@example.ru,Москва,,2026-06-03,106399
c104132,Егор Сорокин,,+79949061382,user104132@example.ru,Красноярск,,2026-03-24,143805
c92066,,Тимур Ковальчук,+7 (981) 379-27-39,user92066@example.ru,Новосибирск,27.03.2024,,
c106391,Кирилл Ермаков,,+79926149762,user106391@example.ru,Екатеринбург,,2026-01-06,152115
c104020,Глеб Тихонов,,+79106271568,user104020@example.ru,Екатеринбург,,2026-07-15,165450
c105431,,Полина Осипова,+7 (995) 559-66-79,user105431@example.ru,Казань,09.08.2024,,
c90911,,Ольга Белых,+7 (925) 311-37-44,user90911@example.ru,С.-Петербург,20.05.2025,,
c90558,,Игорь Мешков,+7 (920) 678-33-91,user90558@example.ru,Новосибирск,02.11.2024,,
c102086,Денис Юдин,,+79708465040,user102086@example.ru,Екатеринбург,,2026-07-18,104440
c103216,Денис Белых,,+79243529671,user103216@example.ru,Москва,,2026-09-03,49233
c102117,Мария Юдина,,+79156270824,user102117@example.ru,Санкт-Петербург,,2026-02-17,83165
c103008,,Денис Нестеров,+7 (913) 473-83-48,user103008@example.ru,Москва,09.04.2024,,
c101078,Елена Ковальчук,,+79871089060,user101078@example.ru,Москва,,2026-04-13,119655
c103936,Юлия Лаптева,,+79441420260,user103936@example.ru,Санкт-Петербург,,2026-06-26,167432
c104481,Елена Шилова,,+79279884459,user104481@example.ru,Екатеринбург,,2026-06-27,177949
c106233,Кирилл Шилов,,+79692425150,user106233@example.ru,Казань,,2026-05-06,3088
c102091,Павел Крылов,,+79552318780,user102091@example.ru,Красноярск,,2026-01-13,79540
c105145,Егор Ковальчук,,+79662012831,user105145@example.ru,Красноярск,,2026-05-23,51218
c103187,Наталья Крылова,,+79391145754,user103187@example.ru,Красноярск,,2026-02-07,48956
c106898,Максим Тихонов,,+79701404704,user106898@example.ru,Екатеринбург,,2026-05-08,84233
c103117,Елена Нестерова,,+79234776236,user103117@example.ru,Казань,,2026-02-25,7418
c92124,,Юлия Мешкова,+7 (918) 050-00-40,user92124@example.ru,С.-Петербург,19.11.2024,,
c100256,Алиса Шилова,,+79286243225,user100256@example.ru,Казань,,2026-04-13,69050
c91215,,Глеб Крылов,+7 (919) 958-74-54,user91215@example.ru,С.-Петербург,05.02.2025,,
c101417,Елена Шилова,,+79594759362,user101417@example.ru,Красноярск,,2026-03-12,155936
c91310,,Денис Шилов,+7 (913) 904-45-40,user91310@example.ru,Новосибирск,03.03.2025,,
c103561,Вера Гордеева,,+79399752538,user103561@example.ru,Екатеринбург,,2026-02-11,62238
c90669,,Максим Тихонов,+7 (968) 470-35-10,user90669@example.ru,Москва,24.03.2025,,
c104544,Полина Шилова,,+79162180809,user104544@example.ru,Санкт-Петербург,,2026-02-17,13441
c101186,Артур Тихонов,,+79143076850,user101186@example.ru,Казань,,2026-02-03,99186
c101425,Мария Ковальчук,,+79593876338,user101425@example.ru,Красноярск,,2026-05-08,163239
c90196,,Юлия Панина,+7 (984) 972-07-35,user90196@example.ru,С.-Петербург,24.03.2026,,
c92090,,Глеб Белых,+7 (977) 754-82-64,user92090@example.ru,С.-Петербург,03.12.2025,,
c100009,Максим Ермаков,,+79700812354,user100009@example.ru,Санкт-Петербург,,2026-06-30,115252
c105273,Егор Мешков,,+79225510675,user105273@example.ru,Казань,,2026-01-26,178679
c104688,Артур Сорокин,,+79683854865,user104688@example.ru,Новосибирск,,2026-04-09,167273
c91308,,Полина Осипова,+7 (992) 297-88-12,user91308@example.ru,Красноярск,05.09.2025,,
c100132,Наталья Сорокина,,+79843836770,user100132@example.ru,Красноярск,,2026-06-27,95752
c100503,Игорь Шилов,,+79401919423,user100503@example.ru,Новосибирск,,2026-03-23,18219
c92310,,Тимур Савельев,+7 (963) 818-83-22,user92310@example.ru,Екатеринбург,01.01.2025,,
c91697,,Наталья Мешкова,+7 (923) 751-56-10,user91697@example.ru,Москва,03.12.2025,,
c105761,Полина Панина,,+79367659731,user105761@example.ru,Казань,,2026-08-10,165894
c103954,,Артур Зуев,+7 (934) 856-71-35,user103954@example.ru,Москва,25.02.2024,,
c104448,Вера Лаптева,,+79310506661,user104448@example.ru,Красноярск,,2026-02-07,179981
c101512,Кирилл Мешков,,+79275151212,user101512@example.ru,Санкт-Петербург,,2026-07-23,104005
c105453,Роман Нестеров,,+79139687807,user105453@example.ru,Москва,,2026-05-18,38984
c104398,Мария Нестерова,,+79305271424,user104398@example.ru,Красноярск,,2026-02-07,7021
c101442,Игорь Зуев,,+79671526422,user101442@example.ru,Екатеринбург,,2026-06-07,85992
c101000,Денис Белых,,+79270330821,user101000@example.ru,Санкт-Петербург,,2026-05-16,87431
c106854,Полина Ковальчук,,+79695497416,user106854@example.ru,Москва,,2026-02-11,37131
c91893,,Роман Тихонов,+7 (983) 231-73-83,user91893@example.ru,Новосибирск,02.05.2024,,
c92043,,Анна Белых,+7 (929) 374-13-32,user92043@example.ru,Красноярск,16.02.2024,,
c104868,Полина Лаптева,,+79816765413,user104868@example.ru,Санкт-Петербург,,2026-07-16,50779
c101167,Мария Тихонова,,+79134789652,user101167@example.ru,Москва,,2026-06-16,106353
c101928,Роман Тихонов,,+79797998046,user101928@example.ru,Казань,,2026-08-01,7723
c102973,Глеб Нестеров,,+79541251085,user102973@example.ru,Красноярск,,2026-07-15,132599
c91258,,Ольга Ермакова,+7 (943) 597-83-83,user91258@example.ru,Красноярск,07.05.2024,,
c105474,Наталья Нестерова,,+79514619234,user105474@example.ru,Красноярск,,2026-05-04,143580
c104416,Кирилл Юдин,,+79609890786,user104416@example.ru,Москва,,2026-02-12,134531
c103660,Наталья Белых,,+79790481376,user103660@example.ru,Новосибирск,,2026-05-04,110755
c90042,,Артур Гордеев,+7 (953) 169-65-75,user90042@example.ru,Казань,06.02.2026,,
c90464,,Вера Ковальчук,+7 (929) 117-55-83,user90464@example.ru,Казань,15.01.2026,,
c100655,Роман Ковальчук,,+79486400197,user100655@example.ru,Санкт-Петербург,,2026-04-05,92593
c104539,,Максим Шилов,+7 (929) 596-20-73,user104539@example.ru,Красноярск,01.02.2025,,
c90910,,Роман Гордеев,+7 (983) 789-95-95,user90910@example.ru,Казань,07.10.2024,,
c91722,,Егор Зуев,+7 (998) 322-13-46,user91722@example.ru,Новосибирск,15.04.2026,,
c105654,,Юлия Ковальчук,+7 (944) 652-27-72,user105654@example.ru,Екатеринбург,27.12.2024,,
c90630,,Лидия Зуева,+7 (924) 878-22-33,user90630@example.ru,Москва,17.10.2025,,
c101525,Полина Осипова,,+79278232271,user101525@example.ru,Санкт-Петербург,,2026-08-29,78180
c91131,,Ольга Белых,+7 (972) 308-84-96,user91131@example.ru,Казань,28.07.2025,,
c106410,Глеб Крылов,,+79252165164,user106410@example.ru,Москва,,2026-03-27,107596
c101007,,Кирилл Крылов,+7 (937) 938-65-69,user101007@example.ru,Екатеринбург,11.09.2024,,
c90857,,Максим Шилов,+7 (922) 836-55-14,user90857@example.ru,Красноярск,30.08.2024,,
c102386,Наталья Осипова,,+79606182641,user102386@example.ru,Екатеринбург,,2026-03-19,57019
c91577,,Мария Ковальчук,+7 (936) 766-71-72,user91577@example.ru,Москва,03.06.2026,,
c102350,Ольга Осипова,,+79566810903,user102350@example.ru,Москва,,2026-04-20,7411
c100037,Максим Мешков,,+79544152538,user100037@example.ru,Екатеринбург,,2026-06-13,116786
c101835,Юлия Сорокина,,+79380955774,user101835@example.ru,Красноярск,,2026-06-09,152299
c90891,,Анна Крылова,+7 (968) 802-25-31,user90891@example.ru,С.-Петербург,29.06.2025,,
c104295,Анна Крылова,,+79954068640,user104295@example.ru,Москва,,2026-03-22,161920
c92169,,Алиса Сорокина,+7 (931) 960-60-41,user92169@example.ru,Москва,24.04.2025,,
c102274,Наталья Крылова,,+79515827200,user102274@example.ru,Екатеринбург,,2026-07-01,7768
c103224,Ольга Ковальчук,,+79399476511,user103224@example.ru,Казань,,2026-08-17,96937
c104990,Павел Сорокин,,+79653534208,user104990@example.ru,Казань,,2026-02-05,142077
c103512,Роман Осипов,,+79980209512,user103512@example.ru,Красноярск,,2026-07-22,26573
c105867,Тимур Зуев,,+79509626878,user105867@example.ru,Новосибирск,,2026-04-12,161484
c104236,Елена Белых,,+79600613788,user104236@example.ru,Новосибирск,,2026-08-21,72130
c100295,,Наталья Мешкова,+7 (915) 372-21-00,user100295@example.ru,Новосибирск,02.09.2025,,
c106150,Ольга Юдина,,+79187867983,user106150@example.ru,Новосибирск,,2026-02-19,75494
c91632,,Наталья Гордеева,+7 (997) 882-34-22,user91632@example.ru,С.-Петербург,18.03.2024,,
c103360,Игорь Зуев,,+79558125463,user103360@example.ru,Санкт-Петербург,,2026-03-20,119318
c106421,Глеб Мешков,,+79962168476,user106421@example.ru,Новосибирск,,2026-05-25,114928
c91412,,Кирилл Панин,+7 (953) 127-56-25,user91412@example.ru,Казань,07.07.2025,,
c101899,,Наталья Лаптева,+7 (999) 973-82-95,user101899@example.ru,Москва,03.05.2026,,
c91192,,Алиса Ермакова,+7 (980) 150-52-28,user91192@example.ru,Москва,24.10.2025,,
c106177,Ольга Лаптева,,+79164683869,user106177@example.ru,Новосибирск,,2026-06-28,96364
c102952,,Глеб Савельев,+7 (918) 173-43-33,user102952@example.ru,Казань,11.10.2024,,
c102561,,Лидия Крылова,+7 (953) 751-79-32,user102561@example.ru,Красноярск,31.05.2024,,
c102258,Роман Нестеров,,+79192230881,user102258@example.ru,Санкт-Петербург,,2026-01-12,114395
c102477,Ольга Ермакова,,+79290716545,user102477@example.ru,Казань,,2026-03-20,86624
c104367,Мария Юдина,,+79629478667,user104367@example.ru,Москва,,2026-08-09,113540
c101272,Павел Юдин,,+79790412373,user101272@example.ru,Москва,,2026-03-11,37736
c102070,Артур Шилов,,+79446474277,user102070@example.ru,Москва,,2026-01-09,105082
c91674,,Денис Юдин,+7 (973) 701-83-01,user91674@example.ru,Москва,24.05.2024,,
c102427,Лидия Савельева,,+79513733487,user102427@example.ru,Екатеринбург,,2026-03-18,105311
c91871,,Глеб Тихонов,+7 (911) 045-40-14,user91871@example.ru,Красноярск,16.03.2024,,
c102002,Ольга Нестерова,,+79105994362,user102002@example.ru,Казань,,2026-03-22,54129
c104817,Кирилл Крылов,,+79884014683,user104817@example.ru,Санкт-Петербург,,2026-03-31,144530
c90939,,Юлия Панина,+7 (986) 702-26-08,user90939@example.ru,Москва,04.01.2025,,
c105661,Мария Осипова,,+79362666453,user105661@example.ru,Санкт-Петербург,,2026-04-03,149048
c103650,Полина Нестерова,,+79909812256,user103650@example.ru,Новосибирск,,2026-03-25,115142
c102230,Егор Шилов,,+79458390467,user102230@example.ru,Казань,,2026-06-24,70474
c106797,Анна Ермакова,,+79345553002,user106797@example.ru,Красноярск,,2026-03-22,26084
c102727,Анна Крылова,,+79139006096,user102727@example.ru,Санкт-Петербург,,2026-07-10,2688
c90148,,Полина Нестерова,+7 (974) 271-11-44,user90148@example.ru,Новосибирск,31.12.2024,,
c91098,,Наталья Шилова,+7 (932) 237-14-42,user91098@example.ru,Москва,27.03.2025,,
c101926,Юлия Гордеева,,+79956562961,user101926@example.ru,Санкт-Петербург,,2026-04-03,9303
c92424,,Артур Гордеев,+7 (979) 107-45-77,user92424@example.ru,Новосибирск,20.11.2024,,
c101074,Артур Мешков,,+79614942792,user101074@example.ru,Санкт-Петербург,,2026-08-31,154005
c103226,Кирилл Гордеев,,+79213560106,user103226@example.ru,Казань,,2026-08-15,20661
c101067,Роман Сорокин,,+79954167396,user101067@example.ru,Екатеринбург,,2026-09-01,165982
c105407,Анна Ковальчук,,+79751302971,user105407@example.ru,Новосибирск,,2026-08-13,179379
c102033,Мария Крылова,,+79799433732,user102033@example.ru,Новосибирск,,2026-06-17,90611
c106736,Юлия Ковальчук,,+79343226817,user106736@example.ru,Москва,,2026-07-08,24808
c104932,Роман Крылов,,+79154501004,user104932@example.ru,Красноярск,,2026-03-09,134678
c105657,Анна Савельева,,+79227413386,user105657@example.ru,Москва,,2026-01-06,135608
c104307,Егор Белых,,+79722331981,user104307@example.ru,Красноярск,,2026-05-01,91027
c104660,Денис Осипов,,+79990386602,user104660@example.ru,Екатеринбург,,2026-03-19,50439
c101616,Павел Ковальчук,,+79718127652,user101616@example.ru,Екатеринбург,,2026-05-23,22772
c100042,,Полина Осипова,+7 (956) 054-93-93,user100042@example.ru,Казань,18.05.2026,,
c105528,Полина Крылова,,+79521407423,user105528@example.ru,Москва,,2026-01-15,33951
c104091,Елена Крылова,,+79814601332,user104091@example.ru,Санкт-Петербург,,2026-06-04,102239
c91525,,Павел Сорокин,+7 (965) 793-29-63,user91525@example.ru,Новосибирск,05.02.2026,,
c90161,,Глеб Савельев,+7 (911) 089-64-74,user90161@example.ru,Красноярск,28.02.2025,,
c92042,,Наталья Крылова,+7 (936) 198-07-73,user92042@example.ru,С.-Петербург,08.11.2025,,
c104202,Глеб Крылов,,+79298568802,user104202@example.ru,Новосибирск,,2026-05-19,35508
c106701,Егор Савельев,,+79896335099,user106701@example.ru,Екатеринбург,,2026-01-26,141648
c103768,Максим Крылов,,+79344080021,user103768@example.ru,Москва,,2026-01-07,141550
c106374,,Мария Гордеева,+7 (967) 048-31-68,user106374@example.ru,Красноярск,04.04.2026,,
c105425,Алиса Сорокина,,+79761464252,user105425@example.ru,Екатеринбург,,2026-03-23,62923
c90258,,Полина Савельева,+7 (953) 259-47-22,user90258@example.ru,Казань,01.01.2025,,
c102997,Игорь Нестеров,,+79561610146,user102997@example.ru,Казань,,2026-04-04,65578
c105220,Павел Гордеев,,+79898819554,user105220@example.ru,Санкт-Петербург,,2026-08-13,126900
c103731,Денис Савельев,,+79415517472,user103731@example.ru,Казань,,2026-05-28,57020
c102290,Роман Зуев,,+79126397520,user102290@example.ru,Новосибирск,,2026-01-15,122759
c101544,Павел Лаптев,,+79292831295,user101544@example.ru,Санкт-Петербург,,2026-01-30,74560
c102435,Павел Савельев,,+79631256551,user102435@example.ru,Екатеринбург,,2026-02-07,137970
c100668,Егор Крылов,,+79808865611,user100668@example.ru,Санкт-Петербург,,2026-07-23,55448
c104508,Игорь Юдин,,+79312952390,user104508@example.ru,Москва,,2026-07-14,46562
c90050,,Денис Савельев,+7 (913) 623-87-83,user90050@example.ru,Новосибирск,14.03.2026,,
c106730,Алиса Панина,,+79504170046,user106730@example.ru,Красноярск,,2026-04-14,32592
c103308,Алиса Савельева,,+79536471985,user103308@example.ru,Екатеринбург,,2026-04-19,77322
c101482,Мария Савельева,,+79647503558,user101482@example.ru,Новосибирск,,2026-03-26,156101
c100281,Тимур Осипов,,+79852356616,user100281@example.ru,Москва,,2026-01-26,47613
c100885,Полина Осипова,,+79635635870,user100885@example.ru,Москва,,2026-09-01,122137
c102188,Павел Ермаков,,+79574740849,user102188@example.ru,Екатеринбург,,2026-02-21,36973
c100403,Егор Ермаков,,+79813776301,user100403@example.ru,Санкт-Петербург,,2026-02-09,172174
c106628,Артур Сорокин,,+79309577900,user106628@example.ru,Казань,,2026-01-16,41330
c90843,,Денис Белых,+7 (998) 494-65-05,user90843@example.ru,Новосибирск,07.05.2024,,
c103077,Алиса Лаптева,,+79463009116,user103077@example.ru,Новосибирск,,2026-08-04,89977
c105524,Анна Ермакова,,+79108136119,user105524@example.ru,Казань,,2026-09-01,153233
c90723,,Егор Савельев,+7 (979) 083-79-49,user90723@example.ru,Казань,20.09.2025,,
c101564,Мария Юдина,,+79519293094,user101564@example.ru,Москва,,2026-03-26,44176
c106688,,Максим Мешков,+7 (979) 173-05-44,user106688@example.ru,Казань,17.01.2026,,
c90446,,Алиса Сорокина,+7 (997) 429-96-16,user90446@example.ru,С.-Петербург,17.04.2024,,
c102705,Алиса Шилова,,+79550748339,user102705@example.ru,Красноярск,,2026-08-09,99512
c102430,,Мария Шилова,+7 (951) 279-90-70,user102430@example.ru,Москва,08.12.2025,,
c104498,Полина Савельева,,+79505468050,user104498@example.ru,Санкт-Петербург,,2026-04-06,18614
c91066,,Максим Шилов,+7 (990) 220-76-25,user91066@example.ru,Москва,24.08.2024,,
c90115,,Мария Мешкова,+7 (994) 140-91-40,user90115@example.ru,С.-Петербург,09.09.2024,,
c100594,,Вера Гордеева,+7 (948) 429-75-06,user100594@example.ru,Екатеринбург,16.08.2025,,
c91748,,Вера Лаптева,+7 (980) 235-75-88,user91748@example.ru,Казань,12.01.2024,,
c91246,,Денис Савельев,+7 (970) 063-52-95,user91246@example.ru,Москва,10.09.2024,,
c103748,Наталья Шилова,,+79993962096,user103748@example.ru,Красноярск,,2026-03-18,12272
c105438,Анна Юдина,,+79979460069,user105438@example.ru,Москва,,2026-02-06,71652
c92027,,Юлия Ковальчук,+7 (972) 411-51-32,user92027@example.ru,С.-Петербург,14.03.2024,,
c102874,Максим Лаптев,,+79629893972,user102874@example.ru,Екатеринбург,,2026-04-08,79674
c103816,Ольга Мешкова,,+79848648321,user103816@example.ru,Екатеринбург,,2026-03-08,58153
c103165,,Юлия Тихонова,+7 (974) 004-75-63,user103165@example.ru,Москва,13.05.2025,,
c102364,,Артур Зуев,+7 (959) 442-17-16,user102364@example.ru,С.-Петербург,08.06.2025,,
c92126,,Максим Лаптев,+7 (994) 872-02-93,user92126@example.ru,Екатеринбург,22.04.2025,,
c102553,Алиса Ермакова,,+79346143145,user102553@example.ru,Санкт-Петербург,,2026-01-26,138011
c103127,Наталья Юдина,,+79883113037,user103127@example.ru,Екатеринбург,,2026-04-04,160692
c103539,Денис Тихонов,,+79111288703,user103539@example.ru,Казань,,2026-03-13,97764
c103798,,Егор Ермаков,+7 (920) 394-53-98,user103798@example.ru,Екатеринбург,11.07.2025,,
c92159,,Вера Ермакова,+7 (923) 699-75-48,user92159@example.ru,Новосибирск,17.09.2024,,
c106817,Наталья Лаптева,,+79243492857,user106817@example.ru,Новосибирск,,2026-06-08,129850
c106671,Полина Ковальчук,,+79841390535,user106671@example.ru,Казань,,2026-01-10,119380
c92292,,Артур Белых,+7 (962) 004-03-23,user92292@example.ru,Екатеринбург,25.09.2024,,
c103952,Игорь Белых,,+79202746230,user103952@example.ru,Екатеринбург,,2026-07-24,90463
c102684,,Денис Юдин,+7 (962) 797-19-91,user102684@example.ru,Екатеринбург,09.05.2024,,
c102180,Глеб Ермаков,,+79905584570,user102180@example.ru,Красноярск,,2026-01-04,67297
c104539,Егор Осипов,,+79847356508,user104539@example.ru,Казань,,2026-06-13,76730
c90126,,Наталья Ермакова,+7 (962) 257-10-24,user90126@example.ru,Красноярск,21.04.2024,,
c100511,Полина Тихонова,,+79310793981,user100511@example.ru,Москва,,2026-05-09,135861
c105414,Роман Ермаков,,+79368928649,user105414@example.ru,Красноярск,,2026-09-05,174217
c100192,Алиса Осипова,,+79391608964,user100192@example.ru,Красноярск,,2026-02-26,91888
c91042,,Егор Юдин,+7 (971) 911-58-64,user91042@example.ru,Красноярск,15.02.2025,,
c90956,,Кирилл Савельев,+7 (999) 100-69-32,user90956@example.ru,С.-Петербург,01.06.2025,,
c104780,Егор Тихонов,,+79360473097,user104780@example.ru,Санкт-Петербург,,2026-07-29,119011
c90869,,Елена Нестерова,+7 (979) 251-85-83,user90869@example.ru,Екатеринбург,08.04.2026,,
c105473,Ольга Панина,,+79983378708,user105473@example.ru,Казань,,2026-04-09,132770
c103546,Полина Сорокина,,+79187375188,user103546@example.ru,Екатеринбург,,2026-06-10,8983
c103708,Тимур Ковальчук,,+79795361635,user103708@example.ru,Екатеринбург,,2026-03-30,136389
c104512,Тимур Белых,,+79511372658,user104512@example.ru,Москва,,2026-06-27,177384
c102327,,Денис Нестеров,+7 (986) 921-49-92,user102327@example.ru,Новосибирск,12.09.2025,,
c91225,,Денис Белых,+7 (928) 257-91-84,user91225@example.ru,Красноярск,15.05.2025,,
c105928,Вера Тихонова,,+79749501539,user105928@example.ru,Красноярск,,2026-01-16,26731
c90624,,Лидия Сорокина,+7 (987) 546-38-79,user90624@example.ru,Екатеринбург,27.07.2024,,
c101704,Наталья Ковальчук,,+79330539178,user101704@example.ru,Новосибирск,,2026-05-12,115147
c105431,Игорь Сорокин,,+79670869640,user105431@example.ru,Красноярск,,2026-03-07,134077
c102933,Анна Сорокина,,+79145756545,user102933@example.ru,Санкт-Петербург,,2026-03-05,10410
c105216,Кирилл Гордеев,,+79566635978,user105216@example.ru,Красноярск,,2026-05-18,70771
c92044,,Роман Тихонов,+7 (947) 541-67-42,user92044@example.ru,Красноярск,29.01.2026,,
c92265,,Роман Осипов,+7 (945) 723-71-80,user92265@example.ru,Екатеринбург,23.01.2025,,
c101969,Роман Мешков,,+79483144952,user101969@example.ru,Новосибирск,,2026-08-13,158909
c90965,,Роман Панин,+7 (977) 852-63-53,user90965@example.ru,Екатеринбург,08.04.2024,,
c90952,,Артур Белых,+7 (928) 022-65-60,user90952@example.ru,Москва,25.03.2024,,
c100751,Денис Тихонов,,+79168817874,user100751@example.ru,Казань,,2026-04-28,43176
c101465,Максим Осипов,,+79281750798,user101465@example.ru,Новосибирск,,2026-04-02,40102
c100436,Роман Белых,,+79883306769,user100436@example.ru,Красноярск,,2026-05-16,57598
c90449,,Вера Панина,+7 (992) 759-93-94,user90449@example.ru,С.-Петербург,15.06.2025,,
c102640,Роман Лаптев,,+79890309757,user102640@example.ru,Екатеринбург,,2026-01-18,75380
c91607,,Вера Мешкова,+7 (920) 915-44-73,user91607@example.ru,С.-Петербург,24.06.2024,,
c105671,Денис Мешков,,+79756560274,user105671@example.ru,Казань,,2026-07-13,146578
c91785,,Денис Гордеев,+7 (917) 515-72-59,user91785@example.ru,Новосибирск,18.06.2024,,
c105842,Анна Нестерова,,+79761493647,user105842@example.ru,Екатеринбург,,2026-01-04,95662
c91107,,Алиса Савельева,+7 (972) 830-85-64,user91107@example.ru,Новосибирск,12.05.2024,,
c91555,,Кирилл Тихонов,+7 (938) 483-96-80,user91555@example.ru,Москва,08.03.2025,,
c103651,Наталья Лаптева,,+79283237730,user103651@example.ru,Новосибирск,,2026-06-27,175037
c106313,Анна Юдина,,+79447200146,user106313@example.ru,Казань,,2026-09-09,96130
c90947,,Елена Юдина,+7 (961) 143-41-39,user90947@example.ru,Казань,20.09.2024,,
c100020,Роман Ковальчук,,+79829734087,user100020@example.ru,Красноярск,,2026-06-02,148799
c106172,Алиса Мешкова,,+79609434270,user106172@example.ru,Казань,,2026-04-09,100893
c103528,Тимур Сорокин,,+79591972113,user103528@example.ru,Красноярск,,2026-04-21,52303
c105041,Игорь Зуев,,+79991899157,user105041@example.ru,Красноярск,,2026-07-30,55833
c106547,Елена Осипова,,+79758648605,user106547@example.ru,Новосибирск,,2026-07-06,69522
c104556,Игорь Крылов,,+79560881231,user104556@example.ru,Новосибирск,,2026-02-01,40898
c105162,Мария Нестерова,,+79986886532,user105162@example.ru,Москва,,2026-06-08,164927
c104185,Максим Сорокин,,+79274288588,user104185@example.ru,Казань,,2026-02-22,131492
c104941,Игорь Нестеров,,+79613321508,user104941@example.ru,Екатеринбург,,2026-08-01,43313
c103869,,Полина Ковальчук,+7 (978) 737-82-90,user103869@example.ru,Москва,31.03.2024,,
c106541,,Глеб Нестеров,+7 (993) 742-76-55,user106541@example.ru,Москва,29.03.2026,,
c105333,Денис Белых,,+79943191466,user105333@example.ru,Красноярск,,2026-09-04,123648
c106504,Егор Белых,,+79306455738,user106504@example.ru,Казань,,2026-03-18,97059
c101462,Тимур Сорокин,,+79441844673,user101462@example.ru,Москва,,2026-04-12,31868
c104261,Алиса Гордеева,,+79642643806,user104261@example.ru,Красноярск,,2026-07-10,96677
c90495,,Артур Лаптев,+7 (978) 764-85-24,user90495@example.ru,Красноярск,25.06.2026,,
c100797,Игорь Ермаков,,+79712060958,user100797@example.ru,Казань,,2026-06-12,24627
c100593,Глеб Белых,,+79281735483,user100593@example.ru,Екатеринбург,,2026-02-16,133705
c106451,Роман Юдин,,+79841658332,user106451@example.ru,Санкт-Петербург,,2026-03-25,61788
c105139,Денис Сорокин,,+79616250030,user105139@example.ru,Санкт-Петербург,,2026-06-19,160905
c103893,Юлия Гордеева,,+79276909954,user103893@example.ru,Екатеринбург,,2026-03-23,177723
c91569,,Анна Савельева,+7 (983) 241-23-44,user91569@example.ru,Казань,09.05.2026,,
c105566,,Глеб Ковальчук,+7 (976) 227-57-36,user105566@example.ru,С.-Петербург,26.03.2026,,
c100989,Павел Шилов,,+79846414613,user100989@example.ru,Екатеринбург,,2026-05-29,15207
c105737,Наталья Мешкова,,+79543094570,user105737@example.ru,Санкт-Петербург,,2026-08-04,27997
c103149,Вера Зуева,,+79960569485,user103149@example.ru,Красноярск,,2026-06-25,110768
c92409,,Наталья Зуева,+7 (991) 979-77-36,user92409@example.ru,С.-Петербург,18.06.2025,,
c102165,Денис Мешков,,+79109273130,user102165@example.ru,Новосибирск,,2026-04-21,143984
c103238,Егор Гордеев,,+79959597471,user103238@example.ru,Екатеринбург,,2026-08-26,8814
c101250,Егор Сорокин,,+79797887486,user101250@example.ru,Санкт-Петербург,,2026-07-17,107069
c106682,,Тимур Зуев,+7 (965) 760-08-47,user106682@example.ru,С.-Петербург,21.06.2024,,
c91117,,Павел Лаптев,+7 (947) 075-28-73,user91117@example.ru,Новосибирск,21.06.2025,,
c106381,Игорь Осипов,,+79685735048,user106381@example.ru,Красноярск,,2026-06-28,128737
c90523,,Павел Лаптев,+7 (960) 013-96-12,user90523@example.ru,Екатеринбург,10.02.2025,,
c92314,,Игорь Юдин,+7 (961) 302-44-40,user92314@example.ru,С.-Петербург,04.10.2025,,
c105482,Максим Крылов,,+79834147942,user105482@example.ru,Казань,,2026-08-08,3991
c90688,,Наталья Лаптева,+7 (977) 445-82-18,user90688@example.ru,Казань,22.10.2025,,
c101517,Егор Лаптев,,+79307528917,user101517@example.ru,Москва,,2026-02-22,148518
c106029,Вера Ермакова,,+79118740094,user106029@example.ru,Новосибирск,,2026-04-07,76250
c92342,,Павел Ермаков,+7 (968) 858-51-43,user92342@example.ru,Екатеринбург,25.06.2026,,
c106592,Алиса Нестерова,,+79722057699,user106592@example.ru,Москва,,2026-05-15,148698
c106658,Тимур Сорокин,,+79391920339,user106658@example.ru,Новосибирск,,2026-08-11,23912
c106365,Юлия Юдина,,+79978446370,user106365@example.ru,Красноярск,,2026-04-29,122258
c106156,Кирилл Сорокин,,+79816853346,user106156@example.ru,Санкт-Петербург,,2026-07-05,79044
c106573,Денис Мешков,,+79670638732,user106573@example.ru,Екатеринбург,,2026-08-06,162669
c101904,Глеб Белых,,+79658222107,user101904@example.ru,Казань,,2026-02-20,16481
c100573,Лидия Зуева,,+79907560634,user100573@example.ru,Москва,,2026-06-23,160023
c100496,Павел Нестеров,,+79907065187,user100496@example.ru,Красноярск,,2026-04-03,79120
c92326,,Глеб Ковальчук,+7 (942) 371-96-00,user92326@example.ru,Казань,12.03.2025,,
c92385,,Денис Крылов,+7 (917) 077-08-54,user92385@example.ru,Новосибирск,25.11.2025,,
c91971,,Анна Гордеева,+7 (957) 026-05-78,user91971@example.ru,Казань,15.11.2025,,
c104384,,Вера Мешкова,+7 (956) 871-36-07,user104384@example.ru,С.-Петербург,23.08.2024,,
c101731,Алиса Панина,,+79428143095,user101731@example.ru,Красноярск,,2026-04-16,40670
c90259,,Ольга Панина,+7 (916) 558-39-90,user90259@example.ru,Москва,05.06.2025,,
c92153,,Артур Лаптев,+7 (989) 336-10-47,user92153@example.ru,Новосибирск,17.10.2025,,
c102352,Роман Осипов,,+79887385129,user102352@example.ru,Москва,,2026-04-16,42667
c102267,Полина Нестерова,,+79130840554,user102267@example.ru,Екатеринбург,,2026-05-08,24335
c101351,Наталья Осипова,,+79248838364,user101351@example.ru,Новосибирск,,2026-05-25,18251
c103700,Игорь Юдин,,+79235082411,user103700@example.ru,Казань,,2026-01-08,64682
c101192,Лидия Ковальчук,,+79876325648,user101192@example.ru,Санкт-Петербург,,2026-07-03,38788
c92333,,Максим Ермаков,+7 (988) 461-34-86,user92333@example.ru,Новосибирск,11.06.2024,,
c91923,,Полина Нестерова,+7 (921) 279-65-59,user91923@example.ru,Новосибирск,03.11.2024,,
c102569,Юлия Нестерова,,+79466960884,user102569@example.ru,Екатеринбург,,2026-05-23,65177
c101124,Артур Ермаков,,+79903242829,user101124@example.ru,Красноярск,,2026-01-08,3856
c103897,Алиса Юдина,,+79954466767,user103897@example.ru,Новосибирск,,2026-01-22,47101
c104386,Тимур Шилов,,+79346763738,user104386@example.ru,Екатеринбург,,2026-03-06,104791
c92193,,Максим Лаптев,+7 (938) 058-09-49,user92193@example.ru,Москва,19.09.2025,,
c91024,,Анна Белых,+7 (980) 570-52-06,user91024@example.ru,Новосибирск,14.04.2025,,
c102603,Тимур Тихонов,,+79927285803,user102603@example.ru,Казань,,2026-05-23,138512
c90429,,Полина Ковальчук,+7 (941) 250-66-68,user90429@example.ru,Казань,11.03.2025,,
c100872,Лидия Юдина,,+79710110684,user100872@example.ru,Казань,,2026-07-11,54017
c103220,Тимур Зуев,,+79290858436,user103220@example.ru,Санкт-Петербург,,2026-08-19,141903
c100438,,Лидия Лаптева,+7 (978) 969-18-73,user100438@example.ru,Казань,28.02.2026,,
c105038,Ольга Сорокина,,+79247652004,user105038@example.ru,Красноярск,,2026-06-04,44552
c101489,Вера Тихонова,,+79968763644,user101489@example.ru,Москва,,2026-09-07,126434
c100298,Ольга Сорокина,,+79448245594,user100298@example.ru,Санкт-Петербург,,2026-01-11,75560
c91003,,Полина Мешкова,+7 (982) 126-08-46,user91003@example.ru,Екатеринбург,20.11.2024,,
c101587,Лидия Юдина,,+79139477578,user101587@example.ru,Новосибирск,,2026-04-05,155254
c105197,Мария Ермакова,,+79917231607,user105197@example.ru,Красноярск,,2026-02-20,32720
c90874,,Ольга Мешкова,+7 (963) 539-29-80,user90874@example.ru,Красноярск,17.11.2024,,
c104503,,Алиса Савельева,+7 (993) 803-08-02,user104503@example.ru,Красноярск,29.07.2024,,
c104001,Елена Сорокина,,+79319577208,user104001@example.ru,Новосибирск,,2026-08-31,169095
c106607,Вера Ермакова,,+79250329651,user106607@example.ru,Красноярск,,2026-03-29,156495
c100482,Павел Шилов,,+79920929375,user100482@example.ru,Екатеринбург,,2026-05-23,71063
c103352,Денис Нестеров,,+79109887559,user103352@example.ru,Казань,,2026-01-23,123930
c105054,Юлия Осипова,,+79109974399,user105054@example.ru,Екатеринбург,,2026-01-11,95040
c100899,Лидия Зуева,,+79280290159,user100899@example.ru,Казань,,2026-08-14,159910
c102251,Егор Сорокин,,+79782373387,user102251@example.ru,Казань,,2026-03-21,10872
c105799,Анна Савельева,,+79446868895,user105799@example.ru,Екатеринбург,,2026-06-21,161504
c103138,Лидия Савельева,,+79586513797,user103138@example.ru,Москва,,2026-02-01,99378
c102742,,Кирилл Сорокин,+7 (994) 018-42-61,user102742@example.ru,Екатеринбург,12.05.2026,,
c106799,Вера Ермакова,,+79150137741,user106799@example.ru,Новосибирск,,2026-06-24,152513
c101929,Егор Ермаков,,+79759327703,user101929@example.ru,Красноярск,,2026-07-18,28198
c102120,Елена Ковальчук,,+79753723497,user102120@example.ru,Новосибирск,,2026-04-25,153029
c92003,,Анна Осипова,+7 (958) 350-96-36,user92003@example.ru,Новосибирск,08.05.2024,,
c101456,Максим Мешков,,+79416002859,user101456@example.ru,Красноярск,,2026-07-09,6991
c104034,Лидия Ковальчук,,+79530571248,user104034@example.ru,Красноярск,,2026-06-13,170048
c104080,Кирилл Ковальчук,,+79755022497,user104080@example.ru,Красноярск,,2026-07-27,134093
c103298,Вера Нестерова,,+79976405152,user103298@example.ru,Москва,,2026-01-28,110315
c103151,Вера Шилова,,+79598864934,user103151@example.ru,Москва,,2026-01-04,76443
c90557,,Полина Ковальчук,+7 (984) 051-57-49,user90557@example.ru,С.-Петербург,07.04.2025,,
c91755,,Павел Белых,+7 (961) 941-87-47,user91755@example.ru,Новосибирск,18.04.2025,,
c105701,Кирилл Шилов,,+79654949614,user105701@example.ru,Новосибирск,,2026-02-18,1992
c100036,Кирилл Савельев,,+79768538547,user100036@example.ru,Казань,,2026-06-14,138990
c106095,Наталья Осипова,,+79163683689,user106095@example.ru,Москва,,2026-03-03,127174
c106108,Алиса Юдина,,+79620360587,user106108@example.ru,Москва,,2026-04-11,84794
c100267,Артур Савельев,,+79696903495,user100267@example.ru,Казань,,2026-08-27,29429
c105450,Игорь Гордеев,,+79636140774,user105450@example.ru,Санкт-Петербург,,2026-05-08,49717
c101050,Егор Панин,,+79863315754,user101050@example.ru,Новосибирск,,2026-08-31,177900
c91261,,Вера Зуева,+7 (926) 420-83-72,user91261@example.ru,Новосибирск,24.11.2024,,
c103677,,Артур Мешков,+7 (986) 934-45-51,user103677@example.ru,Москва,12.08.2025,,
c104280,Павел Гордеев,,+79768568227,user104280@example.ru,Москва,,2026-01-25,34346
c106589,Лидия Панина,,+79978311330,user106589@example.ru,Казань,,2026-09-02,54107
c102318,Полина Гордеева,,+79600652265,user102318@example.ru,Новосибирск,,2026-05-09,39265
c103675,Глеб Зуев,,+79317423784,user103675@example.ru,Москва,,2026-02-05,137211
c106843,Алиса Сорокина,,+79193168059,user106843@example.ru,Екатеринбург,,2026-01-30,153680
c101964,Игорь Нестеров,,+79768881481,user101964@example.ru,Красноярск,,2026-03-30,9865
c92136,,Игорь Ковальчук,+7 (942) 946-21-97,user92136@example.ru,Москва,01.06.2026,,
c101368,Павел Шилов,,+79591233953,user101368@example.ru,Екатеринбург,,2026-05-11,24758
c105912,Наталья Зуева,,+79663502815,user105912@example.ru,Новосибирск,,2026-02-20,84644
c103455,Денис Зуев,,+79373879359,user103455@example.ru,Екатеринбург,,2026-08-17,155482
c105805,Егор Зуев,,+79567301338,user105805@example.ru,Санкт-Петербург,,2026-01-27,17294
c104787,Лидия Зуева,,+79144973784,user104787@example.ru,Казань,,2026-03-17,82344
c104131,Максим Юдин,,+79484960833,user104131@example.ru,Москва,,2026-03-23,1726
c102743,Егор Сорокин,,+79599555153,user102743@example.ru,Казань,,2026-04-25,96677
c91407,,Лидия Нестерова,+7 (951) 832-74-13,user91407@example.ru,Екатеринбург,12.01.2025,,
c100155,,Кирилл Лаптев,+7 (996) 013-99-47,user100155@example.ru,Красноярск,19.10.2025,,
c91926,,Анна Савельева,+7 (957) 249-97-36,user91926@example.ru,Красноярск,15.06.2025,,
c104630,Артур Осипов,,+79916705962,user104630@example.ru,Казань,,2026-07-17,135848
c101403,Елена Зуева,,+79138622747,user101403@example.ru,Новосибирск,,2026-01-18,142111
c103880,Юлия Савельева,,+79584392203,user103880@example.ru,Екатеринбург,,2026-09-11,112368
c102678,Ольга Сорокина,,+79805882518,user102678@example.ru,Казань,,2026-08-08,126009
c103247,Игорь Панин,,+79694005428,user103247@example.ru,Красноярск,,2026-06-17,175524
c106329,Лидия Крылова,,+79635976744,user106329@example.ru,Екатеринбург,,2026-02-11,178289
c105730,Мария Панина,,+79927611687,user105730@example.ru,Новосибирск,,2026-01-30,65337
c101379,Кирилл Мешков,,+79324379239,user101379@example.ru,Казань,,2026-05-27,13404
c105339,Алиса Юдина,,+79314319697,user105339@example.ru,Красноярск,,2026-04-04,173227
c103903,Юлия Мешкова,,+79319453442,user103903@example.ru,Казань,,2026-05-02,93180
c90511,,Глеб Лаптев,+7 (968) 165-04-75,user90511@example.ru,Новосибирск,23.11.2025,,
c100513,Роман Ковальчук,,+79257082177,user100513@example.ru,Москва,,2026-03-29,73691
c103227,Ольга Панина,,+79746203223,user103227@example.ru,Екатеринбург,,2026-08-16,123688
c101546,Денис Гордеев,,+79938122375,user101546@example.ru,Екатеринбург,,2026-04-17,157738
c101522,Вера Шилова,,+79346800273,user101522@example.ru,Казань,,2026-04-16,60056
c101326,Артур Белых,,+79331875361,user101326@example.ru,Новосибирск,,2026-07-19,44515
c103063,Юлия Сорокина,,+79338457274,user103063@example.ru,Красноярск,,2026-06-01,56608
c101102,Кирилл Сорокин,,+79772038490,user101102@example.ru,Екатеринбург,,2026-07-29,75899
c100606,Лидия Сорокина,,+79423125812,user100606@example.ru,Екатеринбург,,2026-08-30,72425
c106395,Мария Нестерова,,+79541927776,user106395@example.ru,Красноярск,,2026-02-15,56062
c90370,,Полина Лаптева,+7 (915) 489-47-93,user90370@example.ru,Москва,27.01.2024,,
c100439,Павел Зуев,,+79364134863,user100439@example.ru,Санкт-Петербург,,2026-01-30,88753
c91122,,Тимур Белых,+7 (924) 054-69-98,user91122@example.ru,Екатеринбург,16.09.2025,,
c102894,Мария Зуева,,+79583474647,user102894@example.ru,Казань,,2026-05-08,59073
c92431,,Елена Ковальчук,+7 (988) 773-69-34,user92431@example.ru,Екатеринбург,18.08.2024,,
c101721,Егор Савельев,,+79385691734,user101721@example.ru,Красноярск,,2026-08-28,124053
c105888,,Елена Зуева,+7 (987) 449-84-76,user105888@example.ru,Новосибирск,10.03.2025,,
c102806,Полина Ермакова,,+79662356954,user102806@example.ru,Екатеринбург,,2026-03-23,121000
c103103,Анна Сорокина,,+79821755935,user103103@example.ru,Красноярск,,2026-08-15,154624
c92091,,Егор Зуев,+7 (941) 102-68-14,user92091@example.ru,Москва,10.02.2025,,
c106226,Максим Белых,,+79920096984,user106226@example.ru,Красноярск,,2026-07-20,6736
c101488,Юлия Ковальчук,,+79388275134,user101488@example.ru,Екатеринбург,,2026-09-09,94646
c104266,Максим Шилов,,+79355093708,user104266@example.ru,Красноярск,,2026-08-11,11371
c91574,,Павел Ермаков,+7 (912) 633-61-52,user91574@example.ru,Екатеринбург,04.09.2024,,
c92306,,Павел Крылов,+7 (921) 326-06-76,user92306@example.ru,Москва,05.04.2025,,
c106602,Лидия Тихонова,,+79309944980,user106602@example.ru,Казань,,2026-07-05,12043
c105454,Кирилл Гордеев,,+79792692804,user105454@example.ru,Екатеринбург,,2026-07-06,18552
c101607,Глеб Ермаков,,+79425116810,user101607@example.ru,Красноярск,,2026-03-15,147145
c103761,Артур Ермаков,,+79570195167,user103761@example.ru,Казань,,2026-02-24,70993
c102939,Глеб Осипов,,+79646677067,user102939@example.ru,Екатеринбург,,2026-02-12,59712
c92457,,Максим Савельев,+7 (972) 501-88-16,user92457@example.ru,Новосибирск,15.11.2024,,
c91300,,Лидия Гордеева,+7 (972) 511-47-13,user91300@example.ru,Екатеринбург,04.10.2024,,
c106223,Денис Шилов,,+79776928036,user106223@example.ru,Москва,,2026-02-20,38270
c105773,Алиса Лаптева,,+79805950198,user105773@example.ru,Екатеринбург,,2026-02-25,23592
c101908,Артур Лаптев,,+79640047887,user101908@example.ru,Москва,,2026-04-04,103176
c92092,,Максим Осипов,+7 (996) 291-61-46,user92092@example.ru,С.-Петербург,14.06.2026,,
c91133,,Павел Юдин,+7 (910) 913-78-23,user91133@example.ru,С.-Петербург,28.01.2026,,
c106207,Елена Белых,,+79895035924,user106207@example.ru,Екатеринбург,,2026-02-28,134888
c101669,Игорь Лаптев,,+79699694107,user101669@example.ru,Москва,,2026-03-18,70599
c91222,,Глеб Юдин,+7 (949) 925-35-26,user91222@example.ru,С.-Петербург,17.08.2024,,
c91612,,Денис Панин,+7 (935) 365-41-10,user91612@example.ru,С.-Петербург,26.11.2024,,
c102578,Кирилл Зуев,,+79819762490,user102578@example.ru,Москва,,2026-04-02,65385
c100724,Вера Савельева,,+79611511905,user100724@example.ru,Екатеринбург,,2026-08-17,6985
c92450,,Кирилл Савельев,+7 (977) 960-81-49,user92450@example.ru,Красноярск,07.12.2025,,
c100804,Юлия Осипова,,+79584128396,user100804@example.ru,Красноярск,,2026-06-03,145661
c102285,Максим Лаптев,,+79753954683,user102285@example.ru,Новосибирск,,2026-01-31,8552
c91550,,Елена Сорокина,+7 (975) 131-75-97,user91550@example.ru,Москва,27.06.2025,,
c105071,Игорь Панин,,+79908612276,user105071@example.ru,Москва,,2026-03-16,91571
c90720,,Полина Ковальчук,+7 (915) 761-06-57,user90720@example.ru,Казань,11.02.2024,,
c103108,Юлия Ермакова,,+79954754925,user103108@example.ru,Красноярск,,2026-06-03,108542
c91124,,Полина Тихонова,+7 (939) 338-60-43,user91124@example.ru,С.-Петербург,27.01.2024,,
c91779,,Максим Ермаков,+7 (925) 154-30-88,user91779@example.ru,Екатеринбург,19.05.2026,,
c106540,Тимур Сорокин,,+79535922690,user106540@example.ru,Казань,,2026-09-03,141365
c103267,Павел Ковальчук,,+79395712753,user103267@example.ru,Новосибирск,,2026-06-23,58846
c100503,,Елена Зуева,+7 (967) 827-26-29,user100503@example.ru,Казань,17.01.2025,,
c90452,,Максим Зуев,+7 (991) 781-35-57,user90452@example.ru,С.-Петербург,08.04.2025,,
c106438,Наталья Ермакова,,+79947690109,user106438@example.ru,Екатеринбург,,2026-01-16,19290
c105212,Тимур Тихонов,,+79187265856,user105212@example.ru,Екатеринбург,,2026-04-29,19569
c102335,Тимур Юдин,,+79975398496,user102335@example.ru,Санкт-Петербург,,2026-05-15,97377
c105840,Алиса Крылова,,+79420546640,user105840@example.ru,Москва,,2026-01-17,95750
c90192,,Мария Ковальчук,+7 (944) 529-88-30,user90192@example.ru,Москва,10.12.2025,,
c103935,Роман Лаптев,,+79284235702,user103935@example.ru,Екатеринбург,,2026-03-15,74870
c104050,Артур Крылов,,+79437384433,user104050@example.ru,Новосибирск,,2026-05-15,125371
c91374,,Елена Ковальчук,+7 (987) 567-14-63,user91374@example.ru,Казань,19.09.2024,,
c90010,,Артур Крылов,+7 (938) 471-74-31,user90010@example.ru,Красноярск,11.03.2025,,
c106442,Мария Панина,,+79603238686,user106442@example.ru,Казань,,2026-06-16,104025
c90679,,Роман Гордеев,+7 (936) 756-32-94,user90679@example.ru,Красноярск,29.08.2025,,
c103381,Роман Шилов,,+79525767254,user103381@example.ru,Екатеринбург,,2026-09-11,159163
c100194,Роман Савельев,,+79431486456,user100194@example.ru,Красноярск,,2026-02-21,93010
c101141,Кирилл Нестеров,,+79491507890,user101141@example.ru,Екатеринбург,,2026-05-05,52677
c91183,,Максим Ермаков,+7 (927) 784-95-59,user91183@example.ru,Новосибирск,01.02.2025,,
c105535,Егор Тихонов,,+79822842955,user105535@example.ru,Екатеринбург,,2026-06-29,79174
c106576,Вера Панина,,+79119810248,user106576@example.ru,Казань,,2026-07-07,44945
c105595,Егор Крылов,,+79627691546,user105595@example.ru,Новосибирск,,2026-04-09,128666
c102303,Вера Лаптева,,+79804444200,user102303@example.ru,Казань,,2026-02-18,75699
c104305,Вера Тихонова,,+79364500718,user104305@example.ru,Санкт-Петербург,,2026-05-15,164275
c103889,Глеб Сорокин,,+79682713227,user103889@example.ru,Красноярск,,2026-04-15,99992
c100900,Анна Мешкова,,+79862790803,user100900@example.ru,Казань,,2026-03-02,158200
c106745,Полина Мешкова,,+79624668430,user106745@example.ru,Новосибирск,,2026-03-28,99710
c101848,Вера Панина,,+79211414561,user101848@example.ru,Санкт-Петербург,,2026-06-28,112331
c92012,,Лидия Зуева,+7 (928) 291-29-86,user92012@example.ru,Москва,23.01.2026,,
c103273,,Мария Осипова,+7 (961) 556-65-66,user103273@example.ru,Москва,05.09.2025,,
c102316,Роман Ермаков,,+79228718082,user102316@example.ru,Екатеринбург,,2026-07-28,177691
c91549,,Лидия Мешкова,+7 (939) 130-54-89,user91549@example.ru,Красноярск,27.02.2025,,
c103847,Анна Белых,,+79279656351,user103847@example.ru,Екатеринбург,,2026-04-03,97423
c105061,Глеб Ковальчук,,+79725693195,user105061@example.ru,Казань,,2026-02-18,61407
c103023,Игорь Юдин,,+79732317139,user103023@example.ru,Новосибирск,,2026-05-19,118281
c105437,Максим Сорокин,,+79901837614,user105437@example.ru,Москва,,2026-07-23,156565
c105597,Мария Гордеева,,+79549263057,user105597@example.ru,Санкт-Петербург,,2026-07-28,99954
c106873,Полина Сорокина,,+79256579913,user106873@example.ru,Санкт-Петербург,,2026-05-16,48505
c105753,Павел Мешков,,+79635913044,user105753@example.ru,Москва,,2026-03-10,19383
c100229,Мария Юдина,,+79568367067,user100229@example.ru,Санкт-Петербург,,2026-06-07,72243
c103127,,Анна Осипова,+7 (919) 178-27-75,user103127@example.ru,Казань,18.05.2024,,
c100756,Максим Лаптев,,+79489714209,user100756@example.ru,Красноярск,,2026-01-26,20836
c90047,,Анна Мешкова,+7 (959) 036-47-36,user90047@example.ru,Екатеринбург,10.08.2024,,
c103131,Полина Белых,,+79883167452,user103131@example.ru,Санкт-Петербург,,2026-07-02,17370
c102543,Глеб Белых,,+79413769705,user102543@example.ru,Санкт-Петербург,,2026-03-04,160668
c106310,Лидия Нестерова,,+79218745206,user106310@example.ru,Москва,,2026-08-21,813
c101509,Елена Зуева,,+79880094759,user101509@example.ru,Москва,,2026-03-14,16914
c102440,Артур Лаптев,,+79171347636,user102440@example.ru,Красноярск,,2026-02-17,143553
c90408,,Роман Мешков,+7 (950) 651-75-21,user90408@example.ru,Екатеринбург,30.05.2026,,
c106758,,Артур Ковальчук,+7 (927) 829-45-65,user106758@example.ru,С.-Петербург,26.05.2024,,
c106465,,Наталья Юдина,+7 (917) 749-14-50,user106465@example.ru,Новосибирск,24.11.2024,,
c103345,Артур Ермаков,,+79834007483,user103345@example.ru,Санкт-Петербург,,2026-03-19,178163
c102833,Артур Белых,,+79719918444,user102833@example.ru,Санкт-Петербург,,2026-03-23,3181
c101438,,Роман Сорокин,+7 (925) 927-52-91,user101438@example.ru,Новосибирск,05.06.2026,,
c106222,Вера Ковальчук,,+79721244948,user106222@example.ru,Санкт-Петербург,,2026-03-27,158032
c104728,Роман Шилов,,+79126394079,user104728@example.ru,Новосибирск,,2026-05-11,123851
c101614,Артур Мешков,,+79701419000,user101614@example.ru,Красноярск,,2026-01-27,87376
c105363,Максим Шилов,,+79521172685,user105363@example.ru,Москва,,2026-06-09,176878
c90175,,Алиса Ермакова,+7 (937) 551-28-33,user90175@example.ru,Казань,31.03.2025,,
c104503,Юлия Осипова,,+79553605081,user104503@example.ru,Санкт-Петербург,,2026-04-26,23673
c92258,,Игорь Савельев,+7 (983) 077-90-54,user92258@example.ru,С.-Петербург,30.06.2024,,
c101199,Артур Шилов,,+79299737882,user101199@example.ru,Москва,,2026-08-05,121035
c104491,Роман Крылов,,+79642091970,user104491@example.ru,Казань,,2026-06-14,29668
c102368,Роман Сорокин,,+79557432641,user102368@example.ru,Екатеринбург,,2026-04-16,65358
c101542,,Роман Лаптев,+7 (965) 897-87-83,user101542@example.ru,Новосибирск,14.01.2025,,
c104865,Лидия Ковальчук,,+79907395882,user104865@example.ru,Красноярск,,2026-05-01,94255
c103672,,Роман Тихонов,+7 (922) 181-59-20,user103672@example.ru,Новосибирск,31.08.2025,,
c104351,Мария Юдина,,+79676806806,user104351@example.ru,Москва,,2026-05-11,43366
c104306,Роман Шилов,,+79490641961,user104306@example.ru,Санкт-Петербург,,2026-01-23,81127
c101469,Максим Ковальчук,,+79824576002,user101469@example.ru,Новосибирск,,2026-04-25,27309
c104693,Анна Лаптева,,+79405364787,user104693@example.ru,Санкт-Петербург,,2026-04-21,75857
c91729,,Денис Тихонов,+7 (970) 760-49-41,user91729@example.ru,С.-Петербург,01.07.2024,,
c105623,Ольга Шилова,,+79470466288,user105623@example.ru,Красноярск,,2026-03-02,154085
c104532,,Роман Зуев,+7 (992) 017-09-44,user104532@example.ru,Москва,24.01.2026,,
c101174,Юлия Тихонова,,+79507346857,user101174@example.ru,Казань,,2026-04-09,21041
c101831,Юлия Ковальчук,,+79274061851,user101831@example.ru,Москва,,2026-08-22,108606
c103130,Юлия Ермакова,,+79655843989,user103130@example.ru,Екатеринбург,,2026-01-21,76376
c105828,Игорь Лаптев,,+79974230431,user105828@example.ru,Казань,,2026-09-02,63935
c105204,Лидия Юдина,,+79441138618,user105204@example.ru,Казань,,2026-04-18,984
c105811,Артур Белых,,+79913942247,user105811@example.ru,Новосибирск,,2026-07-04,34223
c101800,Елена Мешкова,,+79869229379,user101800@example.ru,Красноярск,,2026-04-15,1004
c104257,Мария Савельева,,+79762039625,user104257@example.ru,Казань,,2026-02-02,77977
c105060,Мария Савельева,,+79975650328,user105060@example.ru,Новосибирск,,2026-02-18,138446
c91236,,Елена Шилова,+7 (942) 234-94-87,user91236@example.ru,Красноярск,29.06.2025,,
c100979,Тимур Зуев,,+79571854991,user100979@example.ru,Москва,,2026-05-02,101643
c104115,Игорь Нестеров,,+79179321626,user104115@example.ru,Красноярск,,2026-04-18,114353
c91972,,Вера Ермакова,+7 (994) 160-63-48,user91972@example.ru,Казань,18.06.2025,,
c102035,Полина Шилова,,+79742783921,user102035@example.ru,Москва,,2026-02-04,177581
c103460,Кирилл Зуев,,+79627632188,user103460@example.ru,Екатеринбург,,2026-04-12,6762
c91853,,Артур Ермаков,+7 (920) 303-70-25,user91853@example.ru,Новосибирск,25.05.2025,,
c102606,Елена Сорокина,,+79504335962,user102606@example.ru,Санкт-Петербург,,2026-08-27,20048
c90254,,Наталья Ковальчук,+7 (922) 536-36-17,user90254@example.ru,Казань,08.02.2024,,
c106432,,Полина Крылова,+7 (996) 617-32-20,user106432@example.ru,Новосибирск,04.02.2026,,
c101259,Наталья Гордеева,,+79933468514,user101259@example.ru,Красноярск,,2026-08-23,124450
c106520,Анна Мешкова,,+79925305374,user106520@example.ru,Санкт-Петербург,,2026-03-08,96365
c104774,Тимур Мешков,,+79702380215,user104774@example.ru,Новосибирск,,2026-08-12,147982
c91063,,Игорь Гордеев,+7 (912) 234-98-92,user91063@example.ru,Москва,09.12.2025,,
c90347,,Егор Савельев,+7 (965) 390-45-78,user90347@example.ru,Красноярск,29.06.2025,,
c100578,,Юлия Осипова,+7 (991) 079-66-15,user100578@example.ru,С.-Петербург,06.06.2025,,
c90073,,Алиса Осипова,+7 (973) 307-16-78,user90073@example.ru,С.-Петербург,23.03.2024,,
c105476,Игорь Сорокин,,+79252242333,user105476@example.ru,Казань,,2026-08-31,28851
c100923,Мария Тихонова,,+79466383626,user100923@example.ru,Санкт-Петербург,,2026-07-14,34681
c103859,Роман Белых,,+79525187708,user103859@example.ru,Москва,,2026-03-09,38508
c105890,,Павел Гордеев,+7 (919) 186-17-22,user105890@example.ru,Казань,04.11.2024,,
c105468,Вера Белых,,+79546248621,user105468@example.ru,Екатеринбург,,2026-03-01,135344
c105984,Лидия Осипова,,+79217636003,user105984@example.ru,Казань,,2026-04-06,90255
c91948,,Егор Лаптев,+7 (968) 962-73-75,user91948@example.ru,Москва,24.05.2024,,
c106160,Максим Лаптев,,+79644364589,user106160@example.ru,Новосибирск,,2026-01-28,108334
c106696,,Павел Шилов,+7 (947) 733-32-60,user106696@example.ru,Красноярск,28.05.2025,,
c106112,Тимур Осипов,,+79510138268,user106112@example.ru,Екатеринбург,,2026-01-11,9679
c101046,Кирилл Савельев,,+79208110461,user101046@example.ru,Москва,,2026-06-14,120406
c101217,Тимур Панин,,+79849657422,user101217@example.ru,Санкт-Петербург,,2026-03-16,138182
c91120,,Алиса Белых,+7 (946) 867-68-34,user91120@example.ru,Москва,06.01.2025,,
c100704,Мария Белых,,+79376972498,user100704@example.ru,Казань,,2026-05-08,92475
c106369,Игорь Зуев,,+79656621819,user106369@example.ru,Екатеринбург,,2026-03-03,34775
c100254,Вера Шилова,,+79621020022,user100254@example.ru,Екатеринбург,,2026-06-19,4455
c90279,,Денис Савельев,+7 (917) 673-94-47,user90279@example.ru,С.-Петербург,15.12.2025,,
c101169,Полина Сорокина,,+79565870351,user101169@example.ru,Москва,,2026-06-24,45526
c102720,Полина Тихонова,,+79850575495,user102720@example.ru,Новосибирск,,2026-06-30,174851
c102801,Мария Савельева,,+79477809421,user102801@example.ru,Казань,,2026-02-25,160800
c100866,Максим Мешков,,+79315311589,user100866@example.ru,Казань,,2026-02-28,5303
c102736,Мария Савельева,,+79438357588,user102736@example.ru,Новосибирск,,2026-04-06,127953
c106452,Глеб Лаптев,,+79654297438,user106452@example.ru,Новосибирск,,2026-08-09,77821
c104535,Елена Нестерова,,+79811679755,user104535@example.ru,Новосибирск,,2026-06-10,138672
c92442,,Павел Гордеев,+7 (912) 562-95-95,user92442@example.ru,Казань,28.07.2025,,
c100566,Алиса Ковальчук,,+79394058969,user100566@example.ru,Санкт-Петербург,,2026-05-22,52910
c103382,Егор Ермаков,,+79688551212,user103382@example.ru,Екатеринбург,,2026-02-05,30278
c103417,Лидия Шилова,,+79513299103,user103417@example.ru,Москва,,2026-05-17,98219
c92178,,Ольга Сорокина,+7 (971) 625-13-04,user92178@example.ru,С.-Петербург,11.11.2024,,
c101468,Глеб Нестеров,,+79212987241,user101468@example.ru,Новосибирск,,2026-02-07,122793
c104203,Елена Лаптева,,+79723510547,user104203@example.ru,Санкт-Петербург,,2026-09-02,68805
c103623,,Алиса Зуева,+7 (920) 937-28-68,user103623@example.ru,Екатеринбург,09.02.2025,,
c100714,Лидия Савельева,,+79347346476,user100714@example.ru,Новосибирск,,2026-02-15,37601
c90195,,Роман Крылов,+7 (928) 695-40-18,user90195@example.ru,С.-Петербург,10.11.2024,,
c105699,,Максим Панин,+7 (988) 694-54-71,user105699@example.ru,Казань,01.06.2024,,
c103925,Максим Шилов,,+79114534873,user103925@example.ru,Москва,,2026-07-18,132340
c102902,Павел Ковальчук,,+79380865670,user102902@example.ru,Москва,,2026-09-04,11511
c103609,Вера Лаптева,,+79691002218,user103609@example.ru,Екатеринбург,,2026-04-08,17531
c106006,Павел Панин,,+79997088524,user106006@example.ru,Красноярск,,2026-07-13,14524
c105269,Глеб Осипов,,+79162402785,user105269@example.ru,Казань,,2026-05-02,53488
c104110,Вера Ковальчук,,+79293087902,user104110@example.ru,Екатеринбург,,2026-03-31,151442
c91100,,Денис Сорокин,+7 (932) 620-04-79,user91100@example.ru,Москва,03.03.2024,,
c102589,Мария Панина,,+79236774635,user102589@example.ru,Красноярск,,2026-05-24,148566
c106899,,Мария Крылова,+7 (921) 823-68-42,user106899@example.ru,С.-Петербург,06.05.2025,,
c100876,Кирилл Ковальчук,,+79148429765,user100876@example.ru,Казань,,2026-01-16,49135
c106625,Егор Юдин,,+79331062489,user106625@example.ru,Санкт-Петербург,,2026-02-11,106082
c101291,,Ольга Гордеева,+7 (929) 445-91-36,user101291@example.ru,Екатеринбург,12.04.2026,,
c91216,,Егор Гордеев,+7 (911) 771-88-62,user91216@example.ru,Красноярск,27.03.2025,,
c100986,Глеб Панин,,+79874833849,user100986@example.ru,Казань,,2026-03-29,134518
c106709,Полина Мешкова,,+79279397754,user106709@example.ru,Новосибирск,,2026-03-20,131017
c105538,Глеб Нестеров,,+79663084484,user105538@example.ru,Казань,,2026-07-10,4154
c100547,,Алиса Тихонова,+7 (927) 073-33-58,user100547@example.ru,Екатеринбург,29.08.2025,,
c106562,Кирилл Савельев,,+79722790480,user106562@example.ru,Новосибирск,,2026-04-28,92582
c90778,,Алиса Ковальчук,+7 (979) 215-99-03,user90778@example.ru,Казань,20.09.2025,,
c91012,,Юлия Панина,+7 (966) 179-45-73,user91012@example.ru,Красноярск,21.05.2026,,
c101906,Мария Нестерова,,+79943391815,user101906@example.ru,Красноярск,,2026-09-01,4163
c90673,,Полина Тихонова,+7 (971) 422-09-61,user90673@example.ru,Новосибирск,08.02.2025,,
c100679,Роман Сорокин,,+79510814924,user100679@example.ru,Красноярск,,2026-02-09,31259
c102999,Павел Юдин,,+79569020894,user102999@example.ru,Новосибирск,,2026-07-21,124547
c92186,,Роман Осипов,+7 (977) 343-18-87,user92186@example.ru,С.-Петербург,04.04.2025,,
c105125,Роман Белых,,+79988804262,user105125@example.ru,Красноярск,,2026-06-24,19829
c103567,Алиса Ковальчук,,+79536765477,user103567@example.ru,Новосибирск,,2026-08-02,128250
c103370,Ольга Осипова,,+79754791376,user103370@example.ru,Санкт-Петербург,,2026-05-12,140311
c103019,Елена Гордеева,,+79813872497,user103019@example.ru,Москва,,2026-01-09,57181
c105839,,Глеб Белых,+7 (953) 769-71-77,user105839@example.ru,Казань,09.11.2024,,
c102155,Вера Нестерова,,+79904177808,user102155@example.ru,Красноярск,,2026-02-10,75735
c105345,Мария Белых,,+79829672959,user105345@example.ru,Санкт-Петербург,,2026-03-26,80656
c101514,Игорь Ермаков,,+79270795319,user101514@example.ru,Москва,,2026-01-19,76306
c92228,,Максим Лаптев,+7 (954) 764-48-46,user92228@example.ru,Казань,15.01.2026,,
c103844,Алиса Крылова,,+79189279098,user103844@example.ru,Красноярск,,2026-05-07,153762
c105663,Вера Осипова,,+79628382870,user105663@example.ru,Казань,,2026-03-16,49747
c100307,Игорь Белых,,+79555690775,user100307@example.ru,Новосибирск,,2026-05-13,102168
c92068,,Мария Белых,+7 (930) 068-47-43,user92068@example.ru,С.-Петербург,05.12.2024,,
c106164,Наталья Сорокина,,+79563298290,user106164@example.ru,Новосибирск,,2026-06-29,122469
c100086,Максим Тихонов,,+79100471987,user100086@example.ru,Екатеринбург,,2026-01-04,116469
c90309,,Глеб Тихонов,+7 (979) 565-87-31,user90309@example.ru,Красноярск,22.09.2024,,
c105719,Ольга Лаптева,,+79856334469,user105719@example.ru,Красноярск,,2026-07-17,133412
c105844,Лидия Панина,,+79397857625,user105844@example.ru,Санкт-Петербург,,2026-07-28,23363
c106679,Артур Ковальчук,,+79255413747,user106679@example.ru,Красноярск,,2026-01-09,77057
c103579,Павел Сорокин,,+79393368890,user103579@example.ru,Екатеринбург,,2026-08-13,176353
c103369,Егор Крылов,,+79314629388,user103369@example.ru,Новосибирск,,2026-06-17,116271
c101179,Артур Крылов,,+79223912173,user101179@example.ru,Екатеринбург,,2026-01-31,6239
c103908,Юлия Шилова,,+79846122766,user103908@example.ru,Екатеринбург,,2026-05-27,47226
c105528,,Егор Тихонов,+7 (947) 231-35-12,user105528@example.ru,Москва,06.08.2024,,
c101340,Наталья Гордеева,,+79419268410,user101340@example.ru,Санкт-Петербург,,2026-08-25,173776
c100182,Роман Крылов,,+79322123331,user100182@example.ru,Красноярск,,2026-08-05,173595
c103037,Наталья Ермакова,,+79623269233,user103037@example.ru,Санкт-Петербург,,2026-08-12,139363
c104176,Тимур Ермаков,,+79421948825,user104176@example.ru,Новосибирск,,2026-04-06,101378
c105137,Глеб Крылов,,+79248077844,user105137@example.ru,Казань,,2026-08-24,131556
c106553,Лидия Шилова,,+79854804581,user106553@example.ru,Красноярск,,2026-01-26,120517
c90724,,Юлия Тихонова,+7 (938) 541-61-02,user90724@example.ru,Красноярск,01.06.2025,,
c102445,,Вера Сорокина,+7 (964) 434-26-09,user102445@example.ru,Новосибирск,28.10.2024,,
c103972,Наталья Зуева,,+79848270765,user103972@example.ru,Казань,,2026-05-28,48806
c102705,,Игорь Зуев,+7 (926) 872-30-36,user102705@example.ru,Москва,18.11.2025,,
c90082,,Вера Ковальчук,+7 (928) 472-80-65,user90082@example.ru,Новосибирск,14.03.2024,,
c104457,Анна Шилова,,+79785879475,user104457@example.ru,Красноярск,,2026-06-04,174525
c90607,,Роман Панин,+7 (948) 668-74-16,user90607@example.ru,Екатеринбург,25.03.2026,,
c106558,Лидия Сорокина,,+79975495530,user106558@example.ru,Новосибирск,,2026-03-07,94885
c103321,Егор Белых,,+79650232119,user103321@example.ru,Красноярск,,2026-04-22,160625
c100483,Мария Белых,,+79798012381,user100483@example.ru,Красноярск,,2026-05-24,73500
c91938,,Артур Шилов,+7 (934) 557-61-08,user91938@example.ru,Красноярск,12.09.2024,,
c106805,Вера Тихонова,,+79237457504,user106805@example.ru,Новосибирск,,2026-03-28,133039
c91362,,Ольга Зуева,+7 (926) 055-77-57,user91362@example.ru,Екатеринбург,24.02.2026,,
c103012,Денис Осипов,,+79317271219,user103012@example.ru,Санкт-Петербург,,2026-03-05,91161
c105739,Юлия Мешкова,,+79813641084,user105739@example.ru,Красноярск,,2026-04-23,155422
c100283,Тимур Лаптев,,+79222346620,user100283@example.ru,Казань,,2026-03-05,145693
c106105,Елена Сорокина,,+79626069313,user106105@example.ru,Казань,,2026-01-20,126612
c103203,Елена Белых,,+79213977044,user103203@example.ru,Красноярск,,2026-04-08,137636
c90424,,Денис Панин,+7 (966) 822-46-44,user90424@example.ru,С.-Петербург,16.09.2025,,
c102816,Кирилл Зуев,,+79257299703,user102816@example.ru,Екатеринбург,,2026-08-29,178201
c104899,Роман Юдин,,+79716896847,user104899@example.ru,Санкт-Петербург,,2026-07-17,179622
c100903,Вера Осипова,,+79466201946,user100903@example.ru,Москва,,2026-01-20,31691
c90191,,Денис Нестеров,+7 (993) 734-96-25,user90191@example.ru,Екатеринбург,20.01.2026,,
c106205,Ольга Савельева,,+79543571385,user106205@example.ru,Красноярск,,2026-05-26,149181
c103268,Денис Ковальчук,,+79188255240,user103268@example.ru,Казань,,2026-04-05,91565
c100124,Ольга Осипова,,+79757801742,user100124@example.ru,Красноярск,,2026-08-13,18157
c101798,Наталья Зуева,,+79388279912,user101798@example.ru,Красноярск,,2026-01-19,48855
c90302,,Максим Лаптев,+7 (964) 043-43-67,user90302@example.ru,Новосибирск,22.08.2025,,
c90298,,Тимур Крылов,+7 (934) 429-38-35,user90298@example.ru,Новосибирск,28.06.2024,,
c100701,Мария Крылова,,+79897363260,user100701@example.ru,Москва,,2026-04-24,26942
c104540,,Роман Нестеров,+7 (965) 467-46-17,user104540@example.ru,Москва,20.05.2026,,
c103899,Павел Сорокин,,+79426983767,user103899@example.ru,Красноярск,,2026-08-30,727
c105902,Наталья Шилова,,+79747053468,user105902@example.ru,Санкт-Петербург,,2026-08-03,63058
c105688,Алиса Белых,,+79287956793,user105688@example.ru,Казань,,2026-09-05,157673
c102523,Лидия Гордеева,,+79818085022,user102523@example.ru,Екатеринбург,,2026-03-02,147529
c102942,Мария Белых,,+79466743599,user102942@example.ru,Москва,,2026-08-25,140592
c100246,Денис Ермаков,,+79190862526,user100246@example.ru,Москва,,2026-07-31,3207
c92056,,Лидия Осипова,+7 (983) 255-48-08,user92056@example.ru,Москва,18.12.2025,,
c102962,Глеб Гордеев,,+79950814481,user102962@example.ru,Москва,,2026-08-29,173108
c90501,,Егор Зуев,+7 (983) 715-61-13,user90501@example.ru,Казань,07.10.2024,,
c102284,Юлия Юдина,,+79326167451,user102284@example.ru,Екатеринбург,,2026-07-09,130257
c104248,Полина Белых,,+79148275655,user104248@example.ru,Москва,,2026-08-11,137026
c100191,Глеб Белых,,+79486900236,user100191@example.ru,Санкт-Петербург,,2026-07-01,89240
c100177,Юлия Мешкова,,+79633870830,user100177@example.ru,Казань,,2026-02-22,168942
c102881,Денис Белых,,+79406002453,user102881@example.ru,Красноярск,,2026-02-28,102975
c90640,,Мария Нестерова,+7 (994) 529-92-44,user90640@example.ru,Казань,30.08.2025,,
c101277,Кирилл Ковальчук,,+79795720247,user101277@example.ru,Казань,,2026-08-27,107238
c91636,,Глеб Лаптев,+7 (951) 401-00-94,user91636@example.ru,Казань,28.01.2024,,
c102544,Алиса Крылова,,+79718121786,user102544@example.ru,Новосибирск,,2026-01-04,7287
c104139,Павел Лаптев,,+79806089713,user104139@example.ru,Москва,,2026-06-26,5165
c101680,Глеб Мешков,,+79291319615,user101680@example.ru,Екатеринбург,,2026-07-22,36246
c100068,,Артур Зуев,+7 (919) 046-22-16,user100068@example.ru,Екатеринбург,16.03.2025,,
c91873,,Лидия Савельева,+7 (969) 344-69-77,user91873@example.ru,Красноярск,09.03.2025,,
c100743,Полина Лаптева,,+79417223722,user100743@example.ru,Санкт-Петербург,,2026-07-02,98425
c104198,Павел Ермаков,,+79405432420,user104198@example.ru,Санкт-Петербург,,2026-08-19,65445
c105410,Юлия Зуева,,+79295167707,user105410@example.ru,Москва,,2026-02-13,69200
c101950,Кирилл Шилов,,+79517366223,user101950@example.ru,Санкт-Петербург,,2026-08-25,40789
c101730,Юлия Юдина,,+79550031769,user101730@example.ru,Новосибирск,,2026-08-10,178588
c90709,,Максим Лаптев,+7 (991) 305-26-11,user90709@example.ru,С.-Петербург,25.06.2025,,
c100581,Глеб Тихонов,,+79607491097,user100581@example.ru,Санкт-Петербург,,2026-01-05,75577
c105432,Мария Ермакова,,+79596404739,user105432@example.ru,Екатеринбург,,2026-09-04,55803
c102825,Анна Ковальчук,,+79224993646,user102825@example.ru,Красноярск,,2026-02-11,168791
c101316,Максим Нестеров,,+79239454933,user101316@example.ru,Новосибирск,,2026-06-21,17704
c105501,Роман Зуев,,+79965297128,user105501@example.ru,Санкт-Петербург,,2026-08-31,173407
c103237,Полина Шилова,,+79400301400,user103237@example.ru,Москва,,2026-02-06,37223
c102953,Алиса Зуева,,+79554330562,user102953@example.ru,Екатеринбург,,2026-04-23,143531
c100531,Анна Крылова,,+79622853674,user100531@example.ru,Красноярск,,2026-05-31,105949
c101683,,Максим Лаптев,+7 (931) 445-69-68,user101683@example.ru,С.-Петербург,08.09.2024,,
c103110,Ольга Белых,,+79449225590,user103110@example.ru,Казань,,2026-05-05,100026
c103045,Игорь Лаптев,,+79663449275,user103045@example.ru,Екатеринбург,,2026-01-25,134068
c103857,,Денис Осипов,+7 (986) 453-57-91,user103857@example.ru,Красноярск,14.02.2024,,
c105173,Денис Нестеров,,+79249948564,user105173@example.ru,Красноярск,,2026-07-05,70611
c106796,,Лидия Нестерова,+7 (939) 437-63-17,user106796@example.ru,Екатеринбург,07.04.2026,,
c101821,,Максим Нестеров,+7 (988) 808-15-92,user101821@example.ru,Москва,26.02.2025,,
c91435,,Юлия Крылова,+7 (943) 584-49-50,user91435@example.ru,С.-Петербург,29.01.2026,,
c92114,,Алиса Нестерова,+7 (955) 648-71-37,user92114@example.ru,Москва,04.12.2024,,
c105754,Тимур Лаптев,,+79396145059,user105754@example.ru,Красноярск,,2026-06-23,65984
c103943,Игорь Ермаков,,+79166065803,user103943@example.ru,Красноярск,,2026-01-16,81592
c104865,,Роман Сорокин,+7 (969) 197-13-04,user104865@example.ru,С.-Петербург,14.11.2025,,
c105426,Вера Гордеева,,+79651089312,user105426@example.ru,Красноярск,,2026-08-22,20687
c100894,Полина Мешкова,,+79371325431,user100894@example.ru,Красноярск,,2026-06-05,10179
c101778,Юлия Ермакова,,+79463675227,user101778@example.ru,Красноярск,,2026-01-19,123394
c103988,Наталья Савельева,,+79854540114,user103988@example.ru,Москва,,2026-05-23,86155
c106355,Мария Савельева,,+79607979703,user106355@example.ru,Екатеринбург,,2026-03-11,159288
c100869,Глеб Шилов,,+79212158531,user100869@example.ru,Казань,,2026-04-13,77227
c102668,Денис Юдин,,+79564125937,user102668@example.ru,Казань,,2026-05-22,1181
c106641,Денис Крылов,,+79160232892,user106641@example.ru,Санкт-Петербург,,2026-05-07,90370
c105659,Кирилл Савельев,,+79740894148,user105659@example.ru,Санкт-Петербург,,2026-07-04,26653
c91875,,Вера Шилова,+7 (929) 332-78-76,user91875@example.ru,Москва,26.09.2024,,
c104798,Ольга Шилова,,+79428781134,user104798@example.ru,Красноярск,,2026-06-29,78844
c90407,,Елена Ковальчук,+7 (932) 052-14-10,user90407@example.ru,Екатеринбург,24.03.2026,,
c106283,Денис Мешков,,+79462687964,user106283@example.ru,Новосибирск,,2026-07-29,68704
c91945,,Артур Ковальчук,+7 (965) 837-85-25,user91945@example.ru,Казань,09.08.2025,,
c105551,,Глеб Гордеев,+7 (991) 980-15-32,user105551@example.ru,Москва,04.06.2026,,
c100481,,Максим Юдин,+7 (993) 472-88-71,user100481@example.ru,С.-Петербург,08.03.2025,,
c101315,,Елена Панина,+7 (957) 637-73-09,user101315@example.ru,Москва,08.01.2026,,
c90560,,Вера Осипова,+7 (919) 116-93-47,user90560@example.ru,С.-Петербург,05.09.2024,,
c100649,Игорь Юдин,,+79597898481,user100649@example.ru,Новосибирск,,2026-03-08,81336
c90588,,Денис Белых,+7 (924) 198-51-53,user90588@example.ru,Москва,24.05.2026,,
c104149,,Кирилл Лаптев,+7 (976) 466-63-13,user104149@example.ru,Казань,12.05.2024,,
c104874,,Юлия Ермакова,+7 (910) 591-36-92,user104874@example.ru,С.-Петербург,31.08.2025,,
c102197,Павел Зуев,,+79874471028,user102197@example.ru,Казань,,2026-03-14,20390
c106076,Тимур Савельев,,+79589408836,user106076@example.ru,Казань,,2026-04-13,66386
c106458,Тимур Нестеров,,+79525207081,user106458@example.ru,Санкт-Петербург,,2026-05-12,109050
c91669,,Ольга Осипова,+7 (919) 580-89-15,user91669@example.ru,Красноярск,31.01.2024,,
c104623,Алиса Ермакова,,+79739290820,user104623@example.ru,Новосибирск,,2026-08-21,169481
c90877,,Егор Белых,+7 (970) 609-23-19,user90877@example.ru,Екатеринбург,08.04.2025,,
c92144,,Егор Белых,+7 (918) 160-86-74,user92144@example.ru,С.-Петербург,02.04.2024,,
c101348,Алиса Сорокина,,+79404433094,user101348@example.ru,Казань,,2026-08-05,30070
c102520,Алиса Белых,,+79377075135,user102520@example.ru,Новосибирск,,2026-05-22,68708
c104281,Денис Белых,,+79880652570,user104281@example.ru,Санкт-Петербург,,2026-07-20,69617
c90519,,Наталья Сорокина,+7 (987) 113-51-15,user90519@example.ru,Казань,17.06.2025,,
c92082,,Лидия Гордеева,+7 (929) 930-71-04,user92082@example.ru,Красноярск,10.03.2024,,
c91956,,Глеб Ковальчук,+7 (924) 349-35-50,user91956@example.ru,Москва,26.04.2025,,
c105206,Максим Шилов,,+79729981693,user105206@example.ru,Казань,,2026-06-15,18333
c92312,,Мария Юдина,+7 (916) 328-63-73,user92312@example.ru,Екатеринбург,27.09.2025,,
c101416,,Павел Савельев,+7 (968) 185-89-76,user101416@example.ru,С.-Петербург,26.01.2025,,
c104216,Алиса Гордеева,,+79705217580,user104216@example.ru,Казань,,2026-08-25,158806
c103001,Роман Шилов,,+79791138683,user103001@example.ru,Москва,,2026-06-05,30387
c105760,Юлия Мешкова,,+79130746855,user105760@example.ru,Москва,,2026-05-06,177142
c105284,Кирилл Шилов,,+79397202050,user105284@example.ru,Москва,,2026-07-09,45363
c91243,,Алиса Ермакова,+7 (965) 711-33-48,user91243@example.ru,С.-Петербург,14.03.2024,,
c102221,Павел Ермаков,,+79738428105,user102221@example.ru,Новосибирск,,2026-06-27,43924
c101763,Денис Ковальчук,,+79360545476,user101763@example.ru,Новосибирск,,2026-04-07,74533
c103424,Юлия Лаптева,,+79143215192,user103424@example.ru,Красноярск,,2026-06-21,96724
c103555,,Егор Шилов,+7 (952) 471-97-63,user103555@example.ru,Казань,19.10.2024,,
c105344,Тимур Белых,,+79885296996,user105344@example.ru,Санкт-Петербург,,2026-03-15,39521
c104271,Егор Белых,,+79297763203,user104271@example.ru,Новосибирск,,2026-06-29,82946
c103195,Юлия Нестерова,,+79667341978,user103195@example.ru,Казань,,2026-07-09,60603
c91804,,Полина Зуева,+7 (955) 939-29-81,user91804@example.ru,Екатеринбург,20.03.2026,,
c105952,Полина Осипова,,+79139123486,user105952@example.ru,Красноярск,,2026-01-16,48033
c103702,Вера Панина,,+79261552957,user103702@example.ru,Санкт-Петербург,,2026-06-30,131633
c100139,Глеб Лаптев,,+79436266894,user100139@example.ru,Москва,,2026-06-25,127986
c104084,Анна Юдина,,+79907501979,user104084@example.ru,Красноярск,,2026-08-02,42344
c101307,Артур Лаптев,,+79812272730,user101307@example.ru,Санкт-Петербург,,2026-08-01,24377
c100672,Елена Крылова,,+79673321765,user100672@example.ru,Казань,,2026-01-12,98839
c90768,,Кирилл Сорокин,+7 (922) 277-14-32,user90768@example.ru,Казань,23.11.2024,,
c91552,,Лидия Юдина,+7 (977) 550-17-98,user91552@example.ru,Казань,20.12.2024,,
c102518,Алиса Савельева,,+79748800481,user102518@example.ru,Казань,,2026-04-08,103671
c102311,Игорь Зуев,,+79531900027,user102311@example.ru,Казань,,2026-02-15,2978
c104974,Артур Мешков,,+79912396140,user104974@example.ru,Казань,,2026-08-01,2248
c101381,Максим Осипов,,+79129176633,user101381@example.ru,Москва,,2026-09-10,23328
c103081,Ольга Ермакова,,+79215856924,user103081@example.ru,Казань,,2026-03-01,120522
c106245,Денис Шилов,,+79374040456,user106245@example.ru,Новосибирск,,2026-05-01,88079
c104078,Ольга Ковальчук,,+79458735000,user104078@example.ru,Санкт-Петербург,,2026-04-10,24175
c101392,Полина Крылова,,+79773202980,user101392@example.ru,Санкт-Петербург,,2026-03-10,88874
c92426,,Полина Осипова,+7 (996) 702-48-74,user92426@example.ru,Екатеринбург,26.09.2024,,
c105069,Мария Осипова,,+79529994869,user105069@example.ru,Красноярск,,2026-07-05,94769
c92212,,Елена Нестерова,+7 (984) 976-33-29,user92212@example.ru,Новосибирск,03.08.2025,,
c91198,,Вера Белых,+7 (929) 600-18-98,user91198@example.ru,Москва,29.04.2025,,
c100344,Тимур Крылов,,+79651955532,user100344@example.ru,Санкт-Петербург,,2026-03-13,67861
c100658,Егор Савельев,,+79345201675,user100658@example.ru,Санкт-Петербург,,2026-02-02,47537
c103084,Полина Крылова,,+79354496291,user103084@example.ru,Казань,,2026-04-02,70288
c90203,,Роман Ермаков,+7 (969) 354-36-11,user90203@example.ru,С.-Петербург,02.05.2026,,
c103184,Егор Лаптев,,+79546052943,user103184@example.ru,Красноярск,,2026-05-24,50051
c102909,Вера Сорокина,,+79452449649,user102909@example.ru,Новосибирск,,2026-08-01,70962
c90603,,Денис Панин,+7 (998) 978-69-58,user90603@example.ru,Новосибирск,02.07.2024,,
c104443,Юлия Мешкова,,+79677010991,user104443@example.ru,Екатеринбург,,2026-07-13,82434
c91719,,Ольга Лаптева,+7 (921) 497-57-29,user91719@example.ru,С.-Петербург,25.06.2025,,
c103645,Наталья Мешкова,,+79677192895,user103645@example.ru,Екатеринбург,,2026-03-18,33915
c105093,Полина Лаптева,,+79358111962,user105093@example.ru,Казань,,2026-01-28,32238
c90650,,Алиса Крылова,+7 (960) 865-57-43,user90650@example.ru,Красноярск,18.05.2024,,
c104785,Павел Зуев,,+79893500003,user104785@example.ru,Казань,,2026-01-14,37329
c100420,,Максим Ермаков,+7 (950) 440-24-02,user100420@example.ru,С.-Петербург,28.04.2024,,
c101511,Алиса Тихонова,,+79879461908,user101511@example.ru,Казань,,2026-04-27,178639
c91592,,Елена Нестерова,+7 (989) 494-22-83,user91592@example.ru,С.-Петербург,27.02.2025,,
c105496,Вера Белых,,+79482689833,user105496@example.ru,Москва,,2026-09-08,88095
c106468,Лидия Шилова,,+79649672887,user106468@example.ru,Санкт-Петербург,,2026-01-22,35665
c104687,Егор Ермаков,,+79595394943,user104687@example.ru,Новосибирск,,2026-03-14,74855
c104554,Юлия Гордеева,,+79100180688,user104554@example.ru,Санкт-Петербург,,2026-02-26,49363
c102208,Наталья Ковальчук,,+79404877366,user102208@example.ru,Новосибирск,,2026-03-11,83749
c106572,Елена Юдина,,+79816768232,user106572@example.ru,Москва,,2026-07-20,154744
c106380,,Лидия Ермакова,+7 (958) 858-54-25,user106380@example.ru,Новосибирск,05.08.2025,,
c105820,Юлия Осипова,,+79640802523,user105820@example.ru,Екатеринбург,,2026-02-10,17268
c101361,Игорь Тихонов,,+79821953195,user101361@example.ru,Казань,,2026-04-02,37991
c104466,Алиса Мешкова,,+79833023371,user104466@example.ru,Казань,,2026-03-23,148337
c106415,Игорь Сорокин,,+79243342403,user106415@example.ru,Москва,,2026-03-10,21964
c103547,Павел Нестеров,,+79215028860,user103547@example.ru,Санкт-Петербург,,2026-01-19,69859
c101753,,Егор Юдин,+7 (940) 107-34-09,user101753@example.ru,Москва,11.04.2025,,
c106269,,Тимур Нестеров,+7 (919) 802-40-02,user106269@example.ru,С.-Петербург,18.09.2025,,
c104960,Елена Панина,,+79410568726,user104960@example.ru,Санкт-Петербург,,2026-05-08,77774
c91405,,Егор Крылов,+7 (971) 333-21-29,user91405@example.ru,Красноярск,03.02.2024,,
c100478,,Глеб Белых,+7 (982) 188-33-55,user100478@example.ru,С.-Петербург,09.04.2025,,
c90315,,Вера Шилова,+7 (962) 622-48-63,user90315@example.ru,Екатеринбург,29.01.2025,,
c106770,Тимур Ковальчук,,+79938664979,user106770@example.ru,Новосибирск,,2026-07-13,43223
c106034,,Лидия Тихонова,+7 (930) 930-12-93,user106034@example.ru,Казань,18.02.2026,,
c90639,,Кирилл Савельев,+7 (964) 662-53-04,user90639@example.ru,Москва,04.05.2025,,
c101044,Глеб Юдин,,+79670960467,user101044@example.ru,Москва,,2026-02-19,19733
c102687,Артур Мешков,,+79943032067,user102687@example.ru,Москва,,2026-07-14,3137
c105263,Павел Ковальчук,,+79941630665,user105263@example.ru,Новосибирск,,2026-04-17,47975
c101749,Полина Лаптева,,+79479812135,user101749@example.ru,Екатеринбург,,2026-06-20,162396
c91327,,Юлия Крылова,+7 (982) 436-39-58,user91327@example.ru,Красноярск,28.05.2025,,
c104326,Павел Нестеров,,+79919218572,user104326@example.ru,Санкт-Петербург,,2026-06-26,96178
c103123,Юлия Зуева,,+79764500889,user103123@example.ru,Москва,,2026-03-11,94779
c92322,,Анна Крылова,+7 (963) 856-36-12,user92322@example.ru,Москва,07.02.2025,,
c102001,Алиса Осипова,,+79563620581,user102001@example.ru,Екатеринбург,,2026-09-05,66671
c100442,Анна Гордеева,,+79418953381,user100442@example.ru,Казань,,2026-04-19,157249
c103135,,Вера Юдина,+7 (936) 789-84-68,user103135@example.ru,Новосибирск,17.01.2025,,
c92053,,Алиса Лаптева,+7 (990) 028-73-07,user92053@example.ru,Москва,23.05.2026,,
c103003,Мария Сорокина,,+79626363815,user103003@example.ru,Красноярск,,2026-04-20,120152
c102431,,Артур Шилов,+7 (982) 541-48-63,user102431@example.ru,Красноярск,21.08.2024,,
c102395,Денис Панин,,+79962464351,user102395@example.ru,Красноярск,,2026-07-16,29844
c101323,Анна Шилова,,+79139897771,user101323@example.ru,Санкт-Петербург,,2026-09-03,40703
c100244,Полина Осипова,,+79324983946,user100244@example.ru,Екатеринбург,,2026-03-03,111532
c101282,Артур Ковальчук,,+79367924131,user101282@example.ru,Санкт-Петербург,,2026-04-18,78666
c102195,Денис Нестеров,,+79917619810,user102195@example.ru,Новосибирск,,2026-06-12,166700
c104573,Анна Савельева,,+79292894071,user104573@example.ru,Санкт-Петербург,,2026-03-12,63774
c101206,Глеб Гордеев,,+79542206894,user101206@example.ru,Санкт-Петербург,,2026-03-31,34937
c103316,Наталья Нестерова,,+79176610896,user103316@example.ru,Москва,,2026-08-06,173535
c101253,,Егор Сорокин,+7 (974) 194-92-82,user101253@example.ru,С.-Петербург,14.07.2025,,
c100518,Денис Ермаков,,+79159838908,user100518@example.ru,Красноярск,,2026-05-19,27623
c106566,,Тимур Сорокин,+7 (949) 407-02-43,user106566@example.ru,Казань,10.01.2025,,
c106492,Артур Гордеев,,+79701740756,user106492@example.ru,Новосибирск,,2026-04-12,70441
c105560,Полина Зуева,,+79631066431,user105560@example.ru,Екатеринбург,,2026-01-30,67039
c101918,Лидия Гордеева,,+79142691731,user101918@example.ru,Новосибирск,,2026-06-14,70349
c91590,,Анна Панина,+7 (981) 186-85-18,user91590@example.ru,Красноярск,26.08.2024,,
c104807,Роман Крылов,,+79903015258,user104807@example.ru,Красноярск,,2026-01-12,33308
c92386,,Вера Зуева,+7 (921) 308-04-14,user92386@example.ru,Казань,29.11.2025,,
c100685,Артур Осипов,,+79611196939,user100685@example.ru,Санкт-Петербург,,2026-04-27,67727
c90345,,Полина Осипова,+7 (995) 048-42-36,user90345@example.ru,Новосибирск,31.05.2024,,
c90433,,Анна Белых,+7 (969) 757-14-95,user90433@example.ru,Новосибирск,16.09.2024,,
c100212,Ольга Осипова,,+79499480859,user100212@example.ru,Новосибирск,,2026-07-04,147544
c100208,,Полина Белых,+7 (963) 589-37-16,user100208@example.ru,Красноярск,24.05.2026,,
c102733,Игорь Шилов,,+79219629356,user102733@example.ru,Москва,,2026-04-08,26410
c105396,Максим Зуев,,+79689137407,user105396@example.ru,Санкт-Петербург,,2026-01-25,40795
c100296,Вера Нестерова,,+79750827052,user100296@example.ru,Санкт-Петербург,,2026-05-26,2419
c90387,,Юлия Ермакова,+7 (987) 485-59-74,user90387@example.ru,С.-Петербург,14.03.2026,,
c104952,Тимур Сорокин,,+79882703454,user104952@example.ru,Екатеринбург,,2026-01-18,149125
c105027,,Тимур Зуев,+7 (981) 538-09-34,user105027@example.ru,Красноярск,18.06.2025,,
c104018,Игорь Белых,,+79235893359,user104018@example.ru,Казань,,2026-04-19,176380
c101899,Егор Сорокин,,+79982373475,user101899@example.ru,Новосибирск,,2026-07-17,29505
c102243,Полина Сорокина,,+79794921631,user102243@example.ru,Москва,,2026-09-02,87479
c103552,Максим Осипов,,+79512565491,user103552@example.ru,Екатеринбург,,2026-02-11,72213
c102596,Елена Мешкова,,+79759377228,user102596@example.ru,Санкт-Петербург,,2026-03-20,92416
c100380,Мария Шилова,,+79539051745,user100380@example.ru,Екатеринбург,,2026-03-25,56643
c105132,,Ольга Белых,+7 (915) 630-73-54,user105132@example.ru,Новосибирск,01.01.2025,,
c100274,Ольга Лаптева,,+79161584809,user100274@example.ru,Екатеринбург,,2026-05-28,72347
c91314,,Егор Крылов,+7 (925) 753-85-58,user91314@example.ru,Москва,28.02.2024,,
c106855,Павел Гордеев,,+79404140822,user106855@example.ru,Красноярск,,2026-02-07,159281
c103427,Егор Тихонов,,+79930500971,user103427@example.ru,Санкт-Петербург,,2026-09-10,47071
c91781,,Лидия Ермакова,+7 (953) 370-91-40,user91781@example.ru,Казань,14.01.2025,,
c106119,Артур Мешков,,+79564088329,user106119@example.ru,Екатеринбург,,2026-04-02,118168
c91714,,Вера Шилова,+7 (952) 542-98-08,user91714@example.ru,Екатеринбург,21.11.2024,,
c106716,Денис Юдин,,+79477731171,user106716@example.ru,Красноярск,,2026-03-23,68469
c100893,Максим Тихонов,,+79350929312,user100893@example.ru,Санкт-Петербург,,2026-02-23,48161
c101791,Ольга Гордеева,,+79546121396,user101791@example.ru,Москва,,2026-06-19,15832
c103223,Роман Лаптев,,+79116762934,user103223@example.ru,Санкт-Петербург,,2026-04-04,168338
c105464,,Анна Ковальчук,+7 (967) 127-90-99,user105464@example.ru,Екатеринбург,05.02.2025,,
c103687,Анна Осипова,,+79221967941,user103687@example.ru,Санкт-Петербург,,2026-01-25,149855
c103420,Игорь Осипов,,+79537926739,user103420@example.ru,Новосибирск,,2026-08-14,62614
c100972,,Ольга Юдина,+7 (968) 237-70-09,user100972@example.ru,Новосибирск,27.05.2024,,
c101940,Юлия Тихонова,,+79751187316,user101940@example.ru,Москва,,2026-05-11,35689
c104321,Наталья Лаптева,,+79945357470,user104321@example.ru,Екатеринбург,,2026-04-21,61191
c90568,,Наталья Ермакова,+7 (928) 851-17-44,user90568@example.ru,Казань,30.09.2024,,
c102620,Мария Лаптева,,+79238986735,user102620@example.ru,Красноярск,,2026-08-02,179212
c101258,Денис Мешков,,+79377995501,user101258@example.ru,Новосибирск,,2026-07-19,47953
c105101,Алиса Ковальчук,,+79918451821,user105101@example.ru,Казань,,2026-04-29,96572
c105399,Игорь Лаптев,,+79862865552,user105399@example.ru,Москва,,2026-07-21,84865
c106448,,Денис Крылов,+7 (983) 631-70-07,user106448@example.ru,Красноярск,18.07.2024,,
c106884,Вера Шилова,,+79346623998,user106884@example.ru,Казань,,2026-06-25,153301
c103215,Елена Белых,,+79988232756,user103215@example.ru,Новосибирск,,2026-07-25,30535
c106106,Артур Савельев,,+79872851653,user106106@example.ru,Екатеринбург,,2026-03-17,35413
c100973,Мария Савельева,,+79780662850,user100973@example.ru,Москва,,2026-03-24,173598
c100964,Павел Сорокин,,+79396076922,user100964@example.ru,Красноярск,,2026-05-17,57590
c92238,,Роман Савельев,+7 (952) 577-62-39,user92238@example.ru,Новосибирск,09.05.2024,,
c101245,Максим Ковальчук,,+79427724874,user101245@example.ru,Красноярск,,2026-06-17,73056
c100287,Артур Ковальчук,,+79773189963,user100287@example.ru,Екатеринбург,,2026-08-31,56711
c91558,,Ольга Нестерова,+7 (961) 784-40-25,user91558@example.ru,Москва,30.08.2025,,
c100962,Елена Нестерова,,+79191672824,user100962@example.ru,Новосибирск,,2026-08-26,40066
c100960,Тимур Нестеров,,+79967696104,user100960@example.ru,Москва,,2026-03-20,179845
c105265,Елена Осипова,,+79519540356,user105265@example.ru,Москва,,2026-04-01,45424
c90114,,Вера Сорокина,+7 (977) 335-65-54,user90114@example.ru,С.-Петербург,12.03.2024,,
c106891,Тимур Лаптев,,+79698871363,user106891@example.ru,Красноярск,,2026-03-21,152748
c100735,,Наталья Тихонова,+7 (951) 393-52-71,user100735@example.ru,С.-Петербург,24.12.2025,,
c92447,,Кирилл Шилов,+7 (970) 654-31-27,user92447@example.ru,Красноярск,04.08.2025,,
c90087,,Роман Ермаков,+7 (952) 637-00-88,user90087@example.ru,Екатеринбург,06.04.2026,,
c102450,Артур Ковальчук,,+79946556878,user102450@example.ru,Новосибирск,,2026-02-05,173541
c92188,,Егор Ермаков,+7 (957) 658-59-24,user92188@example.ru,Казань,22.07.2025,,
c106657,Павел Нестеров,,+79930465032,user106657@example.ru,Новосибирск,,2026-05-04,168309
c104107,,Артур Савельев,+7 (988) 898-56-26,user104107@example.ru,Красноярск,10.11.2024,,
c103689,Наталья Ермакова,,+79552520467,user103689@example.ru,Санкт-Петербург,,2026-03-20,40251
c102747,Ольга Осипова,,+79453798700,user102747@example.ru,Казань,,2026-08-06,3553
c104217,Павел Нестеров,,+79957848567,user104217@example.ru,Красноярск,,2026-04-01,100022
c100095,Тимур Шилов,,+79229494580,user100095@example.ru,Новосибирск,,2026-05-01,46600
c103678,Анна Ковальчук,,+79773345672,user103678@example.ru,Москва,,2026-02-10,152271
c106737,Анна Гордеева,,+79846549974,user106737@example.ru,Екатеринбург,,2026-01-18,90057
c103326,,Анна Зуева,+7 (962) 492-57-07,user103326@example.ru,Казань,07.02.2026,,
c103189,Лидия Гордеева,,+79470232252,user103189@example.ru,Санкт-Петербург,,2026-07-08,7965
c90118,,Глеб Ковальчук,+7 (962) 672-61-44,user90118@example.ru,Екатеринбург,02.11.2024,,
c90219,,Роман Нестеров,+7 (964) 110-92-82,user90219@example.ru,Москва,15.03.2024,,
c90273,,Алиса Ковальчук,+7 (948) 380-24-69,user90273@example.ru,Новосибирск,17.01.2025,,
c104904,Лидия Гордеева,,+79162268486,user104904@example.ru,Казань,,2026-02-13,170742
c106857,Елена Шилова,,+79582143556,user106857@example.ru,Екатеринбург,,2026-08-19,129095
c104740,Мария Лаптева,,+79286128846,user104740@example.ru,Санкт-Петербург,,2026-01-31,61038
c100520,Елена Юдина,,+79448032177,user100520@example.ru,Казань,,2026-06-25,120528
c100528,Тимур Крылов,,+79919194632,user100528@example.ru,Красноярск,,2026-02-16,42490
c106889,Вера Юдина,,+79196790616,user106889@example.ru,Санкт-Петербург,,2026-03-20,58945
c90946,,Наталья Шилова,+7 (936) 755-01-39,user90946@example.ru,Новосибирск,24.09.2024,,
c102749,,Лидия Ковальчук,+7 (936) 197-36-85,user102749@example.ru,С.-Петербург,29.01.2026,,
c92084,,Егор Мешков,+7 (915) 804-96-93,user92084@example.ru,Казань,28.03.2026,,
c102269,Вера Белых,,+79663548073,user102269@example.ru,Екатеринбург,,2026-03-21,109781
c105362,Кирилл Осипов,,+79380698772,user105362@example.ru,Екатеринбург,,2026-04-05,147935
c103091,Вера Осипова,,+79302280782,user103091@example.ru,Санкт-Петербург,,2026-02-05,156970
c104907,Павел Белых,,+79574865086,user104907@example.ru,Екатеринбург,,2026-03-02,49705
c103519,Кирилл Мешков,,+79747440198,user103519@example.ru,Казань,,2026-04-11,35234
c102115,Артур Крылов,,+79465010758,user102115@example.ru,Екатеринбург,,2026-09-09,179005
c103554,,Павел Нестеров,+7 (992) 927-83-04,user103554@example.ru,Новосибирск,18.02.2024,,
c91406,,Артур Мешков,+7 (935) 133-05-44,user91406@example.ru,Красноярск,17.02.2024,,
c106287,Егор Мешков,,+79375899315,user106287@example.ru,Казань,,2026-05-11,143216
c105325,Денис Осипов,,+79790187152,user105325@example.ru,Казань,,2026-05-01,1124
c91814,,Павел Белых,+7 (920) 942-77-14,user91814@example.ru,Красноярск,03.11.2025,,
c100047,Денис Тихонов,,+79393241144,user100047@example.ru,Казань,,2026-06-07,107052
c90873,,Полина Белых,+7 (950) 819-89-29,user90873@example.ru,С.-Петербург,13.03.2025,,
c104614,Алиса Шилова,,+79490735542,user104614@example.ru,Красноярск,,2026-05-30,111397
c101872,Мария Шилова,,+79910960509,user101872@example.ru,Санкт-Петербург,,2026-05-07,106975
c100314,Игорь Нестеров,,+79966337772,user100314@example.ru,Красноярск,,2026-01-25,18121
c104841,Мария Лаптева,,+79326311588,user104841@example.ru,Казань,,2026-04-07,26061
c101552,Юлия Зуева,,+79799923890,user101552@example.ru,Казань,,2026-01-16,130438
c90070,,Игорь Белых,+7 (942) 460-83-67,user90070@example.ru,Екатеринбург,12.09.2024,,
c102005,Полина Зуева,,+79223773139,user102005@example.ru,Москва,,2026-05-08,106725
c104230,,Глеб Лаптев,+7 (917) 673-97-44,user104230@example.ru,Новосибирск,04.11.2024,,
c100675,Наталья Панина,,+79611446846,user100675@example.ru,Москва,,2026-06-18,140010
c100711,,Тимур Юдин,+7 (942) 538-59-20,user100711@example.ru,Новосибирск,11.05.2026,,
c103726,Алиса Крылова,,+79272453571,user103726@example.ru,Казань,,2026-02-12,141892
c102708,,Вера Ермакова,+7 (958) 660-80-73,user102708@example.ru,С.-Петербург,18.06.2024,,
c106418,Игорь Гордеев,,+79530758008,user106418@example.ru,Санкт-Петербург,,2026-03-30,21668
c92260,,Лидия Савельева,+7 (987) 643-65-43,user92260@example.ru,С.-Петербург,23.09.2024,,
c105960,Наталья Лаптева,,+79981779703,user105960@example.ru,Москва,,2026-07-19,65587
c91468,,Полина Юдина,+7 (951) 834-14-00,user91468@example.ru,Москва,24.11.2025,,
c90431,,Кирилл Крылов,+7 (910) 994-36-08,user90431@example.ru,Новосибирск,03.05.2025,,
c103264,Игорь Нестеров,,+79351057622,user103264@example.ru,Екатеринбург,,2026-06-24,167652
c106735,Роман Ковальчук,,+79386226533,user106735@example.ru,Санкт-Петербург,,2026-05-14,139709
c101191,Тимур Сорокин,,+79261254166,user101191@example.ru,Казань,,2026-06-13,32321
c100161,Алиса Белых,,+79675980604,user100161@example.ru,Красноярск,,2026-04-26,132239
c90502,,Максим Нестеров,+7 (970) 492-75-22,user90502@example.ru,С.-Петербург,19.01.2024,,
c91126,,Ольга Тихонова,+7 (929) 125-15-30,user91126@example.ru,Екатеринбург,28.01.2026,,
c103079,Роман Савельев,,+79312349139,user103079@example.ru,Екатеринбург,,2026-06-03,162555
c101308,,Денис Зуев,+7 (941) 328-39-16,user101308@example.ru,Москва,22.10.2024,,
c102287,Денис Осипов,,+79809592013,user102287@example.ru,Казань,,2026-08-11,122306
c100803,Тимур Зуев,,+79512342472,user100803@example.ru,Казань,,2026-04-16,102080
c101090,Елена Савельева,,+79679842987,user101090@example.ru,Екатеринбург,,2026-08-07,23145
c92065,,Лидия Савельева,+7 (910) 973-65-80,user92065@example.ru,Казань,08.10.2025,,
c90642,,Мария Юдина,+7 (949) 951-39-34,user90642@example.ru,Новосибирск,17.02.2026,,
c104908,Павел Ковальчук,,+79369157373,user104908@example.ru,Красноярск,,2026-07-18,83006
c101722,Полина Белых,,+79721817531,user101722@example.ru,Екатеринбург,,2026-03-09,88780
c91831,,Денис Зуев,+7 (974) 470-79-36,user91831@example.ru,Екатеринбург,08.03.2025,,
c90574,,Игорь Ермаков,+7 (954) 826-38-62,user90574@example.ru,Казань,28.12.2024,,
c105851,Павел Савельев,,+79152030426,user105851@example.ru,Москва,,2026-07-15,174973
c104443,,Лидия Мешкова,+7 (928) 567-48-85,user104443@example.ru,Красноярск,05.03.2024,,
c100658,,Егор Сорокин,+7 (963) 418-78-54,user100658@example.ru,Новосибирск,23.06.2025,,
c100076,Лидия Ермакова,,+79579271869,user100076@example.ru,Санкт-Петербург,,2026-07-22,101791
c100716,Игорь Панин,,+79181568707,user100716@example.ru,Санкт-Петербург,,2026-03-28,90283
c103269,Алиса Зуева,,+79884597419,user103269@example.ru,Санкт-Петербург,,2026-05-23,66644
c91841,,Павел Сорокин,+7 (955) 597-48-63,user91841@example.ru,Москва,31.03.2024,,
c105417,Лидия Лаптева,,+79258863288,user105417@example.ru,Казань,,2026-02-11,15810
c91059,,Глеб Белых,+7 (910) 505-14-71,user91059@example.ru,Казань,09.07.2025,,
c105599,,Полина Юдина,+7 (968) 753-84-12,user105599@example.ru,Екатеринбург,08.06.2024,,
c91520,,Егор Осипов,+7 (918) 125-80-50,user91520@example.ru,Новосибирск,26.03.2026,,
c103245,Анна Осипова,,+79634417633,user103245@example.ru,Москва,,2026-04-22,129204
c90881,,Артур Лаптев,+7 (958) 830-13-27,user90881@example.ru,Новосибирск,26.03.2025,,
c90658,,Максим Зуев,+7 (925) 579-36-96,user90658@example.ru,Москва,13.01.2024,,
c105355,Полина Гордеева,,+79435624831,user105355@example.ru,Москва,,2026-04-21,41166
c105733,Елена Ковальчук,,+79733584145,user105733@example.ru,Новосибирск,,2026-03-29,3938
c92179,,Максим Ермаков,+7 (954) 386-93-51,user92179@example.ru,Новосибирск,28.11.2025,,
c102153,Наталья Мешкова,,+79703301189,user102153@example.ru,Москва,,2026-08-17,160542
c105780,Тимур Гордеев,,+79236357210,user105780@example.ru,Новосибирск,,2026-07-30,69333
c100560,Артур Тихонов,,+79830460022,user100560@example.ru,Санкт-Петербург,,2026-02-01,120552
c105082,Ольга Шилова,,+79474261376,user105082@example.ru,Екатеринбург,,2026-08-22,31648
c106551,Елена Ермакова,,+79756932380,user106551@example.ru,Москва,,2026-07-03,59177
c106533,Мария Ковальчук,,+79751226068,user106533@example.ru,Екатеринбург,,2026-06-04,144799
c105556,,Кирилл Лаптев,+7 (919) 622-65-58,user105556@example.ru,Екатеринбург,13.04.2024,,
c100696,Артур Шилов,,+79913768513,user100696@example.ru,Новосибирск,,2026-05-08,90893
c102804,Глеб Савельев,,+79656349017,user102804@example.ru,Екатеринбург,,2026-08-09,89742
c106595,Вера Зуева,,+79158887410,user106595@example.ru,Казань,,2026-02-18,50458
c92364,,Елена Гордеева,+7 (943) 019-15-24,user92364@example.ru,Красноярск,15.08.2025,,
c104555,,Юлия Осипова,+7 (985) 856-71-64,user104555@example.ru,Новосибирск,17.11.2024,,
c103862,Кирилл Ермаков,,+79631235960,user103862@example.ru,Новосибирск,,2026-06-26,133485
c90609,,Игорь Панин,+7 (977) 758-56-34,user90609@example.ru,Москва,25.08.2025,,
c90509,,Лидия Лаптева,+7 (925) 654-24-55,user90509@example.ru,Красноярск,29.12.2024,,
c106187,Егор Панин,,+79870243005,user106187@example.ru,Новосибирск,,2026-08-28,143583
c103894,Полина Ковальчук,,+79454873563,user103894@example.ru,Санкт-Петербург,,2026-02-17,2262
c105601,Алиса Нестерова,,+79219589264,user105601@example.ru,Екатеринбург,,2026-04-17,48550
c90216,,Юлия Панина,+7 (987) 275-95-94,user90216@example.ru,Казань,18.09.2024,,
c104619,Мария Осипова,,+79158206548,user104619@example.ru,Красноярск,,2026-05-29,49181
c100913,Глеб Нестеров,,+79732681599,user100913@example.ru,Екатеринбург,,2026-05-15,133620
c100555,,Кирилл Ермаков,+7 (926) 458-23-64,user100555@example.ru,Красноярск,03.06.2024,,
c104350,Полина Осипова,,+79428590213,user104350@example.ru,Новосибирск,,2026-02-02,91758
c91294,,Полина Ермакова,+7 (951) 954-69-49,user91294@example.ru,Казань,05.01.2026,,
c90687,,Анна Зуева,+7 (969) 984-33-58,user90687@example.ru,Екатеринбург,23.07.2025,,
c104300,Кирилл Панин,,+79403823987,user104300@example.ru,Екатеринбург,,2026-02-23,80187
c105181,Полина Сорокина,,+79373222131,user105181@example.ru,Новосибирск,,2026-07-22,161623
c106789,,Денис Тихонов,+7 (972) 007-46-88,user106789@example.ru,Новосибирск,13.04.2024,,
c101747,Анна Гордеева,,+79205022562,user101747@example.ru,Красноярск,,2026-08-23,169317
c90134,,Анна Панина,+7 (993) 187-09-12,user90134@example.ru,С.-Петербург,09.03.2025,,
c106813,Кирилл Панин,,+79985476675,user106813@example.ru,Казань,,2026-04-29,47695
c106689,Роман Осипов,,+79839540578,user106689@example.ru,Москва,,2026-07-30,16428
c90277,,Мария Лаптева,+7 (938) 436-23-94,user90277@example.ru,Новосибирск,26.03.2026,,
c90710,,Анна Савельева,+7 (930) 966-83-92,user90710@example.ru,Красноярск,04.08.2024,,
c103968,Алиса Савельева,,+79767853902,user103968@example.ru,Красноярск,,2026-05-14,107925
c106300,Кирилл Белых,,+79978868352,user106300@example.ru,Москва,,2026-02-11,43109
c91907,,Юлия Ковальчук,+7 (994) 112-31-66,user91907@example.ru,Новосибирск,17.06.2026,,
c90535,,Роман Тихонов,+7 (915) 364-91-06,user90535@example.ru,Красноярск,23.08.2024,,
c100958,Лидия Нестерова,,+79945708455,user100958@example.ru,Казань,,2026-04-12,83625
c102264,Мария Гордеева,,+79539147740,user102264@example.ru,Москва,,2026-08-28,89070
c91823,,Наталья Шилова,+7 (943) 593-17-23,user91823@example.ru,Красноярск,14.06.2026,,
c101893,Артур Гордеев,,+79314336882,user101893@example.ru,Екатеринбург,,2026-03-14,55573
c91855,,Мария Нестерова,+7 (990) 357-37-88,user91855@example.ru,С.-Петербург,24.06.2026,,
c101422,Артур Шилов,,+79166121316,user101422@example.ru,Москва,,2026-04-03,77206
c92075,,Вера Ковальчук,+7 (955) 786-43-29,user92075@example.ru,Екатеринбург,09.04.2024,,
c103803,Глеб Нестеров,,+79750780833,user103803@example.ru,Санкт-Петербург,,2026-03-01,58254
c106598,Лидия Мешкова,,+79933235842,user106598@example.ru,Екатеринбург,,2026-08-04,85170
c103749,Кирилл Савельев,,+79914898849,user103749@example.ru,Красноярск,,2026-08-11,136509
c102080,Ольга Лаптева,,+79689117800,user102080@example.ru,Казань,,2026-03-15,18118
c100299,Лидия Белых,,+79832554608,user100299@example.ru,Санкт-Петербург,,2026-03-27,106584
c90994,,Полина Осипова,+7 (967) 459-99-73,user90994@example.ru,С.-Петербург,07.10.2024,,
c90787,,Елена Шилова,+7 (918) 651-76-52,user90787@example.ru,Новосибирск,08.04.2026,,
c106540,,Елена Крылова,+7 (924) 057-30-89,user106540@example.ru,С.-Петербург,22.04.2025,,
c101540,Лидия Белых,,+79285466734,user101540@example.ru,Москва,,2026-01-24,105618
c103564,Елена Мешкова,,+79487356231,user103564@example.ru,Казань,,2026-05-06,116562
c92458,,Анна Зуева,+7 (919) 019-11-97,user92458@example.ru,Новосибирск,17.02.2026,,
c101414,Павел Юдин,,+79952067099,user101414@example.ru,Красноярск,,2026-06-14,21792
c102133,Мария Юдина,,+79395430688,user102133@example.ru,Москва,,2026-03-06,111092
c91200,,Кирилл Панин,+7 (990) 668-52-34,user91200@example.ru,Москва,19.11.2025,,
c90682,,Мария Панина,+7 (925) 162-35-23,user90682@example.ru,Москва,21.06.2024,,
c105838,Максим Гордеев,,+79874908030,user105838@example.ru,Москва,,2026-08-03,112605
c103002,Егор Осипов,,+79749403020,user103002@example.ru,Казань,,2026-08-25,43855
c90908,,Юлия Мешкова,+7 (944) 466-54-03,user90908@example.ru,Москва,08.06.2024,,
c92435,,Наталья Гордеева,+7 (981) 059-13-31,user92435@example.ru,Красноярск,16.11.2025,,
c104269,Павел Шилов,,+79515414571,user104269@example.ru,Казань,,2026-06-02,54054
c105521,Тимур Зуев,,+79595610811,user105521@example.ru,Новосибирск,,2026-07-28,112758
c105929,Денис Нестеров,,+79757828912,user105929@example.ru,Москва,,2026-02-06,105083
c91121,,Юлия Зуева,+7 (968) 219-26-96,user91121@example.ru,С.-Петербург,06.11.2024,,
c91967,,Игорь Зуев,+7 (986) 598-45-58,user91967@example.ru,С.-Петербург,20.12.2025,,
c104530,,Елена Осипова,+7 (989) 253-86-35,user104530@example.ru,С.-Петербург,30.07.2025,,
c91528,,Елена Лаптева,+7 (925) 780-26-83,user91528@example.ru,Москва,01.04.2025,,
c101160,Глеб Гордеев,,+79980546610,user101160@example.ru,Санкт-Петербург,,2026-08-02,128851
c103304,Егор Ковальчук,,+79239564776,user103304@example.ru,Санкт-Петербург,,2026-06-11,78536
c105457,Мария Тихонова,,+79760835517,user105457@example.ru,Москва,,2026-02-24,32094
c101152,Кирилл Осипов,,+79264965619,user101152@example.ru,Санкт-Петербург,,2026-07-29,20321
c105788,Лидия Мешкова,,+79648281461,user105788@example.ru,Москва,,2026-09-08,46979
c102136,Павел Лаптев,,+79530696934,user102136@example.ru,Казань,,2026-05-18,74883
c91190,,Алиса Мешкова,+7 (917) 450-60-95,user91190@example.ru,С.-Петербург,21.01.2026,,
c91277,,Анна Шилова,+7 (925) 402-17-96,user91277@example.ru,Москва,26.05.2025,,
c92073,,Анна Белых,+7 (989) 064-87-85,user92073@example.ru,Казань,28.06.2025,,
c105504,,Мария Панина,+7 (970) 546-44-37,user105504@example.ru,Казань,26.04.2026,,
c100393,,Глеб Шилов,+7 (936) 299-50-31,user100393@example.ru,Новосибирск,31.01.2026,,
c102415,,Кирилл Юдин,+7 (946) 849-23-30,user102415@example.ru,Москва,08.11.2025,,
c90317,,Роман Гордеев,+7 (942) 066-38-98,user90317@example.ru,Новосибирск,17.02.2025,,
c102901,Денис Зуев,,+79560817168,user102901@example.ru,Екатеринбург,,2026-09-11,163786
c90779,,Вера Шилова,+7 (998) 682-94-11,user90779@example.ru,Новосибирск,14.08.2025,,
c106209,Тимур Юдин,,+79395194389,user106209@example.ru,Санкт-Петербург,,2026-02-14,116411
c105654,Денис Осипов,,+79636450248,user105654@example.ru,Москва,,2026-07-26,56889
c91881,,Наталья Юдина,+7 (954) 353-28-86,user91881@example.ru,Новосибирск,11.06.2024,,
c104726,Вера Ковальчук,,+79715086203,user104726@example.ru,Санкт-Петербург,,2026-01-18,37752
c101148,Наталья Ермакова,,+79194393537,user101148@example.ru,Екатеринбург,,2026-05-11,111324
c91443,,Денис Лаптев,+7 (956) 581-41-37,user91443@example.ru,Новосибирск,28.06.2025,,
c106084,Ольга Зуева,,+79836700656,user106084@example.ru,Санкт-Петербург,,2026-06-22,26531
c103039,Полина Тихонова,,+79467858340,user103039@example.ru,Красноярск,,2026-02-17,110870
c91465,,Алиса Крылова,+7 (946) 669-52-87,user91465@example.ru,Красноярск,06.06.2025,,
c105312,,Лидия Мешкова,+7 (989) 308-02-24,user105312@example.ru,Красноярск,02.12.2024,,
c102277,Игорь Лаптев,,+79275876074,user102277@example.ru,Новосибирск,,2026-05-09,87999
c91564,,Кирилл Тихонов,+7 (967) 268-72-00,user91564@example.ru,Москва,17.01.2026,,
c105097,Наталья Гордеева,,+79510475882,user105097@example.ru,Екатеринбург,,2026-09-08,164661
c104540,Полина Зуева,,+79815921362,user104540@example.ru,Новосибирск,,2026-02-12,17337
c103373,,Наталья Зуева,+7 (971) 871-90-69,user103373@example.ru,Екатеринбург,07.10.2024,,
c106862,Мария Осипова,,+79989064352,user106862@example.ru,Екатеринбург,,2026-07-28,168468
c100255,,Ольга Осипова,+7 (951) 116-65-20,user100255@example.ru,Красноярск,18.08.2024,,
c105441,Павел Шилов,,+79965057637,user105441@example.ru,Екатеринбург,,2026-04-27,105862
c100706,Кирилл Крылов,,+79649166336,user100706@example.ru,Санкт-Петербург,,2026-08-01,93351
c100300,Елена Сорокина,,+79361698200,user100300@example.ru,Новосибирск,,2026-08-21,56946
c102764,Кирилл Панин,,+79301627842,user102764@example.ru,Екатеринбург,,2026-02-07,118632
c105333,,Денис Ковальчук,+7 (916) 591-02-28,user105333@example.ru,С.-Петербург,20.06.2025,,
c92252,,Кирилл Лаптев,+7 (914) 874-03-53,user92252@example.ru,Москва,16.05.2024,,
c106878,,Полина Осипова,+7 (916) 188-46-97,user106878@example.ru,Москва,15.08.2024,,
c90263,,Вера Шилова,+7 (991) 751-27-13,user90263@example.ru,Екатеринбург,02.11.2024,,
c101931,Полина Юдина,,+79608076810,user101931@example.ru,Новосибирск,,2026-04-19,40908
c105648,Алиса Тихонова,,+79482363925,user105648@example.ru,Москва,,2026-07-31,59566
c103811,Роман Гордеев,,+79246261099,user103811@example.ru,Казань,,2026-07-12,44717
c106154,Вера Гордеева,,+79541496784,user106154@example.ru,Казань,,2026-06-11,49775
c100530,,Денис Савельев,+7 (977) 776-65-20,user100530@example.ru,Красноярск,25.08.2024,,
c104922,Егор Осипов,,+79888971261,user104922@example.ru,Казань,,2026-05-19,165630
c106828,Павел Зуев,,+79273421731,user106828@example.ru,Красноярск,,2026-07-04,163179
c103231,,Лидия Нестерова,+7 (962) 092-45-59,user103231@example.ru,Новосибирск,01.01.2025,,
c103271,Тимур Зуев,,+79684723943,user103271@example.ru,Казань,,2026-03-07,143742
c90212,,Мария Сорокина,+7 (935) 245-65-10,user90212@example.ru,Красноярск,09.10.2024,,
c104256,Наталья Лаптева,,+79615867982,user104256@example.ru,Новосибирск,,2026-07-24,141201
c103092,Егор Крылов,,+79496769507,user103092@example.ru,Екатеринбург,,2026-06-28,103328
c105324,Роман Мешков,,+79828664846,user105324@example.ru,Новосибирск,,2026-04-25,16836
c106672,Тимур Тихонов,,+79430495621,user106672@example.ru,Екатеринбург,,2026-01-15,88047
c106312,Алиса Гордеева,,+79275589964,user106312@example.ru,Екатеринбург,,2026-04-09,74911
c104550,Ольга Савельева,,+79127692488,user104550@example.ru,Екатеринбург,,2026-05-03,153544
c104432,Егор Мешков,,+79516599240,user104432@example.ru,Красноярск,,2026-07-07,118296
c91350,,Вера Ковальчук,+7 (996) 678-56-32,user91350@example.ru,С.-Петербург,26.08.2025,,
c102608,Тимур Лаптев,,+79445176382,user102608@example.ru,Новосибирск,,2026-03-08,113361
c92111,,Юлия Тихонова,+7 (941) 591-93-28,user92111@example.ru,Екатеринбург,25.01.2026,,
c90024,,Мария Савельева,+7 (947) 037-36-21,user90024@example.ru,Казань,22.08.2024,,
c102023,Игорь Шилов,,+79902054924,user102023@example.ru,Екатеринбург,,2026-02-14,71437
c103478,Наталья Белых,,+79832549717,user103478@example.ru,Москва,,2026-04-29,167373
c103112,Наталья Гордеева,,+79183878088,user103112@example.ru,Санкт-Петербург,,2026-01-12,67856
c100631,Алиса Белых,,+79146776769,user100631@example.ru,Казань,,2026-04-24,25922
c105596,Глеб Осипов,,+79731438630,user105596@example.ru,Екатеринбург,,2026-06-24,136570
c100468,Мария Белых,,+79855788239,user100468@example.ru,Новосибирск,,2026-07-31,137347
c103556,Глеб Зуев,,+79844489347,user103556@example.ru,Казань,,2026-01-29,63584
c104054,Алиса Лаптева,,+79725318586,user104054@example.ru,Санкт-Петербург,,2026-08-15,30982
c101658,Алиса Гордеева,,+79646517700,user101658@example.ru,Екатеринбург,,2026-05-05,107806
c105738,Юлия Зуева,,+79309315144,user105738@example.ru,Казань,,2026-04-20,73305
c105977,Лидия Юдина,,+79747510424,user105977@example.ru,Красноярск,,2026-01-29,24013
c92394,,Вера Гордеева,+7 (977) 403-93-33,user92394@example.ru,Новосибирск,19.04.2025,,
c100741,Вера Лаптева,,+79959480914,user100741@example.ru,Санкт-Петербург,,2026-04-23,85826
c103314,Артур Юдин,,+79174015918,user103314@example.ru,Москва,,2026-04-05,84680
c104931,Наталья Тихонова,,+79944062578,user104931@example.ru,Красноярск,,2026-02-28,41147
c101784,Вера Тихонова,,+79334831345,user101784@example.ru,Екатеринбург,,2026-04-30,38541
c91801,,Мария Крылова,+7 (998) 080-70-39,user91801@example.ru,Москва,09.10.2024,,
c102073,Павел Тихонов,,+79247608754,user102073@example.ru,Казань,,2026-03-02,27704
c105563,Мария Лаптева,,+79179741610,user105563@example.ru,Санкт-Петербург,,2026-03-11,40143
c91863,,Лидия Белых,+7 (976) 197-98-85,user91863@example.ru,Казань,24.05.2025,,
c91605,,Ольга Лаптева,+7 (929) 603-42-69,user91605@example.ru,Красноярск,04.10.2024,,
c90021,,Ольга Панина,+7 (974) 798-54-81,user90021@example.ru,Москва,06.04.2024,,
c103449,Вера Лаптева,,+79349529810,user103449@example.ru,Казань,,2026-06-24,58909
c91275,,Елена Тихонова,+7 (982) 335-44-98,user91275@example.ru,С.-Петербург,07.10.2025,,
c92362,,Лидия Ермакова,+7 (942) 032-34-79,user92362@example.ru,Новосибирск,28.06.2024,,
c91168,,Мария Нестерова,+7 (930) 041-69-59,user91168@example.ru,Красноярск,12.08.2024,,
c106696,Елена Лаптева,,+79584068056,user106696@example.ru,Красноярск,,2026-04-28,74146
c104900,Юлия Савельева,,+79968447950,user104900@example.ru,Казань,,2026-08-01,78180
c100126,Мария Нестерова,,+79884624997,user100126@example.ru,Казань,,2026-02-13,132568
c102157,Павел Савельев,,+79852799832,user102157@example.ru,Красноярск,,2026-01-16,141366
c102907,Ольга Мешкова,,+79627135739,user102907@example.ru,Казань,,2026-06-18,130572
c100817,Анна Савельева,,+79365433805,user100817@example.ru,Москва,,2026-04-30,102529
c104762,Артур Нестеров,,+79886363989,user104762@example.ru,Новосибирск,,2026-04-30,21898
c102248,Наталья Юдина,,+79179304418,user102248@example.ru,Новосибирск,,2026-07-19,75413
c104864,Юлия Сорокина,,+79293053082,user104864@example.ru,Санкт-Петербург,,2026-06-04,140548
c100837,Роман Мешков,,+79417430449,user100837@example.ru,Казань,,2026-07-11,96916
c104243,Тимур Сорокин,,+79746524772,user104243@example.ru,Санкт-Петербург,,2026-01-27,130130
c101330,Мария Панина,,+79433217025,user101330@example.ru,Екатеринбург,,2026-06-19,55220
c103738,Денис Мешков,,+79406561481,user103738@example.ru,Казань,,2026-08-11,59477
c104516,Вера Ермакова,,+79777249355,user104516@example.ru,Красноярск,,2026-06-03,57698
c101982,Наталья Тихонова,,+79889385725,user101982@example.ru,Казань,,2026-05-14,35772
c101249,Глеб Мешков,,+79997099688,user101249@example.ru,Екатеринбург,,2026-02-20,152345
c91326,,Наталья Белых,+7 (916) 186-74-04,user91326@example.ru,С.-Петербург,29.05.2025,,
c101166,Артур Гордеев,,+79895512677,user101166@example.ru,Новосибирск,,2026-04-15,171256
c105296,Тимур Белых,,+79654748988,user105296@example.ru,Новосибирск,,2026-08-17,24755
c104596,Роман Крылов,,+79845864109,user104596@example.ru,Красноярск,,2026-05-31,55554
c101093,Алиса Ковальчук,,+79660906235,user101093@example.ru,Казань,,2026-01-21,32570
c105289,Лидия Лаптева,,+79961198357,user105289@example.ru,Москва,,2026-07-14,93601
c101224,Денис Осипов,,+79470101144,user101224@example.ru,Екатеринбург,,2026-05-10,75329
c103744,Ольга Нестерова,,+79355101225,user103744@example.ru,Санкт-Петербург,,2026-01-10,88770
c101852,Артур Шилов,,+79728984666,user101852@example.ru,Новосибирск,,2026-07-06,19029
c106256,Лидия Шилова,,+79114935129,user106256@example.ru,Санкт-Петербург,,2026-06-06,120027
c100450,Кирилл Ковальчук,,+79290939872,user100450@example.ru,Новосибирск,,2026-08-20,79386
c104242,Егор Крылов,,+79297697288,user104242@example.ru,Москва,,2026-04-01,118459
c101533,Полина Нестерова,,+79233032572,user101533@example.ru,Санкт-Петербург,,2026-02-06,83700
c104938,Денис Осипов,,+79824828362,user104938@example.ru,Москва,,2026-07-19,89045
c92110,,Вера Белых,+7 (969) 086-46-00,user92110@example.ru,Красноярск,07.01.2025,,
c102322,Тимур Панин,,+79972013088,user102322@example.ru,Москва,,2026-03-04,3403
c105400,,Юлия Шилова,+7 (985) 026-21-66,user105400@example.ru,Екатеринбург,10.01.2025,,
c91170,,Роман Гордеев,+7 (911) 967-26-85,user91170@example.ru,С.-Петербург,03.09.2024,,
c102743,,Ольга Савельева,+7 (916) 330-31-42,user102743@example.ru,Красноярск,26.06.2024,,
c102568,Тимур Белых,,+79627374884,user102568@example.ru,Красноярск,,2026-08-05,141330
c102242,,Кирилл Зуев,+7 (962) 595-38-14,user102242@example.ru,Екатеринбург,22.11.2024,,
c104705,Анна Савельева,,+79251051052,user104705@example.ru,Казань,,2026-02-09,27076
c90794,,Лидия Зуева,+7 (938) 366-97-46,user90794@example.ru,С.-Петербург,04.03.2024,,
c101983,Юлия Белых,,+79596012942,user101983@example.ru,Москва,,2026-02-26,78739
c104346,Павел Ермаков,,+79481131099,user104346@example.ru,Новосибирск,,2026-05-23,2980
c104650,Роман Ермаков,,+79120479744,user104650@example.ru,Казань,,2026-07-31,78712
c101276,,Артур Крылов,+7 (931) 590-35-00,user101276@example.ru,Казань,24.09.2024,,
c101773,Елена Осипова,,+79810022382,user101773@example.ru,Казань,,2026-02-16,16430
c90664,,Вера Зуева,+7 (995) 038-88-83,user90664@example.ru,Красноярск,27.04.2025,,
c100821,Кирилл Белых,,+79323393357,user100821@example.ru,Красноярск,,2026-07-21,136987
c100873,Артур Осипов,,+79177494068,user100873@example.ru,Красноярск,,2026-02-19,126997
c101875,Алиса Ермакова,,+79298561945,user101875@example.ru,Казань,,2026-05-29,66475
c104877,Максим Гордеев,,+79678920843,user104877@example.ru,Москва,,2026-05-27,141614
c90816,,Глеб Нестеров,+7 (950) 655-42-36,user90816@example.ru,Москва,04.02.2024,,
c92422,,Игорь Мешков,+7 (910) 316-73-01,user92422@example.ru,Екатеринбург,02.01.2026,,
c90328,,Тимур Мешков,+7 (913) 548-88-14,user90328@example.ru,Казань,19.02.2025,,
c90988,,Елена Гордеева,+7 (963) 103-48-74,user90988@example.ru,Москва,31.03.2026,,
c91301,,Юлия Крылова,+7 (994) 951-36-71,user91301@example.ru,Красноярск,16.10.2025,,
c105037,Елена Тихонова,,+79141875405,user105037@example.ru,Санкт-Петербург,,2026-06-25,95865
c91079,,Кирилл Крылов,+7 (968) 356-57-89,user91079@example.ru,Красноярск,11.04.2024,,
c102945,Ольга Савельева,,+79139692278,user102945@example.ru,Екатеринбург,,2026-02-22,18443
c91617,,Игорь Шилов,+7 (949) 783-33-30,user91617@example.ru,Москва,23.08.2024,,
c91343,,Павел Ермаков,+7 (937) 762-84-63,user91343@example.ru,Казань,17.06.2024,,
c104742,Игорь Зуев,,+79437566594,user104742@example.ru,Казань,,2026-07-19,11461
c91541,,Елена Осипова,+7 (997) 929-91-71,user91541@example.ru,С.-Петербург,27.04.2025,,
c106764,Кирилл Нестеров,,+79372713256,user106764@example.ru,Казань,,2026-06-08,66663
c106874,Денис Юдин,,+79176521650,user106874@example.ru,Москва,,2026-08-31,24076
c105552,Глеб Лаптев,,+79750071423,user105552@example.ru,Новосибирск,,2026-02-19,62557
c92395,,Игорь Панин,+7 (940) 704-54-40,user92395@example.ru,Москва,14.07.2025,,
c101936,Игорь Мешков,,+79997135263,user101936@example.ru,Санкт-Петербург,,2026-06-14,139125
c106350,Елена Сорокина,,+79584480118,user106350@example.ru,Новосибирск,,2026-02-19,169481
c91451,,Полина Нестерова,+7 (993) 908-24-96,user91451@example.ru,Новосибирск,06.11.2025,,
c102121,Глеб Савельев,,+79538642891,user102121@example.ru,Красноярск,,2026-07-28,22631
c102521,Егор Панин,,+79480207431,user102521@example.ru,Казань,,2026-09-01,83901
c104297,Денис Белых,,+79330896959,user104297@example.ru,Красноярск,,2026-02-22,96658
c102253,Павел Нестеров,,+79790825981,user102253@example.ru,Москва,,2026-04-02,71828
c100575,Егор Зуев,,+79958879271,user100575@example.ru,Новосибирск,,2026-07-10,153128
c102657,Анна Белых,,+79371636292,user102657@example.ru,Екатеринбург,,2026-06-19,160517
c106384,Юлия Лаптева,,+79211437152,user106384@example.ru,Москва,,2026-01-17,61386
c105022,Максим Савельев,,+79991449924,user105022@example.ru,Красноярск,,2026-08-22,128998
c92030,,Полина Лаптева,+7 (938) 839-52-52,user92030@example.ru,Новосибирск,08.11.2024,,
c105649,Ольга Осипова,,+79874688626,user105649@example.ru,Екатеринбург,,2026-06-27,34191
c104349,Наталья Ермакова,,+79386002679,user104349@example.ru,Казань,,2026-02-17,54485
c101748,Вера Мешкова,,+79191477845,user101748@example.ru,Москва,,2026-02-02,58045
c106107,,Наталья Гордеева,+7 (976) 476-17-42,user106107@example.ru,С.-Петербург,23.08.2024,,
c91648,,Наталья Тихонова,+7 (957) 417-87-73,user91648@example.ru,Москва,27.01.2026,,
c90044,,Лидия Белых,+7 (923) 940-81-13,user90044@example.ru,Новосибирск,23.02.2024,,
c100840,Павел Крылов,,+79716825784,user100840@example.ru,Казань,,2026-04-27,122476
c100908,Роман Савельев,,+79834896562,user100908@example.ru,Санкт-Петербург,,2026-06-10,105846
c102768,Елена Тихонова,,+79898854775,user102768@example.ru,Санкт-Петербург,,2026-02-24,130550
c101595,Лидия Крылова,,+79640289996,user101595@example.ru,Казань,,2026-06-21,82356
c101629,Полина Савельева,,+79773418421,user101629@example.ru,Красноярск,,2026-02-10,153008
c91493,,Артур Белых,+7 (951) 002-35-23,user91493@example.ru,Красноярск,01.12.2024,,
c101553,Алиса Белых,,+79968434544,user101553@example.ru,Санкт-Петербург,,2026-04-02,78903
c106698,Игорь Тихонов,,+79683513877,user106698@example.ru,Казань,,2026-08-07,26131
c106032,,Глеб Савельев,+7 (992) 456-53-92,user106032@example.ru,Новосибирск,30.09.2025,,
c92266,,Мария Крылова,+7 (980) 276-23-01,user92266@example.ru,Красноярск,12.02.2024,,
c103242,Кирилл Крылов,,+79388482013,user103242@example.ru,Казань,,2026-07-02,160987
c102709,Тимур Зуев,,+79387628031,user102709@example.ru,Санкт-Петербург,,2026-08-19,46542
c104616,Кирилл Савельев,,+79388485777,user104616@example.ru,Екатеринбург,,2026-07-02,47602
c104833,Роман Мешков,,+79788011913,user104833@example.ru,Казань,,2026-08-08,63528
c103323,Павел Зуев,,+79501058507,user103323@example.ru,Санкт-Петербург,,2026-06-14,51466
c105316,Павел Ковальчук,,+79329365721,user105316@example.ru,Новосибирск,,2026-01-08,7111
c103355,Максим Панин,,+79325648512,user103355@example.ru,Красноярск,,2026-01-22,53818
c103198,Тимур Тихонов,,+79222754713,user103198@example.ru,Москва,,2026-02-01,165827
c100838,Полина Сорокина,,+79222453165,user100838@example.ru,Красноярск,,2026-07-15,61668
c105393,Алиса Ковальчук,,+79633410226,user105393@example.ru,Красноярск,,2026-01-29,75237
c105160,,Елена Зуева,+7 (922) 610-20-34,user105160@example.ru,Москва,03.12.2025,,
c104523,Вера Ермакова,,+79357733248,user104523@example.ru,Москва,,2026-09-04,100303
c105512,Ольга Савельева,,+79501595265,user105512@example.ru,Красноярск,,2026-02-19,21059
c91586,,Кирилл Сорокин,+7 (932) 821-61-15,user91586@example.ru,Новосибирск,30.05.2025,,
c100949,Алиса Белых,,+79465657209,user100949@example.ru,Казань,,2026-06-12,17279
c100762,Вера Юдина,,+79852393491,user100762@example.ru,Казань,,2026-01-27,57431
c104654,,Тимур Белых,+7 (924) 259-09-64,user104654@example.ru,Красноярск,12.10.2024,,
c102693,Максим Сорокин,,+79418564824,user102693@example.ru,Санкт-Петербург,,2026-05-08,33779
c102373,Алиса Нестерова,,+79740345948,user102373@example.ru,Москва,,2026-04-19,155128
c103536,Елена Мешкова,,+79927306338,user103536@example.ru,Екатеринбург,,2026-04-06,100240
c100991,Павел Шилов,,+79238689667,user100991@example.ru,Москва,,2026-03-27,172437
c103815,Егор Гордеев,,+79901667002,user103815@example.ru,Красноярск,,2026-06-22,104124
c100925,Мария Белых,,+79275742497,user100925@example.ru,Москва,,2026-05-31,103283
c102896,Юлия Белых,,+79338733788,user102896@example.ru,Красноярск,,2026-09-09,135300
c91194,,Юлия Нестерова,+7 (925) 203-42-80,user91194@example.ru,Красноярск,14.07.2025,,
c106235,Игорь Нестеров,,+79593724332,user106235@example.ru,Новосибирск,,2026-04-28,5673
c104648,Алиса Панина,,+79959324871,user104648@example.ru,Москва,,2026-05-27,24472
c105449,,Денис Сорокин,+7 (973) 452-07-34,user105449@example.ru,Москва,06.05.2026,,
c90065,,Лидия Юдина,+7 (953) 122-39-42,user90065@example.ru,Москва,20.05.2024,,
c101788,Максим Савельев,,+79691650550,user101788@example.ru,Санкт-Петербург,,2026-02-17,59965
c105348,Глеб Мешков,,+79657546424,user105348@example.ru,Новосибирск,,2026-09-09,120084
c104099,Кирилл Панин,,+79541154303,user104099@example.ru,Москва,,2026-06-27,23134
c106242,Вера Нестерова,,+79730638800,user106242@example.ru,Красноярск,,2026-01-20,71936
c105579,Лидия Ермакова,,+79551863215,user105579@example.ru,Красноярск,,2026-02-22,8858
c104525,Роман Юдин,,+79321263711,user104525@example.ru,Казань,,2026-04-17,134314
c102858,Кирилл Юдин,,+79965531884,user102858@example.ru,Москва,,2026-04-05,81974
c103848,Егор Крылов,,+79938698816,user103848@example.ru,Екатеринбург,,2026-04-01,172097
c104956,Вера Зуева,,+79433907744,user104956@example.ru,Санкт-Петербург,,2026-02-03,21213
c100662,Елена Белых,,+79208410297,user100662@example.ru,Красноярск,,2026-07-13,158519
c101296,,Алиса Юдина,+7 (948) 637-01-75,user101296@example.ru,Казань,14.08.2025,,
c105144,Лидия Зуева,,+79581540686,user105144@example.ru,Новосибирск,,2026-07-21,68078
c91791,,Наталья Сорокина,+7 (955) 319-72-47,user91791@example.ru,Екатеринбург,25.03.2025,,
c103921,,Анна Гордеева,+7 (973) 280-20-12,user103921@example.ru,Казань,07.02.2025,,
c105129,Егор Зуев,,+79366879786,user105129@example.ru,Екатеринбург,,2026-06-13,142669
c103830,Роман Юдин,,+79196912525,user103830@example.ru,Екатеринбург,,2026-03-26,126324
c90771,,Артур Крылов,+7 (965) 311-00-24,user90771@example.ru,Новосибирск,08.11.2025,,
c100434,Лидия Шилова,,+79520803820,user100434@example.ru,Екатеринбург,,2026-03-26,179016
c105298,Вера Тихонова,,+79650549122,user105298@example.ru,Москва,,2026-06-15,57449
c92048,,Егор Белых,+7 (924) 620-06-89,user92048@example.ru,Казань,27.08.2024,,
c92038,,Артур Белых,+7 (936) 002-32-08,user92038@example.ru,С.-Петербург,27.02.2024,,
c102886,Лидия Шилова,,+79744679204,user102886@example.ru,Новосибирск,,2026-03-27,83033
c105787,Егор Ермаков,,+79251082103,user105787@example.ru,Москва,,2026-04-14,156432
c103725,Елена Ковальчук,,+79869904499,user103725@example.ru,Москва,,2026-03-16,87406
c91978,,Анна Юдина,+7 (992) 713-34-08,user91978@example.ru,Казань,24.08.2024,,
c91901,,Денис Крылов,+7 (921) 400-97-72,user91901@example.ru,Екатеринбург,22.11.2025,,
c102808,Юлия Осипова,,+79292331136,user102808@example.ru,Новосибирск,,2026-07-24,35356
c106423,Юлия Крылова,,+79907792344,user106423@example.ru,Казань,,2026-08-28,13896
c101958,Игорь Шилов,,+79483551299,user101958@example.ru,Красноярск,,2026-09-10,82021
c102175,Анна Лаптева,,+79448497689,user102175@example.ru,Санкт-Петербург,,2026-06-18,63060
c100615,Тимур Лаптев,,+79405606934,user100615@example.ru,Санкт-Петербург,,2026-08-10,124429
c104992,Денис Ермаков,,+79513081390,user104992@example.ru,Санкт-Петербург,,2026-05-06,175785
c90182,,Елена Белых,+7 (993) 644-42-61,user90182@example.ru,Москва,08.04.2026,,
c104079,Денис Сорокин,,+79198051052,user104079@example.ru,Новосибирск,,2026-08-07,24060
c102637,Мария Гордеева,,+79367522653,user102637@example.ru,Красноярск,,2026-09-07,88163
c104399,Вера Нестерова,,+79717122662,user104399@example.ru,Екатеринбург,,2026-02-02,100940
c90081,,Кирилл Гордеев,+7 (946) 384-17-45,user90081@example.ru,С.-Петербург,14.01.2024,,
c105388,Роман Тихонов,,+79817419880,user105388@example.ru,Санкт-Петербург,,2026-06-11,176428
c91792,,Денис Панин,+7 (991) 536-77-40,user91792@example.ru,Москва,17.12.2024,,
c100995,Анна Юдина,,+79138927295,user100995@example.ru,Казань,,2026-07-12,139626
c100561,Ольга Тихонова,,+79828844977,user100561@example.ru,Санкт-Петербург,,2026-04-29,130048
c91048,,Денис Белых,+7 (957) 989-75-08,user91048@example.ru,С.-Петербург,31.07.2025,,
c106417,Ольга Ковальчук,,+79343063894,user106417@example.ru,Екатеринбург,,2026-05-09,81751
c106199,Вера Белых,,+79259937583,user106199@example.ru,Новосибирск,,2026-06-25,30028
c100624,Артур Ковальчук,,+79485323232,user100624@example.ru,Новосибирск,,2026-07-14,19615
c101290,Ольга Мешкова,,+79836133039,user101290@example.ru,Красноярск,,2026-07-08,52470
c91175,,Лидия Ермакова,+7 (924) 692-30-89,user91175@example.ru,Красноярск,28.06.2025,,
c103044,Тимур Шилов,,+79623926814,user103044@example.ru,Новосибирск,,2026-05-07,116642
c92439,,Денис Мешков,+7 (956) 812-33-89,user92439@example.ru,С.-Петербург,31.12.2025,,
c102072,Максим Мешков,,+79811021792,user102072@example.ru,Москва,,2026-04-03,125669
c100707,Юлия Гордеева,,+79705557469,user100707@example.ru,Казань,,2026-07-22,176430
c92217,,Глеб Юдин,+7 (970) 515-38-46,user92217@example.ru,Екатеринбург,16.04.2026,,
c100794,Денис Сорокин,,+79503793489,user100794@example.ru,Казань,,2026-05-25,14290
c91594,,Роман Панин,+7 (956) 592-79-60,user91594@example.ru,Москва,13.12.2024,,
c103886,,Тимур Шилов,+7 (984) 325-47-02,user103886@example.ru,С.-Петербург,02.05.2026,,
c102014,Полина Панина,,+79813489051,user102014@example.ru,Красноярск,,2026-06-07,13066
c101430,Роман Юдин,,+79667506858,user101430@example.ru,Казань,,2026-02-08,33665
c100656,Кирилл Гордеев,,+79730974784,user100656@example.ru,Москва,,2026-01-16,170846
c101822,Мария Юдина,,+79222580391,user101822@example.ru,Казань,,2026-04-13,87627
c92049,,Елена Гордеева,+7 (911) 605-62-28,user92049@example.ru,Москва,24.03.2024,,
c101655,Мария Осипова,,+79831320970,user101655@example.ru,Новосибирск,,2026-05-29,150641
c104882,Павел Юдин,,+79714942625,user104882@example.ru,Новосибирск,,2026-02-11,55533
c91408,,Мария Савельева,+7 (915) 309-14-32,user91408@example.ru,Новосибирск,10.03.2024,,
c90110,,Вера Осипова,+7 (955) 780-34-52,user90110@example.ru,Екатеринбург,26.03.2025,,
c91338,,Ольга Белых,+7 (949) 789-39-61,user91338@example.ru,Екатеринбург,20.05.2025,,
c104047,,Мария Лаптева,+7 (951) 874-30-17,user104047@example.ru,Красноярск,30.12.2024,,
c100048,Кирилл Осипов,,+79368872370,user100048@example.ru,Москва,,2026-02-08,105716
c102286,Анна Гордеева,,+79867693493,user102286@example.ru,Казань,,2026-06-13,80315
c90646,,Глеб Крылов,+7 (916) 808-70-47,user90646@example.ru,Новосибирск,07.09.2025,,
c91523,,Анна Тихонова,+7 (989) 077-63-89,user91523@example.ru,Красноярск,30.03.2024,,
c101362,,Глеб Сорокин,+7 (952) 955-68-11,user101362@example.ru,С.-Петербург,17.05.2025,,
c102619,,Лидия Сорокина,+7 (974) 709-03-76,user102619@example.ru,Новосибирск,29.01.2024,,
c90057,,Роман Осипов,+7 (924) 857-64-34,user90057@example.ru,С.-Петербург,23.04.2024,,
c101801,Максим Гордеев,,+79406678711,user101801@example.ru,Екатеринбург,,2026-06-05,107767
c91353,,Наталья Юдина,+7 (927) 545-84-81,user91353@example.ru,С.-Петербург,31.05.2026,,
c100036,,Мария Гордеева,+7 (961) 154-82-81,user100036@example.ru,С.-Петербург,05.02.2025,,
c101304,Алиса Лаптева,,+79290650053,user101304@example.ru,Санкт-Петербург,,2026-02-02,123235
c104490,Игорь Панин,,+79303740461,user104490@example.ru,Москва,,2026-02-22,163694
c104212,Максим Тихонов,,+79960547641,user104212@example.ru,Екатеринбург,,2026-01-24,139724
c101053,Елена Лаптева,,+79433974004,user101053@example.ru,Санкт-Петербург,,2026-06-27,108868
c102613,,Егор Юдин,+7 (949) 570-69-51,user102613@example.ru,Екатеринбург,06.02.2024,,
c90232,,Тимур Белых,+7 (973) 742-48-96,user90232@example.ru,Москва,21.04.2026,,
c101446,Егор Белых,,+79589658278,user101446@example.ru,Казань,,2026-04-23,114588
c100562,Максим Ковальчук,,+79813437536,user100562@example.ru,Санкт-Петербург,,2026-08-14,123263
c102514,Полина Шилова,,+79122886376,user102514@example.ru,Санкт-Петербург,,2026-08-23,5577
c102505,Артур Шилов,,+79293918511,user102505@example.ru,Новосибирск,,2026-06-23,139596
c91845,,Ольга Лаптева,+7 (916) 188-45-64,user91845@example.ru,Новосибирск,06.05.2025,,
c90242,,Вера Панина,+7 (984) 020-22-56,user90242@example.ru,Казань,20.06.2026,,
c105119,Максим Юдин,,+79579262300,user105119@example.ru,Новосибирск,,2026-08-01,35702
c104011,Роман Нестеров,,+79273727030,user104011@example.ru,Казань,,2026-09-05,163369
c100749,,Лидия Крылова,+7 (987) 971-19-99,user100749@example.ru,Новосибирск,08.10.2025,,
c104967,Ольга Осипова,,+79620207548,user104967@example.ru,Екатеринбург,,2026-05-09,128944
c101162,Полина Юдина,,+79861396233,user101162@example.ru,Казань,,2026-02-22,67892
c102542,Кирилл Мешков,,+79273241658,user102542@example.ru,Екатеринбург,,2026-01-08,140703
c102766,Глеб Лаптев,,+79742388652,user102766@example.ru,Новосибирск,,2026-02-24,179820
c100578,Ольга Савельева,,+79890467693,user100578@example.ru,Москва,,2026-06-14,92552
c106280,Ольга Панина,,+79875595315,user106280@example.ru,Красноярск,,2026-05-19,66471
c104237,Тимур Зуев,,+79576347659,user104237@example.ru,Новосибирск,,2026-06-27,83343
c101656,Анна Панина,,+79711185573,user101656@example.ru,Новосибирск,,2026-08-21,147160
c106870,Глеб Белых,,+79572034513,user106870@example.ru,Красноярск,,2026-03-14,27652
c103649,Роман Нестеров,,+79453756310,user103649@example.ru,Казань,,2026-07-18,131262
c100807,Алиса Юдина,,+79256868177,user100807@example.ru,Москва,,2026-07-27,95040
c102177,Глеб Панин,,+79125647741,user102177@example.ru,Красноярск,,2026-05-13,43429
c90498,,Вера Крылова,+7 (935) 066-31-62,user90498@example.ru,Екатеринбург,23.05.2026,,
c90739,,Наталья Белых,+7 (985) 858-13-97,user90739@example.ru,С.-Петербург,22.02.2024,,
c90385,,Полина Белых,+7 (953) 207-12-06,user90385@example.ru,Казань,27.03.2024,,
c101352,Елена Юдина,,+79203192027,user101352@example.ru,Красноярск,,2026-07-26,105674
c103299,Анна Шилова,,+79778438006,user103299@example.ru,Санкт-Петербург,,2026-06-06,52801
c101827,Алиса Крылова,,+79292622395,user101827@example.ru,Новосибирск,,2026-03-05,158819
c92436,,Егор Ковальчук,+7 (993) 779-97-96,user92436@example.ru,Екатеринбург,23.10.2025,,
c91272,,Елена Крылова,+7 (981) 192-46-25,user91272@example.ru,Москва,04.05.2026,,
c102918,Артур Ермаков,,+79690543592,user102918@example.ru,Москва,,2026-01-21,54148
c90759,,Игорь Шилов,+7 (944) 973-07-59,user90759@example.ru,Красноярск,30.04.2025,,
c106294,Вера Сорокина,,+79833939438,user106294@example.ru,Казань,,2026-05-20,165847
c102047,Егор Крылов,,+79275771187,user102047@example.ru,Казань,,2026-07-07,30653
c106324,Павел Крылов,,+79275055574,user106324@example.ru,Санкт-Петербург,,2026-08-25,35466
c106322,Вера Ковальчук,,+79266398794,user106322@example.ru,Санкт-Петербург,,2026-01-06,85078
c106586,Тимур Осипов,,+79108693538,user106586@example.ru,Москва,,2026-09-01,74816
c104548,Ольга Гордеева,,+79632176059,user104548@example.ru,Санкт-Петербург,,2026-07-11,58249
c90022,,Алиса Осипова,+7 (951) 490-55-63,user90022@example.ru,Новосибирск,10.01.2025,,
c106043,Вера Шилова,,+79760058498,user106043@example.ru,Москва,,2026-04-25,81792
c101947,Кирилл Юдин,,+79338263895,user101947@example.ru,Красноярск,,2026-09-06,149922
c105786,Глеб Зуев,,+79824247231,user105786@example.ru,Казань,,2026-07-01,148606
c90316,,Елена Шилова,+7 (997) 879-97-03,user90316@example.ru,Екатеринбург,26.12.2024,,
c102199,Ольга Панина,,+79965199255,user102199@example.ru,Новосибирск,,2026-05-28,100609
c104759,Роман Мешков,,+79814255681,user104759@example.ru,Санкт-Петербург,,2026-06-15,110932
c100459,Егор Ковальчук,,+79153465979,user100459@example.ru,Красноярск,,2026-03-05,127116
c91995,,Игорь Сорокин,+7 (927) 675-48-71,user91995@example.ru,Новосибирск,28.01.2025,,
c103626,Глеб Зуев,,+79365404167,user103626@example.ru,Москва,,2026-05-28,71077
c105898,,Мария Ковальчук,+7 (998) 724-71-68,user105898@example.ru,Екатеринбург,06.09.2025,,
c103786,Егор Ковальчук,,+79254976479,user103786@example.ru,Санкт-Петербург,,2026-01-26,90961
c90059,,Ольга Савельева,+7 (959) 525-59-47,user90059@example.ru,Москва,27.03.2025,,
c101513,Максим Белых,,+79667241639,user101513@example.ru,Санкт-Петербург,,2026-03-23,87902
c103376,Лидия Нестерова,,+79127753068,user103376@example.ru,Екатеринбург,,2026-09-09,127007
c106637,Тимур Крылов,,+79395122878,user106637@example.ru,Москва,,2026-07-04,24639
c105731,Максим Шилов,,+79588344186,user105731@example.ru,Красноярск,,2026-03-18,40397
c100454,Наталья Сорокина,,+79197734448,user100454@example.ru,Новосибирск,,2026-03-09,78917
c101464,Глеб Гордеев,,+79456270406,user101464@example.ru,Казань,,2026-04-27,169314
c101785,Игорь Ковальчук,,+79881322730,user101785@example.ru,Санкт-Петербург,,2026-02-19,89002
c105809,Юлия Савельева,,+79523152218,user105809@example.ru,Москва,,2026-07-25,38712
c100501,Кирилл Тихонов,,+79895538105,user100501@example.ru,Москва,,2026-08-05,156533
c104887,Елена Шилова,,+79911297767,user104887@example.ru,Москва,,2026-01-19,160999
c100002,Роман Крылов,,+79686887591,user100002@example.ru,Красноярск,,2026-06-08,8699
c102949,Вера Мешкова,,+79415274463,user102949@example.ru,Казань,,2026-03-11,7546
c104859,Игорь Тихонов,,+79906845998,user104859@example.ru,Москва,,2026-01-05,98884
c90967,,Павел Белых,+7 (913) 132-61-57,user90967@example.ru,С.-Петербург,17.01.2025,,
c101359,,Роман Панин,+7 (971) 502-98-03,user101359@example.ru,Красноярск,30.11.2025,,
c101296,Алиса Тихонова,,+79394836840,user101296@example.ru,Казань,,2026-07-18,133363
c102059,Павел Зуев,,+79555630084,user102059@example.ru,Красноярск,,2026-08-01,68827
c102301,Максим Ермаков,,+79940931718,user102301@example.ru,Санкт-Петербург,,2026-01-26,11811
c104031,Глеб Сорокин,,+79620735786,user104031@example.ru,Новосибирск,,2026-07-26,133073
c91735,,Лидия Ермакова,+7 (981) 331-61-96,user91735@example.ru,Новосибирск,05.09.2024,,
c104204,Юлия Панина,,+79552894566,user104204@example.ru,Казань,,2026-03-25,141925
c105797,Глеб Осипов,,+79839377153,user105797@example.ru,Красноярск,,2026-05-05,36949
c106135,Кирилл Белых,,+79879518689,user106135@example.ru,Санкт-Петербург,,2026-05-08,9679
c104565,Глеб Мешков,,+79746950183,user104565@example.ru,Санкт-Петербург,,2026-01-19,152228
c100764,Алиса Зуева,,+79293228725,user100764@example.ru,Москва,,2026-08-06,85778
c91357,,Наталья Тихонова,+7 (987) 018-87-47,user91357@example.ru,С.-Петербург,02.10.2025,,
c101493,,Максим Ермаков,+7 (940) 532-02-08,user101493@example.ru,Новосибирск,11.02.2025,,
c103637,Кирилл Юдин,,+79206779423,user103637@example.ru,Санкт-Петербург,,2026-03-09,80923
c101040,Максим Белых,,+79599408135,user101040@example.ru,Москва,,2026-08-23,68115
c103871,Кирилл Юдин,,+79112977596,user103871@example.ru,Новосибирск,,2026-04-06,1455
c106718,Лидия Сорокина,,+79317307434,user106718@example.ru,Москва,,2026-04-09,110132
c101105,Кирилл Савельев,,+79543333378,user101105@example.ru,Казань,,2026-09-07,112169
c103435,Егор Лаптев,,+79191630180,user103435@example.ru,Санкт-Петербург,,2026-08-06,36276
c104840,Денис Шилов,,+79324513547,user104840@example.ru,Москва,,2026-06-06,120824
c103888,Наталья Тихонова,,+79750431032,user103888@example.ru,Казань,,2026-02-02,62012
c90980,,Егор Панин,+7 (946) 459-16-56,user90980@example.ru,С.-Петербург,25.04.2024,,
c102592,,Артур Сорокин,+7 (989) 992-94-65,user102592@example.ru,Новосибирск,12.09.2024,,
c91103,,Игорь Осипов,+7 (977) 298-20-30,user91103@example.ru,С.-Петербург,05.04.2026,,
c105103,Мария Белых,,+79523089051,user105103@example.ru,Новосибирск,,2026-07-08,20070
c90505,,Лидия Юдина,+7 (984) 991-01-10,user90505@example.ru,Новосибирск,08.03.2026,,
c100224,Полина Юдина,,+79843896323,user100224@example.ru,Новосибирск,,2026-05-28,65409
c105102,Павел Гордеев,,+79928041999,user105102@example.ru,Казань,,2026-04-10,91101
c101671,Денис Нестеров,,+79435637444,user101671@example.ru,Красноярск,,2026-05-31,119436
c101490,Роман Шилов,,+79731094847,user101490@example.ru,Екатеринбург,,2026-03-30,27843
c91347,,Алиса Мешкова,+7 (989) 185-91-46,user91347@example.ru,Новосибирск,04.03.2026,,
c102077,Тимур Ермаков,,+79484284743,user102077@example.ru,Екатеринбург,,2026-07-16,93010
c92264,,Егор Сорокин,+7 (912) 590-96-65,user92264@example.ru,Казань,21.03.2025,,
c90970,,Максим Юдин,+7 (917) 059-05-86,user90970@example.ru,Казань,21.12.2025,,
c105543,Игорь Крылов,,+79335479893,user105543@example.ru,Санкт-Петербург,,2026-09-07,176593
c102381,Глеб Юдин,,+79112573028,user102381@example.ru,Красноярск,,2026-07-05,3795
c101012,Глеб Ермаков,,+79665275727,user101012@example.ru,Казань,,2026-05-17,24974
c90934,,Роман Зуев,+7 (924) 369-36-68,user90934@example.ru,Красноярск,24.07.2025,,
c106793,,Денис Шилов,+7 (974) 768-35-90,user106793@example.ru,Новосибирск,13.04.2024,,
c92455,,Павел Мешков,+7 (920) 473-97-62,user92455@example.ru,Екатеринбург,14.01.2025,,
c101631,Елена Осипова,,+79852329451,user101631@example.ru,Москва,,2026-02-15,45942
c102362,Ольга Ермакова,,+79326473850,user102362@example.ru,Казань,,2026-08-04,139298
c101925,Вера Белых,,+79396406487,user101925@example.ru,Новосибирск,,2026-05-20,46667
c105497,Елена Гордеева,,+79900385151,user105497@example.ru,Москва,,2026-06-29,116595
c101138,Игорь Тихонов,,+79344764437,user101138@example.ru,Казань,,2026-04-20,149910
c103577,Наталья Зуева,,+79968445600,user103577@example.ru,Новосибирск,,2026-02-25,29129
c101385,Глеб Тихонов,,+79951358525,user101385@example.ru,Санкт-Петербург,,2026-05-07,14045
c90528,,Денис Ковальчук,+7 (945) 779-86-97,user90528@example.ru,Красноярск,30.01.2026,,
c106844,Алиса Лаптева,,+79619110656,user106844@example.ru,Казань,,2026-04-25,35715
c104824,Лидия Ковальчук,,+79195012221,user104824@example.ru,Москва,,2026-07-13,127728
c105582,Павел Нестеров,,+79786490333,user105582@example.ru,Красноярск,,2026-08-19,146545
c92391,,Юлия Лаптева,+7 (991) 393-47-18,user92391@example.ru,Екатеринбург,16.09.2024,,
c103565,Елена Савельева,,+79435345752,user103565@example.ru,Екатеринбург,,2026-08-01,157922
c90046,,Наталья Осипова,+7 (944) 689-46-11,user90046@example.ru,Новосибирск,23.04.2024,,
c104566,,Денис Ковальчук,+7 (913) 516-54-23,user104566@example.ru,С.-Петербург,25.03.2024,,
c91163,,Игорь Ермаков,+7 (933) 999-05-17,user91163@example.ru,Екатеринбург,05.10.2024,,
c105434,Денис Белых,,+79850032452,user105434@example.ru,Екатеринбург,,2026-08-10,61214
c102507,Мария Крылова,,+79664875702,user102507@example.ru,Казань,,2026-07-31,106341
c91962,,Глеб Лаптев,+7 (998) 479-24-32,user91962@example.ru,Красноярск,27.04.2026,,
c90473,,Мария Осипова,+7 (967) 896-90-76,user90473@example.ru,Казань,18.10.2024,,
c100674,Анна Белых,,+79683018803,user100674@example.ru,Новосибирск,,2026-07-10,63118
c90595,,Анна Нестерова,+7 (936) 674-71-82,user90595@example.ru,С.-Петербург,18.07.2025,,
c91939,,Кирилл Осипов,+7 (950) 664-18-06,user91939@example.ru,Красноярск,06.03.2026,,
c90420,,Алиса Ермакова,+7 (934) 135-43-85,user90420@example.ru,Екатеринбург,18.04.2026,,
c101041,Анна Гордеева,,+79534845977,user101041@example.ru,Красноярск,,2026-07-20,133199
c103150,Полина Белых,,+79408687746,user103150@example.ru,Екатеринбург,,2026-05-23,5549
c106490,Кирилл Юдин,,+79563407983,user106490@example.ru,Москва,,2026-07-29,133052
c104717,,Анна Ермакова,+7 (926) 566-63-40,user104717@example.ru,Красноярск,19.08.2025,,
c105380,,Максим Панин,+7 (916) 934-68-85,user105380@example.ru,Москва,13.06.2024,,
c104507,Елена Лаптева,,+79596169049,user104507@example.ru,Казань,,2026-01-12,50063
c103610,Ольга Зуева,,+79383534447,user103610@example.ru,Санкт-Петербург,,2026-08-25,29073
c101510,Алиса Крылова,,+79259600027,user101510@example.ru,Новосибирск,,2026-01-23,127091
c104683,Кирилл Осипов,,+79741288159,user104683@example.ru,Екатеринбург,,2026-03-16,51099
c103511,Ольга Осипова,,+79659327024,user103511@example.ru,Красноярск,,2026-07-17,150107
c106720,Юлия Савельева,,+79985845412,user106720@example.ru,Казань,,2026-03-13,146743
c100896,Мария Белых,,+79351063911,user100896@example.ru,Екатеринбург,,2026-01-31,161706
c100577,Глеб Панин,,+79625538177,user100577@example.ru,Красноярск,,2026-02-22,119173
c90742,,Игорь Крылов,+7 (997) 826-59-16,user90742@example.ru,Екатеринбург,16.05.2026,,
c104477,Вера Гордеева,,+79561533220,user104477@example.ru,Новосибирск,,2026-04-18,135246
c91537,,Денис Гордеев,+7 (972) 198-68-14,user91537@example.ru,С.-Петербург,09.06.2025,,
c106833,Глеб Зуев,,+79105963625,user106833@example.ru,Новосибирск,,2026-07-14,58668
c105861,Максим Осипов,,+79562107338,user105861@example.ru,Екатеринбург,,2026-08-28,160581
c102380,Вера Лаптева,,+79280857560,user102380@example.ru,Красноярск,,2026-07-01,58439
c105888,Елена Крылова,,+79877772573,user105888@example.ru,Красноярск,,2026-08-30,8631
c105847,,Глеб Ермаков,+7 (926) 971-99-53,user105847@example.ru,Красноярск,08.02.2026,,
c100064,Кирилл Тихонов,,+79430824307,user100064@example.ru,Санкт-Петербург,,2026-01-05,8823
c102152,Глеб Крылов,,+79131103040,user102152@example.ru,Новосибирск,,2026-09-02,134049
c102889,Мария Сорокина,,+79525164465,user102889@example.ru,Санкт-Петербург,,2026-02-20,137266
c104278,Полина Ковальчук,,+79416263312,user104278@example.ru,Санкт-Петербург,,2026-06-22,145415
c100384,Максим Ермаков,,+79707149384,user100384@example.ru,Санкт-Петербург,,2026-09-10,28825
c106525,,Павел Нестеров,+7 (970) 441-50-51,user106525@example.ru,Москва,20.06.2026,,
c102761,Артур Панин,,+79637103005,user102761@example.ru,Санкт-Петербург,,2026-05-02,113265
c104252,Игорь Зуев,,+79515922443,user104252@example.ru,Москва,,2026-01-22,169119
c90596,,Денис Ермаков,+7 (973) 714-80-03,user90596@example.ru,Казань,18.05.2025,,
c106467,Полина Мешкова,,+79500602898,user106467@example.ru,Москва,,2026-06-14,32118
c104214,Игорь Лаптев,,+79989789811,user104214@example.ru,Казань,,2026-04-30,106977
c90788,,Юлия Сорокина,+7 (995) 750-83-11,user90788@example.ru,С.-Петербург,22.05.2025,,
c103105,Игорь Гордеев,,+79760830738,user103105@example.ru,Екатеринбург,,2026-07-19,98344
c104531,Ольга Панина,,+79235472519,user104531@example.ru,Санкт-Петербург,,2026-05-03,148034
c92100,,Полина Белых,+7 (912) 451-36-42,user92100@example.ru,Красноярск,17.01.2024,,
c101282,,Анна Осипова,+7 (916) 427-81-34,user101282@example.ru,Новосибирск,21.06.2026,,
c103574,Тимур Ермаков,,+79844585416,user103574@example.ru,Москва,,2026-02-06,90683
c101045,Игорь Ермаков,,+79221201167,user101045@example.ru,Екатеринбург,,2026-07-10,34895
c90334,,Кирилл Шилов,+7 (990) 073-37-89,user90334@example.ru,Екатеринбург,11.03.2025,,
c103918,Вера Ковальчук,,+79707924413,user103918@example.ru,Красноярск,,2026-07-03,146003
c101089,Павел Тихонов,,+79512667614,user101089@example.ru,Казань,,2026-07-31,109914
c106138,Ольга Крылова,,+79672241684,user106138@example.ru,Екатеринбург,,2026-06-19,131044
c103330,Наталья Тихонова,,+79553493192,user103330@example.ru,Красноярск,,2026-08-30,112218
c106077,,Глеб Осипов,+7 (930) 856-15-06,user106077@example.ru,Новосибирск,11.03.2025,,
c104436,Лидия Нестерова,,+79616433049,user104436@example.ru,Красноярск,,2026-09-11,94289
c90945,,Егор Тихонов,+7 (993) 141-47-28,user90945@example.ru,Красноярск,20.08.2025,,
c91279,,Лидия Крылова,+7 (951) 284-92-03,user91279@example.ru,Екатеринбург,14.02.2026,,
c104697,Максим Мешков,,+79996477998,user104697@example.ru,Красноярск,,2026-04-13,91701
c92389,,Кирилл Панин,+7 (930) 363-17-05,user92389@example.ru,Казань,25.09.2024,,
c102430,Лидия Зуева,,+79993332862,user102430@example.ru,Екатеринбург,,2026-08-31,121559
c91231,,Лидия Ермакова,+7 (954) 691-16-28,user91231@example.ru,Новосибирск,04.03.2026,,
c104576,,Роман Савельев,+7 (977) 774-66-80,user104576@example.ru,Казань,10.10.2025,,
c103145,Глеб Тихонов,,+79425043623,user103145@example.ru,Красноярск,,2026-06-07,135034
c106895,,Глеб Крылов,+7 (940) 032-89-65,user106895@example.ru,Красноярск,29.10.2024,,
c103642,Тимур Ермаков,,+79983106348,user103642@example.ru,Москва,,2026-07-09,8985
c90139,,Тимур Ковальчук,+7 (998) 858-80-50,user90139@example.ru,С.-Петербург,16.06.2025,,
c100225,Роман Панин,,+79456324341,user100225@example.ru,Москва,,2026-05-11,79462
c102623,Кирилл Мешков,,+79399632032,user102623@example.ru,Москва,,2026-07-28,15828
c91742,,Павел Панин,+7 (956) 907-29-49,user91742@example.ru,Казань,23.09.2024,,
c91093,,Анна Мешкова,+7 (992) 721-63-69,user91093@example.ru,Екатеринбург,29.09.2025,,
c92374,,Алиса Сорокина,+7 (991) 321-69-01,user92374@example.ru,С.-Петербург,24.09.2024,,
c102758,,Артур Сорокин,+7 (957) 617-13-25,user102758@example.ru,Казань,09.03.2024,,
c101103,Елена Лаптева,,+79429684299,user101103@example.ru,Санкт-Петербург,,2026-05-29,82443
c91488,,Игорь Савельев,+7 (935) 674-92-69,user91488@example.ru,Новосибирск,21.04.2026,,
c91696,,Наталья Белых,+7 (919) 387-96-19,user91696@example.ru,С.-Петербург,07.08.2025,,
c102082,,Ольга Зуева,+7 (969) 735-44-73,user102082@example.ru,Казань,16.01.2024,,
c90770,,Роман Шилов,+7 (989) 688-52-09,user90770@example.ru,Красноярск,20.03.2026,,
c104659,Игорь Савельев,,+79567291787,user104659@example.ru,Екатеринбург,,2026-03-29,28045
c91365,,Тимур Нестеров,+7 (984) 339-31-69,user91365@example.ru,Екатеринбург,23.06.2025,,
c102268,Тимур Зуев,,+79736833243,user102268@example.ru,Казань,,2026-05-08,100960
c105829,Елена Мешкова,,+79760415396,user105829@example.ru,Санкт-Петербург,,2026-02-16,146059
c91572,,Лидия Белых,+7 (943) 999-92-38,user91572@example.ru,Екатеринбург,14.11.2024,,
c102163,,Тимур Сорокин,+7 (948) 278-73-47,user102163@example.ru,Москва,10.07.2024,,
c100818,Юлия Ермакова,,+79919185405,user100818@example.ru,Екатеринбург,,2026-02-19,137990
c90077,,Елена Сорокина,+7 (970) 661-99-75,user90077@example.ru,Новосибирск,19.08.2024,,
c103046,Денис Сорокин,,+79770765433,user103046@example.ru,Санкт-Петербург,,2026-05-07,112834
c91274,,Кирилл Крылов,+7 (972) 429-08-98,user91274@example.ru,Казань,26.02.2026,,
c106495,Ольга Лаптева,,+79936498439,user106495@example.ru,Новосибирск,,2026-01-28,80770
c100234,Лидия Белых,,+79309999079,user100234@example.ru,Екатеринбург,,2026-07-08,151230
c101100,,Тимур Зуев,+7 (941) 697-70-61,user101100@example.ru,Красноярск,19.07.2024,,
c103933,Роман Крылов,,+79342607847,user103933@example.ru,Санкт-Петербург,,2026-01-30,80249
c103075,Глеб Ермаков,,+79554669334,user103075@example.ru,Красноярск,,2026-03-29,154330
c90245,,Юлия Осипова,+7 (983) 925-65-04,user90245@example.ru,Новосибирск,30.11.2025,,
c102417,,Алиса Шилова,+7 (974) 467-26-77,user102417@example.ru,Новосибирск,30.03.2025,,
c101181,Ольга Панина,,+79259890664,user101181@example.ru,Москва,,2026-07-21,61793
c90146,,Елена Белых,+7 (936) 047-97-91,user90146@example.ru,Новосибирск,20.02.2026,,
c104595,Мария Белых,,+79357145232,user104595@example.ru,Санкт-Петербург,,2026-05-03,3337
c105940,Юлия Тихонова,,+79322553408,user105940@example.ru,Санкт-Петербург,,2026-05-07,113862
c91692,,Игорь Осипов,+7 (954) 110-13-43,user91692@example.ru,Москва,21.11.2025,,
c100113,Кирилл Савельев,,+79522905180,user100113@example.ru,Казань,,2026-03-13,46634
c91535,,Мария Панина,+7 (941) 286-71-62,user91535@example.ru,Москва,04.03.2024,,
c92339,,Елена Лаптева,+7 (931) 630-26-95,user92339@example.ru,Москва,25.01.2024,,
c104195,Павел Тихонов,,+79226407056,user104195@example.ru,Москва,,2026-02-17,168663
c90541,,Полина Панина,+7 (979) 135-25-39,user90541@example.ru,С.-Петербург,05.01.2026,,
c100117,Глеб Тихонов,,+79734795158,user100117@example.ru,Екатеринбург,,2026-08-09,56212
c100492,,Игорь Мешков,+7 (932) 938-05-71,user100492@example.ru,Красноярск,28.09.2024,,
c101365,,Павел Зуев,+7 (986) 980-83-42,user101365@example.ru,Красноярск,23.06.2026,,
c90890,,Кирилл Ермаков,+7 (995) 550-89-66,user90890@example.ru,Новосибирск,11.03.2024,,
c104673,Павел Осипов,,+79192120317,user104673@example.ru,Новосибирск,,2026-04-20,717
c106478,Вера Ковальчук,,+79688153599,user106478@example.ru,Москва,,2026-04-01,19924
c105574,Максим Гордеев,,+79286134599,user105574@example.ru,Казань,,2026-08-22,100100
c92460,,Ольга Мешкова,+7 (930) 349-10-44,user92460@example.ru,Екатеринбург,23.03.2025,,
c102116,Денис Шилов,,+79126504238,user102116@example.ru,Казань,,2026-09-02,18466
c105192,Глеб Мешков,,+79209911463,user105192@example.ru,Москва,,2026-07-31,160914
c102204,Артур Мешков,,+79437910721,user102204@example.ru,Екатеринбург,,2026-08-28,76982
c105519,Юлия Панина,,+79239420657,user105519@example.ru,Екатеринбург,,2026-06-29,101932
c102404,Полина Ермакова,,+79908591176,user102404@example.ru,Казань,,2026-05-16,137939
c102968,Кирилл Савельев,,+79163315893,user102968@example.ru,Москва,,2026-06-04,128447
c101820,Елена Ермакова,,+79891228814,user101820@example.ru,Казань,,2026-09-01,127441
c101542,Артур Белых,,+79714885605,user101542@example.ru,Санкт-Петербург,,2026-01-22,115235
c105435,Максим Зуев,,+79601189054,user105435@example.ru,Красноярск,,2026-08-19,100260
c90812,,Наталья Тихонова,+7 (915) 613-28-10,user90812@example.ru,Москва,07.04.2024,,
c103659,Наталья Нестерова,,+79322628582,user103659@example.ru,Санкт-Петербург,,2026-02-06,62605
c105128,Павел Юдин,,+79672753096,user105128@example.ru,Красноярск,,2026-04-07,54930
c100717,Ольга Зуева,,+79824256869,user100717@example.ru,Казань,,2026-08-08,171231
c105662,Павел Белых,,+79622911485,user105662@example.ru,Красноярск,,2026-06-29,136391
c103240,Глеб Ковальчук,,+79531414412,user103240@example.ru,Москва,,2026-06-21,161312
c106028,Лидия Савельева,,+79554405819,user106028@example.ru,Москва,,2026-07-12,125826
c104558,Вера Панина,,+79530304659,user104558@example.ru,Москва,,2026-01-17,80121
c103087,Мария Тихонова,,+79982356554,user103087@example.ru,Красноярск,,2026-07-15,75630
c106080,,Мария Лаптева,+7 (918) 412-22-87,user106080@example.ru,Новосибирск,12.07.2025,,
c106809,Лидия Мешкова,,+79439381205,user106809@example.ru,Новосибирск,,2026-08-11,86925
c106098,Елена Панина,,+79963684515,user106098@example.ru,Красноярск,,2026-05-03,92373
c91027,,Вера Гордеева,+7 (984) 735-44-68,user91027@example.ru,Казань,31.05.2025,,
c92461,,Глеб Панин,+7 (955) 668-90-54,user92461@example.ru,Казань,10.11.2025,,
c102442,Ольга Панина,,+79967074374,user102442@example.ru,Санкт-Петербург,,2026-08-01,104407
c92011,,Лидия Юдина,+7 (959) 866-52-38,user92011@example.ru,Казань,26.11.2025,,
c101335,Егор Юдин,,+79259588762,user101335@example.ru,Санкт-Петербург,,2026-04-13,175079
c101762,Вера Савельева,,+79673314703,user101762@example.ru,Москва,,2026-06-18,104939
c102952,Мария Шилова,,+79707632160,user102952@example.ru,Екатеринбург,,2026-08-07,25362
c90305,,Юлия Мешкова,+7 (974) 590-10-17,user90305@example.ru,Москва,08.09.2024,,
c104799,Глеб Зуев,,+79445853938,user104799@example.ru,Санкт-Петербург,,2026-01-17,159725
c103079,,Егор Мешков,+7 (912) 739-81-96,user103079@example.ru,Москва,26.06.2026,,
c104188,,Анна Панина,+7 (983) 636-73-37,user104188@example.ru,Красноярск,12.05.2025,,
c102794,Ольга Савельева,,+79266834257,user102794@example.ru,Екатеринбург,,2026-03-31,61145
c102561,Денис Гордеев,,+79674110986,user102561@example.ru,Красноярск,,2026-01-24,171453
c90761,,Артур Ковальчук,+7 (961) 429-01-37,user90761@example.ru,Красноярск,07.03.2026,,
c92245,,Юлия Сорокина,+7 (938) 664-98-26,user92245@example.ru,Москва,10.03.2026,,
c106456,Мария Нестерова,,+79945392129,user106456@example.ru,Красноярск,,2026-02-27,1293
c91382,,Наталья Панина,+7 (966) 435-01-86,user91382@example.ru,Екатеринбург,13.03.2024,,
c101992,Елена Шилова,,+79693174960,user101992@example.ru,Санкт-Петербург,,2026-07-07,97292
c102227,Егор Белых,,+79326207635,user102227@example.ru,Санкт-Петербург,,2026-07-22,84839
c102618,Наталья Нестерова,,+79644510200,user102618@example.ru,Санкт-Петербург,,2026-01-06,40319
c103302,Мария Ермакова,,+79343552837,user103302@example.ru,Екатеринбург,,2026-02-11,106568
c101729,Полина Панина,,+79610326567,user101729@example.ru,Новосибирск,,2026-05-12,66514
c106019,Кирилл Юдин,,+79187983832,user106019@example.ru,Москва,,2026-04-24,26586
c102226,Мария Белых,,+79597108007,user102226@example.ru,Новосибирск,,2026-05-08,106510
c92297,,Алиса Тихонова,+7 (923) 545-81-21,user92297@example.ru,Москва,02.01.2026,,
c101241,Полина Юдина,,+79519208713,user101241@example.ru,Санкт-Петербург,,2026-08-20,77847
c106200,Вера Нестерова,,+79837346832,user106200@example.ru,Санкт-Петербург,,2026-06-25,151796
c100142,Наталья Сорокина,,+79882669182,user100142@example.ru,Екатеринбург,,2026-01-20,121584
c105327,,Анна Белых,+7 (993) 851-81-07,user105327@example.ru,Москва,12.05.2025,,
c106852,Алиса Панина,,+79193536307,user106852@example.ru,Новосибирск,,2026-06-11,119628
c103912,Полина Ковальчук,,+79801492333,user103912@example.ru,Москва,,2026-07-17,26716
c100953,Денис Мешков,,+79133298018,user100953@example.ru,Казань,,2026-08-22,95645
c100477,Мария Белых,,+79667932474,user100477@example.ru,Казань,,2026-03-10,98399
c100985,Ольга Гордеева,,+79418843269,user100985@example.ru,Санкт-Петербург,,2026-06-07,171685
c91416,,Ольга Тихонова,+7 (963) 248-35-40,user91416@example.ru,Екатеринбург,16.10.2025,,
c104169,Глеб Юдин,,+79936514925,user104169@example.ru,Екатеринбург,,2026-01-19,60679
c103628,Ольга Гордеева,,+79979757746,user103628@example.ru,Санкт-Петербург,,2026-04-08,172436
c106516,Ольга Лаптева,,+79134555751,user106516@example.ru,Санкт-Петербург,,2026-05-17,116152
c100462,Роман Сорокин,,+79186395630,user100462@example.ru,Красноярск,,2026-08-01,113941
c91005,,Мария Ермакова,+7 (946) 904-07-36,user91005@example.ru,С.-Петербург,25.01.2024,,
c101452,Анна Гордеева,,+79877263415,user101452@example.ru,Красноярск,,2026-08-19,141159
c106864,Денис Ермаков,,+79252233285,user106864@example.ru,Москва,,2026-02-06,135328
c91470,,Мария Ковальчук,+7 (929) 495-88-79,user91470@example.ru,Казань,07.03.2024,,
c101576,Полина Ковальчук,,+79249389911,user101576@example.ru,Санкт-Петербург,,2026-08-08,112749
c101674,Лидия Тихонова,,+79688213923,user101674@example.ru,Красноярск,,2026-06-10,46755
c91249,,Павел Шилов,+7 (983) 264-26-27,user91249@example.ru,Казань,11.10.2024,,
c91856,,Вера Панина,+7 (969) 695-61-10,user91856@example.ru,Казань,07.10.2025,,
c104378,Денис Крылов,,+79419724604,user104378@example.ru,Казань,,2026-07-17,91991
c90131,,Полина Лаптева,+7 (995) 344-46-92,user90131@example.ru,Москва,04.12.2025,,
c104634,Роман Зуев,,+79588412279,user104634@example.ru,Казань,,2026-08-04,20780
c92213,,Роман Мешков,+7 (949) 787-20-26,user92213@example.ru,Екатеринбург,14.01.2025,,
c103337,Роман Зуев,,+79424825640,user103337@example.ru,Санкт-Петербург,,2026-08-13,89868
c103031,Анна Крылова,,+79475192004,user103031@example.ru,Красноярск,,2026-01-11,152235
c103348,Лидия Тихонова,,+79295785261,user103348@example.ru,Красноярск,,2026-01-10,102908
c105253,Егор Сорокин,,+79739466431,user105253@example.ru,Новосибирск,,2026-09-07,108347
c90819,,Елена Крылова,+7 (960) 763-79-06,user90819@example.ru,Екатеринбург,07.04.2026,,
c103780,Наталья Белых,,+79374781247,user103780@example.ru,Екатеринбург,,2026-01-21,165943
c105003,Павел Гордеев,,+79383573800,user105003@example.ru,Санкт-Петербург,,2026-08-14,47008
c100352,Анна Белых,,+79102058836,user100352@example.ru,Екатеринбург,,2026-04-28,144486
c100666,,Павел Крылов,+7 (947) 045-23-67,user100666@example.ru,С.-Петербург,28.11.2024,,
c105917,,Анна Ковальчук,+7 (974) 865-07-77,user105917@example.ru,Екатеринбург,26.05.2025,,
c104377,Алиса Юдина,,+79209281382,user104377@example.ru,Казань,,2026-01-12,134723
c102308,Полина Лаптева,,+79653260518,user102308@example.ru,Новосибирск,,2026-01-23,95537
c91634,,Ольга Панина,+7 (924) 808-34-91,user91634@example.ru,Екатеринбург,13.03.2025,,
c91599,,Павел Юдин,+7 (912) 117-25-37,user91599@example.ru,С.-Петербург,29.05.2026,,
c102526,Вера Тихонова,,+79727556833,user102526@example.ru,Казань,,2026-05-11,48143
c103097,,Максим Крылов,+7 (961) 239-29-32,user103097@example.ru,С.-Петербург,22.10.2024,,
c106303,Игорь Зуев,,+79920207160,user106303@example.ru,Москва,,2026-07-26,128106
c105274,,Игорь Шилов,+7 (939) 715-91-82,user105274@example.ru,Екатеринбург,25.06.2026,,
c102516,Наталья Юдина,,+79438674485,user102516@example.ru,Казань,,2026-06-22,55764
c104978,Наталья Савельева,,+79344620544,user104978@example.ru,Санкт-Петербург,,2026-07-05,11330
c91020,,Ольга Лаптева,+7 (947) 259-93-72,user91020@example.ru,Казань,08.03.2026,,
c105899,Павел Нестеров,,+79408730357,user105899@example.ru,Новосибирск,,2026-09-05,60756
c101471,Мария Нестерова,,+79136584321,user101471@example.ru,Красноярск,,2026-03-03,121249
c102262,Артур Тихонов,,+79475940351,user102262@example.ru,Санкт-Петербург,,2026-08-17,108909
c105854,Егор Тихонов,,+79594362470,user105854@example.ru,Санкт-Петербург,,2026-04-03,40832
c105594,Максим Савельев,,+79311762398,user105594@example.ru,Санкт-Петербург,,2026-02-11,171610
c100305,Максим Зуев,,+79501012736,user100305@example.ru,Санкт-Петербург,,2026-07-12,52387
c90968,,Егор Гордеев,+7 (918) 264-60-48,user90968@example.ru,Красноярск,07.08.2024,,
c91741,,Наталья Шилова,+7 (986) 354-32-31,user91741@example.ru,Москва,11.04.2026,,
c90838,,Юлия Тихонова,+7 (975) 390-14-23,user90838@example.ru,Красноярск,09.02.2024,,
c90106,,Глеб Юдин,+7 (927) 653-95-39,user90106@example.ru,Москва,02.03.2025,,
c90095,,Тимур Гордеев,+7 (947) 981-92-09,user90095@example.ru,Новосибирск,14.10.2025,,
c104387,Мария Зуева,,+79228862003,user104387@example.ru,Казань,,2026-05-11,105872
c100389,Наталья Крылова,,+79749076157,user100389@example.ru,Казань,,2026-03-13,96384
c103228,Павел Панин,,+79432393550,user103228@example.ru,Екатеринбург,,2026-07-31,46064
c102989,Наталья Ермакова,,+79679185213,user102989@example.ru,Москва,,2026-06-07,133529
c101377,Максим Осипов,,+79523084786,user101377@example.ru,Санкт-Петербург,,2026-06-29,133504
c106090,Глеб Ковальчук,,+79546519107,user106090@example.ru,Красноярск,,2026-06-18,111224
c100264,Глеб Гордеев,,+79727012375,user100264@example.ru,Красноярск,,2026-08-17,118794
c100936,Елена Осипова,,+79509924875,user100936@example.ru,Новосибирск,,2026-08-20,131136
c92281,,Наталья Зуева,+7 (965) 750-51-05,user92281@example.ru,Москва,31.10.2025,,
c100643,Лидия Белых,,+79792246009,user100643@example.ru,Москва,,2026-09-04,141031
c90454,,Игорь Гордеев,+7 (975) 181-53-29,user90454@example.ru,Москва,14.09.2024,,
c91156,,Артур Зуев,+7 (917) 682-67-54,user91156@example.ru,Екатеринбург,29.06.2025,,
c103487,,Тимур Лаптев,+7 (958) 997-33-65,user103487@example.ru,Екатеринбург,13.12.2024,,
c91410,,Ольга Нестерова,+7 (924) 928-86-30,user91410@example.ru,Красноярск,05.04.2026,,
c104832,,Роман Ковальчук,+7 (970) 123-28-16,user104832@example.ru,Екатеринбург,19.09.2024,,
c91285,,Анна Зуева,+7 (966) 581-17-28,user91285@example.ru,Казань,05.07.2025,,
c102202,Мария Белых,,+79492669957,user102202@example.ru,Москва,,2026-03-04,173547
c104870,Павел Осипов,,+79369853445,user104870@example.ru,Красноярск,,2026-07-03,154701
c102992,Анна Панина,,+79418326347,user102992@example.ru,Казань,,2026-04-15,95054
c100767,Тимур Шилов,,+79881293733,user100767@example.ru,Санкт-Петербург,,2026-07-05,147122
c103612,Роман Ковальчук,,+79339299409,user103612@example.ru,Москва,,2026-01-31,56740
c91080,,Ольга Ковальчук,+7 (992) 866-42-74,user91080@example.ru,С.-Петербург,13.09.2025,,
c104487,Денис Крылов,,+79988646255,user104487@example.ru,Красноярск,,2026-09-06,108448
c101003,Роман Ермаков,,+79652919723,user101003@example.ru,Екатеринбург,,2026-01-16,40636
c104363,Мария Шилова,,+79756653842,user104363@example.ru,Новосибирск,,2026-06-11,23207
c103327,Павел Юдин,,+79452538784,user103327@example.ru,Красноярск,,2026-01-20,163178
c104438,Егор Ермаков,,+79399806912,user104438@example.ru,Санкт-Петербург,,2026-05-17,109881
c106035,Вера Осипова,,+79154101462,user106035@example.ru,Москва,,2026-05-13,158914
c103630,Роман Крылов,,+79966711765,user103630@example.ru,Казань,,2026-05-23,27260
c90987,,Тимур Панин,+7 (944) 035-25-81,user90987@example.ru,Казань,16.09.2024,,
c91388,,Елена Нестерова,+7 (980) 645-70-90,user91388@example.ru,Казань,20.04.2026,,
c105222,Мария Ковальчук,,+79646170331,user105222@example.ru,Санкт-Петербург,,2026-06-27,166341
c103767,Полина Тихонова,,+79648097928,user103767@example.ru,Москва,,2026-07-03,138647
c90485,,Игорь Савельев,+7 (924) 672-22-63,user90485@example.ru,Екатеринбург,04.04.2024,,
c104348,Вера Зуева,,+79765234494,user104348@example.ru,Новосибирск,,2026-01-13,111943
c106699,Кирилл Савельев,,+79600237275,user106699@example.ru,Москва,,2026-06-22,108910
c92202,,Елена Юдина,+7 (973) 263-85-55,user92202@example.ru,Москва,21.02.2026,,
c101554,Ольга Крылова,,+79757812054,user101554@example.ru,Красноярск,,2026-02-20,173825
c101640,Глеб Гордеев,,+79753315843,user101640@example.ru,Москва,,2026-05-26,37887
c105673,Глеб Шилов,,+79802675526,user105673@example.ru,Новосибирск,,2026-02-04,58077
c102834,Артур Тихонов,,+79735289635,user102834@example.ru,Санкт-Петербург,,2026-09-08,63085
c102859,Алиса Крылова,,+79128207244,user102859@example.ru,Санкт-Петербург,,2026-04-10,140005
c102972,Анна Белых,,+79930967412,user102972@example.ru,Москва,,2026-03-07,54848
c92118,,Полина Мешкова,+7 (974) 569-46-49,user92118@example.ru,Екатеринбург,11.10.2024,,
c91676,,Полина Белых,+7 (923) 312-57-58,user91676@example.ru,С.-Петербург,06.10.2024,,
c106039,Алиса Тихонова,,+79342813014,user106039@example.ru,Красноярск,,2026-01-21,65744
c101119,,Мария Шилова,+7 (981) 261-93-05,user101119@example.ru,Екатеринбург,14.12.2025,,
c104519,Юлия Савельева,,+79815399599,user104519@example.ru,Красноярск,,2026-08-02,129899
c105685,Максим Гордеев,,+79262004356,user105685@example.ru,Казань,,2026-06-05,134185
c104279,Полина Юдина,,+79646515851,user104279@example.ru,Санкт-Петербург,,2026-08-02,153291
c92242,,Егор Белых,+7 (925) 258-75-68,user92242@example.ru,Москва,03.06.2026,,
c102773,Вера Гордеева,,+79321068653,user102773@example.ru,Москва,,2026-09-04,7782
c104414,Тимур Сорокин,,+79459523548,user104414@example.ru,Екатеринбург,,2026-01-21,91656
c105046,Артур Зуев,,+79788247543,user105046@example.ru,Казань,,2026-05-26,84429
c90171,,Максим Ермаков,+7 (957) 474-32-11,user90171@example.ru,Казань,24.06.2024,,
c101678,Лидия Сорокина,,+79780624669,user101678@example.ru,Екатеринбург,,2026-09-11,59353
c105864,Максим Осипов,,+79297711171,user105864@example.ru,Москва,,2026-04-07,5980
c102328,,Юлия Сорокина,+7 (966) 171-73-90,user102328@example.ru,Красноярск,13.02.2024,,
c101621,Анна Сорокина,,+79910272686,user101621@example.ru,Новосибирск,,2026-08-27,165529
c100877,Полина Крылова,,+79465901473,user100877@example.ru,Екатеринбург,,2026-04-29,107807
c91909,,Глеб Осипов,+7 (973) 795-18-14,user91909@example.ru,Москва,07.03.2024,,
c101519,Кирилл Тихонов,,+79329989763,user101519@example.ru,Красноярск,,2026-04-05,19858
c101349,Максим Шилов,,+79220269294,user101349@example.ru,Москва,,2026-05-10,97312
c102443,Ольга Белых,,+79899248889,user102443@example.ru,Москва,,2026-02-03,115544
c100868,Ольга Крылова,,+79540538389,user100868@example.ru,Новосибирск,,2026-05-27,106551
c90993,,Ольга Шилова,+7 (993) 596-99-78,user90993@example.ru,Казань,10.07.2024,,
c104029,Глеб Панин,,+79671208293,user104029@example.ru,Новосибирск,,2026-06-27,163123
c90754,,Елена Ермакова,+7 (962) 998-11-31,user90754@example.ru,Москва,26.12.2024,,
c103120,Егор Ковальчук,,+79760514160,user103120@example.ru,Новосибирск,,2026-03-31,38522
c103775,Кирилл Савельев,,+79458872131,user103775@example.ru,Москва,,2026-09-09,98479
c103615,Алиса Панина,,+79706909372,user103615@example.ru,Москва,,2026-06-12,34911
c104996,,Егор Панин,+7 (993) 707-68-06,user104996@example.ru,Красноярск,29.05.2025,,
c106343,,Глеб Ермаков,+7 (945) 970-02-13,user106343@example.ru,С.-Петербург,21.01.2026,,
c103037,,Тимур Лаптев,+7 (968) 337-52-71,user103037@example.ru,Москва,09.07.2025,,
c104906,Вера Лаптева,,+79245972492,user104906@example.ru,Красноярск,,2026-06-06,166471
c104537,Тимур Юдин,,+79916569741,user104537@example.ru,Санкт-Петербург,,2026-01-12,68098
c105911,Мария Ковальчук,,+79293205945,user105911@example.ru,Красноярск,,2026-03-10,145644
c101255,Анна Белых,,+79542921377,user101255@example.ru,Санкт-Петербург,,2026-09-02,24491
c91675,,Артур Тихонов,+7 (916) 826-74-52,user91675@example.ru,Красноярск,31.03.2025,,
c90019,,Артур Нестеров,+7 (980) 127-49-99,user90019@example.ru,Красноярск,15.03.2025,,
c104003,Ольга Лаптева,,+79936281953,user104003@example.ru,Казань,,2026-01-30,146153
c91694,,Вера Зуева,+7 (916) 764-75-61,user91694@example.ru,Казань,23.04.2026,,
c100226,,Лидия Савельева,+7 (936) 569-61-85,user100226@example.ru,Красноярск,01.10.2024,,
c100023,Мария Сорокина,,+79686741314,user100023@example.ru,Екатеринбург,,2026-05-23,16129
c92080,,Алиса Осипова,+7 (915) 573-40-25,user92080@example.ru,Екатеринбург,14.05.2025,,
c100474,Алиса Юдина,,+79920068651,user100474@example.ru,Санкт-Петербург,,2026-06-29,103187
c104613,Кирилл Савельев,,+79743589795,user104613@example.ru,Новосибирск,,2026-02-02,13257
c104723,Павел Осипов,,+79986698000,user104723@example.ru,Новосибирск,,2026-03-12,32180
c91113,,Артур Шилов,+7 (916) 845-31-55,user91113@example.ru,Красноярск,10.07.2024,,
c106871,Максим Юдин,,+79265759069,user106871@example.ru,Красноярск,,2026-05-16,34056
c102075,,Максим Мешков,+7 (974) 029-85-60,user102075@example.ru,С.-Петербург,15.11.2025,,
c91512,,Полина Ковальчук,+7 (924) 441-20-95,user91512@example.ru,Казань,05.10.2024,,
c101808,Игорь Ермаков,,+79843837458,user101808@example.ru,Новосибирск,,2026-01-09,150152
c103751,Юлия Осипова,,+79397118532,user103751@example.ru,Новосибирск,,2026-09-06,120220
c106883,Павел Лаптев,,+79181389083,user106883@example.ru,Казань,,2026-06-10,104410
c105092,Елена Мешкова,,+79274385130,user105092@example.ru,Новосибирск,,2026-04-09,28000
c105824,Артур Юдин,,+79918793724,user105824@example.ru,Санкт-Петербург,,2026-04-14,129506
c105951,Игорь Белых,,+79465731712,user105951@example.ru,Екатеринбург,,2026-01-21,171420
c105511,Лидия Крылова,,+79518837683,user105511@example.ru,Санкт-Петербург,,2026-07-19,115107
c105180,Роман Юдин,,+79738785371,user105180@example.ru,Новосибирск,,2026-05-03,124267
c106225,Артур Панин,,+79679205763,user106225@example.ru,Москва,,2026-06-22,79711
c105675,Павел Белых,,+79302252798,user105675@example.ru,Казань,,2026-05-15,61193
c100049,Мария Савельева,,+79834634346,user100049@example.ru,Екатеринбург,,2026-03-06,23484
c103405,Лидия Нестерова,,+79417904559,user103405@example.ru,Новосибирск,,2026-05-14,140231
c106632,Максим Лаптев,,+79344523889,user106632@example.ru,Москва,,2026-06-30,30353
c104710,Елена Панина,,+79982730565,user104710@example.ru,Санкт-Петербург,,2026-02-10,64532
c101941,Роман Юдин,,+79213913810,user101941@example.ru,Новосибирск,,2026-07-22,100887
c105540,Вера Тихонова,,+79670467398,user105540@example.ru,Казань,,2026-07-18,95554
c100642,Роман Белых,,+79538715565,user100642@example.ru,Санкт-Петербург,,2026-09-07,151386
c101485,,Глеб Зуев,+7 (968) 918-84-19,user101485@example.ru,С.-Петербург,12.08.2025,,
c102540,Елена Тихонова,,+79324276003,user102540@example.ru,Казань,,2026-02-18,111094
c105567,Юлия Зуева,,+79133398818,user105567@example.ru,Казань,,2026-01-22,117616
c104246,Игорь Ковальчук,,+79575626852,user104246@example.ru,Казань,,2026-02-07,176921
c102330,Анна Мешкова,,+79723499561,user102330@example.ru,Новосибирск,,2026-05-02,118096
c103922,Тимур Шилов,,+79561988239,user103922@example.ru,Казань,,2026-06-16,119748
c102625,Елена Мешкова,,+79166493648,user102625@example.ru,Екатеринбург,,2026-06-25,171309
c104861,Наталья Юдина,,+79969447541,user104861@example.ru,Казань,,2026-01-16,15602
c106169,Алиса Панина,,+79772483091,user106169@example.ru,Новосибирск,,2026-04-30,126392
c101031,Артур Крылов,,+79267886905,user101031@example.ru,Красноярск,,2026-04-22,41212
c91283,,Максим Ермаков,+7 (985) 351-71-83,user91283@example.ru,Екатеринбург,22.12.2025,,
c104127,Юлия Белых,,+79857479601,user104127@example.ru,Москва,,2026-02-26,24041
c105580,Денис Ковальчук,,+79579641989,user105580@example.ru,Екатеринбург,,2026-08-24,93091
c102569,,Денис Белых,+7 (938) 768-60-68,user102569@example.ru,Новосибирск,29.04.2026,,
c104807,,Наталья Сорокина,+7 (942) 160-78-17,user104807@example.ru,Казань,27.05.2025,,
c102415,Юлия Юдина,,+79363869250,user102415@example.ru,Красноярск,,2026-09-01,104305
c102018,Мария Ермакова,,+79278572568,user102018@example.ru,Екатеринбург,,2026-02-01,52808
c103331,Павел Зуев,,+79391333282,user103331@example.ru,Новосибирск,,2026-03-14,29394
c102850,Наталья Мешкова,,+79432943689,user102850@example.ru,Санкт-Петербург,,2026-05-18,166253
c101692,Роман Нестеров,,+79857128977,user101692@example.ru,Новосибирск,,2026-05-21,130214
c102694,Егор Ковальчук,,+79403444945,user102694@example.ru,Санкт-Петербург,,2026-04-18,106217
c101460,Лидия Лаптева,,+79464498404,user101460@example.ru,Казань,,2026-09-07,108145
c100926,Тимур Савельев,,+79157114642,user100926@example.ru,Санкт-Петербург,,2026-08-10,62951
c105860,Ольга Ковальчук,,+79192140790,user105860@example.ru,Новосибирск,,2026-05-17,89766
c90785,,Тимур Крылов,+7 (996) 376-70-39,user90785@example.ru,Москва,08.01.2025,,
c91532,,Елена Мешкова,+7 (930) 573-51-08,user91532@example.ru,С.-Петербург,23.11.2025,,
c102448,Елена Зуева,,+79833279037,user102448@example.ru,Красноярск,,2026-06-01,179081
c101236,Лидия Панина,,+79835178097,user101236@example.ru,Москва,,2026-01-21,173162
c103395,Ольга Ермакова,,+79253057670,user103395@example.ru,Москва,,2026-02-21,15596
c104419,,Юлия Панина,+7 (930) 454-69-22,user104419@example.ru,Красноярск,08.08.2025,,
c91984,,Глеб Белых,+7 (979) 611-09-45,user91984@example.ru,Казань,03.12.2025,,
c104298,Кирилл Зуев,,+79746326647,user104298@example.ru,Казань,,2026-05-11,84493
c106122,Игорь Ермаков,,+79455155062,user106122@example.ru,Санкт-Петербург,,2026-02-21,127815
c104047,Анна Шилова,,+79745363111,user104047@example.ru,Екатеринбург,,2026-04-18,56663
c100760,Анна Зуева,,+79574450679,user100760@example.ru,Красноярск,,2026-08-13,16924
c92282,,Вера Савельева,+7 (942) 029-10-94,user92282@example.ru,Екатеринбург,17.03.2024,,
c92350,,Артур Савельев,+7 (967) 725-64-67,user92350@example.ru,С.-Петербург,12.06.2024,,
c101532,Глеб Осипов,,+79201583868,user101532@example.ru,Казань,,2026-08-17,790
c106596,Полина Лаптева,,+79476504425,user106596@example.ru,Красноярск,,2026-08-03,58110
c104259,Роман Белых,,+79425523826,user104259@example.ru,Москва,,2026-04-06,133378
c102034,Тимур Савельев,,+79333380082,user102034@example.ru,Екатеринбург,,2026-08-21,172688
c106173,Артур Нестеров,,+79549040067,user106173@example.ru,Красноярск,,2026-06-12,89736
c90526,,Егор Савельев,+7 (960) 810-08-83,user90526@example.ru,С.-Петербург,26.09.2024,,
c103104,,Глеб Осипов,+7 (918) 444-65-53,user103104@example.ru,Екатеринбург,16.02.2025,,
c91078,,Тимур Ковальчук,+7 (946) 010-41-42,user91078@example.ru,Екатеринбург,16.12.2024,,
c90863,,Алиса Тихонова,+7 (961) 690-15-74,user90863@example.ru,Новосибирск,26.03.2026,,
c103503,Игорь Гордеев,,+79868638674,user103503@example.ru,Санкт-Петербург,,2026-03-03,165896
c90340,,Кирилл Крылов,+7 (943) 366-66-02,user90340@example.ru,Екатеринбург,15.07.2024,,
c101333,Наталья Гордеева,,+79550752654,user101333@example.ru,Москва,,2026-01-30,36572
c91361,,Вера Шилова,+7 (922) 653-11-95,user91361@example.ru,С.-Петербург,08.08.2024,,
c90830,,Елена Мешкова,+7 (949) 848-15-60,user90830@example.ru,Красноярск,04.12.2024,,
c105476,,Полина Белых,+7 (931) 998-59-87,user105476@example.ru,Екатеринбург,03.03.2024,,
c91171,,Полина Юдина,+7 (913) 786-78-06,user91171@example.ru,Казань,13.05.2024,,
c104121,Наталья Лаптева,,+79516761013,user104121@example.ru,Екатеринбург,,2026-05-10,130603
c102167,Глеб Крылов,,+79260465153,user102167@example.ru,Москва,,2026-01-21,97610
c92358,,Игорь Нестеров,+7 (995) 252-01-24,user92358@example.ru,Красноярск,24.11.2024,,
c102966,Роман Лаптев,,+79711964435,user102966@example.ru,Казань,,2026-01-11,25430
c100347,Вера Панина,,+79651137831,user100347@example.ru,Казань,,2026-04-03,15666
c105131,Ольга Савельева,,+79869961180,user105131@example.ru,Новосибирск,,2026-09-06,76775
c102826,Анна Панина,,+79504472877,user102826@example.ru,Красноярск,,2026-05-08,11968
c105816,Роман Юдин,,+79790691356,user105816@example.ru,Новосибирск,,2026-05-21,39132
c101409,Артур Осипов,,+79982097867,user101409@example.ru,Новосибирск,,2026-05-13,94378
c90084,,Мария Белых,+7 (958) 701-76-40,user90084@example.ru,Красноярск,22.04.2024,,
c100948,Глеб Гордеев,,+79916732060,user100948@example.ru,Казань,,2026-04-06,106647
c104631,Роман Панин,,+79597458661,user104631@example.ru,Санкт-Петербург,,2026-03-10,149165
c102470,Елена Ковальчук,,+79254322159,user102470@example.ru,Екатеринбург,,2026-02-09,71374
c102644,Артур Ковальчук,,+79221395368,user102644@example.ru,Новосибирск,,2026-06-28,13128
c104172,Мария Белых,,+79808870089,user104172@example.ru,Санкт-Петербург,,2026-02-13,129937
c101203,Артур Мешков,,+79629173051,user101203@example.ru,Казань,,2026-04-16,14932
c105200,Наталья Тихонова,,+79459147583,user105200@example.ru,Казань,,2026-05-28,69924
c104009,Глеб Зуев,,+79448119153,user104009@example.ru,Новосибирск,,2026-04-16,10723
c104207,Полина Лаптева,,+79756757580,user104207@example.ru,Санкт-Петербург,,2026-09-09,4188
c100822,,Елена Юдина,+7 (936) 169-13-36,user100822@example.ru,Екатеринбург,02.08.2025,,
c100542,Кирилл Юдин,,+79850679686,user100542@example.ru,Новосибирск,,2026-01-15,35074
c105353,,Игорь Мешков,+7 (923) 233-48-66,user105353@example.ru,Красноярск,19.04.2025,,
c102729,Полина Крылова,,+79986509008,user102729@example.ru,Екатеринбург,,2026-02-25,23570
c91629,,Ольга Юдина,+7 (989) 231-38-60,user91629@example.ru,Новосибирск,21.12.2024,,
c100616,Тимур Мешков,,+79421497196,user100616@example.ru,Москва,,2026-06-08,84837
c104320,Максим Ермаков,,+79265202835,user104320@example.ru,Казань,,2026-02-08,162023
c104598,Анна Гордеева,,+79475881292,user104598@example.ru,Санкт-Петербург,,2026-06-08,40690
c100792,Наталья Юдина,,+79341139404,user100792@example.ru,Екатеринбург,,2026-07-22,74999
c92247,,Елена Ермакова,+7 (929) 686-30-50,user92247@example.ru,С.-Петербург,16.06.2024,,
c106754,Егор Ермаков,,+79923056824,user106754@example.ru,Красноярск,,2026-02-27,15470
c91386,,Максим Гордеев,+7 (966) 603-11-16,user91386@example.ru,Казань,09.02.2024,,
c105686,Кирилл Юдин,,+79575292180,user105686@example.ru,Санкт-Петербург,,2026-01-16,48155
c104801,Глеб Панин,,+79865701564,user104801@example.ru,Новосибирск,,2026-05-09,36592
c100193,Вера Крылова,,+79543708833,user100193@example.ru,Красноярск,,2026-08-29,6955
c106353,,Роман Юдин,+7 (938) 564-60-60,user106353@example.ru,Красноярск,17.04.2024,,
c100526,Кирилл Осипов,,+79145029814,user100526@example.ru,Новосибирск,,2026-01-07,173727
c104515,Вера Крылова,,+79526727394,user104515@example.ru,Екатеринбург,,2026-01-20,39026
c90465,,Павел Ковальчук,+7 (930) 032-02-98,user90465@example.ru,Москва,18.11.2025,,
c105510,Анна Тихонова,,+79903097716,user105510@example.ru,Казань,,2026-09-02,145246
c105470,Анна Ермакова,,+79752044410,user105470@example.ru,Красноярск,,2026-07-12,147590
c100094,Полина Гордеева,,+79758740131,user100094@example.ru,Екатеринбург,,2026-08-02,157946
c102990,Роман Ермаков,,+79370277020,user102990@example.ru,Санкт-Петербург,,2026-06-03,11725
c103385,Ольга Белых,,+79757503249,user103385@example.ru,Санкт-Петербург,,2026-07-13,110402
c104552,,Артур Тихонов,+7 (951) 497-69-24,user104552@example.ru,С.-Петербург,05.05.2025,,
c92207,,Игорь Шилов,+7 (941) 615-03-07,user92207@example.ru,Москва,13.02.2024,,
c91337,,Глеб Белых,+7 (911) 570-22-18,user91337@example.ru,Казань,16.03.2024,,
c104924,Игорь Крылов,,+79283739715,user104924@example.ru,Москва,,2026-06-25,121974
c105983,Тимур Ковальчук,,+79453913315,user105983@example.ru,Санкт-Петербург,,2026-08-20,70707
c104999,Глеб Ермаков,,+79235155303,user104999@example.ru,Новосибирск,,2026-05-12,108051
c103765,Елена Гордеева,,+79363661887,user103765@example.ru,Новосибирск,,2026-01-15,46172
c105734,Глеб Лаптев,,+79565269240,user105734@example.ru,Красноярск,,2026-02-21,159500
c92176,,Полина Мешкова,+7 (935) 509-21-48,user92176@example.ru,Красноярск,14.04.2025,,
c106416,Анна Тихонова,,+79810882463,user106416@example.ru,Новосибирск,,2026-08-25,167073
c101303,,Елена Лаптева,+7 (947) 871-44-49,user101303@example.ru,Москва,05.10.2025,,
c103113,Егор Юдин,,+79643943723,user103113@example.ru,Красноярск,,2026-08-20,150410
c91402,,Глеб Тихонов,+7 (982) 942-83-90,user91402@example.ru,Красноярск,25.03.2026,,
c104844,Юлия Савельева,,+79210324126,user104844@example.ru,Красноярск,,2026-03-15,135800
c92106,,Артур Гордеев,+7 (973) 807-00-97,user92106@example.ru,Казань,29.10.2024,,
c92464,,Анна Лаптева,+7 (955) 808-45-88,user92464@example.ru,Москва,24.01.2024,,
c106284,,Егор Белых,+7 (973) 225-10-34,user106284@example.ru,Екатеринбург,26.03.2024,,
c105982,Анна Ермакова,,+79224357677,user105982@example.ru,Казань,,2026-08-18,130850
c101644,Игорь Панин,,+79865171588,user101644@example.ru,Красноярск,,2026-08-10,111268
c104518,Игорь Белых,,+79133000787,user104518@example.ru,Москва,,2026-03-01,156991
c105065,Ольга Ермакова,,+79438972994,user105065@example.ru,Москва,,2026-01-07,122061
c90373,,Тимур Нестеров,+7 (945) 872-32-77,user90373@example.ru,Новосибирск,15.02.2024,,
c101690,Артур Тихонов,,+79378797254,user101690@example.ru,Новосибирск,,2026-01-08,105981
c102223,Полина Осипова,,+79149008565,user102223@example.ru,Санкт-Петербург,,2026-06-17,100947
c104233,Полина Сорокина,,+79477909649,user104233@example.ru,Красноярск,,2026-03-30,110218
c106396,Тимур Белых,,+79102826725,user106396@example.ru,Казань,,2026-02-04,49487
c100832,Алиса Ковальчук,,+79181748046,user100832@example.ru,Санкт-Петербург,,2026-02-03,100719
c102812,Артур Тихонов,,+79777917122,user102812@example.ru,Красноярск,,2026-03-13,149764
c102443,,Егор Гордеев,+7 (917) 083-94-93,user102443@example.ru,Красноярск,25.01.2025,,
c104475,Игорь Осипов,,+79245568454,user104475@example.ru,Екатеринбург,,2026-04-02,123173
c100552,Роман Ермаков,,+79109037407,user100552@example.ru,Екатеринбург,,2026-04-18,135675
c102015,Мария Осипова,,+79696659592,user102015@example.ru,Казань,,2026-02-22,115893
c90901,,Игорь Зуев,+7 (970) 328-22-26,user90901@example.ru,С.-Петербург,20.09.2024,,
c92347,,Егор Нестеров,+7 (957) 827-06-82,user92347@example.ru,Красноярск,19.07.2025,,
c105353,Игорь Осипов,,+79508641238,user105353@example.ru,Екатеринбург,,2026-05-29,168378
c102941,Игорь Ковальчук,,+79689762760,user102941@example.ru,Новосибирск,,2026-08-12,91508
c100961,Лидия Мешкова,,+79329245335,user100961@example.ru,Санкт-Петербург,,2026-02-19,9963
c100022,,Полина Лаптева,+7 (928) 591-69-44,user100022@example.ru,Красноярск,16.06.2025,,
c105182,,Игорь Ковальчук,+7 (936) 476-80-11,user105182@example.ru,Новосибирск,21.05.2025,,
c91160,,Кирилл Мешков,+7 (982) 775-51-45,user91160@example.ru,Москва,03.02.2024,,
c102475,Егор Лаптев,,+79227865103,user102475@example.ru,Санкт-Петербург,,2026-08-14,55478
c106137,Анна Гордеева,,+79133330080,user106137@example.ru,Екатеринбург,,2026-04-02,118337
c104962,Артур Савельев,,+79634710910,user104962@example.ru,Новосибирск,,2026-02-05,107085
c100791,Глеб Крылов,,+79269307204,user100791@example.ru,Москва,,2026-02-16,57859
c101897,Тимур Мешков,,+79493795085,user101897@example.ru,Казань,,2026-06-28,96454
c100847,,Игорь Крылов,+7 (985) 011-14-53,user100847@example.ru,Казань,22.06.2024,,
c91930,,Вера Савельева,+7 (916) 914-84-35,user91930@example.ru,Москва,14.07.2024,,
c91576,,Глеб Тихонов,+7 (920) 990-79-29,user91576@example.ru,Новосибирск,26.01.2026,,
c106806,Юлия Юдина,,+79528945849,user106806@example.ru,Красноярск,,2026-09-08,8831
c104529,Игорь Нестеров,,+79812080037,user104529@example.ru,Казань,,2026-03-21,123275
c102688,Игорь Сорокин,,+79468093970,user102688@example.ru,Казань,,2026-08-11,178046
c92155,,Лидия Савельева,+7 (946) 225-81-91,user92155@example.ru,С.-Петербург,04.12.2025,,
c106783,Роман Шилов,,+79371552605,user106783@example.ru,Санкт-Петербург,,2026-07-01,87696
c101551,Ольга Лаптева,,+79546689920,user101551@example.ru,Санкт-Петербург,,2026-07-24,139559
c90293,,Глеб Юдин,+7 (933) 429-72-81,user90293@example.ru,Москва,15.12.2025,,
c100119,Юлия Юдина,,+79321219285,user100119@example.ru,Новосибирск,,2026-07-25,115713
c100154,Мария Юдина,,+79970790417,user100154@example.ru,Красноярск,,2026-06-25,98608
c103076,Роман Белых,,+79915584902,user103076@example.ru,Новосибирск,,2026-07-18,41916
c92377,,Вера Савельева,+7 (939) 640-02-91,user92377@example.ru,Москва,20.08.2025,,
c105544,Роман Крылов,,+79357142958,user105544@example.ru,Москва,,2026-08-01,116705
c105293,Лидия Ковальчук,,+79159512117,user105293@example.ru,Москва,,2026-07-14,28758
c105031,,Игорь Гордеев,+7 (955) 909-38-20,user105031@example.ru,Красноярск,31.08.2024,,
c90262,,Ольга Крылова,+7 (919) 855-69-38,user90262@example.ru,Красноярск,12.07.2024,,
c100134,Лидия Нестерова,,+79784381739,user100134@example.ru,Казань,,2026-01-27,39484
c106556,Юлия Савельева,,+79819716264,user106556@example.ru,Санкт-Петербург,,2026-03-23,70639
c105146,,Лидия Осипова,+7 (987) 624-42-85,user105146@example.ru,Красноярск,11.07.2025,,
c101432,Ольга Сорокина,,+79699129557,user101432@example.ru,Москва,,2026-09-06,93488
c106498,,Юлия Юдина,+7 (963) 127-47-08,user106498@example.ru,Москва,10.02.2025,,
c101154,Игорь Осипов,,+79391857588,user101154@example.ru,Москва,,2026-01-09,30717
c101454,,Вера Тихонова,+7 (943) 203-25-92,user101454@example.ru,Новосибирск,31.01.2026,,
c106858,,Павел Осипов,+7 (954) 425-63-05,user106858@example.ru,С.-Петербург,27.02.2024,,
c104571,Глеб Нестеров,,+79483170397,user104571@example.ru,Санкт-Петербург,,2026-08-24,17763
c102401,Денис Юдин,,+79480349393,user102401@example.ru,Екатеринбург,,2026-04-06,88033
c103040,Ольга Сорокина,,+79751424550,user103040@example.ru,Красноярск,,2026-01-29,27789
c100183,Роман Белых,,+79928461173,user100183@example.ru,Новосибирск,,2026-05-20,103983
c102636,Глеб Крылов,,+79107484281,user102636@example.ru,Казань,,2026-08-05,55691
c100490,Кирилл Нестеров,,+79510568339,user100490@example.ru,Казань,,2026-03-29,9950
c100691,Юлия Сорокина,,+79381769764,user100691@example.ru,Санкт-Петербург,,2026-03-28,44230
c100206,Лидия Осипова,,+79691007220,user100206@example.ru,Новосибирск,,2026-08-28,983
c102429,Наталья Зуева,,+79379731540,user102429@example.ru,Екатеринбург,,2026-01-31,167573
c100040,,Тимур Шилов,+7 (954) 216-66-86,user100040@example.ru,Екатеринбург,19.10.2025,,
c104704,Лидия Панина,,+79811465699,user104704@example.ru,Новосибирск,,2026-08-27,149566
c90204,,Анна Лаптева,+7 (928) 557-60-26,user90204@example.ru,Новосибирск,29.07.2025,,
c103344,Алиса Осипова,,+79851245845,user103344@example.ru,Москва,,2026-04-07,84373
c105235,,Кирилл Осипов,+7 (976) 425-70-97,user105235@example.ru,С.-Петербург,28.11.2024,,
c90503,,Лидия Сорокина,+7 (918) 489-22-99,user90503@example.ru,С.-Петербург,09.12.2024,,
c106210,Игорь Крылов,,+79649875183,user106210@example.ru,Екатеринбург,,2026-04-06,112478
c103410,Егор Ковальчук,,+79981036574,user103410@example.ru,Новосибирск,,2026-02-03,79930
c105085,Юлия Савельева,,+79586816235,user105085@example.ru,Екатеринбург,,2026-06-29,76440
c103055,Елена Ковальчук,,+79289375062,user103055@example.ru,Красноярск,,2026-01-17,2787
c91944,,Денис Зуев,+7 (916) 099-13-08,user91944@example.ru,Казань,04.02.2026,,
c104108,Вера Ковальчук,,+79842930037,user104108@example.ru,Екатеринбург,,2026-08-06,165421
c92311,,Кирилл Савельев,+7 (963) 045-84-81,user92311@example.ru,Красноярск,18.05.2024,,
c92334,,Полина Лаптева,+7 (934) 940-24-04,user92334@example.ru,Красноярск,01.09.2025,,
c104586,,Вера Юдина,+7 (913) 339-01-84,user104586@example.ru,Казань,24.06.2024,,
c90777,,Полина Зуева,+7 (931) 702-79-96,user90777@example.ru,С.-Петербург,29.12.2025,,
c100710,Максим Шилов,,+79435598830,user100710@example.ru,Новосибирск,,2026-06-30,39066
c100785,Анна Крылова,,+79604413259,user100785@example.ru,Москва,,2026-01-10,80938
c102708,Глеб Ермаков,,+79309320486,user102708@example.ru,Екатеринбург,,2026-08-20,85852
c103840,Алиса Сорокина,,+79607436655,user103840@example.ru,Екатеринбург,,2026-03-15,32343
c103722,Артур Крылов,,+79406938809,user103722@example.ru,Санкт-Петербург,,2026-03-24,131069
c105165,Егор Ермаков,,+79589866127,user105165@example.ru,Санкт-Петербург,,2026-04-23,70701
c90365,,Денис Гордеев,+7 (935) 842-92-22,user90365@example.ru,Казань,02.06.2026,,
c102643,Елена Шилова,,+79611977518,user102643@example.ru,Новосибирск,,2026-06-18,91804
c90377,,Кирилл Ермаков,+7 (996) 628-26-82,user90377@example.ru,Екатеринбург,17.03.2024,,
c102265,Игорь Нестеров,,+79534480000,user102265@example.ru,Санкт-Петербург,,2026-02-05,79380
c101441,Роман Зуев,,+79646087332,user101441@example.ru,Екатеринбург,,2026-04-06,87499
c105367,Наталья Белых,,+79493772254,user105367@example.ru,Екатеринбург,,2026-08-04,26963
c100081,Глеб Ермаков,,+79251345358,user100081@example.ru,Казань,,2026-05-24,85777
c103229,Роман Сорокин,,+79142328767,user103229@example.ru,Новосибирск,,2026-06-27,162455
c101408,Тимур Гордеев,,+79821413227,user101408@example.ru,Новосибирск,,2026-06-07,90154
c102738,Игорь Савельев,,+79207470654,user102738@example.ru,Красноярск,,2026-05-15,87014
c105310,Лидия Белых,,+79631752434,user105310@example.ru,Новосибирск,,2026-03-22,163517
c92286,,Артур Шилов,+7 (988) 192-94-39,user92286@example.ru,Екатеринбург,05.08.2024,,
c102844,Глеб Зуев,,+79333613065,user102844@example.ru,Екатеринбург,,2026-02-08,85543
c102333,Тимур Шилов,,+79142014057,user102333@example.ru,Красноярск,,2026-04-08,50195
c100680,Максим Ковальчук,,+79302195252,user100680@example.ru,Москва,,2026-04-01,128388
c91389,,Вера Крылова,+7 (962) 589-61-92,user91389@example.ru,Красноярск,26.06.2025,,
c105031,Павел Гордеев,,+79794916578,user105031@example.ru,Казань,,2026-03-09,103429
c101755,,Лидия Савельева,+7 (957) 255-77-83,user101755@example.ru,Москва,13.04.2025,,
c92102,,Кирилл Мешков,+7 (986) 201-31-87,user92102@example.ru,Красноярск,01.10.2025,,
c103849,Лидия Гордеева,,+79716809471,user103849@example.ru,Екатеринбург,,2026-06-15,66694
c103175,Анна Ермакова,,+79390733216,user103175@example.ru,Казань,,2026-07-29,76802
c101419,Егор Сорокин,,+79975410657,user101419@example.ru,Москва,,2026-08-08,70498
c90108,,Юлия Нестерова,+7 (927) 499-72-19,user90108@example.ru,Екатеринбург,14.12.2025,,
c92296,,Наталья Гордеева,+7 (950) 023-43-70,user92296@example.ru,Казань,07.10.2024,,
c105757,Глеб Тихонов,,+79822583174,user105757@example.ru,Екатеринбург,,2026-09-07,145478
c100690,Игорь Зуев,,+79827931892,user100690@example.ru,Екатеринбург,,2026-03-22,18926
c101461,Мария Ермакова,,+79815696942,user101461@example.ru,Новосибирск,,2026-01-24,65449
c104101,Юлия Осипова,,+79812239664,user104101@example.ru,Красноярск,,2026-05-15,168640
c101313,Роман Крылов,,+79197044315,user101313@example.ru,Санкт-Петербург,,2026-09-11,122937
c105356,Лидия Гордеева,,+79480811826,user105356@example.ru,Казань,,2026-07-18,125339
c100058,Роман Осипов,,+79103580617,user100058@example.ru,Новосибирск,,2026-07-14,66315
c90012,,Ольга Савельева,+7 (914) 477-89-64,user90012@example.ru,Новосибирск,14.08.2024,,
c102519,Максим Панин,,+79832223097,user102519@example.ru,Екатеринбург,,2026-01-25,50054
c91380,,Роман Осипов,+7 (929) 480-47-56,user91380@example.ru,Красноярск,26.11.2024,,
c103694,Ольга Тихонова,,+79587094228,user103694@example.ru,Новосибирск,,2026-05-25,39212
c100652,Кирилл Сорокин,,+79598733735,user100652@example.ru,Красноярск,,2026-04-17,111067
c92221,,Денис Юдин,+7 (988) 994-61-80,user92221@example.ru,Новосибирск,16.06.2025,,
c90078,,Егор Осипов,+7 (929) 425-14-64,user90078@example.ru,Казань,07.03.2024,,
c105170,Павел Шилов,,+79878035111,user105170@example.ru,Новосибирск,,2026-05-16,80255
c90301,,Кирилл Сорокин,+7 (966) 118-35-68,user90301@example.ru,Казань,25.04.2025,,
c102239,Тимур Ермаков,,+79874007393,user102239@example.ru,Красноярск,,2026-04-05,50796
c104161,Максим Осипов,,+79973114417,user104161@example.ru,Красноярск,,2026-04-21,120081
c101855,Павел Ермаков,,+79939733937,user101855@example.ru,Москва,,2026-01-04,17823
c101559,,Ольга Мешкова,+7 (988) 758-66-41,user101559@example.ru,Екатеринбург,24.12.2024,,
c102482,Ольга Крылова,,+79799414412,user102482@example.ru,Екатеринбург,,2026-01-22,95130
c105317,Павел Шилов,,+79702124785,user105317@example.ru,Новосибирск,,2026-03-22,22344
c101356,Максим Мешков,,+79799303910,user101356@example.ru,Санкт-Петербург,,2026-05-24,84738
c103059,Глеб Савельев,,+79289643527,user103059@example.ru,Казань,,2026-02-21,125709
c105845,Наталья Гордеева,,+79217397189,user105845@example.ru,Москва,,2026-02-01,25040
c92199,,Лидия Юдина,+7 (929) 915-84-51,user92199@example.ru,Красноярск,05.06.2025,,
c90618,,Глеб Лаптев,+7 (972) 513-91-74,user90618@example.ru,Новосибирск,05.01.2025,,
c106383,Елена Мешкова,,+79200318706,user106383@example.ru,Москва,,2026-04-04,13430
c104538,Кирилл Лаптев,,+79765691819,user104538@example.ru,Екатеринбург,,2026-01-14,134543
c100387,Алиса Гордеева,,+79367037286,user100387@example.ru,Екатеринбург,,2026-09-10,77130
c100103,,Вера Мешкова,+7 (969) 329-87-64,user100103@example.ru,С.-Петербург,17.01.2024,,
c106362,Роман Гордеев,,+79459461141,user106362@example.ru,Новосибирск,,2026-03-10,123006
c103580,Кирилл Савельев,,+79245056318,user103580@example.ru,Москва,,2026-08-27,10561
c106067,Наталья Ковальчук,,+79652973626,user106067@example.ru,Екатеринбург,,2026-02-15,16689
c105692,,Кирилл Нестеров,+7 (928) 660-79-87,user105692@example.ru,Красноярск,14.09.2024,,
c91090,,Артур Белых,+7 (947) 656-06-38,user91090@example.ru,Новосибирск,16.02.2026,,
c105247,Елена Шилова,,+79419403352,user105247@example.ru,Москва,,2026-07-20,3742
c101795,Анна Зуева,,+79329359774,user101795@example.ru,Екатеринбург,,2026-03-18,134502
c106219,Игорь Ковальчук,,+79503739959,user106219@example.ru,Казань,,2026-08-04,30540
c102948,Павел Крылов,,+79877081694,user102948@example.ru,Москва,,2026-04-06,143857
c105019,Наталья Панина,,+79623772339,user105019@example.ru,Екатеринбург,,2026-08-22,37352
c100257,,Юлия Белых,+7 (910) 387-26-81,user100257@example.ru,Казань,01.01.2026,,
c101894,Тимур Мешков,,+79820075636,user101894@example.ru,Новосибирск,,2026-05-23,93245
c104876,Наталья Тихонова,,+79873774825,user104876@example.ru,Москва,,2026-01-24,112061
c105422,Егор Ковальчук,,+79821723586,user105422@example.ru,Екатеринбург,,2026-07-06,36926
c90632,,Юлия Зуева,+7 (968) 869-08-21,user90632@example.ru,Екатеринбург,23.12.2024,,
c106541,Елена Панина,,+79701433668,user106541@example.ru,Новосибирск,,2026-07-28,30132
c91187,,Игорь Крылов,+7 (971) 697-71-68,user91187@example.ru,Москва,14.06.2024,,
c92037,,Елена Ермакова,+7 (983) 874-06-30,user92037@example.ru,Новосибирск,24.01.2025,,
c103195,,Наталья Осипова,+7 (992) 751-60-55,user103195@example.ru,Казань,23.04.2024,,
c103333,Егор Ермаков,,+79166113369,user103333@example.ru,Казань,,2026-04-09,114199
c91820,,Тимур Сорокин,+7 (977) 487-93-97,user91820@example.ru,Новосибирск,12.03.2026,,
c103508,Игорь Зуев,,+79516182218,user103508@example.ru,Екатеринбург,,2026-09-04,169801
c104234,Глеб Ковальчук,,+79767149214,user104234@example.ru,Красноярск,,2026-05-17,117462
c101158,Тимур Тихонов,,+79442802431,user101158@example.ru,Санкт-Петербург,,2026-03-20,149937
c105804,Роман Лаптев,,+79282646053,user105804@example.ru,Екатеринбург,,2026-04-05,35232
c92453,,Кирилл Ковальчук,+7 (966) 168-51-97,user92453@example.ru,Казань,27.05.2025,,
c106364,Денис Савельев,,+79877006987,user106364@example.ru,Красноярск,,2026-06-04,28217
c101728,Юлия Юдина,,+79955207679,user101728@example.ru,Казань,,2026-06-13,72514
c100309,Павел Белых,,+79345356700,user100309@example.ru,Санкт-Петербург,,2026-08-10,173677
c104666,Игорь Мешков,,+79914871239,user104666@example.ru,Санкт-Петербург,,2026-07-23,32721
c103532,Полина Тихонова,,+79318635631,user103532@example.ru,Казань,,2026-02-24,141911
c101113,Лидия Крылова,,+79176930082,user101113@example.ru,Санкт-Петербург,,2026-07-23,42644
c101213,Артур Тихонов,,+79693164108,user101213@example.ru,Красноярск,,2026-07-17,49585
c105988,Юлия Белых,,+79495074064,user105988@example.ru,Санкт-Петербург,,2026-03-20,83837
c90215,,Глеб Сорокин,+7 (910) 040-65-36,user90215@example.ru,Красноярск,18.05.2026,,
c102107,Егор Зуев,,+79548951796,user102107@example.ru,Новосибирск,,2026-05-05,173977
c105074,Тимур Ермаков,,+79754568168,user105074@example.ru,Москва,,2026-06-22,144660
c105545,Глеб Крылов,,+79252199240,user105545@example.ru,Москва,,2026-05-06,178679
c104570,Тимур Савельев,,+79338761689,user104570@example.ru,Москва,,2026-04-22,49681
c104526,Денис Шилов,,+79879863545,user104526@example.ru,Санкт-Петербург,,2026-04-27,69193
c101474,Артур Крылов,,+79412815674,user101474@example.ru,Москва,,2026-07-11,70298
c100921,Анна Панина,,+79243213719,user100921@example.ru,Екатеринбург,,2026-03-26,42025
c106276,Максим Белых,,+79331746778,user106276@example.ru,Санкт-Петербург,,2026-08-02,124597
c102550,Максим Ермаков,,+79580897623,user102550@example.ru,Санкт-Петербург,,2026-08-23,178395
c101877,Игорь Зуев,,+79911703955,user101877@example.ru,Красноярск,,2026-03-28,12919
c101852,,Кирилл Крылов,+7 (949) 602-12-11,user101852@example.ru,Казань,08.02.2026,,
c91721,,Роман Нестеров,+7 (957) 703-69-69,user91721@example.ru,Екатеринбург,09.05.2026,,
c90929,,Денис Лаптев,+7 (989) 701-68-85,user90929@example.ru,Казань,01.06.2024,,
c103754,Лидия Крылова,,+79478949447,user103754@example.ru,Санкт-Петербург,,2026-01-16,85789
c103537,Елена Тихонова,,+79850397088,user103537@example.ru,Новосибирск,,2026-09-10,113080
c101781,Лидия Зуева,,+79413134351,user101781@example.ru,Москва,,2026-05-08,75332
c105605,Артур Осипов,,+79732849721,user105605@example.ru,Москва,,2026-05-29,23206
c100239,Елена Панина,,+79699872677,user100239@example.ru,Санкт-Петербург,,2026-02-17,79693
c102488,Вера Ковальчук,,+79970549483,user102488@example.ru,Екатеринбург,,2026-08-13,2949
c100417,Юлия Ермакова,,+79462447827,user100417@example.ru,Красноярск,,2026-02-06,7338
c104993,,Глеб Ковальчук,+7 (924) 793-08-86,user104993@example.ru,Красноярск,28.04.2024,,
c106522,Кирилл Шилов,,+79441864345,user106522@example.ru,Красноярск,,2026-09-08,174907
c104197,Тимур Ковальчук,,+79948203814,user104197@example.ru,Красноярск,,2026-06-29,74353
c100125,Тимур Юдин,,+79665480485,user100125@example.ru,Казань,,2026-03-25,118477
c92113,,Наталья Осипова,+7 (918) 345-73-42,user92113@example.ru,Новосибирск,25.05.2025,,
c106499,Вера Зуева,,+79698003588,user106499@example.ru,Казань,,2026-06-02,63360
c102233,Артур Сорокин,,+79897996317,user102233@example.ru,Новосибирск,,2026-03-24,80683
c91790,,Максим Тихонов,+7 (952) 208-93-24,user91790@example.ru,Казань,11.06.2024,,
c103231,Артур Панин,,+79349607751,user103231@example.ru,Новосибирск,,2026-01-09,24119
c104345,Тимур Мешков,,+79926348930,user104345@example.ru,Красноярск,,2026-04-13,109367
c90676,,Тимур Сорокин,+7 (964) 144-70-27,user90676@example.ru,Красноярск,19.04.2025,,
c102022,,Игорь Панин,+7 (976) 160-82-82,user102022@example.ru,Новосибирск,03.02.2025,,
c100892,Анна Осипова,,+79736151521,user100892@example.ru,Екатеринбург,,2026-08-12,86494
c105618,Мария Панина,,+79162194029,user105618@example.ru,Казань,,2026-04-08,32892
c91787,,Игорь Мешков,+7 (982) 702-18-78,user91787@example.ru,Красноярск,05.06.2024,,
c104545,Лидия Савельева,,+79996838176,user104545@example.ru,Красноярск,,2026-06-05,176264
c101209,Тимур Крылов,,+79910141882,user101209@example.ru,Казань,,2026-09-01,105581
c102351,Юлия Гордеева,,+79237413733,user102351@example.ru,Казань,,2026-05-20,131668
c105186,Игорь Панин,,+79695039087,user105186@example.ru,Новосибирск,,2026-04-20,49180
c101727,Тимур Ермаков,,+79371790350,user101727@example.ru,Санкт-Петербург,,2026-07-02,106784
c105281,Полина Шилова,,+79291302558,user105281@example.ru,Санкт-Петербург,,2026-01-26,90536
c103453,Денис Тихонов,,+79894119647,user103453@example.ru,Новосибирск,,2026-08-21,175247
c101499,Вера Юдина,,+79436589468,user101499@example.ru,Новосибирск,,2026-03-19,35704
c91581,,Вера Белых,+7 (980) 870-55-36,user91581@example.ru,Москва,22.06.2024,,
c106853,,Денис Гордеев,+7 (932) 494-01-87,user106853@example.ru,С.-Петербург,27.05.2025,,
c90931,,Алиса Гордеева,+7 (999) 106-28-51,user90931@example.ru,Екатеринбург,25.08.2024,,
c91932,,Денис Панин,+7 (950) 782-60-28,user91932@example.ru,Новосибирск,28.04.2026,,
c103228,,Тимур Осипов,+7 (977) 474-73-78,user103228@example.ru,Екатеринбург,29.03.2026,,
c102762,Артур Тихонов,,+79215425566,user102762@example.ru,Красноярск,,2026-06-07,121135
c105054,,Роман Шилов,+7 (954) 626-56-88,user105054@example.ru,Красноярск,23.03.2024,,
c101176,Максим Сорокин,,+79628394431,user101176@example.ru,Красноярск,,2026-01-14,93105
c90698,,Роман Крылов,+7 (915) 120-28-71,user90698@example.ru,Красноярск,16.11.2024,,
c106894,Полина Крылова,,+79400570051,user106894@example.ru,Казань,,2026-04-29,38260
c106758,Денис Сорокин,,+79808279964,user106758@example.ru,Санкт-Петербург,,2026-04-08,67906
c101891,,Роман Савельев,+7 (920) 995-42-82,user101891@example.ru,Москва,27.03.2026,,
c100200,Кирилл Юдин,,+79286996496,user100200@example.ru,Казань,,2026-08-10,120063
c104715,Мария Белых,,+79821487168,user104715@example.ru,Новосибирск,,2026-07-06,95759
c100809,Артур Мешков,,+79304776251,user100809@example.ru,Екатеринбург,,2026-05-22,24286
c101594,Тимур Зуев,,+79107216351,user101594@example.ru,Новосибирск,,2026-07-11,3969
c91817,,Наталья Панина,+7 (957) 529-97-46,user91817@example.ru,Новосибирск,21.05.2024,,
c106613,Юлия Сорокина,,+79268152780,user106613@example.ru,Екатеринбург,,2026-03-27,9840
c91621,,Кирилл Ермаков,+7 (943) 146-21-79,user91621@example.ru,Москва,08.02.2024,,
c102050,Кирилл Ермаков,,+79814344143,user102050@example.ru,Казань,,2026-04-28,94997
c91979,,Полина Осипова,+7 (988) 534-81-08,user91979@example.ru,С.-Петербург,06.05.2025,,
c103425,Роман Тихонов,,+79728503572,user103425@example.ru,Казань,,2026-04-18,7698
c103289,Алиса Савельева,,+79924634340,user103289@example.ru,Санкт-Петербург,,2026-05-11,169071
c104295,,Тимур Зуев,+7 (962) 782-54-59,user104295@example.ru,Новосибирск,27.06.2024,,
c106145,Мария Юдина,,+79422707243,user106145@example.ru,Новосибирск,,2026-01-25,122566
c100222,Максим Сорокин,,+79554870480,user100222@example.ru,Екатеринбург,,2026-06-24,100345
c101963,Игорь Гордеев,,+79369454319,user101963@example.ru,Санкт-Петербург,,2026-02-26,72555
c104400,Юлия Юдина,,+79999006345,user104400@example.ru,Новосибирск,,2026-09-09,107055
c103853,Глеб Мешков,,+79965404309,user103853@example.ru,Красноярск,,2026-01-11,150709
c91919,,Тимур Сорокин,+7 (999) 303-08-61,user91919@example.ru,С.-Петербург,19.01.2024,,
c102779,Елена Крылова,,+79180385589,user102779@example.ru,Красноярск,,2026-08-11,33744
c104847,Анна Ковальчук,,+79478258365,user104847@example.ru,Москва,,2026-03-28,140158
c90111,,Павел Панин,+7 (926) 375-75-87,user90111@example.ru,Красноярск,03.02.2025,,
c92195,,Лидия Шилова,+7 (910) 989-71-42,user92195@example.ru,С.-Петербург,08.12.2025,,
c102348,Мария Сорокина,,+79667059860,user102348@example.ru,Санкт-Петербург,,2026-06-03,79386
c103860,Лидия Крылова,,+79660226025,user103860@example.ru,Екатеринбург,,2026-08-26,23367
c106714,Полина Сорокина,,+79780679623,user106714@example.ru,Красноярск,,2026-02-08,42864
c92475,,Вера Шилова,+7 (947) 254-70-91,user92475@example.ru,С.-Петербург,21.08.2025,,
c101698,Вера Ковальчук,,+79179095889,user101698@example.ru,Екатеринбург,,2026-06-12,136583
c101760,Вера Шилова,,+79838173913,user101760@example.ru,Казань,,2026-04-12,164054
c105446,Денис Ковальчук,,+79933408213,user105446@example.ru,Санкт-Петербург,,2026-02-05,5492
c105495,Юлия Юдина,,+79166602915,user105495@example.ru,Казань,,2026-06-30,154279
c90435,,Анна Гордеева,+7 (969) 107-48-22,user90435@example.ru,Казань,01.08.2025,,
c101441,,Егор Ермаков,+7 (915) 471-77-26,user101441@example.ru,Красноярск,18.03.2024,,
c91942,,Денис Мешков,+7 (939) 150-01-73,user91942@example.ru,С.-Петербург,04.03.2026,,
c106139,Артур Савельев,,+79283951578,user106139@example.ru,Казань,,2026-07-11,44231
c105613,Полина Шилова,,+79279011809,user105613@example.ru,Санкт-Петербург,,2026-07-25,20687
c100472,Максим Ермаков,,+79182094158,user100472@example.ru,Москва,,2026-08-28,102539
c106515,Тимур Тихонов,,+79995992516,user106515@example.ru,Новосибирск,,2026-04-23,143844
c90883,,Егор Белых,+7 (945) 187-29-77,user90883@example.ru,Екатеринбург,18.11.2024,,
c101845,,Алиса Крылова,+7 (911) 002-27-14,user101845@example.ru,С.-Петербург,26.04.2024,,
c104097,Полина Панина,,+79927452064,user104097@example.ru,Красноярск,,2026-06-05,18596
c105756,Мария Савельева,,+79881170907,user105756@example.ru,Москва,,2026-05-04,119004
c102555,Артур Белых,,+79672911305,user102555@example.ru,Новосибирск,,2026-05-15,90618
c104459,Лидия Тихонова,,+79134357903,user104459@example.ru,Москва,,2026-01-17,120403
c104366,Максим Ермаков,,+79784737516,user104366@example.ru,Новосибирск,,2026-01-09,76460
c92041,,Глеб Шилов,+7 (914) 137-35-19,user92041@example.ru,Екатеринбург,31.03.2026,,
c91889,,Мария Осипова,+7 (977) 908-33-73,user91889@example.ru,Москва,03.04.2024,,
c103178,Елена Савельева,,+79638333461,user103178@example.ru,Санкт-Петербург,,2026-01-27,127065
c104285,Тимур Шилов,,+79772489761,user104285@example.ru,Санкт-Петербург,,2026-03-10,136755
c104177,Наталья Сорокина,,+79290064339,user104177@example.ru,Казань,,2026-06-29,123294
c102182,Роман Гордеев,,+79198081051,user102182@example.ru,Казань,,2026-03-28,67310
c90289,,Кирилл Савельев,+7 (970) 650-94-47,user90289@example.ru,Казань,19.06.2024,,
c90489,,Павел Нестеров,+7 (942) 025-47-35,user90489@example.ru,Екатеринбург,27.08.2024,,
c105454,,Вера Нестерова,+7 (928) 304-17-14,user105454@example.ru,Казань,16.05.2024,,
c105469,Лидия Зуева,,+79344787994,user105469@example.ru,Екатеринбург,,2026-05-18,139292
c103980,Егор Савельев,,+79208899902,user103980@example.ru,Екатеринбург,,2026-08-26,129932
c105637,Павел Гордеев,,+79518400252,user105637@example.ru,Новосибирск,,2026-03-08,98672
c92173,,Алиса Осипова,+7 (923) 051-56-99,user92173@example.ru,Красноярск,29.10.2025,,
c103363,Роман Савельев,,+79893685243,user103363@example.ru,Екатеринбург,,2026-04-21,23254
c91136,,Роман Лаптев,+7 (997) 110-55-20,user91136@example.ru,Екатеринбург,05.06.2024,,
c106161,Ольга Гордеева,,+79227694565,user106161@example.ru,Москва,,2026-07-15,126625
c102582,Кирилл Мешков,,+79677986022,user102582@example.ru,Казань,,2026-08-27,167956
c101439,Анна Тихонова,,+79365562360,user101439@example.ru,Санкт-Петербург,,2026-05-05,112146
c105901,Юлия Савельева,,+79989643035,user105901@example.ru,Санкт-Петербург,,2026-06-16,30711
c105320,Лидия Осипова,,+79553641011,user105320@example.ru,Казань,,2026-04-25,152637
c104509,Мария Савельева,,+79134533997,user104509@example.ru,Новосибирск,,2026-07-19,25292
c92429,,Егор Панин,+7 (934) 893-45-60,user92429@example.ru,Новосибирск,01.04.2024,,
c91850,,Наталья Осипова,+7 (951) 840-83-76,user91850@example.ru,Новосибирск,04.05.2026,,
c106240,Тимур Шилов,,+79398133979,user106240@example.ru,Красноярск,,2026-07-13,131830
c91317,,Мария Юдина,+7 (961) 518-95-69,user91317@example.ru,Красноярск,16.04.2026,,
c106604,Кирилл Савельев,,+79495750000,user106604@example.ru,Красноярск,,2026-07-03,75271
c100041,Анна Ермакова,,+79270014713,user100041@example.ru,Москва,,2026-08-10,157315
c100101,Ольга Крылова,,+79276470243,user100101@example.ru,Новосибирск,,2026-05-29,117595
c105429,Кирилл Савельев,,+79757421176,user105429@example.ru,Москва,,2026-09-08,153025
c106026,Егор Лаптев,,+79783125786,user106026@example.ru,Москва,,2026-09-05,148593
c105770,Глеб Шилов,,+79337886055,user105770@example.ru,Москва,,2026-07-17,178405
c102069,Алиса Савельева,,+79547929370,user102069@example.ru,Красноярск,,2026-07-28,44265
c105406,Артур Осипов,,+79641038088,user105406@example.ru,Екатеринбург,,2026-08-20,39501
c105099,Игорь Ермаков,,+79318914930,user105099@example.ru,Новосибирск,,2026-03-31,147797
c103261,Юлия Нестерова,,+79467715090,user103261@example.ru,Красноярск,,2026-03-10,86711
c103965,Денис Осипов,,+79716812004,user103965@example.ru,Новосибирск,,2026-08-15,6227
c103852,,Вера Гордеева,+7 (925) 222-95-46,user103852@example.ru,Казань,11.06.2026,,
c102168,Роман Крылов,,+79993480657,user102168@example.ru,Екатеринбург,,2026-08-02,48025
c105210,Юлия Гордеева,,+79831237200,user105210@example.ru,Екатеринбург,,2026-01-26,64438
c100223,,Игорь Мешков,+7 (995) 140-70-72,user100223@example.ru,Новосибирск,14.12.2025,,
c102908,Тимур Тихонов,,+79583192359,user102908@example.ru,Санкт-Петербург,,2026-07-19,48100
c91309,,Полина Гордеева,+7 (986) 554-74-68,user91309@example.ru,Новосибирск,11.03.2026,,
c100362,Артур Лаптев,,+79832481711,user100362@example.ru,Казань,,2026-08-28,149141
c105889,Юлия Ермакова,,+79399544627,user105889@example.ru,Екатеринбург,,2026-01-24,22914
c92225,,Анна Панина,+7 (949) 768-31-18,user92225@example.ru,Екатеринбург,01.05.2025,,
c105870,Тимур Шилов,,+79806531952,user105870@example.ru,Екатеринбург,,2026-01-18,120456
c101048,Максим Мешков,,+79422167287,user101048@example.ru,Красноярск,,2026-01-05,132329
c102473,Лидия Осипова,,+79945390242,user102473@example.ru,Красноярск,,2026-08-16,99127
c103153,,Лидия Савельева,+7 (997) 983-19-16,user103153@example.ru,Красноярск,04.01.2025,,
c100843,Тимур Савельев,,+79782649069,user100843@example.ru,Москва,,2026-01-26,2871
c102127,Мария Ермакова,,+79947789714,user102127@example.ru,Екатеринбург,,2026-03-28,146264
c91035,,Мария Тихонова,+7 (981) 099-28-97,user91035@example.ru,Москва,18.03.2024,,
c91609,,Роман Юдин,+7 (921) 855-87-11,user91609@example.ru,Москва,02.04.2026,,
c105690,Алиса Мешкова,,+79895718906,user105690@example.ru,Екатеринбург,,2026-03-29,93379
c91588,,Павел Зуев,+7 (934) 316-62-70,user91588@example.ru,Новосибирск,17.09.2025,,
c103480,Наталья Сорокина,,+79489453616,user103480@example.ru,Новосибирск,,2026-07-21,132749
c90438,,Полина Юдина,+7 (960) 454-30-51,user90438@example.ru,Красноярск,31.10.2025,,
c100223,Кирилл Белых,,+79336084004,user100223@example.ru,Красноярск,,2026-05-26,11920
c101413,Кирилл Панин,,+79462666043,user101413@example.ru,Москва,,2026-06-30,121619
c105606,Денис Гордеев,,+79177509288,user105606@example.ru,Казань,,2026-06-23,157457
c101921,,Вера Мешкова,+7 (993) 806-23-91,user101921@example.ru,Казань,09.07.2025,,
c103392,Глеб Тихонов,,+79792948877,user103392@example.ru,Казань,,2026-01-17,66987
c105238,Лидия Шилова,,+79734222918,user105238@example.ru,Новосибирск,,2026-01-04,60783
c100265,Кирилл Панин,,+79663845620,user100265@example.ru,Санкт-Петербург,,2026-07-28,142660
c104052,Артур Нестеров,,+79773479983,user104052@example.ru,Екатеринбург,,2026-09-11,150982
c105427,,Елена Нестерова,+7 (976) 851-19-31,user105427@example.ru,Москва,14.03.2026,,
c105433,Артур Шилов,,+79396956134,user105433@example.ru,Красноярск,,2026-04-30,136762
c100614,,Наталья Юдина,+7 (927) 942-77-67,user100614@example.ru,Москва,13.04.2025,,
c100272,Артур Панин,,+79913952978,user100272@example.ru,Новосибирск,,2026-09-05,168977
c103665,,Полина Нестерова,+7 (954) 334-25-20,user103665@example.ru,Казань,19.06.2024,,
c101702,Лидия Сорокина,,+79178809291,user101702@example.ru,Казань,,2026-07-30,23275
c91522,,Максим Шилов,+7 (985) 374-61-08,user91522@example.ru,Москва,29.04.2026,,
c100233,Максим Ермаков,,+79721502016,user100233@example.ru,Екатеринбург,,2026-07-31,23839
c90989,,Максим Ковальчук,+7 (957) 383-48-83,user90989@example.ru,Красноярск,12.09.2025,,
c90670,,Павел Крылов,+7 (956) 189-03-62,user90670@example.ru,Новосибирск,15.01.2024,,
c103852,Ольга Сорокина,,+79661203395,user103852@example.ru,Красноярск,,2026-05-15,40040
c105703,Максим Лаптев,,+79119336320,user105703@example.ru,Москва,,2026-03-16,117174
c103867,Полина Ковальчук,,+79840092103,user103867@example.ru,Екатеринбург,,2026-01-24,128044
c101457,Кирилл Белых,,+79930125535,user101457@example.ru,Красноярск,,2026-04-11,44156
c91888,,Тимур Ермаков,+7 (946) 527-55-14,user91888@example.ru,Екатеринбург,30.04.2026,,
c102132,Ольга Сорокина,,+79524596355,user102132@example.ru,Красноярск,,2026-05-16,105820
c106834,Игорь Ермаков,,+79122181076,user106834@example.ru,Москва,,2026-07-03,106834
c90747,,Кирилл Савельев,+7 (941) 494-44-50,user90747@example.ru,Москва,07.08.2025,,
c100924,,Артур Юдин,+7 (945) 046-31-38,user100924@example.ru,С.-Петербург,01.01.2026,,
c101466,Роман Ковальчук,,+79578114623,user101466@example.ru,Екатеринбург,,2026-03-24,67285
c90919,,Денис Шилов,+7 (966) 881-72-60,user90919@example.ru,Красноярск,29.03.2026,,
c102383,Полина Ермакова,,+79801151371,user102383@example.ru,Москва,,2026-01-11,132530
c102470,,Игорь Осипов,+7 (928) 578-27-58,user102470@example.ru,Екатеринбург,26.02.2026,,
c105149,Денис Шилов,,+79702799348,user105149@example.ru,Санкт-Петербург,,2026-03-09,98338
c106501,Роман Крылов,,+79384356208,user106501@example.ru,Казань,,2026-04-19,105271
c101815,Лидия Сорокина,,+79510399789,user101815@example.ru,Красноярск,,2026-04-25,144368
c100059,Кирилл Ермаков,,+79225374866,user100059@example.ru,Екатеринбург,,2026-06-01,135268
c106826,Анна Гордеева,,+79325723392,user106826@example.ru,Казань,,2026-06-24,66899
c101135,Максим Ермаков,,+79649763779,user101135@example.ru,Красноярск,,2026-06-30,20924
c101428,Вера Сорокина,,+79954512628,user101428@example.ru,Санкт-Петербург,,2026-04-13,108400
c90534,,Игорь Ермаков,+7 (920) 483-05-23,user90534@example.ru,Красноярск,19.08.2025,,
c90056,,Юлия Тихонова,+7 (938) 666-33-74,user90056@example.ru,Екатеринбург,02.02.2025,,
c102701,Кирилл Зуев,,+79177822062,user102701@example.ru,Санкт-Петербург,,2026-02-24,27660
c92437,,Наталья Ермакова,+7 (970) 392-39-73,user92437@example.ru,Новосибирск,10.07.2024,,
c100131,Юлия Ермакова,,+79863931999,user100131@example.ru,Новосибирск,,2026-02-10,12805
c106146,Кирилл Гордеев,,+79584250263,user106146@example.ru,Красноярск,,2026-02-28,98621
c102108,Елена Юдина,,+79860893741,user102108@example.ru,Санкт-Петербург,,2026-08-16,106001
c101183,,Кирилл Сорокин,+7 (933) 946-25-23,user101183@example.ru,Москва,17.03.2026,,
c90694,,Игорь Савельев,+7 (938) 912-15-09,user90694@example.ru,Екатеринбург,10.05.2026,,
c91094,,Мария Тихонова,+7 (976) 193-00-68,user91094@example.ru,Красноярск,18.02.2025,,
c104353,Глеб Ермаков,,+79873582163,user104353@example.ru,Екатеринбург,,2026-04-21,134772
c106174,,Наталья Шилова,+7 (951) 418-83-42,user106174@example.ru,Екатеринбург,07.09.2025,,
c104189,Наталья Юдина,,+79883808058,user104189@example.ru,Новосибирск,,2026-05-14,40564
c102885,Мария Осипова,,+79591532311,user102885@example.ru,Екатеринбург,,2026-04-05,174078
c90278,,Максим Сорокин,+7 (918) 930-65-40,user90278@example.ru,Казань,03.03.2026,,
c102082,Елена Ковальчук,,+79216028264,user102082@example.ru,Красноярск,,2026-07-03,37125
c103554,Кирилл Гордеев,,+79946145289,user103554@example.ru,Новосибирск,,2026-06-15,105470
c91115,,Егор Крылов,+7 (989) 145-62-81,user91115@example.ru,Красноярск,15.10.2025,,
c101660,Артур Савельев,,+79714538845,user101660@example.ru,Екатеринбург,,2026-05-03,79369
c100774,Анна Лаптева,,+79777259648,user100774@example.ru,Санкт-Петербург,,2026-09-05,124379
c103483,Мария Нестерова,,+79513648700,user103483@example.ru,Санкт-Петербург,,2026-02-02,72667
c101687,Полина Осипова,,+79235978524,user101687@example.ru,Красноярск,,2026-07-04,58745
c105568,Вера Ковальчук,,+79234148811,user105568@example.ru,Екатеринбург,,2026-01-05,140986
c106721,,Денис Зуев,+7 (985) 503-57-68,user106721@example.ru,Казань,09.04.2025,,
c103254,Вера Шилова,,+79670132426,user103254@example.ru,Новосибирск,,2026-07-26,156039
c101849,Игорь Ермаков,,+79505316087,user101849@example.ru,Санкт-Петербург,,2026-08-26,111183
c90141,,Роман Ермаков,+7 (950) 261-91-41,user90141@example.ru,Новосибирск,02.11.2024,,
c103593,Максим Нестеров,,+79467119371,user103593@example.ru,Новосибирск,,2026-06-13,166967
c101028,Кирилл Нестеров,,+79700964968,user101028@example.ru,Екатеринбург,,2026-06-30,29386
c90606,,Тимур Сорокин,+7 (932) 059-73-80,user90606@example.ru,Новосибирск,07.02.2025,,
c104460,Денис Лаптев,,+79982785492,user104460@example.ru,Екатеринбург,,2026-07-06,134549
c92069,,Кирилл Осипов,+7 (917) 455-29-13,user92069@example.ru,Москва,07.03.2026,,
c91123,,Мария Тихонова,+7 (955) 024-95-71,user91123@example.ru,Красноярск,22.04.2026,,
c100641,Ольга Нестерова,,+79173670457,user100641@example.ru,Казань,,2026-09-01,80518
c105970,,Кирилл Осипов,+7 (949) 109-15-87,user105970@example.ru,Москва,14.06.2026,,
c105288,Анна Белых,,+79667306701,user105288@example.ru,Санкт-Петербург,,2026-01-10,29372
c103710,Анна Нестерова,,+79199197650,user103710@example.ru,Красноярск,,2026-01-21,99309
c104435,,Роман Зуев,+7 (946) 818-91-56,user104435@example.ru,Екатеринбург,19.01.2025,,
c106660,Лидия Шилова,,+79620870310,user106660@example.ru,Москва,,2026-02-04,38131
c92055,,Лидия Юдина,+7 (941) 060-87-75,user92055@example.ru,Екатеринбург,13.07.2024,,
c104369,Анна Нестерова,,+79821122451,user104369@example.ru,Красноярск,,2026-02-24,165760
c102008,Лидия Савельева,,+79493342887,user102008@example.ru,Новосибирск,,2026-08-28,6114
c102910,Артур Белых,,+79427243484,user102910@example.ru,Екатеринбург,,2026-04-12,71264
c106409,Глеб Лаптев,,+79703169000,user106409@example.ru,Москва,,2026-04-26,64008
c100121,Кирилл Тихонов,,+79863286660,user100121@example.ru,Красноярск,,2026-08-02,151703
c102176,,Кирилл Нестеров,+7 (924) 020-72-71,user102176@example.ru,Москва,18.06.2026,,
c104124,Егор Тихонов,,+79114815499,user104124@example.ru,Москва,,2026-06-29,95907
c103746,Павел Сорокин,,+79695517776,user103746@example.ru,Красноярск,,2026-07-27,171485
c92477,,Наталья Сорокина,+7 (940) 522-12-86,user92477@example.ru,Екатеринбург,23.05.2024,,
c100017,Игорь Зуев,,+79327328667,user100017@example.ru,Екатеринбург,,2026-06-13,69854
c106888,Юлия Шилова,,+79204696435,user106888@example.ru,Новосибирск,,2026-06-29,81385
c105439,Денис Тихонов,,+79629731186,user105439@example.ru,Новосибирск,,2026-04-03,144681
c105133,Лидия Крылова,,+79811174396,user105133@example.ru,Красноярск,,2026-01-23,32494
c101668,Артур Мешков,,+79572774855,user101668@example.ru,Новосибирск,,2026-05-25,136742
c102852,Ольга Сорокина,,+79424584291,user102852@example.ru,Красноярск,,2026-02-21,97387
c103831,Мария Крылова,,+79981440394,user103831@example.ru,Москва,,2026-05-22,106224
c105622,Алиса Лаптева,,+79976361613,user105622@example.ru,Екатеринбург,,2026-02-25,91155
c102686,,Тимур Белых,+7 (954) 696-08-60,user102686@example.ru,Казань,14.04.2025,,
c91320,,Анна Сорокина,+7 (935) 024-14-32,user91320@example.ru,Красноярск,04.07.2025,,
c104379,Ольга Сорокина,,+79679715797,user104379@example.ru,Красноярск,,2026-09-04,56355
c106537,Полина Белых,,+79363895417,user106537@example.ru,Красноярск,,2026-08-08,178460
c100372,Лидия Юдина,,+79877430462,user100372@example.ru,Санкт-Петербург,,2026-01-18,4672
c91892,,Игорь Панин,+7 (937) 894-36-48,user91892@example.ru,С.-Петербург,19.05.2025,,
c90423,,Наталья Крылова,+7 (931) 280-48-01,user90423@example.ru,С.-Петербург,04.03.2024,,
c105112,,Вера Белых,+7 (932) 207-39-09,user105112@example.ru,Красноярск,27.02.2025,,
c92256,,Мария Шилова,+7 (999) 604-59-48,user92256@example.ru,Новосибирск,10.01.2025,,
c105326,Павел Сорокин,,+79345240047,user105326@example.ru,Красноярск,,2026-02-02,23849
c106532,Егор Сорокин,,+79216533675,user106532@example.ru,Екатеринбург,,2026-04-16,165807
c106446,,Кирилл Белых,+7 (934) 879-69-53,user106446@example.ru,Москва,18.01.2026,,
c91828,,Юлия Мешкова,+7 (944) 859-01-21,user91828@example.ru,Красноярск,15.04.2024,,
c106842,Денис Савельев,,+79204210434,user106842@example.ru,Санкт-Петербург,,2026-02-14,35185
c104148,Максим Юдин,,+79782743596,user104148@example.ru,Казань,,2026-04-29,166662
c90164,,Денис Тихонов,+7 (945) 840-36-47,user90164@example.ru,С.-Петербург,30.03.2026,,
c101447,Ольга Панина,,+79776792902,user101447@example.ru,Санкт-Петербург,,2026-02-23,94755
c102503,Денис Юдин,,+79541400528,user102503@example.ru,Красноярск,,2026-08-01,48908
c105292,Максим Савельев,,+79824823780,user105292@example.ru,Казань,,2026-05-04,178604
c100772,Павел Гордеев,,+79262000752,user100772@example.ru,Москва,,2026-05-01,177177
c105542,Артур Белых,,+79987421964,user105542@example.ru,Казань,,2026-06-29,149975
c103010,Денис Осипов,,+79827479438,user103010@example.ru,Москва,,2026-07-11,167047
c92441,,Юлия Гордеева,+7 (971) 839-00-42,user92441@example.ru,Екатеринбург,18.12.2025,,
c103413,Наталья Тихонова,,+79295790688,user103413@example.ru,Красноярск,,2026-04-18,142210
c101882,Максим Зуев,,+79374059709,user101882@example.ru,Казань,,2026-04-04,103888
c102817,Юлия Нестерова,,+79149508089,user102817@example.ru,Новосибирск,,2026-07-13,46009
c103676,Ольга Нестерова,,+79708132342,user103676@example.ru,Москва,,2026-09-11,110335
c105661,,Мария Мешкова,+7 (919) 857-55-97,user105661@example.ru,Казань,27.01.2026,,
c104380,Павел Нестеров,,+79876552530,user104380@example.ru,Красноярск,,2026-04-15,98454
c91182,,Егор Белых,+7 (960) 711-97-30,user91182@example.ru,Екатеринбург,18.01.2025,,
c106457,Глеб Юдин,,+79396965729,user106457@example.ru,Москва,,2026-06-26,146199
c105376,Лидия Нестерова,,+79309506781,user105376@example.ru,Казань,,2026-05-01,81718
c100302,Мария Лаптева,,+79200406588,user100302@example.ru,Санкт-Петербург,,2026-06-01,10918
c105385,Артур Тихонов,,+79553169872,user105385@example.ru,Санкт-Петербург,,2026-04-14,70813
c105755,Егор Зуев,,+79313079947,user105755@example.ru,Екатеринбург,,2026-01-05,15652
c104015,Мария Гордеева,,+79919858986,user104015@example.ru,Новосибирск,,2026-01-06,116411
c90817,,Максим Ковальчук,+7 (996) 143-13-35,user90817@example.ru,Екатеринбург,05.04.2024,,
c91265,,Анна Юдина,+7 (964) 638-95-01,user91265@example.ru,С.-Петербург,18.03.2024,,
c102875,Павел Ермаков,,+79524779367,user102875@example.ru,Москва,,2026-08-19,68185
c106633,Тимур Панин,,+79570159983,user106633@example.ru,Москва,,2026-04-20,47377
c102715,Роман Нестеров,,+79473377245,user102715@example.ru,Москва,,2026-02-03,91399
c92329,,Артур Мешков,+7 (983) 549-81-48,user92329@example.ru,Москва,13.04.2026,,
c105505,Игорь Осипов,,+79426464846,user105505@example.ru,Москва,,2026-03-16,33051
c105794,Павел Сорокин,,+79990926890,user105794@example.ru,Екатеринбург,,2026-03-20,156939
c100532,Елена Мешкова,,+79127876006,user100532@example.ru,Новосибирск,,2026-07-10,157473
c101137,Кирилл Гордеев,,+79179654218,user101137@example.ru,Казань,,2026-06-07,116087
c101280,Глеб Белых,,+79392680701,user101280@example.ru,Екатеринбург,,2026-07-22,39545
c106493,Мария Лаптева,,+79331316371,user106493@example.ru,Москва,,2026-03-15,175325
c101957,Кирилл Панин,,+79728511417,user101957@example.ru,Красноярск,,2026-01-04,22268
c100678,Наталья Шилова,,+79854555325,user100678@example.ru,Москва,,2026-03-07,138751
c103498,Егор Юдин,,+79525755319,user103498@example.ru,Екатеринбург,,2026-05-16,122933
c91589,,Наталья Осипова,+7 (965) 462-32-51,user91589@example.ru,Казань,06.07.2024,,
c92219,,Павел Мешков,+7 (947) 731-63-71,user92219@example.ru,Екатеринбург,27.01.2026,,
c105948,Полина Шилова,,+79354086736,user105948@example.ru,Санкт-Петербург,,2026-08-29,69395
c100800,Артур Юдин,,+79717105035,user100800@example.ru,Красноярск,,2026-05-26,109738
c91504,,Юлия Юдина,+7 (945) 529-08-12,user91504@example.ru,С.-Петербург,23.02.2025,,
c105718,Максим Белых,,+79821791376,user105718@example.ru,Казань,,2026-08-10,38220
c102937,Егор Шилов,,+79821458078,user102937@example.ru,Екатеринбург,,2026-05-16,129141
c92309,,Лидия Гордеева,+7 (979) 473-50-74,user92309@example.ru,С.-Петербург,19.08.2025,,
c91679,,Павел Сорокин,+7 (933) 735-60-50,user91679@example.ru,Новосибирск,09.04.2025,,
c100067,Вера Белых,,+79753947065,user100067@example.ru,Санкт-Петербург,,2026-01-09,168371
c101598,Глеб Осипов,,+79354321140,user101598@example.ru,Санкт-Петербург,,2026-04-11,61519
c100061,Кирилл Белых,,+79465594821,user100061@example.ru,Санкт-Петербург,,2026-05-19,139015
c90255,,Тимур Ермаков,+7 (953) 155-42-41,user90255@example.ru,Москва,21.09.2025,,
c106631,,Ольга Юдина,+7 (953) 946-65-73,user106631@example.ru,Красноярск,12.02.2026,,
c91654,,Тимур Белых,+7 (943) 109-53-89,user91654@example.ru,Екатеринбург,30.07.2024,,
c100564,Лидия Нестерова,,+79585456645,user100564@example.ru,Санкт-Петербург,,2026-07-03,166127
c102781,Тимур Сорокин,,+79820583107,user102781@example.ru,Санкт-Петербург,,2026-03-21,166635
c105588,Полина Ковальчук,,+79773212033,user105588@example.ru,Новосибирск,,2026-01-17,98648
c106232,Лидия Зуева,,+79101037748,user106232@example.ru,Красноярск,,2026-07-19,86825
c103244,Артур Осипов,,+79749593428,user103244@example.ru,Казань,,2026-05-10,41086
c102998,,Анна Тихонова,+7 (960) 206-53-85,user102998@example.ru,Москва,25.01.2024,,
c101531,Анна Панина,,+79541639115,user101531@example.ru,Москва,,2026-03-31,29291
c91475,,Юлия Шилова,+7 (933) 860-46-87,user91475@example.ru,Новосибирск,05.05.2026,,
c102835,,Денис Панин,+7 (985) 196-01-76,user102835@example.ru,Новосибирск,19.04.2026,,
c100535,,Ольга Савельева,+7 (949) 199-18-20,user100535@example.ru,Москва,04.07.2024,,
c90206,,Максим Панин,+7 (961) 893-64-02,user90206@example.ru,С.-Петербург,31.12.2024,,
c91252,,Лидия Шилова,+7 (932) 161-44-40,user91252@example.ru,Екатеринбург,23.10.2024,,
c105058,Юлия Нестерова,,+79604344747,user105058@example.ru,Новосибирск,,2026-04-01,30200
c92227,,Полина Ермакова,+7 (992) 891-22-03,user92227@example.ru,Новосибирск,30.10.2024,,
c104134,Игорь Панин,,+79832461449,user104134@example.ru,Красноярск,,2026-09-04,94135
c106603,Глеб Савельев,,+79595264855,user106603@example.ru,Казань,,2026-04-25,162860
c105498,Полина Сорокина,,+79184884782,user105498@example.ru,Екатеринбург,,2026-04-15,163781
c100455,,Анна Юдина,+7 (963) 593-25-24,user100455@example.ru,Москва,23.07.2025,,
c104151,Мария Зуева,,+79780550420,user104151@example.ru,Красноярск,,2026-06-24,66167
c102795,,Игорь Ковальчук,+7 (915) 780-42-73,user102795@example.ru,Москва,03.01.2026,,
c101415,Ольга Тихонова,,+79672351376,user101415@example.ru,Москва,,2026-04-04,113955
c90683,,Егор Тихонов,+7 (937) 517-18-45,user90683@example.ru,Красноярск,26.04.2026,,
c102546,Алиса Ермакова,,+79453662588,user102546@example.ru,Красноярск,,2026-06-13,134268
c101947,,Игорь Ермаков,+7 (945) 124-37-99,user101947@example.ru,Москва,01.07.2024,,
c100798,Вера Панина,,+79541541569,user100798@example.ru,Новосибирск,,2026-01-30,66989
c106366,,Павел Тихонов,+7 (988) 069-29-50,user106366@example.ru,Новосибирск,02.01.2025,,
c105227,Павел Тихонов,,+79837535797,user105227@example.ru,Казань,,2026-07-19,156046
c106449,Наталья Савельева,,+79951766543,user106449@example.ru,Красноярск,,2026-05-31,170256
c101294,Павел Ермаков,,+79450346460,user101294@example.ru,Екатеринбург,,2026-08-09,170632
c91943,,Алиса Белых,+7 (985) 930-00-84,user91943@example.ru,С.-Петербург,01.08.2024,,
c105806,Роман Мешков,,+79376213663,user105806@example.ru,Москва,,2026-05-08,135481
c105194,Глеб Савельев,,+79738436812,user105194@example.ru,Москва,,2026-02-22,89450
c102020,Кирилл Крылов,,+79922586728,user102020@example.ru,Казань,,2026-08-17,114885
c101232,,Наталья Савельева,+7 (986) 446-22-83,user101232@example.ru,Москва,11.09.2024,,
c105241,Кирилл Лаптев,,+79942914727,user105241@example.ru,Екатеринбург,,2026-08-07,155466
c100645,,Кирилл Осипов,+7 (997) 155-29-90,user100645@example.ru,Москва,03.05.2026,,
c106074,,Денис Белых,+7 (992) 615-05-93,user106074@example.ru,Новосибирск,23.06.2024,,
c106684,Мария Панина,,+79928706668,user106684@example.ru,Новосибирск,,2026-02-07,117345
c103701,Анна Гордеева,,+79675772973,user103701@example.ru,Екатеринбург,,2026-04-19,111599
c102674,Анна Осипова,,+79275997551,user102674@example.ru,Екатеринбург,,2026-05-02,152334
c92071,,Максим Крылов,+7 (910) 429-92-34,user92071@example.ru,Новосибирск,02.08.2025,,
c101537,Ольга Шилова,,+79926684664,user101537@example.ru,Красноярск,,2026-05-18,158435
c104284,Елена Лаптева,,+79407181382,user104284@example.ru,Новосибирск,,2026-09-10,32920
c105025,Вера Ковальчук,,+79914411571,user105025@example.ru,Санкт-Петербург,,2026-01-17,34557
c104602,Лидия Панина,,+79661436477,user104602@example.ru,Новосибирск,,2026-04-08,175984
c91436,,Ольга Тихонова,+7 (965) 874-49-76,user91436@example.ru,Москва,02.08.2024,,
c92263,,Юлия Шилова,+7 (999) 131-37-82,user92263@example.ru,Москва,21.04.2024,,
c106304,,Елена Нестерова,+7 (930) 667-55-98,user106304@example.ru,Екатеринбург,30.12.2024,,
c101720,Вера Ковальчук,,+79415978909,user101720@example.ru,Казань,,2026-05-24,59759
c102632,,Тимур Сорокин,+7 (911) 368-14-57,user102632@example.ru,Москва,26.12.2025,,
c101111,Денис Зуев,,+79584661067,user101111@example.ru,Екатеринбург,,2026-07-27,116579
c90441,,Анна Гордеева,+7 (971) 072-88-53,user90441@example.ru,Новосибирск,16.01.2024,,
c103197,Игорь Гордеев,,+79542900857,user103197@example.ru,Казань,,2026-01-13,72587
c104803,Алиса Белых,,+79946109634,user104803@example.ru,Санкт-Петербург,,2026-01-28,19995
c103774,Максим Тихонов,,+79675357047,user103774@example.ru,Казань,,2026-04-27,121682
c106050,Павел Лаптев,,+79623481907,user106050@example.ru,Москва,,2026-04-17,93071
c100955,Денис Ковальчук,,+79141564456,user100955@example.ru,Новосибирск,,2026-03-20,114443
c101039,Наталья Шилова,,+79419487500,user101039@example.ru,Казань,,2026-06-30,102319
c106713,Игорь Мешков,,+79709509748,user106713@example.ru,Красноярск,,2026-02-04,163686
c101411,Мария Тихонова,,+79167584017,user101411@example.ru,Москва,,2026-06-19,83487
c101254,Мария Гордеева,,+79924223705,user101254@example.ru,Екатеринбург,,2026-05-18,25108
c101501,Анна Крылова,,+79810223394,user101501@example.ru,Красноярск,,2026-01-20,179803
c103328,Тимур Гордеев,,+79664232824,user103328@example.ru,Санкт-Петербург,,2026-02-28,82777
c104945,Роман Сорокин,,+79789298552,user104945@example.ru,Новосибирск,,2026-05-21,139658
c91957,,Павел Панин,+7 (988) 410-15-78,user91957@example.ru,Казань,30.04.2026,,
c102906,Лидия Осипова,,+79421109277,user102906@example.ru,Казань,,2026-01-26,154445
c91400,,Юлия Крылова,+7 (930) 088-51-20,user91400@example.ru,Новосибирск,05.04.2025,,
c106726,Анна Гордеева,,+79242250349,user106726@example.ru,Екатеринбург,,2026-03-07,83642
c102683,Алиса Зуева,,+79441985422,user102683@example.ru,Казань,,2026-07-22,80426
c102361,Полина Ковальчук,,+79459849464,user102361@example.ru,Казань,,2026-02-18,123275
c103597,,Елена Белых,+7 (921) 132-65-06,user103597@example.ru,Москва,20.12.2024,,
c100382,Артур Ковальчук,,+79698720167,user100382@example.ru,Москва,,2026-01-23,45641
c102565,Юлия Крылова,,+79837108655,user102565@example.ru,Новосибирск,,2026-07-03,90703
c102574,Алиса Ковальчук,,+79500312950,user102574@example.ru,Екатеринбург,,2026-03-26,100941
c101329,Денис Юдин,,+79242996417,user101329@example.ru,Казань,,2026-02-27,170084
c100282,Анна Юдина,,+79217495621,user100282@example.ru,Новосибирск,,2026-05-09,90680
c90023,,Егор Савельев,+7 (929) 468-47-20,user90023@example.ru,Казань,04.04.2025,,
c102456,Кирилл Лаптев,,+79950796050,user102456@example.ru,Казань,,2026-08-15,34520
c102980,Глеб Осипов,,+79577712975,user102980@example.ru,Санкт-Петербург,,2026-06-30,54966
c102000,Наталья Белых,,+79971027711,user102000@example.ru,Москва,,2026-05-10,76112
c102003,Артур Гордеев,,+79931176304,user102003@example.ru,Красноярск,,2026-02-07,21803
c102498,Наталья Белых,,+79613380753,user102498@example.ru,Красноярск,,2026-07-28,144564
c90072,,Анна Сорокина,+7 (981) 779-99-62,user90072@example.ru,Екатеринбург,06.07.2025,,
c104232,Денис Ермаков,,+79206573129,user104232@example.ru,Красноярск,,2026-05-21,126227
c104137,,Глеб Юдин,+7 (964) 845-61-40,user104137@example.ru,Москва,28.03.2026,,
c105199,Алиса Шилова,,+79881522195,user105199@example.ru,Красноярск,,2026-03-18,172639
c103520,Елена Ермакова,,+79672872712,user103520@example.ru,Москва,,2026-05-28,67685
c91825,,Игорь Зуев,+7 (950) 503-83-64,user91825@example.ru,Новосибирск,21.06.2024,,
c101871,Игорь Крылов,,+79123448797,user101871@example.ru,Новосибирск,,2026-01-15,127050
c104081,,Максим Белых,+7 (924) 053-06-31,user104081@example.ru,Екатеринбург,16.05.2025,,
c105706,Павел Шилов,,+79597080086,user105706@example.ru,Красноярск,,2026-02-27,56642
c103433,Ольга Ковальчук,,+79505615067,user103433@example.ru,Москва,,2026-01-10,152247
c101582,Кирилл Шилов,,+79579754787,user101582@example.ru,Казань,,2026-07-18,71539
c105464,Полина Гордеева,,+79605893427,user105464@example.ru,Москва,,2026-08-23,76265
c100205,Егор Сорокин,,+79915651967,user100205@example.ru,Екатеринбург,,2026-05-21,154429
c103233,Вера Савельева,,+79189588747,user103233@example.ru,Санкт-Петербург,,2026-08-06,77644
c106462,Полина Шилова,,+79341892889,user106462@example.ru,Красноярск,,2026-01-27,20487
c104717,Елена Тихонова,,+79422648704,user104717@example.ru,Москва,,2026-06-03,80066
c91244,,Павел Савельев,+7 (980) 783-88-46,user91244@example.ru,Москва,18.06.2024,,
c106891,,Мария Мешкова,+7 (953) 943-44-84,user106891@example.ru,Екатеринбург,15.09.2024,,
c106194,Тимур Савельев,,+79100863218,user106194@example.ru,Москва,,2026-01-27,106492
c100109,Елена Лаптева,,+79800354620,user100109@example.ru,Новосибирск,,2026-06-21,780
c90088,,Анна Лаптева,+7 (995) 860-48-39,user90088@example.ru,Екатеринбург,26.04.2025,,
c103102,Юлия Сорокина,,+79329000661,user103102@example.ru,Красноярск,,2026-03-29,91893
c100012,Павел Сорокин,,+79528003930,user100012@example.ru,Екатеринбург,,2026-07-17,123913
c90786,,Мария Ковальчук,+7 (943) 048-72-85,user90786@example.ru,Екатеринбург,24.05.2026,,
c106071,Роман Тихонов,,+79520859130,user106071@example.ru,Москва,,2026-04-24,23886
c92184,,Роман Шилов,+7 (996) 593-40-56,user92184@example.ru,Екатеринбург,19.05.2024,,
c92396,,Юлия Зуева,+7 (970) 115-87-92,user92396@example.ru,Москва,16.03.2025,,
c103599,,Егор Гордеев,+7 (983) 411-54-31,user103599@example.ru,Новосибирск,06.03.2026,,
c100260,Елена Савельева,,+79324277307,user100260@example.ru,Санкт-Петербург,,2026-08-01,160502
c101995,Полина Осипова,,+79433776800,user101995@example.ru,Екатеринбург,,2026-03-20,92636
c104213,Роман Осипов,,+79581644031,user104213@example.ru,Красноярск,,2026-04-20,161515
c105539,Тимур Савельев,,+79197320360,user105539@example.ru,Казань,,2026-04-18,53206
c105404,Наталья Панина,,+79927301483,user105404@example.ru,Новосибирск,,2026-05-01,76127
c105309,Игорь Савельев,,+79284545366,user105309@example.ru,Екатеринбург,,2026-09-04,9423
c106037,Ольга Тихонова,,+79705074656,user106037@example.ru,Казань,,2026-03-08,103248
c101197,,Артур Белых,+7 (963) 836-25-57,user101197@example.ru,Москва,28.09.2024,,
c104898,,Ольга Гордеева,+7 (968) 088-68-20,user104898@example.ru,Новосибирск,01.12.2025,,
c101737,,Полина Тихонова,+7 (993) 803-72-82,user101737@example.ru,Казань,22.09.2025,,
c92469,,Тимур Тихонов,+7 (988) 701-90-64,user92469@example.ru,Казань,15.12.2025,,
c102321,,Кирилл Лаптев,+7 (949) 925-51-76,user102321@example.ru,Москва,05.12.2025,,
c105926,Максим Осипов,,+79720618496,user105926@example.ru,Красноярск,,2026-07-28,162446
c92150,,Наталья Панина,+7 (999) 811-09-33,user92150@example.ru,Новосибирск,28.03.2024,,
c106053,Мария Лаптева,,+79339522850,user106053@example.ru,Санкт-Петербург,,2026-07-04,132377
c91268,,Анна Ковальчук,+7 (974) 046-55-62,user91268@example.ru,Новосибирск,26.03.2026,,
c101977,Павел Шилов,,+79694101994,user101977@example.ru,Казань,,2026-04-15,153875
c102732,Максим Зуев,,+79948105940,user102732@example.ru,Москва,,2026-05-06,35625
c91670,,Роман Ермаков,+7 (948) 287-04-44,user91670@example.ru,Красноярск,14.01.2025,,
c90692,,Денис Ермаков,+7 (911) 230-30-30,user90692@example.ru,Екатеринбург,08.09.2024,,
c100540,Артур Юдин,,+79550589775,user100540@example.ru,Москва,,2026-04-14,113431
c100286,Игорь Нестеров,,+79226196342,user100286@example.ru,Новосибирск,,2026-03-21,58693
c101942,Павел Мешков,,+79555655748,user101942@example.ru,Санкт-Петербург,,2026-08-27,1476
c92045,,Мария Осипова,+7 (951) 006-17-90,user92045@example.ru,Москва,28.03.2024,,
c105783,Ольга Гордеева,,+79890467294,user105783@example.ru,Екатеринбург,,2026-09-06,151356
c105240,Ольга Ермакова,,+79872503856,user105240@example.ru,Казань,,2026-09-06,78784
c90842,,Кирилл Нестеров,+7 (936) 136-34-00,user90842@example.ru,Новосибирск,13.05.2025,,
c92120,,Юлия Ермакова,+7 (967) 863-64-77,user92120@example.ru,С.-Петербург,25.04.2024,,
c92130,,Юлия Юдина,+7 (914) 937-02-08,user92130@example.ru,Екатеринбург,06.05.2024,,
c100557,Елена Ермакова,,+79872360551,user100557@example.ru,Екатеринбург,,2026-08-26,130326
c106578,Полина Гордеева,,+79165592935,user106578@example.ru,Красноярск,,2026-03-02,177666
c91000,,Юлия Зуева,+7 (932) 643-28-09,user91000@example.ru,Москва,27.10.2024,,
c101921,Алиса Лаптева,,+79804881421,user101921@example.ru,Москва,,2026-02-08,34651
c101145,Кирилл Юдин,,+79500726556,user101145@example.ru,Новосибирск,,2026-08-21,113702
c90269,,Елена Лаптева,+7 (970) 603-99-32,user90269@example.ru,С.-Петербург,08.11.2025,,
c100311,,Кирилл Зуев,+7 (956) 044-56-94,user100311@example.ru,Москва,26.06.2026,,
c91662,,Кирилл Мешков,+7 (992) 162-34-51,user91662@example.ru,Екатеринбург,23.12.2024,,
c91045,,Елена Лаптева,+7 (949) 346-18-30,user91045@example.ru,Москва,14.10.2025,,
c101732,Игорь Панин,,+79377683341,user101732@example.ru,Казань,,2026-04-01,22303
c106724,Максим Гордеев,,+79437748230,user106724@example.ru,Санкт-Петербург,,2026-03-16,131581
c102748,Наталья Мешкова,,+79104196545,user102748@example.ru,Екатеринбург,,2026-02-06,53489
c102827,Вера Лаптева,,+79216439182,user102827@example.ru,Новосибирск,,2026-08-30,157114
c104812,Тимур Лаптев,,+79678421660,user104812@example.ru,Санкт-Петербург,,2026-04-22,145712
c105953,Лидия Нестерова,,+79264424586,user105953@example.ru,Санкт-Петербург,,2026-02-07,52749
c103454,Наталья Нестерова,,+79943832016,user103454@example.ru,Казань,,2026-07-21,170275
c92382,,Кирилл Лаптев,+7 (968) 987-14-55,user92382@example.ru,Казань,28.11.2025,,
c104612,Роман Зуев,,+79720115167,user104612@example.ru,Москва,,2026-04-01,30107
c106191,Тимур Гордеев,,+79721845400,user106191@example.ru,Екатеринбург,,2026-08-29,133871
c91613,,Полина Ковальчук,+7 (987) 201-20-37,user91613@example.ru,Красноярск,27.03.2025,,
c102299,,Тимур Гордеев,+7 (946) 778-55-93,user102299@example.ru,С.-Петербург,29.05.2025,,
c104493,Артур Гордеев,,+79120118263,user104493@example.ru,Новосибирск,,2026-04-10,83181
c101772,Максим Крылов,,+79125596570,user101772@example.ru,Красноярск,,2026-04-03,161938
c100905,Мария Лаптева,,+79846043412,user100905@example.ru,Новосибирск,,2026-01-17,78639
c102071,Ольга Панина,,+79541560368,user102071@example.ru,Санкт-Петербург,,2026-04-11,97551
c103991,Полина Шилова,,+79412388166,user103991@example.ru,Казань,,2026-07-23,83034
c102884,Кирилл Гордеев,,+79123127625,user102884@example.ru,Санкт-Петербург,,2026-01-23,100230
c103535,Денис Шилов,,+79233907493,user103535@example.ru,Казань,,2026-01-21,27573
c105641,Роман Ковальчук,,+79603138286,user105641@example.ru,Казань,,2026-07-30,119563
c90233,,Роман Лаптев,+7 (946) 524-51-74,user90233@example.ru,Москва,03.02.2026,,
c90876,,Глеб Ермаков,+7 (973) 264-30-53,user90876@example.ru,Казань,14.02.2026,,
c104795,,Лидия Савельева,+7 (994) 126-31-88,user104795@example.ru,Казань,13.11.2024,,
c90686,,Алиса Шилова,+7 (948) 238-37-72,user90686@example.ru,Москва,13.03.2024,,
c100683,Тимур Лаптев,,+79914294595,user100683@example.ru,Санкт-Петербург,,2026-02-11,36999
c100153,Полина Белых,,+79870662725,user100153@example.ru,Москва,,2026-04-22,60170
c103468,,Мария Ковальчук,+7 (979) 592-58-95,user103468@example.ru,Казань,09.03.2026,,
c91050,,Максим Гордеев,+7 (928) 754-30-37,user91050@example.ru,Казань,30.01.2025,,
c90954,,Полина Панина,+7 (918) 797-04-87,user90954@example.ru,Казань,27.10.2025,,
c106890,Мария Тихонова,,+79839198397,user106890@example.ru,Екатеринбург,,2026-05-26,63508
c103383,Вера Лаптева,,+79935949187,user103383@example.ru,Новосибирск,,2026-06-25,92590
c100696,,Павел Ковальчук,+7 (991) 768-81-30,user100696@example.ru,Москва,12.12.2024,,
c103757,Вера Савельева,,+79323066637,user103757@example.ru,Новосибирск,,2026-05-08,130431
c102304,Денис Зуев,,+79336929919,user102304@example.ru,Красноярск,,2026-02-04,73452
c106631,Максим Тихонов,,+79343907205,user106631@example.ru,Красноярск,,2026-02-02,126303
c103644,Юлия Мешкова,,+79806689105,user103644@example.ru,Екатеринбург,,2026-09-07,7567
c101216,Максим Лаптев,,+79408757657,user101216@example.ru,Красноярск,,2026-03-12,91507
c104639,Кирилл Лаптев,,+79848537807,user104639@example.ru,Казань,,2026-08-25,179590
c101606,Глеб Гордеев,,+79102516661,user101606@example.ru,Екатеринбург,,2026-07-03,149089
c106144,Кирилл Лаптев,,+79379922223,user106144@example.ru,Санкт-Петербург,,2026-02-28,135214
c90248,,Максим Осипов,+7 (924) 807-94-08,user90248@example.ru,Новосибирск,24.05.2026,,
c90457,,Павел Лаптев,+7 (938) 888-35-51,user90457@example.ru,Екатеринбург,04.04.2024,,
c101327,Мария Белых,,+79679748639,user101327@example.ru,Санкт-Петербург,,2026-09-09,95712
c106599,Артур Мешков,,+79189486986,user106599@example.ru,Санкт-Петербург,,2026-04-24,50801
c90793,,Анна Лаптева,+7 (954) 204-74-28,user90793@example.ru,С.-Петербург,02.03.2026,,
c103115,,Елена Нестерова,+7 (922) 664-84-67,user103115@example.ru,Новосибирск,05.09.2024,,
c102585,Егор Зуев,,+79379730147,user102585@example.ru,Казань,,2026-09-09,28697
c104555,Максим Мешков,,+79617635779,user104555@example.ru,Новосибирск,,2026-01-20,14966
c91985,,Ольга Белых,+7 (934) 810-35-03,user91985@example.ru,Казань,15.09.2025,,
c104390,Лидия Ковальчук,,+79994306144,user104390@example.ru,Красноярск,,2026-05-01,66374
c103996,Егор Ермаков,,+79852365236,user103996@example.ru,Москва,,2026-03-25,133667
c100875,Юлия Крылова,,+79507880759,user100875@example.ru,Москва,,2026-05-30,90195
c92209,,Наталья Зуева,+7 (924) 389-95-21,user92209@example.ru,Новосибирск,13.06.2024,,
c102703,Полина Мешкова,,+79431343579,user102703@example.ru,Новосибирск,,2026-03-28,83267
c106236,Алиса Гордеева,,+79456351862,user106236@example.ru,Екатеринбург,,2026-07-24,138565
c103680,,Игорь Осипов,+7 (927) 202-10-16,user103680@example.ru,Красноярск,07.06.2026,,
c103681,Кирилл Мешков,,+79177724050,user103681@example.ru,Москва,,2026-06-13,150604
c105774,,Лидия Мешкова,+7 (919) 055-11-93,user105774@example.ru,Москва,03.09.2025,,
c100815,Артур Крылов,,+79109831918,user100815@example.ru,Москва,,2026-05-24,84294
c103309,,Артур Сорокин,+7 (917) 576-43-53,user103309@example.ru,Казань,27.06.2026,,
c103796,Кирилл Осипов,,+79136809568,user103796@example.ru,Москва,,2026-01-24,162947
c106055,Игорь Панин,,+79110185473,user106055@example.ru,Новосибирск,,2026-07-04,4343
c104694,Тимур Белых,,+79352163202,user104694@example.ru,Новосибирск,,2026-09-07,70606
c101597,Роман Юдин,,+79872505935,user101597@example.ru,Красноярск,,2026-07-07,128861
c102490,Алиса Тихонова,,+79635659745,user102490@example.ru,Казань,,2026-01-04,102769
c90427,,Артур Лаптев,+7 (944) 067-50-58,user90427@example.ru,Казань,01.03.2026,,
c90500,,Полина Лаптева,+7 (945) 828-39-36,user90500@example.ru,Екатеринбург,04.03.2026,,
c100164,Алиса Белых,,+79721477151,user100164@example.ru,Екатеринбург,,2026-01-15,47016
c105848,Мария Шилова,,+79353742952,user105848@example.ru,Казань,,2026-04-08,144388
c91209,,Павел Нестеров,+7 (963) 863-04-13,user91209@example.ru,Новосибирск,28.06.2025,,
c102320,Кирилл Зуев,,+79129797934,user102320@example.ru,Новосибирск,,2026-03-09,149929
c101829,Глеб Ермаков,,+79310297852,user101829@example.ru,Казань,,2026-05-31,61533
c103904,Кирилл Гордеев,,+79628818044,user103904@example.ru,Москва,,2026-08-16,94068
c104314,,Егор Сорокин,+7 (912) 854-93-47,user104314@example.ru,Красноярск,18.11.2025,,
c91266,,Ольга Осипова,+7 (984) 964-87-95,user91266@example.ru,С.-Петербург,27.07.2024,,
c105907,Анна Сорокина,,+79885163200,user105907@example.ru,Санкт-Петербург,,2026-04-02,77257
c105195,Артур Шилов,,+79708696277,user105195@example.ru,Казань,,2026-02-14,101199
c92251,,Игорь Сорокин,+7 (952) 548-48-25,user92251@example.ru,Красноярск,07.07.2025,,
c91009,,Глеб Осипов,+7 (986) 406-65-61,user91009@example.ru,Москва,12.10.2024,,
c91798,,Полина Крылова,+7 (999) 579-76-11,user91798@example.ru,С.-Петербург,07.06.2024,,
c103248,Анна Ковальчук,,+79181722825,user103248@example.ru,Казань,,2026-02-05,153843
c101816,Артур Зуев,,+79108791060,user101816@example.ru,Санкт-Петербург,,2026-01-17,14278
c100340,Павел Панин,,+79510029295,user100340@example.ru,Красноярск,,2026-05-23,3893
c106896,Артур Юдин,,+79700443939,user106896@example.ru,Казань,,2026-07-14,162166
c91693,,Лидия Крылова,+7 (987) 297-24-48,user91693@example.ru,Казань,11.06.2026,,
c106366,Павел Юдин,,+79419555701,user106366@example.ru,Екатеринбург,,2026-06-13,67900
c103696,Денис Крылов,,+79909294657,user103696@example.ru,Красноярск,,2026-03-04,71506
c103958,Глеб Ковальчук,,+79755116070,user103958@example.ru,Красноярск,,2026-02-19,108183
c104858,Павел Ермаков,,+79239172033,user104858@example.ru,Казань,,2026-05-12,136541
c105152,,Денис Шилов,+7 (922) 126-98-52,user105152@example.ru,Новосибирск,22.01.2026,,
c101010,Анна Гордеева,,+79195773204,user101010@example.ru,Красноярск,,2026-04-01,49898
c100232,Максим Панин,,+79590396845,user100232@example.ru,Москва,,2026-05-03,131618
c90773,,Вера Юдина,+7 (971) 735-48-45,user90773@example.ru,С.-Петербург,03.01.2026,,
c90986,,Денис Зуев,+7 (946) 830-08-39,user90986@example.ru,Екатеринбург,01.01.2026,,
c106207,,Глеб Нестеров,+7 (926) 072-52-17,user106207@example.ru,Екатеринбург,27.04.2026,,
c103865,Глеб Нестеров,,+79893715902,user103865@example.ru,Новосибирск,,2026-01-28,97259
c105456,Максим Тихонов,,+79171298321,user105456@example.ru,Москва,,2026-01-20,95643
c102471,Егор Крылов,,+79578886336,user102471@example.ru,Новосибирск,,2026-05-19,72441
c91862,,Мария Лаптева,+7 (972) 981-14-15,user91862@example.ru,С.-Петербург,05.02.2026,,
c104365,Артур Крылов,,+79128415516,user104365@example.ru,Казань,,2026-02-07,152974
c100784,Анна Осипова,,+79284075514,user100784@example.ru,Казань,,2026-01-15,3286
c106271,Денис Лаптев,,+79762731985,user106271@example.ru,Екатеринбург,,2026-07-08,16769
c103541,Тимур Мешков,,+79571288928,user103541@example.ru,Москва,,2026-08-06,16865
c101289,Лидия Савельева,,+79795067192,user101289@example.ru,Екатеринбург,,2026-08-19,145293
c101919,,Максим Ковальчук,+7 (956) 370-64-64,user101919@example.ru,С.-Петербург,25.11.2025,,
c101794,Анна Нестерова,,+79153631879,user101794@example.ru,Казань,,2026-06-01,52833
c90052,,Алиса Осипова,+7 (918) 030-85-95,user90052@example.ru,Москва,14.08.2024,,
c104627,Алиса Нестерова,,+79741591071,user104627@example.ru,Екатеринбург,,2026-07-31,149768
c105587,Павел Белых,,+79687356300,user105587@example.ru,Новосибирск,,2026-08-30,139084
c92363,,Тимур Юдин,+7 (969) 645-50-97,user92363@example.ru,С.-Петербург,22.11.2024,,
c100394,Артур Зуев,,+79409553192,user100394@example.ru,Красноярск,,2026-07-13,38956
c90335,,Елена Лаптева,+7 (996) 009-42-51,user90335@example.ru,Казань,15.01.2026,,
c104289,Глеб Гордеев,,+79401487118,user104289@example.ru,Москва,,2026-03-19,92438
c103356,Полина Крылова,,+79344381028,user103356@example.ru,Новосибирск,,2026-09-11,121576
c100766,,Ольга Юдина,+7 (989) 508-92-72,user100766@example.ru,Новосибирск,17.04.2026,,
c102445,Роман Тихонов,,+79939371735,user102445@example.ru,Новосибирск,,2026-08-02,112562
c101768,Анна Шилова,,+79403711183,user101768@example.ru,Новосибирск,,2026-02-13,42237
c102670,Мария Мешкова,,+79305533198,user102670@example.ru,Санкт-Петербург,,2026-02-17,5482
c90950,,Глеб Панин,+7 (972) 123-29-59,user90950@example.ru,Москва,07.09.2024,,
c101244,Анна Юдина,,+79137544826,user101244@example.ru,Москва,,2026-07-31,137548
c101571,Юлия Юдина,,+79679065946,user101571@example.ru,Москва,,2026-07-11,148708
c104772,Артур Осипов,,+79122472399,user104772@example.ru,Красноярск,,2026-03-22,38812
c100613,Максим Сорокин,,+79391289072,user100613@example.ru,Красноярск,,2026-02-08,175640
c101653,,Анна Зуева,+7 (972) 466-96-63,user101653@example.ru,Красноярск,20.01.2025,,
c101055,Наталья Ковальчук,,+79269039230,user101055@example.ru,Красноярск,,2026-01-15,61954
c101526,Вера Сорокина,,+79859917950,user101526@example.ru,Казань,,2026-04-17,6373
c105297,Егор Юдин,,+79506449047,user105297@example.ru,Новосибирск,,2026-03-07,51024
c106644,Глеб Гордеев,,+79572722428,user106644@example.ru,Казань,,2026-01-18,17772
c100746,Юлия Панина,,+79678221786,user100746@example.ru,Москва,,2026-01-06,55922
c104637,Денис Крылов,,+79589417175,user104637@example.ru,Казань,,2026-07-06,32580
c100728,Алиса Ермакова,,+79208197744,user100728@example.ru,Красноярск,,2026-03-19,141524
c100544,Алиса Мешкова,,+79817506888,user100544@example.ru,Красноярск,,2026-08-02,41985
c104462,Тимур Юдин,,+79980765945,user104462@example.ru,Казань,,2026-02-05,61595
c90613,,Анна Шилова,+7 (923) 031-67-15,user90613@example.ru,Екатеринбург,23.03.2024,,
c103620,Полина Панина,,+79671518756,user103620@example.ru,Казань,,2026-01-06,5030
c100488,,Елена Крылова,+7 (925) 233-37-72,user100488@example.ru,Екатеринбург,30.04.2025,,
c103346,Игорь Лаптев,,+79163344688,user103346@example.ru,Казань,,2026-06-11,57047
c106681,Павел Белых,,+79940266468,user106681@example.ru,Екатеринбург,,2026-08-18,2988
c100259,Анна Крылова,,+79952536417,user100259@example.ru,Новосибирск,,2026-05-20,156855
c90268,,Тимур Ковальчук,+7 (993) 169-02-11,user90268@example.ru,С.-Петербург,25.08.2024,,
c101991,,Артур Ермаков,+7 (913) 909-01-38,user101991@example.ru,Екатеринбург,20.01.2026,,
c103101,Павел Гордеев,,+79950079349,user103101@example.ru,Новосибирск,,2026-03-13,47883
c92121,,Анна Сорокина,+7 (939) 328-82-12,user92121@example.ru,Красноярск,27.07.2024,,
c102731,Анна Шилова,,+79836843459,user102731@example.ru,Казань,,2026-03-09,75824
c91738,,Денис Гордеев,+7 (999) 848-56-58,user91738@example.ru,Новосибирск,21.10.2024,,
c102411,Лидия Белых,,+79314951731,user102411@example.ru,Санкт-Петербург,,2026-03-20,94482
c100288,,Роман Мешков,+7 (924) 149-69-06,user100288@example.ru,Новосибирск,19.09.2025,,
c102224,Глеб Мешков,,+79362037155,user102224@example.ru,Красноярск,,2026-04-08,62734
c91813,,Кирилл Савельев,+7 (944) 596-89-66,user91813@example.ru,С.-Петербург,04.03.2025,,
c106527,Кирилл Осипов,,+79577868397,user106527@example.ru,Санкт-Петербург,,2026-01-15,48160
c91087,,Елена Нестерова,+7 (973) 986-38-50,user91087@example.ru,С.-Петербург,25.10.2024,,
c105863,Лидия Ковальчук,,+79384776512,user105863@example.ru,Санкт-Петербург,,2026-05-26,81126
c102811,Полина Савельева,,+79360523158,user102811@example.ru,Красноярск,,2026-08-13,111757
c90593,,Вера Осипова,+7 (962) 485-30-04,user90593@example.ru,Екатеринбург,01.04.2026,,
c101734,Юлия Крылова,,+79394148183,user101734@example.ru,Красноярск,,2026-04-16,70530
c102339,Роман Савельев,,+79350741003,user102339@example.ru,Красноярск,,2026-04-11,152181
c90048,,Кирилл Нестеров,+7 (967) 983-63-51,user90048@example.ru,Новосибирск,28.05.2026,,
c104668,Егор Осипов,,+79249744413,user104668@example.ru,Новосибирск,,2026-05-15,119866
c91980,,Роман Гордеев,+7 (973) 894-19-21,user91980@example.ru,Казань,25.10.2024,,
c106666,Денис Савельев,,+79444102994,user106666@example.ru,Красноярск,,2026-07-20,165356
c100625,,Алиса Осипова,+7 (924) 932-06-54,user100625@example.ru,С.-Петербург,09.09.2024,,
c104928,Максим Савельев,,+79457314488,user104928@example.ru,Екатеринбург,,2026-06-16,88602
c91872,,Юлия Лаптева,+7 (958) 603-75-23,user91872@example.ru,Екатеринбург,15.02.2025,,
c90121,,Анна Лаптева,+7 (944) 942-96-86,user90121@example.ru,Екатеринбург,15.09.2025,,
c106474,,Павел Гордеев,+7 (994) 089-07-95,user106474@example.ru,Казань,17.10.2025,,
c90750,,Алиса Ермакова,+7 (945) 400-40-09,user90750@example.ru,Новосибирск,29.12.2025,,
c104102,Глеб Зуев,,+79701413982,user104102@example.ru,Екатеринбург,,2026-04-06,143135
c91149,,Юлия Осипова,+7 (976) 930-59-07,user91149@example.ru,Екатеринбург,26.03.2025,,
c102961,Павел Ермаков,,+79304761163,user102961@example.ru,Санкт-Петербург,,2026-03-04,40008
c103714,Анна Нестерова,,+79985971601,user103714@example.ru,Екатеринбург,,2026-01-10,156581
c103157,,Наталья Панина,+7 (913) 731-46-60,user103157@example.ru,Красноярск,18.08.2024,,
c100486,Роман Зуев,,+79752805520,user100486@example.ru,Санкт-Петербург,,2026-01-22,10432
c106471,Юлия Тихонова,,+79627911309,user106471@example.ru,Екатеринбург,,2026-02-12,69233
c90292,,Кирилл Сорокин,+7 (998) 221-63-35,user90292@example.ru,Новосибирск,18.03.2025,,
c105684,,Егор Тихонов,+7 (965) 089-57-68,user105684@example.ru,Екатеринбург,13.01.2026,,
c106523,Мария Мешкова,,+79898087692,user106523@example.ru,Москва,,2026-04-18,33201
c100897,Анна Крылова,,+79166138205,user100897@example.ru,Екатеринбург,,2026-01-15,173177
c103048,,Денис Сорокин,+7 (931) 991-00-84,user103048@example.ru,Казань,09.09.2024,,
c101497,Кирилл Ермаков,,+79366559079,user101497@example.ru,Екатеринбург,,2026-04-15,10493
c100808,Юлия Гордеева,,+79102164580,user100808@example.ru,Казань,,2026-06-28,64348
c102266,Лидия Мешкова,,+79223900708,user102266@example.ru,Красноярск,,2026-07-22,18307
c106399,,Артур Ковальчук,+7 (945) 416-10-90,user106399@example.ru,Новосибирск,27.01.2024,,
c91490,,Анна Гордеева,+7 (919) 406-52-81,user91490@example.ru,Москва,18.04.2026,,
c90708,,Роман Сорокин,+7 (920) 197-81-37,user90708@example.ru,Новосибирск,12.02.2024,,
c104721,Вера Крылова,,+79380969625,user104721@example.ru,Казань,,2026-04-18,155365
c102621,,Кирилл Зуев,+7 (948) 429-07-03,user102621@example.ru,Москва,13.06.2026,,
c91560,,Тимур Белых,+7 (973) 000-48-35,user91560@example.ru,Красноярск,26.02.2024,,
c91640,,Полина Крылова,+7 (945) 389-30-60,user91640@example.ru,Казань,27.03.2024,,
c101023,Наталья Сорокина,,+79639883082,user101023@example.ru,Новосибирск,,2026-01-17,82815
c100350,Глеб Нестеров,,+79193566973,user100350@example.ru,Красноярск,,2026-08-06,172815
c91951,,Игорь Гордеев,+7 (912) 714-76-13,user91951@example.ru,С.-Петербург,09.10.2024,,
c103974,Анна Ермакова,,+79914369284,user103974@example.ru,Санкт-Петербург,,2026-04-22,16039
c105225,Глеб Юдин,,+79289180351,user105225@example.ru,Новосибирск,,2026-07-07,18920
c103759,Елена Нестерова,,+79741824609,user103759@example.ru,Казань,,2026-03-11,81559
c90844,,Ольга Ковальчук,+7 (935) 812-10-84,user90844@example.ru,С.-Петербург,31.01.2024,,
c103072,Вера Зуева,,+79704708807,user103072@example.ru,Екатеринбург,,2026-01-16,8777
c101610,,Мария Нестерова,+7 (937) 045-91-56,user101610@example.ru,Екатеринбург,09.03.2026,,
c101311,Глеб Осипов,,+79607384053,user101311@example.ru,Екатеринбург,,2026-01-07,168403
c92039,,Наталья Панина,+7 (982) 562-69-92,user92039@example.ru,Казань,19.06.2024,,
c91595,,Игорь Панин,+7 (912) 862-35-79,user91595@example.ru,Москва,04.09.2025,,
c90068,,Тимур Юдин,+7 (963) 734-14-45,user90068@example.ru,Екатеринбург,24.01.2025,,
c105553,Глеб Мешков,,+79541694963,user105553@example.ru,Казань,,2026-08-26,129252
c103962,Роман Сорокин,,+79284724607,user103962@example.ru,Санкт-Петербург,,2026-08-17,96180
c100744,Вера Нестерова,,+79993365365,user100744@example.ru,Екатеринбург,,2026-07-10,51350
c106538,Алиса Крылова,,+79105818667,user106538@example.ru,Новосибирск,,2026-06-28,160001
c106867,Мария Тихонова,,+79100087224,user106867@example.ru,Москва,,2026-01-18,173170
c91135,,Наталья Сорокина,+7 (927) 865-91-55,user91135@example.ru,Москва,14.11.2025,,
c103596,Павел Гордеев,,+79400997994,user103596@example.ru,Екатеринбург,,2026-07-17,122521
c103154,Роман Лаптев,,+79412834994,user103154@example.ru,Москва,,2026-09-08,100123
c102042,Роман Белых,,+79878825603,user102042@example.ru,Красноярск,,2026-02-13,135878
c104263,Артур Белых,,+79185252275,user104263@example.ru,Москва,,2026-05-19,16922
c106670,Наталья Ковальчук,,+79965824880,user106670@example.ru,Санкт-Петербург,,2026-01-15,15554
c106559,Юлия Ковальчук,,+79630709302,user106559@example.ru,Красноярск,,2026-09-02,8291
c106009,Артур Белых,,+79220626993,user106009@example.ru,Санкт-Петербург,,2026-04-26,5251
c104071,Кирилл Шилов,,+79358194383,user104071@example.ru,Казань,,2026-07-31,121068
c101429,Мария Ермакова,,+79737873990,user101429@example.ru,Екатеринбург,,2026-07-09,136204
c100637,Наталья Зуева,,+79668442108,user100637@example.ru,Екатеринбург,,2026-05-27,3990
c105166,Вера Крылова,,+79807815853,user105166@example.ru,Красноярск,,2026-03-05,93417
c101143,,Лидия Панина,+7 (910) 669-41-11,user101143@example.ru,Казань,30.12.2024,,
c90884,,Егор Мешков,+7 (985) 973-27-27,user90884@example.ru,Красноярск,30.08.2025,,
c101620,Анна Белых,,+79811102619,user101620@example.ru,Москва,,2026-09-03,51515
c103078,Игорь Зуев,,+79924144875,user103078@example.ru,Москва,,2026-06-24,58799
c105628,Анна Лаптева,,+79697688766,user105628@example.ru,Екатеринбург,,2026-08-07,142221
c91587,,Наталья Белых,+7 (910) 703-70-36,user91587@example.ru,Красноярск,05.08.2025,,
c90582,,Денис Крылов,+7 (940) 671-24-80,user90582@example.ru,Красноярск,07.01.2025,,
c91297,,Анна Тихонова,+7 (940) 076-39-88,user91297@example.ru,Новосибирск,26.10.2024,,
c106738,Глеб Панин,,+79487982565,user106738@example.ru,Екатеринбург,,2026-02-21,172153
c101014,Вера Белых,,+79844435199,user101014@example.ru,Красноярск,,2026-07-20,6531
c100427,Павел Юдин,,+79949636196,user100427@example.ru,Новосибирск,,2026-03-25,85662
c92210,,Глеб Зуев,+7 (929) 491-83-81,user92210@example.ru,Москва,18.01.2025,,
c104874,Ольга Шилова,,+79831138247,user104874@example.ru,Санкт-Петербург,,2026-05-27,125711
c90902,,Лидия Лаптева,+7 (918) 740-42-48,user90902@example.ru,Екатеринбург,15.04.2024,,
c91286,,Денис Панин,+7 (929) 916-49-74,user91286@example.ru,Новосибирск,19.05.2024,,
c100688,Алиса Зуева,,+79296263536,user100688@example.ru,Красноярск,,2026-01-25,79338
c106234,Вера Сорокина,,+79812564749,user106234@example.ru,Санкт-Петербург,,2026-02-06,32649
c106243,,Егор Ермаков,+7 (958) 471-81-18,user106243@example.ru,Красноярск,27.07.2024,,
c102078,Алиса Савельева,,+79689942939,user102078@example.ru,Москва,,2026-05-22,148990
c92211,,Егор Савельев,+7 (919) 883-22-91,user92211@example.ru,Москва,20.06.2024,,
c92273,,Роман Осипов,+7 (945) 772-73-07,user92273@example.ru,Москва,02.05.2025,,
c104592,Анна Крылова,,+79890045577,user104592@example.ru,Екатеринбург,,2026-04-03,90045
c106812,Глеб Нестеров,,+79413328917,user106812@example.ru,Красноярск,,2026-02-09,31432
c106258,Артур Тихонов,,+79772875451,user106258@example.ru,Санкт-Петербург,,2026-01-04,51093
c101341,Игорь Гордеев,,+79358246827,user101341@example.ru,Санкт-Петербург,,2026-01-05,63965
c101163,Игорь Шилов,,+79484696051,user101163@example.ru,Красноярск,,2026-08-26,169048
c102156,Ольга Савельева,,+79704864097,user102156@example.ru,Екатеринбург,,2026-07-16,24935
c104255,Егор Мешков,,+79213771102,user104255@example.ru,Москва,,2026-06-12,33904
c104384,Максим Савельев,,+79964991530,user104384@example.ru,Казань,,2026-03-22,59153
c103188,Роман Гордеев,,+79838273986,user103188@example.ru,Санкт-Петербург,,2026-01-17,1363
c102871,Наталья Сорокина,,+79366862826,user102871@example.ru,Казань,,2026-04-27,111932
c100480,Анна Тихонова,,+79814448284,user100480@example.ru,Екатеринбург,,2026-07-24,27815
c103017,Глеб Гордеев,,+79946683192,user103017@example.ru,Новосибирск,,2026-06-02,130065
c100145,Павел Тихонов,,+79639105912,user100145@example.ru,Красноярск,,2026-07-27,135551
c101211,Наталья Панина,,+79171787084,user101211@example.ru,Казань,,2026-07-23,94634
c103171,Лидия Савельева,,+79338474490,user103171@example.ru,Санкт-Петербург,,2026-06-10,142599
c90963,,Алиса Осипова,+7 (998) 678-86-87,user90963@example.ru,Новосибирск,07.10.2025,,
c100129,Ольга Савельева,,+79888350961,user100129@example.ru,Красноярск,,2026-08-05,6094
c106474,Алиса Панина,,+79690906117,user106474@example.ru,Казань,,2026-08-01,153449
c104845,Полина Шилова,,+79317825781,user104845@example.ru,Москва,,2026-07-05,24960
c103827,Анна Ковальчук,,+79733503760,user103827@example.ru,Екатеринбург,,2026-01-17,23190
c92040,,Юлия Шилова,+7 (935) 184-77-11,user92040@example.ru,Красноярск,04.12.2024,,
c101366,Денис Зуев,,+79320406259,user101366@example.ru,Екатеринбург,,2026-08-19,166413
c104425,Артур Сорокин,,+79701194732,user104425@example.ru,Казань,,2026-03-01,112220
c92013,,Максим Белых,+7 (990) 492-93-62,user92013@example.ru,Новосибирск,14.11.2024,,
c91681,,Кирилл Белых,+7 (911) 024-22-58,user91681@example.ru,Москва,19.04.2025,,
c100636,Анна Тихонова,,+79710381211,user100636@example.ru,Москва,,2026-05-02,125565
c91508,,Наталья Ковальчук,+7 (937) 441-19-95,user91508@example.ru,С.-Петербург,18.10.2025,,
c100329,Денис Гордеев,,+79318196888,user100329@example.ru,Санкт-Петербург,,2026-06-18,109592
c100349,Мария Нестерова,,+79530592684,user100349@example.ru,Красноярск,,2026-03-01,168954
c100517,,Артур Нестеров,+7 (987) 872-14-53,user100517@example.ru,Красноярск,06.04.2024,,
c102970,Павел Савельев,,+79828763943,user102970@example.ru,Новосибирск,,2026-05-23,120000
c91447,,Артур Савельев,+7 (938) 321-94-81,user91447@example.ru,С.-Петербург,10.05.2026,,
c102943,Елена Шилова,,+79493285564,user102943@example.ru,Красноярск,,2026-02-14,124500
c105877,Наталья Юдина,,+79330774941,user105877@example.ru,Москва,,2026-06-21,147598
c102006,Вера Юдина,,+79437262417,user102006@example.ru,Новосибирск,,2026-06-27,117372
c90810,,Мария Сорокина,+7 (994) 177-50-61,user90810@example.ru,Москва,24.09.2025,,
c101221,Павел Ковальчук,,+79535044300,user101221@example.ru,Казань,,2026-08-20,83990
c102690,Наталья Ермакова,,+79848100367,user102690@example.ru,Красноярск,,2026-05-18,166931
c90765,,Лидия Гордеева,+7 (912) 336-22-75,user90765@example.ru,Москва,17.01.2024,,
c105304,Лидия Гордеева,,+79929476739,user105304@example.ru,Санкт-Петербург,,2026-03-02,105410
c106480,Глеб Савельев,,+79401399170,user106480@example.ru,Новосибирск,,2026-06-16,173013
c91811,,Вера Осипова,+7 (965) 831-27-47,user91811@example.ru,Красноярск,05.05.2024,,
c100685,,Кирилл Лаптев,+7 (917) 666-80-95,user100685@example.ru,Москва,07.04.2025,,
c103896,Елена Зуева,,+79520773048,user103896@example.ru,Казань,,2026-02-27,99466
c101713,Елена Белых,,+79452728298,user101713@example.ru,Красноярск,,2026-01-17,84445
c104109,Игорь Белых,,+79926137822,user104109@example.ru,Екатеринбург,,2026-05-29,170243
c106719,Наталья Юдина,,+79562839057,user106719@example.ru,Санкт-Петербург,,2026-06-29,63636
c101056,Полина Лаптева,,+79241576803,user101056@example.ru,Казань,,2026-03-30,149741
c100914,Вера Гордеева,,+79909096871,user100914@example.ru,Казань,,2026-07-27,144945
c102306,Лидия Юдина,,+79920392371,user102306@example.ru,Москва,,2026-03-19,139491
c90130,,Денис Белых,+7 (972) 909-66-38,user90130@example.ru,Новосибирск,10.06.2025,,
c102455,,Мария Осипова,+7 (948) 604-26-40,user102455@example.ru,Новосибирск,17.03.2024,,
c101967,Максим Лаптев,,+79736377430,user101967@example.ru,Екатеринбург,,2026-04-08,163632
c91448,,Алиса Крылова,+7 (979) 847-55-10,user91448@example.ru,Екатеринбург,04.02.2024,,
c90283,,Роман Осипов,+7 (937) 395-66-08,user90283@example.ru,С.-Петербург,18.10.2024,,
c102800,Егор Мешков,,+79263794260,user102800@example.ru,Красноярск,,2026-05-23,67582
c91573,,Павел Крылов,+7 (976) 320-79-53,user91573@example.ru,Екатеринбург,10.03.2026,,
c103835,Анна Белых,,+79601907393,user103835@example.ru,Новосибирск,,2026-08-08,6735
c100159,Роман Сорокин,,+79282995643,user100159@example.ru,Санкт-Петербург,,2026-07-14,84961
c104732,Тимур Нестеров,,+79692777190,user104732@example.ru,Екатеринбург,,2026-07-09,87197
c105658,Денис Савельев,,+79156971614,user105658@example.ru,Новосибирск,,2026-04-21,117092
c105110,Лидия Ковальчук,,+79630274430,user105110@example.ru,Красноярск,,2026-09-10,51949
c106370,Игорь Савельев,,+79680201143,user106370@example.ru,Санкт-Петербург,,2026-03-31,153802
c91321,,Кирилл Белых,+7 (985) 548-86-21,user91321@example.ru,Екатеринбург,02.02.2026,,
c90075,,Глеб Крылов,+7 (990) 365-58-93,user90075@example.ru,Казань,06.02.2025,,
c101426,Вера Тихонова,,+79835093396,user101426@example.ru,Санкт-Петербург,,2026-05-11,128454
c105980,Мария Сорокина,,+79937708149,user105980@example.ru,Екатеринбург,,2026-03-26,100292
c90847,,Наталья Сорокина,+7 (985) 602-90-82,user90847@example.ru,Красноярск,19.05.2025,,
c105114,Глеб Лаптев,,+79807182665,user105114@example.ru,Екатеринбург,,2026-02-22,120785
c104164,Алиса Савельева,,+79877281024,user104164@example.ru,Красноярск,,2026-09-11,41538
c105206,,Мария Ермакова,+7 (985) 543-85-39,user105206@example.ru,С.-Петербург,22.06.2026,,
c106034,Роман Мешков,,+79165020502,user106034@example.ru,Екатеринбург,,2026-07-08,75840
c106640,Лидия Шилова,,+79634516422,user106640@example.ru,Казань,,2026-03-26,5801
c92476,,Ольга Нестерова,+7 (930) 537-89-46,user92476@example.ru,Екатеринбург,21.03.2026,,
c100373,Мария Лаптева,,+79601044052,user100373@example.ru,Казань,,2026-09-09,51841
c102492,Игорь Сорокин,,+79688360835,user102492@example.ru,Санкт-Петербург,,2026-03-29,122843
c104579,Максим Юдин,,+79347728815,user104579@example.ru,Екатеринбург,,2026-04-20,134697
c101378,Алиса Лаптева,,+79490793894,user101378@example.ru,Санкт-Петербург,,2026-05-07,95695
c102196,Глеб Шилов,,+79548546468,user102196@example.ru,Новосибирск,,2026-08-08,3050
c100933,Роман Мешков,,+79989882780,user100933@example.ru,Санкт-Петербург,,2026-05-11,121571
c103139,Елена Гордеева,,+79788651137,user103139@example.ru,Красноярск,,2026-08-14,173985
c104191,Лидия Гордеева,,+79606797294,user104191@example.ru,Москва,,2026-07-20,22408
c91396,,Денис Зуев,+7 (972) 629-03-61,user91396@example.ru,Новосибирск,20.08.2024,,
c105023,Глеб Нестеров,,+79984445577,user105023@example.ru,Казань,,2026-01-07,92043
c104421,Егор Белых,,+79717265361,user104421@example.ru,Красноярск,,2026-06-27,167223
c106610,Вера Ковальчук,,+79595579710,user106610@example.ru,Москва,,2026-09-02,39349
c104025,Анна Нестерова,,+79937989789,user104025@example.ru,Казань,,2026-04-27,26787
c102189,Мария Белых,,+79459247340,user102189@example.ru,Екатеринбург,,2026-09-11,3221
c106176,Елена Сорокина,,+79170036490,user106176@example.ru,Новосибирск,,2026-01-18,107976
c102150,Лидия Юдина,,+79947131407,user102150@example.ru,Новосибирск,,2026-02-09,133356
c104059,Вера Ковальчук,,+79682085561,user104059@example.ru,Екатеринбург,,2026-04-25,43520
c92232,,Юлия Панина,+7 (933) 085-89-01,user92232@example.ru,Москва,22.07.2025,,
c106561,Наталья Юдина,,+79149484265,user106561@example.ru,Казань,,2026-03-05,75350
c104804,Павел Гордеев,,+79580739250,user104804@example.ru,Екатеринбург,,2026-02-05,115654
c101337,Алиса Панина,,+79878455648,user101337@example.ru,Новосибирск,,2026-02-03,78332
c106444,Тимур Сорокин,,+79449198784,user106444@example.ru,Новосибирск,,2026-08-23,153104
c102652,Юлия Зуева,,+79218073958,user102652@example.ru,Санкт-Петербург,,2026-07-28,68257
c91185,,Алиса Осипова,+7 (926) 061-49-53,user91185@example.ru,Москва,27.08.2024,,
c103230,Мария Гордеева,,+79927137232,user103230@example.ru,Новосибирск,,2026-07-30,51253
c101970,Анна Шилова,,+79231736595,user101970@example.ru,Москва,,2026-09-11,105475
c105946,Анна Ковальчук,,+79489924058,user105946@example.ru,Казань,,2026-01-21,133303
c103280,Вера Крылова,,+79816112935,user103280@example.ru,Красноярск,,2026-03-02,81027
c90307,,Кирилл Гордеев,+7 (930) 843-91-01,user90307@example.ru,Екатеринбург,03.03.2026,,
c106075,Денис Зуев,,+79151557219,user106075@example.ru,Новосибирск,,2026-07-31,75813
c105365,,Полина Панина,+7 (933) 256-90-80,user105365@example.ru,Екатеринбург,04.06.2025,,
c103740,Артур Белых,,+79132231125,user103740@example.ru,Москва,,2026-01-11,109704
c101682,Кирилл Тихонов,,+79328917397,user101682@example.ru,Москва,,2026-07-24,30664
c104463,Павел Гордеев,,+79328466657,user104463@example.ru,Санкт-Петербург,,2026-04-10,177936
c102762,,Анна Панина,+7 (926) 115-22-94,user102762@example.ru,С.-Петербург,19.10.2024,,
c103698,Роман Белых,,+79427325638,user103698@example.ru,Новосибирск,,2026-09-02,81740
c101198,Денис Гордеев,,+79457387145,user101198@example.ru,Москва,,2026-01-18,136121
c101938,Вера Зуева,,+79788197936,user101938@example.ru,Екатеринбург,,2026-02-21,100317
c101116,Полина Мешкова,,+79138998355,user101116@example.ru,Казань,,2026-06-23,137938
c90592,,Лидия Сорокина,+7 (971) 831-09-73,user90592@example.ru,Казань,01.03.2025,,
c104156,Полина Белых,,+79769528748,user104156@example.ru,Санкт-Петербург,,2026-06-22,122947
c106514,Наталья Зуева,,+79681683926,user106514@example.ru,Москва,,2026-05-12,148758
c100909,Павел Тихонов,,+79633656363,user100909@example.ru,Санкт-Петербург,,2026-01-30,68297
c90930,,Денис Сорокин,+7 (925) 017-57-16,user90930@example.ru,С.-Петербург,13.10.2024,,
c105628,,Кирилл Зуев,+7 (946) 180-70-00,user105628@example.ru,Красноярск,19.11.2025,,
c102638,Денис Панин,,+79273186379,user102638@example.ru,Санкт-Петербург,,2026-03-30,157007
c91433,,Алиса Осипова,+7 (950) 266-32-48,user91433@example.ru,Екатеринбург,26.06.2026,,
c103598,Юлия Шилова,,+79294163948,user103598@example.ru,Москва,,2026-03-27,40142
c104675,Роман Белых,,+79700532969,user104675@example.ru,Красноярск,,2026-06-01,75874
c100115,Роман Гордеев,,+79574236142,user100115@example.ru,Санкт-Петербург,,2026-09-08,78293
c105052,Глеб Панин,,+79305760552,user105052@example.ru,Казань,,2026-03-19,54658
c103739,Артур Крылов,,+79208681519,user103739@example.ru,Казань,,2026-05-10,145536
c104111,Лидия Сорокина,,+79563596570,user104111@example.ru,Казань,,2026-03-03,42455
c90180,,Тимур Тихонов,+7 (949) 532-74-65,user90180@example.ru,Москва,14.01.2026,,
c92070,,Ольга Зуева,+7 (958) 451-88-21,user92070@example.ru,Екатеринбург,19.04.2026,,
c105666,Лидия Сорокина,,+79227715664,user105666@example.ru,Красноярск,,2026-04-13,99369
c105080,,Кирилл Мешков,+7 (953) 223-09-47,user105080@example.ru,Казань,12.05.2024,,
c91631,,Артур Панин,+7 (945) 146-77-87,user91631@example.ru,Екатеринбург,02.09.2024,,
c100631,,Юлия Панина,+7 (966) 037-01-88,user100631@example.ru,С.-Петербург,27.02.2026,,
c105925,Максим Крылов,,+79921468955,user105925@example.ru,Санкт-Петербург,,2026-07-10,175069
c91092,,Елена Ермакова,+7 (958) 304-02-08,user91092@example.ru,Новосибирск,01.02.2026,,
c103135,Ольга Крылова,,+79406536166,user103135@example.ru,Казань,,2026-06-23,145750
c92062,,Тимур Тихонов,+7 (927) 354-35-31,user92062@example.ru,Красноярск,14.03.2025,,
c90251,,Елена Савельева,+7 (915) 600-86-07,user90251@example.ru,Казань,03.08.2025,,
c104593,Денис Шилов,,+79292576636,user104593@example.ru,Екатеринбург,,2026-02-19,70041
c105593,,Вера Белых,+7 (969) 686-42-90,user105593@example.ru,Казань,06.02.2026,,
c103719,Павел Юдин,,+79814073292,user103719@example.ru,Москва,,2026-06-19,94803
c101314,Лидия Сорокина,,+79275271829,user101314@example.ru,Санкт-Петербург,,2026-07-05,97852
c103905,Роман Мешков,,+79111441726,user103905@example.ru,Екатеринбург,,2026-04-17,71910
c92272,,Артур Шилов,+7 (925) 851-24-75,user92272@example.ru,Новосибирск,06.04.2025,,
c105898,Павел Нестеров,,+79149342586,user105898@example.ru,Екатеринбург,,2026-04-08,120822
c103403,,Полина Крылова,+7 (997) 755-77-64,user103403@example.ru,Новосибирск,11.12.2025,,
c105124,Максим Сорокин,,+79470938381,user105124@example.ru,Москва,,2026-04-26,158984
c102178,Алиса Нестерова,,+79496614343,user102178@example.ru,Казань,,2026-01-06,68174
c90684,,Кирилл Сорокин,+7 (986) 066-54-08,user90684@example.ru,Красноярск,25.08.2025,,
c102873,Мария Ермакова,,+79282671671,user102873@example.ru,Красноярск,,2026-08-18,88534
c102360,Тимур Крылов,,+79227735457,user102360@example.ru,Санкт-Петербург,,2026-04-13,96159
c90627,,Игорь Гордеев,+7 (939) 325-81-02,user90627@example.ru,Красноярск,24.05.2026,,
c101133,Павел Гордеев,,+79285962536,user101133@example.ru,Москва,,2026-01-30,90911
c91180,,Ольга Белых,+7 (942) 810-47-86,user91180@example.ru,Красноярск,16.06.2024,,
c105903,,Павел Савельев,+7 (916) 401-15-84,user105903@example.ru,Казань,08.05.2026,,
c105209,Ольга Ермакова,,+79412045144,user105209@example.ru,Красноярск,,2026-08-30,70425
c103490,Елена Сорокина,,+79159453371,user103490@example.ru,Казань,,2026-02-11,176290
c100226,Лидия Осипова,,+79992426616,user100226@example.ru,Москва,,2026-05-07,7934
c103394,Ольга Крылова,,+79100340644,user103394@example.ru,Новосибирск,,2026-05-04,173711
c100285,Лидия Ермакова,,+79332124305,user100285@example.ru,Екатеринбург,,2026-04-18,34679
c105155,Глеб Мешков,,+79434148901,user105155@example.ru,Новосибирск,,2026-02-28,158452
c105404,,Денис Мешков,+7 (991) 209-20-74,user105404@example.ru,С.-Петербург,11.01.2026,,
c91931,,Мария Юдина,+7 (971) 078-85-89,user91931@example.ru,Красноярск,19.08.2024,,
c106470,Мария Мешкова,,+79467372272,user106470@example.ru,Санкт-Петербург,,2026-05-28,22472
c102366,,Денис Юдин,+7 (925) 246-30-86,user102366@example.ru,Красноярск,14.10.2025,,
c91462,,Елена Зуева,+7 (943) 436-93-57,user91462@example.ru,Казань,23.01.2025,,
c102319,Мария Ковальчук,,+79525090678,user102319@example.ru,Новосибирск,,2026-02-18,2346
c100451,Юлия Юдина,,+79332525213,user100451@example.ru,Новосибирск,,2026-01-18,110353
c102929,Роман Осипов,,+79448026155,user102929@example.ru,Москва,,2026-07-10,175811
c103440,Егор Юдин,,+79858978867,user103440@example.ru,Санкт-Петербург,,2026-06-30,137230
c105011,Алиса Лаптева,,+79604562590,user105011@example.ru,Казань,,2026-07-11,34559
c100030,Лидия Савельева,,+79619433923,user100030@example.ru,Москва,,2026-06-25,40738
c105427,Вера Гордеева,,+79314201897,user105427@example.ru,Екатеринбург,,2026-07-29,147396
c90545,,Вера Юдина,+7 (991) 023-12-03,user90545@example.ru,Екатеринбург,15.02.2024,,
c103589,Ольга Нестерова,,+79723660773,user103589@example.ru,Москва,,2026-01-09,48239
c104927,Роман Мешков,,+79565522367,user104927@example.ru,Казань,,2026-07-04,63181
c92058,,Ольга Гордеева,+7 (912) 086-36-25,user92058@example.ru,Москва,17.03.2025,,
c105462,Глеб Ковальчук,,+79394070288,user105462@example.ru,Красноярск,,2026-05-13,55146
c90221,,Денис Нестеров,+7 (984) 872-92-14,user90221@example.ru,Красноярск,17.04.2025,,
c106066,Глеб Гордеев,,+79517902555,user106066@example.ru,Красноярск,,2026-07-28,167714
c104680,Наталья Крылова,,+79739247956,user104680@example.ru,Санкт-Петербург,,2026-07-21,19324
c100197,Наталья Тихонова,,+79954363214,user100197@example.ru,Казань,,2026-08-14,6690
c104575,,Наталья Тихонова,+7 (912) 148-18-05,user104575@example.ru,Екатеринбург,03.05.2024,,
c104878,Егор Лаптев,,+79963817201,user104878@example.ru,Санкт-Петербург,,2026-07-10,127171
c103446,,Денис Сорокин,+7 (966) 167-39-39,user103446@example.ru,Казань,18.03.2024,,
c104085,Денис Ковальчук,,+79479774799,user104085@example.ru,Новосибирск,,2026-06-25,102986
c101006,Мария Гордеева,,+79331996478,user101006@example.ru,Новосибирск,,2026-05-14,51235
c104815,Полина Савельева,,+79209800880,user104815@example.ru,Москва,,2026-08-05,86449
c105827,Ольга Белых,,+79927587001,user105827@example.ru,Казань,,2026-05-04,140028
c102493,Наталья Ковальчук,,+79496684079,user102493@example.ru,Санкт-Петербург,,2026-02-22,49263
c105708,,Елена Панина,+7 (995) 857-18-05,user105708@example.ru,С.-Петербург,01.05.2025,,
c102004,Кирилл Гордеев,,+79149866931,user102004@example.ru,Екатеринбург,,2026-01-27,83864
c103570,Глеб Зуев,,+79526367623,user103570@example.ru,Красноярск,,2026-04-20,34372
c100388,Глеб Гордеев,,+79946995112,user100388@example.ru,Казань,,2026-01-23,132772
c100736,Елена Тихонова,,+79883870681,user100736@example.ru,Санкт-Петербург,,2026-05-24,16627
c103035,,Павел Нестеров,+7 (934) 719-77-63,user103035@example.ru,Новосибирск,24.12.2025,,
c106336,Вера Зуева,,+79504306626,user106336@example.ru,Москва,,2026-06-15,136504
c106836,Глеб Зуев,,+79224527463,user106836@example.ru,Санкт-Петербург,,2026-05-09,106919
c92368,,Игорь Гордеев,+7 (937) 326-83-23,user92368@example.ru,Москва,04.01.2026,,
c105728,Павел Лаптев,,+79954385311,user105728@example.ru,Казань,,2026-07-29,165755
c106411,Игорь Сорокин,,+79675172628,user106411@example.ru,Санкт-Петербург,,2026-02-02,143826
c103752,Ольга Лаптева,,+79176637255,user103752@example.ru,Санкт-Петербург,,2026-07-10,145450
c102347,Елена Нестерова,,+79211149358,user102347@example.ru,Екатеринбург,,2026-01-25,22570
c92331,,Полина Сорокина,+7 (969) 722-30-27,user92331@example.ru,Казань,12.04.2024,,
c103158,Ольга Осипова,,+79326521532,user103158@example.ru,Казань,,2026-02-04,8602
c101007,Анна Лаптева,,+79850320522,user101007@example.ru,Красноярск,,2026-07-28,130270
c100890,Алиса Ковальчук,,+79421342340,user100890@example.ru,Красноярск,,2026-04-07,85691
c103869,Егор Савельев,,+79627749231,user103869@example.ru,Москва,,2026-01-30,146334
c101828,Наталья Нестерова,,+79135243429,user101828@example.ru,Санкт-Петербург,,2026-01-18,128033
c90964,,Елена Лаптева,+7 (971) 727-33-92,user90964@example.ru,Казань,01.12.2024,,
c90416,,Кирилл Панин,+7 (957) 857-29-26,user90416@example.ru,Казань,05.10.2025,,
c103097,Анна Юдина,,+79651511361,user103097@example.ru,Москва,,2026-04-18,54282
c103281,Тимур Савельев,,+79615085963,user103281@example.ru,Екатеринбург,,2026-04-07,70047
c100554,Роман Осипов,,+79676698802,user100554@example.ru,Санкт-Петербург,,2026-05-28,25379
c103942,Егор Мешков,,+79264054177,user103942@example.ru,Санкт-Петербург,,2026-02-23,149149
c91494,,Ольга Юдина,+7 (975) 715-19-96,user91494@example.ru,Екатеринбург,01.03.2025,,
c105910,Мария Панина,,+79856607155,user105910@example.ru,Казань,,2026-02-27,156643
c103011,Лидия Панина,,+79599193586,user103011@example.ru,Москва,,2026-05-07,90688
c105554,Ольга Панина,,+79282779525,user105554@example.ru,Красноярск,,2026-04-22,176572
c103892,Вера Нестерова,,+79291130736,user103892@example.ru,Новосибирск,,2026-03-05,30346
c102977,Вера Панина,,+79105963929,user102977@example.ru,Красноярск,,2026-06-08,163755
c105029,Юлия Ковальчук,,+79715576856,user105029@example.ru,Санкт-Петербург,,2026-03-24,157760
c91527,,Тимур Белых,+7 (965) 032-14-48,user91527@example.ru,Казань,02.10.2025,,
c105397,Мария Белых,,+79339033699,user105397@example.ru,Екатеринбург,,2026-01-22,80724
c103048,Павел Тихонов,,+79480153481,user103048@example.ru,Екатеринбург,,2026-01-12,19627
c102030,Глеб Нестеров,,+79959817636,user102030@example.ru,Санкт-Петербург,,2026-05-29,114437
c104275,Анна Ковальчук,,+79932006875,user104275@example.ru,Санкт-Петербург,,2026-06-13,112579
c100358,Мария Гордеева,,+79819475934,user100358@example.ru,Новосибирск,,2026-06-09,39915
c92197,,Юлия Белых,+7 (955) 637-77-30,user92197@example.ru,Новосибирск,06.12.2025,,
c105722,Егор Мешков,,+79114731528,user105722@example.ru,Москва,,2026-06-26,151240
c104201,Игорь Зуев,,+79464225086,user104201@example.ru,Красноярск,,2026-01-13,99334
c106401,Егор Панин,,+79611821394,user106401@example.ru,Москва,,2026-04-23,95464
c106688,Юлия Зуева,,+79508546905,user106688@example.ru,Москва,,2026-08-09,117058
c90984,,Вера Лаптева,+7 (998) 114-33-32,user90984@example.ru,С.-Петербург,11.04.2025,,
c103760,Кирилл Крылов,,+79600111119,user103760@example.ru,Красноярск,,2026-08-09,91862
c101944,Полина Зуева,,+79647266492,user101944@example.ru,Красноярск,,2026-07-02,150610
c103180,Павел Панин,,+79609131708,user103180@example.ru,Екатеринбург,,2026-02-05,128877
c102763,Полина Панина,,+79195499760,user102763@example.ru,Красноярск,,2026-06-05,88172
c102409,Глеб Крылов,,+79344435525,user102409@example.ru,Красноярск,,2026-08-03,25078
c91393,,Ольга Савельева,+7 (988) 374-46-62,user91393@example.ru,Казань,19.05.2024,,
c91821,,Глеб Панин,+7 (991) 327-42-70,user91821@example.ru,Красноярск,23.10.2025,,
c106196,Игорь Мешков,,+79186679154,user106196@example.ru,Екатеринбург,,2026-06-10,25066
c91434,,Глеб Зуев,+7 (944) 037-85-22,user91434@example.ru,Екатеринбург,15.04.2025,,
c105184,Роман Зуев,,+79387417747,user105184@example.ru,Екатеринбург,,2026-06-27,149691
c102824,,Полина Крылова,+7 (910) 473-39-67,user102824@example.ru,Красноярск,06.03.2025,,
c103769,Ольга Лаптева,,+79747834079,user103769@example.ru,Казань,,2026-06-09,93932
c91782,,Артур Ковальчук,+7 (923) 755-43-41,user91782@example.ru,Красноярск,17.08.2024,,
c102602,Мария Зуева,,+79671082549,user102602@example.ru,Казань,,2026-02-23,45645
c102611,Игорь Юдин,,+79508125592,user102611@example.ru,Санкт-Петербург,,2026-04-21,1642
c101547,Игорь Савельев,,+79158036502,user101547@example.ru,Казань,,2026-08-21,156053
c90892,,Юлия Белых,+7 (937) 794-85-35,user90892@example.ru,Красноярск,30.04.2026,,
c105642,Ольга Савельева,,+79976804773,user105642@example.ru,Санкт-Петербург,,2026-06-02,124461
c104247,Максим Ковальчук,,+79120558546,user104247@example.ru,Казань,,2026-05-24,33893
c90163,,Артур Шилов,+7 (932) 130-41-71,user90163@example.ru,Казань,19.01.2025,,
c100120,Павел Ковальчук,,+79714392337,user100120@example.ru,Екатеринбург,,2026-05-27,105694
c101726,Денис Савельев,,+79632178697,user101726@example.ru,Екатеринбург,,2026-03-02,73894
c91642,,Роман Ермаков,+7 (951) 320-13-00,user91642@example.ru,С.-Петербург,12.10.2024,,
c104412,Павел Ермаков,,+79343207367,user104412@example.ru,Новосибирск,,2026-05-11,72660
c101835,,Денис Лаптев,+7 (914) 884-26-70,user101835@example.ru,Екатеринбург,25.06.2024,,
c101535,Анна Ермакова,,+79172767466,user101535@example.ru,Красноярск,,2026-07-17,124108
c100106,Тимур Гордеев,,+79323926374,user100106@example.ru,Красноярск,,2026-08-31,9188
c106630,Мария Нестерова,,+79689268761,user106630@example.ru,Казань,,2026-06-26,45511
c100751,,Юлия Осипова,+7 (916) 712-43-73,user100751@example.ru,Красноярск,29.05.2025,,
c100185,Лидия Савельева,,+79604814833,user100185@example.ru,Москва,,2026-06-14,158355
c90616,,Алиса Лаптева,+7 (911) 063-89-31,user90616@example.ru,Казань,19.11.2025,,
c90776,,Глеб Юдин,+7 (924) 127-16-82,user90776@example.ru,Казань,13.07.2025,,
c104729,Лидия Мешкова,,+79134962520,user104729@example.ru,Красноярск,,2026-05-24,55122
c102864,,Кирилл Гордеев,+7 (912) 429-14-42,user102864@example.ru,С.-Петербург,15.11.2024,,
c90903,,Лидия Лаптева,+7 (986) 841-98-52,user90903@example.ru,Казань,10.01.2025,,
c91700,,Тимур Юдин,+7 (931) 104-12-35,user91700@example.ru,Москва,19.05.2026,,
c100622,Павел Лаптев,,+79107581006,user100622@example.ru,Казань,,2026-08-04,40592
c102062,Наталья Юдина,,+79572542111,user102062@example.ru,Казань,,2026-03-03,77037
c90016,,Артур Зуев,+7 (968) 999-11-69,user90016@example.ru,Красноярск,21.06.2026,,
c90013,,Игорь Шилов,+7 (932) 586-51-43,user90013@example.ru,Новосибирск,20.09.2025,,
c91360,,Мария Гордеева,+7 (972) 000-13-14,user91360@example.ru,Красноярск,24.12.2025,,
c91214,,Игорь Зуев,+7 (924) 407-62-19,user91214@example.ru,С.-Петербург,30.09.2025,,
c105313,Вера Ковальчук,,+79227829243,user105313@example.ru,Москва,,2026-06-07,170913
c106887,Егор Гордеев,,+79864476372,user106887@example.ru,Санкт-Петербург,,2026-07-07,15782
c92357,,Денис Ермаков,+7 (971) 896-19-14,user92357@example.ru,Красноярск,13.09.2025,,
c103230,,Алиса Мешкова,+7 (917) 267-46-58,user103230@example.ru,Красноярск,09.09.2025,,
c100310,Артур Крылов,,+79827101088,user100310@example.ru,Санкт-Петербург,,2026-01-08,62528
c92148,,Максим Крылов,+7 (947) 657-98-56,user92148@example.ru,С.-Петербург,12.03.2025,,
c103836,Павел Гордеев,,+79703269498,user103836@example.ru,Казань,,2026-04-20,140166
c100280,Игорь Ковальчук,,+79278337299,user100280@example.ru,Санкт-Петербург,,2026-02-15,56544
c101230,Мария Крылова,,+79229720827,user101230@example.ru,Казань,,2026-04-14,57207
c105714,Роман Панин,,+79337696299,user105714@example.ru,Санкт-Петербург,,2026-05-27,146074
c90743,,Павел Ермаков,+7 (930) 428-86-82,user90743@example.ru,Москва,22.05.2025,,
c100211,Артур Белых,,+79765611700,user100211@example.ru,Санкт-Петербург,,2026-06-22,81343
c92191,,Юлия Гордеева,+7 (928) 998-32-09,user92191@example.ru,Москва,17.04.2026,,
c103834,Артур Белых,,+79398450500,user103834@example.ru,Москва,,2026-04-13,89986
c103035,Денис Белых,,+79802623892,user103035@example.ru,Екатеринбург,,2026-01-07,33538
c91148,,Кирилл Панин,+7 (990) 758-27-10,user91148@example.ru,Новосибирск,21.11.2024,,
c103118,Юлия Ковальчук,,+79749563580,user103118@example.ru,Санкт-Петербург,,2026-07-10,39868
c105687,Максим Мешков,,+79461290511,user105687@example.ru,Санкт-Петербург,,2026-09-09,520
c91376,,Лидия Мешкова,+7 (970) 942-06-11,user91376@example.ru,Екатеринбург,20.01.2026,,
c102317,Полина Лаптева,,+79312360530,user102317@example.ru,Новосибирск,,2026-02-21,49465
c106506,Глеб Крылов,,+79250108267,user106506@example.ru,Екатеринбург,,2026-07-03,121217
c104517,Вера Зуева,,+79308734416,user104517@example.ru,Новосибирск,,2026-06-12,80631
c92108,,Максим Шилов,+7 (997) 697-94-64,user92108@example.ru,Москва,14.03.2024,,
c106668,Мария Ермакова,,+79917720323,user106668@example.ru,Казань,,2026-07-17,86578
c100167,,Ольга Белых,+7 (919) 608-80-51,user100167@example.ru,Новосибирск,17.07.2025,,
c104810,Юлия Белых,,+79117833136,user104810@example.ru,Новосибирск,,2026-04-16,135251
c92303,,Артур Савельев,+7 (928) 824-67-90,user92303@example.ru,Казань,11.08.2025,,
c101478,Мария Юдина,,+79520221562,user101478@example.ru,Санкт-Петербург,,2026-07-29,120162
c103343,Егор Шилов,,+79143471558,user103343@example.ru,Санкт-Петербург,,2026-07-28,50405
c101467,Мария Юдина,,+79252873345,user101467@example.ru,Красноярск,,2026-06-19,9666
c100027,Максим Ковальчук,,+79522157737,user100027@example.ru,Красноярск,,2026-08-21,32468
c102378,Вера Савельева,,+79894503658,user102378@example.ru,Екатеринбург,,2026-06-28,143198
c90734,,Глеб Сорокин,+7 (961) 480-31-85,user90734@example.ru,С.-Петербург,31.03.2024,,
c106217,Ольга Юдина,,+79677204532,user106217@example.ru,Екатеринбург,,2026-06-25,90588
c104096,Лидия Лаптева,,+79120275813,user104096@example.ru,Москва,,2026-06-09,74708
c104394,Анна Мешкова,,+79348014356,user104394@example.ru,Санкт-Петербург,,2026-04-28,43790
c101484,Глеб Крылов,,+79885914809,user101484@example.ru,Санкт-Петербург,,2026-07-15,148775
c90249,,Роман Нестеров,+7 (998) 963-74-94,user90249@example.ru,Екатеринбург,27.09.2025,,
c105683,Максим Осипов,,+79616128481,user105683@example.ru,Санкт-Петербург,,2026-03-07,122246
c106127,Елена Крылова,,+79654961245,user106127@example.ru,Красноярск,,2026-02-16,78340
c104603,Елена Осипова,,+79222726815,user104603@example.ru,Красноярск,,2026-03-08,44145
c90183,,Артур Сорокин,+7 (995) 694-55-05,user90183@example.ru,Новосибирск,04.03.2025,,
c105684,Игорь Осипов,,+79773170266,user105684@example.ru,Красноярск,,2026-01-13,131031
c105224,Полина Белых,,+79244376488,user105224@example.ru,Красноярск,,2026-08-11,131223
c104046,Кирилл Ермаков,,+79146517746,user104046@example.ru,Новосибирск,,2026-01-23,88391
c91305,,Игорь Мешков,+7 (927) 028-93-94,user91305@example.ru,Новосибирск,06.06.2024,,
c103562,Денис Ковальчук,,+79749434623,user103562@example.ru,Екатеринбург,,2026-04-26,26935
c100169,Юлия Мешкова,,+79582871770,user100169@example.ru,Новосибирск,,2026-01-28,3666
c90783,,Мария Нестерова,+7 (981) 629-19-04,user90783@example.ru,Екатеринбург,15.03.2024,,
c106535,Полина Ермакова,,+79543332482,user106535@example.ru,Новосибирск,,2026-09-02,17161
c100244,,Полина Осипова,+7 (927) 014-07-59,user100244@example.ru,Москва,28.05.2025,,
c105472,Игорь Тихонов,,+79942034446,user105472@example.ru,Санкт-Петербург,,2026-07-28,102034
c92006,,Алиса Мешкова,+7 (938) 150-56-33,user92006@example.ru,Новосибирск,10.08.2025,,
c104287,Максим Крылов,,+79642724758,user104287@example.ru,Москва,,2026-06-19,110738
c100294,,Егор Осипов,+7 (979) 552-45-47,user100294@example.ru,Новосибирск,31.10.2025,,
c106403,Наталья Ковальчук,,+79844522907,user106403@example.ru,Москва,,2026-04-22,122638
c90807,,Ольга Белых,+7 (987) 713-87-54,user90807@example.ru,Екатеринбург,31.08.2025,,
c92444,,Наталья Шилова,+7 (990) 185-44-38,user92444@example.ru,Новосибирск,13.04.2025,,
c101231,Ольга Юдина,,+79284604388,user101231@example.ru,Екатеринбург,,2026-01-29,104024
c101639,Алиса Шилова,,+79941575547,user101639@example.ru,Казань,,2026-05-09,109161
c105762,,Егор Ковальчук,+7 (923) 383-89-21,user105762@example.ru,Красноярск,13.11.2024,,
c105893,Лидия Лаптева,,+79968596913,user105893@example.ru,Екатеринбург,,2026-01-19,121376
c91954,,Егор Крылов,+7 (977) 059-15-92,user91954@example.ru,С.-Петербург,01.08.2024,,
c90374,,Алиса Нестерова,+7 (953) 830-82-79,user90374@example.ru,Красноярск,12.11.2024,,
c104736,,Лидия Шилова,+7 (947) 554-69-77,user104736@example.ru,Казань,07.11.2025,,
c103928,Лидия Юдина,,+79527953780,user103928@example.ru,Новосибирск,,2026-05-20,160824
c90600,,Кирилл Шилов,+7 (928) 645-07-16,user90600@example.ru,С.-Петербург,04.12.2025,,
c106881,Наталья Гордеева,,+79427227243,user106881@example.ru,Казань,,2026-03-22,149995
c101407,Юлия Нестерова,,+79972490889,user101407@example.ru,Санкт-Петербург,,2026-06-18,3461
c91598,,Егор Гордеев,+7 (934) 467-72-76,user91598@example.ru,Казань,23.02.2025,,
c105245,Полина Тихонова,,+79772504927,user105245@example.ru,Санкт-Петербург,,2026-05-06,33000
c103770,Алиса Крылова,,+79249087105,user103770@example.ru,Екатеринбург,,2026-02-23,113843
c104309,,Лидия Савельева,+7 (913) 665-58-70,user104309@example.ru,Новосибирск,14.02.2026,,
c91998,,Наталья Панина,+7 (968) 806-65-55,user91998@example.ru,Москва,17.12.2024,,
c101108,Кирилл Тихонов,,+79994635106,user101108@example.ru,Екатеринбург,,2026-07-20,55488
c103469,,Егор Зуев,+7 (941) 271-86-22,user103469@example.ru,С.-Петербург,29.12.2024,,
c106110,Мария Гордеева,,+79737793523,user106110@example.ru,Екатеринбург,,2026-06-27,37705
c106092,Максим Панин,,+79989640666,user106092@example.ru,Москва,,2026-06-23,124839
c100325,,Денис Зуев,+7 (914) 757-89-85,user100325@example.ru,Казань,10.06.2026,,
c104026,Полина Осипова,,+79842763928,user104026@example.ru,Санкт-Петербург,,2026-04-20,174748
c91627,,Денис Ермаков,+7 (971) 506-42-12,user91627@example.ru,Москва,05.09.2024,,
c103885,,Анна Савельева,+7 (975) 342-58-90,user103885@example.ru,Новосибирск,18.04.2025,,
c100357,Тимур Сорокин,,+79602074865,user100357@example.ru,Казань,,2026-07-29,41850
c90837,,Лидия Мешкова,+7 (953) 369-43-56,user90837@example.ru,Москва,07.02.2025,,
c91935,,Егор Гордеев,+7 (966) 435-79-02,user91935@example.ru,Новосибирск,08.04.2026,,
c105458,Мария Гордеева,,+79767466192,user105458@example.ru,Новосибирск,,2026-01-26,95006
c104747,,Егор Нестеров,+7 (940) 477-00-15,user104747@example.ru,Красноярск,15.04.2025,,
c101257,Тимур Ковальчук,,+79537874775,user101257@example.ru,Санкт-Петербург,,2026-03-31,153247
c100370,Лидия Зуева,,+79839117646,user100370@example.ru,Новосибирск,,2026-08-05,32293
c101069,Мария Савельева,,+79379231287,user101069@example.ru,Екатеринбург,,2026-02-07,179187
c105098,Тимур Ковальчук,,+79155733259,user105098@example.ru,Москва,,2026-05-27,133067
c92007,,Кирилл Осипов,+7 (922) 229-62-50,user92007@example.ru,Красноярск,03.03.2026,,
c101842,Алиса Сорокина,,+79813825362,user101842@example.ru,Екатеринбург,,2026-07-23,101267
c100240,Кирилл Тихонов,,+79766087374,user100240@example.ru,Красноярск,,2026-02-15,166412
c91835,,Анна Гордеева,+7 (946) 864-28-29,user91835@example.ru,Екатеринбург,26.12.2025,,
c103814,Максим Шилов,,+79423608495,user103814@example.ru,Екатеринбург,,2026-03-11,117002
c100004,Полина Мешкова,,+79760056141,user100004@example.ru,Санкт-Петербург,,2026-03-10,12204
c105720,Мария Ковальчук,,+79116007646,user105720@example.ru,Екатеринбург,,2026-05-12,120595
c103493,Вера Юдина,,+79333929642,user103493@example.ru,Санкт-Петербург,,2026-03-10,155584
c100103,Павел Савельев,,+79596452621,user100103@example.ru,Новосибирск,,2026-04-09,129801
c101371,Павел Ермаков,,+79992118721,user101371@example.ru,Красноярск,,2026-05-03,14172
c104283,,Лидия Тихонова,+7 (931) 607-42-24,user104283@example.ru,Новосибирск,16.05.2025,,
c102189,,Анна Белых,+7 (931) 436-83-91,user102189@example.ru,Красноярск,15.04.2025,,
c102576,Павел Юдин,,+79968179985,user102576@example.ru,Казань,,2026-02-09,17605
c90572,,Лидия Юдина,+7 (979) 468-98-29,user90572@example.ru,Москва,05.12.2025,,
c102938,Роман Савельев,,+79636221563,user102938@example.ru,Красноярск,,2026-04-21,79517
c100935,Елена Осипова,,+79340045597,user100935@example.ru,Казань,,2026-03-17,109797
c92300,,Денис Тихонов,+7 (953) 545-07-31,user92300@example.ru,Москва,26.01.2026,,
c102021,Кирилл Ермаков,,+79236488651,user102021@example.ru,Екатеринбург,,2026-09-03,131515
c90598,,Кирилл Сорокин,+7 (971) 917-93-39,user90598@example.ru,Новосибирск,06.04.2026,,
c101858,Ольга Ковальчук,,+79639837923,user101858@example.ru,Казань,,2026-05-18,141226
c100779,Егор Юдин,,+79523612864,user100779@example.ru,Санкт-Петербург,,2026-01-04,41929
c103095,Вера Тихонова,,+79506267287,user103095@example.ru,Екатеринбург,,2026-05-03,67806
c105809,,Алиса Зуева,+7 (943) 622-38-54,user105809@example.ru,Екатеринбург,18.01.2025,,
c103619,,Мария Ермакова,+7 (954) 991-38-93,user103619@example.ru,Красноярск,29.10.2025,,
c106255,Мария Мешкова,,+79341124958,user106255@example.ru,Новосибирск,,2026-05-29,137203
c105643,Денис Ковальчук,,+79168885681,user105643@example.ru,Екатеринбург,,2026-05-10,31535
c90117,,Полина Нестерова,+7 (980) 801-26-12,user90117@example.ru,Казань,28.02.2026,,
c91331,,Лидия Осипова,+7 (921) 057-20-23,user91331@example.ru,Красноярск,04.09.2024,,
c103781,Игорь Ковальчук,,+79905417666,user103781@example.ru,Красноярск,,2026-01-16,7287
c100415,,Полина Нестерова,+7 (954) 268-86-94,user100415@example.ru,Новосибирск,26.08.2024,,
c102361,,Ольга Лаптева,+7 (968) 620-70-48,user102361@example.ru,Новосибирск,11.04.2025,,
c91704,,Вера Зуева,+7 (954) 406-74-17,user91704@example.ru,Екатеринбург,14.02.2024,,
c103903,,Юлия Панина,+7 (997) 141-03-29,user103903@example.ru,Красноярск,04.07.2024,,
c90763,,Лидия Ковальчук,+7 (944) 307-55-07,user90763@example.ru,Новосибирск,23.07.2024,,
c103427,,Максим Панин,+7 (956) 610-27-27,user103427@example.ru,Новосибирск,23.12.2024,,
c104664,Максим Савельев,,+79358987976,user104664@example.ru,Москва,,2026-08-30,125265
c102667,Полина Ермакова,,+79476630950,user102667@example.ru,Москва,,2026-08-17,24666
c105570,Игорь Белых,,+79989063229,user105570@example.ru,Санкт-Петербург,,2026-04-03,143215
c103157,Егор Савельев,,+79994680897,user103157@example.ru,Москва,,2026-02-21,66406
c100289,Тимур Юдин,,+79299490539,user100289@example.ru,Новосибирск,,2026-05-24,42206
c100215,Роман Нестеров,,+79218717821,user100215@example.ru,Красноярск,,2026-07-24,24288
c100623,Наталья Ковальчук,,+79128072382,user100623@example.ru,Новосибирск,,2026-07-26,80661
c105342,Елена Тихонова,,+79901344952,user105342@example.ru,Санкт-Петербург,,2026-04-09,19910
c102622,Лидия Шилова,,+79948069075,user102622@example.ru,Новосибирск,,2026-04-16,41268
c101054,Глеб Шилов,,+79308498340,user101054@example.ru,Красноярск,,2026-07-29,142770
c91354,,Роман Ковальчук,+7 (998) 453-46-71,user91354@example.ru,Москва,10.10.2024,,
c100209,Игорь Мешков,,+79956654054,user100209@example.ru,Новосибирск,,2026-02-03,87171
c102028,Вера Юдина,,+79301022263,user102028@example.ru,Новосибирск,,2026-06-09,155023
c106289,Полина Тихонова,,+79200066282,user106289@example.ru,Екатеринбург,,2026-02-10,151570
c105908,Анна Сорокина,,+79510446972,user105908@example.ru,Москва,,2026-04-26,149922
c91747,,Артур Осипов,+7 (962) 769-80-44,user91747@example.ru,С.-Петербург,26.03.2025,,
c101937,Тимур Гордеев,,+79634448041,user101937@example.ru,Красноярск,,2026-02-11,38954
c104292,Елена Панина,,+79277490488,user104292@example.ru,Новосибирск,,2026-08-02,133815
c102577,Алиса Юдина,,+79849684668,user102577@example.ru,Москва,,2026-04-27,118109
c100758,Егор Тихонов,,+79595473547,user100758@example.ru,Казань,,2026-02-01,107636
c105229,Кирилл Гордеев,,+79751339324,user105229@example.ru,Новосибирск,,2026-07-25,157270
c104909,Егор Ковальчук,,+79149170114,user104909@example.ru,Екатеринбург,,2026-05-11,85386
c100051,Ольга Крылова,,+79106114945,user100051@example.ru,Красноярск,,2026-08-13,72932
c103335,Вера Мешкова,,+79280275975,user103335@example.ru,Красноярск,,2026-09-09,24480
c90904,,Кирилл Ермаков,+7 (981) 828-78-92,user90904@example.ru,Москва,16.01.2026,,
c105307,Анна Осипова,,+79169144295,user105307@example.ru,Новосибирск,,2026-06-11,64500
c103866,Лидия Сорокина,,+79789093651,user103866@example.ru,Красноярск,,2026-07-02,8361
c92416,,Юлия Крылова,+7 (975) 556-05-66,user92416@example.ru,С.-Петербург,02.09.2025,,
c90039,,Юлия Ермакова,+7 (915) 775-44-64,user90039@example.ru,Москва,23.02.2025,,
c103041,Анна Шилова,,+79313748164,user103041@example.ru,Екатеринбург,,2026-08-02,173473
c101054,,Наталья Мешкова,+7 (996) 557-17-13,user101054@example.ru,Красноярск,12.03.2026,,
c105415,,Наталья Тихонова,+7 (958) 916-35-20,user105415@example.ru,Екатеринбург,03.03.2026,,
c91427,,Елена Ермакова,+7 (947) 614-10-09,user91427@example.ru,Красноярск,05.11.2025,,
c104711,Полина Савельева,,+79664653913,user104711@example.ru,Красноярск,,2026-07-11,66736
c106133,Тимур Панин,,+79521288091,user106133@example.ru,Новосибирск,,2026-01-26,57744
c103756,Роман Савельев,,+79587444451,user103756@example.ru,Санкт-Петербург,,2026-09-03,83861
c103144,Полина Ермакова,,+79276667746,user103144@example.ru,Санкт-Петербург,,2026-07-16,32126
c101114,Тимур Нестеров,,+79741996430,user101114@example.ru,Казань,,2026-01-29,65933
c106651,Игорь Тихонов,,+79326977052,user106651@example.ru,Красноярск,,2026-04-05,120433
c100787,Тимур Гордеев,,+79410617157,user100787@example.ru,Екатеринбург,,2026-09-02,53940
c90784,,Артур Мешков,+7 (941) 933-17-83,user90784@example.ru,Красноярск,19.10.2025,,
c103583,Роман Осипов,,+79516425254,user103583@example.ru,Санкт-Петербург,,2026-06-13,56900
c103451,,Егор Гордеев,+7 (985) 600-70-66,user103451@example.ru,Екатеринбург,17.04.2026,,
c102378,,Анна Мешкова,+7 (950) 673-69-23,user102378@example.ru,С.-Петербург,27.09.2025,,
c105314,Полина Ермакова,,+79325047157,user105314@example.ru,Москва,,2026-06-16,146979
c100127,Полина Тихонова,,+79928261387,user100127@example.ru,Красноярск,,2026-01-26,167741
c100133,Мария Мешкова,,+79935954343,user100133@example.ru,Новосибирск,,2026-08-25,23564
c104583,Мария Нестерова,,+79126558428,user104583@example.ru,Казань,,2026-07-02,54025
c100579,Артур Зуев,,+79437270444,user100579@example.ru,Красноярск,,2026-08-29,146381
c105724,,Денис Ковальчук,+7 (916) 425-88-27,user105724@example.ru,Екатеринбург,27.09.2025,,
c104173,Анна Тихонова,,+79868688290,user104173@example.ru,Москва,,2026-07-08,87465
c101270,Роман Юдин,,+79442735475,user101270@example.ru,Новосибирск,,2026-01-20,156506
c105627,Игорь Ковальчук,,+79412936429,user105627@example.ru,Красноярск,,2026-08-15,1036
c101746,Глеб Осипов,,+79229878133,user101746@example.ru,Москва,,2026-05-05,67136
c105371,,Юлия Гордеева,+7 (953) 240-87-74,user105371@example.ru,Красноярск,16.05.2024,,
c90689,,Лидия Зуева,+7 (928) 826-01-90,user90689@example.ru,Красноярск,14.07.2025,,
c104746,Юлия Белых,,+79404738497,user104746@example.ru,Новосибирск,,2026-05-24,4041
c106405,Артур Гордеев,,+79146045571,user106405@example.ru,Красноярск,,2026-05-27,61675
c106239,,Артур Шилов,+7 (943) 425-43-67,user106239@example.ru,Красноярск,22.02.2025,,
c102406,Ольга Осипова,,+79800805127,user102406@example.ru,Екатеринбург,,2026-02-08,108000
c91328,,Глеб Гордеев,+7 (978) 944-15-91,user91328@example.ru,Красноярск,19.11.2024,,
c102474,,Наталья Ковальчук,+7 (995) 584-61-26,user102474@example.ru,Москва,24.01.2024,,
c90886,,Анна Осипова,+7 (952) 193-93-85,user90886@example.ru,Екатеринбург,02.01.2025,,
c106265,Вера Тихонова,,+79729933218,user106265@example.ru,Красноярск,,2026-02-10,132570
c106153,Павел Ковальчук,,+79865402230,user106153@example.ru,Красноярск,,2026-03-06,29901
c90575,,Анна Осипова,+7 (962) 853-72-37,user90575@example.ru,Екатеринбург,02.04.2024,,
c103310,Тимур Савельев,,+79388391740,user103310@example.ru,Екатеринбург,,2026-06-24,32931
c100587,Артур Савельев,,+79438519467,user100587@example.ru,Новосибирск,,2026-09-10,158340
c100657,Мария Ковальчук,,+79160744311,user100657@example.ru,Красноярск,,2026-09-02,107827
c104067,Вера Белых,,+79982747876,user104067@example.ru,Москва,,2026-06-02,76408
c106814,Игорь Юдин,,+79529054679,user106814@example.ru,Екатеринбург,,2026-07-03,163750
c100510,Кирилл Ковальчук,,+79982787929,user100510@example.ru,Красноярск,,2026-03-08,53159
c90506,,Артур Мешков,+7 (981) 707-52-56,user90506@example.ru,Красноярск,01.01.2026,,
c106318,Вера Лаптева,,+79536570229,user106318@example.ru,Красноярск,,2026-05-26,97809
c91351,,Мария Зуева,+7 (985) 762-56-31,user91351@example.ru,Екатеринбург,09.02.2024,,
c103494,Максим Лаптев,,+79536452051,user103494@example.ru,Казань,,2026-08-29,92041
c105537,Ольга Мешкова,,+79498114896,user105537@example.ru,Екатеринбург,,2026-01-15,98935
c91647,,Ольга Лаптева,+7 (926) 107-17-58,user91647@example.ru,Новосибирск,23.07.2024,,
c103597,Мария Юдина,,+79435550622,user103597@example.ru,Новосибирск,,2026-03-30,117079
c90638,,Наталья Тихонова,+7 (983) 312-24-22,user90638@example.ru,Москва,13.04.2025,,
c100725,Анна Савельева,,+79264711022,user100725@example.ru,Екатеринбург,,2026-04-11,63458
c106333,Юлия Лаптева,,+79591855523,user106333@example.ru,Красноярск,,2026-07-25,167772
c100605,Игорь Юдин,,+79565514599,user100605@example.ru,Москва,,2026-02-11,167459
c100970,Анна Савельева,,+79333530421,user100970@example.ru,Санкт-Петербург,,2026-04-29,127644
c92127,,Наталья Лаптева,+7 (998) 766-96-65,user92127@example.ru,Новосибирск,17.07.2024,,
c106212,,Наталья Белых,+7 (949) 550-48-47,user106212@example.ru,Новосибирск,19.10.2024,,
c103109,Игорь Тихонов,,+79969705405,user103109@example.ru,Москва,,2026-06-07,41924
c101394,Максим Ермаков,,+79547974012,user101394@example.ru,Красноярск,,2026-04-08,33503
c92392,,Егор Крылов,+7 (952) 824-10-96,user92392@example.ru,Казань,08.10.2024,,
c106649,Тимур Лаптев,,+79341030511,user106649@example.ru,Новосибирск,,2026-08-22,30024
c104057,Юлия Панина,,+79496342065,user104057@example.ru,Казань,,2026-04-30,27814
c101818,Мария Юдина,,+79593369257,user101818@example.ru,Казань,,2026-09-01,116563
c102612,Мария Панина,,+79441765866,user102612@example.ru,Москва,,2026-06-25,44116
c102161,Павел Шилов,,+79258575361,user102161@example.ru,Москва,,2026-03-06,104522
c102372,Наталья Ковальчук,,+79941954332,user102372@example.ru,Екатеринбург,,2026-05-19,109183
c106244,Артур Мешков,,+79720266345,user106244@example.ru,Москва,,2026-07-07,109550
c101242,Ольга Осипова,,+79165784690,user101242@example.ru,Новосибирск,,2026-06-22,42810
c102343,Алиса Зуева,,+79188561199,user102343@example.ru,Новосибирск,,2026-08-16,10034
c92151,,Кирилл Шилов,+7 (937) 728-93-48,user92151@example.ru,Казань,02.07.2025,,
c102756,Игорь Панин,,+79524777660,user102756@example.ru,Казань,,2026-06-17,172529
c105664,Денис Крылов,,+79980440162,user105664@example.ru,Казань,,2026-05-29,119269
c105604,Игорь Осипов,,+79575778953,user105604@example.ru,Екатеринбург,,2026-01-26,6626
c91870,,Лидия Мешкова,+7 (951) 925-10-46,user91870@example.ru,С.-Петербург,10.03.2025,,
c105766,,Тимур Нестеров,+7 (948) 665-93-34,user105766@example.ru,Казань,26.07.2025,,
c92087,,Глеб Шилов,+7 (974) 893-20-97,user92087@example.ru,Красноярск,25.12.2025,,
c103599,Мария Ермакова,,+79571168692,user103599@example.ru,Екатеринбург,,2026-01-14,698
c100339,Кирилл Белых,,+79407209990,user100339@example.ru,Красноярск,,2026-08-25,14902
c106559,,Лидия Ковальчук,+7 (946) 792-24-52,user106559@example.ru,Казань,29.03.2025,,
c90468,,Денис Нестеров,+7 (951) 866-80-37,user90468@example.ru,Екатеринбург,04.04.2025,,
c105976,Алиса Ермакова,,+79506758777,user105976@example.ru,Красноярск,,2026-03-03,159031
c104100,Егор Шилов,,+79916472447,user104100@example.ru,Екатеринбург,,2026-04-17,132443
c101990,Роман Тихонов,,+79830403877,user101990@example.ru,Красноярск,,2026-04-02,136853
c105694,Вера Осипова,,+79790239638,user105694@example.ru,Москва,,2026-02-19,15156
c91830,,Лидия Лаптева,+7 (934) 323-10-31,user91830@example.ru,Екатеринбург,27.05.2024,,
c100178,Кирилл Панин,,+79477440897,user100178@example.ru,Казань,,2026-03-02,151445
c105479,Артур Крылов,,+79432804256,user105479@example.ru,Москва,,2026-02-03,19557
c102309,Полина Лаптева,,+79450401530,user102309@example.ru,Казань,,2026-04-13,122267
c100676,Лидия Шилова,,+79599967279,user100676@example.ru,Екатеринбург,,2026-04-07,115621
c90533,,Мария Зуева,+7 (974) 288-16-27,user90533@example.ru,Екатеринбург,03.07.2024,,
c104629,,Алиса Савельева,+7 (963) 758-38-58,user104629@example.ru,Екатеринбург,17.09.2024,,
c92356,,Кирилл Ермаков,+7 (979) 692-32-40,user92356@example.ru,С.-Петербург,17.02.2025,,
c103217,Денис Нестеров,,+79524555933,user103217@example.ru,Москва,,2026-07-31,32077
c104088,Лидия Лаптева,,+79324484174,user104088@example.ru,Новосибирск,,2026-04-25,69579
c100735,Егор Шилов,,+79296133290,user100735@example.ru,Москва,,2026-05-25,60515
c92112,,Максим Шилов,+7 (910) 478-00-81,user92112@example.ru,Новосибирск,14.12.2024,,
c102986,Елена Белых,,+79992202435,user102986@example.ru,Казань,,2026-08-19,133999
c104106,Вера Мешкова,,+79703090793,user104106@example.ru,Санкт-Петербург,,2026-05-24,52310
c104685,Игорь Сорокин,,+79209388512,user104685@example.ru,Екатеринбург,,2026-09-07,46266
c105513,,Егор Нестеров,+7 (999) 759-36-69,user105513@example.ru,Красноярск,14.01.2024,,
c102219,Елена Ермакова,,+79628224741,user102219@example.ru,Красноярск,,2026-09-10,149890
c102985,Мария Сорокина,,+79306725269,user102985@example.ru,Екатеринбург,,2026-05-04,110384
c92298,,Глеб Тихонов,+7 (943) 624-81-52,user92298@example.ru,Новосибирск,02.06.2024,,
c90633,,Максим Шилов,+7 (952) 499-26-25,user90633@example.ru,Казань,24.06.2025,,
c104344,Лидия Осипова,,+79226810376,user104344@example.ru,Красноярск,,2026-06-03,39422
c105219,Кирилл Осипов,,+79230431311,user105219@example.ru,Москва,,2026-07-27,8716
c101866,Юлия Гордеева,,+79935338769,user101866@example.ru,Москва,,2026-05-01,9787
c103810,Артур Ковальчук,,+79795429325,user103810@example.ru,Санкт-Петербург,,2026-08-18,81338
c105562,Елена Зуева,,+79524853959,user105562@example.ru,Новосибирск,,2026-05-01,140690
c100423,Лидия Сорокина,,+79140111850,user100423@example.ru,Екатеринбург,,2026-05-02,91883
c91993,,Лидия Ермакова,+7 (919) 683-10-18,user91993@example.ru,Екатеринбург,22.11.2025,,
c91486,,Анна Шилова,+7 (962) 604-05-62,user91486@example.ru,Екатеринбург,14.06.2026,,
c102449,Тимур Сорокин,,+79163372492,user102449@example.ru,Казань,,2026-08-31,165081
c104190,Елена Панина,,+79499905304,user104190@example.ru,Санкт-Петербург,,2026-07-23,53537
c92463,,Елена Панина,+7 (999) 334-50-79,user92463@example.ru,С.-Петербург,01.12.2024,,
c100057,Полина Ермакова,,+79102113444,user100057@example.ru,Санкт-Петербург,,2026-01-19,55698
c90663,,Юлия Ермакова,+7 (931) 169-47-99,user90663@example.ru,Красноярск,07.03.2025,,
c100605,,Игорь Осипов,+7 (975) 234-23-70,user100605@example.ru,С.-Петербург,14.11.2024,,
c90731,,Анна Ковальчук,+7 (921) 192-11-68,user90731@example.ru,Москва,18.04.2025,,
c105048,Мария Зуева,,+79256738454,user105048@example.ru,Санкт-Петербург,,2026-03-25,132063
c106645,,Егор Шилов,+7 (956) 112-70-00,user106645@example.ru,Красноярск,28.03.2026,,
c105681,Артур Зуев,,+79722824094,user105681@example.ru,Санкт-Петербург,,2026-06-03,8046
c100987,Роман Лаптев,,+79208976224,user100987@example.ru,Москва,,2026-07-31,108200
c90466,,Юлия Лаптева,+7 (952) 454-81-44,user90466@example.ru,Новосибирск,22.09.2024,,
c105518,Вера Савельева,,+79426242994,user105518@example.ru,Новосибирск,,2026-04-15,157295
c91165,,Павел Ковальчук,+7 (975) 666-63-06,user91165@example.ru,Красноярск,08.02.2025,,
c90349,,Игорь Белых,+7 (995) 054-47-97,user90349@example.ru,Екатеринбург,11.06.2026,,
c103992,Глеб Шилов,,+79117729713,user103992@example.ru,Санкт-Петербург,,2026-05-19,132682
c104875,Анна Тихонова,,+79573219937,user104875@example.ru,Новосибирск,,2026-02-14,58774
c90390,,Анна Савельева,+7 (986) 550-06-34,user90390@example.ru,Казань,24.02.2026,,
c101579,,Вера Зуева,+7 (925) 007-65-02,user101579@example.ru,С.-Петербург,21.10.2025,,
c101354,Максим Ковальчук,,+79305881261,user101354@example.ru,Новосибирск,,2026-06-14,27477
c106690,Роман Тихонов,,+79975120190,user106690@example.ru,Москва,,2026-03-13,38618
c102975,Полина Белых,,+79962999453,user102975@example.ru,Санкт-Петербург,,2026-03-20,149708
c103807,Павел Ковальчук,,+79898720415,user103807@example.ru,Красноярск,,2026-02-26,57157
c105136,Кирилл Тихонов,,+79191596732,user105136@example.ru,Казань,,2026-07-15,35247
c106479,Роман Панин,,+79376841128,user106479@example.ru,Новосибирск,,2026-08-04,80322
c101617,Анна Ермакова,,+79171561538,user101617@example.ru,Санкт-Петербург,,2026-01-28,117579
c104834,Денис Белых,,+79542868201,user104834@example.ru,Казань,,2026-07-08,157265
c101867,Мария Тихонова,,+79548061950,user101867@example.ru,Казань,,2026-03-05,75705
c100334,Мария Сорокина,,+79599971917,user100334@example.ru,Казань,,2026-05-23,85881
c105322,Максим Ермаков,,+79902752135,user105322@example.ru,Москва,,2026-02-16,29054
c105418,Артур Юдин,,+79361771068,user105418@example.ru,Новосибирск,,2026-03-04,147403
c100219,,Лидия Лаптева,+7 (962) 130-14-21,user100219@example.ru,Красноярск,10.09.2025,,
c106839,Роман Нестеров,,+79810739919,user106839@example.ru,Казань,,2026-05-11,176965
c103646,Анна Крылова,,+79708649146,user103646@example.ru,Новосибирск,,2026-04-22,176442
c101836,Кирилл Юдин,,+79852322100,user101836@example.ru,Москва,,2026-07-02,103377
c104519,,Ольга Лаптева,+7 (968) 889-74-02,user104519@example.ru,Красноярск,25.03.2026,,
c102627,Игорь Ермаков,,+79360296952,user102627@example.ru,Новосибирск,,2026-07-10,130622
c91904,,Алиса Лаптева,+7 (953) 340-65-18,user91904@example.ru,Казань,22.01.2024,,
c101406,Глеб Мешков,,+79439644277,user101406@example.ru,Красноярск,,2026-07-12,138419
c91829,,Кирилл Сорокин,+7 (923) 412-37-86,user91829@example.ru,Москва,16.11.2025,,
c92157,,Наталья Нестерова,+7 (942) 592-19-96,user92157@example.ru,Красноярск,11.05.2025,,
c104713,Роман Зуев,,+79647198354,user104713@example.ru,Санкт-Петербург,,2026-04-08,30549
c92417,,Вера Савельева,+7 (969) 537-81-10,user92417@example.ru,Москва,15.05.2024,,
c100617,Тимур Мешков,,+79491765883,user100617@example.ru,Москва,,2026-02-22,64947
c90832,,Роман Осипов,+7 (985) 095-41-29,user90832@example.ru,Москва,17.08.2025,,
c102407,Лидия Зуева,,+79641749697,user102407@example.ru,Санкт-Петербург,,2026-05-19,53661
c104566,Игорь Зуев,,+79289505199,user104566@example.ru,Санкт-Петербург,,2026-02-19,127335
c104024,Егор Мешков,,+79272333952,user104024@example.ru,Москва,,2026-08-30,85056
c105096,,Роман Мешков,+7 (973) 424-12-07,user105096@example.ru,Екатеринбург,22.01.2024,,
c104811,Игорь Гордеев,,+79305841648,user104811@example.ru,Казань,,2026-07-13,3377
c106481,Павел Ермаков,,+79605191870,user106481@example.ru,Екатеринбург,,2026-06-18,5546
c100028,Ольга Ковальчук,,+79240305412,user100028@example.ru,Новосибирск,,2026-07-04,49978
c91515,,Анна Тихонова,+7 (995) 016-25-29,user91515@example.ru,Казань,07.04.2025,,
c105234,Лидия Шилова,,+79518686144,user105234@example.ru,Москва,,2026-05-16,76460
c105758,Денис Лаптев,,+79214889981,user105758@example.ru,Новосибирск,,2026-08-10,117062
c101477,Юлия Сорокина,,+79690348892,user101477@example.ru,Санкт-Петербург,,2026-03-05,159256
c102495,Глеб Юдин,,+79719122997,user102495@example.ru,Красноярск,,2026-07-29,101818
c106260,Алиса Юдина,,+79994255951,user106260@example.ru,Новосибирск,,2026-06-25,52025
c91128,,Полина Гордеева,+7 (917) 964-74-51,user91128@example.ru,Екатеринбург,25.12.2024,,
c105909,Артур Сорокин,,+79226502878,user105909@example.ru,Казань,,2026-08-03,170320
c91775,,Анна Мешкова,+7 (910) 556-07-52,user91775@example.ru,Новосибирск,11.07.2024,,
c100355,,Полина Юдина,+7 (969) 452-85-41,user100355@example.ru,Казань,16.03.2025,,
c92015,,Тимур Сорокин,+7 (952) 894-59-09,user92015@example.ru,Екатеринбург,26.02.2025,,
c91419,,Алиса Гордеева,+7 (964) 523-44-26,user91419@example.ru,Екатеринбург,31.07.2024,,
c105332,Артур Шилов,,+79946254002,user105332@example.ru,Казань,,2026-03-30,113197
c104415,,Глеб Тихонов,+7 (933) 504-78-18,user104415@example.ru,Екатеринбург,12.05.2026,,
c106338,Анна Ермакова,,+79728357228,user106338@example.ru,Красноярск,,2026-02-16,41759
c101278,Тимур Лаптев,,+79414707768,user101278@example.ru,Новосибирск,,2026-08-24,76562
c102726,Максим Мешков,,+79755926474,user102726@example.ru,Казань,,2026-08-22,128087
c104795,Полина Тихонова,,+79110133178,user104795@example.ru,Новосибирск,,2026-04-23,122750
c102791,Денис Савельев,,+79560395779,user102791@example.ru,Санкт-Петербург,,2026-06-30,13778
c106206,Полина Нестерова,,+79968986600,user106206@example.ru,Екатеринбург,,2026-03-26,105721
c91105,,Вера Панина,+7 (925) 841-70-19,user91105@example.ru,Красноярск,23.06.2025,,
c103584,Анна Юдина,,+79435729237,user103584@example.ru,Новосибирск,,2026-03-11,76096
c100053,Мария Савельева,,+79338431969,user100053@example.ru,Екатеринбург,,2026-06-12,42084
c102809,Роман Ковальчук,,+79873269972,user102809@example.ru,Москва,,2026-05-24,121789
c105996,Игорь Мешков,,+79276120773,user105996@example.ru,Екатеринбург,,2026-06-21,37941
c105205,Наталья Осипова,,+79438342836,user105205@example.ru,Екатеринбург,,2026-05-31,63185
c103728,Максим Савельев,,+79514275432,user103728@example.ru,Санкт-Петербург,,2026-07-08,22786
c105974,Максим Ковальчук,,+79900706289,user105974@example.ru,Санкт-Петербург,,2026-08-09,20221
c91716,,Елена Сорокина,+7 (988) 099-72-89,user91716@example.ru,Казань,28.09.2025,,
c92129,,Елена Ковальчук,+7 (945) 694-45-52,user92129@example.ru,Новосибирск,09.03.2024,,
c90360,,Артур Гордеев,+7 (963) 793-33-28,user90360@example.ru,Казань,17.12.2025,,
c100332,Павел Крылов,,+79759091398,user100332@example.ru,Казань,,2026-03-29,123121
c101284,Вера Осипова,,+79236500215,user101284@example.ru,Казань,,2026-08-21,51142
c105995,,Алиса Панина,+7 (986) 578-72-77,user105995@example.ru,Екатеринбург,03.06.2025,,
c102547,,Максим Нестеров,+7 (925) 609-03-64,user102547@example.ru,Москва,13.03.2025,,
c102775,Павел Шилов,,+79320139434,user102775@example.ru,Москва,,2026-01-07,96436
c102903,Максим Шилов,,+79209377754,user102903@example.ru,Казань,,2026-05-26,43486
c100128,,Анна Зуева,+7 (924) 206-14-58,user100128@example.ru,С.-Петербург,07.04.2026,,
c100763,Анна Нестерова,,+79507992975,user100763@example.ru,Москва,,2026-01-13,7463
c104713,,Роман Ермаков,+7 (915) 567-59-13,user104713@example.ru,Красноярск,09.01.2025,,
c104499,Наталья Ковальчук,,+79792649559,user104499@example.ru,Екатеринбург,,2026-03-14,76435
c102173,Полина Осипова,,+79317706079,user102173@example.ru,Казань,,2026-01-31,176695
c105491,Лидия Сорокина,,+79192559629,user105491@example.ru,Красноярск,,2026-07-03,174407
c102397,Юлия Лаптева,,+79785854218,user102397@example.ru,Новосибирск,,2026-02-10,129305
c105169,Денис Крылов,,+79905401441,user105169@example.ru,Москва,,2026-06-28,23343
c105400,Алиса Савельева,,+79478036150,user105400@example.ru,Красноярск,,2026-06-04,176919
c106273,Наталья Сорокина,,+79529208780,user106273@example.ru,Москва,,2026-04-27,44646
c104274,Роман Панин,,+79371167310,user104274@example.ru,Санкт-Петербург,,2026-05-04,32300
c91839,,Денис Сорокин,+7 (985) 577-99-19,user91839@example.ru,Екатеринбург,04.11.2025,,
c101918,,Игорь Панин,+7 (921) 837-89-36,user101918@example.ru,Москва,26.01.2026,,
c91656,,Роман Зуев,+7 (921) 145-68-23,user91656@example.ru,С.-Петербург,14.06.2025,,
c103800,Тимур Мешков,,+79239426388,user103800@example.ru,Красноярск,,2026-06-10,108409
c101661,Игорь Шилов,,+79611025046,user101661@example.ru,Новосибирск,,2026-01-25,67907
c102666,Павел Ермаков,,+79524916414,user102666@example.ru,Санкт-Петербург,,2026-05-11,28231
c105647,Денис Белых,,+79735536553,user105647@example.ru,Санкт-Петербург,,2026-07-04,170684
c105221,Роман Сорокин,,+79152733734,user105221@example.ru,Казань,,2026-07-08,100552
c91990,,Юлия Ковальчук,+7 (973) 511-93-49,user91990@example.ru,С.-Петербург,08.04.2024,,
c100560,,Алиса Шилова,+7 (981) 043-98-63,user100560@example.ru,Екатеринбург,21.02.2024,,
c100702,Мария Ковальчук,,+79821427478,user100702@example.ru,Екатеринбург,,2026-02-06,51798
c102685,Алиса Тихонова,,+79720409393,user102685@example.ru,Казань,,2026-07-25,176544
c90388,,Наталья Ермакова,+7 (970) 938-95-93,user90388@example.ru,Казань,30.05.2025,,
c106618,Тимур Зуев,,+79630758921,user106618@example.ru,Санкт-Петербург,,2026-09-06,59193
c100824,Денис Панин,,+79712778810,user100824@example.ru,Санкт-Петербург,,2026-07-07,73483
c104767,Кирилл Гордеев,,+79660398995,user104767@example.ru,Москва,,2026-02-17,49824
c102270,Наталья Юдина,,+79502415040,user102270@example.ru,Москва,,2026-09-05,154643
c105182,Наталья Мешкова,,+79439237874,user105182@example.ru,Красноярск,,2026-02-06,3144
c91146,,Тимур Зуев,+7 (944) 498-24-60,user91146@example.ru,Екатеринбург,09.07.2025,,
c106542,Кирилл Крылов,,+79260813350,user106542@example.ru,Новосибирск,,2026-01-27,40378
c90748,,Елена Юдина,+7 (959) 948-71-12,user90748@example.ru,Новосибирск,07.07.2025,,
c102331,Тимур Гордеев,,+79393269755,user102331@example.ru,Красноярск,,2026-05-01,129219
c91227,,Кирилл Гордеев,+7 (966) 665-79-86,user91227@example.ru,Новосибирск,23.06.2024,,
c105033,Вера Ковальчук,,+79851569100,user105033@example.ru,Москва,,2026-07-30,57292
c103462,Артур Сорокин,,+79263842194,user103462@example.ru,Новосибирск,,2026-09-08,157708
c92032,,Полина Тихонова,+7 (974) 692-17-80,user92032@example.ru,Екатеринбург,26.01.2024,,
c91547,,Алиса Сорокина,+7 (997) 652-94-59,user91547@example.ru,С.-Петербург,22.01.2025,,
c100543,Максим Осипов,,+79334422222,user100543@example.ru,Москва,,2026-09-05,130685
c106574,Максим Мешков,,+79943396200,user106574@example.ru,Казань,,2026-09-07,131576
c102364,Артур Сорокин,,+79745836612,user102364@example.ru,Екатеринбург,,2026-07-06,61292
c101839,Роман Мешков,,+79622985834,user101839@example.ru,Екатеринбург,,2026-07-10,5620
c103054,Глеб Осипов,,+79663594476,user103054@example.ru,Екатеринбург,,2026-01-22,4832
c105389,Тимур Юдин,,+79180511579,user105389@example.ru,Казань,,2026-04-13,128080
c90813,,Лидия Юдина,+7 (917) 307-13-32,user90813@example.ru,Новосибирск,17.10.2024,,
c90531,,Максим Ермаков,+7 (991) 065-04-43,user90531@example.ru,Казань,15.03.2024,,
c90762,,Тимур Лаптев,+7 (986) 969-40-35,user90762@example.ru,Красноярск,23.04.2025,,
c106825,Анна Ковальчук,,+79374708837,user106825@example.ru,Казань,,2026-02-04,134971
c100957,Алиса Белых,,+79243828431,user100957@example.ru,Москва,,2026-06-01,16712
c104743,Лидия Нестерова,,+79348014810,user104743@example.ru,Санкт-Петербург,,2026-01-08,41760
c103717,Юлия Лаптева,,+79609608540,user103717@example.ru,Красноярск,,2026-05-10,16376
c103995,Денис Панин,,+79248626520,user103995@example.ru,Казань,,2026-03-10,106436
c90801,,Лидия Нестерова,+7 (984) 125-90-91,user90801@example.ru,Новосибирск,11.01.2026,,
c100536,Юлия Лаптева,,+79244895411,user100536@example.ru,Москва,,2026-06-27,11587
c90085,,Тимур Савельев,+7 (939) 832-04-42,user90085@example.ru,Екатеринбург,24.05.2025,,
c102346,Игорь Мешков,,+79450087764,user102346@example.ru,Москва,,2026-07-21,71228
c91394,,Тимур Сорокин,+7 (910) 160-01-91,user91394@example.ru,Москва,21.03.2024,,
c104404,Павел Савельев,,+79685782178,user104404@example.ru,Казань,,2026-06-06,158155
c106274,Артур Панин,,+79753339623,user106274@example.ru,Казань,,2026-06-04,118793
c102041,Артур Ермаков,,+79969169195,user102041@example.ru,Екатеринбург,,2026-07-15,166724
c102276,Артур Ковальчук,,+79839123282,user102276@example.ru,Москва,,2026-03-23,32079
c91847,,Артур Савельев,+7 (934) 727-26-34,user91847@example.ru,Красноярск,30.07.2024,,
c104036,Наталья Ермакова,,+79296902733,user104036@example.ru,Санкт-Петербург,,2026-07-25,18496
c91181,,Егор Тихонов,+7 (997) 634-37-50,user91181@example.ru,Казань,11.02.2024,,
c105972,Егор Лаптев,,+79685570104,user105972@example.ru,Новосибирск,,2026-01-10,130282
c103116,Павел Тихонов,,+79428726720,user103116@example.ru,Екатеринбург,,2026-01-17,100250
c90167,,Вера Ермакова,+7 (922) 267-53-14,user90167@example.ru,Новосибирск,26.09.2024,,
c102964,Артур Лаптев,,+79108115213,user102964@example.ru,Екатеринбург,,2026-03-21,118176
c101515,Мария Юдина,,+79908681312,user101515@example.ru,Москва,,2026-07-03,119950
c91306,,Алиса Зуева,+7 (973) 542-98-00,user91306@example.ru,Екатеринбург,25.04.2024,,
c104651,Вера Крылова,,+79486363724,user104651@example.ru,Екатеринбург,,2026-09-09,130045
c105402,Юлия Белых,,+79543968601,user105402@example.ru,Санкт-Петербург,,2026-06-16,39494
c104573,,Денис Ермаков,+7 (971) 875-26-98,user104573@example.ru,С.-Петербург,09.05.2026,,
c90210,,Полина Юдина,+7 (927) 674-59-37,user90210@example.ru,Екатеринбург,08.10.2025,,
c102393,,Кирилл Зуев,+7 (953) 097-97-32,user102393@example.ru,Екатеринбург,24.07.2025,,
c104089,Наталья Белых,,+79437491250,user104089@example.ru,Санкт-Петербург,,2026-06-13,63912
c102835,Роман Савельев,,+79445179239,user102835@example.ru,Казань,,2026-05-02,45828
c100269,Кирилл Осипов,,+79269769041,user100269@example.ru,Екатеринбург,,2026-06-22,166993
c106694,Денис Тихонов,,+79431185235,user106694@example.ru,Санкт-Петербург,,2026-07-12,148593
c92167,,Анна Савельева,+7 (917) 659-17-41,user92167@example.ru,Москва,27.07.2024,,
c106496,Денис Ермаков,,+79137196949,user106496@example.ru,Москва,,2026-08-26,115360
c102927,Алиса Тихонова,,+79544618209,user102927@example.ru,Москва,,2026-03-12,18393
c105392,Юлия Лаптева,,+79715839586,user105392@example.ru,Екатеринбург,,2026-05-29,149118
c102718,Кирилл Гордеев,,+79470953651,user102718@example.ru,Новосибирск,,2026-04-27,92433
c105526,Роман Ермаков,,+79683087228,user105526@example.ru,Санкт-Петербург,,2026-03-12,130809
c101222,Тимур Крылов,,+79792833453,user101222@example.ru,Санкт-Петербург,,2026-02-07,21140
c102053,Анна Белых,,+79808393373,user102053@example.ru,Новосибирск,,2026-07-05,118271
c101604,Юлия Юдина,,+79663918961,user101604@example.ru,Казань,,2026-04-13,125135
c92244,,Елена Лаптева,+7 (955) 063-89-13,user92244@example.ru,Казань,17.06.2024,,
c105341,Анна Сорокина,,+79450591247,user105341@example.ru,Казань,,2026-07-21,151592
c106611,Алиса Юдина,,+79640434146,user106611@example.ru,Казань,,2026-07-30,1092
c106787,Полина Шилова,,+79885901295,user106787@example.ru,Красноярск,,2026-04-01,162838
c101987,Игорь Гордеев,,+79370090213,user101987@example.ru,Красноярск,,2026-01-15,130991
c102700,Игорь Зуев,,+79121267745,user102700@example.ru,Екатеринбург,,2026-05-09,38649
c106856,,Глеб Сорокин,+7 (975) 874-79-63,user106856@example.ru,Новосибирск,29.01.2025,,
c91290,,Полина Юдина,+7 (963) 689-92-01,user91290@example.ru,Москва,25.06.2024,,
c104088,,Егор Савельев,+7 (976) 340-40-38,user104088@example.ru,Красноярск,07.03.2026,,
c92268,,Полина Ермакова,+7 (971) 878-40-41,user92268@example.ru,Екатеринбург,12.10.2024,,
c106808,Максим Ковальчук,,+79833698877,user106808@example.ru,Екатеринбург,,2026-07-20,73197
c101223,Алиса Сорокина,,+79122863056,user101223@example.ru,Екатеринбург,,2026-02-10,11328
c105525,Роман Гордеев,,+79549483997,user105525@example.ru,Казань,,2026-02-07,122305
c106387,Тимур Крылов,,+79744085054,user106387@example.ru,Красноярск,,2026-03-28,52105
c103666,Кирилл Гордеев,,+79869547992,user103666@example.ru,Москва,,2026-08-06,88680
c90601,,Анна Ковальчук,+7 (950) 521-02-87,user90601@example.ru,Екатеринбург,14.10.2024,,
c90490,,Наталья Юдина,+7 (919) 991-90-86,user90490@example.ru,Москва,01.06.2024,,
c91110,,Максим Лаптев,+7 (924) 858-05-69,user91110@example.ru,Красноярск,04.03.2024,,
c100409,Егор Ермаков,,+79637326026,user100409@example.ru,Санкт-Петербург,,2026-01-10,81810
c90752,,Егор Шилов,+7 (934) 453-65-76,user90752@example.ru,С.-Петербург,18.06.2025,,
c91596,,Роман Мешков,+7 (992) 752-41-53,user91596@example.ru,Красноярск,27.05.2025,,
c102540,,Елена Лаптева,+7 (958) 924-94-41,user102540@example.ru,Москва,13.06.2025,,
c103207,Лидия Лаптева,,+79265263865,user103207@example.ru,Казань,,2026-08-08,153961
c100667,Лидия Шилова,,+79923121199,user100667@example.ru,Красноярск,,2026-04-25,60574
c100660,,Егор Ковальчук,+7 (969) 255-97-37,user100660@example.ru,Казань,26.05.2025,,
c106046,Игорь Ковальчук,,+79354294644,user106046@example.ru,Санкт-Петербург,,2026-03-07,143464
c102724,Тимур Ермаков,,+79173450159,user102724@example.ru,Красноярск,,2026-09-08,54147
c106190,Максим Нестеров,,+79774044786,user106190@example.ru,Екатеринбург,,2026-02-10,90063
c101376,Денис Нестеров,,+79695774866,user101376@example.ru,Санкт-Петербург,,2026-05-02,58772
c104543,Юлия Юдина,,+79649735773,user104543@example.ru,Новосибирск,,2026-02-25,112563
c100376,Наталья Савельева,,+79825724530,user100376@example.ru,Новосибирск,,2026-06-24,16282
c104291,Полина Белых,,+79917154321,user104291@example.ru,Москва,,2026-08-17,118324
c101353,Игорь Зуев,,+79268573166,user101353@example.ru,Новосибирск,,2026-01-19,139256
c104359,Юлия Савельева,,+79896333546,user104359@example.ru,Новосибирск,,2026-02-03,56247
c101673,Вера Крылова,,+79208558593,user101673@example.ru,Казань,,2026-06-06,42561
c106059,Кирилл Тихонов,,+79453249919,user106059@example.ru,Санкт-Петербург,,2026-03-26,24658
c92353,,Денис Сорокин,+7 (959) 832-96-17,user92353@example.ru,Красноярск,03.01.2025,,
c106323,,Лидия Нестерова,+7 (934) 835-04-19,user106323@example.ru,Казань,14.11.2024,,
c101200,Максим Лаптев,,+79167910645,user101200@example.ru,Екатеринбург,,2026-05-21,102483
c91890,,Тимур Юдин,+7 (981) 302-91-63,user91890@example.ru,Красноярск,19.07.2025,,
c101700,Анна Юдина,,+79176756314,user101700@example.ru,Екатеринбург,,2026-06-08,108355
c103921,Елена Мешкова,,+79988309163,user103921@example.ru,Красноярск,,2026-05-24,57828
c90979,,Юлия Ермакова,+7 (979) 844-51-60,user90979@example.ru,Екатеринбург,09.08.2024,,
c103186,Вера Юдина,,+79806749655,user103186@example.ru,Казань,,2026-07-13,145360
c102104,,Юлия Белых,+7 (964) 651-21-53,user102104@example.ru,Казань,26.02.2024,,
c101647,Елена Ковальчук,,+79860555858,user101647@example.ru,Новосибирск,,2026-05-07,35424
c91145,,Вера Белых,+7 (979) 919-14-26,user91145@example.ru,Красноярск,10.12.2024,,
c100858,Лидия Панина,,+79886588520,user100858@example.ru,Новосибирск,,2026-08-01,136308
c90567,,Вера Крылова,+7 (941) 848-17-42,user90567@example.ru,Новосибирск,08.02.2025,,
c100345,,Анна Савельева,+7 (941) 127-72-56,user100345@example.ru,Новосибирск,26.01.2024,,
c106487,Елена Крылова,,+79708717223,user106487@example.ru,Санкт-Петербург,,2026-07-21,61688
c91053,,Елена Ермакова,+7 (942) 710-19-38,user91053@example.ru,Москва,05.11.2025,,
c91116,,Артур Осипов,+7 (973) 073-72-98,user91116@example.ru,Москва,24.01.2025,,
c103955,Роман Мешков,,+79639863438,user103955@example.ru,Москва,,2026-06-25,19372
c103306,Алиса Белых,,+79816174943,user103306@example.ru,Москва,,2026-06-19,24700
c90711,,Игорь Ковальчук,+7 (939) 753-87-91,user90711@example.ru,С.-Петербург,27.04.2026,,
c101357,Лидия Шилова,,+79217165473,user101357@example.ru,Екатеринбург,,2026-06-12,125538
c106325,,Глеб Белых,+7 (990) 135-53-29,user106325@example.ru,Екатеринбург,01.02.2024,,
c103910,Лидия Панина,,+79424189798,user103910@example.ru,Санкт-Петербург,,2026-02-26,171467
c101480,Лидия Юдина,,+79112927118,user101480@example.ru,Екатеринбург,,2026-04-19,63121
c101448,Артур Крылов,,+79345750313,user101448@example.ru,Новосибирск,,2026-04-20,93308
c100651,Вера Гордеева,,+79779830744,user100651@example.ru,Санкт-Петербург,,2026-02-12,133776
c100533,Лидия Гордеева,,+79510248202,user100533@example.ru,Екатеринбург,,2026-01-12,176481
c101996,Роман Шилов,,+79523643263,user101996@example.ru,Казань,,2026-07-23,174889
c103600,,Егор Тихонов,+7 (999) 558-96-07,user103600@example.ru,Москва,16.05.2024,,
c105405,Наталья Зуева,,+79425001575,user105405@example.ru,Новосибирск,,2026-01-23,123840
c102465,Павел Сорокин,,+79417520815,user102465@example.ru,Новосибирск,,2026-09-05,159233
c101344,Вера Осипова,,+79462028842,user101344@example.ru,Новосибирск,,2026-03-31,29388
c90548,,Денис Мешков,+7 (998) 248-92-00,user90548@example.ru,Екатеринбург,31.10.2024,,
c102575,Наталья Крылова,,+79352629039,user102575@example.ru,Москва,,2026-04-23,21414
c90406,,Артур Белых,+7 (968) 549-62-23,user90406@example.ru,Казань,29.09.2024,,
c100440,Елена Зуева,,+79881834597,user100440@example.ru,Санкт-Петербург,,2026-06-16,115802
c91153,,Наталья Крылова,+7 (963) 463-93-25,user91153@example.ru,С.-Петербург,12.07.2025,,
c101274,Мария Савельева,,+79680339748,user101274@example.ru,Казань,,2026-05-07,64286
c102922,Тимур Юдин,,+79656318131,user102922@example.ru,Москва,,2026-06-24,64869
c100360,Вера Белых,,+79665276500,user100360@example.ru,Красноярск,,2026-01-22,80828
c104409,Полина Сорокина,,+79690860137,user104409@example.ru,Красноярск,,2026-06-10,2988
c106392,Наталья Шилова,,+79902102323,user106392@example.ru,Красноярск,,2026-07-22,5069
c100508,Глеб Савельев,,+79553294945,user100508@example.ru,Новосибирск,,2026-07-22,106200
c102742,Юлия Панина,,+79725705849,user102742@example.ru,Екатеринбург,,2026-07-24,77217
c105148,Мария Панина,,+79195632732,user105148@example.ru,Санкт-Петербург,,2026-04-20,85760
c106407,Роман Нестеров,,+79904052058,user106407@example.ru,Екатеринбург,,2026-01-16,101385
c101741,Лидия Юдина,,+79435294872,user101741@example.ru,Санкт-Петербург,,2026-01-23,59967
c100248,Елена Савельева,,+79774264643,user100248@example.ru,Москва,,2026-04-28,10306
c102241,Вера Юдина,,+79834003094,user102241@example.ru,Красноярск,,2026-02-06,27796
c102812,,Елена Ковальчук,+7 (910) 013-63-33,user102812@example.ru,Екатеринбург,12.01.2026,,
c91233,,Мария Сорокина,+7 (949) 674-74-33,user91233@example.ru,Новосибирск,23.09.2025,,
c105157,Анна Осипова,,+79545887620,user105157@example.ru,Новосибирск,,2026-08-11,35291
c105236,Елена Лаптева,,+79517249005,user105236@example.ru,Новосибирск,,2026-06-11,1483
c101126,Кирилл Осипов,,+79472715116,user101126@example.ru,Казань,,2026-07-25,66305
c104794,Артур Гордеев,,+79170414241,user104794@example.ru,Новосибирск,,2026-02-15,142373
c101528,Мария Крылова,,+79842198812,user101528@example.ru,Екатеринбург,,2026-08-13,172004
c106073,,Ольга Нестерова,+7 (966) 647-45-76,user106073@example.ru,Казань,26.04.2025,,
c106861,Артур Тихонов,,+79416281266,user106861@example.ru,Новосибирск,,2026-08-06,112254
c104643,Мария Крылова,,+79478461968,user104643@example.ru,Казань,,2026-04-14,656
c91432,,Елена Шилова,+7 (928) 275-37-42,user91432@example.ru,Красноярск,05.06.2025,,
c102484,,Елена Ермакова,+7 (979) 171-04-41,user102484@example.ru,С.-Петербург,13.04.2025,,
c106860,Игорь Сорокин,,+79610781295,user106860@example.ru,Казань,,2026-07-13,154042
c91886,,Артур Сорокин,+7 (917) 957-34-30,user91886@example.ru,Красноярск,11.03.2024,,
c90581,,Павел Белых,+7 (972) 432-37-99,user90581@example.ru,Екатеринбург,20.01.2025,,
c90030,,Наталья Мешкова,+7 (996) 249-55-77,user90030@example.ru,Казань,16.03.2024,,
c100116,Глеб Зуев,,+79492443552,user100116@example.ru,Новосибирск,,2026-05-04,111358
c91270,,Егор Крылов,+7 (957) 670-45-97,user91270@example.ru,Казань,11.06.2026,,
c106163,Лидия Лаптева,,+79602210466,user106163@example.ru,Москва,,2026-06-03,133008
c103342,Денис Ермаков,,+79745236800,user103342@example.ru,Екатеринбург,,2026-01-08,106456
c103096,Вера Зуева,,+79771633279,user103096@example.ru,Москва,,2026-07-16,17797
c105836,Вера Юдина,,+79776659167,user105836@example.ru,Казань,,2026-07-04,69391
c100629,,Юлия Осипова,+7 (929) 820-38-00,user100629@example.ru,С.-Петербург,03.12.2025,,
c92269,,Алиса Мешкова,+7 (950) 059-40-19,user92269@example.ru,Екатеринбург,10.11.2025,,
c102661,Анна Сорокина,,+79645383207,user102661@example.ru,Санкт-Петербург,,2026-03-22,20422
c91606,,Наталья Савельева,+7 (981) 831-50-03,user91606@example.ru,Новосибирск,05.02.2025,,
c102754,Елена Савельева,,+79628808810,user102754@example.ru,Новосибирск,,2026-01-24,157283
c103201,Павел Гордеев,,+79174590299,user103201@example.ru,Казань,,2026-06-10,35008
c101295,Ольга Юдина,,+79955828058,user101295@example.ru,Екатеринбург,,2026-03-27,41879
c91836,,Алиса Зуева,+7 (949) 774-27-21,user91836@example.ru,Красноярск,25.09.2024,,
c90125,,Анна Мешкова,+7 (976) 119-35-45,user90125@example.ru,Москва,04.03.2025,,
c104262,,Павел Крылов,+7 (971) 153-90-66,user104262@example.ru,Екатеринбург,27.04.2025,,
c105689,Ольга Белых,,+79354913879,user105689@example.ru,Москва,,2026-06-14,65276
c106744,,Павел Ковальчук,+7 (921) 861-05-80,user106744@example.ru,Екатеринбург,05.02.2026,,
c101630,Павел Нестеров,,+79293714465,user101630@example.ru,Красноярск,,2026-01-16,130586
c105529,Максим Ковальчук,,+79826642441,user105529@example.ru,Екатеринбург,,2026-02-22,37910
c91562,,Анна Шилова,+7 (971) 661-49-06,user91562@example.ru,Екатеринбург,18.06.2026,,
c104655,Артур Шилов,,+79372836471,user104655@example.ru,Красноярск,,2026-07-28,117883
c91908,,Тимур Зуев,+7 (922) 575-07-24,user91908@example.ru,Казань,11.03.2024,,
c103332,Елена Тихонова,,+79502913517,user103332@example.ru,Новосибирск,,2026-03-12,156023
c106643,Мария Юдина,,+79743626225,user106643@example.ru,Санкт-Петербург,,2026-02-06,50777
c102236,Игорь Ковальчук,,+79656344065,user102236@example.ru,Санкт-Петербург,,2026-05-24,77916
c105248,Анна Ермакова,,+79475586226,user105248@example.ru,Казань,,2026-01-22,42118
c103482,Юлия Сорокина,,+79120548800,user103482@example.ru,Казань,,2026-06-30,53781
c102836,Вера Панина,,+79522205582,user102836@example.ru,Екатеринбург,,2026-05-11,145860
c91976,,Елена Мешкова,+7 (910) 743-14-15,user91976@example.ru,Красноярск,30.11.2024,,
c105360,Елена Сорокина,,+79446628185,user105360@example.ru,Санкт-Петербург,,2026-02-09,3138
c104786,Егор Тихонов,,+79120356093,user104786@example.ru,Казань,,2026-05-05,16730
c91140,,Юлия Осипова,+7 (944) 306-35-38,user91140@example.ru,Новосибирск,17.02.2025,,
c90040,,Тимур Савельев,+7 (940) 007-19-20,user90040@example.ru,Красноярск,15.04.2024,,
c103956,Павел Шилов,,+79157296260,user103956@example.ru,Новосибирск,,2026-03-09,51200
c103949,Егор Савельев,,+79224958827,user103949@example.ru,Москва,,2026-01-28,128362
c91450,,Павел Ковальчук,+7 (958) 104-53-79,user91450@example.ru,С.-Петербург,08.03.2026,,
c91834,,Вера Белых,+7 (977) 562-33-06,user91834@example.ru,Екатеринбург,10.01.2026,,
c101789,Елена Панина,,+79718591507,user101789@example.ru,Екатеринбург,,2026-02-24,142099
c100889,,Роман Сорокин,+7 (973) 583-26-40,user100889@example.ru,Новосибирск,20.03.2024,,
c90029,,Егор Савельев,+7 (931) 110-44-42,user90029@example.ru,Красноярск,01.06.2025,,
c101708,Павел Мешков,,+79429640407,user101708@example.ru,Новосибирск,,2026-06-28,53895
c102171,Полина Нестерова,,+79835901251,user102171@example.ru,Москва,,2026-01-05,21115
c100650,Елена Савельева,,+79377735558,user100650@example.ru,Санкт-Петербург,,2026-01-12,130486
c90629,,Тимур Лаптев,+7 (971) 107-96-84,user90629@example.ru,Красноярск,23.06.2024,,
c90706,,Елена Нестерова,+7 (994) 396-13-15,user90706@example.ru,Новосибирск,29.03.2024,,
c104122,Игорь Шилов,,+79402867237,user104122@example.ru,Красноярск,,2026-03-07,75052
c100231,Павел Ковальчук,,+79479232115,user100231@example.ru,Москва,,2026-01-25,172075
c92243,,Игорь Осипов,+7 (922) 094-05-20,user92243@example.ru,Москва,18.04.2026,,
c103481,Юлия Шилова,,+79580765579,user103481@example.ru,Красноярск,,2026-08-17,156191
c91323,,Максим Шилов,+7 (957) 070-52-15,user91323@example.ru,Казань,30.06.2025,,
c103641,Алиса Ермакова,,+79371969199,user103641@example.ru,Санкт-Петербург,,2026-02-05,76092
c106132,Мария Савельева,,+79890186380,user106132@example.ru,Новосибирск,,2026-08-30,40213
c104919,Наталья Лаптева,,+79714663358,user104919@example.ru,Москва,,2026-05-27,164288
c102633,Наталья Юдина,,+79580417943,user102633@example.ru,Москва,,2026-07-01,46546
c101148,,Анна Панина,+7 (992) 253-46-24,user101148@example.ru,Москва,18.04.2024,,
c90757,,Павел Мешков,+7 (953) 804-22-78,user90757@example.ru,Казань,17.02.2024,,
c105826,Павел Крылов,,+79135128089,user105826@example.ru,Красноярск,,2026-07-11,11949
c102574,,Игорь Мешков,+7 (974) 657-25-44,user102574@example.ru,Екатеринбург,19.12.2025,,
c101560,Максим Юдин,,+79725413775,user101560@example.ru,Санкт-Петербург,,2026-08-24,171586
c92205,,Егор Шилов,+7 (922) 407-08-03,user92205@example.ru,Новосибирск,15.12.2024,,
c103173,Ольга Белых,,+79590399915,user103173@example.ru,Казань,,2026-04-26,73746
c100796,Кирилл Шилов,,+79630873839,user100796@example.ru,Санкт-Петербург,,2026-08-13,149534
c105138,Полина Ермакова,,+79301305792,user105138@example.ru,Казань,,2026-09-11,173945
c101022,Юлия Савельева,,+79176888729,user101022@example.ru,Санкт-Петербург,,2026-07-31,78783
c91929,,Тимур Савельев,+7 (969) 701-69-61,user91929@example.ru,Екатеринбург,21.06.2026,,
c106597,Вера Ковальчук,,+79507020461,user106597@example.ru,Санкт-Петербург,,2026-04-12,155321
c100208,Вера Осипова,,+79691253721,user100208@example.ru,Новосибирск,,2026-04-15,119744
c103441,,Мария Лаптева,+7 (930) 698-05-59,user103441@example.ru,Казань,01.03.2025,,
c104358,Денис Савельев,,+79295405780,user104358@example.ru,Санкт-Петербург,,2026-08-27,97448
c100778,Глеб Ковальчук,,+79802136207,user100778@example.ru,Новосибирск,,2026-05-22,141338
c106513,Павел Белых,,+79408552382,user106513@example.ru,Санкт-Петербург,,2026-03-26,153442
c101100,Максим Гордеев,,+79759768831,user101100@example.ru,Новосибирск,,2026-03-30,136522
c106317,Денис Зуев,,+79363633867,user106317@example.ru,Москва,,2026-04-09,149354
c91510,,Денис Гордеев,+7 (957) 463-50-94,user91510@example.ru,Москва,27.03.2025,,
c90417,,Егор Юдин,+7 (992) 146-08-85,user90417@example.ru,С.-Петербург,17.02.2024,,
c104869,Алиса Ковальчук,,+79138383487,user104869@example.ru,Казань,,2026-01-29,78564
c90516,,Полина Шилова,+7 (921) 068-21-94,user90516@example.ru,Москва,16.05.2026,,
c90136,,Артур Крылов,+7 (969) 834-12-64,user90136@example.ru,Красноярск,16.07.2025,,
c102907,,Ольга Зуева,+7 (973) 970-79-77,user102907@example.ru,С.-Петербург,19.10.2025,,
c90342,,Наталья Ермакова,+7 (961) 001-48-82,user90342@example.ru,С.-Петербург,11.04.2025,,
c106619,Кирилл Шилов,,+79339611657,user106619@example.ru,Санкт-Петербург,,2026-02-28,124379
c103172,Алиса Нестерова,,+79428360694,user103172@example.ru,Казань,,2026-09-06,5824
c91169,,Анна Осипова,+7 (944) 364-63-20,user91169@example.ru,С.-Петербург,16.10.2025,,
c101092,Елена Панина,,+79418373190,user101092@example.ru,Новосибирск,,2026-03-31,171719
c103032,Тимур Савельев,,+79970032833,user103032@example.ru,Екатеринбург,,2026-03-27,169410
c101336,Ольга Белых,,+79252260011,user101336@example.ru,Москва,,2026-04-15,73593
c90564,,Игорь Крылов,+7 (923) 400-85-65,user90564@example.ru,С.-Петербург,23.05.2024,,
c91302,,Ольга Тихонова,+7 (926) 964-39-96,user91302@example.ru,Екатеринбург,29.04.2025,,
c104567,Глеб Шилов,,+79864606031,user104567@example.ru,Москва,,2026-03-22,177424
c104863,Полина Белых,,+79499801704,user104863@example.ru,Екатеринбург,,2026-02-16,169989
c90716,,Вера Ермакова,+7 (980) 446-07-13,user90716@example.ru,Екатеринбург,14.05.2026,,
c104741,Тимур Гордеев,,+79473830218,user104741@example.ru,Москва,,2026-05-20,118810
c101787,Павел Юдин,,+79588403128,user101787@example.ru,Санкт-Петербург,,2026-04-05,165828
c106524,Игорь Тихонов,,+79183597042,user106524@example.ru,Новосибирск,,2026-08-31,161715
c101574,Роман Шилов,,+79218588044,user101574@example.ru,Красноярск,,2026-05-22,61628
c106354,Кирилл Ермаков,,+79430786192,user106354@example.ru,Новосибирск,,2026-06-12,75984
c105311,Елена Мешкова,,+79950725996,user105311@example.ru,Екатеринбург,,2026-01-24,81095
c106617,Алиса Панина,,+79865225836,user106617@example.ru,Казань,,2026-08-18,75652
c100243,Артур Нестеров,,+79129068471,user100243@example.ru,Казань,,2026-06-27,60652
c104885,,Павел Панин,+7 (985) 169-66-41,user104885@example.ru,Москва,28.12.2024,,
c102106,Полина Тихонова,,+79664644901,user102106@example.ru,Казань,,2026-05-20,179781
c91452,,Алиса Белых,+7 (914) 754-82-48,user91452@example.ru,Екатеринбург,10.03.2025,,
c100443,Полина Лаптева,,+79259863723,user100443@example.ru,Казань,,2026-03-06,59423
c91934,,Юлия Савельева,+7 (993) 298-09-67,user91934@example.ru,С.-Петербург,25.06.2026,,
c100024,Полина Савельева,,+79243375695,user100024@example.ru,Новосибирск,,2026-04-06,174273
c106704,Артур Сорокин,,+79326317428,user106704@example.ru,Казань,,2026-01-17,45618
c104902,Ольга Савельева,,+79903665940,user104902@example.ru,Красноярск,,2026-05-07,144272
c101339,Ольга Савельева,,+79306103960,user101339@example.ru,Новосибирск,,2026-08-06,90665
c105922,Елена Белых,,+79848293695,user105922@example.ru,Красноярск,,2026-03-24,130068
c103673,Павел Юдин,,+79332372823,user103673@example.ru,Екатеринбург,,2026-08-18,49950
c105814,Алиса Гордеева,,+79583895789,user105814@example.ru,Санкт-Петербург,,2026-05-02,47519
c101762,,Артур Крылов,+7 (962) 118-77-31,user101762@example.ru,Москва,21.02.2024,,
c92204,,Наталья Ковальчук,+7 (982) 764-87-04,user92204@example.ru,Красноярск,20.01.2026,,
c102032,Кирилл Белых,,+79690756303,user102032@example.ru,Новосибирск,,2026-02-27,12561
c105173,,Наталья Осипова,+7 (934) 165-42-07,user105173@example.ru,Новосибирск,20.04.2026,,
c106431,Павел Панин,,+79896807086,user106431@example.ru,Казань,,2026-01-10,123746
c105231,Тимур Панин,,+79305113788,user105231@example.ru,Москва,,2026-05-26,131404
c106746,Алиса Ермакова,,+79949225030,user106746@example.ru,Новосибирск,,2026-08-31,124349
c101667,,Глеб Ермаков,+7 (962) 093-51-70,user101667@example.ru,С.-Петербург,04.09.2025,,
c92107,,Кирилл Гордеев,+7 (945) 178-38-62,user92107@example.ru,Москва,07.07.2024,,
c92059,,Артур Белых,+7 (923) 033-47-61,user92059@example.ru,Новосибирск,29.06.2024,,
c102788,Роман Шилов,,+79879055234,user102788@example.ru,Санкт-Петербург,,2026-03-14,151878
c105819,Роман Осипов,,+79719774481,user105819@example.ru,Екатеринбург,,2026-06-29,117259
c91538,,Роман Тихонов,+7 (965) 528-86-66,user91538@example.ru,Екатеринбург,12.08.2024,,
c105270,Максим Зуев,,+79544941641,user105270@example.ru,Красноярск,,2026-06-21,55279
c100271,Тимур Савельев,,+79910071910,user100271@example.ru,Санкт-Петербург,,2026-06-22,137013
c100864,Алиса Белых,,+79736045125,user100864@example.ru,Казань,,2026-05-08,94125
c106218,Елена Панина,,+79892667253,user106218@example.ru,Новосибирск,,2026-01-08,158972
c91953,,Игорь Савельев,+7 (948) 604-83-62,user91953@example.ru,Москва,07.10.2024,,
c106323,Кирилл Тихонов,,+79450365371,user106323@example.ru,Екатеринбург,,2026-07-02,162816
c104262,Максим Лаптев,,+79890719661,user104262@example.ru,Екатеринбург,,2026-04-09,94962
c105686,,Ольга Крылова,+7 (973) 556-68-07,user105686@example.ru,Новосибирск,04.06.2024,,
c103545,,Денис Савельев,+7 (928) 904-35-82,user103545@example.ru,С.-Петербург,26.11.2024,,
c106042,Артур Сорокин,,+79641870898,user106042@example.ru,Красноярск,,2026-01-25,32450
c91358,,Юлия Шилова,+7 (932) 190-27-00,user91358@example.ru,С.-Петербург,13.08.2025,,
c90437,,Полина Савельева,+7 (973) 430-97-23,user90437@example.ru,Новосибирск,29.03.2024,,
c103131,,Наталья Осипова,+7 (978) 517-28-73,user103131@example.ru,Казань,03.02.2026,,
c103959,Наталья Нестерова,,+79173219644,user103959@example.ru,Казань,,2026-08-06,8207
c106342,Лидия Осипова,,+79538060467,user106342@example.ru,Новосибирск,,2026-08-11,39418
c103510,Лидия Крылова,,+79254910497,user103510@example.ru,Екатеринбург,,2026-02-26,65781
c105530,,Роман Гордеев,+7 (933) 985-74-90,user105530@example.ru,Екатеринбург,27.01.2026,,
c101371,,Артур Ермаков,+7 (963) 843-27-36,user101371@example.ru,Красноярск,08.05.2026,,
c101002,Наталья Сорокина,,+79736030636,user101002@example.ru,Красноярск,,2026-03-21,49159
c100677,Елена Лаптева,,+79339926427,user100677@example.ru,Новосибирск,,2026-03-05,96820
c102371,Юлия Крылова,,+79700386772,user102371@example.ru,Новосибирск,,2026-06-06,165398
c90944,,Ольга Ермакова,+7 (973) 477-82-57,user90944@example.ru,Новосибирск,14.08.2024,,
c105625,Егор Юдин,,+79957225228,user105625@example.ru,Санкт-Петербург,,2026-05-23,75474
c103950,Мария Сорокина,,+79403677013,user103950@example.ru,Санкт-Петербург,,2026-03-24,36006
c90150,,Полина Осипова,+7 (928) 255-32-28,user90150@example.ru,Красноярск,24.01.2026,,
c103856,Ольга Ермакова,,+79660528110,user103856@example.ru,Казань,,2026-01-23,141203
c100596,Роман Осипов,,+79134045217,user100596@example.ru,Казань,,2026-06-15,159671
c100369,Юлия Шилова,,+79877122000,user100369@example.ru,Красноярск,,2026-05-07,99610
c90209,,Полина Ермакова,+7 (932) 597-26-88,user90209@example.ru,Новосибирск,18.05.2025,,
c90697,,Наталья Гордеева,+7 (911) 557-85-27,user90697@example.ru,Красноярск,05.06.2026,,
c105708,Анна Гордеева,,+79518796558,user105708@example.ru,Новосибирск,,2026-02-26,138404
c103664,Максим Юдин,,+79561683319,user103664@example.ru,Казань,,2026-01-27,159603
c102529,,Кирилл Осипов,+7 (980) 081-15-83,user102529@example.ru,С.-Петербург,23.10.2025,,
c102778,Павел Крылов,,+79907560122,user102778@example.ru,Санкт-Петербург,,2026-02-03,144435
c92135,,Павел Ермаков,+7 (928) 213-24-48,user92135@example.ru,Казань,19.11.2025,,
c102142,Юлия Гордеева,,+79826864343,user102142@example.ru,Екатеринбург,,2026-05-01,87802
c100393,Юлия Савельева,,+79338381019,user100393@example.ru,Казань,,2026-08-09,12729
c104230,Денис Панин,,+79570737536,user104230@example.ru,Красноярск,,2026-04-12,11662
c100166,,Юлия Гордеева,+7 (947) 853-81-06,user100166@example.ru,Красноярск,29.07.2025,,
c102255,Егор Лаптев,,+79953220033,user102255@example.ru,Москва,,2026-04-30,57153
c90288,,Глеб Савельев,+7 (914) 831-32-14,user90288@example.ru,Красноярск,07.05.2025,,
c104816,Полина Белых,,+79384620626,user104816@example.ru,Казань,,2026-06-02,82247
c104492,Елена Юдина,,+79897312783,user104492@example.ru,Красноярск,,2026-06-30,152501
c90552,,Павел Нестеров,+7 (913) 280-82-44,user90552@example.ru,Казань,23.11.2025,,
c105049,Кирилл Лаптев,,+79798730461,user105049@example.ru,Красноярск,,2026-09-07,47138
c102897,Тимур Савельев,,+79938447723,user102897@example.ru,Москва,,2026-03-27,132011
c92101,,Мария Шилова,+7 (948) 987-50-25,user92101@example.ru,Новосибирск,25.10.2025,,
c102846,Игорь Ковальчук,,+79263343096,user102846@example.ru,Санкт-Петербург,,2026-06-07,32445
c106545,Егор Тихонов,,+79882490798,user106545@example.ru,Казань,,2026-03-04,34454
c106340,Артур Шилов,,+79718893216,user106340@example.ru,Санкт-Петербург,,2026-01-20,45103
c105261,Глеб Крылов,,+79459030108,user105261@example.ru,Екатеринбург,,2026-04-26,76112
c102084,Наталья Мешкова,,+79836475609,user102084@example.ru,Екатеринбург,,2026-05-04,167309
c102848,Ольга Тихонова,,+79306208322,user102848@example.ru,Санкт-Петербург,,2026-06-11,117422
c104590,Максим Крылов,,+79515282559,user104590@example.ru,Санкт-Петербург,,2026-06-21,150071
c91794,,Павел Панин,+7 (990) 006-27-35,user91794@example.ru,Красноярск,12.12.2025,,
c100494,Игорь Крылов,,+79120137834,user100494@example.ru,Екатеринбург,,2026-06-02,7140
c101810,Кирилл Юдин,,+79295192177,user101810@example.ru,Красноярск,,2026-01-08,118550
c105711,Егор Нестеров,,+79388244951,user105711@example.ru,Москва,,2026-03-11,162574
c101715,Елена Панина,,+79650224074,user101715@example.ru,Новосибирск,,2026-02-01,135270
c90730,,Елена Сорокина,+7 (911) 931-57-35,user90730@example.ru,Москва,13.11.2025,,
c102211,Мария Крылова,,+79626912509,user102211@example.ru,Новосибирск,,2026-01-25,106792
c102912,Денис Зуев,,+79756775962,user102912@example.ru,Казань,,2026-06-11,178777
c90853,,Вера Ермакова,+7 (993) 019-56-92,user90853@example.ru,Красноярск,23.04.2026,,
c106290,Игорь Шилов,,+79786318374,user106290@example.ru,Екатеринбург,,2026-08-17,19147
c91322,,Денис Лаптев,+7 (973) 480-11-63,user91322@example.ru,Красноярск,18.07.2025,,
c106316,Егор Зуев,,+79811763123,user106316@example.ru,Екатеринбург,,2026-08-30,44910
c90917,,Игорь Лаптев,+7 (954) 673-84-04,user90917@example.ru,Казань,21.02.2024,,
c103030,Артур Тихонов,,+79886388161,user103030@example.ru,Санкт-Петербург,,2026-06-22,84692
c104524,Юлия Панина,,+79415148160,user104524@example.ru,Москва,,2026-07-24,164961
c105147,Тимур Шилов,,+79476179712,user105147@example.ru,Екатеринбург,,2026-06-16,86800
c102098,Елена Сорокина,,+79438166644,user102098@example.ru,Москва,,2026-04-02,116627
c103062,Елена Зуева,,+79944543351,user103062@example.ru,Казань,,2026-08-16,5420
c92158,,Анна Ковальчук,+7 (979) 609-24-53,user92158@example.ru,Екатеринбург,14.06.2026,,
c106536,Кирилл Шилов,,+79281492379,user106536@example.ru,Екатеринбург,,2026-09-03,38119
c103975,Анна Мешкова,,+79676686491,user103975@example.ru,Екатеринбург,,2026-06-09,163396
c102740,Ольга Сорокина,,+79390207275,user102740@example.ru,Красноярск,,2026-06-03,174311
c91336,,Вера Юдина,+7 (991) 919-88-52,user91336@example.ru,Казань,24.03.2025,,
c90320,,Павел Панин,+7 (977) 713-54-39,user90320@example.ru,Москва,24.12.2025,,
c105143,,Артур Савельев,+7 (957) 849-67-57,user105143@example.ru,С.-Петербург,14.09.2025,,
c102788,,Наталья Мешкова,+7 (964) 982-60-68,user102788@example.ru,Казань,03.05.2024,,
c100087,Павел Юдин,,+79560628578,user100087@example.ru,Новосибирск,,2026-03-12,23421
c104494,Егор Зуев,,+79642268982,user104494@example.ru,Казань,,2026-01-27,86604
c90193,,Тимур Ермаков,+7 (934) 487-45-87,user90193@example.ru,Москва,05.09.2025,,
c101360,Вера Мешкова,,+79777965721,user101360@example.ru,Москва,,2026-06-02,72448
c106529,Кирилл Зуев,,+79907828684,user106529@example.ru,Новосибирск,,2026-06-25,29517
c106634,Полина Нестерова,,+79927769298,user106634@example.ru,Санкт-Петербург,,2026-04-26,44032
c104761,Максим Панин,,+79562463910,user104761@example.ru,Москва,,2026-04-28,57473
c101494,Артур Осипов,,+79175542908,user101494@example.ru,Санкт-Петербург,,2026-01-10,24584
c106722,Кирилл Панин,,+79996639066,user106722@example.ru,Санкт-Петербург,,2026-02-19,51332
c100430,Юлия Белых,,+79547284956,user100430@example.ru,Екатеринбург,,2026-03-15,45138
c101677,Полина Савельева,,+79584371647,user101677@example.ru,Казань,,2026-08-18,172857
c92328,,Павел Сорокин,+7 (999) 438-20-38,user92328@example.ru,Казань,09.05.2026,,
c91940,,Алиса Гордеева,+7 (995) 485-58-24,user91940@example.ru,Екатеринбург,25.09.2024,,
c90749,,Юлия Шилова,+7 (980) 167-99-69,user90749@example.ru,Красноярск,01.07.2024,,
c102102,Павел Савельев,,+79366584629,user102102@example.ru,Новосибирск,,2026-07-08,2817
c105380,Роман Нестеров,,+79175617576,user105380@example.ru,Санкт-Петербург,,2026-03-24,147067
c102305,Юлия Нестерова,,+79614427141,user102305@example.ru,Екатеринбург,,2026-07-12,48595
c104737,Павел Савельев,,+79740934280,user104737@example.ru,Екатеринбург,,2026-04-22,93899
c103043,Игорь Ковальчук,,+79781956768,user103043@example.ru,Новосибирск,,2026-03-01,77591
c100871,Денис Мешков,,+79291557964,user100871@example.ru,Казань,,2026-01-26,34189
c102963,Максим Шилов,,+79759529214,user102963@example.ru,Красноярск,,2026-03-25,575
c90758,,Глеб Осипов,+7 (982) 827-33-41,user90758@example.ru,С.-Петербург,23.12.2025,,
c103633,Денис Гордеев,,+79296877047,user103633@example.ru,Санкт-Петербург,,2026-06-08,43018
c101372,Артур Панин,,+79214098294,user101372@example.ru,Новосибирск,,2026-07-17,113296
c105502,Юлия Нестерова,,+79892624511,user105502@example.ru,Екатеринбург,,2026-08-29,151096
c105325,,Лидия Ермакова,+7 (939) 597-05-42,user105325@example.ru,Екатеринбург,26.11.2024,,
c104574,Тимур Мешков,,+79746002692,user104574@example.ru,Екатеринбург,,2026-06-25,157991
c100515,Егор Шилов,,+79175831142,user100515@example.ru,Санкт-Петербург,,2026-01-18,93033
c105978,Максим Нестеров,,+79261164233,user105978@example.ru,Москва,,2026-06-30,52551
c101358,Максим Нестеров,,+79246736193,user101358@example.ru,Москва,,2026-09-02,130555
c103246,Анна Гордеева,,+79378549321,user103246@example.ru,Красноярск,,2026-03-14,17923
c90058,,Кирилл Зуев,+7 (931) 518-47-42,user90058@example.ru,С.-Петербург,01.02.2026,,
c101035,Тимур Нестеров,,+79563357129,user101035@example.ru,Екатеринбург,,2026-02-14,22290
c100484,Алиса Гордеева,,+79922046156,user100484@example.ru,Санкт-Петербург,,2026-08-02,3079
c105894,Елена Ермакова,,+79773442708,user105894@example.ru,Санкт-Петербург,,2026-04-11,141122
c101459,Лидия Белых,,+79343907732,user101459@example.ru,Новосибирск,,2026-01-20,38645
c105286,Анна Лаптева,,+79372788523,user105286@example.ru,Новосибирск,,2026-06-07,16545
c90831,,Наталья Ковальчук,+7 (926) 989-73-88,user90831@example.ru,Москва,17.01.2026,,
c101097,Павел Шилов,,+79989449362,user101097@example.ru,Москва,,2026-04-21,126236
c102969,Тимур Лаптев,,+79309375757,user102969@example.ru,Москва,,2026-02-23,67841
c105850,Лидия Мешкова,,+79439932778,user105850@example.ru,Москва,,2026-09-09,43839
c103770,,Алиса Юдина,+7 (992) 181-71-99,user103770@example.ru,Казань,16.08.2024,,
c91668,,Максим Ковальчук,+7 (976) 804-92-01,user91668@example.ru,Москва,22.11.2025,,
c92047,,Наталья Савельева,+7 (915) 247-36-09,user92047@example.ru,Екатеринбург,19.12.2024,,
c101030,Игорь Гордеев,,+79242996186,user101030@example.ru,Екатеринбург,,2026-06-07,5915
c104375,Елена Савельева,,+79595931154,user104375@example.ru,Новосибирск,,2026-06-14,162979
c103098,Максим Нестеров,,+79771174527,user103098@example.ru,Красноярск,,2026-01-14,25468
c103476,Игорь Тихонов,,+79260706330,user103476@example.ru,Санкт-Петербург,,2026-02-01,81717
c103691,Артур Ермаков,,+79294570115,user103691@example.ru,Санкт-Петербург,,2026-04-16,14302
c101857,Игорь Шилов,,+79556941011,user101857@example.ru,Новосибирск,,2026-07-17,126392
c91082,,Елена Зуева,+7 (949) 544-64-90,user91082@example.ru,Новосибирск,23.06.2024,,
c106584,Глеб Гордеев,,+79832749639,user106584@example.ru,Екатеринбург,,2026-02-21,133651
c106620,Елена Тихонова,,+79152925575,user106620@example.ru,Екатеринбург,,2026-09-05,173393
c105359,Анна Шилова,,+79237932946,user105359@example.ru,Новосибирск,,2026-09-09,21631
c91052,,Максим Ковальчук,+7 (987) 211-89-95,user91052@example.ru,Казань,26.08.2025,,
c106789,Мария Нестерова,,+79964476118,user106789@example.ru,Красноярск,,2026-04-21,104222
c90798,,Полина Юдина,+7 (992) 938-98-23,user90798@example.ru,Красноярск,25.02.2026,,
c90818,,Денис Крылов,+7 (931) 413-30-69,user90818@example.ru,Екатеринбург,18.05.2024,,
c104725,Юлия Осипова,,+79956194498,user104725@example.ru,Новосибирск,,2026-06-25,173789
c105159,Ольга Крылова,,+79145027070,user105159@example.ru,Красноярск,,2026-04-07,91310
c90834,,Юлия Ермакова,+7 (969) 114-00-20,user90834@example.ru,Новосибирск,05.09.2024,,
c100796,,Елена Осипова,+7 (968) 710-85-52,user100796@example.ru,Москва,03.07.2025,,
c105366,Павел Лаптев,,+79378919775,user105366@example.ru,Санкт-Петербург,,2026-03-20,89603
c101569,Роман Осипов,,+79111530893,user101569@example.ru,Казань,,2026-04-21,75715
c103846,Игорь Панин,,+79905406035,user103846@example.ru,Красноярск,,2026-07-31,98899
c102128,Кирилл Белых,,+79235454023,user102128@example.ru,Красноярск,,2026-02-16,112049
c105161,Максим Ермаков,,+79725854559,user105161@example.ru,Екатеринбург,,2026-05-12,99765
c90261,,Юлия Осипова,+7 (927) 672-59-67,user90261@example.ru,Екатеринбург,27.08.2024,,
c104696,Тимур Юдин,,+79576648436,user104696@example.ru,Красноярск,,2026-06-05,76714
c104933,Роман Ермаков,,+79736826227,user104933@example.ru,Екатеринбург,,2026-03-12,52684
c100865,Егор Ковальчук,,+79835762490,user100865@example.ru,Казань,,2026-01-23,178607
c102650,Игорь Белых,,+79306837928,user102650@example.ru,Санкт-Петербург,,2026-09-05,23375
c100422,Артур Мешков,,+79868898931,user100422@example.ru,Екатеринбург,,2026-04-24,25586
c102528,Алиса Мешкова,,+79324782144,user102528@example.ru,Екатеринбург,,2026-06-18,104385
c105884,Наталья Савельева,,+79455399901,user105884@example.ru,Красноярск,,2026-04-12,68279
c103909,Ольга Панина,,+79318272682,user103909@example.ru,Новосибирск,,2026-06-23,93144
c105032,Егор Панин,,+79471854329,user105032@example.ru,Екатеринбург,,2026-05-21,129921
c103418,Максим Нестеров,,+79973127521,user103418@example.ru,Санкт-Петербург,,2026-04-30,176445
c100990,Денис Тихонов,,+79360248323,user100990@example.ru,Екатеринбург,,2026-08-13,21305
c101355,,Роман Савельев,+7 (937) 716-49-68,user101355@example.ru,Новосибирск,06.05.2026,,
c105943,,Игорь Шилов,+7 (987) 198-38-82,user105943@example.ru,Казань,20.01.2025,,
c90395,,Мария Юдина,+7 (913) 333-70-18,user90395@example.ru,Красноярск,19.03.2025,,
c90713,,Максим Гордеев,+7 (934) 451-18-08,user90713@example.ru,Екатеринбург,19.02.2025,,
c101283,Кирилл Нестеров,,+79159775962,user101283@example.ru,Москва,,2026-07-26,26400
c92168,,Вера Осипова,+7 (974) 135-00-50,user92168@example.ru,Москва,17.06.2024,,
c104913,Максим Савельев,,+79952770554,user104913@example.ru,Екатеринбург,,2026-01-07,81210
c102832,Юлия Сорокина,,+79906911272,user102832@example.ru,Казань,,2026-08-02,87359
c104686,Юлия Савельева,,+79978731563,user104686@example.ru,Новосибирск,,2026-01-24,171521
c100319,Роман Тихонов,,+79973017113,user100319@example.ru,Санкт-Петербург,,2026-02-16,108235
c102031,,Роман Шилов,+7 (967) 496-31-51,user102031@example.ru,Новосибирск,09.10.2025,,
c103530,Алиса Тихонова,,+79842563208,user103530@example.ru,Казань,,2026-04-03,28605
c100151,Юлия Зуева,,+79137378214,user100151@example.ru,Красноярск,,2026-06-23,19345
c106351,Денис Лаптев,,+79949038071,user106351@example.ru,Красноярск,,2026-03-26,152157
c105709,Денис Тихонов,,+79754601567,user105709@example.ru,Москва,,2026-05-06,46890
c101545,Вера Белых,,+79647200620,user101545@example.ru,Новосибирск,,2026-08-28,141476
c106430,,Игорь Савельев,+7 (971) 595-77-40,user106430@example.ru,Красноярск,28.04.2026,,
c102663,Игорь Савельев,,+79296418085,user102663@example.ru,Москва,,2026-06-02,24073
c90026,,Тимур Зуев,+7 (987) 125-10-98,user90026@example.ru,С.-Петербург,25.04.2026,,
c105118,Денис Ковальчук,,+79480479613,user105118@example.ru,Красноярск,,2026-02-19,87676
c103971,Наталья Шилова,,+79637345880,user103971@example.ru,Москва,,2026-07-20,100410
c90235,,Павел Ермаков,+7 (963) 335-14-08,user90235@example.ru,Красноярск,17.11.2025,,
c101634,Вера Мешкова,,+79574349810,user101634@example.ru,Екатеринбург,,2026-07-30,61993
c100060,Ольга Ермакова,,+79594696513,user100060@example.ru,Новосибирск,,2026-03-12,157114
c106188,Елена Шилова,,+79483925309,user106188@example.ru,Москва,,2026-02-16,171750
c103592,Юлия Сорокина,,+79212768333,user103592@example.ru,Казань,,2026-07-01,144355
c106074,Егор Гордеев,,+79780484371,user106074@example.ru,Красноярск,,2026-06-04,130995
c101885,Елена Мешкова,,+79734506280,user101885@example.ru,Санкт-Петербург,,2026-01-25,171975
c106069,Максим Юдин,,+79245208242,user106069@example.ru,Новосибирск,,2026-04-24,134733
c106419,,Елена Шилова,+7 (970) 639-24-99,user106419@example.ru,Екатеринбург,30.01.2024,,
c92185,,Вера Нестерова,+7 (966) 318-87-60,user92185@example.ru,Казань,21.12.2024,,
c90144,,Юлия Гордеева,+7 (948) 721-73-04,user90144@example.ru,Екатеринбург,29.11.2025,,
c103060,Лидия Крылова,,+79212655263,user103060@example.ru,Красноярск,,2026-06-01,109665
c100402,Павел Панин,,+79259052251,user100402@example.ru,Москва,,2026-09-09,152933
c92237,,Глеб Ермаков,+7 (956) 046-76-70,user92237@example.ru,Красноярск,14.05.2024,,
c100165,Игорь Лаптев,,+79624010091,user100165@example.ru,Екатеринбург,,2026-04-05,11911
c91624,,Тимур Мешков,+7 (987) 107-72-91,user91624@example.ru,С.-Петербург,05.09.2024,,
c91684,,Тимур Зуев,+7 (949) 116-64-10,user91684@example.ru,Москва,14.10.2024,,
c102376,Кирилл Лаптев,,+79252569636,user102376@example.ru,Москва,,2026-07-09,121824
c104060,Юлия Шилова,,+79321359813,user104060@example.ru,Москва,,2026-04-14,7619
c101375,Артур Савельев,,+79437614688,user101375@example.ru,Санкт-Петербург,,2026-05-29,93144
c103194,Денис Панин,,+79738289609,user103194@example.ru,Казань,,2026-03-27,1058
c101923,Мария Зуева,,+79373348324,user101923@example.ru,Екатеринбург,,2026-06-17,99646
c100502,Мария Нестерова,,+79610645516,user100502@example.ru,Санкт-Петербург,,2026-07-02,19898
c92119,,Полина Сорокина,+7 (994) 064-49-44,user92119@example.ru,Екатеринбург,24.05.2025,,
c100190,Анна Ермакова,,+79485228303,user100190@example.ru,Екатеринбург,,2026-02-04,123976
c91431,,Юлия Зуева,+7 (986) 909-24-47,user91431@example.ru,Казань,29.12.2025,,
c90450,,Полина Панина,+7 (978) 283-07-49,user90450@example.ru,Казань,21.11.2024,,
c104731,Ольга Панина,,+79208296648,user104731@example.ru,Красноярск,,2026-01-07,34104
c92142,,Наталья Сорокина,+7 (921) 179-29-09,user92142@example.ru,Красноярск,22.03.2026,,
c90584,,Денис Панин,+7 (995) 758-66-63,user90584@example.ru,Казань,02.04.2024,,
c104045,Елена Мешкова,,+79802101185,user104045@example.ru,Екатеринбург,,2026-02-13,42745
c90458,,Денис Зуев,+7 (916) 484-32-85,user90458@example.ru,Екатеринбург,18.08.2024,,
c92403,,Алиса Крылова,+7 (941) 938-86-70,user92403@example.ru,Москва,18.02.2025,,
c104615,Мария Панина,,+79987988484,user104615@example.ru,Красноярск,,2026-05-04,4180
c104575,Роман Мешков,,+79287681415,user104575@example.ru,Москва,,2026-03-10,59812
c102271,Полина Ковальчук,,+79493831191,user102271@example.ru,Москва,,2026-06-08,41907
c100453,Глеб Сорокин,,+79340927907,user100453@example.ru,Новосибирск,,2026-07-14,149112
c90326,,Алиса Крылова,+7 (984) 916-10-24,user90326@example.ru,Новосибирск,22.05.2025,,
c100568,Алиса Гордеева,,+79162730386,user100568@example.ru,Новосибирск,,2026-05-05,133655
c101767,Глеб Осипов,,+79532822706,user101767@example.ru,Екатеринбург,,2026-04-26,164418
c105546,Мария Гордеева,,+79791695223,user105546@example.ru,Екатеринбург,,2026-05-21,77486
c100063,Максим Гордеев,,+79814732357,user100063@example.ru,Москва,,2026-08-16,3734
c103027,Глеб Юдин,,+79375201819,user103027@example.ru,Санкт-Петербург,,2026-08-25,5678
c105346,Артур Зуев,,+79772546810,user105346@example.ru,Москва,,2026-03-15,110587
c103479,,Ольга Тихонова,+7 (925) 332-16-09,user103479@example.ru,Новосибирск,02.02.2026,,
c92229,,Юлия Сорокина,+7 (911) 490-25-74,user92229@example.ru,Новосибирск,15.11.2025,,
c91597,,Полина Ермакова,+7 (954) 982-48-18,user91597@example.ru,Новосибирск,25.04.2024,,
c103940,Ольга Осипова,,+79646595715,user103940@example.ru,Новосибирск,,2026-01-11,142020
c105280,Павел Ермаков,,+79811002417,user105280@example.ru,Казань,,2026-08-19,176872
c91398,,Максим Савельев,+7 (931) 377-64-73,user91398@example.ru,Казань,06.04.2024,,
c101566,Юлия Савельева,,+79400256140,user101566@example.ru,Новосибирск,,2026-05-27,119878
c101367,Алиса Тихонова,,+79323745211,user101367@example.ru,Москва,,2026-07-28,42779
c106221,Вера Гордеева,,+79716999534,user106221@example.ru,Новосибирск,,2026-02-08,36819
c105201,Егор Тихонов,,+79106041872,user105201@example.ru,Москва,,2026-04-05,48711
c106180,Анна Тихонова,,+79105752617,user106180@example.ru,Москва,,2026-01-31,135828
c105652,Лидия Лаптева,,+79994143271,user105652@example.ru,Казань,,2026-06-17,172786
c101901,Денис Ковальчук,,+79341536822,user101901@example.ru,Казань,,2026-08-03,12362
c105905,Анна Нестерова,,+79717813111,user105905@example.ru,Санкт-Петербург,,2026-08-17,93760
c104010,Лидия Шилова,,+79199392449,user104010@example.ru,Новосибирск,,2026-08-07,15600
c90550,,Анна Мешкова,+7 (946) 239-49-10,user90550@example.ru,Москва,20.10.2025,,
c105323,Тимур Мешков,,+79244343113,user105323@example.ru,Екатеринбург,,2026-02-20,174531
c101033,Анна Лаптева,,+79203629214,user101033@example.ru,Казань,,2026-06-28,89968
c102510,Лидия Гордеева,,+79723399047,user102510@example.ru,Москва,,2026-03-27,66472
c91442,,Егор Осипов,+7 (992) 637-35-15,user91442@example.ru,Казань,18.02.2026,,
c106038,Егор Савельев,,+79921626244,user106038@example.ru,Новосибирск,,2026-08-31,108612
c103669,Тимур Тихонов,,+79441137197,user103669@example.ru,Красноярск,,2026-06-14,158848
c105467,Глеб Панин,,+79538596518,user105467@example.ru,Екатеринбург,,2026-03-16,23551
c103771,Ольга Белых,,+79283717383,user103771@example.ru,Екатеринбург,,2026-03-01,38886
c91401,,Тимур Нестеров,+7 (944) 138-15-49,user91401@example.ru,Екатеринбург,11.09.2024,,
c101575,Артур Шилов,,+79943748423,user101575@example.ru,Санкт-Петербург,,2026-02-19,68544
c101400,Игорь Лаптев,,+79783557156,user101400@example.ru,Екатеринбург,,2026-07-16,59026
c100408,,Вера Панина,+7 (916) 360-88-31,user100408@example.ru,Казань,19.02.2025,,
c103213,Павел Нестеров,,+79538628005,user103213@example.ru,Новосибирск,,2026-02-09,142236
c104722,Наталья Осипова,,+79873187685,user104722@example.ru,Екатеринбург,,2026-07-04,34174
c102957,Наталья Шилова,,+79414189892,user102957@example.ru,Москва,,2026-05-05,105154
c104948,Артур Ковальчук,,+79781948047,user104948@example.ru,Казань,,2026-07-24,133551
c91184,,Денис Шилов,+7 (925) 471-22-11,user91184@example.ru,Красноярск,17.09.2024,,
c92063,,Тимур Ковальчук,+7 (923) 212-63-52,user92063@example.ru,Новосибирск,13.05.2026,,
c102916,,Алиса Крылова,+7 (966) 758-33-29,user102916@example.ru,Москва,17.05.2025,,
c102730,Артур Ермаков,,+79358965090,user102730@example.ru,Красноярск,,2026-04-13,147359
c103467,Егор Савельев,,+79380487040,user103467@example.ru,Екатеринбург,,2026-02-11,110364
c103221,Мария Панина,,+79666243719,user103221@example.ru,Екатеринбург,,2026-03-18,120842
c106818,Вера Ковальчук,,+79421236813,user106818@example.ru,Новосибирск,,2026-07-01,151646
c100569,,Ольга Мешкова,+7 (972) 598-35-25,user100569@example.ru,С.-Петербург,26.04.2024,,
c103033,Ольга Панина,,+79174138292,user103033@example.ru,Екатеринбург,,2026-06-09,117197
c90923,,Роман Ковальчук,+7 (983) 615-30-29,user90923@example.ru,Новосибирск,04.02.2026,,
c102342,Юлия Осипова,,+79556717067,user102342@example.ru,Казань,,2026-08-21,5723
c92277,,Юлия Шилова,+7 (994) 269-08-53,user92277@example.ru,С.-Петербург,21.10.2024,,
c101265,Лидия Савельева,,+79408706596,user101265@example.ru,Санкт-Петербург,,2026-03-09,70642
c106739,Тимур Савельев,,+79716677146,user106739@example.ru,Москва,,2026-03-13,15410
c106771,Тимур Сорокин,,+79855443362,user106771@example.ru,Санкт-Петербург,,2026-01-07,158538
c102564,Анна Савельева,,+79537450523,user102564@example.ru,Санкт-Петербург,,2026-04-14,81330
c104456,Алиса Ермакова,,+79444909802,user104456@example.ru,Красноярск,,2026-05-18,75105
c103730,Наталья Ермакова,,+79145759258,user103730@example.ru,Екатеринбург,,2026-07-09,22450
c105841,,Игорь Юдин,+7 (975) 045-52-91,user105841@example.ru,Москва,15.03.2024,,
c102913,Вера Осипова,,+79949876794,user102913@example.ru,Екатеринбург,,2026-07-30,11873
c104646,Игорь Белых,,+79140046570,user104646@example.ru,Екатеринбург,,2026-02-19,74098
c91846,,Анна Крылова,+7 (947) 005-94-68,user91846@example.ru,Красноярск,25.12.2025,,
c101160,,Полина Ермакова,+7 (956) 640-05-79,user101160@example.ru,Новосибирск,08.03.2024,,
c100401,Игорь Белых,,+79724630266,user100401@example.ru,Казань,,2026-04-29,165182
c100473,Юлия Юдина,,+79708476165,user100473@example.ru,Казань,,2026-09-05,130284
c103278,Юлия Юдина,,+79143127159,user103278@example.ru,Новосибирск,,2026-04-07,39169
c103475,Полина Шилова,,+79820414134,user103475@example.ru,Новосибирск,,2026-06-02,137929
c105704,Артур Сорокин,,+79710797458,user105704@example.ru,Новосибирск,,2026-01-20,152081
c104792,Тимур Мешков,,+79584669019,user104792@example.ru,Екатеринбург,,2026-03-18,135717
c104926,Наталья Ермакова,,+79389379554,user104926@example.ru,Санкт-Петербург,,2026-08-05,179488
c100668,,Вера Ермакова,+7 (912) 096-58-55,user100668@example.ru,Екатеринбург,15.01.2024,,
c100695,Юлия Панина,,+79742115800,user100695@example.ru,Екатеринбург,,2026-02-20,139155
c103619,Вера Панина,,+79700314987,user103619@example.ru,Красноярск,,2026-05-28,136549
c103822,Юлия Юдина,,+79384031759,user103822@example.ru,Екатеринбург,,2026-06-22,152692
c103555,Роман Белых,,+79802233158,user103555@example.ru,Санкт-Петербург,,2026-06-15,55319
c103656,Мария Гордеева,,+79280448262,user103656@example.ru,Екатеринбург,,2026-08-02,152714
c106432,Павел Зуев,,+79904104370,user106432@example.ru,Казань,,2026-01-09,82373
c106886,Елена Савельева,,+79642110145,user106886@example.ru,Новосибирск,,2026-07-16,118690
c102947,Егор Лаптев,,+79477347408,user102947@example.ru,Санкт-Петербург,,2026-03-29,13373
c100262,Тимур Ковальчук,,+79887321803,user100262@example.ru,Новосибирск,,2026-04-03,46009
c104066,Артур Тихонов,,+79191139722,user104066@example.ru,Казань,,2026-07-24,172294
c105006,,Игорь Юдин,+7 (962) 355-81-76,user105006@example.ru,Новосибирск,25.12.2025,,
c106779,Максим Савельев,,+79207994753,user106779@example.ru,Санкт-Петербург,,2026-01-10,94726
c103361,,Елена Панина,+7 (923) 894-05-91,user103361@example.ru,Новосибирск,03.10.2024,,
c100732,Наталья Тихонова,,+79557205723,user100732@example.ru,Санкт-Петербург,,2026-01-05,132252
c103336,Роман Шилов,,+79537188802,user103336@example.ru,Екатеринбург,,2026-02-11,57857
c105747,Денис Лаптев,,+79108262106,user105747@example.ru,Казань,,2026-02-27,140740
c106377,Лидия Ковальчук,,+79362602545,user106377@example.ru,Новосибирск,,2026-01-29,126696
c101011,Павел Шилов,,+79822176545,user101011@example.ru,Казань,,2026-03-15,97476
c101391,Ольга Юдина,,+79753439322,user101391@example.ru,Красноярск,,2026-01-12,115023
c92140,,Роман Ермаков,+7 (913) 954-55-99,user92140@example.ru,Казань,29.02.2024,,
c104352,Елена Тихонова,,+79949238980,user104352@example.ru,Новосибирск,,2026-08-08,148149
c105108,Игорь Белых,,+79106921600,user105108@example.ru,Красноярск,,2026-01-14,166597
c101779,,Анна Панина,+7 (993) 564-57-89,user101779@example.ru,Казань,10.12.2024,,
c103464,Наталья Крылова,,+79659748840,user103464@example.ru,Красноярск,,2026-06-29,113973
c106298,Вера Лаптева,,+79658651291,user106298@example.ru,Москва,,2026-08-20,137229
c104447,Ольга Гордеева,,+79638826399,user104447@example.ru,Красноярск,,2026-06-26,61299
c101132,Юлия Зуева,,+79858763045,user101132@example.ru,Санкт-Петербург,,2026-01-05,35524
c102752,Елена Шилова,,+79267458792,user102752@example.ru,Красноярск,,2026-02-03,98259
c101159,Тимур Шилов,,+79284619789,user101159@example.ru,Москва,,2026-02-12,74932
c103745,Кирилл Белых,,+79701442337,user103745@example.ru,Москва,,2026-09-10,97344
c90133,,Артур Ковальчук,+7 (932) 202-42-25,user90133@example.ru,Екатеринбург,24.10.2025,,
c106297,Артур Гордеев,,+79606349014,user106297@example.ru,Казань,,2026-06-04,18848
c92018,,Наталья Мешкова,+7 (961) 877-74-08,user92018@example.ru,Красноярск,22.04.2026,,
c91084,,Елена Зуева,+7 (962) 932-55-32,user91084@example.ru,Москва,05.06.2026,,
c90982,,Денис Савельев,+7 (927) 591-47-09,user90982@example.ru,Новосибирск,06.07.2025,,
c102324,Полина Сорокина,,+79381216616,user102324@example.ru,Москва,,2026-07-07,56323
c92104,,Егор Зуев,+7 (986) 257-10-15,user92104@example.ru,Новосибирск,20.11.2024,,
c91399,,Глеб Мешков,+7 (944) 487-10-66,user91399@example.ru,Екатеринбург,18.11.2024,,
c102712,Юлия Сорокина,,+79470244073,user102712@example.ru,Красноярск,,2026-05-22,117605
c91089,,Игорь Панин,+7 (988) 479-16-93,user91089@example.ru,С.-Петербург,30.12.2024,,
c101018,Роман Сорокин,,+79649505770,user101018@example.ru,Санкт-Петербург,,2026-08-22,137921
c104304,Вера Белых,,+79535912770,user104304@example.ru,Екатеринбург,,2026-09-11,10415
c91137,,Алиса Крылова,+7 (939) 171-78-38,user91137@example.ru,Новосибирск,25.02.2025,,
c105347,Максим Зуев,,+79400454840,user105347@example.ru,Москва,,2026-08-01,37765
c105559,Елена Белых,,+79630760239,user105559@example.ru,Санкт-Петербург,,2026-06-08,88068
c90038,,Глеб Нестеров,+7 (914) 229-87-13,user90038@example.ru,Екатеринбург,18.10.2024,,
c105784,,Юлия Нестерова,+7 (952) 023-08-18,user105784@example.ru,Казань,25.06.2024,,
c106436,Кирилл Зуев,,+79741779593,user106436@example.ru,Москва,,2026-04-18,171233
c105490,,Алиса Зуева,+7 (963) 242-22-20,user105490@example.ru,С.-Петербург,06.03.2026,,
c90940,,Егор Шилов,+7 (919) 381-83-97,user90940@example.ru,Москва,14.03.2024,,
c105965,Игорь Ермаков,,+79710515325,user105965@example.ru,Красноярск,,2026-08-26,67036
c91769,,Ольга Тихонова,+7 (933) 735-08-56,user91769@example.ru,Екатеринбург,09.03.2025,,
c100910,Кирилл Ковальчук,,+79853213230,user100910@example.ru,Москва,,2026-05-30,136837
c104644,Денис Юдин,,+79742345720,user104644@example.ru,Красноярск,,2026-07-29,108101
c90311,,Вера Нестерова,+7 (922) 323-46-49,user90311@example.ru,Новосибирск,27.03.2024,,
c90619,,Анна Гордеева,+7 (970) 546-19-21,user90619@example.ru,Москва,21.03.2024,,
c105283,Роман Тихонов,,+79574391512,user105283@example.ru,Казань,,2026-08-05,89185
c104302,Анна Ермакова,,+79549068204,user104302@example.ru,Москва,,2026-07-01,80837
c100275,Кирилл Панин,,+79555572375,user100275@example.ru,Екатеринбург,,2026-01-16,20627
c105822,Елена Шилова,,+79168675951,user105822@example.ru,Казань,,2026-04-14,8581
c101823,Наталья Савельева,,+79266042434,user101823@example.ru,Новосибирск,,2026-01-19,125433
c102466,Вера Ковальчук,,+79381352388,user102466@example.ru,Казань,,2026-06-17,44745
c106361,Мария Лаптева,,+79324870759,user106361@example.ru,Новосибирск,,2026-03-11,72011
c102026,,Алиса Нестерова,+7 (923) 256-71-02,user102026@example.ru,Екатеринбург,25.12.2024,,
c103293,Артур Тихонов,,+79492409338,user103293@example.ru,Новосибирск,,2026-06-04,154490
c91708,,Егор Сорокин,+7 (960) 502-38-50,user91708@example.ru,Екатеринбург,18.01.2026,,
c103999,Вера Тихонова,,+79795174493,user103999@example.ru,Екатеринбург,,2026-02-19,99796
c103057,Мария Зуева,,+79615254581,user103057@example.ru,Екатеринбург,,2026-01-13,41382
c102425,Егор Савельев,,+79957053913,user102425@example.ru,Новосибирск,,2026-01-17,31181
c106711,Денис Осипов,,+79228235691,user106711@example.ru,Москва,,2026-08-20,27397
c106216,Максим Белых,,+79240947307,user106216@example.ru,Екатеринбург,,2026-04-19,28566
c103128,,Глеб Панин,+7 (956) 738-16-84,user103128@example.ru,Казань,16.02.2025,,
c103608,Егор Мешков,,+79427255706,user103608@example.ru,Казань,,2026-01-16,81369
c104716,Лидия Панина,,+79377960612,user104716@example.ru,Екатеринбург,,2026-08-07,145709
c90190,,Денис Белых,+7 (921) 703-49-95,user90190@example.ru,Красноярск,07.08.2025,,
c100565,Алиса Ермакова,,+79585007296,user100565@example.ru,Красноярск,,2026-03-29,102356
c101291,Вера Мешкова,,+79274660608,user101291@example.ru,Казань,,2026-02-20,96132
c91788,,Денис Нестеров,+7 (976) 732-84-40,user91788@example.ru,Новосибирск,12.08.2024,,
c100351,Роман Шилов,,+79474215079,user100351@example.ru,Казань,,2026-03-26,97890
c90512,,Максим Сорокин,+7 (942) 643-70-78,user90512@example.ru,С.-Петербург,29.11.2025,,
c100060,,Вера Панина,+7 (957) 375-02-46,user100060@example.ru,Москва,01.02.2025,,
c100475,Лидия Савельева,,+79637288215,user100475@example.ru,Москва,,2026-02-12,39134
c105859,Юлия Юдина,,+79527355629,user105859@example.ru,Новосибирск,,2026-07-10,161991
c101218,Юлия Ермакова,,+79750875991,user101218@example.ru,Екатеринбург,,2026-03-05,128464
c101889,Мария Ковальчук,,+79275884622,user101889@example.ru,Москва,,2026-04-04,122290
c103639,,Глеб Ермаков,+7 (921) 543-02-42,user103639@example.ru,Новосибирск,24.02.2025,,
c102759,,Анна Ковальчук,+7 (944) 913-17-77,user102759@example.ru,Новосибирск,21.03.2025,,
c103263,Юлия Мешкова,,+79234430465,user103263@example.ru,Красноярск,,2026-04-29,43577
c102163,Лидия Ковальчук,,+79794139085,user102163@example.ru,Екатеринбург,,2026-05-11,118361
c101418,Лидия Крылова,,+79794915354,user101418@example.ru,Казань,,2026-08-11,102816
c100575,,Юлия Ковальчук,+7 (944) 591-12-09,user100575@example.ru,Новосибирск,30.06.2024,,
c102140,Алиса Белых,,+79281914776,user102140@example.ru,Екатеринбург,,2026-03-14,10343
c106080,Мария Белых,,+79273446687,user106080@example.ru,Казань,,2026-01-27,15740
c105047,Наталья Осипова,,+79372574922,user105047@example.ru,Москва,,2026-04-06,174867
c104510,Кирилл Зуев,,+79612539111,user104510@example.ru,Красноярск,,2026-04-27,144906
c90359,,Егор Савельев,+7 (985) 795-08-16,user90359@example.ru,Москва,31.03.2025,,
c100912,Наталья Осипова,,+79309293284,user100912@example.ru,Красноярск,,2026-08-31,146165
c103682,Мария Шилова,,+79202646700,user103682@example.ru,Новосибирск,,2026-08-05,57217
c102093,Павел Гордеев,,+79790669878,user102093@example.ru,Красноярск,,2026-04-19,175421
c102143,Вера Шилова,,+79461930733,user102143@example.ru,Красноярск,,2026-06-19,89478
c101062,Ольга Крылова,,+79415877397,user101062@example.ru,Москва,,2026-05-04,54297
c100825,Ольга Гордеева,,+79621661823,user100825@example.ru,Москва,,2026-04-19,124583
c91195,,Анна Ковальчук,+7 (998) 235-80-90,user91195@example.ru,Москва,22.12.2024,,
c104040,Ольга Мешкова,,+79709240486,user104040@example.ru,Новосибирск,,2026-03-18,5180
c100399,Юлия Шилова,,+79849420624,user100399@example.ru,Москва,,2026-08-02,120025
c92344,,Егор Белых,+7 (966) 892-26-35,user92344@example.ru,Москва,07.11.2024,,
c90142,,Елена Ковальчук,+7 (999) 736-09-05,user90142@example.ru,Красноярск,17.03.2025,,
c101286,Наталья Сорокина,,+79206445303,user101286@example.ru,Москва,,2026-06-18,20139
c106759,,Денис Савельев,+7 (924) 947-33-01,user106759@example.ru,Казань,07.10.2024,,
c102998,Мария Сорокина,,+79638851049,user102998@example.ru,Казань,,2026-02-07,129891
c104991,Вера Лаптева,,+79563732012,user104991@example.ru,Красноярск,,2026-03-08,133215
c103235,Юлия Савельева,,+79475800041,user103235@example.ru,Екатеринбург,,2026-04-22,58611
c102939,,Вера Гордеева,+7 (974) 495-75-02,user102939@example.ru,Москва,07.11.2025,,
c103126,Максим Юдин,,+79108210874,user103126@example.ru,Москва,,2026-02-06,109668
c90036,,Анна Лаптева,+7 (921) 451-36-09,user90036@example.ru,Екатеринбург,28.03.2026,,
c103094,Кирилл Зуев,,+79914326209,user103094@example.ru,Екатеринбург,,2026-07-27,18366
c103315,Кирилл Сорокин,,+79239714654,user103315@example.ru,Санкт-Петербург,,2026-06-20,96238
c102600,Егор Шилов,,+79610896891,user102600@example.ru,Новосибирск,,2026-02-03,21674
c103964,Роман Ковальчук,,+79253034016,user103964@example.ru,Москва,,2026-02-25,139578
c101130,Лидия Лаптева,,+79162067293,user101130@example.ru,Новосибирск,,2026-06-25,1019
c90355,,Лидия Тихонова,+7 (934) 469-43-44,user90355@example.ru,Екатеринбург,20.05.2024,,
c103906,Мария Гордеева,,+79237109350,user103906@example.ru,Москва,,2026-08-31,13664
c90576,,Алиса Белых,+7 (984) 999-23-72,user90576@example.ru,С.-Петербург,27.05.2024,,
c101626,Павел Ермаков,,+79217423107,user101626@example.ru,Екатеринбург,,2026-04-16,74536
c91868,,Алиса Панина,+7 (947) 186-43-48,user91868@example.ru,С.-Петербург,25.11.2024,,
c91963,,Тимур Белых,+7 (943) 083-68-90,user91963@example.ru,Екатеринбург,03.07.2024,,
c102536,,Мария Крылова,+7 (924) 011-30-43,user102536@example.ru,Москва,30.06.2025,,
c100039,Артур Крылов,,+79166202379,user100039@example.ru,Красноярск,,2026-03-08,27657
c106399,Кирилл Мешков,,+79199828276,user106399@example.ru,Москва,,2026-03-21,59973
c105053,Наталья Крылова,,+79647759349,user105053@example.ru,Екатеринбург,,2026-02-07,3000
c103598,,Алиса Юдина,+7 (972) 569-53-89,user103598@example.ru,Казань,01.09.2025,,
c103872,Алиса Тихонова,,+79155767604,user103872@example.ru,Екатеринбург,,2026-03-19,44725
c90790,,Мария Мешкова,+7 (971) 849-92-09,user90790@example.ru,Новосибирск,08.07.2024,,
c100148,Артур Гордеев,,+79600968856,user100148@example.ru,Новосибирск,,2026-02-01,6542
c101001,Елена Сорокина,,+79261521128,user101001@example.ru,Москва,,2026-02-24,93762
c105665,Артур Зуев,,+79201530742,user105665@example.ru,Казань,,2026-04-15,59866
c104147,,Лидия Панина,+7 (930) 908-57-61,user104147@example.ru,Казань,10.06.2025,,
c104311,Глеб Гордеев,,+79659019610,user104311@example.ru,Казань,,2026-07-23,138831
c100242,Тимур Зуев,,+79274989780,user100242@example.ru,Красноярск,,2026-02-05,105940
c100499,Артур Тихонов,,+79311485134,user100499@example.ru,Новосибирск,,2026-02-26,69774
c90442,,Роман Лаптев,+7 (911) 410-74-07,user90442@example.ru,Казань,05.10.2025,,
c104505,Алиса Сорокина,,+79434050574,user104505@example.ru,Красноярск,,2026-07-09,86014
c102192,Юлия Юдина,,+79886275305,user102192@example.ru,Новосибирск,,2026-04-27,120303
c103401,Анна Нестерова,,+79958637353,user103401@example.ru,Екатеринбург,,2026-06-25,35261
c100140,,Игорь Панин,+7 (946) 925-11-72,user100140@example.ru,Москва,23.10.2024,,
c105368,Ольга Мешкова,,+79199336707,user105368@example.ru,Казань,,2026-06-17,99204
c100777,Ольга Осипова,,+79207953045,user100777@example.ru,Екатеринбург,,2026-02-15,94553
c91446,,Елена Шилова,+7 (934) 837-74-19,user91446@example.ru,Екатеринбург,23.03.2025,,
c90189,,Артур Зуев,+7 (948) 158-42-95,user90189@example.ru,Новосибирск,16.08.2024,,
c106614,Артур Крылов,,+79660463309,user106614@example.ru,Новосибирск,,2026-05-05,78670
c105040,,Егор Панин,+7 (924) 781-68-05,user105040@example.ru,Екатеринбург,02.10.2024,,
c91524,,Павел Ковальчук,+7 (956) 807-82-10,user91524@example.ru,Москва,31.10.2024,,
c91043,,Ольга Осипова,+7 (976) 700-26-00,user91043@example.ru,С.-Петербург,04.07.2025,,
c104174,Наталья Мешкова,,+79471893767,user104174@example.ru,Санкт-Петербург,,2026-03-06,55051
c101572,Тимур Шилов,,+79670446611,user101572@example.ru,Екатеринбург,,2026-03-23,15841
c90337,,Мария Нестерова,+7 (931) 669-35-76,user90337@example.ru,Москва,25.09.2025,,
c90637,,Павел Гордеев,+7 (946) 404-13-80,user90637@example.ru,Красноярск,19.10.2025,,
c100150,Егор Тихонов,,+79845133545,user100150@example.ru,Москва,,2026-07-10,139516
c100438,Тимур Ковальчук,,+79247045160,user100438@example.ru,Москва,,2026-09-05,46802
c104617,,Егор Лаптев,+7 (941) 474-35-97,user104617@example.ru,Екатеринбург,16.06.2025,,
c102222,,Наталья Ермакова,+7 (971) 631-93-06,user102222@example.ru,Красноярск,21.05.2024,,
c90935,,Роман Белых,+7 (954) 921-00-23,user90935@example.ru,Новосибирск,15.02.2024,,
c102772,Алиса Панина,,+79368307982,user102772@example.ru,Екатеринбург,,2026-03-11,140843
c100143,Тимур Крылов,,+79259113961,user100143@example.ru,Санкт-Петербург,,2026-05-29,11205
c102655,Максим Зуев,,+79187303634,user102655@example.ru,Москва,,2026-08-30,161468
c90507,,Павел Тихонов,+7 (991) 130-73-21,user90507@example.ru,Москва,20.02.2026,,
c102653,Лидия Юдина,,+79577120799,user102653@example.ru,Санкт-Петербург,,2026-05-01,133321
c104138,Анна Зуева,,+79532327394,user104138@example.ru,Екатеринбург,,2026-04-18,39492
c102876,Игорь Ермаков,,+79773124620,user102876@example.ru,Москва,,2026-06-02,8539
c104791,Игорь Гордеев,,+79278296397,user104791@example.ru,Екатеринбург,,2026-08-02,166236
c91583,,Лидия Ковальчук,+7 (955) 210-75-24,user91583@example.ru,Москва,20.08.2024,,
c103170,Юлия Нестерова,,+79843808755,user103170@example.ru,Красноярск,,2026-07-25,70687
c104837,Денис Юдин,,+79551830848,user104837@example.ru,Казань,,2026-04-30,49326
c104534,Наталья Панина,,+79536697856,user104534@example.ru,Новосибирск,,2026-03-31,66088
c92198,,Павел Шилов,+7 (961) 573-35-74,user92198@example.ru,С.-Петербург,25.08.2025,,
c103515,Тимур Белых,,+79818550938,user103515@example.ru,Екатеринбург,,2026-02-06,88464
c104758,Наталья Осипова,,+79593619702,user104758@example.ru,Казань,,2026-03-23,91982
c102654,Анна Осипова,,+79670273005,user102654@example.ru,Новосибирск,,2026-05-05,149781
c90411,,Ольга Шилова,+7 (987) 460-28-83,user90411@example.ru,С.-Петербург,10.03.2024,,
c105259,Наталья Юдина,,+79492935792,user105259@example.ru,Москва,,2026-04-08,167838
c106094,Наталья Лаптева,,+79438048341,user106094@example.ru,Москва,,2026-08-11,41028
c101396,,Кирилл Гордеев,+7 (974) 337-37-46,user101396@example.ru,Новосибирск,16.06.2025,,
c100556,Павел Гордеев,,+79899247207,user100556@example.ru,Екатеринбург,,2026-06-15,92067
c91780,,Роман Гордеев,+7 (988) 689-48-99,user91780@example.ru,Новосибирск,02.09.2024,,
c91614,,Алиса Гордеева,+7 (912) 584-53-76,user91614@example.ru,Красноярск,29.01.2026,,
c102125,Павел Гордеев,,+79739002384,user102125@example.ru,Санкт-Петербург,,2026-08-08,64374
c101190,Полина Савельева,,+79233798930,user101190@example.ru,Красноярск,,2026-01-14,170654
c105078,Полина Шилова,,+79969223769,user105078@example.ru,Новосибирск,,2026-06-25,52938
c91783,,Артур Ковальчук,+7 (968) 135-88-99,user91783@example.ru,Екатеринбург,17.01.2026,,
c91189,,Полина Юдина,+7 (930) 885-11-86,user91189@example.ru,Казань,04.06.2024,,
c100802,Тимур Нестеров,,+79431194635,user100802@example.ru,Екатеринбург,,2026-06-26,127957
c90913,,Юлия Осипова,+7 (922) 315-60-61,user90913@example.ru,С.-Петербург,10.11.2024,,
c103832,Юлия Осипова,,+79137983057,user103832@example.ru,Красноярск,,2026-06-15,100616
c102706,Алиса Гордеева,,+79352747497,user102706@example.ru,Екатеринбург,,2026-04-23,36687
c90764,,Роман Зуев,+7 (922) 489-42-84,user90764@example.ru,Москва,05.06.2025,,
c104342,Егор Осипов,,+79914649242,user104342@example.ru,Казань,,2026-06-20,127940
c102828,Лидия Сорокина,,+79490831115,user102828@example.ru,Екатеринбург,,2026-04-16,134425
c103258,Артур Белых,,+79408894570,user103258@example.ru,Казань,,2026-04-13,26848
c102094,Анна Осипова,,+79403328187,user102094@example.ru,Новосибирск,,2026-03-11,103435
c103456,Полина Нестерова,,+79732049628,user103456@example.ru,Санкт-Петербург,,2026-01-31,43033
c102332,Юлия Крылова,,+79167402186,user102332@example.ru,Екатеринбург,,2026-07-07,54896
c90461,,Алиса Осипова,+7 (979) 396-84-48,user90461@example.ru,Новосибирск,13.01.2026,,
c101256,Глеб Савельев,,+79295629247,user101256@example.ru,Екатеринбург,,2026-08-08,57339
c106733,Тимур Гордеев,,+79131592472,user106733@example.ru,Новосибирск,,2026-01-29,169284
c102263,Лидия Крылова,,+79411342776,user102263@example.ru,Екатеринбург,,2026-09-02,130772
c105482,,Елена Зуева,+7 (960) 872-61-82,user105482@example.ru,Красноярск,17.08.2024,,
c90882,,Глеб Крылов,+7 (950) 872-78-03,user90882@example.ru,С.-Петербург,20.04.2025,,
c100947,Алиса Нестерова,,+79381101244,user100947@example.ru,Казань,,2026-07-05,19740
c103954,Денис Ермаков,,+79396595382,user103954@example.ru,Новосибирск,,2026-09-08,127374
c102841,Тимур Нестеров,,+79986324549,user102841@example.ru,Красноярск,,2026-07-06,39586
c100163,Мария Савельева,,+79142391756,user100163@example.ru,Москва,,2026-08-18,168774
c101395,Роман Ковальчук,,+79205150936,user101395@example.ru,Красноярск,,2026-04-15,70130
c101759,,Денис Савельев,+7 (954) 810-70-45,user101759@example.ru,Екатеринбург,17.04.2024,,
c105849,Павел Гордеев,,+79312064255,user105849@example.ru,Красноярск,,2026-02-20,65705
c103990,,Алиса Крылова,+7 (980) 479-29-96,user103990@example.ru,Екатеринбург,22.07.2025,,
c105305,Глеб Зуев,,+79708172394,user105305@example.ru,Москва,,2026-01-11,130523
c101786,Вера Шилова,,+79746342531,user101786@example.ru,Москва,,2026-05-31,58795
c101755,Тимур Тихонов,,+79529555585,user101755@example.ru,Санкт-Петербург,,2026-02-19,49019
c100461,Ольга Лаптева,,+79956151376,user100461@example.ru,Екатеринбург,,2026-08-01,39102
c100833,,Тимур Тихонов,+7 (973) 061-59-17,user100833@example.ru,Казань,30.04.2025,,
c100431,Артур Савельев,,+79733010136,user100431@example.ru,Екатеринбург,,2026-02-12,112794
c105073,Денис Тихонов,,+79457787110,user105073@example.ru,Новосибирск,,2026-01-26,26697
c104905,Максим Осипов,,+79209123711,user104905@example.ru,Санкт-Петербург,,2026-01-17,140240
c100537,Максим Осипов,,+79540699981,user100537@example.ru,Москва,,2026-02-12,81462
c104208,Тимур Белых,,+79122345589,user104208@example.ru,Москва,,2026-07-07,83202
c104043,,Лидия Панина,+7 (932) 168-95-20,user104043@example.ru,Новосибирск,08.09.2024,,
c91733,,Юлия Шилова,+7 (921) 345-85-29,user91733@example.ru,Казань,22.04.2026,,
c92235,,Кирилл Белых,+7 (963) 797-21-15,user92235@example.ru,С.-Петербург,15.05.2025,,
c102669,Павел Сорокин,,+79714749101,user102669@example.ru,Новосибирск,,2026-03-08,43405
c91682,,Артур Панин,+7 (928) 334-86-44,user91682@example.ru,С.-Петербург,15.09.2025,,
c106680,Максим Тихонов,,+79776267412,user106680@example.ru,Екатеринбург,,2026-07-03,16764
c102203,Тимур Гордеев,,+79513592851,user102203@example.ru,Москва,,2026-02-13,141237
c90744,,Лидия Ермакова,+7 (962) 262-23-09,user90744@example.ru,Москва,14.06.2024,,
c106485,Ольга Крылова,,+79452945210,user106485@example.ru,Красноярск,,2026-08-15,85004
c104458,Артур Савельев,,+79159861235,user104458@example.ru,Новосибирск,,2026-02-11,51517
c92146,,Тимур Нестеров,+7 (945) 233-54-09,user92146@example.ru,Казань,07.06.2026,,
c104752,Юлия Зуева,,+79582029479,user104752@example.ru,Москва,,2026-04-18,148788
c106227,Артур Нестеров,,+79449887063,user106227@example.ru,Красноярск,,2026-08-16,652
c104196,Глеб Зуев,,+79492210928,user104196@example.ru,Санкт-Петербург,,2026-03-31,157047
c106061,Ольга Тихонова,,+79426783551,user106061@example.ru,Новосибирск,,2026-03-27,117244
c91827,,Елена Крылова,+7 (980) 607-15-41,user91827@example.ru,Екатеринбург,24.05.2026,,
c92471,,Павел Сорокин,+7 (919) 581-11-28,user92471@example.ru,Новосибирск,03.06.2024,,
c106178,Юлия Ковальчук,,+79193172654,user106178@example.ru,Новосибирск,,2026-03-01,145405
c105571,Артур Гордеев,,+79716938894,user105571@example.ru,Новосибирск,,2026-01-23,42571
c101527,Игорь Шилов,,+79146324075,user101527@example.ru,Новосибирск,,2026-08-07,107140
c91866,,Юлия Нестерова,+7 (967) 408-07-66,user91866@example.ru,Екатеринбург,19.03.2025,,
c103100,Анна Белых,,+79837583924,user103100@example.ru,Екатеринбург,,2026-09-01,20596
c105923,Алиса Савельева,,+79616763049,user105923@example.ru,Москва,,2026-01-26,169333
c106489,Лидия Гордеева,,+79350149515,user106489@example.ru,Новосибирск,,2026-01-21,74524
c100492,Денис Осипов,,+79900487513,user100492@example.ru,Санкт-Петербург,,2026-04-14,57615
c100741,,Денис Савельев,+7 (990) 188-23-06,user100741@example.ru,Казань,17.11.2025,,
c102821,Ольга Шилова,,+79303431748,user102821@example.ru,Санкт-Петербург,,2026-08-06,8797
c91492,,Лидия Мешкова,+7 (976) 468-06-38,user91492@example.ru,Новосибирск,04.04.2024,,
c100810,Денис Шилов,,+79656844323,user100810@example.ru,Казань,,2026-09-07,27571
c91786,,Павел Лаптев,+7 (911) 248-03-28,user91786@example.ru,Казань,20.12.2025,,
c104385,Игорь Шилов,,+79177204934,user104385@example.ru,Новосибирск,,2026-07-19,170919
c106476,Анна Осипова,,+79181227973,user106476@example.ru,Екатеринбург,,2026-03-26,166138
c91369,,Глеб Тихонов,+7 (923) 542-10-27,user91369@example.ru,С.-Петербург,07.03.2025,,
c100128,Лидия Нестерова,,+79809256822,user100128@example.ru,Казань,,2026-05-09,94285
c105792,Денис Шилов,,+79680639636,user105792@example.ru,Казань,,2026-06-12,161310
c104299,Анна Шилова,,+79806734555,user104299@example.ru,Красноярск,,2026-02-22,941
c91349,,Наталья Ковальчук,+7 (958) 312-35-91,user91349@example.ru,Красноярск,12.05.2026,,
c104820,Лидия Юдина,,+79899729590,user104820@example.ru,Москва,,2026-06-04,14390
c103403,Денис Нестеров,,+79911921304,user103403@example.ru,Новосибирск,,2026-08-22,127160
c104150,Юлия Мешкова,,+79455143562,user104150@example.ru,Новосибирск,,2026-06-25,21536
c105358,Глеб Ермаков,,+79103771846,user105358@example.ru,Екатеринбург,,2026-08-17,179421
c102597,Алиса Сорокина,,+79575048568,user102597@example.ru,Новосибирск,,2026-06-28,171120
c106697,Лидия Панина,,+79800030788,user106697@example.ru,Екатеринбург,,2026-06-30,46028
c101500,Тимур Лаптев,,+79849758861,user101500@example.ru,Екатеринбург,,2026-08-30,38296
c102019,Кирилл Лаптев,,+79466184382,user102019@example.ru,Санкт-Петербург,,2026-02-16,39036
c90207,,Егор Ковальчук,+7 (936) 024-98-01,user90207@example.ru,Москва,22.10.2025,,
c104793,Егор Ковальчук,,+79466801142,user104793@example.ru,Санкт-Петербург,,2026-05-02,37498
c101076,Алиса Сорокина,,+79154032749,user101076@example.ru,Екатеринбург,,2026-05-27,175900
c102592,Анна Гордеева,,+79707843916,user102592@example.ru,Красноярск,,2026-04-06,97054
c104800,Игорь Панин,,+79404315015,user104800@example.ru,Москва,,2026-01-12,102429
c104586,Мария Осипова,,+79878789521,user104586@example.ru,Новосибирск,,2026-04-25,151313
c100408,Наталья Савельева,,+79525393237,user100408@example.ru,Новосибирск,,2026-04-11,34373
c91500,,Анна Лаптева,+7 (996) 397-39-68,user91500@example.ru,С.-Петербург,12.04.2026,,
c106024,Павел Гордеев,,+79440753301,user106024@example.ru,Санкт-Петербург,,2026-06-15,55011
c104251,Елена Осипова,,+79889752813,user104251@example.ru,Новосибирск,,2026-02-05,148381
c90774,,Кирилл Крылов,+7 (991) 775-17-86,user90774@example.ru,Казань,06.02.2024,,
c103208,Егор Крылов,,+79146187011,user103208@example.ru,Казань,,2026-08-25,62883
c101557,Игорь Сорокин,,+79521109266,user101557@example.ru,Санкт-Петербург,,2026-06-17,109609
c101214,Денис Сорокин,,+79912410372,user101214@example.ru,Екатеринбург,,2026-08-02,111202
c100790,Ольга Нестерова,,+79442963630,user100790@example.ru,Санкт-Петербург,,2026-05-30,111988
c103886,Артур Савельев,,+79664657696,user103886@example.ru,Новосибирск,,2026-08-04,147319
c101881,Роман Мешков,,+79977665702,user101881@example.ru,Москва,,2026-03-24,158187
c101165,,Юлия Гордеева,+7 (968) 627-35-99,user101165@example.ru,Казань,02.09.2024,,
c90510,,Лидия Зуева,+7 (933) 784-58-39,user90510@example.ru,Москва,11.05.2026,,
c101905,Наталья Осипова,,+79580111705,user101905@example.ru,Казань,,2026-06-19,41775
c106647,Павел Юдин,,+79620104794,user106647@example.ru,Москва,,2026-06-18,4633
c106899,Вера Мешкова,,+79283647256,user106899@example.ru,Екатеринбург,,2026-05-21,148569
c102914,Тимур Нестеров,,+79474798656,user102914@example.ru,Санкт-Петербург,,2026-03-16,81837
c104319,Кирилл Крылов,,+79606039571,user104319@example.ru,Екатеринбург,,2026-02-21,50949
c100551,,Игорь Лаптев,+7 (997) 324-16-15,user100551@example.ru,Казань,12.09.2024,,
c91620,,Елена Панина,+7 (961) 435-96-95,user91620@example.ru,С.-Петербург,02.03.2024,,
c91449,,Глеб Осипов,+7 (935) 420-29-43,user91449@example.ru,С.-Петербург,22.01.2024,,
c101125,,Наталья Нестерова,+7 (913) 190-22-01,user101125@example.ru,С.-Петербург,21.06.2025,,
c104395,Наталья Белых,,+79477860812,user104395@example.ru,Казань,,2026-02-27,168644
c103329,Вера Юдина,,+79251082253,user103329@example.ru,Санкт-Петербург,,2026-08-26,131455
c91473,,Наталья Мешкова,+7 (970) 460-69-87,user91473@example.ru,Новосибирск,05.03.2026,,
c104706,Полина Белых,,+79466573220,user104706@example.ru,Красноярск,,2026-01-31,36672
c104888,Игорь Гордеев,,+79598082488,user104888@example.ru,Красноярск,,2026-06-03,34023
c106130,Игорь Осипов,,+79261314210,user106130@example.ru,Москва,,2026-05-30,3965
c92393,,Тимур Крылов,+7 (991) 541-25-96,user92393@example.ru,Новосибирск,08.02.2025,,
c101210,Лидия Панина,,+79482729273,user101210@example.ru,Красноярск,,2026-03-31,172439
c104408,Роман Панин,,+79618235773,user104408@example.ru,Санкт-Петербург,,2026-03-12,104309
c101118,Павел Мешков,,+79716123843,user101118@example.ru,Казань,,2026-03-04,31637
c104819,Ольга Зуева,,+79452644300,user104819@example.ru,Москва,,2026-07-19,52831
c102723,Алиса Ермакова,,+79205329467,user102723@example.ru,Красноярск,,2026-08-18,66817
c90928,,Тимур Зуев,+7 (995) 955-35-60,user90928@example.ru,Красноярск,06.06.2024,,
c91854,,Кирилл Лаптев,+7 (945) 894-68-24,user91854@example.ru,Казань,29.06.2024,,
c106511,Глеб Зуев,,+79467475281,user106511@example.ru,Красноярск,,2026-02-11,56460
c100996,Игорь Белых,,+79788769341,user100996@example.ru,Новосибирск,,2026-02-23,119527
c103275,Егор Гордеев,,+79774970677,user103275@example.ru,Москва,,2026-01-30,32311
c104223,Егор Тихонов,,+79298028137,user104223@example.ru,Москва,,2026-03-11,66047
c90795,,Денис Ковальчук,+7 (964) 508-38-05,user90795@example.ru,Екатеринбург,14.03.2024,,
c91848,,Максим Гордеев,+7 (971) 188-47-11,user91848@example.ru,Москва,11.04.2026,,
c102065,Денис Гордеев,,+79630701332,user102065@example.ru,Москва,,2026-06-28,97108
c103140,Денис Ермаков,,+79213259444,user103140@example.ru,Казань,,2026-04-14,141010
c103026,Наталья Крылова,,+79239600925,user103026@example.ru,Казань,,2026-06-25,120807
c91188,,Елена Ковальчук,+7 (943) 994-38-27,user91188@example.ru,Екатеринбург,19.06.2024,,
c102439,,Артур Панин,+7 (938) 089-16-37,user102439@example.ru,Красноярск,16.03.2025,,
c104371,Артур Мешков,,+79137397015,user104371@example.ru,Санкт-Петербург,,2026-08-11,51888
c101149,Алиса Юдина,,+79388763499,user101149@example.ru,Санкт-Петербург,,2026-02-24,110068
c104617,Вера Осипова,,+79608512580,user104617@example.ru,Санкт-Петербург,,2026-07-09,69715
c90537,,Ольга Нестерова,+7 (968) 639-32-52,user90537@example.ru,Новосибирск,25.11.2025,,
c90405,,Юлия Зуева,+7 (953) 407-69-79,user90405@example.ru,С.-Петербург,10.08.2024,,
c90880,,Кирилл Лаптев,+7 (940) 175-87-02,user90880@example.ru,Москва,01.10.2024,,
c104062,Ольга Панина,,+79986265290,user104062@example.ru,Новосибирск,,2026-09-06,161005
c104068,Роман Ермаков,,+79908958354,user104068@example.ru,Казань,,2026-01-20,55106
c90719,,Ольга Лаптева,+7 (970) 590-31-59,user90719@example.ru,Казань,22.09.2025,,
c104362,,Алиса Ермакова,+7 (943) 005-76-23,user104362@example.ru,Екатеринбург,07.01.2025,,
c103916,Мария Тихонова,,+79786697540,user103916@example.ru,Новосибирск,,2026-08-10,39508
c91533,,Артур Белых,+7 (997) 591-11-87,user91533@example.ru,С.-Петербург,22.01.2025,,
c92383,,Вера Ермакова,+7 (924) 577-69-23,user92383@example.ru,Новосибирск,03.09.2024,,
c105995,Анна Юдина,,+79991815025,user105995@example.ru,Санкт-Петербург,,2026-04-23,12183
c90718,,Артур Тихонов,+7 (977) 981-99-63,user90718@example.ru,Казань,26.10.2025,,
c102423,Алиса Ермакова,,+79609694357,user102423@example.ru,Санкт-Петербург,,2026-02-01,25081
c92009,,Лидия Шилова,+7 (955) 743-16-75,user92009@example.ru,Казань,09.03.2025,,
c106031,Денис Шилов,,+79109196797,user106031@example.ru,Екатеринбург,,2026-08-31,126595
c101021,Юлия Осипова,,+79762345948,user101021@example.ru,Москва,,2026-03-15,78447
c101933,Юлия Лаптева,,+79420733293,user101933@example.ru,Санкт-Петербург,,2026-04-05,157441
c103319,Глеб Мешков,,+79124497482,user103319@example.ru,Москва,,2026-01-16,126398
c104176,,Егор Гордеев,+7 (969) 849-94-70,user104176@example.ru,Москва,21.05.2024,,
c100180,Егор Крылов,,+79345702764,user100180@example.ru,Новосибирск,,2026-03-01,114217
c100509,,Кирилл Осипов,+7 (958) 272-68-12,user100509@example.ru,Казань,12.11.2025,,
c101819,Полина Мешкова,,+79965231076,user101819@example.ru,Москва,,2026-06-26,27853
c90348,,Роман Белых,+7 (921) 847-58-03,user90348@example.ru,Москва,11.08.2025,,
c103997,Артур Зуев,,+79975720584,user103997@example.ru,Санкт-Петербург,,2026-02-11,156687
c92254,,Елена Тихонова,+7 (913) 271-58-35,user92254@example.ru,Екатеринбург,18.10.2025,,
c91118,,Егор Лаптев,+7 (991) 541-75-10,user91118@example.ru,Новосибирск,28.05.2025,,
c101029,Мария Сорокина,,+79730174348,user101029@example.ru,Казань,,2026-04-10,68530
c101812,Тимур Белых,,+79214216365,user101812@example.ru,Москва,,2026-08-23,136611
c106788,Анна Лаптева,,+79799038449,user106788@example.ru,Санкт-Петербург,,2026-04-03,14668
c106259,Анна Мешкова,,+79623380337,user106259@example.ru,Новосибирск,,2026-02-02,99562
c104133,Наталья Зуева,,+79864178050,user104133@example.ru,Красноярск,,2026-03-27,121861
c102892,Павел Осипов,,+79619944207,user102892@example.ru,Казань,,2026-06-10,132010
c100213,Анна Крылова,,+79427681853,user100213@example.ru,Екатеринбург,,2026-08-14,8676
c105710,Ольга Мешкова,,+79360054965,user105710@example.ru,Санкт-Петербург,,2026-04-06,133082
c91633,,Лидия Лаптева,+7 (933) 824-06-00,user91633@example.ru,Казань,20.11.2025,,
c92139,,Тимур Осипов,+7 (986) 379-56-44,user92139@example.ru,Казань,21.03.2024,,
c101305,Павел Шилов,,+79424054841,user101305@example.ru,Новосибирск,,2026-06-25,87774
c103164,Елена Гордеева,,+79654449320,user103164@example.ru,Санкт-Петербург,,2026-08-16,67516
c103841,Игорь Крылов,,+79712249979,user103841@example.ru,Москва,,2026-02-05,163863
c105765,Вера Нестерова,,+79428592684,user105765@example.ru,Новосибирск,,2026-06-01,140343
c105343,Вера Лаптева,,+79763302109,user105343@example.ru,Новосибирск,,2026-06-24,29139
c102627,,Максим Лаптев,+7 (977) 815-78-21,user102627@example.ru,Казань,18.10.2024,,
c102200,Павел Панин,,+79132897039,user102200@example.ru,Казань,,2026-03-10,47936
c102504,Алиса Мешкова,,+79831254830,user102504@example.ru,Казань,,2026-06-14,32971
c103695,Артур Мешков,,+79686989458,user103695@example.ru,Москва,,2026-06-17,8721
c100853,Полина Крылова,,+79711065559,user100853@example.ru,Москва,,2026-06-20,172210
c106567,Вера Юдина,,+79254730094,user106567@example.ru,Москва,,2026-01-18,164983
c100554,,Денис Савельев,+7 (966) 986-54-02,user100554@example.ru,Красноярск,18.04.2024,,
c91161,,Наталья Савельева,+7 (932) 424-66-39,user91161@example.ru,Красноярск,02.10.2024,,
c106580,Денис Зуев,,+79387678120,user106580@example.ru,Москва,,2026-02-21,59996
c103929,Анна Гордеева,,+79493135706,user103929@example.ru,Новосибирск,,2026-01-28,174383
c103790,,Егор Крылов,+7 (930) 587-58-78,user103790@example.ru,С.-Петербург,22.02.2026,,
c103617,Лидия Сорокина,,+79870149057,user103617@example.ru,Красноярск,,2026-06-24,64325
c104827,Полина Гордеева,,+79856320698,user104827@example.ru,Екатеринбург,,2026-06-25,5204
c101654,Лидия Ковальчук,,+79316410403,user101654@example.ru,Новосибирск,,2026-01-27,1964
c101711,Максим Савельев,,+79883092201,user101711@example.ru,Екатеринбург,,2026-05-19,159113
c103900,Елена Белых,,+79889451132,user103900@example.ru,Санкт-Петербург,,2026-01-28,96947
c101412,Роман Ермаков,,+79608791022,user101412@example.ru,Казань,,2026-06-05,155095
c106766,Лидия Гордеева,,+79582414040,user106766@example.ru,Красноярск,,2026-06-06,61432
c100952,Кирилл Осипов,,+79573631523,user100952@example.ru,Санкт-Петербург,,2026-05-11,63314
c90009,,Роман Мешков,+7 (938) 750-15-08,user90009@example.ru,Новосибирск,08.03.2024,,
c104748,Кирилл Нестеров,,+79916514333,user104748@example.ru,Екатеринбург,,2026-02-18,58220
c106393,Игорь Нестеров,,+79386776094,user106393@example.ru,Москва,,2026-04-22,91262
c100175,Глеб Ковальчук,,+79448119742,user100175@example.ru,Москва,,2026-05-11,18642
c104590,,Денис Лаптев,+7 (975) 641-47-87,user104590@example.ru,Красноярск,27.10.2024,,
c100861,Лидия Тихонова,,+79472926944,user100861@example.ru,Екатеринбург,,2026-08-19,96332
c91495,,Глеб Тихонов,+7 (916) 127-04-04,user91495@example.ru,Москва,04.06.2025,,
c105477,Тимур Панин,,+79161420169,user105477@example.ru,Санкт-Петербург,,2026-08-25,4457
c104188,Тимур Ермаков,,+79237503886,user104188@example.ru,Казань,,2026-01-14,113579
c102721,Наталья Юдина,,+79240422614,user102721@example.ru,Красноярск,,2026-05-16,121313
c104286,Максим Крылов,,+79548322521,user104286@example.ru,Казань,,2026-06-21,78331
c91312,,Тимур Мешков,+7 (922) 179-95-05,user91312@example.ru,Казань,17.05.2024,,
c104506,Елена Белых,,+79207178864,user104506@example.ru,Красноярск,,2026-03-20,152968
c101273,Игорь Сорокин,,+79621120551,user101273@example.ru,Казань,,2026-07-18,150700
c91041,,Игорь Сорокин,+7 (929) 540-78-47,user91041@example.ru,Екатеринбург,07.02.2024,,
c101744,Полина Ковальчук,,+79613650335,user101744@example.ru,Екатеринбург,,2026-02-18,19900
c100335,Глеб Лаптев,,+79480922358,user100335@example.ru,Екатеринбург,,2026-03-05,168465
c100635,Полина Крылова,,+79955234778,user100635@example.ru,Санкт-Петербург,,2026-05-10,158626
c100699,Денис Шилов,,+79158464215,user100699@example.ru,Москва,,2026-04-27,52949
c102245,Роман Гордеев,,+79932232149,user102245@example.ru,Новосибирск,,2026-08-10,3943
c102279,Мария Гордеева,,+79380601495,user102279@example.ru,Казань,,2026-09-07,82533
c105112,Полина Сорокина,,+79859242447,user105112@example.ru,Казань,,2026-01-16,164708
c103785,,Кирилл Белых,+7 (920) 067-49-02,user103785@example.ru,Новосибирск,07.09.2025,,
c90612,,Игорь Ковальчук,+7 (994) 124-88-12,user90612@example.ru,Красноярск,20.12.2025,,
c106284,Лидия Лаптева,,+79171840269,user106284@example.ru,Новосибирск,,2026-04-08,5133
c101491,Егор Зуев,,+79732269786,user101491@example.ru,Казань,,2026-07-06,30321
c92182,,Артур Мешков,+7 (947) 724-51-99,user92182@example.ru,Москва,11.05.2026,,
c100312,Алиса Белых,,+79186840678,user100312@example.ru,Казань,,2026-02-27,139667
c90532,,Роман Шилов,+7 (935) 134-83-21,user90532@example.ru,С.-Петербург,07.07.2024,,
c101178,Ольга Гордеева,,+79174319041,user101178@example.ru,Казань,,2026-08-23,164895
c101098,Анна Панина,,+79846467981,user101098@example.ru,Санкт-Петербург,,2026-05-04,104038
c100261,Игорь Ермаков,,+79388492837,user100261@example.ru,Красноярск,,2026-05-30,84756
c105815,Павел Нестеров,,+79907668774,user105815@example.ru,Красноярск,,2026-07-26,2609
c104960,,Артур Тихонов,+7 (997) 810-91-29,user104960@example.ru,Екатеринбург,26.11.2024,,
c102770,Денис Савельев,,+79894421923,user102770@example.ru,Новосибирск,,2026-03-05,15430
c106703,Павел Гордеев,,+79666595269,user106703@example.ru,Москва,,2026-08-30,56271
c90571,,Лидия Юдина,+7 (951) 383-07-29,user90571@example.ru,Казань,11.12.2025,,
c90938,,Тимур Панин,+7 (989) 801-23-34,user90938@example.ru,С.-Петербург,04.12.2024,,
c101387,Анна Ковальчук,,+79348272218,user101387@example.ru,Казань,,2026-03-10,121561
c100426,Денис Крылов,,+79976828306,user100426@example.ru,Москва,,2026-08-16,108952
c101454,Павел Гордеев,,+79662084154,user101454@example.ru,Казань,,2026-04-29,36933
c91760,,Игорь Нестеров,+7 (984) 901-33-86,user91760@example.ru,С.-Петербург,13.01.2025,,
c103477,Денис Нестеров,,+79171358722,user103477@example.ru,Новосибирск,,2026-08-23,148014
c101421,Артур Панин,,+79298734796,user101421@example.ru,Екатеринбург,,2026-05-26,13263
c91663,,Ольга Сорокина,+7 (965) 957-03-24,user91663@example.ru,С.-Петербург,06.05.2026,,
c105997,Елена Тихонова,,+79170012615,user105997@example.ru,Казань,,2026-07-05,87864
c102081,Полина Мешкова,,+79800052862,user102081@example.ru,Екатеринбург,,2026-03-18,39020
c101300,Роман Тихонов,,+79777962613,user101300@example.ru,Москва,,2026-05-19,101527
c105443,Глеб Осипов,,+79516446683,user105443@example.ru,Новосибирск,,2026-04-19,68897
c104104,Лидия Белых,,+79419866953,user104104@example.ru,Санкт-Петербург,,2026-03-22,168801
c92397,,Вера Мешкова,+7 (914) 199-52-57,user92397@example.ru,Красноярск,09.08.2024,,
c92115,,Павел Шилов,+7 (965) 560-06-89,user92115@example.ru,Москва,21.09.2025,,
c100006,Глеб Нестеров,,+79122849625,user100006@example.ru,Новосибирск,,2026-03-26,11732
c106674,Вера Белых,,+79645371096,user106674@example.ru,Санкт-Петербург,,2026-03-07,70839
c104734,Анна Юдина,,+79794864084,user104734@example.ru,Санкт-Петербург,,2026-02-25,115205
c91575,,Анна Шилова,+7 (939) 647-90-70,user91575@example.ru,Красноярск,18.12.2024,,
c90000,,Артур Панин,+7 (976) 281-21-31,user90000@example.ru,Екатеринбург,26.06.2024,,
c100327,Лидия Ковальчук,,+79850054995,user100327@example.ru,Красноярск,,2026-07-19,11399
c90827,,Павел Ермаков,+7 (979) 682-05-21,user90827@example.ru,Красноярск,03.07.2025,,
c90478,,Роман Сорокин,+7 (990) 612-00-92,user90478@example.ru,Екатеринбург,29.07.2025,,
c106001,Мария Панина,,+79639451195,user106001@example.ru,Екатеринбург,,2026-06-01,123277
c106121,,Роман Гордеев,+7 (963) 578-57-59,user106121@example.ru,Екатеринбург,20.04.2026,,
c102459,Денис Савельев,,+79129479863,user102459@example.ru,Екатеринбург,,2026-03-12,52351
c106341,,Кирилл Ковальчук,+7 (910) 849-12-21,user106341@example.ru,Казань,25.07.2025,,
c90031,,Егор Шилов,+7 (992) 134-70-23,user90031@example.ru,Москва,25.10.2025,,
c91819,,Глеб Мешков,+7 (997) 679-30-88,user91819@example.ru,Екатеринбург,10.04.2025,,
c102038,Лидия Зуева,,+79137023024,user102038@example.ru,Москва,,2026-01-21,163954
c92190,,Максим Белых,+7 (910) 931-12-50,user92190@example.ru,Новосибирск,15.03.2024,,
c90625,,Глеб Панин,+7 (956) 192-38-28,user90625@example.ru,Москва,03.02.2025,,
c105979,Елена Шилова,,+79243658742,user105979@example.ru,Екатеринбург,,2026-04-30,38739
c91895,,Наталья Зуева,+7 (921) 213-47-34,user91895@example.ru,Казань,29.12.2025,,
c91536,,Анна Зуева,+7 (995) 713-80-93,user91536@example.ru,Новосибирск,29.01.2024,,
c101184,Денис Юдин,,+79449995818,user101184@example.ru,Москва,,2026-08-10,15518
c105896,Ольга Мешкова,,+79313420288,user105896@example.ru,Екатеринбург,,2026-04-05,161992
c103328,,Глеб Крылов,+7 (939) 743-60-32,user103328@example.ru,Казань,06.10.2025,,
c102421,,Егор Савельев,+7 (948) 110-24-69,user102421@example.ru,С.-Петербург,25.11.2024,,
c91832,,Полина Шилова,+7 (955) 306-61-33,user91832@example.ru,С.-Петербург,10.08.2024,,
c100273,,Ольга Нестерова,+7 (950) 346-77-47,user100273@example.ru,Новосибирск,20.12.2025,,
c100239,,Глеб Сорокин,+7 (972) 426-33-03,user100239@example.ru,С.-Петербург,03.04.2026,,
c101584,Лидия Тихонова,,+79431988359,user101584@example.ru,Казань,,2026-07-02,59178
c106821,Наталья Тихонова,,+79929327511,user106821@example.ru,Санкт-Петербург,,2026-02-04,88655
c103984,Глеб Юдин,,+79417328308,user103984@example.ru,Казань,,2026-06-06,35965
c104726,,Наталья Гордеева,+7 (999) 788-64-36,user104726@example.ru,Екатеринбург,13.04.2026,,
c100978,Павел Мешков,,+79492987868,user100978@example.ru,Казань,,2026-02-01,67220
c92226,,Тимур Лаптев,+7 (912) 687-95-74,user92226@example.ru,Екатеринбург,17.05.2024,,
c102200,,Денис Зуев,+7 (957) 128-87-03,user102200@example.ru,Красноярск,30.09.2024,,
c106086,Игорь Юдин,,+79186748531,user106086@example.ru,Санкт-Петербург,,2026-05-06,149205
c105932,,Лидия Ковальчук,+7 (967) 466-24-61,user105932@example.ru,Екатеринбург,18.07.2024,,
c103806,Кирилл Савельев,,+79569459073,user103806@example.ru,Москва,,2026-06-04,173494
c91514,,Лидия Панина,+7 (991) 958-01-24,user91514@example.ru,С.-Петербург,24.11.2024,,
c103753,Мария Нестерова,,+79945552880,user103753@example.ru,Санкт-Петербург,,2026-08-17,82530
c91661,,Максим Осипов,+7 (938) 964-80-45,user91661@example.ru,С.-Петербург,28.11.2024,,
c103890,,Артур Белых,+7 (997) 031-68-14,user103890@example.ru,Казань,22.04.2026,,
c91238,,Глеб Тихонов,+7 (936) 807-56-38,user91238@example.ru,Казань,03.06.2024,,
c104135,Денис Мешков,,+79319410578,user104135@example.ru,Казань,,2026-02-18,115041
c101499,,Глеб Белых,+7 (963) 682-23-70,user101499@example.ru,Казань,26.08.2024,,
c102783,Лидия Зуева,,+79377647403,user102783@example.ru,Санкт-Петербург,,2026-02-18,74752
c103531,Игорь Нестеров,,+79920339666,user103531@example.ru,Санкт-Петербург,,2026-01-11,108377
c104691,Вера Ковальчук,,+79609238742,user104691@example.ru,Санкт-Петербург,,2026-01-07,75001
c104058,Павел Ермаков,,+79252423086,user104058@example.ru,Казань,,2026-03-11,44096
c102314,Мария Лаптева,,+79374041570,user102314@example.ru,Санкт-Петербург,,2026-09-09,35218
c90314,,Глеб Сорокин,+7 (957) 576-84-89,user90314@example.ru,Москва,12.10.2024,,
c104760,Глеб Сорокин,,+79415962545,user104760@example.ru,Санкт-Петербург,,2026-05-25,110642
c105832,Тимур Лаптев,,+79767767227,user105832@example.ru,Екатеринбург,,2026-02-23,64325
c91070,,Вера Савельева,+7 (971) 963-45-49,user91070@example.ru,Казань,25.11.2025,,
c106328,Анна Тихонова,,+79441566599,user106328@example.ru,Санкт-Петербург,,2026-04-20,151522
c106048,Роман Ковальчук,,+79606000447,user106048@example.ru,Красноярск,,2026-08-24,138911
c101878,Кирилл Юдин,,+79997650186,user101878@example.ru,Новосибирск,,2026-01-06,163819
c100385,Максим Зуев,,+79260380527,user100385@example.ru,Санкт-Петербург,,2026-01-14,89853
c91806,,Денис Мешков,+7 (952) 622-20-11,user91806@example.ru,Москва,02.04.2025,,
c91202,,Мария Нестерова,+7 (911) 564-11-77,user91202@example.ru,Красноярск,27.04.2025,,
c102692,Павел Осипов,,+79651353613,user102692@example.ru,Казань,,2026-03-03,27517
c90480,,Максим Юдин,+7 (996) 994-79-64,user90480@example.ru,Красноярск,09.06.2026,,
c100303,Юлия Белых,,+79809892465,user100303@example.ru,Москва,,2026-03-02,50592
c101999,Полина Ермакова,,+79401254116,user101999@example.ru,Санкт-Петербург,,2026-03-20,108208
c100881,Полина Тихонова,,+79593706017,user100881@example.ru,Казань,,2026-05-29,100862
c104485,Ольга Сорокина,,+79511094032,user104485@example.ru,Красноярск,,2026-03-01,51482
c105878,Максим Шилов,,+79560838008,user105878@example.ru,Санкт-Петербург,,2026-02-18,138629
c100612,Юлия Тихонова,,+79920861571,user100612@example.ru,Казань,,2026-09-06,66820
c104270,Ольга Нестерова,,+79262384393,user104270@example.ru,Казань,,2026-07-23,96117
c90836,,Роман Мешков,+7 (957) 344-13-62,user90836@example.ru,Казань,11.12.2025,,
c104632,Полина Сорокина,,+79940859519,user104632@example.ru,Красноярск,,2026-07-17,168447
c101580,Егор Лаптев,,+79269010688,user101580@example.ru,Казань,,2026-06-13,75686
c90756,,Ольга Осипова,+7 (964) 550-47-13,user90756@example.ru,Казань,17.04.2026,,
c105189,Артур Крылов,,+79889979629,user105189@example.ru,Красноярск,,2026-05-04,118806
c103762,Вера Зуева,,+79447324824,user103762@example.ru,Москва,,2026-05-07,37077
c100752,Анна Ермакова,,+79187630083,user100752@example.ru,Новосибирск,,2026-02-04,27084
c106081,Мария Белых,,+79140803362,user106081@example.ru,Новосибирск,,2026-07-05,140039
c90799,,Кирилл Крылов,+7 (962) 726-12-24,user90799@example.ru,Красноярск,22.08.2025,,
c104663,Кирилл Белых,,+79364885383,user104663@example.ru,Красноярск,,2026-06-06,127152
c101876,,Егор Ермаков,+7 (975) 505-36-55,user101876@example.ru,Москва,20.05.2024,,
c92051,,Вера Зуева,+7 (920) 085-80-67,user92051@example.ru,С.-Петербург,03.10.2025,,
c104735,Роман Зуев,,+79395208629,user104735@example.ru,Новосибирск,,2026-05-08,54107
c104273,Артур Осипов,,+79505463890,user104273@example.ru,Красноярск,,2026-01-25,22946
c102438,Роман Юдин,,+79655332946,user102438@example.ru,Екатеринбург,,2026-05-17,130254
c101883,Алиса Ермакова,,+79571379766,user101883@example.ru,Санкт-Петербург,,2026-03-02,126539
c104942,,Роман Зуев,+7 (930) 692-74-32,user104942@example.ru,Москва,01.02.2025,,
c102672,Мария Мешкова,,+79338268370,user102672@example.ru,Новосибирск,,2026-01-12,32686
c90610,,Полина Лаптева,+7 (947) 400-28-84,user90610@example.ru,Москва,11.11.2025,,
c90996,,Кирилл Савельев,+7 (957) 419-28-09,user90996@example.ru,Казань,21.06.2026,,
c102075,Павел Сорокин,,+79510127472,user102075@example.ru,Новосибирск,,2026-07-27,177466
c91051,,Ольга Ермакова,+7 (958) 793-79-61,user91051@example.ru,С.-Петербург,09.10.2024,,
c104968,Игорь Мешков,,+79373233014,user104968@example.ru,Новосибирск,,2026-05-10,134625
c106519,,Алиса Сорокина,+7 (913) 506-42-54,user106519@example.ru,Красноярск,20.10.2024,,
c90333,,Мария Мешкова,+7 (910) 488-81-65,user90333@example.ru,Красноярск,29.11.2024,,
c100959,Юлия Нестерова,,+79160565769,user100959@example.ru,Казань,,2026-07-06,176638
c104736,Глеб Осипов,,+79199596407,user104736@example.ru,Москва,,2026-08-05,106866
c92050,,Глеб Шилов,+7 (930) 481-24-10,user92050@example.ru,Екатеринбург,16.07.2025,,
c100025,Мария Сорокина,,+79261204360,user100025@example.ru,Москва,,2026-03-07,55990
c91015,,Игорь Юдин,+7 (921) 734-22-25,user91015@example.ru,С.-Петербург,11.10.2024,,
c90453,,Юлия Лаптева,+7 (938) 669-21-88,user90453@example.ru,Екатеринбург,02.10.2024,,
c101873,Егор Мешков,,+79125285140,user101873@example.ru,Москва,,2026-02-10,70443
c105966,Ольга Ермакова,,+79957572669,user105966@example.ru,Казань,,2026-08-21,74311
c100294,Юлия Савельева,,+79778998786,user100294@example.ru,Казань,,2026-06-11,121418
c102186,Егор Юдин,,+79857037719,user102186@example.ru,Екатеринбург,,2026-08-01,126072
c105212,,Кирилл Панин,+7 (939) 932-11-39,user105212@example.ru,Красноярск,02.05.2025,,
c91727,,Тимур Тихонов,+7 (942) 373-89-96,user91727@example.ru,С.-Петербург,11.04.2026,,
c101725,Наталья Савельева,,+79768856636,user101725@example.ru,Москва,,2026-08-04,129352
c91428,,Анна Ермакова,+7 (936) 025-04-39,user91428@example.ru,С.-Петербург,30.09.2025,,
c104339,Роман Крылов,,+79582283029,user104339@example.ru,Новосибирск,,2026-06-26,168346
c103119,Алиса Белых,,+79973906709,user103119@example.ru,Екатеринбург,,2026-03-29,55281
c106345,Юлия Гордеева,,+79741837965,user106345@example.ru,Москва,,2026-09-10,104797
c90590,,Мария Юдина,+7 (985) 788-60-96,user90590@example.ru,Екатеринбург,30.05.2026,,
c105855,Роман Лаптев,,+79985417453,user105855@example.ru,Москва,,2026-05-04,78452
c102841,,Кирилл Савельев,+7 (938) 402-11-65,user102841@example.ru,Красноярск,30.04.2025,,
c91423,,Елена Савельева,+7 (988) 654-53-66,user91423@example.ru,С.-Петербург,02.07.2025,,
c104043,Роман Ковальчук,,+79235815702,user104043@example.ru,Санкт-Петербург,,2026-06-11,114080
c104521,Вера Белых,,+79907139925,user104521@example.ru,Москва,,2026-04-30,79509
c100684,Тимур Ермаков,,+79963808631,user100684@example.ru,Красноярск,,2026-07-15,133201
c106374,Кирилл Лаптев,,+79725453037,user106374@example.ru,Новосибирск,,2026-06-18,68903
c106286,Кирилл Мешков,,+79468029854,user106286@example.ru,Екатеринбург,,2026-01-31,16408
c91750,,Алиса Мешкова,+7 (956) 894-22-59,user91750@example.ru,Москва,21.08.2025,,
c101433,Мария Лаптева,,+79666585539,user101433@example.ru,Санкт-Петербург,,2026-01-10,132494
c100251,Павел Белых,,+79500375330,user100251@example.ru,Санкт-Петербург,,2026-01-10,82827
c105930,Елена Ермакова,,+79446473491,user105930@example.ru,Санкт-Петербург,,2026-01-29,166369
c90715,,Артур Осипов,+7 (962) 786-74-38,user90715@example.ru,С.-Петербург,30.06.2026,,
c104183,Денис Нестеров,,+79443439129,user104183@example.ru,Красноярск,,2026-06-19,14439
c90474,,Кирилл Ермаков,+7 (989) 020-07-93,user90474@example.ru,Москва,21.12.2024,,
c106656,Лидия Мешкова,,+79271835506,user106656@example.ru,Екатеринбург,,2026-05-18,178446
c106626,Лидия Зуева,,+79261293172,user106626@example.ru,Красноярск,,2026-05-27,50117
c90667,,Елена Белых,+7 (947) 761-30-22,user90667@example.ru,Новосибирск,14.08.2024,,
c100747,Кирилл Белых,,+79594625042,user100747@example.ru,Красноярск,,2026-02-21,45522
c103448,Егор Мешков,,+79297878326,user103448@example.ru,Казань,,2026-05-28,63537
c90977,,Роман Лаптев,+7 (916) 397-88-42,user90977@example.ru,Екатеринбург,15.12.2025,,
c103845,,Лидия Савельева,+7 (957) 233-49-75,user103845@example.ru,Казань,30.10.2024,,
c92145,,Егор Ермаков,+7 (981) 291-82-02,user92145@example.ru,Екатеринбург,10.02.2026,,
c102869,Лидия Осипова,,+79268731571,user102869@example.ru,Казань,,2026-04-27,170387
c90693,,Тимур Тихонов,+7 (999) 950-62-38,user90693@example.ru,Новосибирск,10.03.2026,,
c106183,Вера Тихонова,,+79463951652,user106183@example.ru,Красноярск,,2026-01-19,99203
c105915,,Юлия Сорокина,+7 (996) 367-09-14,user105915@example.ru,Новосибирск,24.07.2025,,
c90823,,Юлия Гордеева,+7 (962) 724-71-78,user90823@example.ru,Екатеринбург,24.02.2024,,
c105862,Ольга Панина,,+79127154891,user105862@example.ru,Казань,,2026-05-09,52527
c91540,,Артур Лаптев,+7 (940) 728-53-29,user91540@example.ru,Казань,29.12.2024,,
c104611,Мария Осипова,,+79134489515,user104611@example.ru,Екатеринбург,,2026-06-04,144648
c101321,,Алиса Панина,+7 (941) 977-42-92,user101321@example.ru,Казань,14.02.2026,,
c92077,,Наталья Лаптева,+7 (969) 936-63-26,user92077@example.ru,Казань,15.06.2025,,
c103653,Роман Панин,,+79232351655,user103653@example.ru,Санкт-Петербург,,2026-04-26,166506
c105985,,Анна Тихонова,+7 (981) 996-19-54,user105985@example.ru,С.-Петербург,02.07.2024,,
c104141,Денис Крылов,,+79323665512,user104141@example.ru,Екатеринбург,,2026-01-11,144381
c105032,,Лидия Осипова,+7 (932) 767-90-46,user105032@example.ru,Красноярск,01.09.2025,,
c100011,Максим Осипов,,+79971797906,user100011@example.ru,Санкт-Петербург,,2026-01-20,50941
c100924,Артур Тихонов,,+79259781875,user100924@example.ru,Красноярск,,2026-06-29,4223
c90975,,Полина Зуева,+7 (986) 629-45-23,user90975@example.ru,С.-Петербург,08.06.2026,,
c105417,,Юлия Белых,+7 (928) 142-06-33,user105417@example.ru,Екатеринбург,25.05.2025,,
c101003,,Денис Гордеев,+7 (931) 116-52-80,user101003@example.ru,Новосибирск,27.06.2025,,
c102689,Денис Юдин,,+79361424422,user102689@example.ru,Москва,,2026-08-09,163516
c105003,,Егор Зуев,+7 (958) 851-93-81,user105003@example.ru,Москва,16.03.2025,,
c102581,Юлия Белых,,+79615881457,user102581@example.ru,Красноярск,,2026-05-11,85837
c105744,,Полина Ковальчук,+7 (997) 736-75-27,user105744@example.ru,Екатеринбург,20.01.2025,,
c103763,Тимур Тихонов,,+79413290200,user103763@example.ru,Москва,,2026-09-11,90793
c100654,Максим Нестеров,,+79814930535,user100654@example.ru,Казань,,2026-05-15,34110
c92098,,Кирилл Сорокин,+7 (944) 218-62-12,user92098@example.ru,Казань,05.06.2026,,
c92428,,Кирилл Лаптев,+7 (969) 439-88-09,user92428@example.ru,С.-Петербург,14.01.2024,,
c105721,Кирилл Зуев,,+79162300715,user105721@example.ru,Москва,,2026-08-18,108213
c102426,Вера Ермакова,,+79957442142,user102426@example.ru,Санкт-Петербург,,2026-01-25,93323
c103732,Лидия Юдина,,+79315623885,user103732@example.ru,Санкт-Петербург,,2026-05-27,100256
c101047,Вера Мешкова,,+79162623692,user101047@example.ru,Санкт-Петербург,,2026-04-19,131757
c103636,Анна Юдина,,+79534896303,user103636@example.ru,Санкт-Петербург,,2026-08-08,19966
c105531,Анна Шилова,,+79283141609,user105531@example.ru,Казань,,2026-08-18,91904
c100314,,Глеб Нестеров,+7 (919) 677-73-95,user100314@example.ru,Москва,03.08.2024,,
c90294,,Артур Сорокин,+7 (920) 360-70-78,user90294@example.ru,Екатеринбург,12.04.2026,,
c105151,,Денис Савельев,+7 (924) 454-26-13,user105151@example.ru,Казань,11.04.2026,,
c102334,Полина Осипова,,+79600084169,user102334@example.ru,Красноярск,,2026-05-29,24789
c91667,,Артур Ермаков,+7 (999) 898-89-06,user91667@example.ru,Екатеринбург,10.01.2026,,
c100545,Алиса Юдина,,+79935251549,user100545@example.ru,Екатеринбург,,2026-04-08,177809
c100638,Артур Мешков,,+79522698747,user100638@example.ru,Новосибирск,,2026-06-10,110519
c106264,Анна Савельева,,+79229617054,user106264@example.ru,Екатеринбург,,2026-08-12,113618
c100759,Игорь Зуев,,+79466609137,user100759@example.ru,Екатеринбург,,2026-04-24,169548
c91454,,Денис Зуев,+7 (929) 056-43-98,user91454@example.ru,Москва,09.05.2026,,
c101319,Роман Юдин,,+79859167763,user101319@example.ru,Казань,,2026-05-19,122995
c100337,Денис Лаптев,,+79485256360,user100337@example.ru,Красноярск,,2026-03-25,56538
c106798,Елена Панина,,+79480258131,user106798@example.ru,Санкт-Петербург,,2026-05-15,12347
c106231,Юлия Панина,,+79557205434,user106231@example.ru,Новосибирск,,2026-08-17,48738
c90197,,Глеб Зуев,+7 (973) 344-46-36,user90197@example.ru,Новосибирск,06.08.2024,,
c101212,,Наталья Шилова,+7 (997) 773-88-18,user101212@example.ru,Новосибирск,11.11.2024,,
c103568,Кирилл Лаптев,,+79995759720,user103568@example.ru,Санкт-Петербург,,2026-08-12,63481
c91359,,Алиса Савельева,+7 (928) 910-81-36,user91359@example.ru,С.-Петербург,14.09.2025,,
c105729,Елена Шилова,,+79831933318,user105729@example.ru,Екатеринбург,,2026-06-03,19464
c104407,Полина Лаптева,,+79318953284,user104407@example.ru,Москва,,2026-07-06,6236
c91688,,Кирилл Юдин,+7 (960) 425-18-48,user91688@example.ru,Казань,27.04.2024,,
c90841,,Алиса Крылова,+7 (992) 856-37-92,user90841@example.ru,Казань,19.03.2024,,
c106692,Егор Савельев,,+79385294823,user106692@example.ru,Казань,,2026-03-31,26428
c103070,Наталья Крылова,,+79376292884,user103070@example.ru,Санкт-Петербург,,2026-02-28,102792
c104829,Игорь Сорокин,,+79290562197,user104829@example.ru,Санкт-Петербург,,2026-01-15,9799
c103982,Елена Нестерова,,+79158480157,user103982@example.ru,Казань,,2026-08-25,77632
c91639,,Павел Гордеев,+7 (944) 614-78-16,user91639@example.ru,Новосибирск,12.03.2026,,
c103566,Мария Тихонова,,+79612625324,user103566@example.ru,Екатеринбург,,2026-05-23,96880
c92093,,Алиса Юдина,+7 (936) 137-70-40,user92093@example.ru,Казань,30.08.2024,,
c90829,,Кирилл Ковальчук,+7 (957) 285-85-66,user90829@example.ru,С.-Петербург,12.11.2024,,
c90295,,Полина Зуева,+7 (968) 976-13-41,user90295@example.ru,Казань,12.07.2025,,
c106162,,Роман Зуев,+7 (944) 020-81-43,user106162@example.ru,Казань,24.06.2025,,
c101862,Анна Белых,,+79440275468,user101862@example.ru,Москва,,2026-02-05,107610
c106793,Максим Осипов,,+79681232957,user106793@example.ru,Екатеринбург,,2026-07-11,41152
c103704,Юлия Зуева,,+79635643304,user103704@example.ru,Санкт-Петербург,,2026-03-04,124666
c105817,Кирилл Осипов,,+79407458915,user105817@example.ru,Москва,,2026-08-16,7902
c104594,Наталья Тихонова,,+79331418916,user104594@example.ru,Москва,,2026-09-06,105818
c105656,Кирилл Юдин,,+79271770429,user105656@example.ru,Красноярск,,2026-02-22,118263
c105036,Полина Крылова,,+79279778503,user105036@example.ru,Москва,,2026-01-23,128971
c102337,Алиса Тихонова,,+79981144445,user102337@example.ru,Новосибирск,,2026-03-03,153424
c100859,Максим Ковальчук,,+79174747901,user100859@example.ru,Новосибирск,,2026-04-30,53580
c102935,Полина Панина,,+79448847972,user102935@example.ru,Казань,,2026-02-01,58814
c92380,,Артур Ковальчук,+7 (942) 046-61-66,user92380@example.ru,Москва,24.01.2025,,
c100610,Максим Гордеев,,+79428180811,user100610@example.ru,Красноярск,,2026-06-15,77788
c102095,Денис Ермаков,,+79410078261,user102095@example.ru,Санкт-Петербург,,2026-02-18,53776
c106645,Игорь Лаптев,,+79395794115,user106645@example.ru,Казань,,2026-05-25,982
c103595,Тимур Лаптев,,+79203514339,user103595@example.ru,Новосибирск,,2026-08-03,121296
c105163,Вера Ковальчук,,+79546432541,user105163@example.ru,Казань,,2026-05-17,39894
c100916,Юлия Панина,,+79354262334,user100916@example.ru,Санкт-Петербург,,2026-05-30,115631
c105610,Юлия Савельева,,+79217689919,user105610@example.ru,Новосибирск,,2026-09-02,45781
c101079,Денис Юдин,,+79527205956,user101079@example.ru,Санкт-Петербург,,2026-06-14,112435
c102872,Кирилл Ковальчук,,+79404555765,user102872@example.ru,Красноярск,,2026-06-08,152826
c106762,Максим Нестеров,,+79998276224,user106762@example.ru,Москва,,2026-03-10,128208
c100444,Елена Сорокина,,+79166812081,user100444@example.ru,Новосибирск,,2026-06-16,48970
c91975,,Лидия Панина,+7 (911) 999-83-26,user91975@example.ru,С.-Петербург,15.01.2026,,
c103603,Артур Шилов,,+79541434026,user103603@example.ru,Москва,,2026-09-01,125767
c102532,Мария Ермакова,,+79440006051,user102532@example.ru,Екатеринбург,,2026-08-31,11075
c90015,,Артур Тихонов,+7 (928) 159-59-34,user90015@example.ru,Новосибирск,10.10.2025,,
c90226,,Егор Гордеев,+7 (992) 447-76-25,user90226@example.ru,Новосибирск,20.12.2024,,
c91339,,Глеб Нестеров,+7 (949) 944-96-82,user91339@example.ru,С.-Петербург,29.01.2025,,
c106858,Лидия Нестерова,,+79672071136,user106858@example.ru,Санкт-Петербург,,2026-02-21,67697
c106134,Ольга Шилова,,+79343084893,user106134@example.ru,Казань,,2026-03-23,112880
c101312,Мария Белых,,+79743727785,user101312@example.ru,Красноярск,,2026-01-11,75708
c106791,Мария Белых,,+79989354419,user106791@example.ru,Казань,,2026-07-27,40530
c103486,Лидия Ковальчук,,+79974329703,user103486@example.ru,Москва,,2026-05-08,50373
c90456,,Павел Сорокин,+7 (937) 975-61-77,user90456@example.ru,Москва,29.03.2024,,
c100365,Артур Савельев,,+79319747121,user100365@example.ru,Красноярск,,2026-05-03,87996
c104211,Елена Юдина,,+79122330824,user104211@example.ru,Санкт-Петербург,,2026-06-23,164528
c90267,,Игорь Юдин,+7 (977) 681-18-28,user90267@example.ru,Красноярск,19.10.2024,,
c90147,,Мария Зуева,+7 (998) 927-05-98,user90147@example.ru,Казань,23.07.2024,,
c103998,Анна Осипова,,+79779184664,user103998@example.ru,Новосибирск,,2026-09-05,166368
c91377,,Лидия Шилова,+7 (986) 215-04-15,user91377@example.ru,Красноярск,23.01.2024,,
c105718,,Игорь Сорокин,+7 (977) 786-75-90,user105718@example.ru,Москва,17.01.2024,,
c90339,,Максим Сорокин,+7 (989) 239-51-63,user90339@example.ru,С.-Петербург,13.05.2026,,
c102097,,Ольга Лаптева,+7 (986) 950-45-33,user102097@example.ru,Казань,24.02.2024,,
c105057,,Роман Крылов,+7 (962) 146-60-56,user105057@example.ru,Екатеринбург,13.06.2025,,
c102319,,Юлия Ермакова,+7 (936) 844-76-73,user102319@example.ru,Казань,01.05.2024,,
c101131,Денис Юдин,,+79645989194,user101131@example.ru,Казань,,2026-03-17,54928
c106582,,Павел Ермаков,+7 (995) 767-04-71,user106582@example.ru,Москва,17.02.2024,,
c91201,,Алиса Ковальчук,+7 (964) 634-80-06,user91201@example.ru,Москва,26.01.2024,,
c91686,,Кирилл Ермаков,+7 (935) 944-59-57,user91686@example.ru,С.-Петербург,19.02.2026,,
c105500,Полина Белых,,+79266690812,user105500@example.ru,Казань,,2026-01-16,66342
c90025,,Юлия Лаптева,+7 (945) 514-77-80,user90025@example.ru,С.-Петербург,10.01.2025,,
c100044,Егор Гордеев,,+79441213150,user100044@example.ru,Красноярск,,2026-02-06,51397
c101495,Ольга Нестерова,,+79294311692,user101495@example.ru,Санкт-Петербург,,2026-02-21,175111
c103932,Глеб Тихонов,,+79244750628,user103932@example.ru,Красноярск,,2026-07-11,69918
c104781,Глеб Панин,,+79732519244,user104781@example.ru,Санкт-Петербург,,2026-06-14,129363
c90766,,Юлия Зуева,+7 (956) 246-89-93,user90766@example.ru,С.-Петербург,04.05.2026,,
c106288,Павел Панин,,+79662706017,user106288@example.ru,Москва,,2026-02-09,66024
c102559,Тимур Сорокин,,+79582157519,user102559@example.ru,Москва,,2026-07-21,3256
c102864,Тимур Лаптев,,+79277376051,user102864@example.ru,Екатеринбург,,2026-01-10,35748
c91799,,Егор Гордеев,+7 (959) 179-70-69,user91799@example.ru,С.-Петербург,17.09.2024,,
c102728,Роман Белых,,+79958410752,user102728@example.ru,Казань,,2026-02-22,110601
c91803,,Тимур Юдин,+7 (983) 094-10-91,user91803@example.ru,Москва,12.05.2024,,
c106584,,Денис Сорокин,+7 (943) 315-78-38,user106584@example.ru,С.-Петербург,31.07.2025,,
c91883,,Мария Зуева,+7 (938) 167-38-91,user91883@example.ru,С.-Петербург,20.12.2025,,
c100313,,Роман Шилов,+7 (924) 797-22-18,user100313@example.ru,Красноярск,14.02.2026,,
c100603,Игорь Шилов,,+79892704058,user100603@example.ru,Казань,,2026-03-04,84653
c104300,,Мария Лаптева,+7 (913) 818-85-69,user104300@example.ru,Казань,22.05.2024,,
c105971,,Павел Сорокин,+7 (951) 333-43-04,user105971@example.ru,Новосибирск,26.02.2025,,
c106229,Денис Гордеев,,+79103508218,user106229@example.ru,Санкт-Петербург,,2026-03-23,4960
c100220,Елена Ермакова,,+79239012433,user100220@example.ru,Красноярск,,2026-01-24,118567
c91643,,Роман Ковальчук,+7 (983) 606-45-52,user91643@example.ru,Казань,24.10.2025,,
c91334,,Анна Сорокина,+7 (997) 903-60-37,user91334@example.ru,Красноярск,26.01.2026,,
c100926,,Полина Крылова,+7 (993) 271-16-33,user100926@example.ru,Новосибирск,13.01.2025,,
c105486,Денис Савельев,,+79214542731,user105486@example.ru,Санкт-Петербург,,2026-08-01,123866
c105271,Денис Панин,,+79981405002,user105271@example.ru,Красноярск,,2026-03-15,84413
c100750,Глеб Мешков,,+79151576549,user100750@example.ru,Санкт-Петербург,,2026-08-30,32067
c92097,,Егор Панин,+7 (992) 273-06-60,user92097@example.ru,Новосибирск,05.02.2026,,
c106780,Юлия Осипова,,+79949791589,user106780@example.ru,Санкт-Петербург,,2026-07-09,30626
c104711,,Полина Тихонова,+7 (971) 126-57-88,user104711@example.ru,С.-Петербург,19.06.2025,,
c91031,,Максим Сорокин,+7 (963) 477-16-54,user91031@example.ru,Казань,28.05.2024,,
c91445,,Наталья Лаптева,+7 (941) 901-79-44,user91445@example.ru,Новосибирск,13.06.2024,,
c102181,Ольга Зуева,,+79205878613,user102181@example.ru,Красноярск,,2026-01-09,176950
c105989,Наталья Панина,,+79335519482,user105989@example.ru,Казань,,2026-07-14,59205
c102799,Мария Мешкова,,+79940532355,user102799@example.ru,Казань,,2026-05-03,101065
c90051,,Тимур Осипов,+7 (916) 515-23-48,user90051@example.ru,Екатеринбург,15.07.2025,,
c100664,Ольга Шилова,,+79393368092,user100664@example.ru,Новосибирск,,2026-05-09,78898
c91989,,Павел Нестеров,+7 (921) 708-57-66,user91989@example.ru,Новосибирск,19.12.2024,,
c91245,,Кирилл Мешков,+7 (941) 214-34-01,user91245@example.ru,С.-Петербург,10.09.2024,,
c106543,Вера Белых,,+79951304699,user106543@example.ru,Красноярск,,2026-06-07,58764
c101759,Игорь Осипов,,+79468387611,user101759@example.ru,Казань,,2026-07-13,14389
c106357,Анна Нестерова,,+79898789982,user106357@example.ru,Москва,,2026-03-25,65701
c100042,Максим Сорокин,,+79647008472,user100042@example.ru,Новосибирск,,2026-01-04,88698
c92180,,Егор Осипов,+7 (975) 483-37-80,user92180@example.ru,Казань,24.04.2024,,
c106859,Лидия Лаптева,,+79374059169,user106859@example.ru,Санкт-Петербург,,2026-02-14,163545
c102007,Павел Мешков,,+79429295865,user102007@example.ru,Новосибирск,,2026-02-25,136013
c106445,Наталья Белых,,+79692015521,user106445@example.ru,Санкт-Петербург,,2026-06-04,49390
c103491,Мария Зуева,,+79447423359,user103491@example.ru,Санкт-Петербург,,2026-03-11,96295
c105621,Мария Юдина,,+79618024442,user105621@example.ru,Новосибирск,,2026-03-11,55266
c101661,,Глеб Шилов,+7 (984) 321-39-56,user101661@example.ru,Москва,16.02.2025,,
c90128,,Елена Тихонова,+7 (992) 514-90-80,user90128@example.ru,Казань,08.09.2024,,
c90362,,Наталья Ермакова,+7 (916) 602-36-86,user90362@example.ru,Красноярск,28.01.2025,,
c103902,Лидия Нестерова,,+79431346664,user103902@example.ru,Красноярск,,2026-07-26,73047
c102218,Юлия Панина,,+79347692090,user102218@example.ru,Казань,,2026-01-04,115890
c102326,Игорь Нестеров,,+79691745720,user102326@example.ru,Москва,,2026-06-02,98932
c106621,Анна Зуева,,+79737139576,user106621@example.ru,Новосибирск,,2026-08-04,158582
c105351,Роман Панин,,+79305606185,user105351@example.ru,Новосибирск,,2026-01-09,173401
c104260,Юлия Юдина,,+79377778821,user104260@example.ru,Новосибирск,,2026-02-21,2852
c100983,Вера Белых,,+79265964258,user100983@example.ru,Красноярск,,2026-06-15,161573
c103824,Игорь Белых,,+79690051010,user103824@example.ru,Москва,,2026-01-15,140588
c90554,,Анна Ковальчук,+7 (974) 558-30-35,user90554@example.ru,Красноярск,20.03.2024,,
c91619,,Кирилл Зуев,+7 (926) 247-98-21,user91619@example.ru,Москва,12.05.2024,,
c105175,Анна Тихонова,,+79936681917,user105175@example.ru,Екатеринбург,,2026-06-14,122765
c103919,Роман Тихонов,,+79290648220,user103919@example.ru,Казань,,2026-04-13,150020
c91703,,Лидия Крылова,+7 (973) 435-93-86,user91703@example.ru,Екатеринбург,13.07.2025,,
c100661,Елена Осипова,,+79722462584,user100661@example.ru,Москва,,2026-07-03,21214
c101628,Денис Мешков,,+79913055059,user101628@example.ru,Красноярск,,2026-07-02,128328
c104171,Максим Шилов,,+79108154286,user104171@example.ru,Красноярск,,2026-04-23,33092
c101915,Алиса Лаптева,,+79930227575,user101915@example.ru,Новосибирск,,2026-08-23,41374
c101752,Ольга Нестерова,,+79205475040,user101752@example.ru,Красноярск,,2026-02-21,126334
c105018,Артур Ермаков,,+79819397562,user105018@example.ru,Казань,,2026-06-13,53962
c104227,Артур Шилов,,+79327086614,user104227@example.ru,Казань,,2026-01-17,104843
c102904,Артур Ковальчук,,+79514488941,user102904@example.ru,Москва,,2026-04-07,143072
c105795,Лидия Сорокина,,+79266751791,user105795@example.ru,Екатеринбург,,2026-08-22,14037
c100715,Кирилл Белых,,+79204283691,user100715@example.ru,Екатеринбург,,2026-02-23,24211
c105947,Лидия Шилова,,+79968167717,user105947@example.ru,Красноярск,,2026-05-29,62403
c101496,Максим Тихонов,,+79816055195,user101496@example.ru,Красноярск,,2026-03-27,143041
c106149,Максим Ермаков,,+79213975039,user106149@example.ru,Новосибирск,,2026-03-20,144207
c105365,Елена Зуева,,+79647637089,user105365@example.ru,Екатеринбург,,2026-06-07,83277
c102248,,Полина Зуева,+7 (920) 026-52-13,user102248@example.ru,Красноярск,11.03.2026,,
c90636,,Глеб Шилов,+7 (990) 510-17-31,user90636@example.ru,Казань,19.04.2025,,
c91867,,Анна Осипова,+7 (922) 807-50-73,user91867@example.ru,С.-Петербург,20.12.2025,,
c106332,Максим Юдин,,+79447841253,user106332@example.ru,Красноярск,,2026-06-12,159121
c92022,,Вера Панина,+7 (953) 993-29-59,user92022@example.ru,С.-Петербург,10.10.2024,,
c104677,Наталья Тихонова,,+79904115146,user104677@example.ru,Санкт-Петербург,,2026-01-16,66811
c102119,Анна Лаптева,,+79435776486,user102119@example.ru,Казань,,2026-08-23,38758
c104159,Павел Ковальчук,,+79613090473,user104159@example.ru,Санкт-Петербург,,2026-04-29,116224
c104755,Анна Нестерова,,+79641769598,user104755@example.ru,Москва,,2026-08-20,77543
c105726,Елена Сорокина,,+79527108898,user105726@example.ru,Новосибирск,,2026-09-02,86813
c105600,Елена Ермакова,,+79128845872,user105600@example.ru,Казань,,2026-07-31,144399
c103431,Наталья Юдина,,+79726212414,user103431@example.ru,Санкт-Петербург,,2026-09-09,108562
c101180,Тимур Осипов,,+79992104828,user101180@example.ru,Красноярск,,2026-04-28,47591
c91458,,Денис Панин,+7 (926) 151-65-67,user91458@example.ru,Москва,27.12.2024,,
c90536,,Егор Ермаков,+7 (933) 160-37-52,user90536@example.ru,Москва,14.01.2026,,
c100550,Тимур Мешков,,+79461224434,user100550@example.ru,Москва,,2026-02-03,63778
c103292,Игорь Шилов,,+79105060624,user103292@example.ru,Новосибирск,,2026-09-04,55544
c101338,Игорь Шилов,,+79333618804,user101338@example.ru,Екатеринбург,,2026-03-31,18161
c91083,,Егор Савельев,+7 (941) 511-01-55,user91083@example.ru,Москва,01.09.2024,,
c104765,Мария Крылова,,+79948517120,user104765@example.ru,Екатеринбург,,2026-07-16,53552
c106700,Денис Белых,,+79472557077,user106700@example.ru,Новосибирск,,2026-08-18,42911
c90187,,Наталья Ковальчук,+7 (979) 786-11-32,user90187@example.ru,Казань,18.06.2025,,
c106000,Артур Ермаков,,+79841488267,user106000@example.ru,Москва,,2026-01-21,37817
c106493,,Ольга Белых,+7 (979) 256-04-06,user106493@example.ru,Екатеринбург,07.04.2024,,
c105233,,Глеб Юдин,+7 (993) 686-65-26,user105233@example.ru,Красноярск,06.05.2026,,
c100966,Максим Шилов,,+79630867546,user100966@example.ru,Санкт-Петербург,,2026-06-15,4304
c106483,Кирилл Савельев,,+79393174572,user106483@example.ru,Красноярск,,2026-08-12,113504
c101449,Максим Шилов,,+79901757409,user101449@example.ru,Санкт-Петербург,,2026-02-27,57795
c101317,Артур Лаптев,,+79354923013,user101317@example.ru,Екатеринбург,,2026-05-15,68379
c102652,,Максим Мешков,+7 (919) 826-95-65,user102652@example.ru,Москва,02.06.2025,,
c104324,,Вера Тихонова,+7 (985) 805-68-54,user104324@example.ru,С.-Петербург,30.06.2025,,
c103661,,Артур Белых,+7 (933) 667-29-77,user103661@example.ru,С.-Петербург,13.03.2025,,
c106792,Алиса Осипова,,+79528128162,user106792@example.ru,Новосибирск,,2026-02-12,174970
c104965,Ольга Белых,,+79520178708,user104965@example.ru,Екатеринбург,,2026-09-10,46184
c90678,,Елена Савельева,+7 (971) 847-82-42,user90678@example.ru,Москва,18.06.2024,,
c105566,Вера Ермакова,,+79890250131,user105566@example.ru,Екатеринбург,,2026-06-01,3151
c90845,,Игорь Крылов,+7 (914) 953-18-64,user90845@example.ru,С.-Петербург,03.04.2024,,
c106155,Денис Крылов,,+79911293177,user106155@example.ru,Санкт-Петербург,,2026-02-22,174447
c101288,Глеб Тихонов,,+79382248242,user101288@example.ru,Новосибирск,,2026-08-20,118883
c103276,Максим Шилов,,+79232514553,user103276@example.ru,Москва,,2026-09-09,53239
c90378,,Наталья Панина,+7 (925) 341-36-13,user90378@example.ru,Москва,26.08.2024,,
c103688,Тимур Тихонов,,+79579140261,user103688@example.ru,Москва,,2026-04-27,134588
c100946,Полина Ермакова,,+79835529803,user100946@example.ru,Казань,,2026-07-14,119450
c91567,,Тимур Юдин,+7 (954) 604-56-61,user91567@example.ru,Казань,17.07.2025,,
c100728,,Артур Гордеев,+7 (985) 576-77-78,user100728@example.ru,Москва,06.04.2026,,
c104205,Мария Белых,,+79343096958,user104205@example.ru,Москва,,2026-03-04,88900
c104520,Максим Юдин,,+79334031295,user104520@example.ru,Екатеринбург,,2026-08-15,110427
c105256,Ольга Крылова,,+79769330021,user105256@example.ru,Екатеринбург,,2026-05-24,74299
c101085,Полина Лаптева,,+79192165151,user101085@example.ru,Екатеринбург,,2026-04-20,152747
c103724,Максим Панин,,+79772001436,user103724@example.ru,Новосибирск,,2026-01-17,124045
c92270,,Мария Гордеева,+7 (952) 499-42-29,user92270@example.ru,Москва,13.12.2024,,
c103502,,Елена Гордеева,+7 (986) 255-38-70,user103502@example.ru,С.-Петербург,19.07.2024,,
c90821,,Кирилл Панин,+7 (996) 088-31-48,user90821@example.ru,Москва,01.03.2025,,
c105329,Артур Крылов,,+79691886626,user105329@example.ru,Москва,,2026-05-06,124409
c103973,Денис Савельев,,+79917929897,user103973@example.ru,Москва,,2026-03-16,63725
c90006,,Артур Сорокин,+7 (990) 249-52-24,user90006@example.ru,Казань,22.05.2026,,
c103034,Павел Белых,,+79241141957,user103034@example.ru,Красноярск,,2026-02-04,50813
c105508,Глеб Мешков,,+79587042121,user105508@example.ru,Екатеринбург,,2026-06-28,137289
c102193,Вера Ермакова,,+79724003787,user102193@example.ru,Новосибирск,,2026-08-05,176595
c92061,,Роман Тихонов,+7 (988) 930-76-41,user92061@example.ru,Казань,29.02.2024,,
c106101,Вера Белых,,+79997875138,user106101@example.ru,Екатеринбург,,2026-07-19,138850
c92165,,Кирилл Лаптев,+7 (979) 459-55-81,user92165@example.ru,Москва,12.09.2024,,
c103788,Егор Шилов,,+79778106316,user103788@example.ru,Новосибирск,,2026-06-27,75031
c104916,Анна Ковальчук,,+79609603037,user104916@example.ru,Новосибирск,,2026-02-03,27476
c102346,,Ольга Савельева,+7 (998) 869-20-55,user102346@example.ru,Екатеринбург,24.03.2024,,
c103712,Юлия Ермакова,,+79838076461,user103712@example.ru,Санкт-Петербург,,2026-05-09,16229
c101903,Мария Тихонова,,+79539322598,user101903@example.ru,Санкт-Петербург,,2026-06-25,72544
c102777,Егор Тихонов,,+79570391158,user102777@example.ru,Красноярск,,2026-07-10,132077
c106761,Вера Сорокина,,+79331051727,user106761@example.ru,Москва,,2026-07-14,100201
c90654,,Глеб Мешков,+7 (967) 800-76-61,user90654@example.ru,Казань,22.10.2024,,
c101854,Артур Ермаков,,+79114886873,user101854@example.ru,Санкт-Петербург,,2026-08-25,49734
c91543,,Полина Ковальчук,+7 (993) 345-97-93,user91543@example.ru,Красноярск,21.04.2024,,
c101195,Тимур Ковальчук,,+79579449669,user101195@example.ru,Красноярск,,2026-03-03,13019
c100463,Тимур Савельев,,+79962377535,user100463@example.ru,Москва,,2026-01-04,102466
c101077,Роман Ковальчук,,+79299890689,user101077@example.ru,Санкт-Петербург,,2026-01-20,52011
c106079,Лидия Лаптева,,+79338916091,user106079@example.ru,Красноярск,,2026-05-29,7913
c100709,Артур Шилов,,+79688689635,user100709@example.ru,Екатеринбург,,2026-04-01,140152
c104315,Лидия Ермакова,,+79790078816,user104315@example.ru,Красноярск,,2026-03-05,103253
c102996,Полина Ермакова,,+79556329726,user102996@example.ru,Новосибирск,,2026-03-03,10591
c106819,Павел Мешков,,+79973717709,user106819@example.ru,Москва,,2026-09-03,28490
c102158,Тимур Зуев,,+79651602795,user102158@example.ru,Екатеринбург,,2026-02-23,131774
c105924,Тимур Лаптев,,+79999529927,user105924@example.ru,Санкт-Петербург,,2026-08-13,125252
c105549,Артур Савельев,,+79465473818,user105549@example.ru,Казань,,2026-04-15,62534
c91818,,Тимур Осипов,+7 (937) 754-34-18,user91818@example.ru,Красноярск,17.10.2025,,
c90680,,Глеб Юдин,+7 (968) 789-70-11,user90680@example.ru,Москва,15.01.2025,,
c106505,Лидия Шилова,,+79767075745,user106505@example.ru,Новосибирск,,2026-04-08,46080
c102648,Вера Осипова,,+79962875535,user102648@example.ru,Красноярск,,2026-07-26,160699
c102954,Павел Ермаков,,+79764658029,user102954@example.ru,Новосибирск,,2026-07-04,111219
c101703,Павел Шилов,,+79724104422,user101703@example.ru,Красноярск,,2026-07-22,12462
c90174,,Глеб Савельев,+7 (931) 615-31-48,user90174@example.ru,Новосибирск,13.01.2026,,
c104398,,Мария Лаптева,+7 (941) 201-63-04,user104398@example.ru,Екатеринбург,21.03.2026,,
c105614,Анна Мешкова,,+79705678116,user105614@example.ru,Москва,,2026-02-11,2537
c100689,Ольга Зуева,,+79867968658,user100689@example.ru,Москва,,2026-01-07,60108
c105154,Юлия Белых,,+79471339887,user105154@example.ru,Санкт-Петербург,,2026-02-21,107428
c104328,Глеб Тихонов,,+79812601345,user104328@example.ru,Казань,,2026-08-22,162845
c90400,,Роман Нестеров,+7 (939) 743-56-47,user90400@example.ru,Москва,02.01.2026,,
c91709,,Павел Сорокин,+7 (928) 480-94-02,user91709@example.ru,Екатеринбург,27.05.2025,,
c105693,Максим Осипов,,+79519931778,user105693@example.ru,Красноярск,,2026-07-21,27799
c100852,Егор Зуев,,+79932311131,user100852@example.ru,Казань,,2026-02-27,23474
c90493,,Елена Нестерова,+7 (982) 172-90-42,user90493@example.ru,Казань,06.11.2025,,
c102433,Лидия Лаптева,,+79498393005,user102433@example.ru,Санкт-Петербург,,2026-02-13,159470
c101088,Мария Панина,,+79132058507,user101088@example.ru,Екатеринбург,,2026-01-18,46367
c101981,Кирилл Гордеев,,+79815290905,user101981@example.ru,Москва,,2026-05-11,93522
c106314,Кирилл Крылов,,+79115357024,user106314@example.ru,Новосибирск,,2026-08-01,39311
c105282,Анна Осипова,,+79462400996,user105282@example.ru,Красноярск,,2026-01-16,132230
c103969,Полина Лаптева,,+79265144466,user103969@example.ru,Санкт-Петербург,,2026-08-27,172530
c92341,,Кирилл Савельев,+7 (912) 828-01-70,user92341@example.ru,Казань,07.04.2024,,
c105467,,Егор Лаптев,+7 (990) 803-40-17,user105467@example.ru,С.-Петербург,26.05.2024,,
c101649,Глеб Гордеев,,+79971902041,user101649@example.ru,Санкт-Петербург,,2026-09-07,78204
c103901,Игорь Панин,,+79392834924,user103901@example.ru,Красноярск,,2026-05-25,94839
c103284,Анна Зуева,,+79228804605,user103284@example.ru,Казань,,2026-07-08,155852
c101420,Лидия Панина,,+79926982709,user101420@example.ru,Красноярск,,2026-04-26,163607
c90135,,Артур Белых,+7 (925) 291-39-39,user90135@example.ru,Новосибирск,27.01.2026,,
c102995,Вера Гордеева,,+79917284653,user102995@example.ru,Красноярск,,2026-04-28,178791
c90900,,Максим Лаптев,+7 (926) 549-60-29,user90900@example.ru,Красноярск,15.06.2024,,
c100084,Алиса Зуева,,+79268785463,user100084@example.ru,Екатеринбург,,2026-02-11,164467
c102220,Егор Панин,,+79413481807,user102220@example.ru,Санкт-Петербург,,2026-04-27,10204
c103727,Анна Осипова,,+79886711655,user103727@example.ru,Санкт-Петербург,,2026-08-22,108252
c90861,,Егор Крылов,+7 (916) 296-92-94,user90861@example.ru,Новосибирск,07.07.2024,,
c102185,Максим Савельев,,+79130765912,user102185@example.ru,Казань,,2026-08-21,63488
c100293,Кирилл Савельев,,+79660597218,user100293@example.ru,Москва,,2026-03-17,125384
c90205,,Павел Осипов,+7 (958) 274-20-02,user90205@example.ru,Москва,05.09.2025,,
c92432,,Лидия Зуева,+7 (984) 124-23-94,user92432@example.ru,Екатеринбург,25.02.2024,,
c100368,Мария Крылова,,+79421482537,user100368@example.ru,Казань,,2026-02-26,63983
c102545,Елена Нестерова,,+79180327485,user102545@example.ru,Новосибирск,,2026-07-09,115345
c103797,Игорь Зуев,,+79302389693,user103797@example.ru,Красноярск,,2026-03-13,96777
c90885,,Павел Крылов,+7 (926) 403-87-44,user90885@example.ru,Москва,23.04.2026,,
c91162,,Тимур Тихонов,+7 (964) 076-58-82,user91162@example.ru,Казань,09.07.2024,,
c105126,Кирилл Гордеев,,+79403807287,user105126@example.ru,Москва,,2026-07-22,174087
c102562,,Егор Гордеев,+7 (981) 788-89-87,user102562@example.ru,Екатеринбург,05.04.2026,,
c100203,Глеб Савельев,,+79748018758,user100203@example.ru,Москва,,2026-01-27,52052
c102651,Юлия Сорокина,,+79506065696,user102651@example.ru,Москва,,2026-06-16,127866
c104222,Алиса Сорокина,,+79875762831,user104222@example.ru,Санкт-Петербург,,2026-04-02,125435
c101757,Павел Ковальчук,,+79898167042,user101757@example.ru,Красноярск,,2026-05-17,56357
c106209,,Лидия Осипова,+7 (943) 803-50-74,user106209@example.ru,Новосибирск,11.07.2025,,
c100822,Артур Зуев,,+79371202652,user100822@example.ru,Екатеринбург,,2026-05-28,67740
c101364,,Глеб Шилов,+7 (917) 902-71-42,user101364@example.ru,Казань,01.04.2026,,
c103773,Игорь Савельев,,+79944524750,user103773@example.ru,Москва,,2026-07-02,63122
c103705,Роман Тихонов,,+79971901145,user103705@example.ru,Новосибирск,,2026-03-15,72841
c102282,Кирилл Осипов,,+79200215726,user102282@example.ru,Казань,,2026-04-10,36122
c106270,Елена Нестерова,,+79654688952,user106270@example.ru,Санкт-Петербург,,2026-04-16,144444
c103632,Полина Гордеева,,+79891634039,user103632@example.ru,Казань,,2026-07-02,169697
c91129,,Денис Нестеров,+7 (918) 026-77-39,user91129@example.ru,Красноярск,05.02.2025,,
c90803,,Вера Гордеева,+7 (960) 101-58-56,user90803@example.ru,Екатеринбург,27.04.2026,,
c91088,,Денис Гордеев,+7 (996) 926-32-51,user91088@example.ru,Екатеринбург,06.07.2025,,
c104374,Полина Нестерова,,+79153531945,user104374@example.ru,Казань,,2026-08-27,171292
c106816,,Павел Осипов,+7 (982) 983-32-60,user106816@example.ru,С.-Петербург,20.09.2025,,
c100147,Егор Зуев,,+79557377151,user100147@example.ru,Санкт-Петербург,,2026-04-27,73890
c102222,Алиса Белых,,+79236206044,user102222@example.ru,Москва,,2026-02-14,60814
c105177,Глеб Юдин,,+79213991874,user105177@example.ru,Москва,,2026-02-03,153375
c106731,Мария Крылова,,+79466052492,user106731@example.ru,Екатеринбург,,2026-08-05,59007
c104180,Павел Юдин,,+79148322328,user104180@example.ru,Казань,,2026-01-08,95756
c106020,Ольга Тихонова,,+79272596657,user106020@example.ru,Москва,,2026-01-22,93973
c102379,Максим Панин,,+79510675712,user102379@example.ru,Санкт-Петербург,,2026-06-28,48442
c101164,Мария Юдина,,+79714273713,user101164@example.ru,Екатеринбург,,2026-01-10,20478
c102776,Глеб Осипов,,+79817113036,user102776@example.ru,Казань,,2026-01-14,47486
c100428,,Алиса Белых,+7 (931) 185-62-33,user100428@example.ru,Казань,04.06.2025,,
c100626,Полина Белых,,+79377951855,user100626@example.ru,Санкт-Петербург,,2026-07-20,52786
c105447,,Павел Крылов,+7 (927) 872-97-45,user105447@example.ru,Екатеринбург,16.05.2026,,
c101080,Юлия Ковальчук,,+79574337110,user101080@example.ru,Санкт-Петербург,,2026-08-21,33525
c106453,Глеб Крылов,,+79396139938,user106453@example.ru,Санкт-Петербург,,2026-03-27,28331
c104621,,Тимур Нестеров,+7 (979) 117-08-51,user104621@example.ru,Новосибирск,23.05.2024,,
c106472,Лидия Мешкова,,+79513523531,user106472@example.ru,Новосибирск,,2026-04-04,96598
c105882,Вера Юдина,,+79589308909,user105882@example.ru,Новосибирск,,2026-03-12,174724
c91689,,Тимур Зуев,+7 (965) 630-53-94,user91689@example.ru,Москва,05.08.2024,,
c90053,,Мария Ермакова,+7 (938) 672-16-63,user90053@example.ru,Новосибирск,11.07.2024,,
c102281,Вера Тихонова,,+79575327253,user102281@example.ru,Новосибирск,,2026-05-02,145678
c104880,Кирилл Зуев,,+79396474330,user104880@example.ru,Казань,,2026-02-03,73982
c90556,,Максим Ковальчук,+7 (915) 516-22-99,user90556@example.ru,Москва,20.06.2026,,
c100160,Ольга Нестерова,,+79924369409,user100160@example.ru,Санкт-Петербург,,2026-04-29,108044
c90966,,Павел Белых,+7 (969) 430-97-17,user90966@example.ru,Москва,23.09.2024,,
c102512,Кирилл Сорокин,,+79794091337,user102512@example.ru,Новосибирск,,2026-06-06,12602
c105471,Анна Крылова,,+79650617316,user105471@example.ru,Красноярск,,2026-01-07,168496
c101782,Юлия Белых,,+79191959710,user101782@example.ru,Красноярск,,2026-07-15,163417
c90194,,Павел Тихонов,+7 (995) 505-41-19,user90194@example.ru,Новосибирск,13.03.2026,,
c104730,Юлия Белых,,+79491392736,user104730@example.ru,Санкт-Петербург,,2026-04-17,33426
c102570,Полина Панина,,+79952577597,user102570@example.ru,Казань,,2026-07-16,146429
c100071,Ольга Савельева,,+79573673770,user100071@example.ru,Казань,,2026-07-05,158984
c105699,Елена Сорокина,,+79373022599,user105699@example.ru,Новосибирск,,2026-06-25,157751
c105766,Игорь Гордеев,,+79918466874,user105766@example.ru,Москва,,2026-06-24,33083
c102312,Денис Сорокин,,+79822765790,user102312@example.ru,Екатеринбург,,2026-07-11,49477
c91793,,Вера Тихонова,+7 (985) 385-26-33,user91793@example.ru,Красноярск,03.01.2026,,
c106261,Ольга Панина,,+79514132038,user106261@example.ru,Казань,,2026-08-10,160094
c100644,Наталья Панина,,+79277118621,user100644@example.ru,Новосибирск,,2026-09-05,130106
c103388,Артур Юдин,,+79519165053,user103388@example.ru,Санкт-Петербург,,2026-09-10,111561
c102387,Елена Юдина,,+79546604415,user102387@example.ru,Красноярск,,2026-01-23,161385
c104243,,Тимур Мешков,+7 (955) 789-34-04,user104243@example.ru,Новосибирск,17.04.2024,,
c103068,Игорь Мешков,,+79536323496,user103068@example.ru,Новосибирск,,2026-05-14,3979
c105185,Елена Гордеева,,+79750248374,user105185@example.ru,Казань,,2026-03-23,606
c105258,Егор Панин,,+79127683443,user105258@example.ru,Санкт-Петербург,,2026-06-21,87336
c101106,Игорь Белых,,+79600259291,user101106@example.ru,Екатеринбург,,2026-02-08,22595
c106841,Глеб Ермаков,,+79493926979,user106841@example.ru,Санкт-Петербург,,2026-02-20,127740
c91055,,Лидия Шилова,+7 (937) 848-29-72,user91055@example.ru,Красноярск,26.06.2024,,
c101971,Наталья Нестерова,,+79286111733,user101971@example.ru,Екатеринбург,,2026-08-01,91630
c100322,Артур Осипов,,+79241288331,user100322@example.ru,Москва,,2026-06-27,59666
c90229,,Ольга Юдина,+7 (948) 173-65-33,user90229@example.ru,Новосибирск,01.06.2024,,
c100854,,Наталья Савельева,+7 (989) 780-10-91,user100854@example.ru,Москва,11.04.2024,,
c102419,Артур Ковальчук,,+79422963536,user102419@example.ru,Екатеринбург,,2026-04-01,139435
c91324,,Артур Тихонов,+7 (929) 958-24-71,user91324@example.ru,Красноярск,04.01.2025,,
c92131,,Егор Мешков,+7 (946) 017-27-91,user92131@example.ru,Казань,27.07.2024,,
c102398,Алиса Лаптева,,+79506520739,user102398@example.ru,Красноярск,,2026-09-09,159340
c104051,Кирилл Лаптев,,+79220166462,user104051@example.ru,Санкт-Петербург,,2026-07-11,167837
c100446,Мария Белых,,+79327291966,user100446@example.ru,Москва,,2026-07-28,154129
c106843,,Егор Крылов,+7 (996) 649-33-98,user106843@example.ru,Красноярск,16.02.2025,,
c90623,,Роман Лаптев,+7 (953) 503-00-28,user90623@example.ru,Красноярск,11.07.2025,,
c92160,,Максим Белых,+7 (969) 364-69-21,user92160@example.ru,Новосибирск,07.05.2025,,
c106182,Глеб Нестеров,,+79431193498,user106182@example.ru,Санкт-Петербург,,2026-05-18,174843
c101436,Алиса Юдина,,+79828550057,user101436@example.ru,Красноярск,,2026-02-27,170507
c90470,,Игорь Панин,+7 (924) 594-09-79,user90470@example.ru,Екатеринбург,07.12.2024,,
c105135,Полина Гордеева,,+79544246316,user105135@example.ru,Новосибирск,,2026-01-18,139957
c91941,,Артур Мешков,+7 (962) 840-75-77,user91941@example.ru,Москва,16.09.2024,,
c100945,Егор Шилов,,+79144256895,user100945@example.ru,Казань,,2026-07-20,36585
c101719,Вера Савельева,,+79629226604,user101719@example.ru,Красноярск,,2026-07-15,179829
c101856,,Кирилл Белых,+7 (999) 748-43-81,user101856@example.ru,Екатеринбург,24.06.2026,,
c105051,Максим Гордеев,,+79497006454,user105051@example.ru,Санкт-Петербург,,2026-06-11,48315
c91925,,Павел Крылов,+7 (981) 805-05-62,user91925@example.ru,Новосибирск,14.05.2024,,
c100663,Лидия Крылова,,+79792470359,user100663@example.ru,Казань,,2026-01-19,59236
c105773,,Игорь Ковальчук,+7 (979) 558-97-34,user105773@example.ru,Новосибирск,06.11.2025,,
c106093,Елена Нестерова,,+79638610418,user106093@example.ru,Санкт-Петербург,,2026-03-26,50769
c104406,Глеб Нестеров,,+79353228114,user104406@example.ru,Москва,,2026-08-29,27659
c102616,Тимур Нестеров,,+79491292865,user102616@example.ru,Новосибирск,,2026-08-16,90501
c90960,,Игорь Нестеров,+7 (913) 478-82-84,user90960@example.ru,Красноярск,18.03.2026,,
c106868,Анна Панина,,+79950462135,user106868@example.ru,Красноярск,,2026-03-14,164417
c92002,,Полина Юдина,+7 (921) 974-59-36,user92002@example.ru,С.-Петербург,23.06.2024,,
c105095,Лидия Шилова,,+79426380810,user105095@example.ru,Санкт-Петербург,,2026-01-31,127736
c103627,,Тимур Зуев,+7 (964) 541-84-82,user103627@example.ru,Казань,03.10.2025,,
c91774,,Игорь Белых,+7 (999) 174-53-94,user91774@example.ru,Казань,07.09.2024,,
c101679,Тимур Нестеров,,+79348605293,user101679@example.ru,Казань,,2026-05-22,117835
c100252,Вера Белых,,+79760534016,user100252@example.ru,Москва,,2026-07-17,20710
c91166,,Максим Гордеев,+7 (942) 282-19-54,user91166@example.ru,Казань,21.03.2026,,
c105800,Артур Крылов,,+79931469637,user105800@example.ru,Санкт-Петербург,,2026-02-06,175536
c101301,Роман Крылов,,+79996428087,user101301@example.ru,Санкт-Петербург,,2026-02-01,141387
c91653,,Елена Зуева,+7 (968) 295-02-54,user91653@example.ru,С.-Петербург,16.01.2024,,
c91002,,Полина Крылова,+7 (913) 856-41-29,user91002@example.ru,Москва,04.02.2025,,
c103161,Тимур Белых,,+79808699118,user103161@example.ru,Казань,,2026-04-02,162145
c101807,Максим Ермаков,,+79790047812,user101807@example.ru,Москва,,2026-01-23,29040
c91108,,Максим Лаптев,+7 (986) 177-87-80,user91108@example.ru,Красноярск,29.10.2024,,
c102972,,Тимур Нестеров,+7 (979) 348-85-05,user102972@example.ru,Новосибирск,05.11.2024,,
c103239,Елена Мешкова,,+79766005951,user103239@example.ru,Красноярск,,2026-01-31,164134
c92023,,Юлия Панина,+7 (919) 277-54-59,user92023@example.ru,Казань,07.11.2025,,
c106063,Алиса Осипова,,+79202685383,user106063@example.ru,Новосибирск,,2026-08-08,175653
c91250,,Тимур Нестеров,+7 (972) 789-83-55,user91250@example.ru,Красноярск,07.12.2024,,
c104333,Анна Мешкова,,+79900448917,user104333@example.ru,Казань,,2026-03-30,13694
c92206,,Роман Лаптев,+7 (949) 748-07-33,user92206@example.ru,Красноярск,07.02.2025,,
c104986,Анна Ковальчук,,+79346630731,user104986@example.ru,Новосибирск,,2026-04-17,4231
c100018,,Тимур Осипов,+7 (985) 123-16-55,user100018@example.ru,С.-Петербург,15.02.2026,,
c92164,,Тимур Гордеев,+7 (913) 923-59-85,user92164@example.ru,Новосибирск,17.03.2024,,
c101543,Лидия Ермакова,,+79801940784,user101543@example.ru,Казань,,2026-09-10,157278
c90297,,Роман Белых,+7 (985) 517-95-14,user90297@example.ru,Новосибирск,09.01.2025,,
c101350,,Лидия Белых,+7 (929) 055-92-01,user101350@example.ru,Москва,19.09.2025,,
c101443,Лидия Лаптева,,+79601428864,user101443@example.ru,Екатеринбург,,2026-07-01,170136
c106691,,Максим Гордеев,+7 (964) 851-75-66,user106691@example.ru,Москва,22.03.2026,,
c103939,Юлия Мешкова,,+79968225701,user103939@example.ru,Красноярск,,2026-01-08,59276
c105841,Артур Мешков,,+79106352383,user105841@example.ru,Санкт-Петербург,,2026-08-02,48384
c106103,Юлия Осипова,,+79773369919,user106103@example.ru,Красноярск,,2026-06-12,135867
c102278,Алиса Нестерова,,+79587059711,user102278@example.ru,Москва,,2026-01-09,178546
c105354,Игорь Лаптев,,+79525589093,user105354@example.ru,Москва,,2026-02-09,109472
c103266,Вера Мешкова,,+79510046707,user103266@example.ru,Красноярск,,2026-03-28,153424
c102055,Елена Ермакова,,+79549725766,user102055@example.ru,Красноярск,,2026-03-05,170657
c102717,Павел Лаптев,,+79312569538,user102717@example.ru,Санкт-Петербург,,2026-05-05,104843
c90208,,Максим Савельев,+7 (927) 973-83-80,user90208@example.ru,Казань,20.01.2025,,
c92008,,Елена Белых,+7 (926) 446-47-34,user92008@example.ru,Москва,29.08.2025,,
c102436,Павел Сорокин,,+79989092609,user102436@example.ru,Казань,,2026-03-01,77830
c91759,,Игорь Нестеров,+7 (949) 258-63-83,user91759@example.ru,Красноярск,30.05.2024,,
c106624,Анна Осипова,,+79688254858,user106624@example.ru,Санкт-Петербург,,2026-05-07,104301
c100782,Артур Панин,,+79237031687,user100782@example.ru,Новосибирск,,2026-08-27,107026
c102745,Егор Крылов,,+79350854412,user102745@example.ru,Казань,,2026-03-28,54610
c100218,Алиса Нестерова,,+79812167748,user100218@example.ru,Санкт-Петербург,,2026-07-20,160250
c106152,Денис Сорокин,,+79386360562,user106152@example.ru,Казань,,2026-02-26,152579
c102921,Полина Панина,,+79862517317,user102921@example.ru,Екатеринбург,,2026-01-27,115988
c91711,,Наталья Ермакова,+7 (922) 196-12-59,user91711@example.ru,Красноярск,05.06.2024,,
c106808,,Денис Гордеев,+7 (949) 253-24-06,user106808@example.ru,Екатеринбург,03.03.2025,,
c102353,Вера Ковальчук,,+79182564419,user102353@example.ru,Казань,,2026-06-27,130250
c103253,Игорь Лаптев,,+79701481552,user103253@example.ru,Казань,,2026-03-30,48688
c103560,Анна Ермакова,,+79740975089,user103560@example.ru,Красноярск,,2026-06-13,43428
c103622,Кирилл Панин,,+79775395239,user103622@example.ru,Москва,,2026-05-09,107991
c102110,Мария Нестерова,,+79832335455,user102110@example.ru,Санкт-Петербург,,2026-08-30,150000
c106518,Игорь Зуев,,+79323260716,user106518@example.ru,Новосибирск,,2026-08-02,34657
c102458,Юлия Мешкова,,+79731830961,user102458@example.ru,Казань,,2026-01-20,16525
c104635,Елена Гордеева,,+79648915291,user104635@example.ru,Казань,,2026-05-12,110154
c104165,Елена Зуева,,+79266298826,user104165@example.ru,Екатеринбург,,2026-03-22,37454
c105086,Лидия Нестерова,,+79245225566,user105086@example.ru,Казань,,2026-08-26,161545
c104597,Ольга Шилова,,+79346818492,user104597@example.ru,Новосибирск,,2026-03-04,68996
c102629,,Вера Мешкова,+7 (934) 584-42-08,user102629@example.ru,Казань,17.02.2025,,
c90833,,Лидия Панина,+7 (932) 246-17-76,user90833@example.ru,Красноярск,30.04.2026,,
c100284,Ольга Сорокина,,+79495621220,user100284@example.ru,Красноярск,,2026-09-01,103333
c102609,Кирилл Тихонов,,+79900017099,user102609@example.ru,Екатеринбург,,2026-02-17,74710
c101027,Полина Белых,,+79768132081,user101027@example.ru,Красноярск,,2026-03-17,98325
c105026,Артур Лаптев,,+79255444430,user105026@example.ru,Новосибирск,,2026-05-04,119990
c106250,Анна Ермакова,,+79515163464,user106250@example.ru,Красноярск,,2026-08-27,83315
c105068,Роман Ковальчук,,+79465715071,user105068@example.ru,Екатеринбург,,2026-04-21,140756
c100856,Алиса Панина,,+79418837896,user100856@example.ru,Красноярск,,2026-08-10,11939
c103721,Вера Нестерова,,+79933368055,user103721@example.ru,Новосибирск,,2026-06-24,39828
c100742,Роман Ермаков,,+79528167133,user100742@example.ru,Москва,,2026-01-18,113489
c103544,Мария Юдина,,+79201470020,user103544@example.ru,Санкт-Петербург,,2026-03-17,106568
c105043,Максим Осипов,,+79250159949,user105043@example.ru,Казань,,2026-02-17,176510
c91746,,Тимур Мешков,+7 (935) 086-17-95,user91746@example.ru,Казань,22.04.2025,,
c103819,Анна Шилова,,+79959543632,user103819@example.ru,Екатеринбург,,2026-07-25,125824
c104641,Артур Панин,,+79614037878,user104641@example.ru,Екатеринбург,,2026-05-29,136760
c104702,Анна Зуева,,+79339260557,user104702@example.ru,Красноярск,,2026-08-16,149136
c106102,Денис Панин,,+79404469952,user106102@example.ru,Екатеринбург,,2026-09-06,121219
c101924,Юлия Осипова,,+79316882883,user101924@example.ru,Красноярск,,2026-09-10,124323
c106675,Павел Осипов,,+79451682855,user106675@example.ru,Новосибирск,,2026-06-06,77085
c91924,,Роман Панин,+7 (967) 177-95-22,user91924@example.ru,С.-Петербург,07.05.2025,,
c106275,Юлия Мешкова,,+79798888099,user106275@example.ru,Новосибирск,,2026-04-09,91654
c105012,Лидия Тихонова,,+79564441430,user105012@example.ru,Новосибирск,,2026-02-15,144025
c104424,Кирилл Крылов,,+79133394182,user104424@example.ru,Екатеринбург,,2026-02-05,99325
c101686,Юлия Нестерова,,+79435132055,user101686@example.ru,Екатеринбург,,2026-01-12,1327
c106829,Тимур Сорокин,,+79736604324,user106829@example.ru,Санкт-Петербург,,2026-02-13,98802
c105961,Наталья Нестерова,,+79912545631,user105961@example.ru,Новосибирск,,2026-04-16,22115
c106880,Павел Тихонов,,+79760662334,user106880@example.ru,Санкт-Петербург,,2026-01-16,177833
c101662,Максим Нестеров,,+79837953735,user101662@example.ru,Казань,,2026-04-05,21605
c105211,Павел Мешков,,+79458872648,user105211@example.ru,Красноярск,,2026-03-17,13529
c101503,,Анна Нестерова,+7 (922) 646-56-52,user101503@example.ru,Москва,09.08.2025,,
c104061,,Елена Гордеева,+7 (955) 399-10-67,user104061@example.ru,Новосибирск,08.09.2024,,
c101615,Юлия Осипова,,+79927604298,user101615@example.ru,Москва,,2026-01-12,97858
c103961,Мария Сорокина,,+79498910970,user103961@example.ru,Казань,,2026-03-18,133426
c90409,,Лидия Ковальчук,+7 (918) 942-23-76,user90409@example.ru,Казань,29.04.2024,,
c92468,,Мария Ковальчук,+7 (947) 377-32-92,user92468@example.ru,Москва,14.05.2025,,
c101757,,Роман Савельев,+7 (951) 033-74-65,user101757@example.ru,Екатеринбург,25.06.2026,,
c103672,Артур Савельев,,+79179808780,user103672@example.ru,Екатеринбург,,2026-04-22,24313
c101487,Алиса Белых,,+79104704239,user101487@example.ru,Екатеринбург,,2026-01-05,13767
c91030,,Роман Ермаков,+7 (982) 623-23-08,user91030@example.ru,С.-Петербург,02.01.2025,,
c90217,,Глеб Ермаков,+7 (979) 459-11-81,user90217@example.ru,С.-Петербург,22.02.2026,,
c100354,Ольга Панина,,+79336486624,user100354@example.ru,Казань,,2026-08-19,2030
c101813,Игорь Панин,,+79543135936,user101813@example.ru,Красноярск,,2026-01-26,89886
c102509,Егор Гордеев,,+79133929390,user102509@example.ru,Москва,,2026-08-25,112621
c105998,Кирилл Тихонов,,+79425350600,user105998@example.ru,Санкт-Петербург,,2026-05-04,135169
c104000,Ольга Панина,,+79147969699,user104000@example.ru,Новосибирск,,2026-04-11,16370
c100645,Наталья Сорокина,,+79337168261,user100645@example.ru,Новосибирск,,2026-01-09,161806
c100376,,Глеб Гордеев,+7 (963) 109-78-48,user100376@example.ru,С.-Петербург,22.09.2024,,
c101693,Игорь Шилов,,+79252659844,user101693@example.ru,Москва,,2026-04-14,131290
c100085,,Глеб Ермаков,+7 (983) 111-89-85,user100085@example.ru,С.-Петербург,16.10.2025,,
c101779,Алиса Тихонова,,+79454052695,user101779@example.ru,Красноярск,,2026-01-05,170947
c101226,Тимур Нестеров,,+79765795721,user101226@example.ru,Красноярск,,2026-07-31,177697
c92017,,Мария Ермакова,+7 (998) 204-69-93,user92017@example.ru,Красноярск,23.05.2026,,
c104362,Елена Осипова,,+79370326238,user104362@example.ru,Екатеринбург,,2026-06-15,14047
c100895,Роман Осипов,,+79526091484,user100895@example.ru,Москва,,2026-05-10,6432
c105832,,Глеб Ковальчук,+7 (912) 670-70-55,user105832@example.ru,Екатеринбург,29.09.2024,,
c103533,,Роман Белых,+7 (999) 483-84-67,user103533@example.ru,Екатеринбург,21.07.2025,,
c103056,Анна Ермакова,,+79430166349,user103056@example.ru,Екатеринбург,,2026-04-04,49393
c100241,Ольга Осипова,,+79983642321,user100241@example.ru,Красноярск,,2026-02-17,23305
c103795,Денис Ковальчук,,+79392191297,user103795@example.ru,Санкт-Петербург,,2026-09-11,164993
c101653,Тимур Ермаков,,+79844517036,user101653@example.ru,Санкт-Петербург,,2026-07-14,77876
c91602,,Вера Лаптева,+7 (911) 668-02-48,user91602@example.ru,Красноярск,12.07.2024,,
c103282,Егор Мешков,,+79854841831,user103282@example.ru,Красноярск,,2026-06-09,38427
c92401,,Глеб Юдин,+7 (929) 384-10-00,user92401@example.ru,Москва,06.06.2024,,
c104885,Мария Ковальчук,,+79836266710,user104885@example.ru,Екатеринбург,,2026-09-10,121817
c90308,,Ольга Ковальчук,+7 (940) 653-13-35,user90308@example.ru,Казань,23.02.2025,,
c101652,Егор Тихонов,,+79564420677,user101652@example.ru,Москва,,2026-03-20,107514
c104042,Павел Нестеров,,+79999129006,user104042@example.ru,Красноярск,,2026-05-21,164712
c90524,,Егор Зуев,+7 (978) 752-60-19,user90524@example.ru,Москва,07.01.2025,,
c104788,Максим Сорокин,,+79429099594,user104788@example.ru,Новосибирск,,2026-08-09,60186
c90549,,Егор Крылов,+7 (942) 230-21-80,user90549@example.ru,Екатеринбург,03.03.2025,,
c104317,Егор Лаптев,,+79318043230,user104317@example.ru,Казань,,2026-01-07,22307
c91530,,Лидия Ермакова,+7 (960) 960-79-00,user91530@example.ru,Красноярск,25.12.2025,,
c92196,,Роман Зуев,+7 (910) 294-03-46,user92196@example.ru,Казань,01.04.2025,,
c90700,,Юлия Панина,+7 (979) 033-17-38,user90700@example.ru,Екатеринбург,29.07.2024,,
c103463,Анна Лаптева,,+79144795497,user103463@example.ru,Санкт-Петербург,,2026-03-12,178826
c106292,Наталья Ермакова,,+79818813923,user106292@example.ru,Санкт-Петербург,,2026-06-18,11408
c91370,,Анна Панина,+7 (946) 593-17-94,user91370@example.ru,С.-Петербург,08.04.2024,,
c103422,Елена Зуева,,+79503243841,user103422@example.ru,Красноярск,,2026-03-28,37442
c91414,,Павел Ковальчук,+7 (976) 578-79-66,user91414@example.ru,Москва,05.04.2026,,
c101435,,Юлия Осипова,+7 (924) 416-33-97,user101435@example.ru,С.-Петербург,09.07.2025,,
c106434,Анна Нестерова,,+79341242217,user106434@example.ru,Москва,,2026-07-05,133661
c106699,,Ольга Тихонова,+7 (950) 465-09-15,user106699@example.ru,Москва,11.12.2024,,
c90634,,Игорь Осипов,+7 (916) 553-11-25,user90634@example.ru,Новосибирск,24.05.2026,,
c90957,,Анна Лаптева,+7 (918) 569-01-61,user90957@example.ru,Екатеринбург,31.07.2025,,
c101541,Мария Савельева,,+79870469490,user101541@example.ru,Красноярск,,2026-03-20,163288
c105391,Роман Гордеев,,+79985229000,user105391@example.ru,Санкт-Петербург,,2026-07-11,86625
c106253,Кирилл Лаптев,,+79316949001,user106253@example.ru,Санкт-Петербург,,2026-02-17,127901
c104429,Алиса Белых,,+79355005206,user104429@example.ru,Красноярск,,2026-05-26,103688
c90482,,Лидия Лаптева,+7 (911) 250-85-96,user90482@example.ru,Москва,01.05.2025,,
c106202,Кирилл Ковальчук,,+79779877038,user106202@example.ru,Новосибирск,,2026-07-31,3872
c101959,Анна Ковальчук,,+79330687993,user101959@example.ru,Санкт-Петербург,,2026-03-14,12550
c103416,Елена Ермакова,,+79990295439,user103416@example.ru,Новосибирск,,2026-02-28,159545
c105959,Роман Ермаков,,+79614571085,user105959@example.ru,Новосибирск,,2026-04-21,147027
c90156,,Егор Сорокин,+7 (981) 222-45-33,user90156@example.ru,С.-Петербург,11.05.2024,,
c101502,Лидия Ермакова,,+79734880161,user101502@example.ru,Екатеринбург,,2026-08-22,151655
c90477,,Елена Савельева,+7 (999) 531-65-36,user90477@example.ru,С.-Петербург,05.06.2025,,
c104779,Мария Ермакова,,+79922335775,user104779@example.ru,Новосибирск,,2026-08-25,152727
c103839,Вера Лаптева,,+79628504606,user103839@example.ru,Санкт-Петербург,,2026-05-25,137044
c100415,Артур Мешков,,+79452257350,user100415@example.ru,Санкт-Петербург,,2026-05-16,114715
c102677,Мария Нестерова,,+79360177098,user102677@example.ru,Казань,,2026-05-11,146572
c104241,Павел Нестеров,,+79960280246,user104241@example.ru,Красноярск,,2026-06-08,126891
c101838,Лидия Шилова,,+79465506916,user101838@example.ru,Казань,,2026-08-13,155870
c92208,,Вера Ковальчук,+7 (955) 291-81-58,user92208@example.ru,Екатеринбург,29.07.2025,,
c104589,Кирилл Зуев,,+79562907425,user104589@example.ru,Новосибирск,,2026-05-13,156809
c90332,,Артур Шилов,+7 (980) 107-34-62,user90332@example.ru,С.-Петербург,09.05.2025,,
c104209,Кирилл Мешков,,+79771469006,user104209@example.ru,Новосибирск,,2026-08-25,34154
c101370,Игорь Лаптев,,+79267834604,user101370@example.ru,Новосибирск,,2026-03-08,31571
c103260,Елена Осипова,,+79568810339,user103260@example.ru,Новосибирск,,2026-07-24,147869
c90467,,Елена Осипова,+7 (972) 135-54-39,user90467@example.ru,Казань,25.12.2025,,
c102369,Артур Осипов,,+79253066108,user102369@example.ru,Новосибирск,,2026-08-08,153789
c106875,Глеб Панин,,+79579692636,user106875@example.ru,Екатеринбург,,2026-07-06,58218
c105617,Тимур Ермаков,,+79834708616,user105617@example.ru,Санкт-Петербург,,2026-03-28,41036
c102599,Игорь Белых,,+79703489175,user102599@example.ru,Екатеринбург,,2026-01-23,93206
c92407,,Тимур Савельев,+7 (994) 556-99-11,user92407@example.ru,С.-Петербург,25.12.2025,,
c106114,Роман Сорокин,,+79223044240,user106114@example.ru,Новосибирск,,2026-02-18,147399
c101651,Мария Тихонова,,+79382676606,user101651@example.ru,Казань,,2026-06-09,7740
c106897,Роман Панин,,+79781745760,user106897@example.ru,Москва,,2026-04-14,69155
c101115,Игорь Савельев,,+79835113752,user101115@example.ru,Екатеринбург,,2026-05-02,152668
c100891,Денис Гордеев,,+79542402327,user100891@example.ru,Москва,,2026-01-20,160600
c106188,,Ольга Юдина,+7 (990) 441-66-05,user106188@example.ru,Москва,02.12.2024,,
c91242,,Тимур Лаптев,+7 (981) 625-10-30,user91242@example.ru,Казань,16.11.2024,,
c100814,Глеб Панин,,+79122380221,user100814@example.ru,Екатеринбург,,2026-01-13,23196
c104988,Игорь Сорокин,,+79802658217,user104988@example.ru,Москва,,2026-02-21,143107
c102959,Тимур Сорокин,,+79984981813,user102959@example.ru,Красноярск,,2026-02-14,69517
c103451,Юлия Ермакова,,+79208187097,user103451@example.ru,Новосибирск,,2026-04-22,9173
c101601,Полина Крылова,,+79176960921,user101601@example.ru,Екатеринбург,,2026-08-30,64095
c100634,Артур Савельев,,+79599356415,user100634@example.ru,Казань,,2026-07-29,88098
c103735,Игорь Панин,,+79872058044,user103735@example.ru,Новосибирск,,2026-01-12,144984
c91960,,Юлия Лаптева,+7 (936) 200-97-52,user91960@example.ru,Красноярск,23.07.2025,,
c103234,Кирилл Белых,,+79770547732,user103234@example.ru,Красноярск,,2026-05-18,145752
c102803,,Роман Мешков,+7 (999) 243-38-49,user102803@example.ru,Новосибирск,24.02.2026,,
c100035,Полина Панина,,+79810832351,user100035@example.ru,Красноярск,,2026-06-05,40386
c105942,Наталья Гордеева,,+79650227654,user105942@example.ru,Екатеринбург,,2026-05-13,143049
c105480,Игорь Савельев,,+79715086221,user105480@example.ru,Казань,,2026-04-03,70241
c105672,Лидия Нестерова,,+79108776272,user105672@example.ru,Екатеринбург,,2026-09-10,153860
c104654,Юлия Юдина,,+79103069174,user104654@example.ru,Новосибирск,,2026-01-07,51617
c101724,Алиса Гордеева,,+79232972898,user101724@example.ru,Новосибирск,,2026-07-10,160748
c104327,Глеб Осипов,,+79993587098,user104327@example.ru,Казань,,2026-01-15,175864
c104194,Роман Ермаков,,+79922711565,user104194@example.ru,Москва,,2026-08-11,2186
c90428,,Роман Лаптев,+7 (940) 946-34-91,user90428@example.ru,Москва,12.08.2025,,
c101423,Вера Юдина,,+79343612715,user101423@example.ru,Москва,,2026-02-16,84164
c105762,Елена Лаптева,,+79728378162,user105762@example.ru,Казань,,2026-02-26,155528
c102735,Игорь Шилов,,+79795945176,user102735@example.ru,Казань,,2026-05-27,22162
c90389,,Полина Шилова,+7 (970) 439-08-63,user90389@example.ru,Казань,21.01.2024,,
c103452,Лидия Юдина,,+79329771629,user103452@example.ru,Казань,,2026-08-16,73450
c91994,,Игорь Зуев,+7 (961) 318-28-66,user91994@example.ru,С.-Петербург,21.04.2026,,
c105994,Наталья Савельева,,+79725955299,user105994@example.ru,Санкт-Петербург,,2026-05-20,46548
c91758,,Тимур Савельев,+7 (946) 403-71-01,user91758@example.ru,Москва,28.03.2024,,
c100591,Елена Зуева,,+79547226063,user100591@example.ru,Санкт-Петербург,,2026-02-14,114370
c90445,,Кирилл Лаптев,+7 (937) 326-63-12,user90445@example.ru,Москва,23.04.2026,,
c101896,Максим Гордеев,,+79432250906,user101896@example.ru,Екатеринбург,,2026-01-10,140547
c90011,,Артур Зуев,+7 (934) 041-02-84,user90011@example.ru,С.-Петербург,10.04.2025,,
c106539,Павел Нестеров,,+79160891541,user106539@example.ru,Казань,,2026-02-12,155043
c100508,,Вера Ковальчук,+7 (937) 093-97-14,user100508@example.ru,С.-Петербург,26.07.2024,,
c92323,,Денис Лаптев,+7 (989) 176-77-18,user92323@example.ru,С.-Петербург,08.04.2024,,
c105638,Ольга Юдина,,+79162419588,user105638@example.ru,Казань,,2026-07-23,176332
c104963,Роман Сорокин,,+79628958989,user104963@example.ru,Екатеринбург,,2026-06-13,179490
c105874,Павел Шилов,,+79808639371,user105874@example.ru,Казань,,2026-04-14,104847
c104449,Максим Нестеров,,+79307332121,user104449@example.ru,Казань,,2026-05-28,27514
c91341,,Егор Гордеев,+7 (980) 037-23-29,user91341@example.ru,Казань,02.11.2024,,
c90361,,Артур Ковальчук,+7 (976) 949-06-36,user90361@example.ru,Екатеринбург,22.07.2025,,
c102046,Юлия Ермакова,,+79267948882,user102046@example.ru,Новосибирск,,2026-01-21,1998
c90661,,Ольга Мешкова,+7 (928) 581-87-80,user90661@example.ru,Москва,27.04.2024,,
c105769,Артур Юдин,,+79133647277,user105769@example.ru,Москва,,2026-01-18,21269
c105370,Мария Савельева,,+79801858007,user105370@example.ru,Казань,,2026-01-06,12111
c90745,,Егор Савельев,+7 (930) 053-95-12,user90745@example.ru,Новосибирск,23.03.2025,,
c103799,Кирилл Лаптев,,+79559293132,user103799@example.ru,Екатеринбург,,2026-02-26,173582
c100418,Вера Белых,,+79202492288,user100418@example.ru,Москва,,2026-02-23,179807
c90912,,Елена Белых,+7 (993) 008-13-78,user90912@example.ru,Новосибирск,29.01.2024,,
c105127,Тимур Ермаков,,+79420926244,user105127@example.ru,Санкт-Петербург,,2026-05-25,4859
c105088,,Глеб Нестеров,+7 (934) 914-14-95,user105088@example.ru,С.-Петербург,17.07.2024,,
c106435,,Анна Крылова,+7 (972) 273-25-41,user106435@example.ru,Екатеринбург,23.03.2026,,
c100963,Лидия Юдина,,+79939577464,user100963@example.ru,Москва,,2026-04-03,26879
c91034,,Анна Сорокина,+7 (921) 392-60-56,user91034@example.ru,Казань,03.07.2024,,
c91026,,Полина Юдина,+7 (976) 700-09-48,user91026@example.ru,Новосибирск,18.12.2024,,
c100448,Павел Савельев,,+79286369423,user100448@example.ru,Красноярск,,2026-03-14,57863
c103521,Вера Юдина,,+79156334253,user103521@example.ru,Екатеринбург,,2026-04-27,19855
c104852,Тимур Тихонов,,+79445440075,user104852@example.ru,Красноярск,,2026-03-03,54916
c92354,,Игорь Шилов,+7 (918) 109-21-61,user92354@example.ru,Екатеринбург,25.10.2025,,
c101087,Наталья Савельева,,+79690093122,user101087@example.ru,Новосибирск,,2026-02-26,40608
c100250,Глеб Панин,,+79155094464,user100250@example.ru,Казань,,2026-05-02,85185
c103389,Павел Сорокин,,+79793455490,user103389@example.ru,Казань,,2026-03-12,173000
c104898,Алиса Гордеева,,+79152224453,user104898@example.ru,Казань,,2026-06-20,82957
c105956,,Тимур Тихонов,+7 (918) 475-79-73,user105956@example.ru,Казань,31.01.2024,,
c105934,Алиса Ермакова,,+79219845150,user105934@example.ru,Екатеринбург,,2026-05-16,151770
c101042,Максим Панин,,+79946075344,user101042@example.ru,Санкт-Петербург,,2026-04-29,5824
c101593,Алиса Белых,,+79307272000,user101593@example.ru,Казань,,2026-02-06,47965
c101518,Денис Нестеров,,+79372344070,user101518@example.ru,Новосибирск,,2026-05-30,22731
c105802,Анна Белых,,+79587472124,user105802@example.ru,Москва,,2026-07-21,108278
c91498,,Наталья Шилова,+7 (955) 017-28-01,user91498@example.ru,Красноярск,13.01.2024,,
c101057,Юлия Гордеева,,+79696969882,user101057@example.ru,Новосибирск,,2026-05-15,3962
c91903,,Тимур Тихонов,+7 (941) 579-30-27,user91903@example.ru,Казань,13.02.2025,,
c105299,Тимур Ермаков,,+79186261399,user105299@example.ru,Санкт-Петербург,,2026-08-04,72306
c104896,Кирилл Савельев,,+79962199456,user104896@example.ru,Екатеринбург,,2026-01-22,46905
c102563,Игорь Юдин,,+79661808526,user102563@example.ru,Казань,,2026-06-16,5832
c92398,,Роман Юдин,+7 (948) 492-99-71,user92398@example.ru,Москва,20.09.2024,,
c101887,Денис Нестеров,,+79264464530,user101887@example.ru,Екатеринбург,,2026-08-08,104490
c106683,Елена Ермакова,,+79117273160,user106683@example.ru,Москва,,2026-02-28,33085
c106125,Ольга Панина,,+79905097872,user106125@example.ru,Санкт-Петербург,,2026-07-26,65685
c103165,Павел Крылов,,+79471425607,user103165@example.ru,Санкт-Петербург,,2026-06-25,52102
c104253,Юлия Осипова,,+79704840785,user104253@example.ru,Москва,,2026-06-21,17008
c106018,Полина Юдина,,+79614282869,user106018@example.ru,Екатеринбург,,2026-06-15,151582
c100854,Лидия Нестерова,,+79267443494,user100854@example.ru,Москва,,2026-01-19,162706
c91008,,Павел Ковальчук,+7 (981) 104-71-41,user91008@example.ru,Екатеринбург,03.02.2025,,
c91102,,Глеб Белых,+7 (959) 062-31-14,user91102@example.ru,Казань,19.06.2025,,
c103066,,Ольга Шилова,+7 (975) 573-34-07,user103066@example.ru,Казань,17.06.2026,,
c100826,Артур Гордеев,,+79841351155,user100826@example.ru,Санкт-Петербург,,2026-09-01,96349
c92236,,Глеб Нестеров,+7 (986) 299-57-06,user92236@example.ru,Москва,04.12.2024,,
c104086,Ольга Лаптева,,+79666602599,user104086@example.ru,Казань,,2026-07-14,89076
c92224,,Ольга Тихонова,+7 (984) 530-03-11,user92224@example.ru,Новосибирск,07.02.2026,,
c106311,Вера Осипова,,+79425128190,user106311@example.ru,Москва,,2026-05-23,114566
c104032,Алиса Белых,,+79939723157,user104032@example.ru,Москва,,2026-07-14,55154
c91044,,Ольга Осипова,+7 (981) 036-44-94,user91044@example.ru,Москва,10.12.2024,,
c100504,Лидия Крылова,,+79904461261,user100504@example.ru,Новосибирск,,2026-07-23,150052
c103697,Вера Шилова,,+79863943332,user103697@example.ru,Москва,,2026-07-08,160143
c92036,,Полина Савельева,+7 (970) 127-13-75,user92036@example.ru,С.-Петербург,05.04.2025,,
c91752,,Егор Нестеров,+7 (957) 763-17-74,user91752@example.ru,Казань,13.07.2025,,
c102338,Артур Тихонов,,+79885367577,user102338@example.ru,Москва,,2026-08-24,134808
c91983,,Наталья Савельева,+7 (969) 078-07-54,user91983@example.ru,С.-Петербург,22.06.2025,,
c104522,Роман Савельев,,+79235160744,user104522@example.ru,Москва,,2026-03-05,57511
c103013,Кирилл Осипов,,+79298356980,user103013@example.ru,Санкт-Петербург,,2026-01-09,122435
c103153,Полина Сорокина,,+79560253010,user103153@example.ru,Санкт-Петербург,,2026-05-18,59485
c104402,Глеб Савельев,,+79204334637,user104402@example.ru,Казань,,2026-04-04,83505
c101657,Максим Лаптев,,+79404037321,user101657@example.ru,Новосибирск,,2026-06-13,104924
c90936,,Кирилл Юдин,+7 (957) 768-50-11,user90936@example.ru,Екатеринбург,11.09.2025,,
c104582,Тимур Панин,,+79469537467,user104582@example.ru,Красноярск,,2026-01-31,55637
c91946,,Елена Ковальчук,+7 (991) 096-41-05,user91946@example.ru,С.-Петербург,28.04.2025,,
c101954,Лидия Тихонова,,+79722161920,user101954@example.ru,Красноярск,,2026-01-27,25331
c102194,Игорь Шилов,,+79820195571,user102194@example.ru,Красноярск,,2026-05-27,102845
c102723,,Алиса Нестерова,+7 (953) 112-59-52,user102723@example.ru,Москва,07.12.2025,,
c91206,,Ольга Ковальчук,+7 (951) 337-08-03,user91206@example.ru,Казань,28.12.2025,,
c103000,Вера Осипова,,+79813916203,user103000@example.ru,Новосибирск,,2026-07-26,126475
c91915,,Юлия Осипова,+7 (914) 351-62-17,user91915@example.ru,Казань,28.07.2024,,
c102126,Ольга Савельева,,+79771043271,user102126@example.ru,Новосибирск,,2026-05-05,154973
c106608,Игорь Зуев,,+79413555536,user106608@example.ru,Красноярск,,2026-08-09,114029
c103638,Мария Зуева,,+79754310675,user103638@example.ru,Санкт-Петербург,,2026-05-14,135861
c91057,,Елена Осипова,+7 (995) 897-20-87,user91057@example.ru,С.-Петербург,28.08.2024,,
c90681,,Ольга Панина,+7 (991) 292-66-83,user90681@example.ru,Новосибирск,17.06.2026,,
c100207,Наталья Сорокина,,+79507511445,user100207@example.ru,Казань,,2026-08-24,57592
c92105,,Полина Панина,+7 (991) 547-57-49,user92105@example.ru,Казань,04.05.2024,,
c101398,Елена Панина,,+79127410306,user101398@example.ru,Москва,,2026-01-17,36672
c100493,Егор Лаптев,,+79833579859,user100493@example.ru,Екатеринбург,,2026-05-05,176228
c100888,Юлия Панина,,+79150260535,user100888@example.ru,Москва,,2026-02-02,153998
c106461,Глеб Юдин,,+79862300300,user106461@example.ru,Санкт-Петербург,,2026-08-12,169655
c100799,Игорь Крылов,,+79692313764,user100799@example.ru,Москва,,2026-08-26,147592
c90722,,Максим Гордеев,+7 (936) 280-82-58,user90722@example.ru,Екатеринбург,20.01.2024,,
c100576,Елена Савельева,,+79764672127,user100576@example.ru,Санкт-Петербург,,2026-08-21,121410
c90372,,Елена Нестерова,+7 (930) 222-91-14,user90372@example.ru,Екатеринбург,19.03.2025,,
c103891,Денис Шилов,,+79273034934,user103891@example.ru,Новосибирск,,2026-07-19,150428
c92201,,Елена Ковальчук,+7 (974) 232-97-77,user92201@example.ru,Казань,18.06.2025,,
c91104,,Юлия Савельева,+7 (924) 459-71-86,user91104@example.ru,Екатеринбург,22.10.2025,,
c91928,,Игорь Шилов,+7 (981) 224-02-45,user91928@example.ru,Екатеринбург,21.04.2025,,
c105534,Глеб Осипов,,+79653231474,user105534@example.ru,Казань,,2026-02-24,1530
c90341,,Кирилл Зуев,+7 (933) 249-48-23,user90341@example.ru,Новосибирск,14.08.2025,,
c103551,Наталья Белых,,+79510968659,user103551@example.ru,Казань,,2026-09-10,8589
c106455,Мария Крылова,,+79475342670,user106455@example.ru,Казань,,2026-01-20,162794
c104004,Роман Осипов,,+79786993673,user104004@example.ru,Екатеринбург,,2026-03-29,152741
c91318,,Полина Гордеева,+7 (914) 503-80-66,user91318@example.ru,Казань,31.01.2026,,
c104126,Юлия Ковальчук,,+79431614461,user104126@example.ru,Казань,,2026-07-08,136121
c100041,,Роман Панин,+7 (985) 451-36-90,user100041@example.ru,Екатеринбург,19.11.2024,,
c101846,Игорь Тихонов,,+79685239549,user101846@example.ru,Санкт-Петербург,,2026-03-12,123860
c90951,,Роман Осипов,+7 (968) 410-74-90,user90951@example.ru,Казань,09.04.2024,,
c104849,Юлия Мешкова,,+79100874801,user104849@example.ru,Санкт-Петербург,,2026-05-31,143404
c91615,,Вера Гордеева,+7 (981) 833-41-87,user91615@example.ru,Казань,01.09.2024,,
c90539,,Полина Тихонова,+7 (965) 307-72-57,user90539@example.ru,Красноярск,16.12.2024,,
c103668,Павел Гордеев,,+79453248691,user103668@example.ru,Новосибирск,,2026-05-15,76584
c91036,,Анна Тихонова,+7 (969) 539-56-34,user91036@example.ru,Казань,18.01.2026,,
c104689,Кирилл Крылов,,+79662133958,user104689@example.ru,Новосибирск,,2026-05-19,17960
c105202,Ольга Тихонова,,+79504115894,user105202@example.ru,Москва,,2026-02-21,41940
c104930,Вера Зуева,,+79715397061,user104930@example.ru,Новосибирск,,2026-06-21,29177
c106104,Максим Мешков,,+79289798448,user106104@example.ru,Москва,,2026-01-11,125012
c103210,Наталья Ковальчук,,+79153123140,user103210@example.ru,Казань,,2026-02-25,128641
c91424,,Анна Ермакова,+7 (998) 878-97-37,user91424@example.ru,С.-Петербург,10.02.2026,,
c104577,Наталья Зуева,,+79981368624,user104577@example.ru,Новосибирск,,2026-03-15,37490
c100328,Ольга Крылова,,+79163293583,user100328@example.ru,Москва,,2026-07-27,4090
c101244,,Вера Белых,+7 (956) 611-38-94,user101244@example.ru,Екатеринбург,23.02.2024,,
c101404,Мария Осипова,,+79800596577,user101404@example.ru,Москва,,2026-06-20,84897
c90660,,Мария Зуева,+7 (937) 523-80-35,user90660@example.ru,Екатеринбург,23.07.2024,,
c103437,Игорь Лаптев,,+79752641907,user103437@example.ru,Казань,,2026-03-24,145343
c101993,Павел Мешков,,+79954228678,user101993@example.ru,Красноярск,,2026-05-06,74640
c91744,,Кирилл Ермаков,+7 (989) 968-44-27,user91744@example.ru,Екатеринбург,25.12.2024,,
c91218,,Максим Мешков,+7 (919) 866-32-02,user91218@example.ru,С.-Петербург,14.05.2024,,
c91626,,Ольга Шилова,+7 (975) 672-38-37,user91626@example.ru,Казань,30.06.2026,,
c102525,Лидия Шилова,,+79786919473,user102525@example.ru,Красноярск,,2026-03-29,132961
c103652,Тимур Гордеев,,+79771433309,user103652@example.ru,Москва,,2026-04-15,155056
c106260,,Павел Юдин,+7 (919) 414-82-13,user106260@example.ru,Новосибирск,18.04.2025,,
c103129,Денис Ковальчук,,+79819298151,user103129@example.ru,Красноярск,,2026-07-09,97310
c106450,Тимур Гордеев,,+79106441626,user106450@example.ru,Новосибирск,,2026-03-03,89778
c100326,Артур Ермаков,,+79480809292,user100326@example.ru,Казань,,2026-04-28,175317
c104206,Елена Тихонова,,+79716860851,user104206@example.ru,Новосибирск,,2026-05-20,35945
c105478,Денис Ковальчук,,+79421111653,user105478@example.ru,Москва,,2026-02-28,166497
c92278,,Вера Белых,+7 (915) 293-30-46,user92278@example.ru,Екатеринбург,20.04.2026,,
c105825,Кирилл Тихонов,,+79398148664,user105825@example.ru,Москва,,2026-02-27,160750
c100939,Артур Мешков,,+79700055425,user100939@example.ru,Екатеринбург,,2026-06-15,118396
c91278,,Ольга Осипова,+7 (950) 532-15-81,user91278@example.ru,Новосибирск,14.03.2026,,
c102511,Тимур Крылов,,+79936637454,user102511@example.ru,Новосибирск,,2026-01-31,105183
c103181,Игорь Осипов,,+79558924890,user103181@example.ru,Санкт-Петербург,,2026-03-15,77131
c105150,Анна Белых,,+79157139585,user105150@example.ru,Екатеринбург,,2026-02-18,63866
c92109,,Полина Гордеева,+7 (982) 067-82-54,user92109@example.ru,Казань,09.02.2024,,
c106143,Денис Лаптев,,+79608822680,user106143@example.ru,Новосибирск,,2026-07-16,88713
c103987,Полина Лаптева,,+79109977574,user103987@example.ru,Москва,,2026-03-30,38252
c106757,Роман Зуев,,+79365519187,user106757@example.ru,Новосибирск,,2026-07-26,104392
c91404,,Алиса Зуева,+7 (969) 677-74-80,user91404@example.ru,С.-Петербург,06.07.2025,,
c90828,,Тимур Зуев,+7 (954) 223-64-12,user90828@example.ru,Красноярск,08.12.2025,,
c101917,Вера Панина,,+79728164971,user101917@example.ru,Новосибирск,,2026-05-01,48465
c90318,,Юлия Панина,+7 (910) 943-28-30,user90318@example.ru,Казань,30.04.2026,,
c104853,Глеб Гордеев,,+79691693527,user104853@example.ru,Москва,,2026-05-03,14816
c101005,Юлия Тихонова,,+79442601715,user101005@example.ru,Новосибирск,,2026-02-26,66340
c102057,,Полина Осипова,+7 (937) 515-33-99,user102057@example.ru,Екатеринбург,30.06.2024,,
c103380,Ольга Савельева,,+79305846946,user103380@example.ru,Москва,,2026-07-29,48085
c100519,Лидия Крылова,,+79547334645,user100519@example.ru,Казань,,2026-08-18,150523
c100698,Глеб Тихонов,,+79706074273,user100698@example.ru,Екатеринбург,,2026-01-04,103991
c101373,Кирилл Осипов,,+79508580529,user101373@example.ru,Санкт-Петербург,,2026-07-20,2390
c106178,,Роман Нестеров,+7 (966) 221-17-75,user106178@example.ru,С.-Петербург,15.10.2025,,
c91064,,Ольга Зуева,+7 (932) 038-59-42,user91064@example.ru,Красноярск,02.11.2024,,
c106277,,Полина Сорокина,+7 (929) 746-77-23,user106277@example.ru,С.-Петербург,25.11.2025,,
c90243,,Игорь Ковальчук,+7 (974) 396-31-34,user90243@example.ru,Москва,01.02.2025,,
c100538,Роман Зуев,,+79472491343,user100538@example.ru,Красноярск,,2026-04-30,102428
c102697,Юлия Белых,,+79785806969,user102697@example.ru,Красноярск,,2026-03-06,171290
c102830,Павел Ермаков,,+79343169607,user102830@example.ru,Екатеринбург,,2026-08-31,78729
c102012,Глеб Осипов,,+79901857687,user102012@example.ru,Новосибирск,,2026-02-28,148116
c106773,Артур Савельев,,+79729106489,user106773@example.ru,Казань,,2026-09-02,114962
c106743,Тимур Тихонов,,+79544777912,user106743@example.ru,Новосибирск,,2026-06-03,2326
c90920,,Ольга Нестерова,+7 (988) 672-19-66,user90920@example.ru,Новосибирск,28.03.2024,,
c91557,,Вера Осипова,+7 (974) 268-38-87,user91557@example.ru,Казань,27.07.2025,,
c102535,Павел Савельев,,+79117519192,user102535@example.ru,Екатеринбург,,2026-07-27,8268
c104854,Павел Ковальчук,,+79138400855,user104854@example.ru,Казань,,2026-09-01,170286
c104625,,Глеб Гордеев,+7 (922) 304-73-66,user104625@example.ru,Москва,25.04.2026,,
c92141,,Лидия Лаптева,+7 (910) 399-55-59,user92141@example.ru,Екатеринбург,26.08.2024,,
c101517,,Егор Савельев,+7 (925) 509-80-45,user101517@example.ru,Екатеринбург,02.05.2026,,
c104632,,Тимур Крылов,+7 (930) 430-25-45,user104632@example.ru,Москва,30.01.2026,,
c102468,Павел Юдин,,+79954353946,user102468@example.ru,Казань,,2026-04-03,131916
c92274,,Юлия Нестерова,+7 (952) 696-81-95,user92274@example.ru,Казань,19.02.2026,,
c101397,Денис Крылов,,+79272154353,user101397@example.ru,Санкт-Петербург,,2026-06-08,7705
c101997,,Лидия Гордеева,+7 (951) 454-51-38,user101997@example.ru,Новосибирск,11.06.2025,,
c104049,Ольга Савельева,,+79576898594,user104049@example.ru,Красноярск,,2026-05-12,134729
c106016,Мария Мешкова,,+79459454198,user106016@example.ru,Москва,,2026-02-12,171250
c92026,,Алиса Савельева,+7 (965) 144-43-58,user92026@example.ru,Екатеринбург,19.07.2024,,
c100666,Мария Юдина,,+79963578110,user100666@example.ru,Новосибирск,,2026-09-03,138137
c105607,Елена Ковальчук,,+79629470744,user105607@example.ru,Санкт-Петербург,,2026-04-04,41878
c106630,,Лидия Панина,+7 (953) 938-57-92,user106630@example.ru,Екатеринбург,28.09.2025,,
c101168,Тимур Зуев,,+79812582765,user101168@example.ru,Екатеринбург,,2026-09-05,58408
c102645,Тимур Панин,,+79717764176,user102645@example.ru,Казань,,2026-02-02,36799
c103818,Елена Савельева,,+79118437608,user103818@example.ru,Казань,,2026-08-17,134705
c92261,,Лидия Крылова,+7 (936) 661-70-39,user92261@example.ru,Красноярск,07.06.2026,,
c102658,Павел Крылов,,+79680016178,user102658@example.ru,Санкт-Петербург,,2026-07-21,143343
c104976,Мария Гордеева,,+79597409549,user104976@example.ru,Красноярск,,2026-02-16,98764
c92351,,Наталья Шилова,+7 (953) 204-28-00,user92351@example.ru,Красноярск,14.03.2026,,
c90741,,Наталья Белых,+7 (999) 372-36-14,user90741@example.ru,Новосибирск,07.08.2024,,
c100870,,Тимур Тихонов,+7 (934) 428-99-15,user100870@example.ru,Екатеринбург,17.01.2024,,
c101476,Артур Ковальчук,,+79843086089,user101476@example.ru,Санкт-Петербург,,2026-03-25,123816
c104830,Елена Зуева,,+79792514168,user104830@example.ru,Красноярск,,2026-02-04,165433
c103791,Егор Белых,,+79465584894,user103791@example.ru,Екатеринбург,,2026-07-05,8820
c105010,Артур Мешков,,+79677462877,user105010@example.ru,Москва,,2026-08-06,161496
c91067,,Ольга Осипова,+7 (995) 782-81-09,user91067@example.ru,Новосибирск,24.03.2025,,
c101123,Максим Ковальчук,,+79946482992,user101123@example.ru,Санкт-Петербург,,2026-04-30,158322
c91773,,Максим Зуев,+7 (996) 779-80-60,user91773@example.ru,Екатеринбург,08.06.2026,,
c105208,Полина Зуева,,+79519951963,user105208@example.ru,Новосибирск,,2026-08-19,117183
c100602,Полина Нестерова,,+79510530878,user100602@example.ru,Екатеринбург,,2026-06-21,30164
c101026,Анна Лаптева,,+79422365694,user101026@example.ru,Санкт-Петербург,,2026-02-25,34418
c101756,Денис Савельев,,+79771436614,user101756@example.ru,Новосибирск,,2026-03-02,108134
c102707,Артур Крылов,,+79276888531,user102707@example.ru,Новосибирск,,2026-08-25,71934
c90252,,Ольга Панина,+7 (988) 471-92-13,user90252@example.ru,Казань,05.11.2025,,
c91982,,Павел Зуев,+7 (963) 598-56-27,user91982@example.ru,Екатеринбург,26.10.2024,,
c100166,Мария Тихонова,,+79285925880,user100166@example.ru,Казань,,2026-03-16,23795
c90615,,Анна Белых,+7 (977) 798-70-85,user90615@example.ru,Красноярск,14.03.2026,,
c105957,Юлия Шилова,,+79237742499,user105957@example.ru,Новосибирск,,2026-08-04,146042
c90656,,Тимур Савельев,+7 (998) 504-87-58,user90656@example.ru,Екатеринбург,30.01.2025,,
c104626,Максим Ермаков,,+79797204512,user104626@example.ru,Москва,,2026-05-22,162630
c100687,Артур Зуев,,+79957688096,user100687@example.ru,Екатеринбург,,2026-03-21,54332
c101956,Вера Белых,,+79839256978,user101956@example.ru,Красноярск,,2026-08-28,32167
c101865,Максим Лаптев,,+79579212030,user101865@example.ru,Москва,,2026-08-05,88629
c106530,Полина Мешкова,,+79806529413,user106530@example.ru,Москва,,2026-08-01,109522
c92451,,Вера Ковальчук,+7 (966) 415-48-25,user92451@example.ru,Казань,16.10.2025,,
c104809,Юлия Ермакова,,+79247569965,user104809@example.ru,Красноярск,,2026-02-02,121005
c103461,Вера Ермакова,,+79626634208,user103461@example.ru,Новосибирск,,2026-06-16,63686
c104687,,Егор Шилов,+7 (931) 724-04-20,user104687@example.ru,Новосибирск,18.03.2024,,
c106616,Вера Нестерова,,+79717091005,user106616@example.ru,Москва,,2026-02-25,40173
c101150,Тимур Мешков,,+79147079598,user101150@example.ru,Екатеринбург,,2026-01-20,139312
c105228,Алиса Мешкова,,+79831105533,user105228@example.ru,Казань,,2026-02-09,50388
c101171,Егор Зуев,,+79934137713,user101171@example.ru,Санкт-Петербург,,2026-05-14,151546
c92276,,Вера Крылова,+7 (940) 789-92-87,user92276@example.ru,Екатеринбург,07.12.2024,,
c103166,,Денис Ковальчук,+7 (911) 906-19-39,user103166@example.ru,Екатеринбург,10.01.2025,,
c90041,,Наталья Мешкова,+7 (960) 516-88-50,user90041@example.ru,Екатеринбург,31.03.2026,,
c101177,Вера Панина,,+79950134617,user101177@example.ru,Казань,,2026-04-05,48052
c105964,Юлия Зуева,,+79760927341,user105964@example.ru,Казань,,2026-06-06,164985
c91186,,Юлия Сорокина,+7 (945) 752-25-28,user91186@example.ru,Казань,31.01.2026,,
c100151,,Алиса Ковальчук,+7 (966) 602-11-76,user100151@example.ru,Красноярск,17.01.2024,,
c105756,,Максим Мешков,+7 (933) 394-59-82,user105756@example.ru,Екатеринбург,14.12.2025,,
c103293,,Максим Белых,+7 (964) 600-61-83,user103293@example.ru,Казань,11.05.2025,,
c104894,Мария Ковальчук,,+79548290446,user104894@example.ru,Казань,,2026-05-17,137552
c92402,,Павел Ковальчук,+7 (914) 866-77-44,user92402@example.ru,Москва,02.06.2025,,
c103686,Роман Лаптев,,+79972356117,user103686@example.ru,Екатеринбург,,2026-04-17,118227
c103994,Алиса Белых,,+79532316543,user103994@example.ru,Новосибирск,,2026-07-09,136523
c90690,,Алиса Осипова,+7 (931) 405-78-31,user90690@example.ru,Екатеринбург,25.03.2026,,
c90037,,Наталья Шилова,+7 (956) 672-28-70,user90037@example.ru,Новосибирск,03.07.2025,,
c101469,,Лидия Юдина,+7 (997) 974-91-75,user101469@example.ru,Москва,16.05.2025,,
c100673,Полина Сорокина,,+79759514946,user100673@example.ru,Санкт-Петербург,,2026-04-03,89936
c101196,Тимур Осипов,,+79113765931,user101196@example.ru,Москва,,2026-05-25,83626
c103029,Наталья Шилова,,+79329794379,user103029@example.ru,Казань,,2026-04-14,96725
c103232,Наталья Зуева,,+79486289530,user103232@example.ru,Красноярск,,2026-07-30,50507
c100534,Роман Осипов,,+79841021618,user100534@example.ru,Казань,,2026-05-07,106915
c106394,Артур Мешков,,+79932939820,user106394@example.ru,Новосибирск,,2026-04-02,14971
c91130,,Игорь Осипов,+7 (956) 280-60-52,user91130@example.ru,Москва,21.09.2024,,
c102632,Егор Ермаков,,+79266197268,user102632@example.ru,Санкт-Петербург,,2026-03-12,172697
c102741,Денис Лаптев,,+79878576521,user102741@example.ru,Екатеринбург,,2026-08-21,70610
c92413,,Лидия Панина,+7 (966) 301-67-96,user92413@example.ru,Казань,03.06.2025,,
c102747,,Егор Крылов,+7 (922) 453-11-39,user102747@example.ru,Казань,02.05.2026,,
c105619,Анна Сорокина,,+79289878814,user105619@example.ru,Москва,,2026-05-21,176746
c105172,Юлия Юдина,,+79961598565,user105172@example.ru,Красноярск,,2026-02-20,98632
c106823,Тимур Лаптев,,+79536465425,user106823@example.ru,Казань,,2026-04-16,119128
c90371,,Елена Нестерова,+7 (979) 723-43-84,user90371@example.ru,С.-Петербург,12.04.2025,,
c103661,Игорь Гордеев,,+79699151564,user103661@example.ru,Санкт-Петербург,,2026-02-22,80473
c100934,Игорь Шилов,,+79282992636,user100934@example.ru,Казань,,2026-04-16,60736
c106648,Максим Ковальчук,,+79508071898,user106648@example.ru,Екатеринбург,,2026-04-03,83370
c103624,,Анна Панина,+7 (915) 760-82-90,user103624@example.ru,Екатеринбург,07.06.2024,,
c104727,Елена Осипова,,+79808393010,user104727@example.ru,Екатеринбург,,2026-09-02,138739
c102137,Глеб Белых,,+79425641038,user102137@example.ru,Екатеринбург,,2026-06-16,82801
c105981,Мария Панина,,+79896868545,user105981@example.ru,Казань,,2026-06-02,85960
c105416,Алиса Мешкова,,+79413151618,user105416@example.ru,Красноярск,,2026-05-19,71569
c100740,Полина Панина,,+79798822607,user100740@example.ru,Санкт-Петербург,,2026-06-22,41253
c104984,Мария Осипова,,+79674642989,user104984@example.ru,Новосибирск,,2026-06-16,99963
c106295,Ольга Осипова,,+79130498467,user106295@example.ru,Красноярск,,2026-08-24,86723
c100950,,Кирилл Белых,+7 (967) 249-87-01,user100950@example.ru,Красноярск,28.03.2026,,
c102101,Кирилл Сорокин,,+79660829203,user102101@example.ru,Санкт-Петербург,,2026-08-25,9584
c100646,Ольга Гордеева,,+79709568289,user100646@example.ru,Екатеринбург,,2026-07-22,116185
c103648,Глеб Шилов,,+79947979260,user103648@example.ru,Красноярск,,2026-06-05,75906
c106705,Вера Лаптева,,+79886134650,user106705@example.ru,Москва,,2026-03-10,120207
c105015,Ольга Белых,,+79853700289,user105015@example.ru,Красноярск,,2026-02-15,108669
c103548,Тимур Ковальчук,,+79747309582,user103548@example.ru,Красноярск,,2026-02-21,132956
c91461,,Полина Тихонова,+7 (915) 020-39-43,user91461@example.ru,Новосибирск,25.03.2026,,
c92381,,Мария Шилова,+7 (912) 127-15-91,user92381@example.ru,Новосибирск,29.07.2024,,
c90824,,Роман Зуев,+7 (916) 993-26-60,user90824@example.ru,Новосибирск,16.07.2024,,
c100068,Ольга Гордеева,,+79204848764,user100068@example.ru,Екатеринбург,,2026-07-21,175644
c103854,Тимур Тихонов,,+79902453852,user103854@example.ru,Новосибирск,,2026-02-14,114375
c106530,,Егор Белых,+7 (954) 883-76-94,user106530@example.ru,Новосибирск,28.07.2025,,
c106131,Алиса Осипова,,+79113792058,user106131@example.ru,Казань,,2026-08-29,49505
c101793,Павел Гордеев,,+79816131506,user101793@example.ru,Красноярск,,2026-01-20,152688
c106665,Тимур Тихонов,,+79272217603,user106665@example.ru,Екатеринбург,,2026-08-07,127107
c103794,Игорь Тихонов,,+79848897380,user103794@example.ru,Екатеринбург,,2026-04-14,151945
c102665,Мария Савельева,,+79861639568,user102665@example.ru,Красноярск,,2026-05-09,77010
c105777,Юлия Белых,,+79173963311,user105777@example.ru,Красноярск,,2026-07-09,117704
c103804,Мария Мешкова,,+79271562616,user103804@example.ru,Красноярск,,2026-01-07,88317
c91476,,Ольга Савельева,+7 (934) 428-03-72,user91476@example.ru,Новосибирск,13.01.2026,,
c90363,,Кирилл Лаптев,+7 (964) 843-61-30,user90363@example.ru,Москва,22.02.2026,,
c105198,Наталья Осипова,,+79197151022,user105198@example.ru,Екатеринбург,,2026-06-09,158374
c101486,Егор Лаптев,,+79791431061,user101486@example.ru,Казань,,2026-04-21,140924
c92408,,Анна Лаптева,+7 (957) 909-60-42,user92408@example.ru,Казань,04.01.2026,,
c105004,Глеб Савельев,,+79426084032,user105004@example.ru,Новосибирск,,2026-08-18,132201
c104107,Игорь Крылов,,+79447065226,user104107@example.ru,Екатеринбург,,2026-04-07,57589
c104154,Вера Нестерова,,+79437908877,user104154@example.ru,Красноярск,,2026-09-09,18798
c103366,Полина Белых,,+79157332629,user103366@example.ru,Москва,,2026-03-21,175778
c91756,,Тимур Белых,+7 (995) 442-26-60,user91756@example.ru,Красноярск,05.05.2024,,
c100102,Мария Лаптева,,+79776373035,user100102@example.ru,Казань,,2026-05-17,47006
c100070,Вера Осипова,,+79713309356,user100070@example.ru,Санкт-Петербург,,2026-03-23,87045
c104417,,Лидия Ковальчук,+7 (954) 706-83-48,user104417@example.ru,С.-Петербург,28.07.2025,,
c101506,Тимур Крылов,,+79167056175,user101506@example.ru,Санкт-Петербург,,2026-04-05,30641
c106741,Павел Шилов,,+79108292190,user106741@example.ru,Москва,,2026-07-04,33005
c104649,Лидия Лаптева,,+79690244926,user104649@example.ru,Санкт-Петербург,,2026-05-25,172845
c101714,Лидия Юдина,,+79126062852,user101714@example.ru,Москва,,2026-08-31,122196
c106781,Павел Савельев,,+79496103448,user106781@example.ru,Новосибирск,,2026-02-06,152884
c100942,Максим Сорокин,,+79737433096,user100942@example.ru,Екатеринбург,,2026-03-02,155559
c100421,Ольга Лаптева,,+79466381070,user100421@example.ru,Екатеринбург,,2026-07-07,86479
c90937,,Алиса Сорокина,+7 (962) 738-10-63,user90937@example.ru,С.-Петербург,27.12.2024,,
c101153,Лидия Савельева,,+79601139478,user101153@example.ru,Новосибирск,,2026-06-21,20992
c90157,,Полина Осипова,+7 (952) 820-01-57,user90157@example.ru,Красноярск,24.07.2024,,
c103473,Ольга Савельева,,+79169794963,user103473@example.ru,Санкт-Петербург,,2026-08-20,87078
c102971,Денис Тихонов,,+79745026554,user102971@example.ru,Красноярск,,2026-03-25,164415
c90800,,Роман Ермаков,+7 (960) 305-63-89,user90800@example.ru,Москва,30.05.2026,,
c101612,Кирилл Гордеев,,+79689919650,user101612@example.ru,Екатеринбург,,2026-08-24,102239
c105563,,Глеб Белых,+7 (915) 988-12-49,user105563@example.ru,Новосибирск,20.03.2025,,
c105293,,Алиса Савельева,+7 (995) 869-89-80,user105293@example.ru,Красноярск,21.12.2024,,
c104193,Кирилл Савельев,,+79591115516,user104193@example.ru,Москва,,2026-08-26,138068
c103978,Алиса Шилова,,+79740195493,user103978@example.ru,Москва,,2026-01-05,151855
c90391,,Глеб Нестеров,+7 (987) 626-87-96,user90391@example.ru,С.-Петербург,16.03.2026,,
c105045,Тимур Сорокин,,+79775152316,user105045@example.ru,Казань,,2026-07-26,103048
c106811,Глеб Сорокин,,+79753518732,user106811@example.ru,Новосибирск,,2026-07-14,130216
c90733,,Наталья Крылова,+7 (947) 903-38-37,user90733@example.ru,Москва,14.11.2025,,
c92340,,Алиса Шилова,+7 (952) 206-39-39,user92340@example.ru,Казань,19.02.2026,,
c100316,Денис Осипов,,+79293092147,user100316@example.ru,Санкт-Петербург,,2026-06-29,159955
c105451,Глеб Юдин,,+79962442948,user105451@example.ru,Екатеринбург,,2026-05-06,178429
c103981,Роман Сорокин,,+79585722662,user103981@example.ru,Санкт-Петербург,,2026-05-25,12557
c106179,Игорь Мешков,,+79908615655,user106179@example.ru,Москва,,2026-08-31,53354
c92052,,Юлия Осипова,+7 (969) 364-46-80,user92052@example.ru,Казань,07.08.2025,,
c104940,Ольга Панина,,+79765407799,user104940@example.ru,Екатеринбург,,2026-05-04,42148
c101405,Анна Лаптева,,+79778653520,user101405@example.ru,Екатеринбург,,2026-01-29,160336
c100628,Елена Крылова,,+79190585039,user100628@example.ru,Новосибирск,,2026-02-16,65751
c91531,,Полина Савельева,+7 (975) 128-97-90,user91531@example.ru,Казань,12.11.2025,,
c106446,Алиса Гордеева,,+79255916141,user106446@example.ru,Красноярск,,2026-07-14,94820
c101025,Ольга Белых,,+79300779115,user101025@example.ru,Красноярск,,2026-04-18,145857
c101758,Вера Ермакова,,+79172348413,user101758@example.ru,Красноярск,,2026-09-01,110148
c100308,Павел Шилов,,+79383502612,user100308@example.ru,Новосибирск,,2026-03-21,135744
c103406,Егор Тихонов,,+79164412806,user103406@example.ru,Новосибирск,,2026-03-16,16306
c92423,,Денис Зуев,+7 (949) 258-63-27,user92423@example.ru,Москва,09.01.2025,,
c103122,Елена Гордеева,,+79267293057,user103122@example.ru,Красноярск,,2026-08-27,102379
c103506,Лидия Гордеева,,+79486700519,user103506@example.ru,Красноярск,,2026-09-04,176527
c92434,,Игорь Нестеров,+7 (979) 616-10-78,user92434@example.ru,С.-Петербург,05.08.2024,,
c90034,,Максим Гордеев,+7 (932) 507-72-81,user90034@example.ru,Казань,14.03.2024,,
c101780,Ольга Нестерова,,+79699896335,user101780@example.ru,Новосибирск,,2026-08-13,137437
c106729,Мария Мешкова,,+79873722603,user106729@example.ru,Санкт-Петербург,,2026-01-31,12494
c100739,Полина Ермакова,,+79298742764,user100739@example.ru,Москва,,2026-06-04,18192
c103785,Тимур Савельев,,+79354304140,user103785@example.ru,Екатеринбург,,2026-05-25,171583
c102321,Кирилл Крылов,,+79948549041,user102321@example.ru,Новосибирск,,2026-03-12,122060
c100693,Мария Лаптева,,+79466341455,user100693@example.ru,Санкт-Петербург,,2026-05-07,58849
c102840,Егор Тихонов,,+79999196669,user102840@example.ru,Красноярск,,2026-04-24,41460
c101695,Павел Гордеев,,+79813201550,user101695@example.ru,Екатеринбург,,2026-05-29,51545
c106047,Алиса Зуева,,+79458550934,user106047@example.ru,Красноярск,,2026-08-19,117926
c104411,Вера Шилова,,+79602696536,user104411@example.ru,Санкт-Петербург,,2026-01-07,168990
c102089,Юлия Крылова,,+79596426792,user102089@example.ru,Казань,,2026-08-21,73288
c104056,Роман Тихонов,,+79207395081,user104056@example.ru,Новосибирск,,2026-07-14,150039
c101099,Алиса Лаптева,,+79691721230,user101099@example.ru,Екатеринбург,,2026-03-19,93873
c105285,Елена Ковальчук,,+79978557075,user105285@example.ru,Новосибирск,,2026-07-05,4822
c100902,Егор Осипов,,+79401964575,user100902@example.ru,Казань,,2026-02-02,99748
c91390,,Максим Тихонов,+7 (974) 037-12-62,user91390@example.ru,Москва,27.02.2025,,
c100093,Ольга Крылова,,+79494657654,user100093@example.ru,Красноярск,,2026-05-27,106285
c105970,Мария Зуева,,+79836833949,user105970@example.ru,Москва,,2026-06-21,38586
c91313,,Егор Сорокин,+7 (957) 329-33-78,user91313@example.ru,Красноярск,13.04.2024,,
c106082,Денис Панин,,+79413290109,user106082@example.ru,Санкт-Петербург,,2026-07-20,143097
c102573,Юлия Зуева,,+79603525949,user102573@example.ru,Москва,,2026-09-07,42923
c106363,Артур Гордеев,,+79883156504,user106363@example.ru,Новосибирск,,2026-04-14,109608
c105387,Игорь Зуев,,+79507862080,user105387@example.ru,Москва,,2026-05-02,125164
c101843,Кирилл Крылов,,+79787938231,user101843@example.ru,Москва,,2026-05-06,20140
c103341,Денис Сорокин,,+79455821435,user103341@example.ru,Новосибирск,,2026-03-13,41704
c103838,Артур Белых,,+79379167629,user103838@example.ru,Екатеринбург,,2026-05-04,136547
c100950,Алиса Савельева,,+79575569455,user100950@example.ru,Санкт-Петербург,,2026-01-04,28167
c101364,Мария Тихонова,,+79230642432,user101364@example.ru,Москва,,2026-09-11,75290
c101481,Егор Лаптев,,+79692134940,user101481@example.ru,Екатеринбург,,2026-02-22,142333
c105143,Игорь Юдин,,+79770593640,user105143@example.ru,Екатеринбург,,2026-05-03,80375
c103917,Максим Лаптев,,+79971355105,user103917@example.ru,Казань,,2026-01-14,21573
c105084,Полина Мешкова,,+79734793273,user105084@example.ru,Новосибирск,,2026-06-19,149655
c103064,Анна Осипова,,+79563768030,user103064@example.ru,Екатеринбург,,2026-03-11,90609
c105077,Юлия Савельева,,+79221000631,user105077@example.ru,Красноярск,,2026-02-11,57740
c105740,,Анна Ковальчук,+7 (930) 675-90-41,user105740@example.ru,С.-Петербург,22.12.2024,,
c101521,Елена Гордеева,,+79925779510,user101521@example.ru,Санкт-Петербург,,2026-08-04,95815
c105207,Глеб Осипов,,+79543679569,user105207@example.ru,Красноярск,,2026-08-14,134656
c100329,,Максим Панин,+7 (977) 054-90-60,user100329@example.ru,Казань,12.05.2024,,
c104357,Игорь Савельев,,+79637406973,user104357@example.ru,Санкт-Петербург,,2026-05-19,135707
c102067,Елена Крылова,,+79147784206,user102067@example.ru,Новосибирск,,2026-01-19,106816
c100828,Максим Юдин,,+79128506882,user100828@example.ru,Казань,,2026-06-23,43344
c102400,Полина Белых,,+79426858963,user102400@example.ru,Москва,,2026-07-06,9923
c105723,Роман Ковальчук,,+79185333880,user105723@example.ru,Екатеринбург,,2026-04-16,99338
c101868,Ольга Лаптева,,+79167670577,user101868@example.ru,Санкт-Петербург,,2026-02-23,23453
c92216,,Юлия Крылова,+7 (918) 254-54-17,user92216@example.ru,Екатеринбург,23.12.2025,,
c106414,Кирилл Ковальчук,,+79339690376,user106414@example.ru,Казань,,2026-08-05,106017
c103784,Анна Белых,,+79680906173,user103784@example.ru,Екатеринбург,,2026-08-18,51968
c103825,Ольга Лаптева,,+79669242016,user103825@example.ru,Красноярск,,2026-06-07,15010
c106569,Алиса Лаптева,,+79827677345,user106569@example.ru,Москва,,2026-05-17,77669
c91311,,Роман Гордеев,+7 (926) 418-72-82,user91311@example.ru,Казань,27.04.2025,,
c91179,,Павел Панин,+7 (966) 203-75-94,user91179@example.ru,С.-Петербург,06.03.2025,,
c103874,Ольга Савельева,,+79726512129,user103874@example.ru,Красноярск,,2026-05-15,64519
c90080,,Тимур Зуев,+7 (919) 991-04-90,user90080@example.ru,Казань,20.09.2025,,
c101084,Елена Белых,,+79787654306,user101084@example.ru,Казань,,2026-07-22,155359
c102214,Тимур Панин,,+79469060319,user102214@example.ru,Екатеринбург,,2026-08-05,63667
c104478,,Тимур Гордеев,+7 (952) 163-14-42,user104478@example.ru,Новосибирск,13.05.2024,,
c105856,Анна Зуева,,+79898604627,user105856@example.ru,Казань,,2026-06-23,102688
c104987,Полина Нестерова,,+79672263047,user104987@example.ru,Красноярск,,2026-04-06,156166
c102441,Елена Гордеева,,+79105517862,user102441@example.ru,Санкт-Петербург,,2026-08-10,62667
c103963,Егор Осипов,,+79885958675,user103963@example.ru,Новосибирск,,2026-06-08,624
c90767,,Ольга Панина,+7 (938) 801-81-87,user90767@example.ru,Екатеринбург,16.01.2025,,
c106842,,Ольга Осипова,+7 (962) 065-63-98,user106842@example.ru,Новосибирск,16.04.2024,,
c92318,,Полина Крылова,+7 (963) 261-33-23,user92318@example.ru,Казань,03.04.2026,,
c103074,Роман Мешков,,+79913193477,user103074@example.ru,Новосибирск,,2026-08-04,27356
c106820,Денис Савельев,,+79351032220,user106820@example.ru,Новосибирск,,2026-06-12,173107
c101425,,Лидия Крылова,+7 (966) 020-52-99,user101425@example.ru,Москва,01.05.2026,,
c105750,Павел Сорокин,,+79870134599,user105750@example.ru,Новосибирск,,2026-01-19,165468
c101032,Юлия Тихонова,,+79616535250,user101032@example.ru,Новосибирск,,2026-01-14,170881
c102538,Полина Гордеева,,+79693542080,user102538@example.ru,Новосибирск,,2026-07-26,161941
c91077,,Юлия Юдина,+7 (971) 644-65-41,user91077@example.ru,С.-Петербург,21.09.2024,,
c90867,,Юлия Сорокина,+7 (925) 691-13-40,user90867@example.ru,Казань,05.04.2026,,
c102819,,Лидия Лаптева,+7 (953) 878-49-71,user102819@example.ru,Новосибирск,03.02.2025,,
c105880,Ольга Гордеева,,+79908002335,user105880@example.ru,Санкт-Петербург,,2026-03-09,39606
c103509,Максим Тихонов,,+79641650201,user103509@example.ru,Казань,,2026-05-01,1607
c103365,Юлия Лаптева,,+79511398862,user103365@example.ru,Казань,,2026-02-16,134949
c101763,,Роман Белых,+7 (934) 594-00-65,user101763@example.ru,Москва,09.03.2024,,
c102254,Елена Лаптева,,+79129378879,user102254@example.ru,Новосибирск,,2026-03-22,106143
c100546,Павел Мешков,,+79789509626,user100546@example.ru,Екатеринбург,,2026-06-24,124123
c106073,Алиса Ковальчук,,+79525002199,user106073@example.ru,Москва,,2026-07-19,159464
c101719,,Роман Савельев,+7 (973) 411-27-86,user101719@example.ru,Новосибирск,25.04.2026,,
c106213,Глеб Лаптев,,+79863295042,user106213@example.ru,Екатеринбург,,2026-06-04,102699
c105630,Вера Сорокина,,+79514855061,user105630@example.ru,Санкт-Петербург,,2026-02-11,80986
c104415,Максим Зуев,,+79218126913,user104415@example.ru,Казань,,2026-05-28,63243
c101681,Лидия Зуева,,+79875323635,user101681@example.ru,Казань,,2026-01-14,116373
c90563,,Игорь Савельев,+7 (941) 867-71-74,user90563@example.ru,С.-Петербург,12.12.2025,,
c92316,,Мария Мешкова,+7 (949) 258-91-05,user92316@example.ru,Казань,22.06.2026,,
c104075,Павел Зуев,,+79795939629,user104075@example.ru,Москва,,2026-03-20,114842
c90565,,Анна Ермакова,+7 (957) 964-75-63,user90565@example.ru,С.-Петербург,20.06.2025,,
c90491,,Кирилл Ковальчук,+7 (979) 523-73-16,user90491@example.ru,С.-Петербург,19.05.2025,,
c102174,Павел Ковальчук,,+79684308079,user102174@example.ru,Москва,,2026-07-22,140505
c106147,Вера Белых,,+79680503919,user106147@example.ru,Москва,,2026-01-09,122408
c102382,Кирилл Белых,,+79177455441,user102382@example.ru,Красноярск,,2026-02-03,99954
c105745,Ольга Тихонова,,+79867516511,user105745@example.ru,Санкт-Петербург,,2026-03-19,100069
c105872,Кирилл Крылов,,+79616120178,user105872@example.ru,Москва,,2026-02-01,129172
c91155,,Лидия Белых,+7 (954) 318-17-51,user91155@example.ru,Москва,20.12.2024,,
c105007,Максим Мешков,,+79272735444,user105007@example.ru,Красноярск,,2026-05-05,110177
c92430,,Лидия Тихонова,+7 (950) 611-99-90,user92430@example.ru,Новосибирск,13.06.2026,,
c105551,Ольга Юдина,,+79195871213,user105551@example.ru,Казань,,2026-05-11,12068
c90265,,Глеб Мешков,+7 (963) 811-25-02,user90265@example.ru,Москва,21.05.2025,,
c104063,Максим Шилов,,+79144034847,user104063@example.ru,Новосибирск,,2026-05-17,137801
c102029,Денис Шилов,,+79395879002,user102029@example.ru,Новосибирск,,2026-03-23,67526
c104846,Глеб Панин,,+79600435341,user104846@example.ru,Новосибирск,,2026-08-07,21700
c100330,Егор Тихонов,,+79827456488,user100330@example.ru,Москва,,2026-08-22,96807
c105890,Павел Лаптев,,+79306799366,user105890@example.ru,Екатеринбург,,2026-06-06,74418
c105818,Егор Ермаков,,+79952919530,user105818@example.ru,Казань,,2026-03-29,106838
c101020,Ольга Ермакова,,+79289365059,user101020@example.ru,Красноярск,,2026-01-28,116661
c106526,Тимур Зуев,,+79315569216,user106526@example.ru,Москва,,2026-09-04,173533
c91713,,Елена Ермакова,+7 (914) 636-05-83,user91713@example.ru,Красноярск,17.03.2024,,
c101188,Денис Сорокин,,+79679560129,user101188@example.ru,Новосибирск,,2026-06-29,89533
c105375,Кирилл Зуев,,+79133622795,user105375@example.ru,Новосибирск,,2026-05-20,67136
c90459,,Кирилл Зуев,+7 (969) 926-53-81,user90459@example.ru,Москва,30.06.2026,,
c104417,Павел Ковальчук,,+79265648710,user104417@example.ru,Москва,,2026-09-05,75492
c104472,Роман Сорокин,,+79518899587,user104472@example.ru,Санкт-Петербург,,2026-04-04,77278
c91463,,Роман Зуев,+7 (948) 957-41-47,user91463@example.ru,Екатеринбург,17.06.2026,,
c101051,Павел Крылов,,+79525136250,user101051@example.ru,Новосибирск,,2026-03-28,86026
c90620,,Елена Гордеева,+7 (963) 011-90-42,user90620@example.ru,Новосибирск,22.12.2024,,
c105262,Анна Мешкова,,+79369873317,user105262@example.ru,Красноярск,,2026-01-07,43834
c90104,,Анна Савельева,+7 (984) 578-82-67,user90104@example.ru,С.-Петербург,29.06.2024,,
c104226,Елена Ермакова,,+79743651633,user104226@example.ru,Казань,,2026-06-14,125468
c105751,Анна Шилова,,+79467397936,user105751@example.ru,Казань,,2026-02-27,178244
c103482,,Алиса Ермакова,+7 (930) 237-95-11,user103482@example.ru,Казань,28.07.2024,,
c100961,,Артур Крылов,+7 (980) 514-15-12,user100961@example.ru,Красноярск,25.09.2025,,
c105620,Полина Лаптева,,+79116767667,user105620@example.ru,Москва,,2026-05-17,69130
c91112,,Ольга Тихонова,+7 (955) 337-40-19,user91112@example.ru,Екатеринбург,06.01.2026,,
c101903,,Мария Мешкова,+7 (994) 836-20-29,user101903@example.ru,Москва,09.05.2026,,
c106404,Егор Осипов,,+79472222812,user106404@example.ru,Новосибирск,,2026-09-01,80494
c105768,Игорь Панин,,+79968832614,user105768@example.ru,Москва,,2026-04-22,102495
c105394,Ольга Гордеева,,+79509559827,user105394@example.ru,Екатеринбург,,2026-06-24,144496
c106375,Кирилл Осипов,,+79927343265,user106375@example.ru,Москва,,2026-02-08,46087
c104199,Наталья Белых,,+79509604196,user104199@example.ru,Красноярск,,2026-01-05,64990
c100317,Егор Сорокин,,+79827844239,user100317@example.ru,Екатеринбург,,2026-01-04,56084
c91763,,Алиса Нестерова,+7 (963) 827-83-98,user91763@example.ru,Казань,05.02.2024,,
c105134,Ольга Зуева,,+79609243778,user105134@example.ru,Санкт-Петербург,,2026-09-06,14587
c91902,,Мария Гордеева,+7 (962) 204-91-76,user91902@example.ru,Красноярск,23.03.2024,,
c106734,,Наталья Сорокина,+7 (913) 374-25-43,user106734@example.ru,Новосибирск,03.08.2024,,
c100708,Артур Тихонов,,+79482940762,user100708@example.ru,Москва,,2026-03-22,3923
c103211,Алиса Ковальчук,,+79652432792,user103211@example.ru,Москва,,2026-08-21,100870
c102428,,Елена Сорокина,+7 (947) 383-04-37,user102428@example.ru,Казань,19.02.2025,,
c101667,Мария Савельева,,+79692522116,user101667@example.ru,Москва,,2026-04-10,676
c92345,,Вера Сорокина,+7 (927) 713-33-23,user92345@example.ru,Москва,21.12.2025,,
c90380,,Роман Панин,+7 (927) 798-44-29,user90380@example.ru,С.-Петербург,21.06.2025,,
c105867,,Роман Нестеров,+7 (912) 194-13-09,user105867@example.ru,Казань,30.10.2024,,
c106629,Роман Гордеев,,+79368192431,user106629@example.ru,Екатеринбург,,2026-05-27,61805
c103073,Ольга Крылова,,+79303911260,user103073@example.ru,Красноярск,,2026-08-17,168645
c103544,,Артур Шилов,+7 (992) 707-96-84,user103544@example.ru,Екатеринбург,24.06.2024,,
c105440,Ольга Сорокина,,+79385106866,user105440@example.ru,Красноярск,,2026-04-06,16072
c100065,Ольга Панина,,+79776568343,user100065@example.ru,Санкт-Петербург,,2026-07-03,5946
c105377,,Денис Шилов,+7 (932) 231-23-02,user105377@example.ru,Москва,02.06.2026,,
c91580,,Лидия Мешкова,+7 (990) 853-57-75,user91580@example.ru,Казань,29.05.2025,,
c91477,,Ольга Мешкова,+7 (969) 132-39-88,user91477@example.ru,Новосибирск,18.03.2024,,
c90091,,Кирилл Тихонов,+7 (974) 049-54-04,user90091@example.ru,Красноярск,23.12.2025,,
c104601,Роман Сорокин,,+79841146069,user104601@example.ru,Москва,,2026-01-06,121972
c100077,Анна Зуева,,+79902522305,user100077@example.ru,Новосибирск,,2026-01-17,148083
c105232,Юлия Шилова,,+79383187367,user105232@example.ru,Санкт-Петербург,,2026-02-03,136966
c100170,Ольга Мешкова,,+79543317853,user100170@example.ru,Москва,,2026-02-23,49220
c105483,Анна Савельева,,+79923725312,user105483@example.ru,Екатеринбург,,2026-02-03,158278
c106174,Тимур Гордеев,,+79980456445,user106174@example.ru,Красноярск,,2026-03-27,160237
c91471,,Елена Мешкова,+7 (960) 531-76-09,user91471@example.ru,Красноярск,15.06.2026,,
c104778,,Павел Лаптев,+7 (927) 340-63-05,user104778@example.ru,Екатеринбург,06.04.2026,,
c91307,,Кирилл Ермаков,+7 (935) 554-29-53,user91307@example.ru,Новосибирск,18.07.2024,,
c101234,Тимур Панин,,+79709911484,user101234@example.ru,Новосибирск,,2026-01-11,24497
c100522,Тимур Нестеров,,+79953480626,user100522@example.ru,Казань,,2026-06-05,133919
c92187,,Денис Крылов,+7 (930) 634-88-46,user92187@example.ru,С.-Петербург,01.06.2026,,
c100413,Роман Гордеев,,+79356453999,user100413@example.ru,Екатеринбург,,2026-08-05,90792
c100379,,Ольга Савельева,+7 (928) 009-70-21,user100379@example.ru,С.-Петербург,02.04.2024,,
c104959,Алиса Нестерова,,+79425253427,user104959@example.ru,Новосибирск,,2026-04-06,100888
c106534,Тимур Крылов,,+79345448217,user106534@example.ru,Москва,,2026-02-27,28268
c101930,Егор Тихонов,,+79165694389,user101930@example.ru,Санкт-Петербург,,2026-03-18,63904
c105875,Елена Мешкова,,+79399898976,user105875@example.ru,Красноярск,,2026-03-01,69519
c102713,Тимур Гордеев,,+79878190635,user102713@example.ru,Казань,,2026-04-27,135008
c102247,Елена Тихонова,,+79180070607,user102247@example.ru,Екатеринбург,,2026-04-03,147428
c101072,Полина Зуева,,+79229704988,user101072@example.ru,Москва,,2026-01-21,154104
c102481,Лидия Панина,,+79214519796,user102481@example.ru,Екатеринбург,,2026-04-17,109757
c90594,,Максим Савельев,+7 (914) 325-75-90,user90594@example.ru,Казань,24.11.2024,,
c101645,Наталья Мешкова,,+79748660135,user101645@example.ru,Красноярск,,2026-07-19,67280
c101664,Лидия Мешкова,,+79169433729,user101664@example.ru,Новосибирск,,2026-05-26,153562
c102234,Павел Мешков,,+79636385077,user102234@example.ru,Красноярск,,2026-04-28,81217
c102144,Елена Гордеева,,+79434099099,user102144@example.ru,Санкт-Петербург,,2026-02-28,66452
c102629,Игорь Зуев,,+79265552081,user102629@example.ru,Новосибирск,,2026-01-30,172829
c104245,,Ольга Лаптева,+7 (939) 805-70-10,user104245@example.ru,С.-Петербург,05.09.2024,,
c103990,Полина Белых,,+79866444270,user103990@example.ru,Новосибирск,,2026-01-26,141760
c101204,Глеб Крылов,,+79251339180,user101204@example.ru,Москва,,2026-04-01,152816
c101585,Глеб Крылов,,+79987995653,user101585@example.ru,Новосибирск,,2026-06-08,151773
c91422,,Роман Юдин,+7 (954) 492-44-66,user91422@example.ru,Красноярск,20.06.2025,,
c105290,Елена Сорокина,,+79847755586,user105290@example.ru,Санкт-Петербург,,2026-08-28,40864
c105541,Артур Гордеев,,+79609718620,user105541@example.ru,Новосибирск,,2026-06-20,13666
c105532,Максим Ковальчук,,+79709056438,user105532@example.ru,Санкт-Петербург,,2026-08-17,41871
c103194,,Денис Лаптев,+7 (955) 091-79-55,user103194@example.ru,Казань,11.03.2026,,
c90635,,Максим Нестеров,+7 (942) 636-85-74,user90635@example.ru,Красноярск,12.04.2025,,
c92404,,Лидия Тихонова,+7 (985) 662-03-71,user92404@example.ru,С.-Петербург,29.10.2024,,
c106017,Максим Белых,,+79576465901,user106017@example.ru,Новосибирск,,2026-01-24,123205
c91296,,Наталья Мешкова,+7 (940) 486-46-98,user91296@example.ru,Красноярск,14.03.2026,,
c91874,,Артур Тихонов,+7 (923) 981-62-29,user91874@example.ru,Москва,28.02.2024,,
c92470,,Мария Шилова,+7 (930) 035-97-76,user92470@example.ru,Новосибирск,26.04.2026,,
c92359,,Глеб Мешков,+7 (925) 970-56-11,user92359@example.ru,Москва,14.02.2025,,
c90272,,Игорь Панин,+7 (921) 724-49-91,user90272@example.ru,Москва,26.09.2024,,
c92024,,Наталья Нестерова,+7 (957) 509-82-40,user92024@example.ru,С.-Петербург,21.01.2026,,
c101342,,Егор Мешков,+7 (961) 573-46-86,user101342@example.ru,С.-Петербург,20.10.2024,,
c90604,,Артур Гордеев,+7 (968) 455-79-71,user90604@example.ru,С.-Петербург,04.09.2024,,
c104296,Тимур Крылов,,+79454300519,user104296@example.ru,Москва,,2026-03-09,93662
c100467,Денис Гордеев,,+79120294523,user100467@example.ru,Новосибирск,,2026-09-10,84216
c100586,Елена Зуева,,+79297311464,user100586@example.ru,Новосибирск,,2026-06-11,154251
c101539,Ольга Панина,,+79140326351,user101539@example.ru,Санкт-Петербург,,2026-06-29,132997
c100643,,Егор Сорокин,+7 (967) 916-38-19,user100643@example.ru,С.-Петербург,18.06.2024,,
c92174,,Мария Гордеева,+7 (999) 459-41-23,user92174@example.ru,Красноярск,14.04.2026,,
c104957,Глеб Ермаков,,+79873791602,user104957@example.ru,Казань,,2026-03-01,41848
c100620,Алиса Панина,,+79626818842,user100620@example.ru,Москва,,2026-04-14,22698
c106124,Лидия Шилова,,+79566189884,user106124@example.ru,Москва,,2026-03-04,161704
c106892,Наталья Ермакова,,+79245061919,user106892@example.ru,Казань,,2026-08-07,51890
c101059,Роман Нестеров,,+79538690931,user101059@example.ru,Москва,,2026-02-26,17524
c100827,Ольга Сорокина,,+79120343826,user100827@example.ru,Казань,,2026-07-04,36237
c91687,,Павел Шилов,+7 (914) 918-99-67,user91687@example.ru,Москва,30.03.2025,,
c102148,Тимур Зуев,,+79681006138,user102148@example.ru,Москва,,2026-08-16,28375
c104669,Глеб Шилов,,+79867363109,user104669@example.ru,Екатеринбург,,2026-04-20,176508
c101475,,Егор Зуев,+7 (991) 984-55-46,user101475@example.ru,Новосибирск,18.04.2024,,
c90826,,Мария Осипова,+7 (999) 187-54-26,user90826@example.ru,Казань,11.02.2024,,
c91965,,Роман Мешков,+7 (922) 829-36-12,user91965@example.ru,С.-Петербург,07.07.2025,,
c103257,Глеб Ермаков,,+79433245277,user103257@example.ru,Красноярск,,2026-01-17,135754
c101998,Вера Белых,,+79290010630,user101998@example.ru,Екатеринбург,,2026-05-27,134068
c105955,Полина Нестерова,,+79408774087,user105955@example.ru,Красноярск,,2026-06-15,83631
c103934,Вера Шилова,,+79635000417,user103934@example.ru,Екатеринбург,,2026-06-17,134141
c100398,Вера Ковальчук,,+79637980784,user100398@example.ru,Казань,,2026-07-16,41091
c91040,,Ольга Гордеева,+7 (989) 822-19-70,user91040@example.ru,Красноярск,16.11.2025,,
c104437,Вера Савельева,,+79387061693,user104437@example.ru,Санкт-Петербург,,2026-08-20,141192
c102934,Кирилл Зуев,,+79540341408,user102934@example.ru,Екатеринбург,,2026-08-16,155990
c100255,Юлия Тихонова,,+79958813680,user100255@example.ru,Казань,,2026-08-31,28418
c103945,Роман Ермаков,,+79102659565,user103945@example.ru,Москва,,2026-03-12,27717
c101986,Алиса Юдина,,+79676115238,user101986@example.ru,Москва,,2026-03-04,168737
c101642,Павел Савельев,,+79586636259,user101642@example.ru,Екатеринбург,,2026-06-09,132147
c90439,,Ольга Гордеева,+7 (985) 097-77-68,user90439@example.ru,Новосибирск,05.05.2024,,
c91916,,Егор Сорокин,+7 (980) 549-84-85,user91916@example.ru,Красноярск,06.06.2024,,
c90381,,Денис Савельев,+7 (944) 644-45-78,user90381@example.ru,Красноярск,02.04.2026,,
c100907,Роман Панин,,+79910012632,user100907@example.ru,Новосибирск,,2026-05-03,40203
c104994,Артур Белых,,+79946547881,user104994@example.ru,Екатеринбург,,2026-07-22,64494
c101718,Елена Тихонова,,+79713375056,user101718@example.ru,Москва,,2026-01-27,36559
c106422,Наталья Осипова,,+79194119459,user106422@example.ru,Екатеринбург,,2026-03-21,131239
c91023,,Егор Юдин,+7 (948) 239-39-01,user91023@example.ru,Казань,10.02.2026,,
c101707,Егор Сорокин,,+79109633880,user101707@example.ru,Санкт-Петербург,,2026-06-19,140911
c102336,Павел Лаптев,,+79172848472,user102336@example.ru,Екатеринбург,,2026-03-28,171387
c103386,,Роман Гордеев,+7 (918) 100-22-04,user103386@example.ru,Казань,22.02.2025,,
c91720,,Егор Осипов,+7 (938) 973-50-19,user91720@example.ru,Казань,21.05.2025,,
c101556,Алиса Гордеева,,+79420148794,user101556@example.ru,Москва,,2026-07-11,149075
c91882,,Лидия Шилова,+7 (979) 064-08-90,user91882@example.ru,Новосибирск,03.09.2024,,
c106168,Елена Ермакова,,+79877204836,user106168@example.ru,Москва,,2026-03-30,159939
c104856,Кирилл Ермаков,,+79790091396,user104856@example.ru,Новосибирск,,2026-08-09,116897
c105080,Полина Тихонова,,+79256540419,user105080@example.ru,Красноярск,,2026-05-31,97402
c91736,,Артур Белых,+7 (947) 632-86-30,user91736@example.ru,Екатеринбург,22.03.2026,,
c90224,,Полина Ковальчук,+7 (992) 806-52-73,user90224@example.ru,С.-Петербург,28.01.2025,,
c101979,Мария Осипова,,+79362860354,user101979@example.ru,Новосибирск,,2026-01-05,166816
c103168,Артур Тихонов,,+79105427032,user103168@example.ru,Новосибирск,,2026-07-20,1799
c102064,Юлия Гордеева,,+79484880855,user102064@example.ru,Казань,,2026-05-28,62917
c105352,Егор Осипов,,+79491343915,user105352@example.ru,Екатеринбург,,2026-08-17,73846
c103429,Максим Гордеев,,+79404282814,user103429@example.ru,Новосибирск,,2026-04-06,49856
c104125,Артур Мешков,,+79397886527,user104125@example.ru,Казань,,2026-05-16,27920
c90717,,Мария Шилова,+7 (915) 209-33-48,user90717@example.ru,Красноярск,05.08.2025,,
c90792,,Мария Юдина,+7 (955) 210-09-71,user90792@example.ru,Красноярск,03.12.2024,,
c92172,,Роман Зуев,+7 (953) 343-38-98,user92172@example.ru,Казань,06.02.2025,,
c102905,Роман Лаптев,,+79453941268,user102905@example.ru,Москва,,2026-01-27,145018
c105682,Алиса Савельева,,+79205756026,user105682@example.ru,Москва,,2026-03-05,51863
c91509,,Наталья Ермакова,+7 (938) 174-54-12,user91509@example.ru,Екатеринбург,24.04.2025,,
c101563,,Тимур Ковальчук,+7 (959) 342-26-93,user101563@example.ru,Красноярск,16.09.2025,,
c101401,Наталья Осипова,,+79520063616,user101401@example.ru,Казань,,2026-05-30,55406
c101884,Наталья Ермакова,,+79284188400,user101884@example.ru,Красноярск,,2026-08-01,151515
c90898,,Павел Сорокин,+7 (997) 098-90-66,user90898@example.ru,С.-Петербург,12.06.2024,,
c91065,,Анна Ковальчук,+7 (953) 609-94-79,user91065@example.ru,Новосибирск,23.05.2025,,
c106420,Тимур Ермаков,,+79841270612,user106420@example.ru,Красноярск,,2026-01-29,601
c105793,Артур Тихонов,,+79479972900,user105793@example.ru,Казань,,2026-08-16,118425
c102172,Мария Юдина,,+79430373506,user102172@example.ru,Новосибирск,,2026-06-30,139814
c104157,Анна Крылова,,+79794138250,user104157@example.ru,Казань,,2026-06-29,23480
c100374,Артур Осипов,,+79750241568,user100374@example.ru,Красноярск,,2026-07-17,50127
c103396,Тимур Савельев,,+79496161879,user103396@example.ru,Новосибирск,,2026-05-11,175285
c92330,,Егор Панин,+7 (932) 777-98-59,user92330@example.ru,Казань,26.07.2025,,
c90712,,Анна Тихонова,+7 (958) 516-04-83,user90712@example.ru,Новосибирск,05.04.2026,,
c102786,,Егор Зуев,+7 (911) 395-84-19,user102786@example.ru,Москва,14.11.2024,,
c102807,Артур Осипов,,+79825510684,user102807@example.ru,Москва,,2026-02-28,104574
c91728,,Ольга Шилова,+7 (960) 547-89-80,user91728@example.ru,Москва,06.04.2026,,
c103459,Алиса Нестерова,,+79967466405,user103459@example.ru,Екатеринбург,,2026-03-18,68660
c102798,Полина Савельева,,+79439695284,user102798@example.ru,Казань,,2026-08-20,138646
c92152,,Елена Ковальчук,+7 (992) 450-50-04,user92152@example.ru,Красноярск,21.03.2026,,
c103143,,Елена Зуева,+7 (960) 658-02-22,user103143@example.ru,Екатеринбург,06.11.2024,,
c90476,,Наталья Зуева,+7 (947) 654-45-74,user90476@example.ru,Екатеринбург,28.03.2025,,
c106877,,Вера Ковальчук,+7 (949) 445-82-96,user106877@example.ru,Новосибирск,13.12.2024,,
c104751,Роман Нестеров,,+79177733060,user104751@example.ru,Москва,,2026-04-30,140184
c102888,Полина Крылова,,+79654296482,user102888@example.ru,Москва,,2026-01-06,46285
c92474,,Роман Белых,+7 (963) 998-68-48,user92474@example.ru,Екатеринбург,23.08.2025,,
c103272,Юлия Мешкова,,+79486786460,user103272@example.ru,Санкт-Петербург,,2026-03-10,151036
c103993,,Кирилл Лаптев,+7 (968) 855-60-79,user103993@example.ru,Казань,19.03.2026,,
c91491,,Денис Зуев,+7 (920) 455-63-52,user91491@example.ru,Казань,29.12.2025,,
c91717,,Егор Зуев,+7 (933) 144-18-72,user91717@example.ru,Красноярск,18.04.2026,,
c92249,,Елена Ковальчук,+7 (990) 708-58-47,user92249@example.ru,С.-Петербург,11.04.2025,,
c101043,,Мария Крылова,+7 (958) 311-69-21,user101043@example.ru,Казань,11.04.2025,,
c100727,Анна Сорокина,,+79327406480,user100727@example.ru,Санкт-Петербург,,2026-06-20,12589
c91808,,Игорь Лаптев,+7 (919) 986-44-27,user91808@example.ru,Екатеринбург,31.01.2025,,
c104403,Мария Осипова,,+79847934313,user104403@example.ru,Красноярск,,2026-04-12,59716
c106347,Глеб Савельев,,+79704700933,user106347@example.ru,Санкт-Петербург,,2026-09-03,142277
c102978,,Елена Шилова,+7 (916) 469-17-82,user102978@example.ru,Казань,03.07.2024,,
c106763,Юлия Нестерова,,+79624726893,user106763@example.ru,Казань,,2026-02-23,84398
c100780,Глеб Шилов,,+79231617490,user100780@example.ru,Новосибирск,,2026-03-25,143148
c105835,Вера Панина,,+79504089855,user105835@example.ru,Екатеринбург,,2026-05-26,94194
c102432,Мария Панина,,+79971574125,user102432@example.ru,Санкт-Петербург,,2026-07-15,85147
c105640,Мария Савельева,,+79543090601,user105640@example.ru,Новосибирск,,2026-05-20,110991
c103129,,Елена Нестерова,+7 (992) 858-34-43,user103129@example.ru,Москва,03.06.2026,,
c102315,Елена Нестерова,,+79842800394,user102315@example.ru,Красноярск,,2026-04-28,33746
c100969,Егор Тихонов,,+79608129420,user100969@example.ru,Санкт-Петербург,,2026-08-09,127485
c91770,,Елена Белых,+7 (988) 968-29-92,user91770@example.ru,Новосибирск,10.06.2025,,
c101215,Ольга Осипова,,+79638497581,user101215@example.ru,Новосибирск,,2026-02-04,28243
c91879,,Вера Панина,+7 (939) 197-71-94,user91879@example.ru,Новосибирск,11.07.2025,,
c103176,Мария Шилова,,+79197855167,user103176@example.ru,Новосибирск,,2026-02-08,69262
c106601,Анна Крылова,,+79305782014,user106601@example.ru,Москва,,2026-04-21,117888
c91911,,Анна Юдина,+7 (940) 754-46-93,user91911@example.ru,С.-Петербург,23.03.2024,,
c101205,Алиса Панина,,+79928700776,user101205@example.ru,Екатеринбург,,2026-03-26,138929
c101701,Павел Панин,,+79580147574,user101701@example.ru,Казань,,2026-06-30,116414
c105336,Лидия Осипова,,+79258855254,user105336@example.ru,Екатеринбург,,2026-05-28,59027
c103586,,Роман Ковальчук,+7 (965) 666-29-27,user103586@example.ru,Казань,08.09.2025,,
c101870,,Денис Гордеев,+7 (962) 035-92-06,user101870@example.ru,Новосибирск,02.07.2024,,
c103550,Вера Савельева,,+79783264109,user103550@example.ru,Казань,,2026-05-12,51690
c103489,Алиса Ковальчук,,+79725962950,user103489@example.ru,Новосибирск,,2026-02-20,9962
c105635,Мария Лаптева,,+79303511768,user105635@example.ru,Москва,,2026-02-14,106566
c104777,Анна Лаптева,,+79842156920,user104777@example.ru,Новосибирск,,2026-08-07,79119
c91022,,Мария Савельева,+7 (943) 008-93-81,user91022@example.ru,С.-Петербург,03.01.2026,,
c106308,Игорь Шилов,,+79679446546,user106308@example.ru,Казань,,2026-07-01,150575
c100405,Анна Панина,,+79173049954,user100405@example.ru,Красноярск,,2026-04-15,31127
c103058,Наталья Ермакова,,+79988506112,user103058@example.ru,Москва,,2026-02-07,77296
c90440,,Алиса Савельева,+7 (981) 037-81-31,user90440@example.ru,Красноярск,29.12.2024,,
c102493,,Полина Савельева,+7 (928) 633-98-14,user102493@example.ru,Казань,10.02.2026,,
c104670,Павел Мешков,,+79338639800,user104670@example.ru,Екатеринбург,,2026-05-27,42258
c101766,,Ольга Сорокина,+7 (931) 001-69-47,user101766@example.ru,Красноярск,06.11.2025,,
c106459,Денис Лаптев,,+79436140069,user106459@example.ru,Екатеринбург,,2026-04-20,21611
c104159,,Тимур Гордеев,+7 (977) 987-29-60,user104159@example.ru,Екатеринбург,05.06.2025,,
c90517,,Анна Белых,+7 (924) 964-69-62,user90517@example.ru,Москва,20.06.2024,,
c105117,Ольга Савельева,,+79880673634,user105117@example.ru,Екатеринбург,,2026-01-13,114935
c105301,Анна Лаптева,,+79875896987,user105301@example.ru,Москва,,2026-03-11,148810
c101610,Игорь Мешков,,+79777031003,user101610@example.ru,Красноярск,,2026-03-30,84314
c102323,Анна Лаптева,,+79780259618,user102323@example.ru,Санкт-Петербург,,2026-07-19,90874
c104244,Денис Белых,,+79163420210,user104244@example.ru,Москва,,2026-04-19,74753
c103438,Юлия Гордеева,,+79145497779,user103438@example.ru,Санкт-Петербург,,2026-04-17,15837
c101202,Вера Тихонова,,+79342784368,user101202@example.ru,Москва,,2026-06-04,102125
c101975,Мария Ковальчук,,+79166288543,user101975@example.ru,Новосибирск,,2026-06-10,69090
c90414,,Глеб Мешков,+7 (924) 877-93-29,user90414@example.ru,Казань,05.03.2025,,
c90368,,Денис Зуев,+7 (957) 821-05-91,user90368@example.ru,Казань,01.03.2025,,
c100960,,Артур Ермаков,+7 (986) 397-76-05,user100960@example.ru,Новосибирск,14.06.2024,,
c90257,,Наталья Панина,+7 (991) 454-76-71,user90257@example.ru,Москва,05.02.2024,,
c91927,,Денис Лаптев,+7 (977) 799-74-42,user91927@example.ru,Новосибирск,16.12.2024,,
c101404,,Егор Мешков,+7 (990) 568-68-99,user101404@example.ru,Казань,11.10.2024,,
c102394,Юлия Белых,,+79764453154,user102394@example.ru,Москва,,2026-04-27,119068
c105810,Лидия Крылова,,+79955536112,user105810@example.ru,Красноярск,,2026-06-15,166508
c100001,Игорь Крылов,,+79648078631,user100001@example.ru,Москва,,2026-01-25,149952
c104912,Денис Ковальчук,,+79201481797,user104912@example.ru,Красноярск,,2026-01-23,33342
c102501,Вера Ермакова,,+79148324682,user102501@example.ru,Красноярск,,2026-01-30,143829
c90605,,Максим Гордеев,+7 (919) 253-62-97,user90605@example.ru,Екатеринбург,08.07.2025,,
c100433,Елена Крылова,,+79547202358,user100433@example.ru,Екатеринбург,,2026-03-16,103923
c91208,,Артур Шилов,+7 (928) 995-68-17,user91208@example.ru,Москва,15.06.2025,,
c102594,Лидия Шилова,,+79204036536,user102594@example.ru,Екатеринбург,,2026-03-07,165366
c102673,,Вера Нестерова,+7 (963) 995-84-81,user102673@example.ru,Красноярск,03.10.2025,,
c101909,Максим Мешков,,+79283407617,user101909@example.ru,Новосибирск,,2026-08-14,87077
c91256,,Полина Нестерова,+7 (912) 771-85-95,user91256@example.ru,Новосибирск,29.11.2025,,
c106702,Егор Белых,,+79624182227,user106702@example.ru,Красноярск,,2026-03-22,65729
c106244,,Елена Лаптева,+7 (957) 275-04-52,user106244@example.ru,Новосибирск,13.08.2024,,
c100977,Глеб Осипов,,+79464783355,user100977@example.ru,Екатеринбург,,2026-03-18,113472
c103679,Максим Тихонов,,+79384970160,user103679@example.ru,Екатеринбург,,2026-07-16,157642
c104814,Мария Крылова,,+79956778467,user104814@example.ru,Екатеринбург,,2026-04-02,30627
c100230,Мария Гордеева,,+79477075182,user100230@example.ru,Москва,,2026-07-27,86327
c101850,Полина Мешкова,,+79247063239,user101850@example.ru,Санкт-Петербург,,2026-01-08,170383
c102049,Максим Савельев,,+79474187148,user102049@example.ru,Москва,,2026-06-02,85915
c90004,,Тимур Осипов,+7 (951) 417-54-76,user90004@example.ru,С.-Петербург,28.12.2025,,
c105176,Павел Савельев,,+79903024747,user105176@example.ru,Красноярск,,2026-01-09,156794
c90893,,Тимур Зуев,+7 (925) 265-95-82,user90893@example.ru,Красноярск,30.03.2025,,
c92240,,Максим Юдин,+7 (999) 779-86-39,user92240@example.ru,Красноярск,10.02.2025,,
c100089,Роман Сорокин,,+79968572826,user100089@example.ru,Новосибирск,,2026-06-01,165999
c102699,Тимур Ермаков,,+79986105216,user102699@example.ru,Екатеринбург,,2026-04-09,51284
c100214,Мария Крылова,,+79788479196,user100214@example.ru,Новосибирск,,2026-08-15,50784
c105116,Павел Шилов,,+79380789598,user105116@example.ru,Екатеринбург,,2026-04-29,81825
c103957,Тимур Ковальчук,,+79990315599,user103957@example.ru,Екатеринбург,,2026-09-08,169091
c103444,Максим Нестеров,,+79215375263,user103444@example.ru,Москва,,2026-02-11,59745
c104434,Елена Мешкова,,+79872345806,user104434@example.ru,Санкт-Петербург,,2026-07-30,32401
c105743,Егор Сорокин,,+79205557017,user105743@example.ru,Екатеринбург,,2026-04-09,14733
c101347,Наталья Нестерова,,+79899805543,user101347@example.ru,Санкт-Петербург,,2026-05-07,111251
c104893,Елена Гордеева,,+79511216873,user104893@example.ru,Красноярск,,2026-04-26,123092
c91646,,Глеб Зуев,+7 (914) 119-75-70,user91646@example.ru,Красноярск,12.10.2025,,
c101638,Артур Ковальчук,,+79811785711,user101638@example.ru,Москва,,2026-05-06,37558
c106723,Тимур Савельев,,+79270752341,user106723@example.ru,Красноярск,,2026-08-22,165332
c105645,Мария Панина,,+79812293870,user105645@example.ru,Новосибирск,,2026-01-23,86502
c104915,Вера Осипова,,+79925729746,user104915@example.ru,Новосибирск,,2026-01-08,105577
c105214,Павел Ковальчук,,+79393924381,user105214@example.ru,Москва,,2026-06-24,147770
c90154,,Наталья Ермакова,+7 (975) 360-77-70,user90154@example.ru,Красноярск,11.05.2025,,
c104557,Вера Мешкова,,+79689934520,user104557@example.ru,Санкт-Петербург,,2026-05-27,40211
c102294,Алиса Крылова,,+79449012481,user102294@example.ru,Красноярск,,2026-01-28,139072
c104105,Полина Панина,,+79152664869,user104105@example.ru,Москва,,2026-02-12,142762
c100711,Ольга Мешкова,,+79277818634,user100711@example.ru,Казань,,2026-01-21,128488
c105055,Роман Лаптев,,+79272872460,user105055@example.ru,Москва,,2026-08-16,103494
c100988,Максим Белых,,+79364053447,user100988@example.ru,Красноярск,,2026-01-11,137726
c106296,Игорь Ковальчук,,+79284269801,user106296@example.ru,Красноярск,,2026-06-18,152777
c102366,Павел Ермаков,,+79946295652,user102366@example.ru,Новосибирск,,2026-05-08,124929
c91085,,Глеб Гордеев,+7 (915) 102-55-34,user91085@example.ru,Новосибирск,12.11.2025,,
c103111,,Лидия Мешкова,+7 (928) 875-06-67,user103111@example.ru,Казань,22.12.2025,,
c104658,Тимур Мешков,,+79790766713,user104658@example.ru,Санкт-Петербург,,2026-05-28,175070
c92320,,Мария Савельева,+7 (976) 421-44-08,user92320@example.ru,Красноярск,14.09.2024,,
c91894,,Павел Шилов,+7 (986) 095-99-75,user91894@example.ru,С.-Петербург,19.12.2024,,
c90225,,Наталья Белых,+7 (933) 331-36-10,user90225@example.ru,Красноярск,22.08.2025,,
c105005,Кирилл Панин,,+79814714848,user105005@example.ru,Екатеринбург,,2026-02-10,69459
c103338,Роман Мешков,,+79725876186,user103338@example.ru,Новосибирск,,2026-06-10,128284
c102656,Полина Панина,,+79759866103,user102656@example.ru,Москва,,2026-05-21,62565
c104753,Ольга Гордеева,,+79720902476,user104753@example.ru,Новосибирск,,2026-06-08,45834
c90213,,Лидия Осипова,+7 (963) 974-93-72,user90213@example.ru,Новосибирск,06.04.2026,,
c91062,,Лидия Юдина,+7 (955) 802-78-85,user91062@example.ru,Новосибирск,21.06.2026,,
c105035,Алиса Ермакова,,+79811506607,user105035@example.ru,Новосибирск,,2026-01-15,16282
c103514,,Юлия Шилова,+7 (956) 529-33-94,user103514@example.ru,С.-Петербург,10.06.2024,,
c101539,,Роман Зуев,+7 (988) 876-81-28,user101539@example.ru,Екатеринбург,13.03.2025,,
c106725,Кирилл Крылов,,+79784885023,user106725@example.ru,Новосибирск,,2026-03-03,34031
c92060,,Кирилл Осипов,+7 (931) 393-75-26,user92060@example.ru,Москва,04.01.2025,,
c100585,Ольга Сорокина,,+79878636948,user100585@example.ru,Санкт-Петербург,,2026-05-25,36797
c103887,Максим Осипов,,+79565878015,user103887@example.ru,Москва,,2026-08-05,23291
c92033,,Анна Савельева,+7 (922) 858-36-54,user92033@example.ru,Екатеринбург,30.05.2024,,
c106368,Вера Ковальчук,,+79518131145,user106368@example.ru,Новосибирск,,2026-05-17,30841
c102771,Максим Ковальчук,,+79154134830,user102771@example.ru,Казань,,2026-04-28,92177
c106682,Роман Тихонов,,+79151531431,user106682@example.ru,Казань,,2026-06-13,86515
c104836,Роман Гордеев,,+79884414573,user104836@example.ru,Екатеринбург,,2026-05-11,90108
c90484,,Егор Гордеев,+7 (973) 481-14-16,user90484@example.ru,Екатеринбург,13.03.2025,,
c102529,Юлия Крылова,,+79941764770,user102529@example.ru,Санкт-Петербург,,2026-05-14,124466
c105308,Лидия Осипова,,+79845663242,user105308@example.ru,Казань,,2026-05-20,43103
c100099,Наталья Мешкова,,+79710495748,user100099@example.ru,Санкт-Петербург,,2026-06-24,152518
c102722,Денис Ковальчук,,+79602417948,user102722@example.ru,Екатеринбург,,2026-03-01,17145
c91635,,Елена Ермакова,+7 (980) 418-34-39,user91635@example.ru,Красноярск,28.03.2024,,
c102469,,Вера Зуева,+7 (963) 783-99-05,user102469@example.ru,Новосибирск,07.04.2025,,
c102862,Вера Ковальчук,,+79762381797,user102862@example.ru,Новосибирск,,2026-07-28,43700
c104542,Роман Нестеров,,+79336126749,user104542@example.ru,Москва,,2026-06-27,11345
c105593,Тимур Савельев,,+79671724605,user105593@example.ru,Санкт-Петербург,,2026-06-18,96243
c105006,Лидия Панина,,+79495895380,user105006@example.ru,Москва,,2026-02-09,162327
c90343,,Игорь Лаптев,+7 (934) 919-46-59,user90343@example.ru,Казань,17.08.2024,,
c103828,Полина Белых,,+79526830647,user103828@example.ru,Москва,,2026-02-03,106620
c103693,Юлия Савельева,,+79273514762,user103693@example.ru,Новосибирск,,2026-07-19,48101
c91591,,Алиса Шилова,+7 (916) 768-58-31,user91591@example.ru,Москва,05.07.2024,,
c101559,Тимур Савельев,,+79651462668,user101559@example.ru,Новосибирск,,2026-05-01,130266
c103137,Лидия Нестерова,,+79682185155,user103137@example.ru,Красноярск,,2026-01-05,139013
c102961,,Елена Лаптева,+7 (935) 345-10-52,user102961@example.ru,Красноярск,01.05.2025,,
c90515,,Наталья Юдина,+7 (992) 370-61-93,user90515@example.ru,С.-Петербург,08.01.2026,,
c91019,,Егор Крылов,+7 (955) 204-42-53,user91019@example.ru,Новосибирск,10.03.2024,,
c100457,Кирилл Гордеев,,+79780469999,user100457@example.ru,Екатеринбург,,2026-08-08,152302
c104355,Елена Сорокина,,+79371512200,user104355@example.ru,Красноярск,,2026-07-27,115159
c105163,,Егор Зуев,+7 (948) 616-73-03,user105163@example.ru,Екатеринбург,18.12.2025,,
c100238,Анна Крылова,,+79770772888,user100238@example.ru,Казань,,2026-07-26,75384
c100572,Полина Гордеева,,+79784295474,user100572@example.ru,Красноярск,,2026-04-21,124879
c102291,Глеб Шилов,,+79939324941,user102291@example.ru,Новосибирск,,2026-01-15,9893
c105076,Вера Савельева,,+79933968574,user105076@example.ru,Казань,,2026-07-23,38496
c102716,Полина Панина,,+79381098864,user102716@example.ru,Красноярск,,2026-05-04,53699
c101952,Наталья Шилова,,+79580924645,user101952@example.ru,Москва,,2026-09-02,60413
c91392,,Артур Сорокин,+7 (974) 713-08-63,user91392@example.ru,Москва,31.05.2026,,
c91970,,Артур Зуев,+7 (980) 674-35-74,user91970@example.ru,Москва,11.02.2026,,
c105636,Юлия Тихонова,,+79118590054,user105636@example.ru,Новосибирск,,2026-05-24,110450
c101563,Тимур Панин,,+79865727866,user101563@example.ru,Москва,,2026-02-12,58055
c103720,Наталья Панина,,+79843344928,user103720@example.ru,Санкт-Петербург,,2026-02-22,164741
c102300,Лидия Сорокина,,+79729450485,user102300@example.ru,Красноярск,,2026-02-10,75102
c90707,,Алиса Сорокина,+7 (983) 618-58-83,user90707@example.ru,Екатеринбург,17.02.2024,,
c102341,Вера Лаптева,,+79250016274,user102341@example.ru,Казань,,2026-08-17,128980
c102642,Вера Сорокина,,+79417176523,user102642@example.ru,Москва,,2026-05-20,125818
c101990,,Глеб Осипов,+7 (956) 032-41-06,user101990@example.ru,Казань,11.11.2025,,
c106307,Артур Белых,,+79209213918,user106307@example.ru,Красноярск,,2026-06-14,13217
c101636,Лидия Шилова,,+79440185060,user101636@example.ru,Казань,,2026-06-20,82766
c91884,,Глеб Осипов,+7 (933) 031-80-76,user91884@example.ru,Екатеринбург,09.03.2025,,
c104528,Юлия Тихонова,,+79338903967,user104528@example.ru,Красноярск,,2026-03-04,161501
c104112,Елена Осипова,,+79580476610,user104112@example.ru,Екатеринбург,,2026-06-26,157659
c90186,,Павел Савельев,+7 (970) 710-40-78,user90186@example.ru,С.-Петербург,08.09.2024,,
c90866,,Павел Тихонов,+7 (975) 296-01-67,user90866@example.ru,Новосибирск,26.08.2025,,
c106581,Юлия Крылова,,+79418955164,user106581@example.ru,Екатеринбург,,2026-07-10,29146
c106030,Максим Осипов,,+79705254134,user106030@example.ru,Красноярск,,2026-01-18,144247
c101279,Игорь Панин,,+79217244592,user101279@example.ru,Красноярск,,2026-08-27,125656
c91076,,Елена Шилова,+7 (966) 413-38-95,user91076@example.ru,Москва,06.11.2024,,
c102796,Ольга Ковальчук,,+79602115867,user102796@example.ru,Санкт-Петербург,,2026-06-11,50837
c103590,Юлия Ермакова,,+79740995580,user103590@example.ru,Красноярск,,2026-02-28,11645
c92419,,Роман Юдин,+7 (994) 234-56-70,user92419@example.ru,С.-Петербург,14.04.2026,,
c102039,Артур Шилов,,+79105506367,user102039@example.ru,Москва,,2026-03-05,163508
c100359,Павел Нестеров,,+79128889099,user100359@example.ru,Новосибирск,,2026-01-18,107410
c100247,,Елена Зуева,+7 (985) 500-93-21,user100247@example.ru,Красноярск,19.11.2024,,
c104325,Глеб Панин,,+79879400015,user104325@example.ru,Москва,,2026-04-03,153010
c101183,Мария Сорокина,,+79162445721,user101183@example.ru,Новосибирск,,2026-07-11,175407
c92094,,Мария Лаптева,+7 (969) 788-01-71,user92094@example.ru,Красноярск,28.04.2025,,
c91749,,Лидия Юдина,+7 (998) 187-31-57,user91749@example.ru,Красноярск,25.08.2025,,
c101242,,Артур Лаптев,+7 (912) 233-24-65,user101242@example.ru,Екатеринбург,27.02.2024,,
c91332,,Егор Шилов,+7 (970) 491-57-60,user91332@example.ru,Москва,16.05.2024,,
c105879,Лидия Панина,,+79448714182,user105879@example.ru,Санкт-Петербург,,2026-05-12,177833
c90921,,Елена Гордеева,+7 (998) 618-98-72,user90921@example.ru,С.-Петербург,17.03.2026,,
c106650,Ольга Гордеева,,+79793526568,user106650@example.ru,Москва,,2026-08-21,118555
c103107,Юлия Крылова,,+79673111806,user103107@example.ru,Москва,,2026-01-12,121830
c106371,Наталья Гордеева,,+79494648812,user106371@example.ru,Екатеринбург,,2026-03-04,135258
c102025,Игорь Сорокин,,+79212536051,user102025@example.ru,Москва,,2026-06-08,18790
c100831,Анна Мешкова,,+79432780289,user100831@example.ru,Санкт-Петербург,,2026-01-27,35616
c100279,Тимур Осипов,,+79465798658,user100279@example.ru,Новосибирск,,2026-01-10,175801
c92134,,Ольга Тихонова,+7 (975) 148-27-85,user92134@example.ru,Красноярск,20.08.2024,,
c101016,Тимур Ермаков,,+79600635095,user101016@example.ru,Казань,,2026-03-23,50883
c102750,Тимур Гордеев,,+79939493556,user102750@example.ru,Новосибирск,,2026-06-01,96194
c102206,Лидия Сорокина,,+79437273673,user102206@example.ru,Казань,,2026-04-19,70582
c103858,Ольга Нестерова,,+79921032954,user103858@example.ru,Санкт-Петербург,,2026-05-11,127775
c102698,Полина Тихонова,,+79335028634,user102698@example.ru,Новосибирск,,2026-07-20,43880
c105612,Мария Юдина,,+79167891763,user105612@example.ru,Красноярск,,2026-06-02,14942
c103477,,Денис Мешков,+7 (921) 647-89-35,user103477@example.ru,Казань,10.07.2024,,
c100481,Лидия Ермакова,,+79572993674,user100481@example.ru,Москва,,2026-08-09,6190
c100682,Роман Сорокин,,+79932385662,user100682@example.ru,Новосибирск,,2026-03-03,174199
c103542,Анна Белых,,+79175909377,user103542@example.ru,Санкт-Петербург,,2026-02-16,165781
c101976,Максим Сорокин,,+79892725168,user101976@example.ru,Москва,,2026-09-06,54770
c106406,Игорь Нестеров,,+79588871607,user106406@example.ru,Санкт-Петербург,,2026-02-26,136758
c102324,,Егор Зуев,+7 (954) 578-91-07,user102324@example.ru,Красноярск,21.11.2024,,
c92001,,Роман Крылов,+7 (936) 170-69-14,user92001@example.ru,Екатеринбург,13.05.2026,,
c102919,Ольга Гордеева,,+79364874563,user102919@example.ru,Новосибирск,,2026-03-20,163531
c91861,,Тимур Савельев,+7 (942) 531-50-62,user91861@example.ru,Москва,26.07.2025,,
c102357,Лидия Белых,,+79923049224,user102357@example.ru,Санкт-Петербург,,2026-04-22,94602
c103288,Кирилл Крылов,,+79213693851,user103288@example.ru,Москва,,2026-09-01,149491
c101968,Полина Ковальчук,,+79805609023,user101968@example.ru,Новосибирск,,2026-06-12,646
c102455,Кирилл Осипов,,+79516451110,user102455@example.ru,Казань,,2026-02-26,59683
c90350,,Алиса Шилова,+7 (923) 131-79-33,user90350@example.ru,Красноярск,04.06.2024,,
c102890,Лидия Панина,,+79738598028,user102890@example.ru,Новосибирск,,2026-02-11,83835
c104970,Вера Белых,,+79426061302,user104970@example.ru,Москва,,2026-08-14,154343
c92128,,Ольга Панина,+7 (978) 445-03-03,user92128@example.ru,Новосибирск,08.06.2026,,
c102403,Наталья Ковальчук,,+79261245692,user102403@example.ru,Москва,,2026-05-10,77142
c103640,,Юлия Нестерова,+7 (992) 667-73-53,user103640@example.ru,Новосибирск,22.03.2024,,
c105813,Мария Нестерова,,+79618782339,user105813@example.ru,Казань,,2026-02-10,135985
c100050,Ольга Панина,,+79891004517,user100050@example.ru,Санкт-Петербург,,2026-06-18,24561
c90530,,Тимур Мешков,+7 (971) 545-93-17,user90530@example.ru,Казань,07.05.2024,,
c102979,Егор Мешков,,+79527819017,user102979@example.ru,Москва,,2026-04-07,34961
c90043,,Денис Сорокин,+7 (935) 540-71-12,user90043@example.ru,Москва,05.02.2024,,
c104563,Наталья Нестерова,,+79769922631,user104563@example.ru,Казань,,2026-02-15,78482
c90367,,Егор Осипов,+7 (967) 059-99-81,user90367@example.ru,Красноярск,22.02.2026,,
c102446,Юлия Нестерова,,+79548720102,user102446@example.ru,Санкт-Петербург,,2026-03-14,53101
c90067,,Наталья Белых,+7 (981) 279-13-90,user90067@example.ru,С.-Петербург,17.03.2024,,
c90101,,Вера Осипова,+7 (963) 378-74-13,user90101@example.ru,Москва,18.01.2026,,
c101463,Игорь Зуев,,+79444801327,user101463@example.ru,Санкт-Петербург,,2026-03-23,30189
c92290,,Юлия Ковальчук,+7 (942) 270-75-26,user92290@example.ru,С.-Петербург,23.01.2025,,
c103842,Елена Шилова,,+79246759753,user103842@example.ru,Санкт-Петербург,,2026-01-11,35244
c101965,Глеб Тихонов,,+79431584400,user101965@example.ru,Казань,,2026-03-01,61930
c90113,,Наталья Лаптева,+7 (928) 112-27-66,user90113@example.ru,С.-Петербург,05.01.2025,,
c106203,,Денис Лаптев,+7 (922) 392-89-20,user106203@example.ru,Казань,05.01.2026,,
c106099,Денис Сорокин,,+79213712301,user106099@example.ru,Москва,,2026-08-16,109596
c103507,Елена Лаптева,,+79856675042,user103507@example.ru,Санкт-Петербург,,2026-09-07,9130
c103789,Мария Гордеева,,+79277410171,user103789@example.ru,Казань,,2026-02-03,60964
c90214,,Павел Ермаков,+7 (997) 142-59-30,user90214@example.ru,Новосибирск,28.03.2025,,
c101107,Полина Савельева,,+79616978052,user101107@example.ru,Новосибирск,,2026-06-19,164533
c102237,Роман Крылов,,+79366512473,user102237@example.ru,Екатеринбург,,2026-08-20,141690
c100424,Вера Панина,,+79388112243,user100424@example.ru,Москва,,2026-03-12,77053
c90129,,Вера Гордеева,+7 (933) 842-48-04,user90129@example.ru,Екатеринбург,03.09.2024,,
c105499,Роман Нестеров,,+79862289745,user105499@example.ru,Екатеринбург,,2026-03-20,115808
c104890,Юлия Зуева,,+79696548396,user104890@example.ru,Казань,,2026-01-11,67123
c102978,Денис Нестеров,,+79241196174,user102978@example.ru,Екатеринбург,,2026-03-10,36970
c105652,,Мария Осипова,+7 (941) 176-42-50,user105652@example.ru,С.-Петербург,19.07.2025,,
c102704,Кирилл Зуев,,+79474827397,user102704@example.ru,Красноярск,,2026-01-06,177811
c100598,Анна Нестерова,,+79888585378,user100598@example.ru,Санкт-Петербург,,2026-08-25,93572
c104536,Глеб Савельев,,+79666685989,user104536@example.ru,Красноярск,,2026-07-09,106082
c92360,,Максим Савельев,+7 (930) 460-39-15,user92360@example.ru,Москва,05.07.2024,,
c105632,Павел Сорокин,,+79542501239,user105632@example.ru,Санкт-Петербург,,2026-04-13,166855
c102956,Павел Шилов,,+79535783167,user102956@example.ru,Екатеринбург,,2026-01-13,857
c100994,,Вера Нестерова,+7 (929) 084-36-00,user100994@example.ru,Москва,23.04.2024,,
c91802,,Глеб Сорокин,+7 (966) 175-06-36,user91802@example.ru,Новосибирск,26.12.2025,,
c106116,,Вера Крылова,+7 (998) 160-76-46,user106116@example.ru,С.-Петербург,30.01.2026,,
c91678,,Мария Зуева,+7 (996) 696-82-56,user91678@example.ru,Красноярск,14.03.2024,,
c103323,,Вера Ермакова,+7 (935) 317-95-83,user103323@example.ru,Казань,10.06.2024,,
c100426,,Тимур Ермаков,+7 (999) 794-20-72,user100426@example.ru,Екатеринбург,03.11.2024,,
c105242,,Ольга Лаптева,+7 (968) 702-98-29,user105242@example.ru,Красноярск,04.01.2025,,
c103657,Мария Ковальчук,,+79264920602,user103657@example.ru,Москва,,2026-04-07,33676
c105237,Тимур Панин,,+79982531384,user105237@example.ru,Казань,,2026-05-03,129663
c102628,Павел Савельев,,+79520886009,user102628@example.ru,Санкт-Петербург,,2026-08-04,32844
c90850,,Юлия Сорокина,+7 (944) 016-17-03,user90850@example.ru,С.-Петербург,22.04.2026,,
c106360,Юлия Сорокина,,+79457457089,user106360@example.ru,Санкт-Петербург,,2026-01-04,26516
c103015,Полина Белых,,+79891632940,user103015@example.ru,Санкт-Петербург,,2026-01-29,56212
c103488,Елена Белых,,+79516826908,user103488@example.ru,Новосибирск,,2026-03-17,110524
c103326,Юлия Сорокина,,+79233211843,user103326@example.ru,Красноярск,,2026-04-07,4794
c100874,,Елена Ковальчук,+7 (916) 554-77-34,user100874@example.ru,Екатеринбург,03.05.2025,,
c102154,Лидия Панина,,+79559127050,user102154@example.ru,Новосибирск,,2026-01-05,54108
c92171,,Роман Ермаков,+7 (946) 211-51-07,user92171@example.ru,Казань,04.02.2024,,
c103443,Полина Белых,,+79406518581,user103443@example.ru,Екатеринбург,,2026-04-22,101273
c90897,,Тимур Сорокин,+7 (985) 555-35-96,user90897@example.ru,Красноярск,25.11.2024,,
c105785,Кирилл Панин,,+79785671772,user105785@example.ru,Красноярск,,2026-03-22,41540
c91910,,Мария Сорокина,+7 (954) 880-56-19,user91910@example.ru,Москва,22.07.2025,,
c104825,,Юлия Панина,+7 (944) 905-00-22,user104825@example.ru,Москва,28.02.2026,,
c106230,Алиса Белых,,+79823856301,user106230@example.ru,Красноярск,,2026-03-20,55602
c106331,Алиса Мешкова,,+79636215381,user106331@example.ru,Санкт-Петербург,,2026-05-14,129704
c91411,,Максим Ермаков,+7 (923) 820-01-19,user91411@example.ru,С.-Петербург,27.08.2024,,
c105999,Павел Осипов,,+79633687031,user105999@example.ru,Красноярск,,2026-09-09,12078
c106203,Юлия Крылова,,+79862534950,user106203@example.ru,Красноярск,,2026-03-03,96173
c104671,Тимур Ермаков,,+79358165513,user104671@example.ru,Казань,,2026-07-27,25917
c101325,,Мария Нестерова,+7 (982) 442-97-25,user101325@example.ru,С.-Петербург,11.08.2024,,
c103162,Юлия Гордеева,,+79851078505,user103162@example.ru,Казань,,2026-03-15,145572
c100181,Максим Нестеров,,+79880392116,user100181@example.ru,Новосибирск,,2026-07-11,42463
c90520,,Тимур Осипов,+7 (945) 019-96-93,user90520@example.ru,Новосибирск,28.11.2024,,
c102027,Юлия Осипова,,+79199450561,user102027@example.ru,Москва,,2026-02-13,29278
c91058,,Максим Шилов,+7 (990) 118-26-93,user91058@example.ru,Новосибирск,14.09.2024,,
c101086,Наталья Тихонова,,+79716871374,user101086@example.ru,Новосибирск,,2026-07-08,4277
c103334,Полина Белых,,+79124000914,user103334@example.ru,Москва,,2026-04-13,125256
c90621,,Ольга Мешкова,+7 (990) 204-10-28,user90621@example.ru,Екатеринбург,28.12.2025,,
c90014,,Мария Осипова,+7 (921) 701-58-45,user90014@example.ru,Новосибирск,25.03.2026,,
c102016,Вера Мешкова,,+79736034436,user102016@example.ru,Москва,,2026-04-13,57086
c105698,Елена Савельева,,+79916889923,user105698@example.ru,Санкт-Петербург,,2026-05-23,96681
c106866,Тимур Лаптев,,+79301004496,user106866@example.ru,Санкт-Петербург,,2026-06-20,86933
c103384,Алиса Шилова,,+79948110307,user103384@example.ru,Новосибирск,,2026-04-22,27174
c90198,,Денис Ермаков,+7 (923) 542-41-77,user90198@example.ru,Казань,21.05.2025,,
c100219,Полина Гордеева,,+79946835712,user100219@example.ru,Красноярск,,2026-08-15,2693
c103658,Глеб Крылов,,+79428677959,user103658@example.ru,Санкт-Петербург,,2026-08-03,28735
c106346,Денис Осипов,,+79517187038,user106346@example.ru,Екатеринбург,,2026-03-23,71824
c101435,Артур Гордеев,,+79397319295,user101435@example.ru,Екатеринбург,,2026-01-24,42792
c104401,Роман Зуев,,+79269958200,user104401@example.ru,Красноярск,,2026-03-23,24125
c102325,Вера Белых,,+79837832842,user102325@example.ru,Санкт-Петербург,,2026-07-06,160772
c102874,,Максим Крылов,+7 (981) 468-36-94,user102874@example.ru,С.-Петербург,23.04.2026,,
c106848,Кирилл Ермаков,,+79484564630,user106848@example.ru,Екатеринбург,,2026-03-03,67027
c104126,,Игорь Крылов,+7 (998) 072-58-48,user104126@example.ru,Новосибирск,25.01.2026,,
c101380,Мария Лаптева,,+79754443709,user101380@example.ru,Казань,,2026-03-23,3984
c106727,Наталья Осипова,,+79103724706,user106727@example.ru,Красноярск,,2026-06-29,37014
c105350,Тимур Савельев,,+79380239009,user105350@example.ru,Санкт-Петербург,,2026-01-17,168165
c100016,Вера Гордеева,,+79891205071,user100016@example.ru,Москва,,2026-09-01,152628
c105796,Ольга Ковальчук,,+79735404909,user105796@example.ru,Екатеринбург,,2026-09-09,2533
c101888,Тимур Белых,,+79323112772,user101888@example.ru,Казань,,2026-09-03,134321
c104258,Егор Тихонов,,+79720774750,user104258@example.ru,Москва,,2026-07-22,67442
c105120,Павел Зуев,,+79272444566,user105120@example.ru,Санкт-Петербург,,2026-02-13,125801
c103924,Анна Мешкова,,+79744607335,user103924@example.ru,Казань,,2026-08-18,133586
c90924,,Мария Гордеева,+7 (966) 564-52-52,user90924@example.ru,Новосибирск,09.12.2024,,
c106272,Максим Зуев,,+79281364185,user106272@example.ru,Красноярск,,2026-05-19,93046
c106337,Лидия Ермакова,,+79880479270,user106337@example.ru,Новосибирск,,2026-01-21,121212
c100588,Роман Панин,,+79527076216,user100588@example.ru,Казань,,2026-03-29,87006
c90066,,Игорь Юдин,+7 (934) 578-24-49,user90066@example.ru,Екатеринбург,20.11.2025,,
c105992,Кирилл Тихонов,,+79483124698,user105992@example.ru,Казань,,2026-02-21,41951
c90879,,Вера Лаптева,+7 (917) 373-72-15,user90879@example.ru,Красноярск,23.09.2025,,
c105576,Полина Панина,,+79868176001,user105576@example.ru,Новосибирск,,2026-06-04,101782
c101101,Наталья Гордеева,,+79856821656,user101101@example.ru,Новосибирск,,2026-07-05,26132
c102414,Артур Юдин,,+79414884011,user102414@example.ru,Екатеринбург,,2026-07-06,69756
c106282,Денис Сорокин,,+79743848899,user106282@example.ru,Москва,,2026-03-31,147891
c105609,Артур Шилов,,+79824858114,user105609@example.ru,Санкт-Петербург,,2026-01-21,104771
c100601,Елена Тихонова,,+79775236074,user100601@example.ru,Санкт-Петербург,,2026-08-05,6994
c103402,Роман Сорокин,,+79625220191,user103402@example.ru,Санкт-Петербург,,2026-07-21,164854
c100541,Мария Гордеева,,+79868945961,user100541@example.ru,Новосибирск,,2026-02-07,45362
c90527,,Глеб Осипов,+7 (921) 761-96-45,user90527@example.ru,Екатеринбург,15.12.2025,,
c101082,Глеб Ермаков,,+79894832989,user101082@example.ru,Казань,,2026-01-25,68816
c90643,,Тимур Белых,+7 (996) 408-67-10,user90643@example.ru,Казань,25.05.2025,,
c101320,Артур Панин,,+79599768626,user101320@example.ru,Казань,,2026-03-27,68756
c90736,,Полина Сорокина,+7 (950) 703-31-49,user90736@example.ru,Новосибирск,17.02.2026,,
c104166,Ольга Осипова,,+79741592967,user104166@example.ru,Казань,,2026-04-24,76284
c100541,,Юлия Савельева,+7 (977) 277-32-26,user100541@example.ru,С.-Петербург,18.01.2025,,
c92089,,Тимур Гордеев,+7 (993) 245-29-61,user92089@example.ru,Москва,13.02.2024,,
c106247,Игорь Ермаков,,+79684790787,user106247@example.ru,Екатеринбург,,2026-08-27,50011
c106486,Ольга Панина,,+79953116978,user106486@example.ru,Новосибирск,,2026-07-23,29713
c90244,,Кирилл Белых,+7 (958) 829-19-36,user90244@example.ru,Москва,28.07.2025,,
c103445,Тимур Савельев,,+79853288713,user103445@example.ru,Красноярск,,2026-04-09,60560
c106794,Вера Лаптева,,+79457979194,user106794@example.ru,Красноярск,,2026-03-17,20046
c104925,Алиса Зуева,,+79120791355,user104925@example.ru,Москва,,2026-02-15,43830
c90811,,Полина Юдина,+7 (974) 983-85-48,user90811@example.ru,С.-Петербург,14.12.2025,,
c102066,Тимур Сорокин,,+79877001308,user102066@example.ru,Москва,,2026-02-18,178979
c106765,Игорь Осипов,,+79868614634,user106765@example.ru,Москва,,2026-08-15,85610
c90916,,Роман Гордеев,+7 (961) 391-96-25,user90916@example.ru,Москва,20.04.2026,,
c105936,Кирилл Зуев,,+79846450795,user105936@example.ru,Москва,,2026-04-27,67019
c104546,Юлия Осипова,,+79149643280,user104546@example.ru,Екатеринбург,,2026-06-02,59202
c90958,,Кирилл Осипов,+7 (976) 289-90-56,user90958@example.ru,С.-Петербург,24.07.2025,,
c103985,Мария Шилова,,+79111123983,user103985@example.ru,Красноярск,,2026-01-30,179171
c101646,Елена Юдина,,+79733651759,user101646@example.ru,Екатеринбург,,2026-09-02,43049
c104585,Юлия Сорокина,,+79512985304,user104585@example.ru,Красноярск,,2026-01-09,86995
c106248,Глеб Зуев,,+79100025508,user106248@example.ru,Красноярск,,2026-04-25,99908
c104474,Артур Зуев,,+79771938546,user104474@example.ru,Екатеринбург,,2026-01-30,142386
c103525,Павел Гордеев,,+79571622544,user103525@example.ru,Екатеринбург,,2026-09-02,9786
c100571,,Вера Тихонова,+7 (976) 488-92-32,user100571@example.ru,Екатеринбург,16.02.2024,,
c104037,Артур Осипов,,+79528024777,user104037@example.ru,Казань,,2026-05-05,174924
c105130,Кирилл Лаптев,,+79806912214,user105130@example.ru,Москва,,2026-09-09,160492
c90544,,Игорь Гордеев,+7 (915) 540-84-68,user90544@example.ru,С.-Петербург,02.01.2026,,
c102880,,Артур Крылов,+7 (933) 339-19-53,user102880@example.ru,Казань,05.05.2026,,
c104228,Юлия Нестерова,,+79473084593,user104228@example.ru,Красноярск,,2026-08-30,40189
c105338,Кирилл Юдин,,+79961487725,user105338@example.ru,Санкт-Петербург,,2026-03-15,162107
c91029,,Ольга Юдина,+7 (961) 847-42-59,user91029@example.ru,Казань,15.10.2025,,
c92433,,Елена Юдина,+7 (911) 406-76-23,user92433@example.ru,Красноярск,30.06.2026,,
c104240,Юлия Тихонова,,+79124531317,user104240@example.ru,Санкт-Петербург,,2026-05-03,58878
c101764,Юлия Лаптева,,+79177658808,user101764@example.ru,Екатеринбург,,2026-09-10,63327
c103779,Анна Савельева,,+79961350503,user103779@example.ru,Москва,,2026-02-02,84793
c92079,,Павел Тихонов,+7 (951) 448-82-78,user92079@example.ru,Москва,05.12.2025,,
c101440,Глеб Лаптев,,+79710105314,user101440@example.ru,Красноярск,,2026-05-12,81380
c103907,Павел Крылов,,+79661870011,user103907@example.ru,Новосибирск,,2026-08-24,3721
c106857,,Мария Крылова,+7 (915) 392-99-34,user106857@example.ru,Новосибирск,20.09.2024,,
c104160,Алиса Шилова,,+79443147986,user104160@example.ru,Екатеринбург,,2026-04-27,97767
c106204,Юлия Гордеева,,+79850206072,user106204@example.ru,Москва,,2026-06-06,20350
c103790,Ольга Тихонова,,+79849165627,user103790@example.ru,Новосибирск,,2026-03-14,160323
c105490,Юлия Мешкова,,+79148088225,user105490@example.ru,Москва,,2026-06-26,159672
c102478,Вера Крылова,,+79406716984,user102478@example.ru,Новосибирск,,2026-08-11,19166
c90559,,Лидия Ковальчук,+7 (946) 044-27-76,user90559@example.ru,Казань,21.10.2025,,
c102105,Наталья Панина,,+79448986348,user102105@example.ru,Санкт-Петербург,,2026-02-16,161043
c104954,,Анна Зуева,+7 (980) 205-76-55,user104954@example.ru,Казань,01.11.2025,,
c103006,Ольга Осипова,,+79505817703,user103006@example.ru,Москва,,2026-05-24,127691
c106685,Елена Лаптева,,+79641618873,user106685@example.ru,Санкт-Петербург,,2026-05-20,121862
c92446,,Максим Тихонов,+7 (994) 189-58-94,user92446@example.ru,Москва,14.11.2025,,
c104413,Егор Шилов,,+79798354671,user104413@example.ru,Москва,,2026-04-17,65769
c91878,,Елена Крылова,+7 (988) 056-86-67,user91878@example.ru,Казань,12.02.2024,,
c106484,Глеб Панин,,+79521589111,user106484@example.ru,Казань,,2026-03-30,159206
c91474,,Полина Гордеева,+7 (930) 306-91-89,user91474@example.ru,Новосибирск,29.03.2025,,
c102649,Полина Крылова,,+79382340348,user102649@example.ru,Санкт-Петербург,,2026-02-01,111031
c102639,Павел Крылов,,+79818419878,user102639@example.ru,Красноярск,,2026-09-04,160785
c100844,Ольга Крылова,,+79810031308,user100844@example.ru,Санкт-Петербург,,2026-08-04,96163
c90494,,Максим Мешков,+7 (960) 120-42-73,user90494@example.ru,Москва,03.06.2025,,
c90617,,Роман Гордеев,+7 (932) 175-64-50,user90617@example.ru,Казань,08.11.2025,,
c103792,Павел Сорокин,,+79188576037,user103792@example.ru,Санкт-Петербург,,2026-06-27,8200
c106372,Денис Осипов,,+79945002337,user106372@example.ru,Красноярск,,2026-07-05,158317
c106045,Наталья Лаптева,,+79297724949,user106045@example.ru,Екатеринбург,,2026-08-15,100711
c103602,Ольга Мешкова,,+79212870000,user103602@example.ru,Казань,,2026-05-15,21278
c105958,Артур Ковальчук,,+79824369916,user105958@example.ru,Санкт-Петербург,,2026-03-12,162864
c92267,,Артур Ковальчук,+7 (947) 352-49-01,user92267@example.ru,Новосибирск,14.04.2026,,
c92081,,Алиса Белых,+7 (913) 372-09-37,user92081@example.ru,Новосибирск,10.04.2026,,
c106807,Лидия Шилова,,+79208776042,user106807@example.ru,Екатеринбург,,2026-02-21,90414
c90896,,Роман Осипов,+7 (977) 353-66-97,user90896@example.ru,Красноярск,16.03.2025,,
c101073,Павел Панин,,+79792448914,user101073@example.ru,Новосибирск,,2026-09-05,50755
c105160,Наталья Сорокина,,+79634183589,user105160@example.ru,Екатеринбург,,2026-08-01,46919
c91849,,Егор Ермаков,+7 (980) 773-95-30,user91849@example.ru,Новосибирск,22.05.2025,,
c105655,Лидия Осипова,,+79262233285,user105655@example.ru,Казань,,2026-08-30,179353
c103639,Полина Тихонова,,+79510981649,user103639@example.ru,Новосибирск,,2026-07-23,172657
c91860,,Анна Ермакова,+7 (967) 876-68-33,user91860@example.ru,С.-Петербург,16.10.2024,,
c101120,Мария Сорокина,,+79605021117,user101120@example.ru,Москва,,2026-02-05,93625
c105445,,Денис Сорокин,+7 (999) 261-42-91,user105445@example.ru,Казань,22.09.2025,,
c102225,Глеб Ковальчук,,+79326124289,user102225@example.ru,Санкт-Петербург,,2026-01-08,106872
c101776,Игорь Сорокин,,+79285187297,user101776@example.ru,Санкт-Петербург,,2026-01-26,153087
c91472,,Полина Мешкова,+7 (962) 238-67-36,user91472@example.ru,Казань,06.11.2024,,
c102452,Вера Мешкова,,+79951543187,user102452@example.ru,Казань,,2026-03-16,57368
c101034,Ольга Нестерова,,+79341952244,user101034@example.ru,Новосибирск,,2026-01-31,89432
c103538,Вера Ковальчук,,+79113564218,user103538@example.ru,Новосибирск,,2026-07-06,167036
c101516,Елена Савельева,,+79943261154,user101516@example.ru,Казань,,2026-06-06,166535
c104155,Вера Лаптева,,+79951373658,user104155@example.ru,Новосибирск,,2026-09-08,47423
c92421,,Максим Зуев,+7 (973) 463-31-94,user92421@example.ru,Казань,29.09.2025,,
c90854,,Глеб Савельев,+7 (944) 507-56-70,user90854@example.ru,Красноярск,07.02.2025,,
c101311,,Ольга Крылова,+7 (913) 717-97-35,user101311@example.ru,Казань,09.08.2024,,
c90906,,Вера Нестерова,+7 (944) 355-50-09,user90906@example.ru,С.-Петербург,22.02.2026,,
c103809,Юлия Зуева,,+79399387732,user103809@example.ru,Екатеринбург,,2026-05-04,75337
c105318,Егор Гордеев,,+79547684441,user105318@example.ru,Красноярск,,2026-08-02,132595
c102044,Вера Осипова,,+79721869694,user102044@example.ru,Новосибирск,,2026-03-05,86446
c101888,,Ольга Юдина,+7 (914) 136-66-25,user101888@example.ru,Новосибирск,24.04.2024,,
c106023,Алиса Савельева,,+79105694310,user106023@example.ru,Красноярск,,2026-07-09,56596
c104720,Алиса Панина,,+79408356900,user104720@example.ru,Москва,,2026-07-11,130608
c91563,,Тимур Панин,+7 (958) 783-92-74,user91563@example.ru,Новосибирск,11.05.2025,,
c101194,Денис Тихонов,,+79728655673,user101194@example.ru,Казань,,2026-02-06,87644
c101943,Наталья Гордеева,,+79427193177,user101943@example.ru,Москва,,2026-08-09,129411
c103274,Глеб Тихонов,,+79192390013,user103274@example.ru,Красноярск,,2026-08-29,81013
c105027,Роман Ермаков,,+79698659527,user105027@example.ru,Красноярск,,2026-01-05,140690
c106767,Павел Белых,,+79190890606,user106767@example.ru,Красноярск,,2026-03-12,43784
c104014,Денис Сорокин,,+79727048934,user104014@example.ru,Красноярск,,2026-06-08,174375
c102474,Анна Панина,,+79949240160,user102474@example.ru,Новосибирск,,2026-03-05,1850
c100917,Наталья Панина,,+79454376282,user100917@example.ru,Красноярск,,2026-02-27,6675
c105291,Анна Юдина,,+79110875676,user105291@example.ru,Казань,,2026-07-23,102409
c104873,Артур Ермаков,,+79424586689,user104873@example.ru,Красноярск,,2026-02-13,17308
c105463,Тимур Крылов,,+79330235168,user105463@example.ru,Красноярск,,2026-07-15,161991
c106441,Алиса Гордеева,,+79362835534,user106441@example.ru,Москва,,2026-01-06,167165
c105807,Полина Ермакова,,+79263892016,user105807@example.ru,Новосибирск,,2026-04-20,22785
c92083,,Роман Юдин,+7 (943) 321-86-64,user92083@example.ru,Казань,04.08.2025,,
c103051,Максим Осипов,,+79709528240,user103051@example.ru,Екатеринбург,,2026-03-21,33318
c106212,Юлия Шилова,,+79692629123,user106212@example.ru,Санкт-Петербург,,2026-03-13,51408
c105550,Вера Мешкова,,+79384854433,user105550@example.ru,Казань,,2026-01-14,94646
c101703,,Мария Шилова,+7 (913) 702-66-12,user101703@example.ru,Екатеринбург,17.07.2025,,
c100452,Артур Зуев,,+79325443470,user100452@example.ru,Красноярск,,2026-01-19,61003
c101239,Полина Панина,,+79981459649,user101239@example.ru,Новосибирск,,2026-09-01,36120
c102391,Вера Юдина,,+79458803972,user102391@example.ru,Красноярск,,2026-08-21,98888
c105629,Полина Панина,,+79141634896,user105629@example.ru,Красноярск,,2026-06-16,148524
c102792,Мария Лаптева,,+79425444083,user102792@example.ru,Новосибирск,,2026-08-16,83177
c91988,,Елена Сорокина,+7 (947) 611-53-04,user91988@example.ru,Красноярск,11.08.2025,,
c90300,,Игорь Сорокин,+7 (924) 183-02-85,user90300@example.ru,Екатеринбург,25.12.2024,,
c102296,Кирилл Мешков,,+79973985253,user102296@example.ru,Москва,,2026-02-22,87968
c104440,Алиса Белых,,+79344977646,user104440@example.ru,Санкт-Петербург,,2026-04-09,155094
c101538,Мария Белых,,+79563037941,user101538@example.ru,Новосибирск,,2026-02-11,115917
c103399,Елена Юдина,,+79729425998,user103399@example.ru,Красноярск,,2026-01-22,140278
c102329,Глеб Крылов,,+79243262671,user102329@example.ru,Красноярск,,2026-05-30,4580
c105415,Полина Осипова,,+79414218392,user105415@example.ru,Новосибирск,,2026-05-19,103087
c100167,Кирилл Гордеев,,+79521726540,user100167@example.ru,Екатеринбург,,2026-08-29,35028
c102177,,Юлия Лаптева,+7 (920) 844-27-91,user102177@example.ru,Екатеринбург,02.07.2025,,
c103414,Анна Крылова,,+79588196995,user103414@example.ru,Казань,,2026-07-05,81792
c92161,,Ольга Шилова,+7 (946) 819-87-99,user92161@example.ru,Красноярск,10.04.2025,,
c105631,Егор Сорокин,,+79203475194,user105631@example.ru,Красноярск,,2026-05-02,93226
c90746,,Юлия Ермакова,+7 (988) 429-93-11,user90746@example.ru,Новосибирск,29.05.2026,,
c105459,Мария Панина,,+79377978666,user105459@example.ru,Новосибирск,,2026-06-24,57186
c106653,Полина Зуева,,+79979249976,user106653@example.ru,Новосибирск,,2026-02-19,63300
c92231,,Артур Ермаков,+7 (993) 156-14-73,user92231@example.ru,С.-Петербург,12.10.2024,,
c106096,Павел Зуев,,+79676979203,user106096@example.ru,Новосибирск,,2026-01-31,77893
c103873,Артур Крылов,,+79264484556,user103873@example.ru,Санкт-Петербург,,2026-02-11,69512
c90522,,Роман Ковальчук,+7 (937) 381-20-40,user90522@example.ru,Новосибирск,23.03.2025,,
c91241,,Лидия Сорокина,+7 (979) 786-84-09,user91241@example.ru,Москва,20.11.2024,,
c103132,Глеб Панин,,+79652445012,user103132@example.ru,Казань,,2026-09-11,51032
c100428,Тимур Нестеров,,+79689135974,user100428@example.ru,Екатеринбург,,2026-05-02,4186
c100396,Тимур Сорокин,,+79942254538,user100396@example.ru,Екатеринбург,,2026-05-06,132452
c104841,,Артур Сорокин,+7 (918) 253-82-27,user104841@example.ru,Красноярск,11.07.2024,,
c106097,Игорь Лаптев,,+79159154294,user106097@example.ru,Екатеринбург,,2026-05-05,82318
c104766,Роман Сорокин,,+79507701640,user104766@example.ru,Екатеринбург,,2026-09-01,46181
c90096,,Ольга Панина,+7 (919) 717-23-83,user90096@example.ru,Новосибирск,12.12.2024,,
c106609,Алиса Лаптева,,+79235908530,user106609@example.ru,Санкт-Петербург,,2026-02-16,125317
c101859,Наталья Мешкова,,+79170657384,user101859@example.ru,Москва,,2026-01-21,127406
c102457,Кирилл Ермаков,,+79746568540,user102457@example.ru,Санкт-Петербург,,2026-06-28,22727
c103812,Артур Ермаков,,+79326632683,user103812@example.ru,Казань,,2026-07-18,112694
c91966,,Глеб Сорокин,+7 (986) 128-90-28,user91966@example.ru,Казань,11.09.2025,,
c100315,Роман Белых,,+79644102080,user100315@example.ru,Казань,,2026-07-04,69944
c90555,,Игорь Сорокин,+7 (999) 231-72-26,user90555@example.ru,Казань,10.12.2025,,
c104900,,Глеб Шилов,+7 (953) 611-47-60,user104900@example.ru,Красноярск,13.10.2024,,
c90443,,Алиса Тихонова,+7 (979) 853-10-27,user90443@example.ru,Красноярск,24.01.2026,,
c103447,Кирилл Нестеров,,+79261705472,user103447@example.ru,Новосибирск,,2026-08-25,74490
c101524,Вера Крылова,,+79100491759,user101524@example.ru,Москва,,2026-07-16,138056
c103479,Кирилл Гордеев,,+79581233467,user103479@example.ru,Санкт-Петербург,,2026-03-02,80608
c100018,Кирилл Юдин,,+79739266563,user100018@example.ru,Новосибирск,,2026-02-12,86259
c101910,Егор Мешков,,+79327096685,user101910@example.ru,Казань,,2026-06-09,118916
c90228,,Юлия Нестерова,+7 (966) 633-21-84,user90228@example.ru,Красноярск,14.03.2024,,
c91295,,Лидия Нестерова,+7 (923) 802-16-42,user91295@example.ru,Новосибирск,03.03.2026,,
c100379,Тимур Крылов,,+79341512916,user100379@example.ru,Казань,,2026-05-13,136218
c100076,,Максим Панин,+7 (969) 985-72-46,user100076@example.ru,Казань,31.12.2024,,
c100965,Тимур Шилов,,+79289251331,user100965@example.ru,Новосибирск,,2026-08-23,151072
c91658,,Денис Зуев,+7 (927) 227-79-94,user91658@example.ru,Казань,28.04.2026,,
c106378,Тимур Шилов,,+79807095375,user106378@example.ru,Казань,,2026-03-27,173915
c105669,Глеб Крылов,,+79240936632,user105669@example.ru,Новосибирск,,2026-05-18,149607
c105993,Тимур Юдин,,+79987100538,user105993@example.ru,Новосибирск,,2026-08-24,151255
c100660,Максим Ермаков,,+79390636432,user100660@example.ru,Казань,,2026-01-26,148172
c102930,Юлия Сорокина,,+79929482362,user102930@example.ru,Санкт-Петербург,,2026-02-21,35165
c101737,Вера Белых,,+79500568531,user101737@example.ru,Красноярск,,2026-05-04,91424
c106214,Лидия Мешкова,,+79426129972,user106214@example.ru,Екатеринбург,,2026-08-18,151496
c106226,,Егор Панин,+7 (987) 299-21-25,user106226@example.ru,Новосибирск,17.08.2024,,
c101083,Елена Нестерова,,+79507699342,user101083@example.ru,Екатеринбург,,2026-03-16,102378
c91880,,Максим Ковальчук,+7 (963) 632-34-22,user91880@example.ru,Екатеринбург,12.04.2025,,
c100806,Анна Крылова,,+79794149848,user100806@example.ru,Москва,,2026-09-01,10858
c104368,,Елена Юдина,+7 (950) 597-36-39,user104368@example.ru,Красноярск,09.11.2024,,
c105913,Игорь Гордеев,,+79883307234,user105913@example.ru,Екатеринбург,,2026-02-25,172540
c103526,Егор Юдин,,+79479820035,user103526@example.ru,Екатеринбург,,2026-07-13,37616
c100517,Наталья Нестерова,,+79763737586,user100517@example.ru,Красноярск,,2026-01-10,120129
c92149,,Полина Осипова,+7 (966) 585-81-59,user92149@example.ru,С.-Петербург,13.02.2026,,
c105461,Егор Белых,,+79707685373,user105461@example.ru,Казань,,2026-08-08,161875
c104881,Елена Осипова,,+79116658071,user104881@example.ru,Санкт-Петербург,,2026-08-15,16377
c104158,Лидия Ермакова,,+79956734965,user104158@example.ru,Казань,,2026-04-27,178919
c104364,Вера Савельева,,+79978354355,user104364@example.ru,Екатеринбург,,2026-06-06,58720
c100301,Наталья Тихонова,,+79113720775,user100301@example.ru,Красноярск,,2026-07-12,81582
c103160,Артур Осипов,,+79433391833,user103160@example.ru,Екатеринбург,,2026-03-30,69683
c102755,Максим Савельев,,+79102202756,user102755@example.ru,Новосибирск,,2026-01-13,146934
c90398,,Мария Шилова,+7 (916) 267-01-37,user90398@example.ru,Екатеринбург,30.03.2026,,
c101175,Егор Сорокин,,+79128512747,user101175@example.ru,Екатеринбург,,2026-06-07,31584
c104951,Денис Мешков,,+79868516073,user104951@example.ru,Санкт-Петербург,,2026-08-22,113794
c103350,Артур Тихонов,,+79521715493,user103350@example.ru,Казань,,2026-06-06,171780
c102522,Елена Сорокина,,+79481756997,user102522@example.ru,Санкт-Петербург,,2026-02-15,42225
c100470,Артур Сорокин,,+79456396177,user100470@example.ru,Казань,,2026-09-08,33472
c90732,,Артур Ермаков,+7 (988) 520-52-32,user90732@example.ru,Красноярск,17.07.2025,,
c90143,,Наталья Панина,+7 (977) 233-45-00,user90143@example.ru,Казань,25.08.2025,,
c101038,Артур Тихонов,,+79525994622,user101038@example.ru,Новосибирск,,2026-07-31,118953
c101351,,Игорь Ковальчук,+7 (935) 618-36-79,user101351@example.ru,Москва,30.11.2025,,
c106342,,Глеб Зуев,+7 (958) 054-36-20,user106342@example.ru,Екатеринбург,07.03.2025,,
c91456,,Тимур Осипов,+7 (991) 367-04-95,user91456@example.ru,С.-Петербург,30.06.2026,,
c100549,Денис Сорокин,,+79620644440,user100549@example.ru,Новосибирск,,2026-08-08,138263
c101181,,Егор Тихонов,+7 (924) 482-27-45,user101181@example.ru,Красноярск,04.08.2025,,
c106262,Лидия Мешкова,,+79735792426,user106262@example.ru,Красноярск,,2026-06-05,149141
c104114,Кирилл Гордеев,,+79773403107,user104114@example.ru,Красноярск,,2026-06-16,20011
c90281,,Глеб Белых,+7 (939) 256-09-45,user90281@example.ru,Екатеринбург,30.04.2024,,
c102467,Кирилл Зуев,,+79531372008,user102467@example.ru,Красноярск,,2026-03-07,122164
c100609,Роман Мешков,,+79621491692,user100609@example.ru,Новосибирск,,2026-02-05,26907
c91666,,Игорь Белых,+7 (937) 166-31-98,user91666@example.ru,Москва,03.11.2024,,
c90149,,Артур Мешков,+7 (917) 358-48-32,user90149@example.ru,Москва,06.04.2025,,
c91397,,Роман Осипов,+7 (968) 864-64-89,user91397@example.ru,Красноярск,11.04.2026,,
c105943,Лидия Нестерова,,+79561836907,user105943@example.ru,Новосибирск,,2026-02-07,52852
c105029,,Роман Крылов,+7 (939) 610-85-44,user105029@example.ru,Москва,20.11.2025,,
c90753,,Глеб Осипов,+7 (927) 603-27-31,user90753@example.ru,Екатеринбург,20.05.2024,,
c100410,Павел Ермаков,,+79525773121,user100410@example.ru,Казань,,2026-03-17,98993
c91071,,Мария Ковальчук,+7 (970) 452-07-75,user91071@example.ru,Новосибирск,23.08.2024,,
c101892,Роман Зуев,,+79241406301,user101892@example.ru,Красноярск,,2026-04-24,85432
c101887,,Егор Ермаков,+7 (957) 902-44-27,user101887@example.ru,С.-Петербург,11.05.2025,,
c101856,Артур Нестеров,,+79996180406,user101856@example.ru,Москва,,2026-01-06,129752
c104950,Алиса Юдина,,+79153219085,user104950@example.ru,Санкт-Петербург,,2026-05-16,153131
c105364,Лидия Лаптева,,+79523798995,user105364@example.ru,Казань,,2026-06-11,48058
c102882,Вера Тихонова,,+79652091090,user102882@example.ru,Екатеринбург,,2026-04-26,130346
c103066,Полина Шилова,,+79430594717,user103066@example.ru,Москва,,2026-07-31,167205
c106447,Денис Зуев,,+79536278506,user106447@example.ru,Москва,,2026-05-27,160618
c100003,Вера Зуева,,+79268404086,user100003@example.ru,Санкт-Петербург,,2026-05-15,83839
c104104,,Артур Сорокин,+7 (994) 504-45-75,user104104@example.ru,С.-Петербург,12.01.2025,,
c100761,Юлия Шилова,,+79378495328,user100761@example.ru,Екатеринбург,,2026-06-23,101700
c102297,Вера Осипова,,+79646267500,user102297@example.ru,Москва,,2026-09-10,153255
c92427,,Полина Мешкова,+7 (953) 035-05-53,user92427@example.ru,Казань,25.01.2026,,
c104606,Мария Зуева,,+79194472973,user104606@example.ru,Красноярск,,2026-05-27,87046
c101091,Денис Зуев,,+79256201106,user101091@example.ru,Москва,,2026-04-01,128326
c101508,Алиса Юдина,,+79934760592,user101508@example.ru,Екатеринбург,,2026-05-30,9890
c106749,Елена Сорокина,,+79521441744,user106749@example.ru,Санкт-Петербург,,2026-02-26,46617
c106712,Полина Ермакова,,+79133941661,user106712@example.ru,Новосибирск,,2026-02-11,154666
c102299,Ольга Юдина,,+79226494600,user102299@example.ru,Москва,,2026-03-07,124841
c106012,Елена Гордеева,,+79166868537,user106012@example.ru,Казань,,2026-07-14,147349
c103518,Игорь Зуев,,+79287332908,user103518@example.ru,Красноярск,,2026-01-31,84480
c101309,Егор Панин,,+79114782612,user101309@example.ru,Новосибирск,,2026-05-09,35804
c106772,Артур Юдин,,+79283319589,user106772@example.ru,Красноярск,,2026-06-19,109461
c100839,Ольга Ермакова,,+79184761889,user100839@example.ru,Казань,,2026-01-21,95761
c90090,,Анна Ковальчук,+7 (961) 858-94-35,user90090@example.ru,С.-Петербург,17.02.2024,,
c103520,,Елена Зуева,+7 (927) 113-14-54,user103520@example.ru,Красноярск,03.03.2024,,
c90825,,Павел Савельев,+7 (960) 894-60-12,user90825@example.ru,Красноярск,04.03.2026,,
c102744,Тимур Осипов,,+79940939155,user102744@example.ru,Санкт-Петербург,,2026-04-11,67299
c91947,,Мария Белых,+7 (966) 934-90-35,user91947@example.ru,Казань,07.01.2026,,
c91173,,Лидия Юдина,+7 (927) 408-57-56,user91173@example.ru,С.-Петербург,07.04.2024,,
c103025,Егор Лаптев,,+79384141456,user103025@example.ru,Екатеринбург,,2026-04-10,150859
c105732,Егор Тихонов,,+79613486613,user105732@example.ru,Новосибирск,,2026-07-24,100679
c104783,Максим Гордеев,,+79992111764,user104783@example.ru,Новосибирск,,2026-07-26,116375
c101577,Тимур Нестеров,,+79615853012,user101577@example.ru,Казань,,2026-08-06,29808
c104996,Наталья Лаптева,,+79272162648,user104996@example.ru,Новосибирск,,2026-04-24,52931
c106118,Полина Ермакова,,+79558874824,user106118@example.ru,Казань,,2026-05-31,179334
c103582,Анна Крылова,,+79852798749,user103582@example.ru,Екатеринбург,,2026-03-23,12500
c91933,,Анна Мешкова,+7 (946) 672-94-27,user91933@example.ru,Екатеринбург,24.03.2024,,
c92162,,Максим Гордеев,+7 (960) 174-72-28,user92162@example.ru,Москва,16.04.2025,,
c101060,Глеб Крылов,,+79736697066,user101060@example.ru,Казань,,2026-07-09,69473
c102820,Егор Осипов,,+79972077989,user102820@example.ru,Санкт-Петербург,,2026-06-29,72240
c105775,Егор Шилов,,+79628315077,user105775@example.ru,Санкт-Петербург,,2026-08-29,56899
c90525,,Денис Шилов,+7 (979) 896-77-51,user90525@example.ru,Москва,06.01.2026,,
c102938,,Алиса Савельева,+7 (920) 081-71-23,user102938@example.ru,Новосибирск,01.10.2025,,
c105105,Анна Тихонова,,+79122162632,user105105@example.ru,Казань,,2026-09-03,157551
c102232,Денис Панин,,+79505233687,user102232@example.ru,Санкт-Петербург,,2026-03-09,4271
c102757,Анна Лаптева,,+79708381303,user102757@example.ru,Санкт-Петербург,,2026-04-11,113220
c90319,,Денис Юдин,+7 (978) 194-10-91,user90319@example.ru,Красноярск,25.01.2026,,
c101972,Лидия Юдина,,+79727614452,user101972@example.ru,Екатеринбург,,2026-08-31,51314
c90105,,Глеб Зуев,+7 (912) 575-13-83,user90105@example.ru,Казань,11.05.2025,,
c91986,,Лидия Юдина,+7 (995) 705-60-12,user91986@example.ru,Екатеринбург,23.01.2026,,
c102855,Лидия Савельева,,+79416100294,user102855@example.ru,Санкт-Петербург,,2026-07-29,104628
c104580,Денис Панин,,+79731818110,user104580@example.ru,Екатеринбург,,2026-03-09,120892
c104547,Лидия Панина,,+79298246760,user104547@example.ru,Екатеринбург,,2026-04-08,71093
c103004,Павел Ковальчук,,+79318271707,user103004@example.ru,Санкт-Петербург,,2026-08-03,7193
c90714,,Анна Лаптева,+7 (975) 343-27-70,user90714@example.ru,С.-Петербург,28.09.2024,,
c104934,Алиса Шилова,,+79314034447,user104934@example.ru,Санкт-Петербург,,2026-03-22,151104
c91481,,Егор Нестеров,+7 (950) 839-41-82,user91481@example.ru,Екатеринбург,23.10.2024,,
c91287,,Вера Савельева,+7 (963) 659-18-98,user91287@example.ru,С.-Петербург,02.04.2025,,
c103125,Елена Нестерова,,+79620283534,user103125@example.ru,Москва,,2026-03-20,152743
c106721,Кирилл Сорокин,,+79450381475,user106721@example.ru,Москва,,2026-07-08,17793
c105749,Игорь Ермаков,,+79197890193,user105749@example.ru,Казань,,2026-07-16,153512
c92367,,Мария Зуева,+7 (944) 926-51-36,user92367@example.ru,Красноярск,08.10.2025,,
c100889,Мария Осипова,,+79481722557,user100889@example.ru,Москва,,2026-03-20,16923
c92302,,Егор Шилов,+7 (986) 055-65-52,user92302@example.ru,С.-Петербург,25.11.2025,,
c104479,Максим Юдин,,+79632227726,user104479@example.ru,Красноярск,,2026-03-28,105290
c104778,Павел Юдин,,+79311024218,user104778@example.ru,Москва,,2026-04-10,137520
c91081,,Елена Юдина,+7 (959) 754-90-39,user91081@example.ru,С.-Петербург,09.10.2024,,
c105300,,Елена Юдина,+7 (967) 992-45-06,user105300@example.ru,Екатеринбург,18.05.2025,,
c105561,Денис Шилов,,+79495761744,user105561@example.ru,Новосибирск,,2026-08-11,95184
c102213,Алиса Осипова,,+79460152087,user102213@example.ru,Санкт-Петербург,,2026-02-12,143310
c101592,Кирилл Зуев,,+79572595914,user101592@example.ru,Санкт-Петербург,,2026-01-29,11766
c105771,Юлия Панина,,+79582434747,user105771@example.ru,Москва,,2026-03-21,61626
c105274,Полина Сорокина,,+79977469766,user105274@example.ru,Красноярск,,2026-08-22,64491
c106241,Артур Мешков,,+79876927684,user106241@example.ru,Новосибирск,,2026-06-15,656
c106299,Артур Мешков,,+79156935646,user106299@example.ru,Новосибирск,,2026-06-01,97896
c104442,,Анна Осипова,+7 (912) 256-97-66,user104442@example.ru,Новосибирск,26.09.2024,,
c101492,Юлия Крылова,,+79623951855,user101492@example.ru,Новосибирск,,2026-07-16,42495
c103755,Кирилл Лаптев,,+79921537344,user103755@example.ru,Екатеринбург,,2026-06-25,169923
c91196,,Елена Нестерова,+7 (980) 083-35-11,user91196@example.ru,Красноярск,29.05.2026,,
c105075,Полина Ермакова,,+79495024299,user105075@example.ru,Новосибирск,,2026-09-11,159094
c100632,Максим Сорокин,,+79745447970,user100632@example.ru,Красноярск,,2026-04-12,78455
c102079,Максим Мешков,,+79808417575,user102079@example.ru,Санкт-Петербург,,2026-08-16,107242
c102899,Артур Белых,,+79873898448,user102899@example.ru,Красноярск,,2026-08-05,45176
c102853,Лидия Тихонова,,+79553416064,user102853@example.ru,Санкт-Петербург,,2026-06-25,141878
c102879,Глеб Юдин,,+79522278059,user102879@example.ru,Екатеринбург,,2026-08-06,150073
c106192,Игорь Мешков,,+79597297382,user106192@example.ru,Красноярск,,2026-01-07,167436
c103191,Павел Гордеев,,+79832604979,user103191@example.ru,Екатеринбург,,2026-03-29,120541
c101997,Егор Тихонов,,+79669266166,user101997@example.ru,Москва,,2026-01-16,135448
c102865,Полина Лаптева,,+79675334113,user102865@example.ru,Санкт-Петербург,,2026-08-24,167887
c90168,,Анна Панина,+7 (916) 165-07-94,user90168@example.ru,Красноярск,03.03.2026,,
c103629,Полина Гордеева,,+79207752820,user103629@example.ru,Красноярск,,2026-05-29,96933
c102773,,Анна Ковальчук,+7 (961) 377-96-22,user102773@example.ru,С.-Петербург,11.05.2025,,
c102719,Вера Панина,,+79840550526,user102719@example.ru,Красноярск,,2026-04-16,46280
c104943,Анна Гордеева,,+79128069043,user104943@example.ru,Санкт-Петербург,,2026-08-29,175880
c105494,Елена Шилова,,+79386985983,user105494@example.ru,Казань,,2026-07-10,60507
c102289,Лидия Шилова,,+79629620923,user102289@example.ru,Казань,,2026-06-12,105002
c102191,Вера Тихонова,,+79539868764,user102191@example.ru,Москва,,2026-01-25,123687
c106801,Игорь Осипов,,+79387645159,user106801@example.ru,Москва,,2026-07-12,117937
c100401,,Максим Юдин,+7 (923) 143-67-90,user100401@example.ru,Казань,30.06.2025,,
c106067,,Павел Мешков,+7 (996) 272-66-28,user106067@example.ru,Москва,30.05.2026,,
c90985,,Глеб Осипов,+7 (955) 105-98-91,user90985@example.ru,Екатеринбург,17.12.2025,,
c105379,Лидия Белых,,+79888778030,user105379@example.ru,Санкт-Петербург,,2026-06-23,153662
c101663,Лидия Ермакова,,+79938521662,user101663@example.ru,Новосибирск,,2026-05-24,94104
c104569,Полина Белых,,+79171242359,user104569@example.ru,Новосибирск,,2026-05-27,170633
c106591,Денис Савельев,,+79924218663,user106591@example.ru,Красноярск,,2026-08-17,47503
c106708,Вера Савельева,,+79698584682,user106708@example.ru,Санкт-Петербург,,2026-04-30,164496
c104476,Павел Крылов,,+79360530462,user104476@example.ru,Новосибирск,,2026-02-05,32800
c103699,Наталья Зуева,,+79979756209,user103699@example.ru,Казань,,2026-01-18,58351
c92319,,Максим Мешков,+7 (993) 107-71-79,user92319@example.ru,С.-Петербург,07.07.2024,,
c105839,Павел Савельев,,+79710646074,user105839@example.ru,Новосибирск,,2026-02-13,164214
c105252,,Ольга Нестерова,+7 (965) 633-11-47,user105252@example.ru,Казань,19.10.2024,,
c101568,Тимур Юдин,,+79418051751,user101568@example.ru,Санкт-Петербург,,2026-05-09,150455
c106850,Роман Юдин,,+79798377159,user106850@example.ru,Казань,,2026-07-11,100637
c105487,Глеб Тихонов,,+79316028060,user105487@example.ru,Екатеринбург,,2026-05-27,119858
c104023,Егор Гордеев,,+79843472371,user104023@example.ru,Красноярск,,2026-07-01,171390
c100092,Глеб Юдин,,+79642649090,user100092@example.ru,Красноярск,,2026-01-08,45364
c101843,,Мария Панина,+7 (981) 482-75-93,user101843@example.ru,Новосибирск,29.01.2025,,
c101675,Юлия Нестерова,,+79113360391,user101675@example.ru,Екатеринбург,,2026-06-12,168121
c106463,Алиса Тихонова,,+79775616778,user106463@example.ru,Красноярск,,2026-04-22,85759
c90647,,Глеб Зуев,+7 (951) 178-21-85,user90647@example.ru,Екатеринбург,27.05.2025,,
c101945,Егор Панин,,+79738450767,user101945@example.ru,Екатеринбург,,2026-01-20,128064
c101324,Наталья Ковальчук,,+79201649464,user101324@example.ru,Санкт-Петербург,,2026-08-11,104545
c101578,Роман Юдин,,+79837398877,user101578@example.ru,Казань,,2026-02-01,102557
c90614,,Анна Осипова,+7 (957) 718-96-76,user90614@example.ru,Красноярск,23.06.2026,,
c103613,Юлия Ковальчук,,+79384947384,user103613@example.ru,Казань,,2026-04-16,110826
c100805,Лидия Нестерова,,+79421728274,user100805@example.ru,Новосибирск,,2026-01-20,74500
c101263,,Мария Белых,+7 (910) 368-99-24,user101263@example.ru,Москва,17.11.2024,,
c91554,,Павел Савельев,+7 (914) 314-76-40,user91554@example.ru,Красноярск,26.03.2026,,
c100392,Мария Тихонова,,+79137642958,user100392@example.ru,Новосибирск,,2026-09-10,41652
c101140,Игорь Мешков,,+79618175454,user101140@example.ru,Новосибирск,,2026-01-17,22143
c105990,,Полина Савельева,+7 (916) 602-32-28,user105990@example.ru,Москва,25.01.2026,,
c106127,,Мария Юдина,+7 (930) 756-51-67,user106127@example.ru,Москва,29.09.2025,,
c102463,Кирилл Лаптев,,+79289309223,user102463@example.ru,Екатеринбург,,2026-06-06,149049
c100257,Наталья Лаптева,,+79757809724,user100257@example.ru,Москва,,2026-02-06,8586
c106663,Вера Крылова,,+79551332285,user106663@example.ru,Красноярск,,2026-05-23,162028
c106425,Роман Крылов,,+79899607720,user106425@example.ru,Екатеринбург,,2026-03-18,20348
c90402,,Ольга Сорокина,+7 (953) 048-65-24,user90402@example.ru,Новосибирск,14.04.2026,,
c106128,Полина Шилова,,+79491271329,user106128@example.ru,Санкт-Петербург,,2026-04-29,177380
c100338,Глеб Панин,,+79153037740,user100338@example.ru,Красноярск,,2026-08-17,31503
c105846,Анна Ермакова,,+79625846971,user105846@example.ru,Москва,,2026-07-10,111129
c105002,Егор Тихонов,,+79114538015,user105002@example.ru,Екатеринбург,,2026-02-16,140485
c90674,,Глеб Белых,+7 (975) 241-79-45,user90674@example.ru,Екатеринбург,29.12.2025,,
c104979,Наталья Ковальчук,,+79523651449,user104979@example.ru,Казань,,2026-09-01,72426
c104081,Артур Ермаков,,+79659132315,user104081@example.ru,Москва,,2026-01-18,26099
c91091,,Артур Тихонов,+7 (982) 314-18-79,user91091@example.ru,Екатеринбург,09.06.2025,,
c104446,Лидия Гордеева,,+79681868260,user104446@example.ru,Москва,,2026-07-07,72052
c105916,Ольга Белых,,+79250148094,user105916@example.ru,Красноярск,,2026-09-11,36140
c104591,Алиса Белых,,+79285274712,user104591@example.ru,Екатеринбург,,2026-04-04,13323
c100813,Наталья Ковальчук,,+79703019480,user100813@example.ru,Новосибирск,,2026-04-20,95963
c100862,Кирилл Гордеев,,+79940623090,user100862@example.ru,Красноярск,,2026-03-06,595
c105455,Артур Нестеров,,+79979923209,user105455@example.ru,Екатеринбург,,2026-04-30,27812
c106157,Роман Ковальчук,,+79127949485,user106157@example.ru,Красноярск,,2026-08-28,152877
c101268,Анна Савельева,,+79473530499,user101268@example.ru,Екатеринбург,,2026-07-11,99301
c106109,Анна Панина,,+79962379197,user106109@example.ru,Екатеринбург,,2026-04-30,18271
c91887,,Юлия Осипова,+7 (916) 132-93-40,user91887@example.ru,Казань,27.12.2024,,
c106277,Наталья Савельева,,+79546071092,user106277@example.ru,Санкт-Петербург,,2026-02-21,95133
c92410,,Артур Савельев,+7 (923) 644-54-13,user92410@example.ru,Екатеринбург,27.04.2025,,
c101374,Елена Крылова,,+79572981244,user101374@example.ru,Санкт-Петербург,,2026-09-03,92835
c105932,Полина Шилова,,+79700716300,user105932@example.ru,Москва,,2026-02-22,151020
c106885,,Елена Лаптева,+7 (956) 543-60-33,user106885@example.ru,Казань,27.08.2025,,
c102051,,Наталья Крылова,+7 (964) 270-94-08,user102051@example.ru,Красноярск,10.11.2024,,
c105276,,Юлия Юдина,+7 (979) 370-25-46,user105276@example.ru,Москва,20.02.2025,,
c100749,Роман Мешков,,+79807272968,user100749@example.ru,Казань,,2026-01-28,15191
c106343,Елена Савельева,,+79795081277,user106343@example.ru,Новосибирск,,2026-03-23,117979
c101960,Глеб Панин,,+79956631587,user101960@example.ru,Екатеринбург,,2026-06-09,18931
c106498,Тимур Сорокин,,+79534528232,user106498@example.ru,Казань,,2026-08-11,30257
c104175,Глеб Белых,,+79278371256,user104175@example.ru,Москва,,2026-01-27,148047
c102786,Тимур Зуев,,+79143686864,user102786@example.ru,Новосибирск,,2026-06-29,175413
c103053,Лидия Савельева,,+79926394086,user103053@example.ru,Казань,,2026-05-13,30088
c103128,Павел Савельев,,+79496163100,user103128@example.ru,Екатеринбург,,2026-08-20,44517
c90256,,Денис Осипов,+7 (949) 260-76-77,user90256@example.ru,Красноярск,06.08.2025,,
c90775,,Полина Ковальчук,+7 (995) 492-56-86,user90775@example.ru,Казань,05.06.2024,,
c103340,Максим Зуев,,+79344252399,user103340@example.ru,Красноярск,,2026-04-23,113722
c105371,Алиса Ковальчук,,+79869706413,user105371@example.ru,Казань,,2026-03-05,67411
c105954,Наталья Лаптева,,+79262657471,user105954@example.ru,Екатеринбург,,2026-06-20,161100
c90586,,Артур Тихонов,+7 (921) 210-54-35,user90586@example.ru,Казань,12.01.2026,,
c104914,Алиса Мешкова,,+79587310702,user104914@example.ru,Москва,,2026-05-31,10520
c92390,,Егор Юдин,+7 (962) 957-72-60,user92390@example.ru,Москва,19.11.2024,,
c103382,,Лидия Савельева,+7 (980) 954-34-12,user103382@example.ru,Казань,14.05.2026,,
c104690,Наталья Ермакова,,+79362449051,user104690@example.ru,Красноярск,,2026-05-19,157145
c100414,Игорь Зуев,,+79428158129,user100414@example.ru,Екатеринбург,,2026-02-20,156439
c105432,,Лидия Гордеева,+7 (954) 383-25-20,user105432@example.ru,Новосибирск,01.07.2024,,
c92440,,Ольга Гордеева,+7 (955) 858-78-38,user92440@example.ru,Казань,19.05.2026,,
c101095,Мария Гордеева,,+79899031975,user101095@example.ru,Казань,,2026-08-23,179797
c104387,,Вера Ермакова,+7 (947) 655-02-88,user104387@example.ru,Новосибирск,19.05.2026,,
c102588,Елена Панина,,+79998496499,user102588@example.ru,Новосибирск,,2026-02-15,39225
c92288,,Тимур Нестеров,+7 (918) 387-23-12,user92288@example.ru,Екатеринбург,24.05.2025,,
c104137,Павел Сорокин,,+79284715263,user104137@example.ru,Казань,,2026-06-25,32825
c105992,,Алиса Шилова,+7 (971) 346-49-18,user105992@example.ru,Красноярск,29.08.2025,,
c92448,,Павел Белых,+7 (925) 024-16-06,user92448@example.ru,Екатеринбург,09.10.2025,,
c105821,Игорь Осипов,,+79220166587,user105821@example.ru,Казань,,2026-02-22,106076
c92305,,Ольга Юдина,+7 (989) 483-33-16,user92305@example.ru,С.-Петербург,15.03.2025,,
c101753,Мария Ковальчук,,+79599794929,user101753@example.ru,Новосибирск,,2026-03-20,79334
c100199,Денис Зуев,,+79226286825,user100199@example.ru,Новосибирск,,2026-01-09,104420
c106263,Лидия Савельева,,+79108159694,user106263@example.ru,Новосибирск,,2026-07-02,156897
c106518,,Глеб Осипов,+7 (919) 946-94-76,user106518@example.ru,Новосибирск,23.01.2025,,
c102734,,Полина Савельева,+7 (959) 737-84-13,user102734@example.ru,Новосибирск,25.05.2026,,
c102924,Денис Зуев,,+79267033485,user102924@example.ru,Казань,,2026-08-07,1503
c92074,,Полина Тихонова,+7 (987) 447-75-02,user92074@example.ru,Новосибирск,03.07.2025,,
c105024,Наталья Юдина,,+79275526527,user105024@example.ru,Новосибирск,,2026-01-16,106650
c100142,,Лидия Гордеева,+7 (947) 584-14-89,user100142@example.ru,Красноярск,11.08.2024,,
c102399,Вера Савельева,,+79701137726,user102399@example.ru,Екатеринбург,,2026-04-05,109108
c90176,,Кирилл Осипов,+7 (933) 132-56-07,user90176@example.ru,Казань,04.04.2024,,
c91226,,Алиса Юдина,+7 (991) 766-09-17,user91226@example.ru,Казань,30.01.2026,,
c104701,Егор Шилов,,+79735919125,user104701@example.ru,Москва,,2026-08-22,144978
c90815,,Кирилл Осипов,+7 (967) 026-36-29,user90815@example.ru,Красноярск,03.10.2025,,
c100476,Юлия Юдина,,+79812941181,user100476@example.ru,Москва,,2026-02-20,6549
c90028,,Игорь Лаптев,+7 (996) 178-54-59,user90028@example.ru,Екатеринбург,19.06.2026,,
c104757,Полина Панина,,+79251884777,user104757@example.ru,Санкт-Петербург,,2026-04-18,134352
c104496,Юлия Юдина,,+79463713344,user104496@example.ru,Красноярск,,2026-09-11,112667
c104021,Алиса Панина,,+79879944332,user104021@example.ru,Москва,,2026-08-07,25147
c102249,Максим Ермаков,,+79450439133,user102249@example.ru,Казань,,2026-08-15,148133
c101393,Полина Савельева,,+79293815881,user101393@example.ru,Красноярск,,2026-01-08,1668
c105040,Кирилл Юдин,,+79538484000,user105040@example.ru,Москва,,2026-02-22,20045
c101898,Ольга Нестерова,,+79321403976,user101898@example.ru,Екатеринбург,,2026-03-26,107790
c105853,Глеб Савельев,,+79666874922,user105853@example.ru,Казань,,2026-06-17,42458
c105812,Юлия Мешкова,,+79543430470,user105812@example.ru,Новосибирск,,2026-03-14,156211
c101220,Игорь Шилов,,+79422509937,user101220@example.ru,Новосибирск,,2026-05-22,90942
c103634,Наталья Гордеева,,+79490925573,user103634@example.ru,Екатеринбург,,2026-03-06,152438
c91570,,Денис Нестеров,+7 (949) 291-77-24,user91570@example.ru,Москва,20.04.2026,,
c103885,Наталья Лаптева,,+79870092351,user103885@example.ru,Санкт-Петербург,,2026-05-31,41678
c106583,Юлия Нестерова,,+79150541816,user106583@example.ru,Москва,,2026-07-25,86304
c103631,Анна Юдина,,+79396523807,user103631@example.ru,Красноярск,,2026-05-12,78508
c101806,Игорь Лаптев,,+79760772172,user101806@example.ru,Новосибирск,,2026-07-13,14489
c104442,Павел Зуев,,+79950215002,user104442@example.ru,Москва,,2026-05-04,172308
c104092,Денис Ермаков,,+79976690685,user104092@example.ru,Санкт-Петербург,,2026-01-21,6555
c106531,Кирилл Нестеров,,+79438963842,user106531@example.ru,Красноярск,,2026-06-21,13192
c104354,Юлия Мешкова,,+79905304447,user104354@example.ru,Красноярск,,2026-07-11,112035
c106334,Наталья Юдина,,+79773391821,user106334@example.ru,Новосибирск,,2026-07-04,15658
c92014,,Максим Лаптев,+7 (931) 112-52-61,user92014@example.ru,Новосибирск,11.02.2024,,
c103082,Артур Сорокин,,+79414134051,user103082@example.ru,Красноярск,,2026-05-12,20244
c91885,,Игорь Юдин,+7 (981) 068-14-00,user91885@example.ru,Красноярск,01.05.2026,,
c104471,Глеб Нестеров,,+79728740577,user104471@example.ru,Новосибирск,,2026-05-25,23866
c104267,Егор Нестеров,,+79991008338,user104267@example.ru,Красноярск,,2026-01-14,108810
c105489,Юлия Лаптева,,+79402559364,user105489@example.ru,Санкт-Петербург,,2026-03-08,13311
c103050,Лидия Нестерова,,+79193116345,user103050@example.ru,Москва,,2026-08-19,107472
c90250,,Игорь Мешков,+7 (915) 545-79-61,user90250@example.ru,Красноярск,04.02.2024,,
c90064,,Егор Нестеров,+7 (955) 051-98-93,user90064@example.ru,Москва,10.06.2024,,
c104291,,Юлия Нестерова,+7 (917) 081-98-31,user104291@example.ru,Казань,14.05.2024,,
c100681,Денис Ковальчук,,+79123592303,user100681@example.ru,Санкт-Петербург,,2026-03-14,30784
c104480,Алиса Тихонова,,+79919179933,user104480@example.ru,Москва,,2026-06-28,2208
c104977,Анна Юдина,,+79782733661,user104977@example.ru,Москва,,2026-03-30,37876
c104235,Мария Савельева,,+79908713090,user104235@example.ru,Москва,,2026-04-22,14967
c90760,,Ольга Тихонова,+7 (985) 763-82-55,user90760@example.ru,С.-Петербург,19.03.2026,,
c90436,,Наталья Тихонова,+7 (929) 640-85-92,user90436@example.ru,С.-Петербург,09.05.2025,,
c90751,,Роман Панин,+7 (996) 024-67-56,user90751@example.ru,Екатеринбург,28.01.2026,,
c103014,Наталья Осипова,,+79968269945,user103014@example.ru,Екатеринбург,,2026-02-14,85416
c103671,Глеб Мешков,,+79896267719,user103671@example.ru,Казань,,2026-05-28,34608
c91526,,Мария Панина,+7 (969) 238-82-37,user91526@example.ru,Казань,11.04.2026,,
c101187,,Павел Нестеров,+7 (998) 221-60-66,user101187@example.ru,Москва,25.02.2026,,
c105372,Мария Лаптева,,+79396014920,user105372@example.ru,Санкт-Петербург,,2026-02-09,38241
c103280,,Наталья Осипова,+7 (917) 857-98-77,user103280@example.ru,С.-Петербург,22.09.2024,,
c100592,Артур Нестеров,,+79210891677,user100592@example.ru,Новосибирск,,2026-05-13,163408
c102566,Юлия Юдина,,+79223700797,user102566@example.ru,Казань,,2026-03-27,80333
c102372,,Мария Панина,+7 (914) 936-47-43,user102372@example.ru,Красноярск,19.08.2025,,
c103124,Лидия Зуева,,+79269216352,user103124@example.ru,Красноярск,,2026-08-25,115395
c105967,Игорь Мешков,,+79831410840,user105967@example.ru,Екатеринбург,,2026-01-17,114413
c105072,Ольга Ковальчук,,+79644782468,user105072@example.ru,Красноярск,,2026-08-10,33658
c105558,,Максим Панин,+7 (977) 399-79-81,user105558@example.ru,Екатеринбург,17.05.2026,,
c100386,Лидия Лаптева,,+79885874310,user100386@example.ru,Екатеринбург,,2026-05-28,37391
c90231,,Максим Гордеев,+7 (933) 607-24-18,user90231@example.ru,Красноярск,08.02.2026,,
c104790,Ольга Ковальчук,,+79377815094,user104790@example.ru,Санкт-Петербург,,2026-08-11,174358
c104397,,Алиса Ковальчук,+7 (941) 594-48-59,user104397@example.ru,Красноярск,30.01.2026,,
c104750,Полина Шилова,,+79211730330,user104750@example.ru,Екатеринбург,,2026-04-18,59274
c90060,,Денис Зуев,+7 (999) 535-12-72,user90060@example.ru,С.-Петербург,08.11.2024,,
c90412,,Роман Крылов,+7 (994) 721-13-92,user90412@example.ru,Казань,24.05.2026,,
c100992,Наталья Крылова,,+79969406906,user100992@example.ru,Новосибирск,,2026-06-16,177353
c100887,Полина Савельева,,+79129532870,user100887@example.ru,Екатеринбург,,2026-04-09,142732
c104936,Роман Осипов,,+79557384984,user104936@example.ru,Казань,,2026-02-08,67645
c103777,Алиса Тихонова,,+79669631935,user103777@example.ru,Новосибирск,,2026-09-08,26685
c101696,Ольга Мешкова,,+79833581526,user101696@example.ru,Красноярск,,2026-03-09,116276
c102802,Полина Осипова,,+79610213373,user102802@example.ru,Санкт-Петербург,,2026-08-31,103848
c106636,Артур Белых,,+79639621038,user106636@example.ru,Красноярск,,2026-07-17,46206
c106391,,Глеб Осипов,+7 (994) 745-37-68,user106391@example.ru,Красноярск,02.10.2024,,
c100956,Павел Савельев,,+79388212192,user100956@example.ru,Казань,,2026-08-03,175859
c104511,Юлия Осипова,,+79462062692,user104511@example.ru,Москва,,2026-08-09,153117
c92031,,Денис Сорокин,+7 (976) 713-91-24,user92031@example.ru,Красноярск,24.04.2024,,
c106847,Глеб Савельев,,+79827648542,user106847@example.ru,Санкт-Петербург,,2026-05-03,61851
c100107,Глеб Зуев,,+79528378745,user100107@example.ru,Екатеринбург,,2026-08-02,152222
c104376,Павел Ковальчук,,+79660169765,user104376@example.ru,Москва,,2026-02-10,50369
c101434,Лидия Юдина,,+79295936018,user101434@example.ru,Екатеринбург,,2026-03-21,116258
c103915,Анна Лаптева,,+79966132027,user103915@example.ru,Санкт-Петербург,,2026-06-08,23679
c106689,,Денис Тихонов,+7 (992) 911-13-93,user106689@example.ru,Казань,11.11.2025,,
c90153,,Наталья Тихонова,+7 (910) 053-25-99,user90153@example.ru,Красноярск,21.05.2025,,
c106140,Анна Ковальчук,,+79505611648,user106140@example.ru,Санкт-Петербург,,2026-04-18,97804
c101225,Алиса Сорокина,,+79314711347,user101225@example.ru,Красноярск,,2026-08-18,162783
c101262,Глеб Гордеев,,+79611375913,user101262@example.ru,Екатеринбург,,2026-07-30,143180
c101325,Тимур Белых,,+79987142888,user101325@example.ru,Красноярск,,2026-03-31,47784
c105413,Лидия Нестерова,,+79884377762,user105413@example.ru,Екатеринбург,,2026-06-01,68263
c102451,Роман Ермаков,,+79267138798,user102451@example.ru,Санкт-Петербург,,2026-07-21,167089
c90546,,Елена Шилова,+7 (929) 575-86-61,user90546@example.ru,Красноярск,17.04.2025,,
c105067,,Кирилл Ермаков,+7 (975) 511-12-94,user105067@example.ru,Екатеринбург,18.05.2025,,
c103068,,Ольга Сорокина,+7 (983) 985-90-65,user103068@example.ru,Екатеринбург,24.01.2024,,
c104857,Егор Ковальчук,,+79320256256,user104857@example.ru,Новосибирск,,2026-08-10,55128
c100801,Наталья Шилова,,+79986879909,user100801@example.ru,Казань,,2026-08-14,55158
c100878,Павел Зуев,,+79122173218,user100878@example.ru,Екатеринбург,,2026-08-11,63437
c100083,Наталья Шилова,,+79721620722,user100083@example.ru,Санкт-Петербург,,2026-06-05,169105
c106626,,Мария Мешкова,+7 (918) 081-23-21,user106626@example.ru,Красноярск,17.02.2026,,
c104145,,Тимур Крылов,+7 (937) 836-04-57,user104145@example.ru,Екатеринбург,14.02.2025,,
c104144,Вера Савельева,,+79614095307,user104144@example.ru,Екатеринбург,,2026-07-30,163278
c90346,,Денис Белых,+7 (993) 032-83-29,user90346@example.ru,Красноярск,21.03.2026,,
c106269,Артур Савельев,,+79224363892,user106269@example.ru,Екатеринбург,,2026-09-01,12796
c105091,Павел Гордеев,,+79739429444,user105091@example.ru,Казань,,2026-06-18,62827
c90179,,Полина Мешкова,+7 (921) 912-15-64,user90179@example.ru,Москва,20.08.2024,,
c91545,,Мария Мешкова,+7 (976) 205-24-97,user91545@example.ru,Москва,13.05.2024,,
c105985,Мария Ермакова,,+79411852405,user105985@example.ru,Новосибирск,,2026-03-27,8797
c90035,,Алиса Белых,+7 (993) 274-42-61,user90035@example.ru,Екатеринбург,25.12.2024,,
c91518,,Алиса Зуева,+7 (987) 182-15-29,user91518@example.ru,Красноярск,21.08.2025,,
c104113,Наталья Мешкова,,+79558358593,user104113@example.ru,Новосибирск,,2026-01-22,139975
c104178,Юлия Белых,,+79555198080,user104178@example.ru,Санкт-Петербург,,2026-01-21,105394
c100571,Игорь Ермаков,,+79501129150,user100571@example.ru,Казань,,2026-02-03,68243
c102206,,Роман Тихонов,+7 (975) 685-71-33,user102206@example.ru,Новосибирск,03.12.2024,,
c101624,Алиса Мешкова,,+79389903931,user101624@example.ru,Москва,,2026-07-08,75681
c103692,Кирилл Ковальчук,,+79130078158,user103692@example.ru,Новосибирск,,2026-01-18,171148
c106301,Тимур Юдин,,+79653003872,user106301@example.ru,Красноярск,,2026-06-19,131949
c91467,,Елена Тихонова,+7 (941) 517-48-88,user91467@example.ru,Москва,27.04.2026,,
c106309,Юлия Зуева,,+79498648257,user106309@example.ru,Москва,,2026-07-27,176945
c105277,Роман Тихонов,,+79976446403,user105277@example.ru,Екатеринбург,,2026-08-06,19447
c106759,Максим Сорокин,,+79584104428,user106759@example.ru,Екатеринбург,,2026-05-16,88471
c101939,Павел Лаптев,,+79346442423,user101939@example.ru,Екатеринбург,,2026-09-06,160966
c103782,Алиса Ермакова,,+79619959796,user103782@example.ru,Москва,,2026-06-01,148407
c91672,,Артур Лаптев,+7 (916) 393-10-64,user91672@example.ru,Екатеринбург,15.04.2026,,
c90170,,Елена Гордеева,+7 (992) 786-85-05,user90170@example.ru,С.-Петербург,21.09.2025,,
c105984,,Вера Сорокина,+7 (917) 561-51-27,user105984@example.ru,Новосибирск,19.06.2025,,
c101455,Елена Панина,,+79706280662,user101455@example.ru,Новосибирск,,2026-02-14,37187
c106415,,Павел Зуев,+7 (991) 365-88-40,user106415@example.ru,Новосибирск,27.12.2024,,
c91273,,Глеб Савельев,+7 (975) 506-02-58,user91273@example.ru,Казань,19.12.2025,,
c105584,Елена Зуева,,+79783979478,user105584@example.ru,Санкт-Петербург,,2026-04-02,139835
c100870,Полина Савельева,,+79833766697,user100870@example.ru,Екатеринбург,,2026-03-10,174219
c103183,Игорь Мешков,,+79313180618,user103183@example.ru,Екатеринбург,,2026-06-11,112431
c101648,Мария Тихонова,,+79142998571,user101648@example.ru,Казань,,2026-08-05,132357
c104867,Денис Осипов,,+79610697853,user104867@example.ru,Казань,,2026-01-21,3826
c106740,Егор Ковальчук,,+79374420830,user106740@example.ru,Новосибирск,,2026-01-17,138694
c106051,Павел Нестеров,,+79515238717,user106051@example.ru,Новосибирск,,2026-01-14,9603
c103593,,Наталья Ермакова,+7 (988) 302-96-90,user103593@example.ru,С.-Петербург,24.05.2025,,
c104250,Ольга Белых,,+79797819570,user104250@example.ru,Екатеринбург,,2026-08-28,62137
c101822,,Роман Осипов,+7 (928) 150-29-21,user101822@example.ru,Красноярск,11.01.2025,,
c92189,,Мария Гордеева,+7 (975) 032-55-77,user92189@example.ru,Екатеринбург,06.03.2025,,
c104282,Роман Гордеев,,+79251091950,user104282@example.ru,Москва,,2026-08-26,71689
c90875,,Артур Гордеев,+7 (977) 582-05-60,user90875@example.ru,Екатеринбург,17.09.2025,,
c102367,Алиса Белых,,+79666984934,user102367@example.ru,Екатеринбург,,2026-03-02,51528
c106566,Артур Юдин,,+79410813499,user106566@example.ru,Москва,,2026-07-27,48364
c104584,Полина Зуева,,+79796594953,user104584@example.ru,Санкт-Петербург,,2026-01-18,89412
c100174,Артур Нестеров,,+79457204531,user100174@example.ru,Казань,,2026-08-13,138918
c91054,,Вера Шилова,+7 (960) 283-74-91,user91054@example.ru,Казань,02.01.2025,,
c106181,Роман Тихонов,,+79661527570,user106181@example.ru,Новосибирск,,2026-01-31,159242
c100015,Максим Гордеев,,+79320459624,user100015@example.ru,Екатеринбург,,2026-09-10,72596
c105141,Полина Нестерова,,+79419371139,user105141@example.ru,Красноярск,,2026-04-25,43973
c91644,,Денис Крылов,+7 (962) 413-56-36,user91644@example.ru,Новосибирск,08.02.2026,,
c92262,,Денис Тихонов,+7 (982) 908-73-03,user92262@example.ru,С.-Петербург,25.02.2024,,
c102483,Полина Белых,,+79715245336,user102483@example.ru,Красноярск,,2026-02-22,63686
c106509,Егор Нестеров,,+79259155248,user106509@example.ru,Казань,,2026-08-21,170593
c103297,Егор Лаптев,,+79368451090,user103297@example.ru,Казань,,2026-04-16,45645
c102390,Алиса Сорокина,,+79962472867,user102390@example.ru,Москва,,2026-01-23,176193
c103588,Роман Савельев,,+79409970931,user103588@example.ru,Москва,,2026-02-18,89337
c105460,,Тимур Ковальчук,+7 (931) 600-11-69,user105460@example.ru,Красноярск,15.04.2026,,
c100632,,Анна Гордеева,+7 (930) 220-47-34,user100632@example.ru,Красноярск,10.05.2026,,
c100278,Тимур Ковальчук,,+79292588329,user100278@example.ru,Новосибирск,,2026-06-12,57536
c92000,,Максим Гордеев,+7 (937) 573-65-89,user92000@example.ru,Екатеринбург,12.03.2024,,
c106085,Алиса Нестерова,,+79529337297,user106085@example.ru,Красноярск,,2026-06-19,6038
c102017,,Ольга Сорокина,+7 (946) 414-18-48,user102017@example.ru,Новосибирск,15.03.2025,,
c102784,Кирилл Панин,,+79781346208,user102784@example.ru,Новосибирск,,2026-02-23,5146
c100184,Кирилл Ковальчук,,+79982167885,user100184@example.ru,Казань,,2026-08-19,149194
c103914,Анна Лаптева,,+79173439452,user103914@example.ru,Казань,,2026-07-29,10236
c104872,Егор Шилов,,+79933370607,user104872@example.ru,Новосибирск,,2026-08-03,143421
c106305,Павел Юдин,,+79740361599,user106305@example.ru,Екатеринбург,,2026-03-28,59497
c100172,Егор Зуев,,+79745416178,user100172@example.ru,Красноярск,,2026-03-26,92193
c104835,Павел Крылов,,+79175845256,user104835@example.ru,Москва,,2026-07-08,26127
c104797,Лидия Лаптева,,+79146875479,user104797@example.ru,Екатеринбург,,2026-01-18,55945
c106879,Денис Савельев,,+79239095131,user106879@example.ru,Казань,,2026-06-30,145704
c106639,Наталья Тихонова,,+79618959996,user106639@example.ru,Екатеринбург,,2026-04-27,26452
c104268,Ольга Мешкова,,+79856968136,user104268@example.ru,Санкт-Петербург,,2026-04-11,13612
c91191,,Денис Лаптев,+7 (987) 365-98-38,user91191@example.ru,С.-Петербург,26.11.2024,,
c101951,Егор Зуев,,+79808522552,user101951@example.ru,Красноярск,,2026-06-12,21835
c90145,,Тимур Нестеров,+7 (930) 788-23-36,user90145@example.ru,Красноярск,19.05.2026,,
c104375,,Полина Осипова,+7 (917) 017-14-50,user104375@example.ru,Екатеринбург,23.02.2024,,
c105090,Тимур Шилов,,+79805256375,user105090@example.ru,Красноярск,,2026-03-06,59563
c90201,,Ольга Белых,+7 (975) 725-27-40,user90201@example.ru,С.-Петербург,07.02.2024,,
c100639,Елена Нестерова,,+79926881844,user100639@example.ru,Казань,,2026-01-14,53449
c92057,,Юлия Гордеева,+7 (914) 343-54-43,user92057@example.ru,Москва,02.08.2025,,
c104621,Роман Лаптев,,+79915798499,user104621@example.ru,Красноярск,,2026-09-04,168375
c104120,Егор Осипов,,+79116813665,user104120@example.ru,Санкт-Петербург,,2026-04-16,3669
c101697,Глеб Савельев,,+79113833153,user101697@example.ru,Екатеринбург,,2026-07-03,55980
c91559,,Алиса Мешкова,+7 (929) 590-34-23,user91559@example.ru,Новосибирск,18.12.2025,,
c103353,Юлия Крылова,,+79516479920,user103353@example.ru,Красноярск,,2026-05-27,166697
c91159,,Анна Лаптева,+7 (995) 234-43-57,user91159@example.ru,С.-Петербург,10.08.2024,,
c102374,Егор Лаптев,,+79190180645,user102374@example.ru,Казань,,2026-08-03,19231
c100505,Павел Осипов,,+79581419454,user100505@example.ru,Красноярск,,2026-06-29,177170
c92099,,Денис Юдин,+7 (969) 389-06-00,user92099@example.ru,Красноярск,24.07.2024,,
c105504,Павел Панин,,+79201575179,user105504@example.ru,Красноярск,,2026-08-19,76336
c91898,,Полина Крылова,+7 (970) 933-80-85,user91898@example.ru,Екатеринбург,30.09.2025,,
c106831,Анна Савельева,,+79311258082,user106831@example.ru,Москва,,2026-05-29,89179
c100766,Юлия Лаптева,,+79301798904,user100766@example.ru,Екатеринбург,,2026-01-31,19415
c104008,Кирилл Нестеров,,+79271071580,user104008@example.ru,Екатеринбург,,2026-06-18,143164
c92230,,Полина Ермакова,+7 (975) 540-75-21,user92230@example.ru,С.-Петербург,21.08.2025,,
c102877,Егор Гордеев,,+79915779011,user102877@example.ru,Москва,,2026-02-23,65125
c100686,Мария Осипова,,+79139675702,user100686@example.ru,Новосибирск,,2026-04-24,17135
c104200,Павел Тихонов,,+79264085054,user104200@example.ru,Екатеринбург,,2026-08-15,162315
c100466,Полина Мешкова,,+79185181167,user100466@example.ru,Москва,,2026-05-09,41529
c90922,,Юлия Гордеева,+7 (999) 993-11-33,user90922@example.ru,Москва,24.07.2025,,
c91952,,Алиса Гордеева,+7 (912) 534-78-70,user91952@example.ru,Казань,21.02.2026,,
c103967,Алиса Савельева,,+79975651492,user103967@example.ru,Екатеринбург,,2026-03-18,76250
c103359,Вера Тихонова,,+79281041437,user103359@example.ru,Москва,,2026-04-07,135071
c103558,Тимур Юдин,,+79189872182,user103558@example.ru,Москва,,2026-03-11,129519
c103214,Полина Ковальчук,,+79597554857,user103214@example.ru,Екатеринбург,,2026-05-31,47024
c103545,Артур Ковальчук,,+79517455020,user103545@example.ru,Екатеринбург,,2026-08-30,174223
c104514,,Роман Сорокин,+7 (911) 419-78-12,user104514@example.ru,Екатеринбург,14.04.2025,,
c102861,Артур Нестеров,,+79263258628,user102861@example.ru,Новосибирск,,2026-06-06,34318
c90701,,Глеб Савельев,+7 (978) 778-14-06,user90701@example.ru,Новосибирск,27.01.2024,,
c102598,Павел Крылов,,+79324086066,user102598@example.ru,Екатеринбург,,2026-05-03,78570
c104553,Тимур Сорокин,,+79652388772,user104553@example.ru,Красноярск,,2026-02-23,64772
c105278,Максим Юдин,,+79814116602,user105278@example.ru,Казань,,2026-05-27,50789
c104381,Елена Зуева,,+79625036653,user104381@example.ru,Новосибирск,,2026-08-11,137676
c101871,,Полина Панина,+7 (961) 335-24-54,user101871@example.ru,С.-Петербург,26.09.2025,,
c90421,,Кирилл Ермаков,+7 (946) 600-93-28,user90421@example.ru,Новосибирск,14.10.2024,,
c92400,,Егор Савельев,+7 (923) 474-77-61,user92400@example.ru,С.-Петербург,15.06.2024,,
c90451,,Егор Лаптев,+7 (929) 105-65-77,user90451@example.ru,Новосибирск,26.06.2025,,
c105895,Денис Савельев,,+79503498954,user105895@example.ru,Санкт-Петербург,,2026-04-19,4360
c102579,Максим Зуев,,+79850919506,user102579@example.ru,Красноярск,,2026-02-23,139321
c101064,Роман Сорокин,,+79332380590,user101064@example.ru,Новосибирск,,2026-06-16,65482
c101834,Алиса Нестерова,,+79283136187,user101834@example.ru,Санкт-Петербург,,2026-01-24,163854
c103197,,Алиса Белых,+7 (969) 554-49-40,user103197@example.ru,Новосибирск,06.10.2024,,
c103492,Денис Ермаков,,+79439028409,user103492@example.ru,Санкт-Петербург,,2026-05-19,101713
c104577,,Егор Гордеев,+7 (989) 414-85-57,user104577@example.ru,Казань,21.01.2026,,
c101792,Павел Зуев,,+79807784382,user101792@example.ru,Красноярск,,2026-04-14,118266
c104192,Полина Лаптева,,+79350272431,user104192@example.ru,Екатеринбург,,2026-04-08,178833
c105667,Полина Шилова,,+79247274073,user105667@example.ru,Новосибирск,,2026-08-04,179243
c101363,Анна Савельева,,+79846716758,user101363@example.ru,Красноярск,,2026-03-28,14287
c90386,,Кирилл Нестеров,+7 (961) 201-63-32,user90386@example.ru,Казань,03.03.2024,,
c91335,,Полина Шилова,+7 (919) 394-05-40,user91335@example.ru,Красноярск,18.03.2025,,
c91426,,Наталья Белых,+7 (949) 794-08-27,user91426@example.ru,Екатеринбург,06.06.2026,,
c91095,,Кирилл Нестеров,+7 (982) 187-54-92,user91095@example.ru,Казань,05.08.2024,,
c90648,,Егор Панин,+7 (922) 062-14-60,user90648@example.ru,Красноярск,05.09.2025,,
c101388,Анна Панина,,+79526032169,user101388@example.ru,Екатеринбург,,2026-08-31,87295
c101860,,Елена Сорокина,+7 (922) 040-28-19,user101860@example.ru,Красноярск,06.03.2024,,
c91961,,Лидия Осипова,+7 (983) 961-45-00,user91961@example.ru,Москва,05.03.2026,,
c100055,Вера Шилова,,+79683559990,user100055@example.ru,Москва,,2026-07-19,15377
c103318,Юлия Осипова,,+79483911023,user103318@example.ru,Москва,,2026-05-22,103489
c103252,Полина Ковальчук,,+79102755528,user103252@example.ru,Красноярск,,2026-04-10,111401
c103569,Роман Лаптев,,+79104464382,user103569@example.ru,Красноярск,,2026-02-17,26925
c90579,,Ольга Крылова,+7 (977) 443-05-10,user90579@example.ru,Казань,17.08.2025,,
c105602,Алиса Панина,,+79853329766,user105602@example.ru,Москва,,2026-06-24,127421
c106356,Роман Сорокин,,+79407829947,user106356@example.ru,Новосибирск,,2026-07-22,31547
c92414,,Тимур Сорокин,+7 (916) 345-20-00,user92414@example.ru,С.-Петербург,30.01.2024,,
c100351,,Алиса Ковальчук,+7 (966) 377-70-27,user100351@example.ru,С.-Петербург,26.03.2025,,
c101516,,Мария Панина,+7 (946) 412-44-31,user101516@example.ru,Красноярск,01.03.2026,,
c101096,Тимур Лаптев,,+79720831261,user101096@example.ru,Санкт-Петербург,,2026-05-12,67217
c104313,,Вера Шилова,+7 (913) 211-43-45,user104313@example.ru,Казань,21.01.2024,,
c104889,Павел Юдин,,+79850206630,user104889@example.ru,Красноярск,,2026-03-23,66987
c104707,Лидия Мешкова,,+79811310497,user104707@example.ru,Казань,,2026-02-22,23563
c90444,,Максим Сорокин,+7 (963) 238-95-41,user90444@example.ru,Казань,31.01.2024,,
c100451,,Елена Нестерова,+7 (984) 082-05-67,user100451@example.ru,Москва,15.08.2025,,
c106054,Анна Панина,,+79353706961,user106054@example.ru,Новосибирск,,2026-01-11,139013
c101161,Максим Савельев,,+79179789983,user101161@example.ru,Санкт-Петербург,,2026-06-28,109342
c92466,,Ольга Сорокина,+7 (987) 367-33-71,user92466@example.ru,Новосибирск,01.08.2024,,
c90396,,Роман Ковальчук,+7 (974) 997-48-92,user90396@example.ru,Красноярск,01.05.2025,,
c104607,Полина Зуева,,+79295103284,user104607@example.ru,Санкт-Петербург,,2026-02-25,171081
c91731,,Артур Зуев,+7 (941) 207-38-10,user91731@example.ru,С.-Петербург,05.09.2025,,
c104749,Юлия Осипова,,+79756751153,user104749@example.ru,Екатеринбург,,2026-07-03,152221
c91255,,Полина Тихонова,+7 (961) 468-50-08,user91255@example.ru,Новосибирск,09.05.2025,,
c104850,,Вера Белых,+7 (980) 002-08-44,user104850@example.ru,С.-Петербург,05.10.2024,,
c101402,Егор Шилов,,+79882724001,user101402@example.ru,Казань,,2026-03-02,78314
c91046,,Егор Юдин,+7 (940) 684-30-95,user91046@example.ru,С.-Петербург,14.04.2025,,
c105778,Максим Осипов,,+79606719014,user105778@example.ru,Екатеринбург,,2026-02-04,120631
c102854,Елена Шилова,,+79198306224,user102854@example.ru,Москва,,2026-07-27,168436
c102682,Юлия Белых,,+79880668342,user102682@example.ru,Казань,,2026-08-31,51098
c106433,Анна Белых,,+79415210530,user106433@example.ru,Новосибирск,,2026-06-21,19390
c90275,,Денис Мешков,+7 (963) 428-07-00,user90275@example.ru,Москва,13.05.2024,,
c91413,,Роман Крылов,+7 (980) 824-60-20,user91413@example.ru,Новосибирск,14.04.2024,,
c103623,Юлия Ермакова,,+79579604315,user103623@example.ru,Екатеринбург,,2026-07-29,18980
c103944,Егор Сорокин,,+79164212363,user103944@example.ru,Москва,,2026-02-05,141693
c100676,,Денис Гордеев,+7 (943) 834-12-52,user100676@example.ru,Новосибирск,31.03.2026,,
c104187,Павел Шилов,,+79420496539,user104187@example.ru,Казань,,2026-08-18,81930
c92478,,Павел Сорокин,+7 (959) 209-81-03,user92478@example.ru,Москва,11.04.2024,,
c106356,,Глеб Панин,+7 (986) 664-09-85,user106356@example.ru,Казань,26.03.2026,,
c104818,Денис Лаптев,,+79636198369,user104818@example.ru,Екатеринбург,,2026-06-22,144514
c102866,Полина Шилова,,+79170144417,user102866@example.ru,Москва,,2026-07-19,127449
c90789,,Павел Нестеров,+7 (922) 428-77-62,user90789@example.ru,Новосибирск,27.05.2025,,
c103303,Игорь Панин,,+79890506328,user103303@example.ru,Санкт-Петербург,,2026-06-18,14329
c91037,,Игорь Гордеев,+7 (950) 410-34-46,user91037@example.ru,С.-Петербург,11.12.2024,,
c90138,,Артур Осипов,+7 (910) 989-45-45,user90138@example.ru,Новосибирск,12.09.2025,,
c100884,Артур Савельев,,+79783445847,user100884@example.ru,Казань,,2026-03-05,98185
c102593,Юлия Лаптева,,+79768030900,user102593@example.ru,Москва,,2026-02-17,39256
c104533,Игорь Осипов,,+79427412056,user104533@example.ru,Новосибирск,,2026-07-31,39587
c100943,,Алиса Гордеева,+7 (945) 539-77-67,user100943@example.ru,Новосибирск,28.10.2025,,
c102581,,Максим Сорокин,+7 (936) 388-58-69,user102581@example.ru,Екатеринбург,12.10.2025,,
c100864,,Тимур Гордеев,+7 (982) 009-63-87,user100864@example.ru,Красноярск,30.08.2025,,
c100313,Лидия Тихонова,,+79835696099,user100313@example.ru,Новосибирск,,2026-06-21,166974
c102567,Лидия Ермакова,,+79939718019,user102567@example.ru,Новосибирск,,2026-02-17,45860
c90971,,Елена Мешкова,+7 (941) 090-07-36,user90971@example.ru,С.-Петербург,16.04.2026,,
c105744,Глеб Белых,,+79219803688,user105744@example.ru,Санкт-Петербург,,2026-05-09,10143
c106753,Роман Лаптев,,+79868347226,user106753@example.ru,Санкт-Петербург,,2026-04-21,100770
c100331,Кирилл Нестеров,,+79470768852,user100331@example.ru,Новосибирск,,2026-04-24,69926
c103723,Тимур Панин,,+79107264633,user103723@example.ru,Красноярск,,2026-07-05,93340
c103837,Глеб Мешков,,+79533401380,user103837@example.ru,Санкт-Петербург,,2026-08-10,977
c104175,,Артур Мешков,+7 (983) 889-30-61,user104175@example.ru,Новосибирск,04.10.2024,,
c101591,Кирилл Панин,,+79195479858,user101591@example.ru,Москва,,2026-01-18,37872
c90086,,Анна Гордеева,+7 (992) 162-22-51,user90086@example.ru,С.-Петербург,20.08.2024,,
c101172,Денис Лаптев,,+79503650794,user101172@example.ru,Москва,,2026-06-29,125337
c106507,Игорь Юдин,,+79744926182,user106507@example.ru,Казань,,2026-03-29,58009
c105903,Павел Тихонов,,+79917957613,user105903@example.ru,Санкт-Петербург,,2026-04-20,56877
c91479,,Анна Юдина,+7 (929) 550-37-71,user91479@example.ru,Новосибирск,28.12.2024,,
c101276,Кирилл Мешков,,+79190495702,user101276@example.ru,Екатеринбург,,2026-04-09,72537
c101622,Наталья Белых,,+79145939956,user101622@example.ru,Красноярск,,2026-06-12,6763
c101890,Вера Нестерова,,+79408556619,user101890@example.ru,Екатеринбург,,2026-01-23,154083
c90820,,Павел Крылов,+7 (946) 267-81-65,user90820@example.ru,Новосибирск,15.11.2024,,
c102444,Вера Ермакова,,+79824269972,user102444@example.ru,Красноярск,,2026-09-05,116889
c105016,Кирилл Савельев,,+79508155523,user105016@example.ru,Новосибирск,,2026-04-28,121807
c104140,Кирилл Нестеров,,+79180142611,user104140@example.ru,Казань,,2026-07-02,1948
c104618,,Тимур Сорокин,+7 (992) 242-48-28,user104618@example.ru,Екатеринбург,11.12.2025,,
c104469,Мария Зуева,,+79361096112,user104469@example.ru,Москва,,2026-02-16,178221
c106582,Вера Юдина,,+79729206450,user106582@example.ru,Москва,,2026-01-20,31657
c104382,Вера Зуева,,+79959454800,user104382@example.ru,Екатеринбург,,2026-09-07,126592
c100874,Павел Ковальчук,,+79552622484,user100874@example.ru,Казань,,2026-02-02,114125
c104405,Егор Юдин,,+79819778165,user104405@example.ru,Санкт-Петербург,,2026-02-08,114353
c91021,,Наталья Сорокина,+7 (914) 445-62-68,user91021@example.ru,Москва,10.11.2025,,
c106326,Ольга Ермакова,,+79609097685,user106326@example.ru,Новосибирск,,2026-09-01,164152
c103643,Лидия Нестерова,,+79935289245,user103643@example.ru,Москва,,2026-05-03,166294
c106769,Полина Гордеева,,+79628037808,user106769@example.ru,Санкт-Петербург,,2026-03-16,39560
c101013,Егор Крылов,,+79780992256,user101013@example.ru,Москва,,2026-03-04,54119
c100942,,Елена Панина,+7 (934) 323-23-02,user100942@example.ru,С.-Петербург,17.01.2026,,
c91223,,Наталья Белых,+7 (958) 161-12-78,user91223@example.ru,Екатеринбург,18.09.2024,,
c101281,Ольга Ермакова,,+79253117547,user101281@example.ru,Санкт-Петербург,,2026-01-04,179689
c90159,,Артур Зуев,+7 (962) 909-95-95,user90159@example.ru,Новосибирск,15.10.2024,,
c104288,Елена Крылова,,+79630454416,user104288@example.ru,Новосибирск,,2026-08-04,46476
c106151,Егор Тихонов,,+79608404213,user106151@example.ru,Екатеринбург,,2026-05-12,162633
c100052,Наталья Ковальчук,,+79383222227,user100052@example.ru,Казань,,2026-04-28,158062
c104002,Тимур Белых,,+79311198864,user104002@example.ru,Москва,,2026-03-31,104621
c102345,Мария Лаптева,,+79581108993,user102345@example.ru,Казань,,2026-02-12,141163
c91974,,Анна Панина,+7 (940) 507-44-24,user91974@example.ru,Екатеринбург,04.11.2025,,
c106015,Полина Крылова,,+79601043174,user106015@example.ru,Казань,,2026-01-06,26494
c105321,Полина Нестерова,,+79832108559,user105321@example.ru,Москва,,2026-03-15,139658
c91453,,Денис Шилов,+7 (942) 155-67-91,user91453@example.ru,С.-Петербург,11.10.2024,,
c104709,,Игорь Савельев,+7 (998) 695-58-61,user104709@example.ru,С.-Петербург,14.09.2024,,
c101684,Вера Гордеева,,+79546270108,user101684@example.ru,Санкт-Петербург,,2026-04-02,16164
c91673,,Денис Мешков,+7 (921) 421-27-03,user91673@example.ru,Москва,24.12.2025,,
c100455,Алиса Савельева,,+79963103882,user100455@example.ru,Новосибирск,,2026-01-06,169064
c105174,Мария Осипова,,+79150992024,user105174@example.ru,Екатеринбург,,2026-09-03,118749
c102447,Глеб Панин,,+79311407077,user102447@example.ru,Казань,,2026-01-12,174620
c90103,,Юлия Осипова,+7 (921) 744-99-26,user90103@example.ru,Казань,30.09.2024,,
c106306,Артур Осипов,,+79424874291,user106306@example.ru,Екатеринбург,,2026-09-02,122217
c105986,Ольга Гордеева,,+79143673695,user105986@example.ru,Санкт-Петербург,,2026-01-15,39596
c102823,Глеб Белых,,+79157339842,user102823@example.ru,Екатеринбург,,2026-07-11,179280
c104039,Мария Белых,,+79561402825,user104039@example.ru,Казань,,2026-06-24,66760
c100186,Кирилл Ковальчук,,+79876419767,user100186@example.ru,Новосибирск,,2026-01-12,77716
c102130,Кирилл Ковальчук,,+79703250792,user102130@example.ru,Екатеринбург,,2026-05-02,85964
c91375,,Денис Тихонов,+7 (947) 457-53-10,user91375@example.ru,Казань,08.04.2024,,
c106115,Игорь Нестеров,,+79645936650,user106115@example.ru,Казань,,2026-06-26,114071
c101637,Кирилл Лаптев,,+79543418835,user101637@example.ru,Красноярск,,2026-09-08,73238
c104431,Мария Ковальчук,,+79452030052,user104431@example.ru,Красноярск,,2026-08-14,13567
c101861,Полина Лаптева,,+79476307738,user101861@example.ru,Красноярск,,2026-08-10,178466
c100976,Егор Шилов,,+79578861234,user100976@example.ru,Санкт-Петербург,,2026-08-19,178511
c103540,Алиса Мешкова,,+79505862372,user103540@example.ru,Красноярск,,2026-06-08,56143
c104073,Полина Гордеева,,+79776388347,user104073@example.ru,Красноярск,,2026-01-08,11780
c105111,Кирилл Юдин,,+79839097996,user105111@example.ru,Санкт-Петербург,,2026-04-23,27509
c105557,Полина Ермакова,,+79572835349,user105557@example.ru,Санкт-Петербург,,2026-06-19,113656
c105115,Артур Панин,,+79497094503,user105115@example.ru,Красноярск,,2026-01-20,107902
c104668,,Анна Крылова,+7 (974) 681-24-51,user104668@example.ru,С.-Петербург,12.06.2024,,
c102489,Мария Савельева,,+79166030893,user102489@example.ru,Красноярск,,2026-03-06,164157
c100829,Вера Шилова,,+79870333371,user100829@example.ru,Казань,,2026-05-11,161709
c101230,,Павел Сорокин,+7 (950) 255-43-16,user101230@example.ru,Казань,11.08.2025,,
c104918,Глеб Шилов,,+79800201521,user104918@example.ru,Новосибирск,,2026-03-01,77619
c104629,Алиса Мешкова,,+79963010465,user104629@example.ru,Казань,,2026-04-26,156080
c103665,Полина Панина,,+79192053685,user103665@example.ru,Новосибирск,,2026-06-22,10924
c92103,,Игорь Гордеев,+7 (928) 353-35-79,user92103@example.ru,Казань,04.03.2025,,
c103618,Анна Сорокина,,+79272520244,user103618@example.ru,Новосибирск,,2026-02-11,24472
c104946,Наталья Гордеева,,+79961358377,user104946@example.ru,Санкт-Петербург,,2026-06-07,10908
c101052,Елена Шилова,,+79554812870,user101052@example.ru,Санкт-Петербург,,2026-02-04,174131
c100527,Денис Ковальчук,,+79778674656,user100527@example.ru,Москва,,2026-01-22,14925
c104645,Юлия Белых,,+79291627954,user104645@example.ru,Казань,,2026-08-23,71531
c103591,Алиса Осипова,,+79352758030,user103591@example.ru,Новосибирск,,2026-06-17,121692
c92019,,Игорь Панин,+7 (944) 001-54-29,user92019@example.ru,Екатеринбург,12.05.2025,,
c100569,Игорь Юдин,,+79161437076,user100569@example.ru,Санкт-Петербург,,2026-07-16,95918
c91340,,Наталья Крылова,+7 (943) 967-01-99,user91340@example.ru,С.-Петербург,28.01.2026,,
c101969,,Артур Сорокин,+7 (920) 402-91-80,user101969@example.ru,С.-Петербург,22.09.2024,,
c91333,,Мария Ковальчук,+7 (954) 769-32-09,user91333@example.ru,С.-Петербург,31.01.2024,,
c91204,,Полина Панина,+7 (951) 460-38-05,user91204@example.ru,Москва,04.03.2026,,
c106032,Артур Савельев,,+79823781084,user106032@example.ru,Казань,,2026-04-07,172703
c90178,,Ольга Осипова,+7 (984) 830-07-06,user90178@example.ru,Казань,18.08.2025,,
c103465,Юлия Осипова,,+79168513071,user103465@example.ru,Новосибирск,,2026-01-08,51413
c105781,Лидия Лаптева,,+79228629319,user105781@example.ru,Казань,,2026-08-09,80052
c100441,Роман Тихонов,,+79719266504,user100441@example.ru,Екатеринбург,,2026-03-17,176731
c105039,Полина Гордеева,,+79893519240,user105039@example.ru,Казань,,2026-03-30,90704
c104114,,Ольга Тихонова,+7 (998) 721-44-48,user104114@example.ru,Екатеринбург,18.04.2025,,
c91739,,Елена Савельева,+7 (988) 196-47-84,user91739@example.ru,Красноярск,17.07.2024,,
c101766,Вера Тихонова,,+79909492096,user101766@example.ru,Санкт-Петербург,,2026-04-30,50318
c106846,Лидия Крылова,,+79233577011,user106846@example.ru,Новосибирск,,2026-09-10,102465
c103495,Наталья Гордеева,,+79365466669,user103495@example.ru,Красноярск,,2026-03-23,107695
c91315,,Игорь Крылов,+7 (944) 142-18-41,user91315@example.ru,Новосибирск,18.03.2026,,
c106072,Максим Гордеев,,+79344568518,user106072@example.ru,Москва,,2026-03-10,35870
c104647,Полина Мешкова,,+79534743673,user104647@example.ru,Санкт-Петербург,,2026-08-08,109948
c103174,Вера Гордеева,,+79593478776,user103174@example.ru,Москва,,2026-02-13,121628
c104920,Алиса Гордеева,,+79855248997,user104920@example.ru,Санкт-Петербург,,2026-08-10,168820
c100497,Кирилл Ермаков,,+79637917596,user100497@example.ru,Новосибирск,,2026-08-01,105685
c91293,,Игорь Крылов,+7 (922) 464-76-68,user91293@example.ru,Новосибирск,23.10.2024,,
c92346,,Ольга Тихонова,+7 (935) 021-15-07,user92346@example.ru,Казань,19.05.2024,,
c103876,Максим Ковальчук,,+79510678021,user103876@example.ru,Казань,,2026-06-01,163289
c100033,Вера Гордеева,,+79190681015,user100033@example.ru,Новосибирск,,2026-05-16,103126
c91699,,Тимур Белых,+7 (944) 060-10-84,user91699@example.ru,С.-Петербург,07.05.2025,,
c90497,,Юлия Шилова,+7 (956) 717-97-04,user90497@example.ru,Екатеринбург,29.05.2024,,
c101445,Наталья Нестерова,,+79892190184,user101445@example.ru,Санкт-Петербург,,2026-01-04,15191
c90472,,Максим Панин,+7 (998) 390-10-93,user90472@example.ru,С.-Петербург,09.10.2025,,
c106782,Артур Осипов,,+79881731836,user106782@example.ru,Екатеринбург,,2026-08-24,4861
c106475,,Вера Савельева,+7 (920) 719-71-29,user106475@example.ru,С.-Петербург,23.09.2025,,
c102101,,Кирилл Тихонов,+7 (990) 983-34-65,user102101@example.ru,Красноярск,09.09.2024,,
c92301,,Егор Гордеев,+7 (930) 770-00-70,user92301@example.ru,С.-Петербург,11.11.2024,,
c104330,Игорь Савельев,,+79859609230,user104330@example.ru,Красноярск,,2026-09-04,90281
c91299,,Павел Панин,+7 (961) 995-56-85,user91299@example.ru,Москва,02.04.2025,,
c90239,,Павел Ковальчук,+7 (959) 662-34-53,user90239@example.ru,Екатеринбург,27.08.2024,,
c100997,Тимур Тихонов,,+79545662827,user100997@example.ru,Казань,,2026-01-09,143480
c102595,Вера Гордеева,,+79872649507,user102595@example.ru,Казань,,2026-08-23,83374
c102759,Павел Ермаков,,+79977552107,user102759@example.ru,Казань,,2026-09-03,7960
c90123,,Алиса Ермакова,+7 (965) 586-75-84,user90123@example.ru,Москва,16.06.2026,,
c91016,,Денис Тихонов,+7 (951) 745-52-56,user91016@example.ru,Красноярск,02.02.2026,,
c101704,,Денис Гордеев,+7 (921) 401-43-07,user101704@example.ru,Казань,08.03.2026,,
c105013,Павел Крылов,,+79388028432,user105013@example.ru,Москва,,2026-07-01,90358
c100842,Максим Лаптев,,+79818795898,user100842@example.ru,Красноярск,,2026-01-27,178000
c103750,Тимур Гордеев,,+79796419864,user103750@example.ru,Санкт-Петербург,,2026-04-21,172648
c101659,Егор Нестеров,,+79525211570,user101659@example.ru,Санкт-Петербург,,2026-08-15,7883
c103362,Кирилл Ермаков,,+79836284321,user103362@example.ru,Москва,,2026-06-19,110989
c101049,Егор Савельев,,+79993132287,user101049@example.ru,Красноярск,,2026-08-17,145735
c101308,Вера Савельева,,+79486947357,user101308@example.ru,Казань,,2026-03-27,23232
c101273,,Вера Ковальчук,+7 (925) 466-11-28,user101273@example.ru,Екатеринбург,01.07.2025,,
c105268,Юлия Савельева,,+79681852675,user105268@example.ru,Казань,,2026-06-07,105812
c100395,Павел Нестеров,,+79111677147,user100395@example.ru,Москва,,2026-02-24,71338
c90487,,Наталья Мешкова,+7 (956) 739-35-93,user90487@example.ru,С.-Петербург,25.01.2024,,
c103655,Игорь Шилов,,+79188315501,user103655@example.ru,Санкт-Петербург,,2026-04-11,164520
c101427,Глеб Гордеев,,+79763403412,user101427@example.ru,Санкт-Петербург,,2026-03-25,65870
c90727,,Артур Ермаков,+7 (926) 949-87-84,user90727@example.ru,Екатеринбург,05.09.2024,,
c101754,Лидия Гордеева,,+79475238797,user101754@example.ru,Новосибирск,,2026-01-16,75040
c101303,Денис Юдин,,+79844441957,user101303@example.ru,Красноярск,,2026-06-04,174362
c101365,Тимур Ковальчук,,+79428972930,user101365@example.ru,Новосибирск,,2026-02-18,37233
c105523,,Роман Ермаков,+7 (978) 929-94-43,user105523@example.ru,Екатеринбург,15.12.2025,,
c92088,,Егор Лаптев,+7 (939) 460-95-38,user92088@example.ru,Новосибирск,03.03.2026,,
c104853,,Павел Ермаков,+7 (936) 000-85-91,user104853@example.ru,Москва,03.02.2026,,
c100548,Игорь Юдин,,+79849409181,user100548@example.ru,Казань,,2026-07-25,4828
c91167,,Роман Юдин,+7 (965) 063-40-06,user91167@example.ru,С.-Петербург,21.01.2025,,
c101809,Ольга Ковальчук,,+79672287456,user101809@example.ru,Красноярск,,2026-06-05,82909
c102283,Алиса Нестерова,,+79383382635,user102283@example.ru,Красноярск,,2026-01-22,12613
c101796,Вера Осипова,,+79534949182,user101796@example.ru,Казань,,2026-08-20,149443
c101710,Вера Лаптева,,+79296660829,user101710@example.ru,Красноярск,,2026-09-05,67158
c105991,Глеб Шилов,,+79729041421,user105991@example.ru,Москва,,2026-01-17,105647
c105057,Егор Крылов,,+79526654381,user105057@example.ru,Казань,,2026-05-07,174117
c105680,Лидия Осипова,,+79348148866,user105680@example.ru,Красноярск,,2026-04-15,136579
c104335,Игорь Сорокин,,+79546931800,user104335@example.ru,Красноярск,,2026-03-30,54568
c101017,,Денис Белых,+7 (973) 973-46-34,user101017@example.ru,Новосибирск,14.08.2024,,
c103877,Глеб Крылов,,+79593247885,user103877@example.ru,Казань,,2026-01-25,18089
c103468,Егор Крылов,,+79228455806,user103468@example.ru,Екатеринбург,,2026-06-10,74354
c105064,Игорь Панин,,+79589260630,user105064@example.ru,Екатеринбург,,2026-01-14,168839
c100008,Артур Крылов,,+79684102063,user100008@example.ru,Новосибирск,,2026-04-30,133055
c102147,,Алиса Сорокина,+7 (973) 624-97-34,user102147@example.ru,С.-Петербург,14.06.2026,,
c100944,Алиса Панина,,+79658942114,user100944@example.ru,Красноярск,,2026-01-10,3767
c104969,Глеб Сорокин,,+79610065797,user104969@example.ru,Москва,,2026-03-10,164903
c90553,,Ольга Гордеева,+7 (917) 422-96-57,user90553@example.ru,Екатеринбург,02.05.2026,,
c105852,Вера Ковальчук,,+79550868993,user105852@example.ru,Красноярск,,2026-03-01,95998
c102925,Кирилл Тихонов,,+79191675745,user102925@example.ru,Екатеринбург,,2026-05-16,3191
c102328,Тимур Панин,,+79729384447,user102328@example.ru,Красноярск,,2026-02-22,128283
c102052,Роман Крылов,,+79990007755,user102052@example.ru,Санкт-Петербург,,2026-01-04,171718
c90729,,Игорь Гордеев,+7 (946) 543-36-34,user90729@example.ru,С.-Петербург,14.06.2025,,
c104684,Елена Савельева,,+79594872190,user104684@example.ru,Санкт-Петербург,,2026-07-09,116972
c105282,,Елена Нестерова,+7 (945) 101-78-28,user105282@example.ru,Москва,22.03.2026,,
c106674,,Игорь Юдин,+7 (980) 641-47-92,user106674@example.ru,Красноярск,31.03.2025,,
c106010,Мария Белых,,+79876033280,user106010@example.ru,Санкт-Петербург,,2026-09-01,23265
c91637,,Павел Ермаков,+7 (956) 505-69-15,user91637@example.ru,Москва,24.02.2026,,
c103778,Лидия Панина,,+79530480296,user103778@example.ru,Москва,,2026-03-06,97869
c102737,Денис Гордеев,,+79497725251,user102737@example.ru,Москва,,2026-03-08,121137
c90657,,Анна Тихонова,+7 (948) 006-32-61,user90657@example.ru,Екатеринбург,21.12.2024,,
c90227,,Вера Юдина,+7 (923) 455-15-82,user90227@example.ru,Новосибирск,15.04.2026,,
c91251,,Егор Ковальчук,+7 (935) 488-57-80,user91251@example.ru,Екатеринбург,22.03.2026,,
c91776,,Лидия Савельева,+7 (984) 794-32-32,user91776@example.ru,Екатеринбург,30.07.2025,,
c103677,Ольга Юдина,,+79635291961,user103677@example.ru,Москва,,2026-03-05,62580
c92117,,Елена Мешкова,+7 (958) 862-35-21,user92117@example.ru,Екатеринбург,18.07.2024,,
c105692,Мария Осипова,,+79141020115,user105692@example.ru,Санкт-Петербург,,2026-08-13,44929
c100583,Елена Нестерова,,+79781868307,user100583@example.ru,Красноярск,,2026-02-09,84811
c103868,Анна Савельева,,+79805100353,user103868@example.ru,Красноярск,,2026-03-25,139610
c91715,,Егор Мешков,+7 (932) 426-04-86,user91715@example.ru,Екатеринбург,12.03.2026,,
c91033,,Ольга Осипова,+7 (923) 322-01-36,user91033@example.ru,Москва,26.09.2025,,
c100348,Роман Панин,,+79794090268,user100348@example.ru,Новосибирск,,2026-03-23,38881
c92336,,Игорь Нестеров,+7 (984) 270-15-97,user92336@example.ru,Красноярск,22.12.2025,,
c100019,Егор Ермаков,,+79516270232,user100019@example.ru,Казань,,2026-06-28,48265
c100851,Максим Шилов,,+79485962956,user100851@example.ru,Новосибирск,,2026-03-02,44889
c101293,Игорь Сорокин,,+79678469723,user101293@example.ru,Санкт-Петербург,,2026-01-13,135380
c100114,Анна Тихонова,,+79510118011,user100114@example.ru,Санкт-Петербург,,2026-09-06,131411
c101912,Тимур Тихонов,,+79624120328,user101912@example.ru,Екатеринбург,,2026-08-18,153457
c90514,,Артур Осипов,+7 (961) 680-31-02,user90514@example.ru,Москва,09.03.2024,,
c104656,Елена Савельева,,+79423885832,user104656@example.ru,Новосибирск,,2026-08-26,70263
c91096,,Артур Савельев,+7 (921) 071-43-15,user91096@example.ru,Новосибирск,02.06.2025,,
c102725,Кирилл Крылов,,+79578328240,user102725@example.ru,Москва,,2026-01-20,152903
c100100,Егор Сорокин,,+79300769076,user100100@example.ru,Москва,,2026-06-06,122252
c92321,,Игорь Мешков,+7 (930) 140-96-45,user92321@example.ru,Красноярск,30.03.2026,,
c102548,Алиса Гордеева,,+79852174798,user102548@example.ru,Красноярск,,2026-08-15,7974
c104618,Егор Сорокин,,+79387184749,user104618@example.ru,Новосибирск,,2026-03-01,167393
c102149,Вера Осипова,,+79224794775,user102149@example.ru,Казань,,2026-05-16,124224
c104821,Наталья Крылова,,+79490127587,user104821@example.ru,Москва,,2026-04-14,82217
c101121,Игорь Тихонов,,+79583539343,user101121@example.ru,Екатеринбург,,2026-01-22,10487
c102370,Игорь Шилов,,+79557532909,user102370@example.ru,Санкт-Петербург,,2026-03-29,14890
c105653,Максим Савельев,,+79112454100,user105653@example.ru,Новосибирск,,2026-08-27,75714
c91441,,Мария Ермакова,+7 (972) 673-02-89,user91441@example.ru,С.-Петербург,20.02.2025,,
c91013,,Тимур Лаптев,+7 (917) 380-29-44,user91013@example.ru,Москва,21.10.2024,,
c103875,Юлия Савельева,,+79601428790,user103875@example.ru,Новосибирск,,2026-03-07,133770
c100879,Денис Панин,,+79318885508,user100879@example.ru,Новосибирск,,2026-04-19,149341
c100364,Елена Зуева,,+79835691280,user100364@example.ru,Москва,,2026-07-22,41956
c101783,Ольга Ермакова,,+79120750486,user101783@example.ru,Санкт-Петербург,,2026-04-10,163144
c102982,,Алиса Панина,+7 (947) 696-58-36,user102982@example.ru,С.-Петербург,05.05.2025,,
c105639,Ольга Панина,,+79141991580,user105639@example.ru,Новосибирск,,2026-03-11,159904
c91437,,Кирилл Шилов,+7 (945) 737-10-37,user91437@example.ru,Красноярск,15.02.2026,,
c90822,,Вера Панина,+7 (934) 789-57-57,user90822@example.ru,Красноярск,02.10.2025,,
c103895,Наталья Шилова,,+79628566091,user103895@example.ru,Санкт-Петербург,,2026-06-15,134130
c103706,,Артур Лаптев,+7 (978) 118-84-07,user103706@example.ru,С.-Петербург,25.04.2026,,
c105156,Ольга Сорокина,,+79297847076,user105156@example.ru,Москва,,2026-04-22,165628
c104397,Елена Крылова,,+79660509666,user104397@example.ru,Казань,,2026-04-13,160071
c103772,Юлия Нестерова,,+79487640793,user103772@example.ru,Новосибирск,,2026-02-07,25256
c91578,,Павел Гордеев,+7 (941) 288-32-81,user91578@example.ru,Екатеринбург,13.07.2025,,
c103466,Ольга Крылова,,+79386402585,user103466@example.ru,Красноярск,,2026-07-24,113514
c102580,Денис Ермаков,,+79854097294,user102580@example.ru,Казань,,2026-06-25,138841
c100138,Мария Ковальчук,,+79614799142,user100138@example.ru,Москва,,2026-06-12,27974
c104143,Глеб Зуев,,+79193836377,user104143@example.ru,Казань,,2026-08-12,157802
c106564,Кирилл Савельев,,+79507252432,user106564@example.ru,Новосибирск,,2026-06-02,84690
c103442,Денис Белых,,+79253071676,user103442@example.ru,Екатеринбург,,2026-05-05,76819
c104433,Роман Нестеров,,+79641254599,user104433@example.ru,Красноярск,,2026-07-10,121618
c102273,Тимур Шилов,,+79626598738,user102273@example.ru,Екатеринбург,,2026-05-12,25019
c103379,Наталья Панина,,+79906048182,user103379@example.ru,Казань,,2026-02-27,32928
c90521,,Наталья Мешкова,+7 (935) 152-14-67,user90521@example.ru,Казань,24.01.2025,,
c90119,,Наталья Юдина,+7 (985) 780-63-73,user90119@example.ru,Москва,09.04.2025,,
c105106,Мария Крылова,,+79789994020,user105106@example.ru,Москва,,2026-03-07,109264
c103067,Юлия Крылова,,+79101607244,user103067@example.ru,Красноярск,,2026-06-17,164602
c102340,Кирилл Тихонов,,+79711750018,user102340@example.ru,Санкт-Петербург,,2026-04-30,167150
c100951,Павел Сорокин,,+79500722598,user100951@example.ru,Красноярск,,2026-08-20,51162
c104264,Денис Нестеров,,+79568528935,user104264@example.ru,Екатеринбург,,2026-02-06,38104
c105862,,Игорь Панин,+7 (985) 759-73-99,user105862@example.ru,Новосибирск,03.11.2025,,
c105153,Вера Тихонова,,+79902368523,user105153@example.ru,Москва,,2026-03-29,151998
c105489,,Юлия Крылова,+7 (958) 622-03-43,user105489@example.ru,Красноярск,11.03.2024,,
c100066,Мария Лаптева,,+79670230012,user100066@example.ru,Новосибирск,,2026-04-25,27679
c91483,,Глеб Осипов,+7 (995) 181-13-71,user91483@example.ru,Москва,30.04.2024,,
c103469,Ольга Юдина,,+79418415813,user103469@example.ru,Москва,,2026-08-04,41426
c105121,Полина Мешкова,,+79839338135,user105121@example.ru,Санкт-Петербург,,2026-02-10,173750
c100478,Кирилл Лаптев,,+79240681910,user100478@example.ru,Москва,,2026-06-02,17260
c101907,Алиса Мешкова,,+79228771256,user101907@example.ru,Екатеринбург,,2026-07-14,65183
c91837,,Егор Гордеев,+7 (980) 934-70-44,user91837@example.ru,Москва,22.10.2025,,
c102916,Вера Осипова,,+79168283807,user102916@example.ru,Казань,,2026-02-12,134882
c103604,Денис Осипов,,+79206382235,user103604@example.ru,Санкт-Петербург,,2026-01-09,145268
c101523,Наталья Сорокина,,+79918805895,user101523@example.ru,Москва,,2026-03-12,4934
c90631,,Глеб Шилов,+7 (952) 146-45-44,user90631@example.ru,Екатеринбург,13.04.2026,,
c101555,Юлия Ермакова,,+79401255321,user101555@example.ru,Казань,,2026-04-03,59816
c102408,Глеб Юдин,,+79340951535,user102408@example.ru,Казань,,2026-08-03,138360
c100630,,Тимур Ермаков,+7 (929) 021-38-51,user100630@example.ru,Москва,28.09.2024,,
c106856,Максим Сорокин,,+79838893965,user106856@example.ru,Новосибирск,,2026-05-11,89371
c100097,Роман Ковальчук,,+79416832496,user100097@example.ru,Москва,,2026-06-21,109676
c105357,Павел Сорокин,,+79158185077,user105357@example.ru,Казань,,2026-01-16,14236
c90999,,Анна Панина,+7 (953) 008-78-35,user90999@example.ru,Москва,20.12.2024,,
c106229,,Роман Тихонов,+7 (958) 631-75-67,user106229@example.ru,Новосибирск,17.01.2024,,
c103177,Полина Нестерова,,+79231547369,user103177@example.ru,Красноярск,,2026-02-26,42107
c101994,Полина Сорокина,,+79683815156,user101994@example.ru,Красноярск,,2026-02-18,145681
c104879,Елена Крылова,,+79100224080,user104879@example.ru,Москва,,2026-04-17,58729
c104842,Тимур Панин,,+79500612774,user104842@example.ru,Новосибирск,,2026-02-22,166559
c102502,Павел Зуев,,+79270054438,user102502@example.ru,Красноярск,,2026-08-21,155171
c90918,,Елена Осипова,+7 (935) 260-74-74,user90918@example.ru,Москва,28.06.2024,,
c103861,Алиса Панина,,+79188973678,user103861@example.ru,Новосибирск,,2026-03-28,175124
c103534,Максим Зуев,,+79512448920,user103534@example.ru,Красноярск,,2026-01-31,86251
c91579,,Полина Шилова,+7 (998) 685-65-17,user91579@example.ru,Казань,11.02.2026,,
c102849,Мария Осипова,,+79584687604,user102849@example.ru,Новосибирск,,2026-07-27,113907
c105582,,Алиса Белых,+7 (976) 264-20-43,user105582@example.ru,Екатеринбург,13.02.2024,,
c92387,,Елена Зуева,+7 (932) 847-65-11,user92387@example.ru,Казань,15.06.2025,,
c92123,,Игорь Гордеев,+7 (951) 530-24-50,user92123@example.ru,Москва,19.03.2025,,
c91391,,Глеб Ермаков,+7 (934) 351-68-60,user91391@example.ru,Екатеринбург,13.03.2024,,
c90069,,Игорь Сорокин,+7 (989) 616-98-16,user90069@example.ru,Красноярск,25.06.2026,,
c103882,Анна Зуева,,+79504119664,user103882@example.ru,Москва,,2026-08-02,105252
c91650,,Елена Лаптева,+7 (999) 551-01-85,user91650@example.ru,Казань,09.08.2024,,
c100130,Артур Лаптев,,+79278182222,user100130@example.ru,Москва,,2026-02-04,173532
c103061,Егор Мешков,,+79995999195,user103061@example.ru,Санкт-Петербург,,2026-04-16,136773
c106525,Егор Панин,,+79201467294,user106525@example.ru,Москва,,2026-01-04,120090
c90426,,Кирилл Сорокин,+7 (964) 822-16-96,user90426@example.ru,Екатеринбург,21.04.2026,,
c103190,Лидия Тихонова,,+79917677122,user103190@example.ru,Екатеринбург,,2026-07-09,179435
c90306,,Вера Савельева,+7 (952) 370-05-13,user90306@example.ru,С.-Петербург,14.10.2025,,
c92095,,Кирилл Панин,+7 (923) 709-59-79,user92095@example.ru,Екатеринбург,23.01.2026,,
c101253,Максим Нестеров,,+79473051083,user101253@example.ru,Казань,,2026-01-10,170668
c103179,Роман Ковальчук,,+79885864203,user103179@example.ru,Санкт-Петербург,,2026-02-20,107181
c92399,,Ольга Лаптева,+7 (963) 974-07-26,user92399@example.ru,С.-Петербург,23.06.2025,,
c104937,Роман Осипов,,+79348106788,user104937@example.ru,Екатеринбург,,2026-06-24,41700
c104944,Глеб Осипов,,+79999338142,user104944@example.ru,Новосибирск,,2026-03-19,16794
c102660,Юлия Сорокина,,+79814599232,user102660@example.ru,Казань,,2026-03-14,109631
c103398,Юлия Савельева,,+79497448345,user103398@example.ru,Казань,,2026-04-13,17475
c106554,Игорь Нестеров,,+79512697116,user106554@example.ru,Новосибирск,,2026-03-01,55577
c106257,Ольга Крылова,,+79716871365,user106257@example.ru,Санкт-Петербург,,2026-09-11,134484
c105062,Елена Осипова,,+79912685717,user105062@example.ru,Санкт-Петербург,,2026-06-14,87813
c91771,,Кирилл Ковальчук,+7 (964) 309-83-85,user91771@example.ru,Новосибирск,12.06.2025,,
c101775,Павел Крылов,,+79351135493,user101775@example.ru,Санкт-Петербург,,2026-07-31,51610
c102417,Максим Лаптев,,+79218454679,user102417@example.ru,Красноярск,,2026-06-27,44095
c106412,Тимур Лаптев,,+79470267011,user106412@example.ru,Красноярск,,2026-01-24,108645
c101586,Анна Крылова,,+79345532775,user101586@example.ru,Казань,,2026-05-08,54753
c105226,Алиса Ермакова,,+79839809610,user105226@example.ru,Казань,,2026-07-09,86011
c103285,Тимур Крылов,,+79180806196,user103285@example.ru,Новосибирск,,2026-08-21,18986
c102393,Тимур Сорокин,,+79604721116,user102393@example.ru,Екатеринбург,,2026-08-27,125273
c103605,Лидия Крылова,,+79932069889,user103605@example.ru,Москва,,2026-02-04,82366
c106005,Игорь Панин,,+79782384668,user106005@example.ru,Санкт-Петербург,,2026-04-29,148586
c106865,Лидия Панина,,+79739708540,user106865@example.ru,Екатеринбург,,2026-04-12,86875
c90889,,Артур Лаптев,+7 (979) 207-63-36,user90889@example.ru,Красноярск,30.03.2025,,
c90112,,Юлия Гордеева,+7 (911) 508-66-00,user90112@example.ru,Новосибирск,17.06.2024,,
c104310,Ольга Белых,,+79482647638,user104310@example.ru,Екатеринбург,,2026-02-26,72555
c90769,,Ольга Ермакова,+7 (924) 864-98-82,user90769@example.ru,Новосибирск,16.10.2025,,
c103586,Алиса Гордеева,,+79718658733,user103586@example.ru,Новосибирск,,2026-08-15,110056
c104744,Лидия Шилова,,+79159615393,user104744@example.ru,Екатеринбург,,2026-07-12,14535
c104673,,Вера Шилова,+7 (951) 239-80-74,user104673@example.ru,С.-Петербург,21.01.2025,,
c101874,Кирилл Мешков,,+79743294926,user101874@example.ru,Новосибирск,,2026-06-18,509
c100380,,Павел Крылов,+7 (935) 938-57-82,user100380@example.ru,С.-Петербург,12.07.2025,,
c103372,Анна Юдина,,+79603792524,user103372@example.ru,Новосибирск,,2026-07-24,144302
c104027,,Павел Ковальчук,+7 (986) 653-04-04,user104027@example.ru,С.-Петербург,09.05.2024,,
c90027,,Игорь Зуев,+7 (949) 589-55-56,user90027@example.ru,Екатеринбург,06.03.2024,,
c100558,Анна Лаптева,,+79856500591,user100558@example.ru,Санкт-Петербург,,2026-03-26,72724
c100697,Денис Савельев,,+79266802359,user100697@example.ru,Екатеринбург,,2026-06-05,77167
c105671,,Павел Панин,+7 (975) 127-38-98,user105671@example.ru,Москва,05.10.2025,,
c105707,Глеб Гордеев,,+79358442309,user105707@example.ru,Казань,,2026-05-01,125927
c105702,Игорь Сорокин,,+79256628846,user105702@example.ru,Санкт-Петербург,,2026-01-29,93778
c102298,Юлия Савельева,,+79397893807,user102298@example.ru,Санкт-Петербург,,2026-02-05,9035
c104277,Юлия Белых,,+79529791254,user104277@example.ru,Красноярск,,2026-01-21,42504
c102238,Елена Нестерова,,+79417120776,user102238@example.ru,Новосибирск,,2026-01-08,50480
c90116,,Мария Юдина,+7 (918) 344-72-93,user90116@example.ru,Новосибирск,16.07.2025,,
c102679,Павел Осипов,,+79862807162,user102679@example.ru,Санкт-Петербург,,2026-04-06,170625
c102868,Максим Шилов,,+79659324168,user102868@example.ru,Красноярск,,2026-04-16,48170
c103484,,Максим Нестеров,+7 (935) 714-12-17,user103484@example.ru,Екатеринбург,24.05.2024,,
c104497,Наталья Панина,,+79999931230,user104497@example.ru,Новосибирск,,2026-01-13,7005
c102686,Алиса Юдина,,+79680572125,user102686@example.ru,Санкт-Петербург,,2026-03-04,100261
c101362,Егор Сорокин,,+79565812879,user101362@example.ru,Москва,,2026-06-10,137526
c106508,Елена Савельева,,+79390695518,user106508@example.ru,Красноярск,,2026-05-16,65067
c92349,,Елена Мешкова,+7 (911) 476-44-96,user92349@example.ru,Екатеринбург,17.05.2025,,
c102624,Глеб Осипов,,+79534995909,user102624@example.ru,Санкт-Петербург,,2026-05-18,10533
c103433,,Артур Зуев,+7 (914) 090-07-80,user103433@example.ru,Казань,18.06.2026,,
c102684,Алиса Мешкова,,+79717571138,user102684@example.ru,Екатеринбург,,2026-07-29,1176
c106664,Елена Гордеева,,+79536274959,user106664@example.ru,Красноярск,,2026-06-09,165534
c106378,,Наталья Ковальчук,+7 (948) 469-32-66,user106378@example.ru,Новосибирск,11.10.2025,,
c102240,Наталья Гордеева,,+79960902719,user102240@example.ru,Красноярск,,2026-06-18,115158
c105436,Павел Савельев,,+79241033602,user105436@example.ru,Новосибирск,,2026-02-22,46229
c100521,,Денис Нестеров,+7 (910) 679-35-68,user100521@example.ru,Казань,11.08.2024,,
c101193,Алиса Осипова,,+79876219158,user101193@example.ru,Москва,,2026-04-03,50910
c102506,Юлия Белых,,+79515411520,user102506@example.ru,Екатеринбург,,2026-06-19,162528
c90797,,Павел Панин,+7 (972) 211-52-14,user90797@example.ru,С.-Петербург,12.06.2024,,
c100026,Глеб Шилов,,+79913507367,user100026@example.ru,Москва,,2026-05-05,79401
c104194,,Денис Панин,+7 (986) 967-04-42,user104194@example.ru,С.-Петербург,04.05.2024,,
c100155,Денис Нестеров,,+79617120851,user100155@example.ru,Екатеринбург,,2026-08-02,112326
c100062,Глеб Ковальчук,,+79443822336,user100062@example.ru,Казань,,2026-04-27,82036
c90353,,Егор Ковальчук,+7 (984) 661-12-25,user90353@example.ru,С.-Петербург,26.01.2026,,
c91303,,Алиса Ермакова,+7 (925) 178-63-48,user91303@example.ru,Новосибирск,14.05.2024,,
c104532,Юлия Осипова,,+79985247649,user104532@example.ru,Екатеринбург,,2026-03-25,7941
c104012,Полина Ковальчук,,+79437232505,user104012@example.ru,Красноярск,,2026-03-25,62047
c91329,,Роман Ковальчук,+7 (993) 364-33-84,user91329@example.ru,Екатеринбург,17.01.2024,,
c90927,,Юлия Мешкова,+7 (979) 271-54-73,user90927@example.ru,Красноярск,04.01.2025,,
c92462,,Игорь Ермаков,+7 (963) 528-93-53,user92462@example.ru,Москва,16.08.2025,,
c104103,Павел Панин,,+79110289277,user104103@example.ru,Казань,,2026-08-05,167828
c91999,,Кирилл Панин,+7 (939) 732-79-62,user91999@example.ru,Красноярск,19.11.2024,,
c100449,Елена Ковальчук,,+79880490182,user100449@example.ru,Санкт-Петербург,,2026-08-16,111861
c91766,,Елена Зуева,+7 (965) 187-12-68,user91766@example.ru,Казань,10.07.2024,,
c102288,Артур Панин,,+79564695191,user102288@example.ru,Красноярск,,2026-08-11,32147
c101051,,Павел Панин,+7 (940) 644-89-23,user101051@example.ru,Красноярск,29.01.2025,,
c100929,Анна Юдина,,+79823757103,user100929@example.ru,Новосибирск,,2026-05-18,6096
c92445,,Игорь Осипов,+7 (932) 524-71-66,user92445@example.ru,Казань,03.04.2024,,
c91608,,Полина Лаптева,+7 (929) 694-17-62,user91608@example.ru,Москва,11.04.2026,,
c91730,,Полина Тихонова,+7 (960) 007-10-28,user91730@example.ru,Казань,16.01.2025,,
c100721,,Полина Осипова,+7 (983) 211-53-08,user100721@example.ru,Новосибирск,03.03.2026,,
c105273,,Анна Гордеева,+7 (959) 621-67-44,user105273@example.ru,Москва,12.02.2025,,
c105421,Юлия Савельева,,+79969042229,user105421@example.ru,Новосибирск,,2026-02-21,93721
c103941,Кирилл Тихонов,,+79289439267,user103941@example.ru,Красноярск,,2026-04-22,96676
c105678,Денис Гордеев,,+79112630364,user105678@example.ru,Красноярск,,2026-08-04,150024
c105484,Кирилл Ермаков,,+79585534809,user105484@example.ru,Казань,,2026-03-06,686
c103305,Мария Осипова,,+79837169972,user103305@example.ru,Новосибирск,,2026-06-27,74439
c102994,Вера Нестерова,,+79678099860,user102994@example.ru,Красноярск,,2026-09-01,31505
c102749,Артур Ковальчук,,+79192057696,user102749@example.ru,Казань,,2026-08-25,50079
c100665,Кирилл Осипов,,+79946133703,user100665@example.ru,Красноярск,,2026-04-25,34714
c106796,Кирилл Савельев,,+79734684597,user106796@example.ru,Красноярск,,2026-06-27,86863
c90169,,Анна Белых,+7 (957) 639-20-90,user90169@example.ru,С.-Петербург,21.02.2024,,
c102822,Павел Осипов,,+79124021324,user102822@example.ru,Красноярск,,2026-07-06,6307
c90540,,Игорь Ковальчук,+7 (946) 082-48-41,user90540@example.ru,Екатеринбург,04.11.2025,,
c101955,Роман Гордеев,,+79188024785,user101955@example.ru,Красноярск,,2026-08-17,145094
c104149,Юлия Гордеева,,+79622060065,user104149@example.ru,Красноярск,,2026-07-31,47620
c106718,,Наталья Шилова,+7 (980) 350-30-18,user106718@example.ru,Казань,28.12.2024,,
c90599,,Глеб Савельев,+7 (985) 795-21-55,user90599@example.ru,Новосибирск,21.04.2024,,
c102774,Артур Ковальчук,,+79394072768,user102774@example.ru,Новосибирск,,2026-01-28,67256
c104360,Алиса Лаптева,,+79808559455,user104360@example.ru,Санкт-Петербург,,2026-01-27,38317
c104128,Елена Лаптева,,+79905810070,user104128@example.ru,Москва,,2026-09-07,52175
c106638,Елена Ермакова,,+79801538582,user106638@example.ru,Казань,,2026-07-16,147377
c104721,,Егор Шилов,+7 (992) 491-60-35,user104721@example.ru,С.-Петербург,20.09.2025,,
c90551,,Мария Лаптева,+7 (991) 006-23-64,user90551@example.ru,Казань,06.05.2025,,
c106428,Юлия Нестерова,,+79423395207,user106428@example.ru,Красноярск,,2026-05-15,38113
c104048,Лидия Нестерова,,+79797167111,user104048@example.ru,Москва,,2026-08-02,94458
c100670,Алиса Мешкова,,+79467105121,user100670@example.ru,Санкт-Петербург,,2026-05-25,99642
c101961,Игорь Тихонов,,+79170625221,user101961@example.ru,Новосибирск,,2026-04-07,45431
c102878,Артур Савельев,,+79528665150,user102878@example.ru,Новосибирск,,2026-04-20,150277
c90703,,Лидия Юдина,+7 (973) 278-81-92,user90703@example.ru,Москва,09.09.2025,,
c91734,,Алиса Лаптева,+7 (952) 938-77-98,user91734@example.ru,Москва,02.09.2024,,
c100648,Полина Лаптева,,+79745201255,user100648@example.ru,Екатеринбург,,2026-02-08,59267
c91014,,Максим Зуев,+7 (963) 898-07-19,user91014@example.ru,С.-Петербург,07.06.2024,,
c105727,Мария Юдина,,+79778558177,user105727@example.ru,Санкт-Петербург,,2026-07-25,105831
c100694,Ольга Мешкова,,+79965635902,user100694@example.ru,Красноярск,,2026-09-08,140088
c101117,Егор Ермаков,,+79913208595,user101117@example.ru,Новосибирск,,2026-08-20,30875
c105900,Ольга Панина,,+79975763475,user105900@example.ru,Санкт-Петербург,,2026-05-12,41719
c105488,Артур Ковальчук,,+79715391637,user105488@example.ru,Красноярск,,2026-03-12,147985
c106252,Артур Ермаков,,+79727070139,user106252@example.ru,Екатеринбург,,2026-05-13,53589
c103640,Ольга Ермакова,,+79767321707,user103640@example.ru,Москва,,2026-04-14,69039
c101736,Алиса Крылова,,+79878773507,user101736@example.ru,Москва,,2026-06-25,165382
c91844,,Юлия Сорокина,+7 (989) 598-62-90,user91844@example.ru,Новосибирск,21.02.2025,,
c105100,Полина Мешкова,,+79910737171,user105100@example.ru,Екатеринбург,,2026-08-27,108777
c103736,Юлия Савельева,,+79563911394,user103736@example.ru,Екатеринбург,,2026-05-12,52665
c101260,Вера Белых,,+79277388194,user101260@example.ru,Екатеринбург,,2026-02-17,42252
c100820,Тимур Ермаков,,+79841842369,user100820@example.ru,Санкт-Петербург,,2026-03-06,5989
c90410,,Елена Ковальчук,+7 (913) 461-73-64,user90410@example.ru,С.-Петербург,10.05.2024,,
c92294,,Роман Тихонов,+7 (991) 230-66-72,user92294@example.ru,Екатеринбург,12.06.2026,,
c100367,Максим Нестеров,,+79650353967,user100367@example.ru,Красноярск,,2026-04-23,15835
c90597,,Наталья Юдина,+7 (924) 081-94-58,user90597@example.ru,Екатеринбург,26.03.2024,,
c104489,Тимур Лаптев,,+79614261589,user104489@example.ru,Санкт-Петербург,,2026-01-05,69185
c104055,Денис Нестеров,,+79144611849,user104055@example.ru,Москва,,2026-04-09,151614
c90202,,Глеб Юдин,+7 (924) 695-82-68,user90202@example.ru,С.-Петербург,10.12.2024,,
c104581,Анна Панина,,+79195517295,user104581@example.ru,Казань,,2026-05-28,117488
c106778,Тимур Мешков,,+79194030062,user106778@example.ru,Новосибирск,,2026-02-27,166223
c102931,Алиса Крылова,,+79224404638,user102931@example.ru,Екатеринбург,,2026-05-01,142732
c102479,Мария Сорокина,,+79779623876,user102479@example.ru,Новосибирск,,2026-08-30,39546
c101627,Полина Гордеева,,+79669108415,user101627@example.ru,Санкт-Петербург,,2026-09-09,6908
c100671,Полина Ковальчук,,+79912694040,user100671@example.ru,Новосибирск,,2026-08-07,95831
c102028,,Кирилл Ермаков,+7 (920) 719-42-51,user102028@example.ru,С.-Петербург,01.02.2026,,
c105251,Полина Гордеева,,+79289735629,user105251@example.ru,Казань,,2026-06-18,66342
c101036,Роман Тихонов,,+79716568883,user101036@example.ru,Санкт-Петербург,,2026-03-29,97262
c104826,,Максим Белых,+7 (935) 339-87-60,user104826@example.ru,Екатеринбург,07.06.2024,,
c106454,Роман Шилов,,+79132851590,user106454@example.ru,Казань,,2026-01-25,116863
c105598,Мария Ковальчук,,+79248993054,user105598@example.ru,Казань,,2026-08-15,72578
c102614,Ольга Савельева,,+79612720458,user102614@example.ru,Екатеринбург,,2026-07-10,11987
c106715,Полина Панина,,+79550795708,user106715@example.ru,Екатеринбург,,2026-09-10,59538
c103711,Вера Нестерова,,+79589215118,user103711@example.ru,Москва,,2026-07-13,110608
c102260,Глеб Осипов,,+79160780994,user102260@example.ru,Москва,,2026-06-15,123799
c100669,Максим Крылов,,+79786958252,user100669@example.ru,Новосибирск,,2026-01-04,12640
c101472,Наталья Юдина,,+79688762493,user101472@example.ru,Москва,,2026-07-09,142791
c101833,Павел Крылов,,+79129431584,user101833@example.ru,Екатеринбург,,2026-05-06,28259
c101237,Максим Ермаков,,+79694305983,user101237@example.ru,Казань,,2026-09-10,43663
c91007,,Анна Белых,+7 (924) 477-92-12,user91007@example.ru,Красноярск,16.05.2026,,
c103635,Полина Юдина,,+79347936661,user103635@example.ru,Новосибирск,,2026-02-01,155750
c106503,Артур Зуев,,+79505109405,user106503@example.ru,Казань,,2026-09-11,172938
c102402,Анна Мешкова,,+79602500653,user102402@example.ru,Красноярск,,2026-08-12,138733
c90158,,Кирилл Осипов,+7 (952) 531-23-60,user90158@example.ru,Красноярск,28.05.2024,,
c105695,Полина Савельева,,+79199170874,user105695@example.ru,Санкт-Петербург,,2026-03-16,38232
c100514,Наталья Шилова,,+79304926999,user100514@example.ru,Москва,,2026-04-19,57955
c105853,,Анна Нестерова,+7 (985) 588-87-80,user105853@example.ru,Казань,20.06.2026,,
c105452,Тимур Белых,,+79781172256,user105452@example.ru,Санкт-Петербург,,2026-09-03,139931
c90569,,Юлия Панина,+7 (965) 992-14-47,user90569@example.ru,Москва,21.04.2025,,
c91912,,Игорь Тихонов,+7 (933) 723-20-62,user91912@example.ru,С.-Петербург,20.08.2024,,
c90083,,Егор Нестеров,+7 (949) 947-20-23,user90083@example.ru,Москва,20.02.2025,,
c105266,Елена Тихонова,,+79493842804,user105266@example.ru,Москва,,2026-02-25,78996
c102562,Алиса Тихонова,,+79490899275,user102562@example.ru,Казань,,2026-03-10,99554
c104162,Вера Крылова,,+79396331240,user104162@example.ru,Казань,,2026-06-02,89720
c105865,Наталья Савельева,,+79221355631,user105865@example.ru,Казань,,2026-03-11,102524
c91409,,Юлия Савельева,+7 (985) 242-14-59,user91409@example.ru,Красноярск,05.05.2026,,
c91805,,Кирилл Зуев,+7 (936) 872-64-41,user91805@example.ru,Красноярск,14.01.2025,,
c92373,,Алиса Панина,+7 (955) 857-30-82,user92373@example.ru,Новосибирск,14.01.2025,,
c106695,Егор Нестеров,,+79860887046,user106695@example.ru,Екатеринбург,,2026-04-10,95818
c102129,Павел Ковальчук,,+79919020735,user102129@example.ru,Новосибирск,,2026-02-22,125550
c105634,Егор Мешков,,+79713695811,user105634@example.ru,Екатеринбург,,2026-03-22,88528
c100930,Егор Зуев,,+79208657003,user100930@example.ru,Казань,,2026-07-28,111004
c105752,Игорь Панин,,+79710029305,user105752@example.ru,Екатеринбург,,2026-07-15,104720
c91205,,Елена Панина,+7 (985) 827-53-08,user91205@example.ru,Казань,17.03.2026,,
c104327,,Юлия Юдина,+7 (948) 347-74-03,user104327@example.ru,Новосибирск,29.11.2025,,
c105211,,Павел Тихонов,+7 (916) 244-98-53,user105211@example.ru,С.-Петербург,12.11.2024,,
c102946,Елена Ковальчук,,+79715508138,user102946@example.ru,Москва,,2026-08-22,91066
c106693,Вера Крылова,,+79595976328,user106693@example.ru,Казань,,2026-04-07,157040
c91487,,Роман Ермаков,+7 (951) 224-89-00,user91487@example.ru,Новосибирск,27.02.2024,,
c101451,Ольга Ковальчук,,+79840903483,user101451@example.ru,Новосибирск,,2026-05-29,152594
c106579,Роман Нестеров,,+79223845904,user106579@example.ru,Новосибирск,,2026-07-07,17812
c103684,Вера Тихонова,,+79351736237,user103684@example.ru,Красноярск,,2026-02-18,76982
c101643,Кирилл Нестеров,,+79811651171,user101643@example.ru,Красноярск,,2026-06-16,83136
c104070,Егор Белых,,+79314188154,user104070@example.ru,Москва,,2026-07-19,82094
c102609,,Глеб Ковальчук,+7 (948) 329-29-27,user102609@example.ru,С.-Петербург,10.10.2025,,
c91810,,Глеб Панин,+7 (972) 079-67-73,user91810@example.ru,Екатеринбург,17.03.2024,,
c100595,Алиса Тихонова,,+79249450445,user100595@example.ru,Новосибирск,,2026-04-19,136499
c102488,,Тимур Гордеев,+7 (934) 559-01-34,user102488@example.ru,Новосибирск,13.10.2025,,
c100570,Максим Ковальчук,,+79593227027,user100570@example.ru,Казань,,2026-02-08,4445
c102100,Денис Шилов,,+79728216653,user102100@example.ru,Екатеринбург,,2026-03-28,152947
c106823,,Артур Ковальчук,+7 (917) 023-83-68,user106823@example.ru,С.-Петербург,21.04.2024,,
c100176,Глеб Лаптев,,+79926761316,user100176@example.ru,Новосибирск,,2026-06-26,121755
c106103,,Лидия Савельева,+7 (997) 542-69-65,user106103@example.ru,Екатеринбург,27.07.2025,,
c103549,Лидия Ермакова,,+79617784965,user103549@example.ru,Красноярск,,2026-02-28,88918
c104911,Игорь Осипов,,+79871857033,user104911@example.ru,Москва,,2026-08-12,57793
c91657,,Лидия Белых,+7 (957) 008-88-66,user91657@example.ru,Москва,09.12.2025,,
c106408,Артур Крылов,,+79567195956,user106408@example.ru,Казань,,2026-05-10,16348
c91914,,Денис Савельев,+7 (952) 288-23-34,user91914@example.ru,Новосибирск,15.12.2024,,
c104301,Ольга Осипова,,+79802846439,user104301@example.ru,Казань,,2026-07-31,76145
c102131,Кирилл Белых,,+79512921797,user102131@example.ru,Казань,,2026-09-06,130104
c102630,Анна Осипова,,+79850693302,user102630@example.ru,Красноярск,,2026-09-09,140418
c92025,,Вера Панина,+7 (959) 669-03-47,user92025@example.ru,Казань,17.01.2024,,
c105267,Максим Шилов,,+79190348907,user105267@example.ru,Москва,,2026-05-19,25093
c101151,Юлия Гордеева,,+79202619605,user101151@example.ru,Казань,,2026-08-21,165474
c100324,Мария Ковальчук,,+79256532723,user100324@example.ru,Красноярск,,2026-02-24,29628
c101804,Игорь Осипов,,+79530927605,user101804@example.ru,Санкт-Петербург,,2026-01-14,4597
c102634,Елена Нестерова,,+79205631082,user102634@example.ru,Екатеринбург,,2026-03-01,95749
c106136,Вера Лаптева,,+79941386973,user106136@example.ru,Москва,,2026-01-15,52649
c105152,Алиса Панина,,+79156502510,user105152@example.ru,Москва,,2026-09-05,53751
c100900,,Мария Сорокина,+7 (944) 851-20-41,user100900@example.ru,Москва,06.11.2024,,
c90959,,Роман Тихонов,+7 (966) 573-56-36,user90959@example.ru,Казань,30.09.2024,,
c101821,Денис Гордеев,,+79103844685,user101821@example.ru,Красноярск,,2026-08-22,171433
c90577,,Денис Крылов,+7 (913) 478-15-18,user90577@example.ru,Казань,13.11.2025,,
c92016,,Максим Лаптев,+7 (973) 909-06-93,user92016@example.ru,Казань,14.09.2024,,
c101562,Денис Нестеров,,+79296619531,user101562@example.ru,Екатеринбург,,2026-08-24,163303
c106500,Глеб Ковальчук,,+79648306533,user106500@example.ru,Екатеринбург,,2026-08-11,84566
c91367,,Елена Шилова,+7 (944) 552-24-77,user91367@example.ru,Екатеринбург,03.02.2024,,
c103286,Павел Шилов,,+79674792825,user103286@example.ru,Екатеринбург,,2026-05-17,168183
c90173,,Кирилл Ковальчук,+7 (913) 778-98-99,user90173@example.ru,Новосибирск,15.02.2024,,
c105331,Елена Гордеева,,+79477531443,user105331@example.ru,Екатеринбург,,2026-07-02,61797
c104657,Лидия Мешкова,,+79845968428,user104657@example.ru,Москва,,2026-05-17,16954
c106707,Денис Юдин,,+79292944539,user106707@example.ru,Москва,,2026-08-25,93448
c106398,Ольга Крылова,,+79992737428,user106398@example.ru,Санкт-Петербург,,2026-03-03,5335
c104769,Мария Крылова,,+79299095137,user104769@example.ru,Красноярск,,2026-06-01,74008
c100768,Алиса Белых,,+79116838007,user100768@example.ru,Санкт-Петербург,,2026-07-16,29360
c101370,,Мария Крылова,+7 (910) 995-53-71,user101370@example.ru,Красноярск,04.04.2025,,
c91546,,Вера Савельева,+7 (946) 581-63-83,user91546@example.ru,Новосибирск,02.05.2026,,
c106056,Кирилл Зуев,,+79760354746,user106056@example.ru,Новосибирск,,2026-02-25,91146
c102955,Максим Савельев,,+79733097126,user102955@example.ru,Казань,,2026-03-13,75808
c92325,,Артур Сорокин,+7 (978) 710-07-71,user92325@example.ru,Екатеринбург,07.04.2024,,
c104527,Павел Лаптев,,+79148372144,user104527@example.ru,Санкт-Петербург,,2026-05-25,110260
c103614,Роман Ермаков,,+79780957766,user103614@example.ru,Москва,,2026-07-01,29691
c100406,Мария Шилова,,+79239698040,user100406@example.ru,Новосибирск,,2026-02-18,15576
c91754,,Максим Сорокин,+7 (921) 510-98-96,user91754@example.ru,Красноярск,08.03.2026,,
c101608,Полина Юдина,,+79227217991,user101608@example.ru,Санкт-Петербург,,2026-06-24,16334
c90008,,Игорь Гордеев,+7 (978) 036-65-11,user90008@example.ru,Красноярск,26.02.2026,,
c103829,Елена Осипова,,+79275721272,user103829@example.ru,Санкт-Петербург,,2026-04-28,144498
c100088,,Максим Зуев,+7 (943) 665-88-49,user100088@example.ru,Новосибирск,22.02.2025,,
c90899,,Тимур Лаптев,+7 (957) 948-99-80,user90899@example.ru,Казань,10.10.2025,,
c104955,Лидия Шилова,,+79738715334,user104955@example.ru,Новосибирск,,2026-07-11,29483
c90542,,Максим Нестеров,+7 (955) 073-11-61,user90542@example.ru,Казань,11.05.2024,,
c91056,,Елена Лаптева,+7 (919) 562-54-28,user91056@example.ru,Красноярск,30.11.2025,,
c105679,Кирилл Крылов,,+79815638289,user105679@example.ru,Екатеринбург,,2026-09-02,27773
c106195,,Ольга Гордеева,+7 (924) 218-94-39,user106195@example.ru,Екатеринбург,05.07.2025,,
c102557,Мария Мешкова,,+79851990023,user102557@example.ru,Новосибирск,,2026-08-23,176252
c100458,Вера Тихонова,,+79425238631,user100458@example.ru,Москва,,2026-05-20,85483
c106851,Лидия Нестерова,,+79921514157,user106851@example.ru,Санкт-Петербург,,2026-06-25,51898
c90566,,Юлия Тихонова,+7 (996) 329-54-58,user90566@example.ru,Москва,03.01.2025,,
c103166,Ольга Зуева,,+79285913399,user103166@example.ru,Санкт-Петербург,,2026-05-24,82038
c91784,,Игорь Крылов,+7 (919) 525-70-43,user91784@example.ru,С.-Петербург,09.10.2025,,
c105411,Максим Мешков,,+79172909611,user105411@example.ru,Казань,,2026-06-15,81883
c104551,Егор Крылов,,+79957658152,user104551@example.ru,Санкт-Петербург,,2026-01-22,164356
c104276,Лидия Зуева,,+79641331938,user104276@example.ru,Красноярск,,2026-03-17,45237
c103008,Денис Нестеров,,+79122962513,user103008@example.ru,Красноярск,,2026-01-26,73226
c103265,Лидия Савельева,,+79855932561,user103265@example.ru,Санкт-Петербург,,2026-04-30,169845
c101689,Роман Белых,,+79374588232,user101689@example.ru,Казань,,2026-03-03,137153
c100600,Ольга Зуева,,+79916015159,user100600@example.ru,Новосибирск,,2026-02-15,14344
c101350,Максим Савельев,,+79863074623,user101350@example.ru,Казань,,2026-01-11,18357
c104993,Юлия Сорокина,,+79846817687,user104993@example.ru,Новосибирск,,2026-04-26,15692
c105361,Роман Шилов,,+79995193027,user105361@example.ru,Казань,,2026-09-05,12440
c101973,Елена Гордеева,,+79987709175,user101973@example.ru,Казань,,2026-07-04,160434
c100195,Максим Тихонов,,+79997596747,user100195@example.ru,Новосибирск,,2026-07-01,168204
c106267,Артур Осипов,,+79141712912,user106267@example.ru,Красноярск,,2026-06-03,59043
c91403,,Полина Шилова,+7 (934) 575-32-20,user91403@example.ru,С.-Петербург,29.05.2026,,
c91556,,Вера Сорокина,+7 (974) 072-04-28,user91556@example.ru,Красноярск,24.07.2025,,
c91964,,Роман Ковальчук,+7 (998) 353-50-32,user91964@example.ru,Казань,14.01.2026,,
c92257,,Лидия Осипова,+7 (959) 235-14-77,user92257@example.ru,Екатеринбург,13.02.2026,,
c90001,,Наталья Савельева,+7 (928) 054-32-38,user90001@example.ru,Екатеринбург,17.08.2024,,
c91269,,Тимур Савельев,+7 (997) 050-96-48,user91269@example.ru,Новосибирск,19.12.2024,,
c103354,Полина Савельева,,+79424510494,user103354@example.ru,Москва,,2026-04-23,2121
c101252,Павел Панин,,+79220347007,user101252@example.ru,Новосибирск,,2026-02-21,45026
c106590,Тимур Шилов,,+79702821031,user106590@example.ru,Красноярск,,2026-07-30,152920
c92285,,Юлия Крылова,+7 (945) 743-59-03,user92285@example.ru,С.-Петербург,11.08.2024,,
c103898,Глеб Зуев,,+79255267585,user103898@example.ru,Москва,,2026-08-21,151478
c105883,Павел Савельев,,+79408343096,user105883@example.ru,Москва,,2026-04-24,67991
c91069,,Егор Нестеров,+7 (985) 756-55-95,user91069@example.ru,Красноярск,17.08.2025,,
c103913,Полина Лаптева,,+79295321770,user103913@example.ru,Екатеринбург,,2026-05-06,149183
c102109,,Тимур Сорокин,+7 (947) 442-35-11,user102109@example.ru,Новосибирск,15.05.2025,,
c90469,,Елена Панина,+7 (990) 097-63-11,user90469@example.ru,Новосибирск,02.02.2024,,
c91439,,Наталья Ермакова,+7 (918) 975-13-04,user91439@example.ru,С.-Петербург,29.05.2026,,
c90608,,Роман Шилов,+7 (953) 109-18-90,user90608@example.ru,Новосибирск,22.01.2025,,
c90063,,Наталья Зуева,+7 (949) 831-99-85,user90063@example.ru,Казань,10.02.2024,,
c90655,,Елена Тихонова,+7 (933) 297-07-09,user90655@example.ru,Новосибирск,05.12.2025,,
c91489,,Наталья Савельева,+7 (954) 553-97-73,user91489@example.ru,С.-Петербург,22.03.2025,,
c101306,Мария Савельева,,+79798176968,user101306@example.ru,Красноярск,,2026-09-11,60114
c105249,Глеб Шилов,,+79622520011,user105249@example.ru,Екатеринбург,,2026-01-31,47263
c102591,Глеб Юдин,,+79148695081,user102591@example.ru,Красноярск,,2026-03-01,146668
c101712,Ольга Зуева,,+79444591910,user101712@example.ru,Санкт-Петербург,,2026-07-13,58684
c101618,Алиса Ермакова,,+79404103169,user101618@example.ru,Красноярск,,2026-04-28,111711
c105056,Алиса Крылова,,+79718635585,user105056@example.ru,Москва,,2026-02-27,31046
c105764,Егор Гордеев,,+79942955140,user105764@example.ru,Екатеринбург,,2026-02-28,114992
c104839,Елена Зуева,,+79612930782,user104839@example.ru,Красноярск,,2026-08-08,127868
c91464,,Егор Гордеев,+7 (935) 815-06-41,user91464@example.ru,Москва,25.11.2024,,
c104813,Ольга Зуева,,+79753946538,user104813@example.ru,Новосибирск,,2026-08-06,72430
c101094,Павел Шилов,,+79700508221,user101094@example.ru,Санкт-Петербург,,2026-06-28,13851
c101811,Полина Юдина,,+79106101848,user101811@example.ru,Новосибирск,,2026-07-06,89187
c90460,,Егор Мешков,+7 (999) 871-47-83,user90460@example.ru,Екатеринбург,10.02.2025,,
c91891,,Мария Юдина,+7 (924) 066-19-66,user91891@example.ru,Красноярск,12.11.2024,,
c102056,Лидия Зуева,,+79430109622,user102056@example.ru,Екатеринбург,,2026-06-15,99837
c91292,,Полина Осипова,+7 (917) 834-10-00,user91292@example.ru,Екатеринбург,22.04.2024,,
c91913,,Наталья Белых,+7 (930) 105-61-24,user91913@example.ru,Екатеринбург,28.02.2025,,
c90181,,Игорь Гордеев,+7 (916) 794-48-65,user90181@example.ru,Красноярск,09.03.2025,,
c105759,Вера Нестерова,,+79588685690,user105759@example.ru,Красноярск,,2026-09-03,5464
c91119,,Игорь Савельев,+7 (933) 473-16-07,user91119@example.ru,Новосибирск,14.07.2025,,
c101609,Елена Юдина,,+79743064083,user101609@example.ru,Екатеринбург,,2026-04-06,105438
c105448,Максим Ермаков,,+79729999371,user105448@example.ru,Красноярск,,2026-04-13,125471
c102010,Алиса Шилова,,+79858825790,user102010@example.ru,Екатеринбург,,2026-07-17,83609
c104847,,Глеб Гордеев,+7 (958) 472-17-14,user104847@example.ru,Новосибирск,10.11.2024,,
c100975,Роман Гордеев,,+79549032370,user100975@example.ru,Красноярск,,2026-06-23,4773
c102166,Роман Белых,,+79327249441,user102166@example.ru,Красноярск,,2026-04-02,59910
c106872,Юлия Нестерова,,+79154563405,user106872@example.ru,Новосибирск,,2026-07-01,138139
c91641,,Лидия Савельева,+7 (954) 863-23-08,user91641@example.ru,Москва,19.05.2025,,
c102113,Анна Зуева,,+79824632939,user102113@example.ru,Казань,,2026-07-18,103011
c100429,Мария Шилова,,+79362803746,user100429@example.ru,Екатеринбург,,2026-05-23,113262
c90864,,Денис Тихонов,+7 (937) 039-25-44,user90864@example.ru,С.-Петербург,19.09.2025,,
c90499,,Глеб Зуев,+7 (996) 915-93-24,user90499@example.ru,Красноярск,31.12.2024,,
c102438,,Алиса Лаптева,+7 (912) 930-45-56,user102438@example.ru,Екатеринбург,12.09.2024,,
c103911,Денис Белых,,+79904202574,user103911@example.ru,Казань,,2026-03-31,2659
c92405,,Мария Шилова,+7 (973) 055-60-89,user92405@example.ru,Казань,25.04.2024,,
c91745,,Егор Ермаков,+7 (962) 344-22-74,user91745@example.ru,С.-Петербург,27.12.2024,,
c101840,Глеб Зуев,,+79532152585,user101840@example.ru,Новосибирск,,2026-02-06,89022
c90855,,Мария Панина,+7 (939) 693-38-13,user90855@example.ru,Екатеринбург,18.08.2024,,
c102201,Елена Мешкова,,+79662636518,user102201@example.ru,Москва,,2026-02-28,124969
c105008,Наталья Панина,,+79445185077,user105008@example.ru,Санкт-Петербург,,2026-06-26,75043
c101787,,Лидия Осипова,+7 (930) 802-46-94,user101787@example.ru,С.-Петербург,25.02.2026,,
c103571,Денис Белых,,+79373348637,user103571@example.ru,Екатеринбург,,2026-01-05,139713
c105179,Полина Белых,,+79386292626,user105179@example.ru,Казань,,2026-02-26,71772
c100311,Вера Зуева,,+79397982669,user100311@example.ru,Красноярск,,2026-04-18,32406
c101331,Егор Юдин,,+79717520106,user101331@example.ru,Красноярск,,2026-06-20,127156
c91553,,Артур Белых,+7 (910) 105-81-57,user91553@example.ru,Казань,05.06.2025,,
c103793,Анна Ковальчук,,+79180796076,user103793@example.ru,Казань,,2026-05-09,22159
c100437,Кирилл Сорокин,,+79791008448,user100437@example.ru,Красноярск,,2026-04-09,134921
c91395,,Лидия Юдина,+7 (999) 818-69-64,user91395@example.ru,Новосибирск,26.03.2025,,
c91383,,Тимур Шилов,+7 (941) 102-37-82,user91383@example.ru,Екатеринбург,25.03.2025,,
c92348,,Мария Лаптева,+7 (911) 140-45-69,user92348@example.ru,Красноярск,10.01.2026,,
c103801,Елена Лаптева,,+79219770592,user103801@example.ru,Екатеринбург,,2026-01-05,130711
c106563,Мария Панина,,+79629749133,user106563@example.ru,Санкт-Петербург,,2026-06-23,177652
c102951,Анна Панина,,+79964615600,user102951@example.ru,Москва,,2026-08-12,90144
c102017,Алиса Тихонова,,+79891196468,user102017@example.ru,Казань,,2026-01-26,79320
c101383,Кирилл Ермаков,,+79274136677,user101383@example.ru,Красноярск,,2026-05-15,13064
c104318,Алиса Сорокина,,+79342817769,user104318@example.ru,Казань,,2026-04-24,69859
c90933,,Алиса Сорокина,+7 (929) 527-72-47,user90933@example.ru,Красноярск,09.06.2024,,
c92375,,Мария Тихонова,+7 (941) 581-31-11,user92375@example.ru,Новосибирск,26.03.2024,,
c104608,Игорь Сорокин,,+79653898324,user104608@example.ru,Санкт-Петербург,,2026-06-20,95187
c100857,Анна Тихонова,,+79389264121,user100857@example.ru,Красноярск,,2026-04-23,119639
c102453,Алиса Шилова,,+79766702497,user102453@example.ru,Красноярск,,2026-04-08,124889
c106013,Артур Панин,,+79126829699,user106013@example.ru,Екатеринбург,,2026-07-06,81793
c103090,Денис Сорокин,,+79120412599,user103090@example.ru,Екатеринбург,,2026-03-30,37765
c100297,Глеб Зуев,,+79784309338,user100297@example.ru,Красноярск,,2026-05-15,16868
c91298,,Игорь Ковальчук,+7 (960) 229-08-40,user91298@example.ru,С.-Петербург,15.09.2025,,
c101549,Анна Зуева,,+79905585264,user101549@example.ru,Новосибирск,,2026-05-01,71545
c90862,,Роман Савельев,+7 (988) 514-45-47,user90862@example.ru,Казань,26.12.2025,,
c103625,Денис Осипов,,+79226300661,user103625@example.ru,Москва,,2026-08-02,109532
c103400,Игорь Юдин,,+79194653639,user103400@example.ru,Красноярск,,2026-07-11,88082
c100597,Мария Белых,,+79330832169,user100597@example.ru,Санкт-Петербург,,2026-04-10,82883
c100516,Елена Тихонова,,+79512973269,user100516@example.ru,Казань,,2026-08-14,131924
c101685,Максим Осипов,,+79504443060,user101685@example.ru,Красноярск,,2026-05-01,149265
c106615,Юлия Нестерова,,+79836727882,user106615@example.ru,Новосибирск,,2026-07-08,5391
c102256,Алиса Осипова,,+79922202643,user102256@example.ru,Санкт-Петербург,,2026-09-07,143619
c105193,Кирилл Панин,,+79815975378,user105193@example.ru,Екатеринбург,,2026-04-21,634
c90222,,Анна Сорокина,+7 (927) 950-24-48,user90222@example.ru,Красноярск,08.08.2024,,
c105373,Мария Панина,,+79877254619,user105373@example.ru,Красноярск,,2026-02-14,23496
c102037,Игорь Сорокин,,+79318494842,user102037@example.ru,Санкт-Петербург,,2026-08-27,161823
c90089,,Наталья Нестерова,+7 (989) 987-31-02,user90089@example.ru,С.-Петербург,20.04.2026,,
c103585,Артур Мешков,,+79627052351,user103585@example.ru,Москва,,2026-05-11,160926
c101550,Максим Белых,,+79817102384,user101550@example.ru,Санкт-Петербург,,2026-02-21,122634
c104897,Полина Савельева,,+79756034215,user104897@example.ru,Красноярск,,2026-06-26,34665
c100014,Анна Савельева,,+79949370969,user100014@example.ru,Новосибирск,,2026-05-02,26326
c106237,Елена Нестерова,,+79206743331,user106237@example.ru,Екатеринбург,,2026-06-10,165614
c106437,Тимур Тихонов,,+79248457284,user106437@example.ru,Новосибирск,,2026-08-01,121710
c100390,Лидия Осипова,,+79329792742,user100390@example.ru,Красноярск,,2026-01-06,178832
c104038,,Елена Юдина,+7 (978) 322-57-35,user104038@example.ru,Москва,18.05.2025,,
c91593,,Елена Крылова,+7 (997) 191-82-27,user91593@example.ru,С.-Петербург,15.06.2026,,
c92289,,Вера Тихонова,+7 (952) 055-76-65,user92289@example.ru,Новосибирск,03.07.2024,,
c102987,Юлия Гордеева,,+79245929001,user102987@example.ru,Екатеринбург,,2026-02-02,69117
c103484,Игорь Юдин,,+79211613922,user103484@example.ru,Казань,,2026-07-25,131292
c103813,Елена Нестерова,,+79406790063,user103813@example.ru,Новосибирск,,2026-04-07,151561
c90076,,Елена Шилова,+7 (986) 798-80-25,user90076@example.ru,С.-Петербург,22.11.2024,,
c101845,Кирилл Шилов,,+79592756635,user101845@example.ru,Екатеринбург,,2026-04-22,116117
c90570,,Анна Сорокина,+7 (956) 618-72-74,user90570@example.ru,Новосибирск,10.01.2025,,
c100007,Лидия Мешкова,,+79386635220,user100007@example.ru,Новосибирск,,2026-07-18,931
c91767,,Артур Осипов,+7 (956) 259-51-58,user91767@example.ru,Красноярск,11.05.2026,,
c103627,Игорь Гордеев,,+79853994206,user103627@example.ru,Красноярск,,2026-02-19,69653
c100512,Игорь Крылов,,+79842815074,user100512@example.ru,Красноярск,,2026-08-30,124479
c106298,,Денис Савельев,+7 (939) 240-34-75,user106298@example.ru,Москва,28.02.2024,,
c104624,Кирилл Осипов,,+79580916459,user104624@example.ru,Красноярск,,2026-09-06,172132
c105648,,Елена Панина,+7 (985) 291-72-29,user105648@example.ru,Казань,22.10.2025,,
c103970,Тимур Панин,,+79239234752,user103970@example.ru,Екатеринбург,,2026-08-15,84833
c101596,Павел Нестеров,,+79431065112,user101596@example.ru,Красноярск,,2026-09-04,161337
c103423,Кирилл Гордеев,,+79728841074,user103423@example.ru,Санкт-Петербург,,2026-07-13,82366
c100982,Тимур Шилов,,+79538117548,user100982@example.ru,Казань,,2026-06-16,1396
c105088,Денис Савельев,,+79375387857,user105088@example.ru,Екатеринбург,,2026-04-22,17306
c101738,Кирилл Нестеров,,+79427551685,user101738@example.ru,Казань,,2026-09-06,68297
c105740,Денис Шилов,,+79315522294,user105740@example.ru,Красноярск,,2026-02-17,164324
c104822,Тимур Зуев,,+79806230406,user104822@example.ru,Новосибирск,,2026-07-03,169049
c104862,Павел Мешков,,+79266672063,user104862@example.ru,Казань,,2026-01-15,136666
c105123,Лидия Панина,,+79792061659,user105123@example.ru,Екатеринбург,,2026-04-14,179153
c100539,Лидия Юдина,,+79985579623,user100539@example.ru,Москва,,2026-03-24,41676
c90925,,Юлия Панина,+7 (984) 005-69-98,user90925@example.ru,Красноярск,19.01.2026,,
c90644,,Ольга Нестерова,+7 (994) 355-89-30,user90644@example.ru,Екатеринбург,25.04.2026,,
c90846,,Игорь Крылов,+7 (963) 410-23-98,user90846@example.ru,Красноярск,22.06.2025,,
c105578,Максим Осипов,,+79692641066,user105578@example.ru,Екатеринбург,,2026-04-24,46838
c101817,Тимур Тихонов,,+79109974848,user101817@example.ru,Новосибирск,,2026-05-06,137346
c100746,,Роман Ермаков,+7 (989) 162-68-70,user100746@example.ru,Москва,15.09.2024,,
c105384,Кирилл Ковальчук,,+79395625874,user105384@example.ru,Новосибирск,,2026-08-09,23693
c91485,,Полина Шилова,+7 (955) 571-98-50,user91485@example.ru,Казань,17.12.2025,,
c104823,Наталья Гордеева,,+79299515175,user104823@example.ru,Красноярск,,2026-03-21,116034
c105435,,Тимур Белых,+7 (990) 246-03-15,user105435@example.ru,Екатеринбург,27.08.2025,,
c91229,,Елена Крылова,+7 (962) 196-01-40,user91229@example.ru,Казань,30.04.2025,,
c103463,,Глеб Лаптев,+7 (994) 674-05-85,user103463@example.ru,Новосибирск,09.07.2024,,
c100196,,Егор Юдин,+7 (959) 215-34-67,user100196@example.ru,Казань,09.10.2025,,
c103020,Лидия Осипова,,+79483026465,user103020@example.ru,Екатеринбург,,2026-04-13,42770
c102703,,Глеб Тихонов,+7 (925) 105-20-36,user102703@example.ru,Новосибирск,05.11.2024,,
c106397,Артур Гордеев,,+79171264920,user106397@example.ru,Москва,,2026-04-17,31655
c106464,Мария Шилова,,+79413204929,user106464@example.ru,Казань,,2026-07-16,120068
c106353,Юлия Ермакова,,+79615933016,user106353@example.ru,Москва,,2026-03-13,158350
c104763,Егор Савельев,,+79987193741,user104763@example.ru,Казань,,2026-04-08,162877
c100789,Егор Мешков,,+79479913590,user100789@example.ru,Новосибирск,,2026-07-22,18165
c92064,,Максим Ермаков,+7 (981) 477-18-86,user92064@example.ru,Москва,06.01.2026,,
c100688,,Кирилл Гордеев,+7 (918) 849-50-33,user100688@example.ru,Казань,22.04.2025,,
c103436,Алиса Белых,,+79305594941,user103436@example.ru,Москва,,2026-09-07,102349
c92369,,Вера Ермакова,+7 (932) 388-84-47,user92369@example.ru,Москва,15.07.2025,,
c104468,Мария Шилова,,+79506198564,user104468@example.ru,Новосибирск,,2026-05-30,8414
c102499,Кирилл Шилов,,+79857354789,user102499@example.ru,Москва,,2026-07-02,114809
c100582,Кирилл Крылов,,+79782566159,user100582@example.ru,Новосибирск,,2026-03-06,175424
c105050,Лидия Осипова,,+79719263771,user105050@example.ru,Санкт-Петербург,,2026-04-23,151225
c90962,,Глеб Ермаков,+7 (996) 275-34-65,user90962@example.ru,Красноярск,06.05.2026,,
c104782,Вера Гордеева,,+79414498035,user104782@example.ru,Красноярск,,2026-02-21,139642
c102979,,Кирилл Зуев,+7 (995) 393-84-78,user102979@example.ru,Москва,18.05.2025,,
c100487,Роман Савельев,,+79454283812,user100487@example.ru,Екатеринбург,,2026-06-12,153652
c104037,,Мария Мешкова,+7 (978) 319-07-14,user104037@example.ru,Казань,27.12.2024,,
c101735,Тимур Ковальчук,,+79611066816,user101735@example.ru,Москва,,2026-07-01,34505
c101266,Кирилл Белых,,+79165918295,user101266@example.ru,Санкт-Петербург,,2026-04-01,40928
c104850,Лидия Шилова,,+79218701161,user104850@example.ru,Москва,,2026-01-18,24811
c103514,Лидия Ковальчук,,+79355602133,user103514@example.ru,Казань,,2026-06-09,41870
c106220,Наталья Панина,,+79138180848,user106220@example.ru,Новосибирск,,2026-07-03,8549
c105044,Вера Лаптева,,+79809416389,user105044@example.ru,Новосибирск,,2026-03-17,34761
c100642,,Глеб Сорокин,+7 (992) 792-90-40,user100642@example.ru,Москва,06.06.2024,,
c104599,Егор Сорокин,,+79864132655,user104599@example.ru,Санкт-Петербург,,2026-07-29,73439
c104886,Денис Зуев,,+79948762425,user104886@example.ru,Санкт-Петербург,,2026-03-03,91889
c91655,,Роман Нестеров,+7 (930) 150-21-65,user91655@example.ru,Новосибирск,21.05.2026,,
c100032,Наталья Зуева,,+79993374746,user100032@example.ru,Екатеринбург,,2026-01-12,46822
c106510,Полина Сорокина,,+79305771546,user106510@example.ru,Красноярск,,2026-05-14,98163
c100738,Павел Юдин,,+79324850786,user100738@example.ru,Москва,,2026-05-14,138403
c103823,Алиса Савельева,,+79978034265,user103823@example.ru,Красноярск,,2026-01-22,80345
c100104,Полина Савельева,,+79283341285,user100104@example.ru,Екатеринбург,,2026-05-02,100264
c92156,,Егор Нестеров,+7 (910) 636-94-94,user92156@example.ru,Екатеринбург,31.01.2024,,
c106646,Мария Белых,,+79905535163,user106646@example.ru,Москва,,2026-06-04,36333
c106667,Полина Белых,,+79930328600,user106667@example.ru,Санкт-Петербург,,2026-04-23,162919
c103301,Игорь Нестеров,,+79827690765,user103301@example.ru,Москва,,2026-05-04,68496
c90726,,Юлия Мешкова,+7 (950) 075-36-20,user90726@example.ru,Красноярск,12.03.2026,,
c90972,,Юлия Юдина,+7 (978) 633-01-01,user90972@example.ru,Москва,13.07.2025,,
c106293,Игорь Крылов,,+79383146344,user106293@example.ru,Санкт-Петербург,,2026-06-26,52383
c92299,,Ольга Гордеева,+7 (939) 548-70-01,user92299@example.ru,Екатеринбург,03.04.2024,,
c101694,Лидия Шилова,,+79803682152,user101694@example.ru,Санкт-Петербург,,2026-08-03,31540
c105328,Алиса Белых,,+79926021875,user105328@example.ru,Казань,,2026-01-21,84826
c106448,Роман Ковальчук,,+79220587820,user106448@example.ru,Новосибирск,,2026-03-10,69546
c103155,Тимур Савельев,,+79385913536,user103155@example.ru,Красноярск,,2026-04-16,44689
c103783,Юлия Сорокина,,+79445689946,user103783@example.ru,Казань,,2026-07-06,65047
c103312,Ольга Панина,,+79273346945,user103312@example.ru,Екатеринбург,,2026-06-10,120816
c91517,,Денис Ермаков,+7 (950) 110-41-06,user91517@example.ru,Екатеринбург,28.02.2025,,
c91438,,Вера Лаптева,+7 (993) 414-37-47,user91438@example.ru,Москва,16.10.2024,,
c102141,Кирилл Крылов,,+79575278273,user102141@example.ru,Красноярск,,2026-07-01,101533
c101219,Егор Гордеев,,+79730601975,user101219@example.ru,Новосибирск,,2026-07-14,104846
c90369,,Денис Ковальчук,+7 (928) 603-93-64,user90369@example.ru,Екатеринбург,29.06.2026,,
c91937,,Тимур Тихонов,+7 (950) 954-52-71,user91937@example.ru,Красноярск,18.04.2025,,
c102867,Денис Сорокин,,+79403382004,user102867@example.ru,Новосибирск,,2026-04-17,8887
c92241,,Елена Гордеева,+7 (972) 402-23-97,user92241@example.ru,Екатеринбург,13.02.2024,,
c100974,Максим Нестеров,,+79869625498,user100974@example.ru,Новосибирск,,2026-04-26,7405
c105408,Лидия Гордеева,,+79541947189,user105408@example.ru,Красноярск,,2026-03-30,30261
c100456,Максим Мешков,,+79926884303,user100456@example.ru,Красноярск,,2026-02-25,21369
c104981,Юлия Панина,,+79674915793,user104981@example.ru,Красноярск,,2026-09-08,54969
c91125,,Роман Гордеев,+7 (936) 009-91-26,user91125@example.ru,Красноярск,21.02.2026,,
c91725,,Артур Юдин,+7 (925) 433-76-06,user91725@example.ru,Екатеринбург,25.10.2025,,
c102892,,Тимур Зуев,+7 (955) 508-28-58,user102892@example.ru,Казань,30.08.2024,,
c102024,Полина Осипова,,+79709088152,user102024@example.ru,Красноярск,,2026-08-31,160793
c102280,Кирилл Лаптев,,+79519387835,user102280@example.ru,Казань,,2026-02-18,101536
c106272,,Полина Ермакова,+7 (950) 189-20-45,user106272@example.ru,Красноярск,05.12.2025,,
c106266,Глеб Осипов,,+79175426392,user106266@example.ru,Красноярск,,2026-02-01,168194
c91751,,Юлия Крылова,+7 (983) 122-68-09,user91751@example.ru,Казань,06.12.2024,,
c91075,,Юлия Юдина,+7 (947) 415-09-24,user91075@example.ru,С.-Петербург,23.09.2024,,
c101123,,Егор Тихонов,+7 (962) 637-92-08,user101123@example.ru,Новосибирск,18.03.2026,,
c101966,Вера Сорокина,,+79803447141,user101966@example.ru,Новосибирск,,2026-08-27,116548
c100371,Мария Нестерова,,+79322223633,user100371@example.ru,Казань,,2026-07-31,115023
c105460,Павел Сорокин,,+79917280189,user105460@example.ru,Красноярск,,2026-04-03,59558
c102292,Полина Панина,,+79485340705,user102292@example.ru,Санкт-Петербург,,2026-08-23,124972
c104239,Артур Зуев,,+79288004935,user104239@example.ru,Санкт-Петербург,,2026-04-05,17729
c104935,Егор Нестеров,,+79247042394,user104935@example.ru,Москва,,2026-08-18,47486
c91373,,Павел Мешков,+7 (928) 976-08-93,user91373@example.ru,Москва,05.04.2025,,
c100633,Кирилл Юдин,,+79571362191,user100633@example.ru,Санкт-Петербург,,2026-05-20,94844
c101146,Наталья Тихонова,,+79217254006,user101146@example.ru,Санкт-Петербург,,2026-07-22,49287
c101008,Вера Савельева,,+79777357264,user101008@example.ru,Красноярск,,2026-06-11,7730
c105919,Анна Мешкова,,+79391756593,user105919@example.ru,Санкт-Петербург,,2026-02-19,145133
c103241,Мария Мешкова,,+79483932786,user103241@example.ru,Новосибирск,,2026-07-29,165719
c101953,Анна Нестерова,,+79556604379,user101953@example.ru,Санкт-Петербург,,2026-06-03,64487
c102655,,Елена Лаптева,+7 (962) 457-99-47,user102655@example.ru,Казань,02.05.2024,,
c101984,Павел Ковальчук,,+79359679384,user101984@example.ru,Москва,,2026-05-13,38230
c101129,Мария Мешкова,,+79839671947,user101129@example.ru,Екатеринбург,,2026-05-04,128988
c102838,Мария Белых,,+79780893670,user102838@example.ru,Казань,,2026-01-27,48071
c90508,,Анна Ковальчук,+7 (958) 500-55-05,user90508@example.ru,С.-Петербург,17.10.2025,,
c106193,Глеб Мешков,,+79675963939,user106193@example.ru,Красноярск,,2026-06-26,935
c104985,Наталья Лаптева,,+79369355631,user104985@example.ru,Красноярск,,2026-07-15,62922
c105536,Ольга Ермакова,,+79531726605,user105536@example.ru,Казань,,2026-02-08,104877
c91415,,Алиса Ковальчук,+7 (934) 128-27-27,user91415@example.ru,Екатеринбург,21.03.2025,,
c102311,,Полина Шилова,+7 (921) 734-57-64,user102311@example.ru,Москва,30.03.2026,,
c91254,,Полина Шилова,+7 (910) 092-26-17,user91254@example.ru,Москва,30.06.2024,,
c91203,,Егор Сорокин,+7 (924) 098-57-03,user91203@example.ru,Новосибирск,20.01.2024,,
c91762,,Тимур Осипов,+7 (985) 567-10-69,user91762@example.ru,С.-Петербург,21.10.2024,,
c103529,Артур Мешков,,+79757619406,user103529@example.ru,Новосибирск,,2026-06-27,132911
c90955,,Полина Нестерова,+7 (971) 191-86-39,user90955@example.ru,Екатеринбург,10.03.2026,,
c103946,Мария Лаптева,,+79156090390,user103946@example.ru,Москва,,2026-04-22,67850
c104268,,Анна Лаптева,+7 (955) 537-97-90,user104268@example.ru,Екатеринбург,08.02.2026,,
c105083,Лидия Тихонова,,+79327255873,user105083@example.ru,Красноярск,,2026-06-17,10502
c103249,Егор Лаптев,,+79953561274,user103249@example.ru,Москва,,2026-08-22,33610
c106642,Кирилл Савельев,,+79234997447,user106642@example.ru,Санкт-Петербург,,2026-03-23,4134
c104361,Елена Осипова,,+79682423710,user104361@example.ru,Санкт-Петербург,,2026-01-23,86462
c100149,Полина Мешкова,,+79785344664,user100149@example.ru,Екатеринбург,,2026-09-06,14234
c105533,Ольга Шилова,,+79552439324,user105533@example.ru,Екатеринбург,,2026-06-24,148068
c101453,Кирилл Лаптев,,+79789300656,user101453@example.ru,Екатеринбург,,2026-02-23,59794
c104220,Алиса Шилова,,+79216909691,user104220@example.ru,Екатеринбург,,2026-02-24,131588
c90403,,Максим Юдин,+7 (924) 059-19-74,user90403@example.ru,Новосибирск,16.07.2024,,
c103845,Наталья Сорокина,,+79774690795,user103845@example.ru,Екатеринбург,,2026-05-25,24403
c90961,,Лидия Осипова,+7 (958) 140-48-35,user90961@example.ru,С.-Петербург,23.10.2025,,
c100123,Анна Нестерова,,+79743476955,user100123@example.ru,Москва,,2026-08-31,78807
c102513,Вера Шилова,,+79893511452,user102513@example.ru,Москва,,2026-02-13,140625
c106107,Наталья Нестерова,,+79344407752,user106107@example.ru,Санкт-Петербург,,2026-09-10,34693
c106502,Денис Юдин,,+79732588530,user106502@example.ru,Казань,,2026-07-29,50384
c103038,,Елена Осипова,+7 (947) 220-59-15,user103038@example.ru,Казань,24.04.2025,,
c103833,Егор Гордеев,,+79690778082,user103833@example.ru,Санкт-Петербург,,2026-07-01,22627
c103446,Тимур Савельев,,+79953081179,user103446@example.ru,Москва,,2026-02-15,178986
c100967,Алиса Мешкова,,+79332184178,user100967@example.ru,Санкт-Петербург,,2026-04-05,167422
c105575,Игорь Осипов,,+79907339097,user105575@example.ru,Новосибирск,,2026-08-15,57576
c92343,,Максим Осипов,+7 (993) 286-91-61,user92343@example.ru,Москва,25.03.2024,,
c102388,Артур Ермаков,,+79660244772,user102388@example.ru,Красноярск,,2026-01-24,26302
c105891,Наталья Зуева,,+79368747766,user105891@example.ru,Екатеринбург,,2026-05-06,11766
c104331,Наталья Тихонова,,+79402541612,user104331@example.ru,Санкт-Петербург,,2026-05-06,97531
c90094,,Тимур Шилов,+7 (984) 641-83-85,user90094@example.ru,С.-Петербург,23.08.2025,,
c105834,Ольга Гордеева,,+79716238914,user105834@example.ru,Красноярск,,2026-03-07,48429
c91368,,Максим Панин,+7 (924) 165-48-95,user91368@example.ru,Новосибирск,25.03.2025,,
c104961,Мария Ковальчук,,+79924465176,user104961@example.ru,Красноярск,,2026-07-19,92393
c100291,Денис Белых,,+79443637701,user100291@example.ru,Санкт-Петербург,,2026-05-16,10577
c100811,Мария Мешкова,,+79989191392,user100811@example.ru,Санкт-Петербург,,2026-05-03,112261
c104700,Анна Зуева,,+79458917474,user104700@example.ru,Казань,,2026-02-02,118038
c100383,Наталья Нестерова,,+79280678907,user100383@example.ru,Казань,,2026-08-10,140751
c106186,Ольга Нестерова,,+79541023962,user106186@example.ru,Москва,,2026-07-06,115185
c101891,Игорь Тихонов,,+79643206265,user101891@example.ru,Санкт-Петербург,,2026-02-06,6182
c105334,Лидия Гордеева,,+79970107747,user105334@example.ru,Санкт-Петербург,,2026-05-05,155053
c103080,Тимур Панин,,+79990003228,user103080@example.ru,Москва,,2026-04-26,38761
c103225,Павел Осипов,,+79924125252,user103225@example.ru,Красноярск,,2026-03-27,88135
c103152,Роман Зуев,,+79328611669,user103152@example.ru,Новосибирск,,2026-04-15,72800
c101248,Денис Осипов,,+79848228364,user101248@example.ru,Москва,,2026-01-12,130737
c92218,,Наталья Белых,+7 (939) 852-21-45,user92218@example.ru,С.-Петербург,16.01.2026,,
c101520,Кирилл Шилов,,+79351486638,user101520@example.ru,Красноярск,,2026-03-03,37009
c105589,Вера Тихонова,,+79483004257,user105589@example.ru,Москва,,2026-04-11,56843
c90120,,Вера Ермакова,+7 (995) 020-04-70,user90120@example.ru,Новосибирск,01.03.2024,,
c91671,,Артур Тихонов,+7 (952) 237-32-24,user91671@example.ru,Екатеринбург,03.06.2024,,
c104130,Юлия Белых,,+79513497606,user104130@example.ru,Екатеринбург,,2026-02-15,178242
c106159,Мария Ермакова,,+79559031997,user106159@example.ru,Красноярск,,2026-04-01,49724
c90230,,Роман Крылов,+7 (950) 705-76-54,user90230@example.ru,С.-Петербург,16.11.2024,,
c106594,Денис Юдин,,+79744587479,user106594@example.ru,Москва,,2026-08-07,142298
c100363,Юлия Осипова,,+79827926632,user100363@example.ru,Казань,,2026-08-16,42815
c91228,,Игорь Белых,+7 (922) 928-06-53,user91228@example.ru,Новосибирск,26.12.2024,,
c103112,,Денис Зуев,+7 (936) 335-67-38,user103112@example.ru,Казань,02.08.2024,,
c103989,Денис Тихонов,,+79903667836,user103989@example.ru,Красноярск,,2026-07-10,43383
c106786,Мария Зуева,,+79480934536,user106786@example.ru,Екатеринбург,,2026-02-02,178254
c103690,Роман Крылов,,+79492751893,user103690@example.ru,Новосибирск,,2026-02-08,16316
c105140,Полина Сорокина,,+79502251278,user105140@example.ru,Москва,,2026-09-11,125137
c100816,Егор Белых,,+79706350360,user100816@example.ru,Екатеринбург,,2026-02-20,133104
c101761,Елена Тихонова,,+79643481760,user101761@example.ru,Новосибирск,,2026-01-09,25292
c91685,,Лидия Панина,+7 (986) 488-16-10,user91685@example.ru,С.-Петербург,16.05.2024,,
c90093,,Глеб Ермаков,+7 (911) 820-41-22,user90093@example.ru,Москва,01.09.2025,,
c103071,Елена Юдина,,+79417485481,user103071@example.ru,Екатеринбург,,2026-03-02,169154
c91936,,Мария Юдина,+7 (913) 065-96-33,user91936@example.ru,Екатеринбург,06.02.2026,,
c103324,Максим Зуев,,+79587370142,user103324@example.ru,Новосибирск,,2026-02-06,23252
c103589,,Павел Нестеров,+7 (936) 844-23-95,user103589@example.ru,Екатеринбург,25.02.2024,,
c100980,Игорь Савельев,,+79108987941,user100980@example.ru,Красноярск,,2026-03-25,136721
c91496,,Юлия Белых,+7 (937) 306-27-60,user91496@example.ru,С.-Петербург,28.04.2026,,
c90870,,Алиса Зуева,+7 (966) 723-65-15,user90870@example.ru,С.-Петербург,18.07.2025,,
c104418,Глеб Шилов,,+79713417353,user104418@example.ru,Казань,,2026-04-05,123542
c91899,,Мария Лаптева,+7 (948) 547-34-57,user91899@example.ru,Екатеринбург,12.05.2025,,
c100722,Елена Ермакова,,+79939322969,user100722@example.ru,Екатеринбург,,2026-08-13,169373
c101410,,Алиса Лаптева,+7 (918) 929-71-82,user101410@example.ru,Красноярск,05.06.2025,,
c100553,Юлия Юдина,,+79921787994,user100553@example.ru,Санкт-Петербург,,2026-01-10,89900
c105507,Роман Нестеров,,+79985423083,user105507@example.ru,Екатеринбург,,2026-03-02,107356
c101017,Алиса Тихонова,,+79291007426,user101017@example.ru,Екатеринбург,,2026-06-07,44122
c100659,Роман Шилов,,+79672634664,user100659@example.ru,Екатеринбург,,2026-09-06,10286
c101298,Максим Тихонов,,+79432023329,user101298@example.ru,Красноярск,,2026-06-14,111700
c104942,Денис Тихонов,,+79583702892,user104942@example.ru,Казань,,2026-01-25,92633
c103817,Глеб Лаптев,,+79764206436,user103817@example.ru,Красноярск,,2026-03-25,150490
c101355,Ольга Панина,,+79987324936,user101355@example.ru,Москва,,2026-08-01,110881
c100425,Анна Мешкова,,+79667964612,user100425@example.ru,Красноярск,,2026-03-22,96904
c105837,Ольга Сорокина,,+79841010473,user105837@example.ru,Екатеринбург,,2026-08-02,124345
c100292,Глеб Тихонов,,+79713560129,user100292@example.ru,Красноярск,,2026-03-03,13356
c105493,Лидия Нестерова,,+79213890126,user105493@example.ru,Казань,,2026-03-01,119515
c101623,Игорь Зуев,,+79109224849,user101623@example.ru,Казань,,2026-05-12,50579
c106413,Полина Зуева,,+79908658157,user106413@example.ru,Екатеринбург,,2026-06-27,73803
c101507,Глеб Гордеев,,+79701129222,user101507@example.ru,Санкт-Петербург,,2026-07-23,44711
c104964,Лидия Тихонова,,+79607608010,user104964@example.ru,Новосибирск,,2026-05-17,83469
c100904,Артур Лаптев,,+79493763023,user100904@example.ru,Санкт-Петербург,,2026-03-30,40979
c105847,Полина Лаптева,,+79411140772,user105847@example.ru,Красноярск,,2026-07-10,103137
c104947,Вера Ковальчук,,+79763729052,user104947@example.ru,Красноярск,,2026-05-12,36650
c104152,Елена Тихонова,,+79172690707,user104152@example.ru,Красноярск,,2026-02-09,151936
c91710,,Кирилл Юдин,+7 (952) 871-29-79,user91710@example.ru,Казань,12.07.2025,,
c104303,Кирилл Нестеров,,+79333727889,user104303@example.ru,Красноярск,,2026-06-21,12356
c106486,,Тимур Ковальчук,+7 (914) 103-00-68,user106486@example.ru,Казань,20.01.2024,,
c101240,Роман Юдин,,+79555452778,user101240@example.ru,Екатеринбург,,2026-08-28,114690
c103474,Егор Лаптев,,+79518369958,user103474@example.ru,Красноярск,,2026-02-20,73951
c104441,Тимур Шилов,,+79524478247,user104441@example.ru,Екатеринбург,,2026-06-05,24936
c103270,Максим Гордеев,,+79538797805,user103270@example.ru,Красноярск,,2026-02-18,94933
c90399,,Анна Крылова,+7 (959) 252-85-67,user90399@example.ru,С.-Петербург,31.10.2025,,
c104373,Артур Гордеев,,+79883762332,user104373@example.ru,Москва,,2026-03-09,9379
c100268,Анна Сорокина,,+79797939996,user100268@example.ru,Казань,,2026-02-28,8136
c105725,Анна Крылова,,+79327333078,user105725@example.ru,Санкт-Петербург,,2026-08-11,21906
c103951,Наталья Лаптева,,+79829026241,user103951@example.ru,Москва,,2026-05-02,101252
c106036,Юлия Крылова,,+79262222513,user106036@example.ru,Екатеринбург,,2026-08-02,41160
c101055,,Ольга Панина,+7 (962) 427-91-40,user101055@example.ru,Казань,27.10.2025,,
c102385,Мария Осипова,,+79232898152,user102385@example.ru,Москва,,2026-05-14,16090
c104630,,Мария Осипова,+7 (965) 279-37-13,user104630@example.ru,С.-Петербург,06.08.2024,,
c106068,Ольга Сорокина,,+79803699413,user106068@example.ru,Казань,,2026-09-02,4522
c101043,Роман Мешков,,+79502344239,user101043@example.ru,Москва,,2026-06-23,58534
c101015,Елена Шилова,,+79675513312,user101015@example.ru,Казань,,2026-06-28,112545
c106895,Мария Тихонова,,+79804622025,user106895@example.ru,Санкт-Петербург,,2026-07-22,46382
c102765,Мария Тихонова,,+79250436073,user102765@example.ru,Красноярск,,2026-04-09,10691
c102527,Глеб Тихонов,,+79369805805,user102527@example.ru,Казань,,2026-02-11,76013
c101438,Мария Юдина,,+79245580253,user101438@example.ru,Красноярск,,2026-08-26,106258
c101334,Кирилл Юдин,,+79247492930,user101334@example.ru,Новосибирск,,2026-08-17,148988
c103049,Денис Тихонов,,+79103300965,user103049@example.ru,Екатеринбург,,2026-09-05,51456
c91455,,Елена Панина,+7 (914) 142-31-90,user91455@example.ru,Москва,21.08.2024,,
c100290,Павел Крылов,,+79707003624,user100290@example.ru,Казань,,2026-04-04,101935
c101743,Анна Осипова,,+79219825950,user101743@example.ru,Санкт-Петербург,,2026-01-26,9830
c100734,Елена Осипова,,+79143223092,user100734@example.ru,Санкт-Петербург,,2026-02-15,56180
c101665,Анна Мешкова,,+79398064818,user101665@example.ru,Казань,,2026-05-24,38416
c100110,Анна Крылова,,+79513083548,user100110@example.ru,Екатеринбург,,2026-01-19,63858
c106400,Игорь Сорокин,,+79870035894,user106400@example.ru,Новосибирск,,2026-02-01,153410
c104709,Глеб Лаптев,,+79352357139,user104709@example.ru,Екатеринбург,,2026-01-22,168125
c101128,Мария Зуева,,+79971271519,user101128@example.ru,Красноярск,,2026-05-04,121254
c104775,Наталья Ермакова,,+79896230865,user104775@example.ru,Красноярск,,2026-03-27,49277
c90155,,Юлия Юдина,+7 (925) 211-29-78,user90155@example.ru,Новосибирск,05.05.2026,,
c104564,Роман Гордеев,,+79240377153,user104564@example.ru,Екатеринбург,,2026-01-04,43099
c90626,,Ольга Мешкова,+7 (973) 896-48-64,user90626@example.ru,С.-Петербург,22.10.2025,,
c100090,Ольга Белых,,+79104204739,user100090@example.ru,Новосибирск,,2026-03-26,162192
c103412,Егор Тихонов,,+79132262701,user103412@example.ru,Екатеринбург,,2026-07-28,60298
c100074,Роман Панин,,+79189771754,user100074@example.ru,Санкт-Петербург,,2026-04-14,104745
c106285,Мария Лаптева,,+79218285907,user106285@example.ru,Красноярск,,2026-05-20,71420
c103009,Максим Сорокин,,+79183720536,user103009@example.ru,Москва,,2026-08-09,62352
c105424,Мария Сорокина,,+79349872260,user105424@example.ru,Екатеринбург,,2026-06-06,72732
c100495,Тимур Нестеров,,+79160106079,user100495@example.ru,Москва,,2026-07-10,179265
c105885,Наталья Гордеева,,+79336508405,user105885@example.ru,Санкт-Петербург,,2026-04-04,124089
c91906,,Ольга Осипова,+7 (968) 367-96-62,user91906@example.ru,Казань,26.05.2025,,
c101322,Максим Гордеев,,+79553709394,user101322@example.ru,Екатеринбург,,2026-04-05,40435
c100647,Игорь Сорокин,,+79732132112,user100647@example.ru,Красноярск,,2026-07-28,95998
c106389,Тимур Ермаков,,+79303496557,user106389@example.ru,Новосибирск,,2026-01-20,87530
c104225,Роман Сорокин,,+79976454549,user104225@example.ru,Новосибирск,,2026-02-05,81705
c103219,Лидия Лаптева,,+79822388725,user103219@example.ru,Екатеринбург,,2026-02-17,77033
c92275,,Роман Гордеев,+7 (961) 356-16-56,user92275@example.ru,Новосибирск,09.03.2025,,
c104090,Елена Зуева,,+79943221028,user104090@example.ru,Санкт-Петербург,,2026-04-11,136544
c105430,Павел Лаптев,,+79318112466,user105430@example.ru,Москва,,2026-04-09,39917
c90330,,Тимур Гордеев,+7 (985) 666-77-50,user90330@example.ru,Новосибирск,29.03.2025,,
c103136,Елена Панина,,+79116695390,user103136@example.ru,Екатеринбург,,2026-07-24,135024
c103192,Анна Зуева,,+79412589973,user103192@example.ru,Екатеринбург,,2026-01-11,56037
c100972,Мария Савельева,,+79627979931,user100972@example.ru,Новосибирск,,2026-07-29,153799
c90312,,Лидия Панина,+7 (931) 835-55-40,user90312@example.ru,Казань,09.04.2026,,
c101583,Глеб Юдин,,+79375055567,user101583@example.ru,Казань,,2026-02-20,143255
c100432,Егор Осипов,,+79877456862,user100432@example.ru,Новосибирск,,2026-01-21,70076
c91865,,Лидия Тихонова,+7 (954) 436-14-57,user91865@example.ru,Казань,24.01.2024,,
c103322,Алиса Лаптева,,+79202629594,user103322@example.ru,Екатеринбург,,2026-02-22,66571
c90061,,Елена Панина,+7 (975) 974-58-22,user90061@example.ru,Екатеринбург,03.10.2024,,
c102187,Денис Зуев,,+79996311950,user102187@example.ru,Казань,,2026-08-19,93896
c92143,,Наталья Шилова,+7 (988) 084-15-04,user92143@example.ru,Казань,27.02.2025,,
c90926,,Полина Савельева,+7 (925) 496-85-06,user90926@example.ru,Москва,06.07.2024,,
c101948,Юлия Ковальчук,,+79251321936,user101948@example.ru,Санкт-Петербург,,2026-07-17,137653
c106491,Алиса Шилова,,+79976248540,user106491@example.ru,Екатеринбург,,2026-03-11,50291
c103255,Тимур Ковальчук,,+79677281663,user103255@example.ru,Москва,,2026-04-15,11809
c102556,Анна Савельева,,+79726316321,user102556@example.ru,Новосибирск,,2026-08-21,112256
c106512,Полина Сорокина,,+79224421955,user106512@example.ru,Красноярск,,2026-04-01,40507
c101543,,Вера Зуева,+7 (956) 327-70-68,user101543@example.ru,Москва,15.04.2025,,
c90266,,Денис Савельев,+7 (914) 723-30-87,user90266@example.ru,С.-Петербург,04.07.2024,,
c104724,Игорь Юдин,,+79152189282,user104724@example.ru,Москва,,2026-08-14,25876
c102814,Елена Белых,,+79181466349,user102814@example.ru,Новосибирск,,2026-02-07,110570
c106070,Тимур Крылов,,+79943997795,user106070@example.ru,Москва,,2026-06-13,33729
c103706,Лидия Белых,,+79227468035,user103706@example.ru,Екатеринбург,,2026-03-27,133945
c106480,,Тимур Ковальчук,+7 (993) 143-19-79,user106480@example.ru,Новосибирск,20.11.2024,,
c102434,Егор Юдин,,+79780169344,user102434@example.ru,Красноярск,,2026-07-05,110313
c100129,,Артур Гордеев,+7 (964) 555-64-34,user100129@example.ru,Москва,26.01.2026,,
c106134,,Игорь Гордеев,+7 (939) 189-31-47,user106134@example.ru,Казань,20.02.2024,,
c101688,Лидия Белых,,+79466781900,user101688@example.ru,Санкт-Петербург,,2026-04-24,89842
c90321,,Роман Тихонов,+7 (932) 052-04-93,user90321@example.ru,Казань,04.05.2025,,
c101154,,Максим Белых,+7 (928) 427-04-65,user101154@example.ru,Москва,22.01.2025,,
c106339,Алиса Мешкова,,+79290557719,user106339@example.ru,Казань,,2026-05-30,60777
c100187,Наталья Гордеева,,+79214725448,user100187@example.ru,Екатеринбург,,2026-03-27,170033
c90852,,Максим Сорокин,+7 (962) 763-47-89,user90852@example.ru,Екатеринбург,04.02.2026,,
c104483,Елена Мешкова,,+79638876438,user104483@example.ru,Новосибирск,,2026-04-20,135237
c103855,Полина Ковальчук,,+79966564607,user103855@example.ru,Москва,,2026-06-26,29542
c102560,Полина Ковальчук,,+79574785873,user102560@example.ru,Екатеринбург,,2026-04-08,89348
c101232,Лидия Юдина,,+79583229477,user101232@example.ru,Красноярск,,2026-05-05,28687
c106113,Глеб Мешков,,+79805937893,user106113@example.ru,Казань,,2026-08-30,42455
c105831,Вера Панина,,+79592330869,user105831@example.ru,Санкт-Петербург,,2026-08-06,40921
c102428,Кирилл Сорокин,,+79116116264,user102428@example.ru,Красноярск,,2026-01-29,65412
c102926,Вера Шилова,,+79436190799,user102926@example.ru,Москва,,2026-06-18,113419
c101650,,Роман Крылов,+7 (924) 865-96-71,user101650@example.ru,Новосибирск,21.05.2024,,
c102153,,Ольга Тихонова,+7 (937) 397-20-80,user102153@example.ru,С.-Петербург,27.04.2026,,
c91237,,Максим Гордеев,+7 (981) 376-47-42,user91237@example.ru,Новосибирск,06.12.2024,,
c91061,,Кирилл Юдин,+7 (922) 567-08-92,user91061@example.ru,Казань,19.05.2026,,
c104341,Павел Осипов,,+79434294505,user104341@example.ru,Санкт-Петербург,,2026-09-11,72378
c92133,,Павел Крылов,+7 (954) 289-84-83,user92133@example.ru,Москва,17.05.2026,,
c102076,Игорь Шилов,,+79362316063,user102076@example.ru,Новосибирск,,2026-05-13,98398
c104696,,Полина Крылова,+7 (995) 938-90-89,user104696@example.ru,Казань,25.01.2025,,
c102224,,Анна Крылова,+7 (933) 441-33-45,user102224@example.ru,С.-Петербург,30.03.2026,,
c101416,Наталья Ковальчук,,+79804162189,user101416@example.ru,Красноярск,,2026-02-22,123940
c106121,Полина Белых,,+79471473919,user106121@example.ru,Казань,,2026-01-21,52550
c91363,,Вера Лаптева,+7 (922) 490-61-24,user91363@example.ru,Казань,26.07.2025,,
c91234,,Павел Белых,+7 (965) 272-43-95,user91234@example.ru,Екатеринбург,13.03.2026,,
c90859,,Елена Крылова,+7 (920) 501-78-13,user90859@example.ru,С.-Петербург,17.08.2024,,
c104452,Максим Шилов,,+79461110879,user104452@example.ru,Москва,,2026-03-10,7598
c105763,Тимур Юдин,,+79506925065,user105763@example.ru,Санкт-Петербург,,2026-01-26,101246
c101238,Вера Мешкова,,+79535049769,user101238@example.ru,Москва,,2026-01-20,121534
c100056,Анна Гордеева,,+79716819409,user100056@example.ru,Екатеринбург,,2026-08-30,89453
c102839,Алиса Тихонова,,+79683810156,user102839@example.ru,Новосибирск,,2026-02-23,147623
c103624,Мария Савельева,,+79948989141,user103624@example.ru,Новосибирск,,2026-08-04,103236
c105230,Елена Белых,,+79867073844,user105230@example.ru,Санкт-Петербург,,2026-02-12,51728
c105558,Денис Панин,,+79527740846,user105558@example.ru,Казань,,2026-04-27,67762
c104072,Анна Ковальчук,,+79107972511,user104072@example.ru,Новосибирск,,2026-04-14,5660
c101600,Полина Сорокина,,+79559172434,user101600@example.ru,Новосибирск,,2026-06-29,130823
c105254,Наталья Крылова,,+79763963233,user105254@example.ru,Казань,,2026-07-21,29955
c105571,,Ольга Гордеева,+7 (970) 680-88-70,user105571@example.ru,Екатеринбург,15.11.2025,,
c104672,Игорь Лаптев,,+79445994226,user104672@example.ru,Новосибирск,,2026-08-09,163262
c105188,Полина Ермакова,,+79597355936,user105188@example.ru,Красноярск,,2026-02-04,111274
c100551,Вера Осипова,,+79316619303,user100551@example.ru,Санкт-Петербург,,2026-04-01,6664
c100619,,Мария Панина,+7 (983) 845-74-92,user100619@example.ru,Екатеринбург,21.09.2024,,
c106655,,Кирилл Савельев,+7 (913) 142-04-06,user106655@example.ru,Новосибирск,26.03.2024,,
c103737,Наталья Тихонова,,+79358950359,user103737@example.ru,Красноярск,,2026-03-04,151681
c105409,Алиса Ковальчук,,+79613790702,user105409@example.ru,Екатеринбург,,2026-08-05,145195
c104873,,Елена Белых,+7 (986) 445-62-61,user104873@example.ru,Москва,07.09.2024,,
c106469,Кирилл Шилов,,+79321274998,user106469@example.ru,Екатеринбург,,2026-07-07,52091
c101985,Мария Юдина,,+79903324799,user101985@example.ru,Санкт-Петербург,,2026-03-26,86424
c102246,Анна Белых,,+79483753015,user102246@example.ru,Москва,,2026-09-07,177536
c102494,Юлия Тихонова,,+79408574038,user102494@example.ru,Новосибирск,,2026-08-01,104350
c103524,Лидия Савельева,,+79894304049,user103524@example.ru,Казань,,2026-02-23,22735
c92295,,Глеб Крылов,+7 (970) 265-56-63,user92295@example.ru,Новосибирск,15.02.2024,,
c101063,Роман Осипов,,+79661044984,user101063@example.ru,Казань,,2026-07-22,54449
c105586,Роман Осипов,,+79709198643,user105586@example.ru,Москва,,2026-06-15,121287
c90102,,Максим Осипов,+7 (936) 245-36-77,user90102@example.ru,Екатеринбург,24.01.2024,,
c101498,Анна Панина,,+79181788050,user101498@example.ru,Красноярск,,2026-05-22,31447
c91253,,Игорь Гордеев,+7 (984) 324-11-82,user91253@example.ru,Екатеринбург,10.05.2025,,
c102950,Анна Ермакова,,+79483440886,user102950@example.ru,Екатеринбург,,2026-07-06,140224
c102496,,Игорь Гордеев,+7 (914) 886-97-16,user102496@example.ru,Казань,25.07.2024,,
c104866,Ольга Панина,,+79831145881,user104866@example.ru,Новосибирск,,2026-03-14,98223
c106748,Игорь Лаптев,,+79286412993,user106748@example.ru,Екатеринбург,,2026-05-06,46970
c100295,Максим Тихонов,,+79314896609,user100295@example.ru,Санкт-Петербург,,2026-07-19,125792
c91460,,Алиса Ковальчук,+7 (920) 123-28-58,user91460@example.ru,Москва,16.01.2025,,
c105386,Игорь Мешков,,+79790518575,user105386@example.ru,Новосибирск,,2026-07-01,50578
c92220,,Вера Тихонова,+7 (950) 955-67-76,user92220@example.ru,Москва,06.10.2024,,
c106011,Алиса Шилова,,+79866076907,user106011@example.ru,Новосибирск,,2026-03-13,108128
c90740,,Глеб Мешков,+7 (939) 232-96-51,user90740@example.ru,Новосибирск,13.02.2025,,
c91304,,Полина Сорокина,+7 (960) 822-13-69,user91304@example.ru,Москва,26.10.2025,,
c91345,,Артур Сорокин,+7 (991) 668-92-68,user91345@example.ru,Новосибирск,21.06.2026,,
c100498,Игорь Тихонов,,+79694514485,user100498@example.ru,Казань,,2026-06-19,97459
c104628,Роман Шилов,,+79524103595,user104628@example.ru,Казань,,2026-05-14,31295
c101117,,Елена Тихонова,+7 (938) 134-37-40,user101117@example.ru,Красноярск,10.12.2024,,
c103709,Юлия Сорокина,,+79921946508,user103709@example.ru,Екатеринбург,,2026-04-30,51144
c90366,,Ольга Тихонова,+7 (997) 982-58-90,user90366@example.ru,Москва,17.01.2024,,
c105987,Тимур Савельев,,+79138240138,user105987@example.ru,Москва,,2026-08-28,52656
c105871,Мария Зуева,,+79192355956,user105871@example.ru,Казань,,2026-05-17,122086
c103557,Артур Тихонов,,+79761233848,user103557@example.ru,Екатеринбург,,2026-01-26,136691
c92253,,Вера Зуева,+7 (977) 564-61-31,user92253@example.ru,С.-Петербург,30.04.2025,,
c100266,Лидия Юдина,,+79175485943,user100266@example.ru,Екатеринбург,,2026-07-14,78370
c103167,Мария Шилова,,+79717689953,user103167@example.ru,Санкт-Петербург,,2026-06-04,140799
c104887,,Мария Сорокина,+7 (917) 455-60-92,user104887@example.ru,Екатеринбург,11.12.2024,,
c91503,,Тимур Панин,+7 (919) 441-89-67,user91503@example.ru,Казань,10.04.2026,,
c91501,,Мария Шилова,+7 (925) 663-18-71,user91501@example.ru,Новосибирск,11.01.2025,,
c90721,,Егор Савельев,+7 (942) 295-21-06,user90721@example.ru,Красноярск,18.06.2024,,
c91230,,Ольга Лаптева,+7 (916) 929-65-06,user91230@example.ru,Новосибирск,01.12.2024,,
c106359,Максим Сорокин,,+79380565766,user106359@example.ru,Казань,,2026-06-12,133540
c101824,Глеб Белых,,+79782087242,user101824@example.ru,Казань,,2026-07-10,157276
c104504,Денис Панин,,+79318205007,user104504@example.ru,Новосибирск,,2026-09-07,86818
c101723,Полина Белых,,+79235417177,user101723@example.ru,Санкт-Петербург,,2026-08-16,164717
c102491,Елена Тихонова,,+79557475957,user102491@example.ru,Москва,,2026-06-24,137907
c103923,Вера Шилова,,+79173404322,user103923@example.ru,Казань,,2026-05-29,135391
c105475,Ольга Осипова,,+79857267030,user105475@example.ru,Новосибирск,,2026-06-07,46104
c100404,Роман Савельев,,+79904325229,user100404@example.ru,Казань,,2026-08-14,88139
c100614,Лидия Юдина,,+79247264294,user100614@example.ru,Москва,,2026-08-25,75753
c103497,Тимур Сорокин,,+79786367967,user103497@example.ru,Новосибирск,,2026-02-04,157506
c91997,,Анна Юдина,+7 (970) 270-97-65,user91997@example.ru,Екатеринбург,20.04.2024,,
c104322,Егор Белых,,+79824033155,user104322@example.ru,Новосибирск,,2026-09-05,127992
c105158,Мария Осипова,,+79808211244,user105158@example.ru,Красноярск,,2026-08-01,77301
c103251,Юлия Ермакова,,+79366202585,user103251@example.ru,Москва,,2026-05-21,119945
c105944,Максим Зуев,,+79270227630,user105944@example.ru,Казань,,2026-03-22,178538
c90878,,Денис Белых,+7 (991) 375-67-61,user90878@example.ru,Казань,24.03.2026,,
c90856,,Мария Сорокина,+7 (950) 361-28-45,user90856@example.ru,Красноярск,30.11.2025,,
c101389,Максим Лаптев,,+79846033071,user101389@example.ru,Екатеринбург,,2026-03-05,83974
c100530,Глеб Крылов,,+79618801563,user100530@example.ru,Екатеринбург,,2026-04-28,117229
c104486,Полина Мешкова,,+79960482971,user104486@example.ru,Казань,,2026-03-28,51166
c102676,Егор Ермаков,,+79734710704,user102676@example.ru,Екатеринбург,,2026-07-23,155276
c100731,Игорь Зуев,,+79435664782,user100731@example.ru,Санкт-Петербург,,2026-01-26,143831
c105302,Вера Осипова,,+79901417714,user105302@example.ru,Екатеринбург,,2026-03-22,11784
c104604,Максим Юдин,,+79813366600,user104604@example.ru,Казань,,2026-04-20,134100
c103256,Роман Шилов,,+79890582071,user103256@example.ru,Казань,,2026-01-20,52742
c92365,,Ольга Ковальчук,+7 (914) 195-48-06,user92365@example.ru,Новосибирск,12.04.2024,,
c105716,Егор Мешков,,+79570920266,user105716@example.ru,Казань,,2026-04-14,104077
c100938,Денис Панин,,+79956737079,user100938@example.ru,Новосибирск,,2026-05-16,13142
c101803,Елена Осипова,,+79416918611,user101803@example.ru,Санкт-Петербург,,2026-03-10,84381
c103243,Елена Крылова,,+79910882152,user103243@example.ru,Казань,,2026-01-26,90852
c100999,Артур Осипов,,+79957086422,user100999@example.ru,Красноярск,,2026-06-20,129813
c105790,Елена Савельева,,+79805905355,user105790@example.ru,Новосибирск,,2026-07-17,13020
c90020,,Мария Ермакова,+7 (929) 550-79-99,user90020@example.ru,Казань,06.10.2025,,
c102845,Павел Шилов,,+79745183990,user102845@example.ru,Москва,,2026-02-05,71905
c105700,Лидия Зуева,,+79762352374,user105700@example.ru,Москва,,2026-08-04,103622
c90140,,Роман Юдин,+7 (973) 943-00-16,user90140@example.ru,Екатеринбург,23.12.2024,,
c100336,Павел Белых,,+79426154436,user100336@example.ru,Красноярск,,2026-05-12,74150
c90237,,Егор Гордеев,+7 (967) 512-60-00,user90237@example.ru,Казань,25.01.2026,,
c100460,Мария Ермакова,,+79837704420,user100460@example.ru,Москва,,2026-02-24,60417
c105791,,Елена Крылова,+7 (932) 855-35-10,user105791@example.ru,Красноярск,12.09.2025,,
c91141,,Наталья Ермакова,+7 (969) 381-77-45,user91141@example.ru,Красноярск,18.03.2024,,
c105858,Максим Тихонов,,+79682257112,user105858@example.ru,Красноярск,,2026-07-29,37827
c91584,,Роман Гордеев,+7 (974) 785-52-17,user91584@example.ru,Москва,16.01.2025,,
c104495,Павел Юдин,,+79157257506,user104495@example.ru,Екатеринбург,,2026-02-25,45973
c105569,Полина Зуева,,+79745212586,user105569@example.ru,Казань,,2026-02-17,173042
c101142,,Ольга Зуева,+7 (918) 694-21-64,user101142@example.ru,Екатеринбург,22.11.2025,,
c104013,Елена Мешкова,,+79477410992,user104013@example.ru,Новосибирск,,2026-04-27,49920
c103743,Елена Зуева,,+79346316233,user103743@example.ru,Казань,,2026-07-13,43832
c104610,Павел Ковальчук,,+79410722578,user104610@example.ru,Москва,,2026-08-18,60984
c91425,,Алиса Ермакова,+7 (996) 481-53-37,user91425@example.ru,С.-Петербург,25.01.2025,,
c101902,,Мария Савельева,+7 (946) 268-33-65,user101902@example.ru,Новосибирск,16.06.2025,,
c91513,,Роман Белых,+7 (981) 304-62-52,user91513@example.ru,С.-Петербург,06.04.2026,,
c90379,,Роман Ковальчук,+7 (942) 154-82-35,user90379@example.ru,Екатеринбург,22.10.2024,,
c91289,,Лидия Сорокина,+7 (987) 841-03-33,user91289@example.ru,Новосибирск,16.07.2024,,
c105447,Кирилл Ермаков,,+79358225382,user105447@example.ru,Новосибирск,,2026-02-27,67400
c105286,,Мария Сорокина,+7 (958) 646-98-37,user105286@example.ru,Новосибирск,18.04.2026,,
c102448,,Алиса Панина,+7 (921) 934-56-85,user102448@example.ru,Екатеринбург,05.03.2025,,
c104450,Тимур Ермаков,,+79898126846,user104450@example.ru,Екатеринбург,,2026-04-19,104345
c105382,,Елена Лаптева,+7 (924) 681-19-52,user105382@example.ru,Красноярск,13.04.2024,,
c90160,,Алиса Белых,+7 (980) 232-04-39,user90160@example.ru,Казань,28.08.2025,,
c105843,Лидия Нестерова,,+79975569402,user105843@example.ru,Казань,,2026-02-09,127780
c91444,,Полина Нестерова,+7 (983) 761-98-64,user91444@example.ru,Москва,23.09.2024,,
c102554,Лидия Мешкова,,+79486573791,user102554@example.ru,Екатеринбург,,2026-02-07,108089
c92233,,Анна Юдина,+7 (971) 076-82-66,user92233@example.ru,Москва,24.08.2024,,
c91897,,Наталья Панина,+7 (946) 156-85-89,user91897@example.ru,Екатеринбург,07.01.2025,,
c102057,Анна Юдина,,+79779834891,user102057@example.ru,Екатеринбург,,2026-01-13,113374
c101879,Елена Шилова,,+79553105843,user101879@example.ru,Санкт-Петербург,,2026-05-29,25669
c91174,,Павел Мешков,+7 (977) 048-02-67,user91174@example.ru,Москва,29.06.2025,,
c106040,Алиса Белых,,+79100522419,user106040@example.ru,Екатеринбург,,2026-01-31,141867
c105933,Тимур Нестеров,,+79393061753,user105933@example.ru,Красноярск,,2026-04-05,92892
c90240,,Елена Гордеева,+7 (910) 895-20-91,user90240@example.ru,Новосибирск,07.12.2025,,
c102068,Наталья Осипова,,+79778161887,user102068@example.ru,Москва,,2026-04-03,81177
c105167,Артур Ермаков,,+79276808738,user105167@example.ru,Красноярск,,2026-01-09,67042
c91992,,Кирилл Зуев,+7 (920) 656-00-97,user91992@example.ru,Новосибирск,28.02.2024,,
c102601,Максим Шилов,,+79468313316,user102601@example.ru,Санкт-Петербург,,2026-01-24,37542
c90296,,Мария Лаптева,+7 (970) 736-15-59,user90296@example.ru,Красноярск,13.02.2026,,
c100217,Кирилл Ермаков,,+79632966311,user100217@example.ru,Новосибирск,,2026-05-12,149673
c103487,Кирилл Юдин,,+79210810775,user103487@example.ru,Казань,,2026-03-19,109754
c103857,Егор Зуев,,+79578971792,user103857@example.ru,Красноярск,,2026-03-22,92011
c102944,Анна Мешкова,,+79128869002,user102944@example.ru,Казань,,2026-06-18,3524
c101742,Максим Лаптев,,+79807248460,user101742@example.ru,Санкт-Петербург,,2026-07-03,61123
c101848,,Алиса Зуева,+7 (945) 351-99-75,user101848@example.ru,С.-Петербург,12.12.2025,,
c105063,Алиса Ковальчук,,+79582923463,user105063@example.ru,Казань,,2026-06-03,13580
c103141,Юлия Зуева,,+79367097016,user103141@example.ru,Красноярск,,2026-07-20,124800
c106386,Тимур Нестеров,,+79407825217,user106386@example.ru,Екатеринбург,,2026-07-25,86816
c103685,Алиса Панина,,+79538935841,user103685@example.ru,Москва,,2026-06-02,140698
c104917,Юлия Осипова,,+79424913557,user104917@example.ru,Москва,,2026-08-05,164054
c101343,Роман Осипов,,+79266002223,user101343@example.ru,Санкт-Петербург,,2026-05-21,37928
c102932,Игорь Лаптев,,+79485842170,user102932@example.ru,Санкт-Петербург,,2026-06-12,179755
c106344,Наталья Панина,,+79842974102,user106344@example.ru,Санкт-Петербург,,2026-03-24,10115
c106304,Полина Мешкова,,+79989949954,user106304@example.ru,Казань,,2026-03-15,104988
c101633,,Мария Белых,+7 (956) 125-99-74,user101633@example.ru,Екатеринбург,24.12.2024,,
c105142,Полина Белых,,+79445814308,user105142@example.ru,Казань,,2026-01-14,75538
c106804,Роман Мешков,,+79161882417,user106804@example.ru,Красноярск,,2026-07-14,85087
c91157,,Егор Нестеров,+7 (964) 523-78-08,user91157@example.ru,Екатеринбург,10.11.2024,,
c102680,Ольга Лаптева,,+79428669543,user102680@example.ru,Санкт-Петербург,,2026-01-11,90776
c90611,,Вера Савельева,+7 (948) 836-75-54,user90611@example.ru,Екатеринбург,25.06.2026,,
c106057,Ольга Лаптева,,+79123658585,user106057@example.ru,Красноярск,,2026-05-03,62930
c101505,Игорь Шилов,,+79607842914,user101505@example.ru,Новосибирск,,2026-01-24,157832
c90109,,Алиса Савельева,+7 (961) 005-42-77,user90109@example.ru,С.-Петербург,13.12.2025,,
c100088,Анна Лаптева,,+79175785639,user100088@example.ru,Санкт-Петербург,,2026-08-01,153515
c100712,Юлия Ермакова,,+79451677821,user100712@example.ru,Санкт-Петербург,,2026-04-24,61845
c100812,Елена Савельева,,+79251134976,user100812@example.ru,Москва,,2026-03-20,30465
c101019,Полина Тихонова,,+79194382038,user101019@example.ru,Екатеринбург,,2026-05-17,30758
c106243,Денис Крылов,,+79473990734,user106243@example.ru,Красноярск,,2026-04-11,132443
c100079,Мария Панина,,+79968014370,user100079@example.ru,Москва,,2026-03-01,37581
c101886,Игорь Юдин,,+79949285335,user101886@example.ru,Новосибирск,,2026-05-30,64711
c101731,,Лидия Крылова,+7 (910) 410-27-93,user101731@example.ru,Москва,16.11.2024,,
c91178,,Максим Сорокин,+7 (968) 815-48-23,user91178@example.ru,Москва,20.06.2024,,
c91603,,Ольга Тихонова,+7 (919) 509-28-91,user91603@example.ru,Красноярск,21.09.2025,,
c92214,,Мария Тихонова,+7 (947) 866-64-19,user92214@example.ru,С.-Петербург,23.09.2024,,
c90645,,Лидия Белых,+7 (947) 812-56-95,user90645@example.ru,Красноярск,30.09.2025,,
c90587,,Павел Сорокин,+7 (933) 096-55-93,user90587@example.ru,Москва,21.05.2025,,
c103457,Денис Савельев,,+79801936812,user103457@example.ru,Санкт-Петербург,,2026-08-29,45947
c90238,,Игорь Лаптев,+7 (921) 758-28-69,user90238@example.ru,Красноярск,05.10.2024,,
c102587,Полина Осипова,,+79750364660,user102587@example.ru,Санкт-Петербург,,2026-09-04,30196
c105548,Глеб Ковальчук,,+79292784471,user105548@example.ru,Казань,,2026-05-26,146362
c102714,Полина Сорокина,,+79437939641,user102714@example.ru,Красноярск,,2026-07-17,168170
c104860,Денис Тихонов,,+79778876966,user104860@example.ru,Москва,,2026-02-28,130089
c101229,Мария Ермакова,,+79687456984,user101229@example.ru,Москва,,2026-07-30,135815
c104332,Ольга Гордеева,,+79783496359,user104332@example.ru,Новосибирск,,2026-03-28,88934
c102551,Юлия Ковальчук,,+79128759320,user102551@example.ru,Новосибирск,,2026-05-17,61328
c100201,Денис Гордеев,,+79449956871,user100201@example.ru,Красноярск,,2026-02-10,7468
c104017,Глеб Зуев,,+79921112995,user104017@example.ru,Красноярск,,2026-09-10,130266
c103085,Алиса Савельева,,+79976151037,user103085@example.ru,Казань,,2026-03-07,117481
c92479,,Полина Юдина,+7 (931) 606-66-57,user92479@example.ru,Новосибирск,29.05.2024,,
c100783,Павел Сорокин,,+79421709271,user100783@example.ru,Красноярск,,2026-06-12,97663
c105736,Вера Ермакова,,+79919812836,user105736@example.ru,Новосибирск,,2026-09-09,27271
c102664,Наталья Сорокина,,+79324179827,user102664@example.ru,Екатеринбург,,2026-04-15,81834
c104559,Елена Савельева,,+79974274712,user104559@example.ru,Казань,,2026-01-13,11358
c101485,Наталья Тихонова,,+79784833797,user101485@example.ru,Казань,,2026-07-20,94173
c104916,,Ольга Шилова,+7 (916) 336-30-91,user104916@example.ru,Москва,22.02.2025,,
c106548,Тимур Белых,,+79723437547,user106548@example.ru,Красноярск,,2026-04-05,136751
c103616,Вера Шилова,,+79635888255,user103616@example.ru,Новосибирск,,2026-03-07,80583
c106065,Денис Панин,,+79594588826,user106065@example.ru,Казань,,2026-08-05,18605
c100073,Юлия Белых,,+79738038910,user100073@example.ru,Москва,,2026-06-07,30179
c106033,Игорь Лаптев,,+79133098029,user106033@example.ru,Екатеринбург,,2026-08-10,48507
c105066,Юлия Белых,,+79479604643,user105066@example.ru,Новосибирск,,2026-06-21,9239
c100134,,Кирилл Зуев,+7 (996) 432-55-97,user100134@example.ru,Красноярск,12.07.2024,,
c102691,Павел Ермаков,,+79850332327,user102691@example.ru,Москва,,2026-06-04,106086
c103409,Кирилл Юдин,,+79981310353,user103409@example.ru,Красноярск,,2026-07-17,166300
c106141,Вера Мешкова,,+79187039024,user106141@example.ru,Санкт-Петербург,,2026-05-02,58334
c101935,Полина Шилова,,+79301310950,user101935@example.ru,Санкт-Петербург,,2026-03-06,115795
c105171,Роман Лаптев,,+79104580307,user105171@example.ru,Санкт-Петербург,,2026-05-18,10738
c105449,Глеб Лаптев,,+79701981079,user105449@example.ru,Казань,,2026-02-21,31812
c100040,Елена Зуева,,+79270470079,user100040@example.ru,Новосибирск,,2026-04-12,74743
c100968,Наталья Шилова,,+79803199342,user100968@example.ru,Казань,,2026-06-30,9600
c105315,,Максим Белых,+7 (986) 659-45-11,user105315@example.ru,Екатеринбург,29.01.2025,,
c100788,Анна Осипова,,+79621293704,user100788@example.ru,Казань,,2026-03-25,157997
c105047,,Роман Белых,+7 (968) 046-71-14,user105047@example.ru,С.-Петербург,17.06.2024,,
c101830,Кирилл Ковальчук,,+79924650175,user101830@example.ru,Казань,,2026-03-24,80723
c104513,Наталья Крылова,,+79665265175,user104513@example.ru,Екатеринбург,,2026-02-22,21654
c105470,,Вера Ковальчук,+7 (965) 193-35-22,user105470@example.ru,Москва,11.05.2025,,
c91151,,Алиса Сорокина,+7 (944) 754-32-33,user91151@example.ru,Москва,01.12.2025,,
c102610,Павел Нестеров,,+79423614904,user102610@example.ru,Новосибирск,,2026-03-27,8504
c104210,Елена Лаптева,,+79620882144,user104210@example.ru,Красноярск,,2026-03-15,12327
c100703,Ольга Шилова,,+79574979875,user100703@example.ru,Казань,,2026-08-12,15855
c105334,,Павел Мешков,+7 (946) 998-51-79,user105334@example.ru,Красноярск,30.12.2025,,
c105767,Лидия Белых,,+79570873370,user105767@example.ru,Санкт-Петербург,,2026-03-30,42023
c101207,Денис Мешков,,+79360329766,user101207@example.ru,Новосибирск,,2026-06-03,16293
c104308,,Максим Шилов,+7 (984) 490-40-10,user104308@example.ru,Казань,01.03.2026,,
c102607,Егор Сорокин,,+79638179501,user102607@example.ru,Санкт-Петербург,,2026-02-14,123853
c100323,Полина Гордеева,,+79633935352,user100323@example.ru,Москва,,2026-08-03,152726
c101382,Артур Ермаков,,+79433455752,user101382@example.ru,Екатеринбург,,2026-01-23,12787
c103148,Игорь Ковальчук,,+79712989177,user103148@example.ru,Екатеринбург,,2026-03-09,171667
c102418,Глеб Лаптев,,+79900078653,user102418@example.ru,Новосибирск,,2026-07-18,142056
c103937,Мария Ковальчук,,+79954843150,user103937@example.ru,Санкт-Петербург,,2026-02-20,86527
c102793,Юлия Тихонова,,+79841274044,user102793@example.ru,Москва,,2026-09-10,129664
c106443,Артур Зуев,,+79382593708,user106443@example.ru,Екатеринбург,,2026-04-25,103887
c100755,Мария Шилова,,+79892297788,user100755@example.ru,Новосибирск,,2026-07-23,83704
c102615,Тимур Нестеров,,+79257872939,user102615@example.ru,Казань,,2026-03-28,163481
c100867,Ольга Мешкова,,+79964356065,user100867@example.ru,Екатеринбург,,2026-03-26,143173
c100880,Артур Ковальчук,,+79430539919,user100880@example.ru,Казань,,2026-01-18,61098
c104005,Глеб Юдин,,+79950580720,user104005@example.ru,Новосибирск,,2026-07-18,135491
c106795,Лидия Сорокина,,+79133650780,user106795@example.ru,Москва,,2026-07-15,70503
c100325,Павел Зуев,,+79497354836,user100325@example.ru,Красноярск,,2026-07-07,120367
c101853,Юлия Белых,,+79127309669,user101853@example.ru,Казань,,2026-06-02,103157
c100835,Полина Гордеева,,+79524252394,user100835@example.ru,Красноярск,,2026-05-26,106171
c102958,Игорь Ковальчук,,+79886569336,user102958@example.ru,Новосибирск,,2026-04-26,92578
c102420,Павел Нестеров,,+79777062196,user102420@example.ru,Москва,,2026-05-01,106633
c102147,Алиса Юдина,,+79225174391,user102147@example.ru,Екатеринбург,,2026-08-16,136289
c105886,Кирилл Ковальчук,,+79395522129,user105886@example.ru,Москва,,2026-01-24,8374
c90331,,Наталья Гордеева,+7 (940) 396-80-93,user90331@example.ru,Москва,02.04.2026,,
c102090,Артур Ермаков,,+79372982592,user102090@example.ru,Красноярск,,2026-06-06,6491
c104184,Ольга Крылова,,+79219406505,user104184@example.ru,Новосибирск,,2026-07-20,123294
c106816,Вера Панина,,+79391004836,user106816@example.ru,Новосибирск,,2026-07-20,167179
c104884,Мария Мешкова,,+79706303226,user104884@example.ru,Красноярск,,2026-08-20,43206
c91507,,Анна Мешкова,+7 (957) 731-71-00,user91507@example.ru,Москва,13.10.2024,,
c100189,Роман Гордеев,,+79630243032,user100189@example.ru,Санкт-Петербург,,2026-05-07,64618
c103470,Алиса Белых,,+79837026528,user103470@example.ru,Красноярск,,2026-02-02,34378
c105825,,Игорь Ковальчук,+7 (993) 408-84-48,user105825@example.ru,Екатеринбург,22.02.2026,,
c106088,Анна Тихонова,,+79534335849,user106088@example.ru,Екатеринбург,,2026-06-09,11098
c104467,Алиса Гордеева,,+79851323732,user104467@example.ru,Екатеринбург,,2026-03-30,20077
c103497,,Ольга Осипова,+7 (924) 308-72-36,user103497@example.ru,Новосибирск,29.10.2024,,
c102887,Лидия Лаптева,,+79436543236,user102887@example.ru,Новосибирск,,2026-07-07,18725
c90287,,Наталья Шилова,+7 (976) 497-34-16,user90287@example.ru,С.-Петербург,16.05.2025,,
c90865,,Глеб Гордеев,+7 (973) 706-35-48,user90865@example.ru,С.-Петербург,13.06.2025,,
c106246,Лидия Сорокина,,+79728511409,user106246@example.ru,Москва,,2026-03-05,155218
c91039,,Егор Нестеров,+7 (941) 984-62-11,user91039@example.ru,Екатеринбург,30.05.2024,,
c100263,Кирилл Зуев,,+79877532914,user100263@example.ru,Новосибирск,,2026-03-18,164708
c101548,Денис Мешков,,+79222720570,user101548@example.ru,Красноярск,,2026-08-27,79606
c105876,Егор Ковальчук,,+79952331702,user105876@example.ru,Новосибирск,,2026-03-20,52040
c103007,Роман Ермаков,,+79983002309,user103007@example.ru,Новосибирск,,2026-05-06,54831
c100940,Вера Юдина,,+79870144839,user100940@example.ru,Казань,,2026-03-26,37634
c104265,Денис Мешков,,+79404901979,user104265@example.ru,Новосибирск,,2026-01-25,116808
c105633,Ольга Шилова,,+79245596413,user105633@example.ru,Красноярск,,2026-09-02,160285
c105801,Анна Ермакова,,+79321762012,user105801@example.ru,Казань,,2026-05-17,153888
c90695,,Максим Нестеров,+7 (962) 791-67-08,user90695@example.ru,Новосибирск,24.04.2024,,
c106488,Игорь Крылов,,+79514521365,user106488@example.ru,Москва,,2026-05-22,31850
c102061,Алиса Мешкова,,+79527486358,user102061@example.ru,Новосибирск,,2026-06-04,57767
c103114,Анна Панина,,+79210951683,user103114@example.ru,Санкт-Петербург,,2026-03-12,109457
c102710,Тимур Осипов,,+79195738648,user102710@example.ru,Казань,,2026-05-14,134601
c106091,Юлия Панина,,+79429654665,user106091@example.ru,Новосибирск,,2026-07-04,151570
c90796,,Юлия Гордеева,+7 (979) 852-45-56,user90796@example.ru,Москва,13.10.2025,,
c91459,,Елена Крылова,+7 (964) 131-97-78,user91459@example.ru,Красноярск,26.05.2026,,
c92034,,Ольга Тихонова,+7 (922) 602-09-78,user92034@example.ru,Красноярск,14.06.2024,,
c91712,,Денис Зуев,+7 (957) 974-32-26,user91712@example.ru,Новосибирск,21.01.2025,,
c101170,Лидия Гордеева,,+79621400552,user101170@example.ru,Новосибирск,,2026-04-26,176862
c100270,Глеб Лаптев,,+79517460092,user100270@example.ru,Екатеринбург,,2026-08-14,78613
c92035,,Кирилл Савельев,+7 (941) 757-94-97,user92035@example.ru,Екатеринбург,08.07.2025,,
c91900,,Полина Панина,+7 (974) 661-31-26,user91900@example.ru,Екатеринбург,12.08.2025,,
c101136,Лидия Гордеева,,+79602480340,user101136@example.ru,Казань,,2026-03-05,154812
c90735,,Артур Нестеров,+7 (992) 192-32-89,user90735@example.ru,С.-Петербург,02.07.2025,,
c100306,Глеб Ермаков,,+79172032179,user100306@example.ru,Екатеринбург,,2026-04-08,25432
c105904,Павел Мешков,,+79347385380,user105904@example.ru,Казань,,2026-08-02,62260
c103533,Наталья Панина,,+79564355464,user103533@example.ru,Екатеринбург,,2026-03-04,78246
c100692,Вера Зуева,,+79725322253,user100692@example.ru,Екатеринбург,,2026-08-19,88602
c91691,,Игорь Савельев,+7 (929) 277-72-54,user91691@example.ru,Красноярск,14.01.2025,,
c90005,,Вера Ковальчук,+7 (945) 346-46-37,user90005@example.ru,Москва,28.09.2024,,
c102307,Вера Нестерова,,+79146637188,user102307@example.ru,Екатеринбург,,2026-04-30,102316
c90851,,Юлия Осипова,+7 (950) 822-65-80,user90851@example.ru,С.-Петербург,12.03.2025,,
c103294,Артур Юдин,,+79559463290,user103294@example.ru,Казань,,2026-04-25,124188
c100412,Юлия Белых,,+79562677770,user100412@example.ru,Москва,,2026-03-11,53723
c102631,Лидия Ковальчук,,+79342462722,user102631@example.ru,Санкт-Петербург,,2026-02-16,98792
c103018,Мария Ковальчук,,+79404550205,user103018@example.ru,Москва,,2026-03-23,59054
c90483,,Алиса Белых,+7 (973) 496-48-13,user90483@example.ru,Красноярск,22.06.2025,,
c91824,,Полина Крылова,+7 (934) 577-44-84,user91824@example.ru,С.-Петербург,05.03.2026,,
c100476,,Наталья Сорокина,+7 (998) 577-50-15,user100476@example.ru,Новосибирск,17.03.2025,,
c90304,,Елена Ермакова,+7 (948) 413-45-03,user90304@example.ru,Красноярск,21.01.2025,,
c101771,Егор Ермаков,,+79598780982,user101771@example.ru,Казань,,2026-02-14,163520
c103182,Наталья Ермакова,,+79384755964,user103182@example.ru,Москва,,2026-06-01,111935
c100559,Лидия Гордеева,,+79934914069,user100559@example.ru,Екатеринбург,,2026-07-05,13739
c91521,,Лидия Шилова,+7 (916) 070-77-71,user91521@example.ru,Москва,02.03.2026,,
c103439,Денис Белых,,+79763899283,user103439@example.ru,Москва,,2026-01-20,150060
c100547,Алиса Ковальчук,,+79353917528,user100547@example.ru,Красноярск,,2026-05-17,74478
c91232,,Лидия Панина,+7 (980) 442-47-12,user91232@example.ru,С.-Петербург,02.02.2026,,
c92234,,Мария Крылова,+7 (999) 178-60-71,user92234@example.ru,С.-Петербург,31.03.2025,,
c100136,Кирилл Ковальчук,,+79584472208,user100136@example.ru,Новосибирск,,2026-08-09,179527
c100400,Мария Осипова,,+79865127676,user100400@example.ru,Казань,,2026-09-05,57184
c91378,,Роман Савельев,+7 (954) 412-32-74,user91378@example.ru,С.-Петербург,18.10.2025,,
c90291,,Лидия Панина,+7 (987) 945-94-87,user90291@example.ru,Казань,08.07.2024,,
c102018,,Алиса Мешкова,+7 (925) 292-32-54,user102018@example.ru,Красноярск,24.03.2025,,
c105243,Вера Савельева,,+79118079135,user105243@example.ru,Санкт-Петербург,,2026-07-15,96392
c92020,,Глеб Юдин,+7 (946) 016-04-17,user92020@example.ru,Москва,21.09.2024,,
c92338,,Вера Юдина,+7 (936) 424-60-43,user92338@example.ru,Красноярск,06.04.2025,,
c104136,Павел Сорокин,,+79233920275,user104136@example.ru,Красноярск,,2026-03-31,40846
c105092,,Павел Ермаков,+7 (916) 177-13-32,user105092@example.ru,Новосибирск,13.04.2025,,
c105340,Полина Юдина,,+79952451887,user105340@example.ru,Екатеринбург,,2026-06-02,5455
c105968,Артур Шилов,,+79351098334,user105968@example.ru,Казань,,2026-03-20,78403
c104971,Кирилл Юдин,,+79589559258,user104971@example.ru,Красноярск,,2026-02-17,132665
c100105,Павел Мешков,,+79761356443,user100105@example.ru,Красноярск,,2026-07-16,33073
c103303,,Глеб Савельев,+7 (911) 119-17-93,user103303@example.ru,Красноярск,24.05.2025,,
c105917,Вера Зуева,,+79876107649,user105917@example.ru,Екатеринбург,,2026-02-02,74603
c106049,Лидия Нестерова,,+79849728689,user106049@example.ru,Казань,,2026-04-26,105950
c104699,Роман Панин,,+79589800871,user104699@example.ru,Красноярск,,2026-08-10,156112
c106549,Артур Шилов,,+79847654670,user106549@example.ru,Екатеринбург,,2026-02-08,106553
c101772,,Павел Шилов,+7 (992) 169-66-54,user101772@example.ru,Москва,21.11.2025,,
c100381,Юлия Панина,,+79723871827,user100381@example.ru,Новосибирск,,2026-02-26,80881
c105724,Наталья Панина,,+79387975786,user105724@example.ru,Казань,,2026-03-09,2665
c104980,Юлия Гордеева,,+79832872801,user104980@example.ru,Новосибирск,,2026-08-02,53710
c104871,Денис Сорокин,,+79552259435,user104871@example.ru,Москва,,2026-04-03,70928
c101638,,Полина Ковальчук,+7 (989) 829-88-69,user101638@example.ru,Казань,11.10.2024,,
c103741,Наталья Крылова,,+79700017807,user103741@example.ru,Казань,,2026-03-11,109358
c105070,Елена Гордеева,,+79676114953,user105070@example.ru,Новосибирск,,2026-07-21,139620
c100419,Артур Сорокин,,+79227251936,user100419@example.ru,Москва,,2026-03-22,179331
c90397,,Вера Крылова,+7 (925) 195-40-96,user90397@example.ru,С.-Петербург,29.12.2024,,
c105276,Ольга Сорокина,,+79808803963,user105276@example.ru,Санкт-Петербург,,2026-05-04,151490
c102976,Вера Шилова,,+79952037459,user102976@example.ru,Красноярск,,2026-02-27,62808
c100512,,Полина Зуева,+7 (992) 982-65-89,user100512@example.ru,Москва,06.12.2025,,
c106427,Артур Зуев,,+79706935263,user106427@example.ru,Санкт-Петербург,,2026-08-11,37757
c103193,Анна Лаптева,,+79636580449,user103193@example.ru,Москва,,2026-04-26,3381
c90725,,Елена Белых,+7 (986) 933-66-54,user90725@example.ru,Новосибирск,23.02.2026,,
c104954,Кирилл Ермаков,,+79667501932,user104954@example.ru,Екатеринбург,,2026-04-13,152038
c92337,,Лидия Зуева,+7 (964) 321-15-40,user92337@example.ru,Новосибирск,01.11.2024,,
c101287,Игорь Юдин,,+79556224882,user101287@example.ru,Красноярск,,2026-05-02,171122
c105626,Лидия Осипова,,+79789935112,user105626@example.ru,Екатеринбург,,2026-03-15,25127
c90772,,Максим Осипов,+7 (970) 673-37-14,user90772@example.ru,Екатеринбург,24.08.2025,,
c101589,,Ольга Савельева,+7 (995) 606-66-33,user101589@example.ru,Казань,05.10.2024,,
c91869,,Глеб Панин,+7 (921) 467-93-56,user91869@example.ru,Новосибирск,06.08.2025,,
c102870,Тимур Гордеев,,+79916447917,user102870@example.ru,Екатеринбург,,2026-01-31,130204
c101900,Полина Тихонова,,+79865283091,user101900@example.ru,Казань,,2026-05-06,29713
c90364,,Наталья Осипова,+7 (992) 033-31-28,user90364@example.ru,Казань,30.04.2025,,
c104168,Лидия Нестерова,,+79297672580,user104168@example.ru,Москва,,2026-06-01,131085
c105892,Лидия Тихонова,,+79697360726,user105892@example.ru,Новосибирск,,2026-04-24,41567
c101144,Денис Нестеров,,+79398989931,user101144@example.ru,Казань,,2026-09-06,26114
c91247,,Мария Лаптева,+7 (940) 997-95-78,user91247@example.ru,Новосибирск,05.05.2025,,
c100345,Денис Зуев,,+79120064170,user100345@example.ru,Санкт-Петербург,,2026-07-04,52548
c90220,,Полина Ковальчук,+7 (983) 560-03-78,user90220@example.ru,С.-Петербург,23.04.2026,,
c90728,,Юлия Ковальчук,+7 (955) 235-39-74,user90728@example.ru,Москва,04.08.2025,,
c103718,Егор Нестеров,,+79416736994,user103718@example.ru,Москва,,2026-07-02,143944
c102696,Алиса Зуева,,+79636435400,user102696@example.ru,Москва,,2026-06-03,4179
c106800,Лидия Ковальчук,,+79264215117,user106800@example.ru,Красноярск,,2026-06-11,82083
c104410,Лидия Крылова,,+79960569122,user104410@example.ru,Красноярск,,2026-06-09,78765
c101633,Наталья Шилова,,+79868209321,user101633@example.ru,Новосибирск,,2026-06-17,49963
c105547,Денис Гордеев,,+79659068156,user105547@example.ru,Казань,,2026-07-22,147401
c104343,,Лидия Сорокина,+7 (928) 240-00-99,user104343@example.ru,Новосибирск,10.04.2025,,
c100135,Кирилл Шилов,,+79729055390,user100135@example.ru,Казань,,2026-06-12,57772
c102981,Глеб Белых,,+79168957037,user102981@example.ru,Красноярск,,2026-02-11,142953
c103513,Вера Белых,,+79376038000,user103513@example.ru,Казань,,2026-07-20,39915
c91611,,Вера Белых,+7 (987) 526-32-00,user91611@example.ru,Екатеринбург,12.07.2024,,
c103226,,Глеб Савельев,+7 (942) 262-85-88,user103226@example.ru,Екатеринбург,20.06.2026,,
c100245,Елена Сорокина,,+79695463922,user100245@example.ru,Новосибирск,,2026-06-04,2694
c101978,Юлия Мешкова,,+79876113637,user101978@example.ru,Санкт-Петербург,,2026-05-08,92918
c104238,Игорь Шилов,,+79955631608,user104238@example.ru,Новосибирск,,2026-03-04,28543
c104514,Павел Ковальчук,,+79679378370,user104514@example.ru,Москва,,2026-01-15,54503
c102114,Глеб Осипов,,+79379380508,user102114@example.ru,Казань,,2026-05-17,18057
c101797,Анна Юдина,,+79788974321,user101797@example.ru,Казань,,2026-07-26,128677
c106845,Павел Шилов,,+79593717577,user106845@example.ru,Москва,,2026-01-23,139233
c91677,,Роман Крылов,+7 (974) 695-27-09,user91677@example.ru,Казань,23.12.2024,,
c103576,Тимур Шилов,,+79707069682,user103576@example.ru,Красноярск,,2026-06-06,19571
c90404,,Полина Гордеева,+7 (996) 366-16-38,user90404@example.ru,Казань,30.05.2025,,
c101802,Наталья Юдина,,+79604716598,user101802@example.ru,Екатеринбург,,2026-04-04,35733
c103320,Ольга Савельева,,+79871359993,user103320@example.ru,Красноярск,,2026-03-14,61153
c91291,,Роман Мешков,+7 (929) 561-88-02,user91291@example.ru,Новосибирск,08.05.2024,,
c102421,Денис Нестеров,,+79423505624,user102421@example.ru,Екатеринбург,,2026-05-04,47554
c103196,Кирилл Панин,,+79625788209,user103196@example.ru,Новосибирск,,2026-05-09,98048
c90285,,Игорь Сорокин,+7 (921) 808-67-99,user90285@example.ru,Красноярск,18.09.2024,,
c106201,Полина Тихонова,,+79229770002,user106201@example.ru,Красноярск,,2026-03-10,107044
c92085,,Глеб Зуев,+7 (977) 705-75-24,user92085@example.ru,Казань,29.06.2024,,
c91109,,Тимур Юдин,+7 (938) 393-56-28,user91109@example.ru,Новосибирск,29.03.2025,,
c103787,Наталья Ковальчук,,+79879315462,user103787@example.ru,Новосибирск,,2026-06-04,33446
c90271,,Тимур Ермаков,+7 (942) 644-01-60,user90271@example.ru,С.-Петербург,15.01.2025,,
c105808,Алиса Юдина,,+79777673285,user105808@example.ru,Санкт-Петербург,,2026-08-29,40839
c104662,Роман Осипов,,+79222139381,user104662@example.ru,Москва,,2026-03-17,11963
c91743,,Юлия Панина,+7 (943) 786-48-89,user91743@example.ru,Москва,28.05.2024,,
c90888,,Елена Шилова,+7 (923) 944-78-26,user90888@example.ru,Москва,16.02.2025,,
c91144,,Денис Шилов,+7 (930) 275-85-33,user91144@example.ru,Красноярск,28.03.2024,,
c105327,Роман Осипов,,+79260283622,user105327@example.ru,Санкт-Петербург,,2026-06-27,84345
c90871,,Егор Сорокин,+7 (981) 117-17-30,user90871@example.ru,С.-Петербург,06.01.2026,,
c91364,,Артур Зуев,+7 (989) 310-30-99,user91364@example.ru,Москва,24.07.2024,,
c102965,Тимур Крылов,,+79685219587,user102965@example.ru,Новосибирск,,2026-01-26,39570
c92307,,Роман Сорокин,+7 (992) 141-63-77,user92307@example.ru,Новосибирск,03.09.2025,,
c90840,,Павел Крылов,+7 (997) 170-51-90,user90840@example.ru,Казань,24.01.2026,,
c103200,Алиса Шилова,,+79293042492,user103200@example.ru,Москва,,2026-05-21,107003
c91649,,Мария Шилова,+7 (940) 650-95-75,user91649@example.ru,Екатеринбург,03.08.2024,,
c104338,Юлия Белых,,+79530450538,user104338@example.ru,Екатеринбург,,2026-03-20,128285
c104973,Егор Гордеев,,+79238501103,user104973@example.ru,Екатеринбург,,2026-02-21,59506
c105668,Ольга Ковальчук,,+79834272101,user105668@example.ru,Казань,,2026-03-26,53402
c103938,Егор Осипов,,+79266838829,user103938@example.ru,Екатеринбург,,2026-04-10,1002
c104392,Кирилл Лаптев,,+79994103366,user104392@example.ru,Санкт-Петербург,,2026-02-11,56815
c105122,Роман Савельев,,+79479130418,user105122@example.ru,Новосибирск,,2026-04-21,164286
c104454,Елена Мешкова,,+79184532967,user104454@example.ru,Казань,,2026-05-18,92883
c104093,Глеб Лаптев,,+79507311313,user104093@example.ru,Москва,,2026-09-05,15777
c91968,,Ольга Шилова,+7 (967) 074-31-41,user91968@example.ru,Красноярск,12.04.2026,,
c90274,,Полина Крылова,+7 (931) 857-94-33,user90274@example.ru,Москва,13.06.2026,,
c101479,Вера Юдина,,+79385333536,user101479@example.ru,Москва,,2026-09-04,60085
c90455,,Максим Ковальчук,+7 (955) 402-20-27,user90455@example.ru,Красноярск,22.06.2026,,
c106020,,Тимур Ковальчук,+7 (939) 441-04-45,user106020@example.ru,Казань,05.03.2025,,
c92287,,Павел Сорокин,+7 (977) 914-41-93,user92287@example.ru,Екатеринбург,31.10.2025,,
c105250,Полина Нестерова,,+79771846746,user105250@example.ru,Москва,,2026-09-11,103986
c90978,,Максим Осипов,+7 (959) 143-61-09,user90978@example.ru,Казань,15.03.2024,,
c91172,,Лидия Зуева,+7 (911) 857-56-52,user91172@example.ru,Красноярск,25.02.2026,,
c100726,Юлия Шилова,,+79492509239,user100726@example.ru,Екатеринбург,,2026-01-13,129628
c100377,Тимур Лаптев,,+79363796239,user100377@example.ru,Екатеринбург,,2026-08-05,60661
c102063,Анна Лаптева,,+79544746571,user102063@example.ru,Казань,,2026-01-26,175214
c101769,Кирилл Осипов,,+79530442633,user101769@example.ru,Красноярск,,2026-03-17,69602
c100029,Лидия Тихонова,,+79350838767,user100029@example.ru,Казань,,2026-06-11,92560
c90074,,Егор Крылов,+7 (952) 369-82-29,user90074@example.ru,Казань,04.08.2025,,
c103527,Павел Юдин,,+79106734556,user103527@example.ru,Москва,,2026-04-07,82887
c101665,,Глеб Ковальчук,+7 (924) 913-14-61,user101665@example.ru,Екатеринбург,20.10.2024,,
c100640,Алиса Белых,,+79524912571,user100640@example.ru,Екатеринбург,,2026-02-21,91588
c104708,Мария Зуева,,+79932948848,user104708@example.ru,Красноярск,,2026-02-13,105133
c104756,Игорь Шилов,,+79589783634,user104756@example.ru,Санкт-Петербург,,2026-06-23,20771
c90652,,Роман Панин,+7 (937) 057-97-22,user90652@example.ru,Новосибирск,12.12.2025,,
c101942,,Елена Лаптева,+7 (981) 143-05-35,user101942@example.ru,С.-Петербург,26.12.2025,,
c100563,Артур Юдин,,+79465438131,user100563@example.ru,Новосибирск,,2026-07-29,11706
c100378,,Кирилл Зуев,+7 (929) 601-00-93,user100378@example.ru,Новосибирск,22.08.2025,,
c101534,Вера Лаптева,,+79179894117,user101534@example.ru,Казань,,2026-01-13,31984
c101247,Кирилл Ермаков,,+79506881816,user101247@example.ru,Санкт-Петербург,,2026-08-14,109197
c106041,Денис Ермаков,,+79673866199,user106041@example.ru,Новосибирск,,2026-01-14,28157
c105465,Максим Крылов,,+79639805550,user105465@example.ru,Москва,,2026-07-23,120931
c103003,,Алиса Нестерова,+7 (987) 785-87-86,user103003@example.ru,Казань,14.08.2024,,
c100753,Глеб Юдин,,+79534795104,user100753@example.ru,Казань,,2026-09-10,12899
c104895,Роман Ермаков,,+79951699959,user104895@example.ru,Новосибирск,,2026-01-13,84257
c101826,Денис Гордеев,,+79888141324,user101826@example.ru,Санкт-Петербург,,2026-08-18,158392
c100641,,Наталья Лаптева,+7 (947) 857-45-74,user100641@example.ru,Новосибирск,02.09.2025,,
c102893,Артур Тихонов,,+79113795862,user102893@example.ru,Санкт-Петербург,,2026-09-03,3621
c103812,,Максим Осипов,+7 (984) 673-70-14,user103812@example.ru,Красноярск,13.04.2024,,
c103655,,Роман Ермаков,+7 (936) 688-35-36,user103655@example.ru,Красноярск,05.04.2024,,
c103979,Мария Сорокина,,+79898413602,user103979@example.ru,Екатеринбург,,2026-08-07,163980
c104561,Наталья Крылова,,+79827706681,user104561@example.ru,Екатеринбург,,2026-01-14,82940
c103663,Кирилл Лаптев,,+79736615637,user103663@example.ru,Казань,,2026-09-11,85442
c91843,,Роман Юдин,+7 (916) 981-74-67,user91843@example.ru,С.-Петербург,19.01.2024,,
c103426,Вера Белых,,+79213271603,user103426@example.ru,Новосибирск,,2026-06-16,127327
c106775,Вера Гордеева,,+79318423247,user106775@example.ru,Новосибирск,,2026-03-24,145754
c106184,Павел Шилов,,+79760610429,user106184@example.ru,Красноярск,,2026-06-25,66747
c104087,Павел Шилов,,+79797232457,user104087@example.ru,Екатеринбург,,2026-04-28,89767
c102355,Алиса Савельева,,+79101620590,user102355@example.ru,Санкт-Петербург,,2026-06-03,21553
c106185,Елена Савельева,,+79594820040,user106185@example.ru,Москва,,2026-07-01,38990
c91158,,Мария Гордеева,+7 (945) 540-80-90,user91158@example.ru,Казань,04.02.2024,,
c100112,Юлия Ковальчук,,+79816633411,user100112@example.ru,Санкт-Петербург,,2026-05-21,13041
c101590,Павел Сорокин,,+79995883887,user101590@example.ru,Екатеринбург,,2026-01-21,144796
c103505,Павел Сорокин,,+79687672223,user103505@example.ru,Красноярск,,2026-02-16,49753
c105564,Елена Тихонова,,+79312832801,user105564@example.ru,Екатеринбург,,2026-06-20,75763
c103259,,Наталья Осипова,+7 (985) 461-58-88,user103259@example.ru,Новосибирск,26.05.2025,,
c91737,,Юлия Сорокина,+7 (921) 559-72-17,user91737@example.ru,Екатеринбург,20.05.2025,,
c100882,,Полина Тихонова,+7 (943) 004-30-55,user100882@example.ru,Москва,26.03.2024,,
c103704,,Елена Шилова,+7 (960) 627-22-12,user103704@example.ru,Екатеринбург,13.02.2026,,
c92166,,Павел Ермаков,+7 (996) 021-63-42,user92166@example.ru,Красноярск,02.12.2025,,
c100085,Игорь Шилов,,+79799382630,user100085@example.ru,Новосибирск,,2026-02-02,68978
c90543,,Вера Сорокина,+7 (970) 709-33-61,user90543@example.ru,Новосибирск,10.02.2026,,
c103052,Лидия Гордеева,,+79450225400,user103052@example.ru,Новосибирск,,2026-07-26,150040
c106078,Полина Панина,,+79989249373,user106078@example.ru,Екатеринбург,,2026-07-25,42953
c103204,Лидия Ермакова,,+79951912917,user103204@example.ru,Новосибирск,,2026-06-28,42454
c106556,,Наталья Мешкова,+7 (943) 339-18-30,user106556@example.ru,Красноярск,05.12.2024,,
c101424,Лидия Нестерова,,+79366612524,user101424@example.ru,Казань,,2026-03-08,166603
c105599,Мария Ковальчук,,+79127303300,user105599@example.ru,Москва,,2026-08-03,137335
c102767,Роман Шилов,,+79911248903,user102767@example.ru,Новосибирск,,2026-03-10,135122
c101475,Кирилл Тихонов,,+79235313464,user101475@example.ru,Екатеринбург,,2026-06-06,41998
c102261,Юлия Осипова,,+79251082522,user102261@example.ru,Москва,,2026-01-23,177451
c100247,Ольга Тихонова,,+79138094001,user100247@example.ru,Красноярск,,2026-03-19,136695
c102392,Роман Нестеров,,+79589998505,user102392@example.ru,Красноярск,,2026-07-16,29914
c100971,Мария Крылова,,+79272762696,user100971@example.ru,Екатеринбург,,2026-02-13,160855
c101589,Игорь Осипов,,+79365827947,user101589@example.ru,Москва,,2026-06-01,158607
c104688,,Артур Мешков,+7 (918) 686-23-46,user104688@example.ru,Красноярск,24.04.2024,,
c105087,Тимур Гордеев,,+79442979835,user105087@example.ru,Красноярск,,2026-05-21,34968
c102928,Алиса Мешкова,,+79850397236,user102928@example.ru,Новосибирск,,2026-08-17,140213
c104975,Юлия Тихонова,,+79973842771,user104975@example.ru,Казань,,2026-01-27,162229
c106003,Максим Савельев,,+79581985532,user106003@example.ru,Красноярск,,2026-04-09,168551
c100378,Максим Шилов,,+79226782422,user100378@example.ru,Санкт-Петербург,,2026-09-02,77567
c90071,,Роман Ермаков,+7 (976) 212-30-05,user90071@example.ru,Екатеринбург,13.10.2024,,
c90100,,Вера Сорокина,+7 (990) 723-86-82,user90100@example.ru,Екатеринбург,02.01.2026,,
c102856,Ольга Зуева,,+79259420444,user102856@example.ru,Красноярск,,2026-02-16,55622
c102170,Вера Мешкова,,+79591489853,user102170@example.ru,Казань,,2026-05-07,8808
c92010,,Павел Юдин,+7 (951) 603-60-36,user92010@example.ru,Новосибирск,29.04.2026,,
c91896,,Роман Ковальчук,+7 (933) 341-90-16,user91896@example.ru,С.-Петербург,13.11.2025,,
c90276,,Анна Юдина,+7 (921) 084-09-11,user90276@example.ru,Москва,09.08.2024,,
c105772,Мария Осипова,,+79506757971,user105772@example.ru,Казань,,2026-07-19,84767
c104681,Наталья Осипова,,+79227439961,user104681@example.ru,Казань,,2026-06-22,3595
c104695,Игорь Савельев,,+79485352901,user104695@example.ru,Красноярск,,2026-07-23,177516
c106278,Денис Сорокин,,+79273538397,user106278@example.ru,Казань,,2026-02-19,104255
c104995,Игорь Шилов,,+79191308386,user104995@example.ru,Казань,,2026-05-26,68832
c102974,Игорь Лаптев,,+79536815952,user102974@example.ru,Санкт-Петербург,,2026-06-05,71073
c106475,Наталья Белых,,+79665396380,user106475@example.ru,Екатеринбург,,2026-03-07,145114
c104119,Елена Мешкова,,+79602320537,user104119@example.ru,Казань,,2026-01-06,172914
c101600,,Кирилл Осипов,+7 (930) 144-22-72,user101600@example.ru,Москва,18.08.2025,,
c92335,,Вера Ермакова,+7 (923) 292-02-51,user92335@example.ru,Казань,03.12.2024,,
c104354,,Алиса Ковальчук,+7 (927) 456-15-78,user104354@example.ru,Москва,25.04.2025,,
c103654,Артур Нестеров,,+79377359094,user103654@example.ru,Москва,,2026-03-15,32900
c102085,Денис Тихонов,,+79167307406,user102085@example.ru,Казань,,2026-06-26,118628
c102753,Кирилл Лаптев,,+79314298799,user102753@example.ru,Екатеринбург,,2026-09-10,52593
c102967,Полина Ермакова,,+79777195194,user102967@example.ru,Казань,,2026-08-02,18716
c106755,,Мария Гордеева,+7 (993) 724-62-51,user106755@example.ru,Екатеринбург,10.10.2024,,
c105021,Анна Лаптева,,+79839761211,user105021@example.ru,Санкт-Петербург,,2026-04-29,9935
c102124,Ольга Белых,,+79137644212,user102124@example.ru,Санкт-Петербург,,2026-07-17,155554
c100075,Лидия Нестерова,,+79727271250,user100075@example.ru,Казань,,2026-07-01,12830
c90905,,Игорь Шилов,+7 (955) 267-17-46,user90905@example.ru,Казань,18.04.2026,,
c102729,,Алиса Мешкова,+7 (923) 972-90-78,user102729@example.ru,Москва,31.08.2024,,
c104674,Роман Лаптев,,+79559377247,user104674@example.ru,Красноярск,,2026-06-03,119441
c92371,,Лидия Мешкова,+7 (979) 625-29-17,user92371@example.ru,С.-Петербург,25.11.2024,,
c90685,,Вера Ковальчук,+7 (989) 841-36-85,user90685@example.ru,Красноярск,23.03.2025,,
c103450,Юлия Гордеева,,+79163721808,user103450@example.ru,Красноярск,,2026-08-19,31900
c100823,Кирилл Ковальчук,,+79139540920,user100823@example.ru,Красноярск,,2026-08-04,45916
c104754,Максим Ковальчук,,+79230124408,user104754@example.ru,Санкт-Петербург,,2026-02-08,44863
c91263,,Лидия Гордеева,+7 (958) 626-98-18,user91263@example.ru,Москва,14.01.2026,,
c90479,,Максим Шилов,+7 (962) 432-37-50,user90479@example.ru,Екатеринбург,22.02.2024,,
c105575,,Полина Гордеева,+7 (946) 417-52-83,user105575@example.ru,Екатеринбург,02.02.2024,,
c106573,,Павел Юдин,+7 (988) 357-62-84,user106573@example.ru,С.-Петербург,15.07.2025,,
c91511,,Алиса Белых,+7 (913) 369-69-41,user91511@example.ru,Москва,02.07.2024,,
c102583,Павел Лаптев,,+79229947397,user102583@example.ru,Екатеринбург,,2026-03-10,138507
c103022,Лидия Нестерова,,+79122722411,user103022@example.ru,Москва,,2026-08-01,106649
c102087,,Игорь Тихонов,+7 (916) 924-38-25,user102087@example.ru,Москва,29.01.2026,,
c101641,Егор Савельев,,+79657766432,user101641@example.ru,Екатеринбург,,2026-08-18,83892
c103516,Елена Белых,,+79831270942,user103516@example.ru,Казань,,2026-06-06,172533
c106774,Елена Осипова,,+79298662587,user106774@example.ru,Санкт-Петербург,,2026-05-21,114202
c102384,Артур Шилов,,+79885795108,user102384@example.ru,Красноярск,,2026-03-13,151661
c102584,Кирилл Савельев,,+79483024690,user102584@example.ru,Казань,,2026-06-08,166031
c106388,Ольга Ермакова,,+79811930515,user106388@example.ru,Казань,,2026-01-22,51082
c102375,Артур Зуев,,+79591724867,user102375@example.ru,Екатеринбург,,2026-04-10,108310
c91262,,Лидия Тихонова,+7 (967) 971-01-72,user91262@example.ru,Казань,13.08.2025,,
c104076,Игорь Сорокин,,+79813191135,user104076@example.ru,Москва,,2026-02-26,144374
c105973,Полина Юдина,,+79461375061,user105973@example.ru,Москва,,2026-07-16,129250
c100863,Наталья Осипова,,+79408805658,user100863@example.ru,Москва,,2026-02-23,4231
c90949,,Глеб Крылов,+7 (950) 097-72-21,user90949@example.ru,Екатеринбург,06.12.2024,,
c101302,Мария Крылова,,+79763323627,user101302@example.ru,Санкт-Петербург,,2026-08-16,88697
c91958,,Роман Ермаков,+7 (945) 011-50-01,user91958@example.ru,Красноярск,28.01.2025,,
c100119,,Елена Панина,+7 (933) 678-10-04,user100119@example.ru,С.-Петербург,22.02.2025,,
c100156,Игорь Лаптев,,+79705584456,user100156@example.ru,Красноярск,,2026-01-26,100961
c101814,Роман Мешков,,+79111745075,user101814@example.ru,Казань,,2026-09-07,170484
c92308,,Елена Шилова,+7 (951) 853-63-16,user92308@example.ru,Москва,15.01.2025,,
c102476,Денис Ковальчук,,+79958729613,user102476@example.ru,Москва,,2026-02-15,40196
c103870,Игорь Белых,,+79353532544,user103870@example.ru,Москва,,2026-02-18,136737
c106142,Мария Мешкова,,+79923524538,user106142@example.ru,Красноярск,,2026-05-22,132441
c106822,Игорь Ермаков,,+79365381275,user106822@example.ru,Красноярск,,2026-03-01,77590
c104153,Лидия Крылова,,+79464080292,user104153@example.ru,Казань,,2026-03-21,174641
c100304,Наталья Сорокина,,+79361705913,user100304@example.ru,Красноярск,,2026-08-09,81974
c101691,Лидия Юдина,,+79246594884,user101691@example.ru,Екатеринбург,,2026-05-19,167176
c103559,,Юлия Гордеева,+7 (953) 693-46-35,user103559@example.ru,С.-Петербург,01.01.2026,,
c90860,,Артур Сорокин,+7 (923) 511-34-67,user90860@example.ru,Новосибирск,12.11.2024,,
c104038,Роман Сорокин,,+79489652611,user104038@example.ru,Санкт-Петербург,,2026-06-22,114896
c102190,Роман Зуев,,+79261104325,user102190@example.ru,Санкт-Петербург,,2026-06-15,167255
c90705,,Алиса Осипова,+7 (976) 311-81-99,user90705@example.ru,С.-Петербург,15.02.2025,,
c105116,,Роман Сорокин,+7 (972) 906-64-25,user105116@example.ru,Красноярск,28.03.2024,,
c92279,,Денис Мешков,+7 (920) 439-46-96,user92279@example.ru,Екатеринбург,07.11.2024,,
c101142,Алиса Ковальчук,,+79225333013,user101142@example.ru,Красноярск,,2026-05-24,21236
c103662,Вера Зуева,,+79873287985,user103662@example.ru,Москва,,2026-05-27,130953
c91366,,Кирилл Ковальчук,+7 (941) 269-54-26,user91366@example.ru,Екатеринбург,12.03.2024,,
c102863,Максим Крылов,,+79120413539,user102863@example.ru,Москва,,2026-02-23,83837
c105674,Артур Шилов,,+79411491467,user105674@example.ru,Санкт-Петербург,,2026-01-16,12656
c102534,Юлия Юдина,,+79664622220,user102534@example.ru,Екатеринбург,,2026-07-09,35201
c90672,,Анна Сорокина,+7 (980) 630-07-20,user90672@example.ru,Екатеринбург,08.06.2024,,
c90107,,Павел Крылов,+7 (916) 758-68-42,user90107@example.ru,Москва,20.11.2025,,
c105939,Полина Тихонова,,+79612287171,user105939@example.ru,Москва,,2026-08-08,40492
c103817,,Тимур Лаптев,+7 (938) 232-08-11,user103817@example.ru,Новосибирск,06.12.2024,,
c104697,,Ольга Ковальчук,+7 (949) 514-73-18,user104697@example.ru,С.-Петербург,10.04.2024,,
c102860,Артур Сорокин,,+79516394828,user102860@example.ru,Казань,,2026-07-18,152175
c91601,,Глеб Осипов,+7 (951) 563-40-04,user91601@example.ru,С.-Петербург,18.06.2025,,
c90188,,Анна Мешкова,+7 (935) 618-92-93,user90188@example.ru,Казань,28.04.2026,,
c91480,,Вера Белых,+7 (985) 899-17-55,user91480@example.ru,Казань,15.11.2024,,
c91371,,Анна Нестерова,+7 (910) 097-45-14,user91371@example.ru,Казань,08.10.2025,,
c90589,,Роман Белых,+7 (969) 445-49-19,user90589@example.ru,Красноярск,10.03.2025,,
c105223,Лидия Панина,,+79152472329,user105223@example.ru,Красноярск,,2026-01-20,179469
c103005,Анна Ермакова,,+79410857691,user103005@example.ru,Москва,,2026-06-16,100899
c101061,Денис Зуев,,+79773815637,user101061@example.ru,Санкт-Петербург,,2026-02-02,121165
c103358,Егор Мешков,,+79549835194,user103358@example.ru,Красноярск,,2026-02-15,170673
c90943,,Игорь Сорокин,+7 (944) 893-48-52,user90943@example.ru,Екатеринбург,08.02.2026,,
c103425,,Максим Мешков,+7 (942) 503-85-43,user103425@example.ru,С.-Петербург,07.01.2025,,
c106840,Игорь Гордеев,,+79663180908,user106840@example.ru,Новосибирск,,2026-06-06,106942
c91421,,Ольга Ермакова,+7 (951) 736-80-83,user91421@example.ru,Москва,19.01.2024,,
c106008,Лидия Лаптева,,+79788301314,user106008@example.ru,Красноярск,,2026-04-22,107580
c91142,,Денис Нестеров,+7 (952) 841-44-54,user91142@example.ru,Новосибирск,03.02.2024,,
c104086,,Елена Сорокина,+7 (933) 483-01-67,user104086@example.ru,Новосибирск,07.05.2024,,
c103441,Полина Шилова,,+79514355187,user103441@example.ru,Казань,,2026-07-12,131926
c102810,Кирилл Нестеров,,+79359310704,user102810@example.ru,Москва,,2026-02-23,41795
c106555,Артур Гордеев,,+79980022266,user106555@example.ru,Красноярск,,2026-07-30,47747
c91143,,Роман Ковальчук,+7 (924) 573-96-89,user91143@example.ru,Красноярск,06.07.2024,,
c101065,,Денис Нестеров,+7 (999) 155-04-59,user101065@example.ru,Екатеринбург,03.03.2025,,
c104329,Артур Панин,,+79330632918,user104329@example.ru,Екатеринбург,,2026-02-13,27312
c90199,,Ольга Юдина,+7 (946) 015-38-90,user90199@example.ru,Казань,29.09.2025,,
c105516,Кирилл Мешков,,+79179029315,user105516@example.ru,Санкт-Петербург,,2026-07-25,79571
c103143,Вера Ермакова,,+79993865929,user103143@example.ru,Казань,,2026-01-05,121004
c102205,Ольга Ковальчук,,+79559139340,user102205@example.ru,Екатеринбург,,2026-01-29,6722
c101081,Алиса Белых,,+79340347724,user101081@example.ru,Москва,,2026-06-04,99650
c100715,,Павел Ермаков,+7 (948) 977-67-68,user100715@example.ru,Новосибирск,08.01.2025,,
c105520,Вера Белых,,+79897337761,user105520@example.ru,Казань,,2026-06-01,77622
c102422,Ольга Нестерова,,+79987753619,user102422@example.ru,Казань,,2026-09-09,75258
c104770,,Максим Гордеев,+7 (987) 712-09-15,user104770@example.ru,Казань,11.11.2024,,
c104453,Тимур Нестеров,,+79390084102,user104453@example.ru,Красноярск,,2026-01-15,104091
c105395,,Роман Юдин,+7 (960) 540-63-41,user105395@example.ru,Казань,20.08.2025,,
c91604,,Алиса Юдина,+7 (961) 781-11-04,user91604@example.ru,Новосибирск,13.02.2024,,
c90704,,Анна Гордеева,+7 (955) 115-31-85,user90704@example.ru,Красноярск,09.03.2025,,
c90462,,Наталья Ермакова,+7 (982) 458-81-38,user90462@example.ru,Екатеринбург,25.11.2025,,
c100397,Глеб Юдин,,+79790235326,user100397@example.ru,Новосибирск,,2026-03-28,49171
c105412,Игорь Савельев,,+79179187566,user105412@example.ru,Москва,,2026-05-08,29462
c91134,,Полина Крылова,+7 (925) 529-86-05,user91134@example.ru,С.-Петербург,02.11.2024,,
c102673,Лидия Тихонова,,+79411345375,user102673@example.ru,Санкт-Петербург,,2026-06-30,75302
c101851,Артур Ковальчук,,+79764961082,user101851@example.ru,Москва,,2026-02-15,34383
c100850,Игорь Сорокин,,+79279558762,user100850@example.ru,Новосибирск,,2026-04-07,171988
c100919,Денис Лаптев,,+79383164637,user100919@example.ru,Екатеринбург,,2026-04-26,128177
c101751,,Глеб Нестеров,+7 (974) 903-35-99,user101751@example.ru,Москва,24.04.2026,,
c91529,,Наталья Лаптева,+7 (938) 665-64-07,user91529@example.ru,Новосибирск,23.04.2024,,
c91858,,Елена Лаптева,+7 (958) 794-25-94,user91858@example.ru,Новосибирск,15.04.2025,,
c105517,Полина Сорокина,,+79139548696,user105517@example.ru,Новосибирск,,2026-04-11,123386
c90323,,Лидия Мешкова,+7 (999) 307-16-02,user90323@example.ru,Москва,03.11.2024,,
c106419,Анна Нестерова,,+79895838331,user106419@example.ru,Красноярск,,2026-06-12,51868
c106760,Павел Гордеев,,+79840582881,user106760@example.ru,Екатеринбург,,2026-04-07,14075
c91561,,Глеб Гордеев,+7 (943) 616-63-74,user91561@example.ru,Красноярск,29.01.2025,,
c90124,,Наталья Ермакова,+7 (951) 001-59-23,user90124@example.ru,Казань,23.10.2024,,
c102715,,Егор Сорокин,+7 (969) 741-58-80,user102715@example.ru,Москва,15.12.2024,,
c101790,Ольга Осипова,,+79149475972,user101790@example.ru,Москва,,2026-06-17,7910
c100140,Максим Белых,,+79231514568,user100140@example.ru,Москва,,2026-01-20,23554
c104334,Алиса Нестерова,,+79206427859,user104334@example.ru,Москва,,2026-05-20,108303
c103756,,Егор Осипов,+7 (915) 721-97-44,user103756@example.ru,Москва,22.07.2024,,
c100580,Егор Панин,,+79988028169,user100580@example.ru,Екатеринбург,,2026-07-07,94564
c90166,,Елена Белых,+7 (991) 967-24-66,user90166@example.ru,Красноярск,06.07.2024,,
c104095,Максим Мешков,,+79729050277,user104095@example.ru,Новосибирск,,2026-06-03,14170
c104426,Денис Панин,,+79409832168,user104426@example.ru,Новосибирск,,2026-04-03,176963
c90324,,Павел Тихонов,+7 (959) 923-80-58,user90324@example.ru,С.-Петербург,23.06.2025,,
c92250,,Роман Белых,+7 (951) 026-20-35,user92250@example.ru,Москва,29.02.2024,,
c91502,,Полина Лаптева,+7 (999) 176-93-96,user91502@example.ru,С.-Петербург,31.01.2026,,
c92255,,Вера Ермакова,+7 (965) 149-08-74,user92255@example.ru,Новосибирск,10.10.2025,,
c106827,Елена Ермакова,,+79765989003,user106827@example.ru,Санкт-Петербург,,2026-02-18,97132
c102226,,Полина Мешкова,+7 (985) 860-38-48,user102226@example.ru,Новосибирск,01.05.2024,,
c91772,,Ольга Крылова,+7 (931) 182-58-15,user91772@example.ru,Москва,23.01.2025,,
c91816,,Ольга Ермакова,+7 (942) 918-31-81,user91816@example.ru,Новосибирск,12.12.2024,,
c104484,Анна Нестерова,,+79730238798,user104484@example.ru,Новосибирск,,2026-05-19,172739
c106482,Павел Савельев,,+79572072211,user106482@example.ru,Екатеринбург,,2026-02-13,49043
c103683,Ольга Гордеева,,+79301004725,user103683@example.ru,Новосибирск,,2026-01-19,34200
c90383,,Максим Ковальчук,+7 (978) 523-85-93,user90383@example.ru,Красноярск,08.07.2024,,
c100719,Юлия Нестерова,,+79887309654,user100719@example.ru,Красноярск,,2026-07-09,133217
c105157,,Юлия Шилова,+7 (960) 657-88-66,user105157@example.ru,Новосибирск,25.09.2024,,
c104828,Полина Осипова,,+79786796418,user104828@example.ru,Москва,,2026-07-30,50036
c102179,Максим Тихонов,,+79123657511,user102179@example.ru,Казань,,2026-08-26,137407
c102795,Тимур Зуев,,+79343991115,user102795@example.ru,Екатеринбург,,2026-04-25,178263
c90200,,Вера Ермакова,+7 (940) 836-59-96,user90200@example.ru,Красноярск,02.08.2024,,
c104061,Елена Сорокина,,+79768957714,user104061@example.ru,Новосибирск,,2026-01-08,9386
c91478,,Роман Панин,+7 (970) 726-20-18,user91478@example.ru,Новосибирск,11.10.2024,,
c103776,Максим Юдин,,+79381879629,user103776@example.ru,Казань,,2026-08-22,124441
c90662,,Елена Тихонова,+7 (982) 775-73-56,user90662@example.ru,Екатеринбург,15.05.2026,,
c100375,Тимур Юдин,,+79678130518,user100375@example.ru,Москва,,2026-04-28,105749
c92259,,Кирилл Сорокин,+7 (930) 869-41-83,user92259@example.ru,Екатеринбург,28.07.2025,,
c104180,,Лидия Ковальчук,+7 (973) 953-12-98,user104180@example.ru,Екатеринбург,14.06.2026,,
c105312,Кирилл Сорокин,,+79703926184,user105312@example.ru,Красноярск,,2026-06-02,104689
c104600,Анна Сорокина,,+79219772439,user104600@example.ru,Санкт-Петербург,,2026-01-20,167206
c102549,Игорь Зуев,,+79162413047,user102549@example.ru,Екатеринбург,,2026-04-03,62935
c91877,,Наталья Лаптева,+7 (984) 593-27-20,user91877@example.ru,Москва,14.06.2024,,
c101536,Лидия Нестерова,,+79236957827,user101536@example.ru,Новосибирск,,2026-06-12,80118
c104245,Лидия Гордеева,,+79444388720,user104245@example.ru,Казань,,2026-03-02,68218
c102228,Полина Сорокина,,+79601466831,user102228@example.ru,Красноярск,,2026-03-19,95211
c101139,Вера Зуева,,+79502889008,user101139@example.ru,Красноярск,,2026-05-16,157948
c106893,Роман Зуев,,+79665567960,user106893@example.ru,Екатеринбург,,2026-04-09,129107
c104921,Кирилл Зуев,,+79764755606,user104921@example.ru,Екатеринбург,,2026-04-16,166201
c105306,Лидия Белых,,+79702475644,user105306@example.ru,Новосибирск,,2026-06-03,121531
c100730,Максим Гордеев,,+79867712190,user100730@example.ru,Казань,,2026-02-13,19281
c105295,,Полина Савельева,+7 (996) 630-28-20,user105295@example.ru,Новосибирск,03.10.2024,,
c106379,Алиса Осипова,,+79797036107,user106379@example.ru,Новосибирск,,2026-01-19,48051
c100769,Егор Шилов,,+79995281538,user100769@example.ru,Екатеринбург,,2026-08-28,37639
c105436,,Полина Шилова,+7 (922) 116-31-02,user105436@example.ru,С.-Петербург,19.02.2024,,
c90585,,Наталья Шилова,+7 (962) 934-50-84,user90585@example.ru,Екатеринбург,25.03.2024,,
c91753,,Тимур Тихонов,+7 (959) 080-27-02,user91753@example.ru,Новосибирск,10.04.2025,,
c105389,,Мария Ковальчук,+7 (914) 625-71-46,user105389@example.ru,Москва,16.08.2025,,
c105945,Артур Осипов,,+79856041876,user105945@example.ru,Санкт-Петербург,,2026-06-27,28410
c91193,,Мария Сорокина,+7 (921) 047-50-46,user91193@example.ru,Екатеринбург,07.10.2025,,
c101332,Вера Мешкова,,+79477802168,user101332@example.ru,Санкт-Петербург,,2026-02-20,36667
c105866,Лидия Сорокина,,+79702989133,user105866@example.ru,Красноярск,,2026-02-05,122936
c90223,,Анна Осипова,+7 (984) 239-65-55,user90223@example.ru,Казань,11.01.2025,,
c103703,Тимур Белых,,+79672841613,user103703@example.ru,Новосибирск,,2026-09-03,167741
c101156,Лидия Зуева,,+79437464982,user101156@example.ru,Казань,,2026-04-19,116590
c105914,Егор Панин,,+79960033900,user105914@example.ru,Москва,,2026-09-05,135390
c103563,Артур Осипов,,+79133417975,user103563@example.ru,Красноярск,,2026-07-06,142501
c100928,Артур Осипов,,+79892319134,user100928@example.ru,Екатеринбург,,2026-06-02,160853
c100893,,Роман Гордеев,+7 (984) 629-35-35,user100893@example.ru,Новосибирск,26.11.2024,,
c101565,Елена Ермакова,,+79763720256,user101565@example.ru,Санкт-Петербург,,2026-08-01,151484
c103367,Юлия Ермакова,,+79646592345,user103367@example.ru,Казань,,2026-07-09,153577
c104473,Анна Крылова,,+79673121987,user104473@example.ru,Новосибирск,,2026-01-26,127416
c104982,Юлия Шилова,,+79979906331,user104982@example.ru,Красноярск,,2026-06-18,9338
c103069,Артур Нестеров,,+79885196428,user103069@example.ru,Казань,,2026-07-05,118287
c105585,Мария Панина,,+79834838750,user105585@example.ru,Казань,,2026-07-21,23001
c102244,Алиса Крылова,,+79751072722,user102244@example.ru,Новосибирск,,2026-04-05,8949
c102497,Игорь Ковальчук,,+79788696133,user102497@example.ru,Москва,,2026-02-14,11542
c102134,Игорь Мешков,,+79845091301,user102134@example.ru,Казань,,2026-05-02,95153
c104016,Артур Ермаков,,+79555347446,user104016@example.ru,Санкт-Петербург,,2026-05-18,110988
c91949,,Ольга Ермакова,+7 (926) 339-37-06,user91949@example.ru,С.-Петербург,13.08.2025,,
c103930,Егор Белых,,+79508928815,user103930@example.ru,Красноярск,,2026-05-24,176973
c102895,Анна Юдина,,+79361153868,user102895@example.ru,Новосибирск,,2026-07-31,97351
c106706,Игорь Лаптев,,+79432366202,user106706@example.ru,Красноярск,,2026-03-18,11914
c105089,Павел Савельев,,+79314589264,user105089@example.ru,Екатеринбург,,2026-05-17,52542
c104170,Юлия Панина,,+79464540876,user104170@example.ru,Новосибирск,,2026-07-25,20342
c104396,Анна Крылова,,+79612408419,user104396@example.ru,Екатеринбург,,2026-06-05,93799
c103667,Юлия Сорокина,,+79255401700,user103667@example.ru,Красноярск,,2026-01-08,158043
c101197,Глеб Тихонов,,+79870043069,user101197@example.ru,Новосибирск,,2026-02-28,93341
c106170,Анна Юдина,,+79805625613,user106170@example.ru,Санкт-Петербург,,2026-02-12,109859
c100356,Егор Сорокин,,+79609906995,user100356@example.ru,Новосибирск,,2026-06-24,12089
c104465,Роман Тихонов,,+79723248917,user104465@example.ru,Екатеринбург,,2026-08-31,104177
c106691,Артур Панин,,+79384230195,user106691@example.ru,Москва,,2026-08-03,66178
c106869,Юлия Юдина,,+79559981080,user106869@example.ru,Москва,,2026-06-22,19254
c101593,,Денис Лаптев,+7 (966) 059-54-11,user101593@example.ru,Москва,17.12.2024,,
c100978,,Мария Лаптева,+7 (998) 352-35-55,user100978@example.ru,Новосибирск,19.03.2025,,
c104147,Павел Лаптев,,+79901133609,user104147@example.ru,Екатеринбург,,2026-07-17,34929
c104513,,Максим Крылов,+7 (927) 026-46-94,user104513@example.ru,С.-Петербург,05.05.2026,,
c92170,,Денис Мешков,+7 (983) 209-91-19,user92170@example.ru,Екатеринбург,29.08.2025,,
c105713,Елена Зуева,,+79503366540,user105713@example.ru,Красноярск,,2026-03-15,156686
c104010,,Егор Осипов,+7 (943) 665-78-01,user104010@example.ru,Красноярск,30.05.2025,,
c105382,Глеб Юдин,,+79786788278,user105382@example.ru,Екатеринбург,,2026-03-04,15218
c105611,Игорь Панин,,+79336958929,user105611@example.ru,Красноярск,,2026-02-14,18569
c103882,,Денис Тихонов,+7 (948) 784-41-96,user103882@example.ru,Казань,09.03.2024,,
c103411,Артур Ковальчук,,+79657884926,user103411@example.ru,Москва,,2026-04-19,61881
c91348,,Вера Ковальчук,+7 (914) 038-25-85,user91348@example.ru,Казань,16.05.2026,,
c106117,Мария Ермакова,,+79734054260,user106117@example.ru,Красноярск,,2026-07-10,121461
c90573,,Мария Савельева,+7 (938) 731-68-56,user90573@example.ru,Новосибирск,07.07.2025,,
c100258,Ольга Ермакова,,+79715511784,user100258@example.ru,Екатеринбург,,2026-04-28,31172
c103501,Егор Белых,,+79946862541,user103501@example.ru,Казань,,2026-05-25,101274
c104998,Мария Осипова,,+79592943416,user104998@example.ru,Новосибирск,,2026-01-20,141519
c104163,Наталья Крылова,,+79146527016,user104163@example.ru,Москва,,2026-06-19,89973
c102500,Игорь Савельев,,+79297957916,user102500@example.ru,Красноярск,,2026-02-06,123497
c101699,Егор Белых,,+79425716947,user101699@example.ru,Москва,,2026-04-08,87642
c105025,,Лидия Лаптева,+7 (945) 885-61-97,user105025@example.ru,Новосибирск,29.01.2025,,
c106111,Юлия Зуева,,+79936142360,user106111@example.ru,Санкт-Петербург,,2026-01-13,39350
c102269,,Вера Мешкова,+7 (913) 021-26-82,user102269@example.ru,Казань,18.06.2024,,
c91618,,Юлия Шилова,+7 (996) 356-39-01,user91618@example.ru,Новосибирск,05.08.2025,,
c90351,,Анна Сорокина,+7 (949) 379-79-63,user90351@example.ru,Красноярск,04.04.2026,,
c91457,,Наталья Лаптева,+7 (944) 955-82-51,user91457@example.ru,Новосибирск,14.10.2025,,
c103212,Роман Ермаков,,+79684881769,user103212@example.ru,Новосибирск,,2026-04-25,25250
c102857,Денис Лаптев,,+79678342710,user102857@example.ru,Екатеринбург,,2026-05-30,102143
c103053,,Юлия Мешкова,+7 (926) 097-42-99,user103053@example.ru,Красноярск,06.12.2025,,
c91690,,Анна Сорокина,+7 (952) 924-03-03,user91690@example.ru,Красноярск,23.10.2024,,
c100235,Вера Гордеева,,+79610736464,user100235@example.ru,Новосибирск,,2026-08-29,162803
c90419,,Егор Лаптев,+7 (994) 793-94-22,user90419@example.ru,Красноярск,25.03.2026,,
c101841,Алиса Лаптева,,+79872069926,user101841@example.ru,Новосибирск,,2026-03-09,89969
c104028,Вера Ковальчук,,+79626147042,user104028@example.ru,Новосибирск,,2026-04-25,16794
c92046,,Кирилл Крылов,+7 (914) 525-27-98,user92046@example.ru,Казань,25.04.2024,,
c100249,Юлия Лаптева,,+79229015761,user100249@example.ru,Красноярск,,2026-05-17,51891
c106211,Максим Гордеев,,+79144026962,user106211@example.ru,Казань,,2026-02-04,75799
c101275,Глеб Лаптев,,+79255278501,user101275@example.ru,Красноярск,,2026-02-07,84245
c92116,,Игорь Савельев,+7 (953) 625-49-62,user92116@example.ru,Казань,30.07.2025,,
c104215,Роман Крылов,,+79417017631,user104215@example.ru,Москва,,2026-07-20,9236
c104455,Кирилл Лаптев,,+79687446156,user104455@example.ru,Екатеринбург,,2026-07-22,160727
c103374,Елена Лаптева,,+79482686742,user103374@example.ru,Екатеринбург,,2026-03-01,2287
c105242,Алиса Шилова,,+79384485497,user105242@example.ru,Москва,,2026-07-11,150341
c100535,Игорь Зуев,,+79653052245,user100535@example.ru,Москва,,2026-05-25,98129
c100098,Павел Гордеев,,+79331512761,user100098@example.ru,Санкт-Петербург,,2026-03-18,23501
c105272,Кирилл Гордеев,,+79522322175,user105272@example.ru,Казань,,2026-01-28,129606
c102484,Игорь Савельев,,+79459668498,user102484@example.ru,Казань,,2026-07-29,34304
c104393,Денис Савельев,,+79107540357,user104393@example.ru,Казань,,2026-06-01,154345
c101774,Юлия Панина,,+79355993097,user101774@example.ru,Красноярск,,2026-05-07,47346
c102486,Юлия Крылова,,+79639526358,user102486@example.ru,Казань,,2026-08-21,84540
c92028,,Кирилл Юдин,+7 (979) 451-99-62,user92028@example.ru,Екатеринбург,20.02.2026,,
c102036,Анна Мешкова,,+79601067694,user102036@example.ru,Новосибирск,,2026-09-02,145613
c102789,Максим Мешков,,+79807627936,user102789@example.ru,Новосибирск,,2026-07-05,121020
c91551,,Лидия Белых,+7 (959) 375-72-11,user91551@example.ru,Казань,17.05.2024,,
c100849,Игорь Гордеев,,+79594956949,user100849@example.ru,Москва,,2026-05-01,154650
c90033,,Анна Лаптева,+7 (919) 812-17-33,user90033@example.ru,Москва,15.03.2025,,
c105481,Максим Осипов,,+79196464236,user105481@example.ru,Екатеринбург,,2026-06-15,136668
c90344,,Полина Сорокина,+7 (989) 007-33-48,user90344@example.ru,С.-Петербург,10.06.2025,,
