id,created_at,client_id,channel,topic,priority,agent_id,first_reply_at,resolved_at,status,reopened,csat
t001032,01.03.2025 14:05,u02881,чат,оплата и документы,2,a01,2025-03-01 15:40:39,2025-03-01 19:30:47,решено,0,
t000301,2025-05-10 09:56:00,u02514,форма,техническая проблема,2,a09,2025-05-10 10:04:31,,в работе,0,
t001362,2025-06-06 07:53:00,u07865,телефон,техническая проблема,1,a12,2025-06-06 08:57:15,2025-06-06 14:30:43,решено,0,
t002504,2025-03-06 03:21:00,u06874,чат,доступ и пароли,1,a15,2025-03-06 03:33:40,,в работе,0,
t005147,2025-06-24 09:14:00,u08058,телефон,расписание и посещаемость,1,a04,2025-06-24 10:06:01,2025-06-24 12:17:32,решено,0,
t000450,14.05.2025 11:57,u05052,телефон,расписание и посещаемость,2,a16,2025-05-14 12:11:55,2025-05-14 18:22:12,решено,0,
t001562,2025-05-04 02:30:00,u00782,почта,техническая проблема,2,a15,2025-05-04 02:41:10,2025-05-04 12:00:00,решено,0,
t000103,27.02.2025 13:51,u08656,чат,оплата и документы,2,a01,2025-02-27 13:59:11,2025-02-27 14:55:08,решено,0,
t005226,2025-04-07 07:58:00,u07959,телефон,расписание и посещаемость,1,a03,2025-04-07 08:35:09,2025-04-07 19:04:57,решено,1,
t002223,04.01.2025 11:33,u02724,чат,"",3,a07,2025-01-04 12:25:59,2025-01-04 12:31:35,решено,0,
t001748,2025-01-03 09:23:00,u00252,чат,доступ и пароли,2,a10,2025-01-03 09:56:06,2025-01-03 11:17:06,решено,1,
t004519,07.05.2025 14:00,u04940,почта,расписание и посещаемость,1,a16,2025-05-07 14:48:58,2025-05-07 19:55:36,решено,1,
t002259,2025-04-03 09:12:00,u00500,почта,оплата и документы,2,a04,2025-04-03 09:19:29,2025-04-03 17:59:22,решено,0,
t000490,2025-03-19 12:52:00,u07125,почта,прочее,3,a10,2025-03-19 12:59:54,2025-03-19 16:04:09,решено,0,
t000597,2025-04-05 01:56:00,u04324,чат,оплата и документы,2,a02,2025-04-05 02:10:10,2025-04-04 02:21:12,решено,0,
t000546,24.03.2025 12:05,u02852,чат,доступ и пароли,3,a06,2025-03-24 13:35:08,2025-03-24 13:40:20,решено,0,3
t004701,2025-02-01 04:34:00,u00662,почта,доступ и пароли,2,a18,2025-02-01 04:58:33,2025-02-01 05:50:09,решено,0,4
t003540,2025-04-17 04:35:00,u08377,чат,оплата и документы,1,a02,2025-04-17 05:33:41,2025-04-17 07:39:58,решено,0,
t003610,2025-01-25 08:56:00,u08280,телефон,доступ и пароли,3,a11,2025-01-25 09:03:36,2025-01-25 09:20:48,решено,1,3
t003035,2025-01-06 05:19:00,u00563,чат,прочее,2,a11,2025-01-06 06:36:00,2025-01-06 10:11:00,решено,0,
t002472,26.02.2025 03:45,u03734,чат,расписание и посещаемость,2,a07,2025-02-26 03:55:19,2025-02-26 07:25:49,решено,0,4
t001500,2025-06-20 14:22:00,u03078,телефон,техническая проблема,2,a18,,,новое,0,
t005222,2025-05-02 08:30:00,u02521,почта,оплата и документы,1,a07,2025-05-02 09:33:18,,в работе,0,
t001703,2025-05-03 12:18:00,u07859,чат,оплата и документы,1,a07,2025-05-03 13:08:08,2025-05-03 18:30:20,решено,0,
t004254,22.03.2025 11:23,u06390,чат,оплата и документы,1,a03,2025-03-22 11:26:29,2025-03-22 13:43:00,решено,0,
t002324,22.04.2025 12:35,u04082,чат,оплата и документы,2,a08,2025-04-22 12:44:43,,в работе,0,
t002631,23.03.2025 14:18,u06446,чат,доступ и пароли,3,a10,2025-03-23 14:37:11,2025-03-23 16:31:06,решено,0,5
t001676,2025-02-22 03:42:00,u08774,чат,доступ и пароли,3,a11,2025-02-22 05:05:04,2025-02-22 05:23:22,решено,1,
t005344,19.01.2025 07:43,u03778,чат,оплата и документы,2,a06,,,новое,0,
t002247,2025-06-24 13:13:00,u01311,чат,техническая проблема,1,a08,2025-06-24 13:30:34,2025-06-24 22:53:47,решено,0,5
t005634,2025-06-25 09:36:00,u02462,почта,техническая проблема,1,a08,2025-06-25 10:04:57,2025-06-25 22:54:14,решено,0,
t005719,2025-04-14 09:26:00,u08172,Чат,доступ и пароли,3,a06,2025-04-14 09:51:11,,в работе,0,
t001387,2025-02-05 02:42:00,u02416,почта,доступ и пароли,1,a03,2025-02-05 02:51:31,2025-02-05 03:31:56,решено,1,
t001864,2025-05-03 11:54:00,u03843,чат,прочее,2,a06,2025-05-03 11:58:59,,в работе,0,
t002510,2025-06-11 12:32:00,u07160,телефон,оплата и документы,1,a06,2025-06-11 13:26:01,2025-06-11 19:25:34,решено,0,
t004000,2025-03-05 07:26:00,u05423,Чат,доступ и пароли,1,a09,2025-03-05 07:46:21,2025-03-05 08:38:27,решено,0,4
t003344,2025-06-16 11:46:00,u00134,почта,доступ и пароли,2,a18,2025-06-16 11:58:22,2025-06-16 12:11:55,решено,0,
t005110,2025-05-20 10:39:00,u02805,почта,"",2,a07,2025-05-20 10:42:04,2025-05-20 13:32:44,решено,0,
t005035,2025-06-18 10:03:00,u03870,форма,расписание и посещаемость,2,a01,2025-06-18 10:13:02,,в работе,0,
t004053,19.06.2025 15:41,u05189,чат,оплата и документы,2,a12,2025-06-19 15:48:09,2025-06-19 22:32:53,решено,0,
t001560,2025-05-07 08:05:00,u02021,форма,прочее,2,a07,2025-05-07 08:43:42,2025-05-07 15:02:05,решено,0,
t004595,06.04.2025 08:41,u08560,чат,расписание и посещаемость,3,a10,2025-04-06 08:55:19,2025-04-06 13:13:21,решено,0,
t005166,2025-04-20 13:23:00,u01954,чат,прочее,2,a05,2025-04-20 13:37:29,2025-04-20 20:37:20,решено,0,
t001884,2025-03-19 13:51:00,u00606,чат,доступ и пароли,3,a03,2025-03-19 15:13:35,2025-03-19 16:49:39,решено,0,5
t002559,2025-05-06 10:55:00,u04255,телефон,прочее,3,a03,2025-05-06 11:24:39,2025-05-06 13:50:39,решено,0,
t002988,20.03.2025 03:58,u00321,чат,доступ и пароли,2,a05,2025-03-20 04:04:57,2025-03-20 05:40:01,закрыто без ответа,0,1
t004262,2025-02-04 11:16:00,u06355,почта,доступ и пароли,2,a06,2025-02-04 11:35:25,2025-02-04 12:32:01,решено,1,1
t003237,2025-03-22 05:02:00,u02201,чат,техническая проблема,1,a07,2025-03-22 06:44:40,2025-03-22 17:28:42,решено,0,4
t005335,2025-01-08 02:13:00,u04617,чат,оплата и документы,3,a12,2025-01-08 02:40:17,2025-01-08 04:58:06,решено,0,5
t000003,02.04.2025 01:24,u08143,чат,оплата и документы,2,a18,2025-04-02 02:11:00,,в работе,0,3
t005810,2025-01-26 07:23:00,u01065,чат,техническая проблема,1,a12,2025-01-26 08:00:37,2025-01-26 13:04:32,решено,0,1
t004284,2025-06-26 07:33:00,u04141,чат,доступ и пароли,2,a07,2025-06-26 08:01:13,2025-06-26 08:20:41,решено,0,
t000384,18.05.2025 13:08,u03015,чат,доступ и пароли,2,a12,2025-05-18 13:16:09,2025-05-18 14:43:15,решено,0,
t004610,2025-05-22 05:32:00,u02970,чат,оплата и документы,1,a05,2025-05-22 06:29:56,2025-05-22 08:20:24,решено,0,4
t001749,2025-06-06 03:29:00,u00260,телефон,техническая проблема,1,a17,2025-06-06 04:06:37,2025-06-06 07:43:46,решено,0,3
t000743,2025-01-26 19:55:00,u03493,почта,расписание и посещаемость,1,a08,2025-01-26 20:07:33,2025-01-26 21:31:56,решено,0,
t001637,07.06.2025 05:07,u06270,чат,оплата и документы,2,a06,2025-06-07 05:24:12,2025-06-07 05:57:18,решено,0,
t003932,2025-04-18 12:11:00,u05397,чат,оплата и документы,2,a16,2025-04-18 12:20:36,2025-04-18 22:17:07,решено,0,
t001270,2025-03-23 20:07:00,u06605,чат,доступ и пароли,1,a06,2025-03-23 20:12:40,2025-03-22 20:28:26,решено,0,
t004027,2025-05-04 12:24:00,u07302,чат,расписание и посещаемость,1,a12,2025-05-04 12:30:35,2025-05-04 13:24:51,решено,0,
t000852,2025-01-04 10:15:00,u04070,Чат,доступ и пароли,1,a04,2025-01-04 11:10:07,2025-01-04 13:12:52,решено,0,
t004579,10.03.2025 13:05,u03678,телефон,оплата и документы,2,a01,2025-03-10 14:04:47,2025-03-10 15:40:05,решено,1,
t004267,2025-06-19 03:16:00,u03093,форма,расписание и посещаемость,3,a11,2025-06-19 04:15:37,2025-06-19 07:57:10,решено,0,
t001134,2025-01-04 13:55:00,u04070,чат,доступ и пароли,2,a04,2025-01-04 15:06:42,2025-01-04 15:29:50,решено,0,
t004264,05.04.2025 12:23,u08495,почта,,3,a01,2025-04-05 12:34:58,,в работе,0,
t001293,08.02.2025 12:18,u06485,чат,оплата и документы,2,a09,2025-02-08 12:21:04,2025-02-08 15:38:51,решено,0,
t004283,2025-03-16 06:00:00,u08321,чат,доступ и пароли,1,a17,2025-03-16 07:09:00,2025-03-16 07:15:24,решено,0,
t001054,2025-03-02 21:25:00,u01218,чат,доступ и пароли,3,a10,2025-03-02 21:38:22,2025-03-02 21:59:01,решено,0,
t004949,21.05.2025 11:07,u01052,чат,расписание и посещаемость,2,a05,2025-05-21 12:09:48,2025-05-21 14:19:32,решено,0,
t004343,2025-03-06 06:45:00,u01639,почта,доступ и пароли,2,a05,2025-03-06 06:48:34,2025-03-06 08:00:02,решено,0,
t005762,2025-05-06 05:16:00,u07409,чат,оплата и документы,2,a03,2025-05-06 05:21:49,2025-05-06 11:27:15,решено,0,
t001751,2025-03-21 03:47:00,u02174,почта,доступ и пароли,1,a05,2025-03-21 03:50:13,2025-03-21 05:07:21,решено,0,
t002886,26.06.2025 03:35,u04141,чат,расписание и посещаемость,2,a18,2025-06-26 03:41:33,2025-06-26 11:07:34,решено,0,
t001444,03.06.2025 12:36,u03590,чат,оплата и документы,3,a18,2025-06-03 13:28:04,2025-06-03 20:27:09,решено,0,4
t004271,01.04.2025 04:55,u07751,телефон,оплата и документы,3,a09,2025-04-01 05:01:38,2025-04-01 06:48:21,решено,0,
t004258,2025-06-23 11:53:00,u07933,почта,доступ и пароли,2,a18,2025-06-23 12:48:59,2025-06-23 15:42:37,решено,0,
t001901,09.05.2025 07:51,u06141,чат,расписание и посещаемость,1,a17,2025-05-09 07:55:55,2025-05-09 11:53:39,решено,0,
t005152,2025-02-26 18:31:00,u05813,чат,доступ и пароли,1,a06,2025-02-26 18:56:36,2025-02-26 19:42:11,решено,0,
t001505,2025-02-01 05:41:00,u01743,чат,доступ и пароли,3,a12,2025-02-01 06:47:36,2025-02-01 07:00:14,решено,0,
t002549,2025-05-03 06:45:00,u05029,чат,оплата и документы,1,a10,2025-05-03 06:49:34,2025-05-03 20:23:38,решено,0,
t005148,2025-04-18 09:49:00,u00703,чат,доступ и пароли,2,a16,2025-04-18 10:17:14,2025-04-18 10:34:53,решено,1,
t001958,2025-02-12 07:36:00,u08453,форма,NULL,2,a04,2025-02-12 09:23:59,2025-02-12 10:13:48,решено,0,
t004174,2025-01-09 03:23:00,u02046,чат,техническая проблема,3,a01,2025-01-09 03:44:12,2025-01-09 13:15:15,решено,0,
t005613,2025-04-05 03:30:00,u06347,чат,расписание и посещаемость,1,a05,2025-04-05 03:33:46,2025-04-05 05:38:03,решено,0,
t004436,2025-06-10 01:12:00,u04963,чат,техническая проблема,1,a03,2025-06-10 01:19:56,2025-06-10 08:50:55,решено,1,
t000335,2025-01-19 01:59:00,u06616,чат,доступ и пароли,1,a10,2025-01-19 02:07:39,2025-01-19 02:44:08,решено,0,4
t002206,05.03.2025 01:29,u07455,чат,техническая проблема,3,a08,2025-03-05 03:00:51,2025-03-05 17:24:21,решено,0,
t000481,26.01.2025 11:47,u03587,чат,техническая проблема,2,a13,2025-01-26 12:13:37,2025-01-26 15:43:08,решено,0,3
t004102,01.01.2025 02:06,u08610,чат,доступ и пароли,2,a03,2025-01-01 02:29:59,2025-01-01 04:08:52,решено,0,
t003386,2025-05-02 15:36:00,u04865,чат,доступ и пароли,1,a04,,,новое,0,
t005804,24.03.2025 11:37,u05297,телефон,доступ и пароли,2,a17,2025-03-24 12:49:53,2025-03-24 14:57:09,решено,0,
t000386,2025-04-22 08:21:00,u02615,форма,техническая проблема,2,a03,2025-04-22 09:22:39,2025-04-22 18:30:18,решено,0,
t003149,2025-04-24 04:35:00,u08311,форма,доступ и пароли,1,a07,2025-04-24 04:42:29,2025-04-24 05:20:27,решено,1,
t004638,23.06.2025 11:07,u00838,чат,техническая проблема,1,a15,2025-06-23 11:12:41,2025-06-23 18:04:03,решено,0,
t005781,2025-05-05 16:58:00,u05963,почта,,2,a03,2025-05-05 17:29:08,2025-05-05 19:10:05,решено,0,
t002708,2025-06-04 03:29:00,u01182,чат,оплата и документы,2,a09,2025-06-04 04:30:20,2025-06-04 10:01:35,решено,0,
t004220,24.03.2025 12:51,u07904,чат,расписание и посещаемость,2,a17,2025-03-24 13:17:57,2025-03-24 20:15:06,решено,0,
t005235,2025-01-26 13:35:00,u06571,почта,доступ и пароли,2,a03,2025-01-26 13:52:30,2025-01-26 15:12:56,решено,0,
t004443,2025-01-13 18:51:00,u04500,почта,доступ и пароли,2,a02,2025-01-13 19:07:54,2025-01-13 20:21:45,решено,1,5
t001826,2025-02-11 08:54:00,u07217,чат,доступ и пароли,2,a17,2025-02-11 09:22:38,2025-02-11 11:19:44,решено,0,
t003480,2025-01-23 12:40:00,u03529,почта,оплата и документы,2,a08,2025-01-23 13:44:14,2025-01-23 19:33:38,решено,0,
t002769,2025-02-07 01:55:00,u06644,чат,доступ и пароли,3,a12,2025-02-07 03:05:30,2025-02-07 03:08:22,решено,1,
t005875,07.05.2025 07:20,u02368,форма,доступ и пароли,3,a15,2025-05-07 08:18:14,2025-05-07 09:29:13,решено,0,
t003561,2025-03-21 12:56:00,u06779,почта,расписание и посещаемость,2,a12,2025-03-21 13:00:25,2025-03-21 17:23:54,решено,0,
t002156,2025-02-05 05:26:00,u06798,телефон,доступ и пароли,1,a15,2025-02-05 06:59:41,2025-02-05 07:08:27,решено,1,5
t004235,16.06.2025 08:23,u03931,телефон,прочее,2,a16,2025-06-16 08:45:59,2025-06-16 11:47:37,решено,0,
t005482,02.03.2025 12:16,u05364,форма,доступ и пароли,1,a18,2025-03-02 12:43:28,2025-03-02 13:08:33,закрыто без ответа,0,3
t001564,2025-05-17 15:40:00,u04006,Чат,оплата и документы,3,a02,2025-05-17 15:42:19,2025-05-17 19:44:11,решено,0,
t003957,2025-06-02 06:58:00,u06341,телефон,техническая проблема,1,a10,2025-06-02 07:00:19,2025-06-02 17:55:00,решено,0,
t001792,2025-06-19 10:19:00,u02526,почта,техническая проблема,2,a05,2025-06-19 11:00:08,2025-06-19 21:55:45,решено,0,
t005124,2025-04-07 02:57:00,u08372,телефон,доступ и пароли,2,a09,2025-04-07 03:02:59,2025-04-07 03:29:50,решено,0,
t002835,2025-05-10 01:00:00,u00306,чат,NULL,1,a05,2025-05-10 01:09:41,2025-05-10 02:26:48,решено,0,
t002483,2025-05-21 04:10:00,u05203,чат,оплата и документы,2,a06,2025-05-21 04:13:26,2025-05-21 09:39:28,решено,0,
t003856,2025-01-01 09:18:00,u06376,форма,расписание и посещаемость,3,a01,2025-01-01 11:04:30,2025-01-01 14:40:45,решено,0,
t005485,2025-01-18 09:16:00,u06861,телефон,доступ и пароли,3,a06,2025-01-18 10:14:23,2025-01-18 11:57:36,решено,0,5
t003674,2025-05-09 17:52:00,u01022,чат,расписание и посещаемость,2,a03,2025-05-09 18:41:36,2025-05-09 20:26:39,решено,0,
t005097,20.04.2025 03:03,u02108,форма,NULL,2,a05,2025-04-20 03:18:54,2025-04-20 10:10:40,решено,0,
t000285,2025-02-25 12:06:00,u05326,Чат,доступ и пароли,2,a15,2025-02-25 12:30:05,2025-02-24 12:30:48,решено,0,
t005264,2025-05-19 09:40:00,u06946,телефон,расписание и посещаемость,1,a17,2025-05-19 09:47:15,2025-05-19 18:40:47,решено,0,
t004613,16.02.2025 01:33,u07147,чат,доступ и пароли,2,a04,2025-02-16 02:31:09,2025-02-16 03:59:37,решено,0,5
t002424,12.03.2025 06:26,u04674,почта,техническая проблема,1,a08,2025-03-12 07:58:50,2025-03-12 16:29:19,решено,0,3
t004720,2025-04-13 04:08:00,u07338,чат,техническая проблема,2,a08,2025-04-13 04:09:57,2025-04-13 07:44:05,решено,0,
t001040,2025-03-12 12:02:00,u08457,чат,доступ и пароли,2,a15,2025-03-12 13:24:09,2025-03-12 18:10:38,решено,0,
t001159,2025-05-21 10:48:00,u01005,чат,расписание и посещаемость,2,a06,2025-05-21 11:51:26,2025-05-21 15:17:38,решено,0,
t000543,05.06.2025 11:21,u08954,чат,расписание и посещаемость,1,a17,2025-06-05 11:34:11,2025-06-05 13:49:22,решено,0,
t003360,10.02.2025 12:08,u05324,почта,расписание и посещаемость,1,a18,2025-02-10 13:51:34,2025-02-10 15:25:46,решено,0,
t000410,24.02.2025 13:16,u02427,форма,"",2,a08,2025-02-24 14:56:11,2025-02-24 16:05:24,решено,0,
t003773,2025-03-09 04:37:00,u00961,телефон,,2,a09,2025-03-09 05:01:16,2025-03-09 09:19:18,решено,0,2
t000154,2025-05-19 19:29:00,u08929,почта,техническая проблема,1,a06,2025-05-19 19:36:15,2025-05-20 05:41:53,решено,0,
t003292,2025-06-08 10:21:00,u03746,чат,оплата и документы,1,a18,2025-06-08 10:47:11,2025-06-08 14:51:20,решено,0,
t001794,2025-01-03 15:26:00,u08786,почта,доступ и пароли,1,a03,2025-01-03 17:09:22,2025-01-03 17:21:53,решено,0,1
t004049,2025-06-06 01:42:00,u04506,телефон,прочее,2,a04,2025-06-06 01:54:58,2025-06-06 05:33:00,решено,0,
t003162,2025-05-22 12:34:00,u08056,форма,доступ и пароли,2,a02,2025-05-22 12:51:27,,в работе,0,
t005766,2025-04-19 12:26:00,u04609,форма,доступ и пароли,2,a17,2025-04-19 12:32:32,2025-04-19 13:12:31,решено,0,5
t004308,2025-04-24 14:56:00,u01482,телефон,расписание и посещаемость,3,a10,2025-04-24 15:26:07,2025-04-24 17:08:56,решено,0,
t000885,2025-02-08 11:01:00,u02497,телефон,доступ и пароли,1,a01,2025-02-08 12:01:06,2025-02-08 14:52:30,закрыто без ответа,0,
t005576,02.06.2025 09:29,u03424,чат,техническая проблема,2,a01,2025-06-02 09:38:56,2025-06-02 15:44:31,решено,0,
t003101,2025-02-02 08:51:00,u01214,почта,доступ и пароли,1,a05,2025-02-02 10:12:59,2025-02-02 12:13:29,решено,0,
t001150,2025-01-18 07:07:00,u08979,чат,доступ и пароли,2,a14,2025-01-18 08:03:25,2025-01-18 10:26:08,решено,0,
t003886,2025-01-22 09:57:00,u07927,чат,доступ и пароли,3,a04,2025-01-22 11:20:56,2025-01-22 11:49:52,решено,0,
t003093,2025-03-25 07:34:00,u02884,чат,доступ и пароли,2,a01,2025-03-25 08:33:19,2025-03-25 09:12:00,решено,0,5
t004960,2025-01-10 11:54:00,u03012,телефон,техническая проблема,1,a11,2025-01-10 12:15:45,2025-01-11 01:13:57,решено,0,
t001316,2025-05-07 06:16:00,u01425,чат,техническая проблема,1,a11,2025-05-07 06:38:23,2025-05-07 11:56:41,решено,0,4
t001374,2025-03-03 12:07:00,u01849,почта,доступ и пароли,3,a12,2025-03-03 12:19:12,2025-03-03 13:49:17,решено,0,
t001666,2025-05-20 03:24:00,u01947,чат,расписание и посещаемость,2,a02,2025-05-20 03:44:28,,в работе,0,
t005308,2025-05-17 01:48:00,u01141,форма,доступ и пароли,2,a08,2025-05-17 02:03:35,2025-05-17 02:43:34,закрыто без ответа,1,
t003948,2025-03-05 03:39:00,u03238,чат,техническая проблема,1,a01,2025-03-05 03:54:41,2025-03-05 13:49:33,решено,0,4
t004265,2025-02-19 01:49:00,u05882,чат,доступ и пароли,2,a14,2025-02-19 01:55:22,2025-02-19 02:26:48,решено,0,
t002888,2025-04-05 12:54:00,u07978,почта,,1,a01,2025-04-05 13:20:34,2025-04-05 15:07:33,решено,0,
t002912,2025-06-06 12:20:00,u06429,чат,техническая проблема,1,a07,2025-06-06 12:42:04,2025-06-06 21:17:59,решено,0,
t004798,2025-02-14 11:48:00,u05027,почта,оплата и документы,3,a09,2025-02-14 12:54:19,2025-02-14 13:04:05,решено,0,
t002474,15.05.2025 06:29,u02858,чат,техническая проблема,1,a06,2025-05-15 07:00:42,2025-05-15 13:30:02,решено,0,
t000432,22.06.2025 06:57,u03637,чат,прочее,1,a06,2025-06-22 07:20:36,2025-06-22 10:23:16,решено,0,
t001732,2025-06-19 03:06:00,u05506,почта,доступ и пароли,2,a08,2025-06-19 03:14:55,2025-06-19 04:19:30,решено,0,
t005901,2025-01-21 03:45:00,u08031,форма,техническая проблема,1,a07,2025-01-21 04:13:47,2025-01-21 21:23:51,решено,0,5
t002799,18.03.2025 13:08,u07759,чат,NULL,2,a01,2025-03-18 14:04:28,2025-03-18 15:53:27,решено,0,3
t003707,2025-04-21 02:20:00,u01211,почта,техническая проблема,2,a18,2025-04-21 02:29:03,,в работе,0,
t001615,2025-06-05 10:08:00,u01869,почта,NULL,1,a02,2025-06-05 10:22:21,2025-06-05 17:43:37,решено,0,
t005200,24.04.2025 09:06,u07655,чат,техническая проблема,2,a04,2025-04-24 09:35:09,2025-04-24 12:28:03,решено,0,
t001352,2025-04-02 01:20:00,u02420,почта,оплата и документы,2,a07,2025-04-02 01:33:18,2025-04-02 03:20:30,решено,0,
t002810,2025-05-06 03:49:00,u01940,форма,расписание и посещаемость,2,a17,2025-05-06 03:50:35,2025-05-06 05:32:42,решено,0,
t004356,14.04.2025 08:37,u03921,почта,техническая проблема,1,a04,2025-04-14 09:18:32,2025-04-14 16:31:35,решено,0,
t004837,2025-02-05 07:52:00,u03731,форма,доступ и пароли,2,a05,2025-02-05 07:59:18,2025-02-05 08:34:31,решено,0,5
t000706,2025-06-20 12:43:00,u07307,почта,расписание и посещаемость,2,a09,2025-06-20 13:02:01,2025-06-20 15:09:07,решено,0,
t002012,2025-04-05 16:56:00,u07646,почта,техническая проблема,1,a02,2025-04-05 17:16:27,2025-04-05 23:38:22,решено,0,
t004871,2025-06-22 07:35:00,u04899,чат,оплата и документы,1,a11,2025-06-22 07:41:02,2025-06-22 09:00:46,решено,0,
t005345,2025-01-09 04:01:00,u02470,почта,доступ и пароли,3,a02,2025-01-09 05:24:17,2025-01-09 06:10:02,решено,0,4
t002299,2025-05-18 11:14:00,u04402,чат,техническая проблема,2,a06,2025-05-18 11:38:13,2025-05-18 16:05:38,решено,0,1
t000619,2025-05-07 11:17:00,u06774,телефон,доступ и пароли,2,a18,2025-05-07 11:24:02,,в работе,0,
t005963,2025-01-11 02:22:00,u04931,чат,прочее,2,a12,2025-01-11 02:40:38,2025-01-11 06:21:09,решено,0,3
t004765,2025-02-24 03:31:00,u06613,чат,техническая проблема,2,a08,2025-02-24 04:47:49,2025-02-24 14:42:11,решено,0,
t000473,2025-05-25 05:08:00,u08268,почта,оплата и документы,2,a04,,,новое,0,
t004072,2025-03-05 06:21:00,u05815,чат,доступ и пароли,2,a03,,,новое,0,
t005859,2025-04-16 16:38:00,u06614,телефон,"",3,a02,2025-04-16 16:41:17,2025-04-16 19:50:47,решено,0,
t000992,08.02.2025 04:26,u02504,чат,доступ и пароли,2,a17,2025-02-08 05:58:49,2025-02-08 06:07:43,решено,0,4
t004641,2025-03-19 13:12:00,u08520,чат,техническая проблема,1,a09,2025-03-19 13:24:28,2025-03-20 02:33:52,решено,0,
t003349,2025-02-04 12:14:00,u07091,чат,доступ и пароли,1,a15,2025-02-04 12:33:32,2025-02-04 13:04:52,решено,0,5
t000971,19.04.2025 03:03,u08863,чат,техническая проблема,1,a10,2025-04-19 03:16:30,2025-04-20 02:24:07,решено,0,
t004854,2025-05-19 11:58:00,u01986,чат,доступ и пароли,3,a03,2025-05-19 12:25:37,2025-05-19 12:39:23,решено,0,5
t001458,2025-05-02 16:44:00,u05063,чат,оплата и документы,2,a04,2025-05-02 16:56:41,2025-05-02 18:10:56,решено,0,
t001373,2025-05-09 20:42:00,u00398,чат,техническая проблема,3,a04,2025-05-09 21:05:29,2025-05-10 03:39:46,решено,0,
t001911,2025-04-21 08:17:00,u00566,чат,оплата и документы,2,a11,2025-04-21 08:44:12,2025-04-21 13:12:40,решено,0,
t004994,2025-03-23 11:48:00,u06344,чат,оплата и документы,2,a11,2025-03-23 12:17:29,2025-03-23 15:31:33,решено,0,
t000323,2025-01-07 04:31:00,u08099,почта,оплата и документы,2,a01,2025-01-07 05:36:50,2025-01-07 06:19:19,решено,0,
t005911,2025-04-01 11:12:00,u07872,чат,доступ и пароли,3,a18,2025-04-01 11:36:05,,в работе,0,
t000151,09.03.2025 11:42,u02926,почта,доступ и пароли,2,a06,2025-03-09 11:55:43,2025-03-09 14:06:51,решено,0,
t000422,10.01.2025 12:03,u07079,почта,доступ и пароли,1,a09,2025-01-10 13:03:21,2025-01-10 13:04:15,решено,0,
t001285,2025-05-26 08:28:00,u00898,Чат,расписание и посещаемость,2,a06,2025-05-26 08:43:55,2025-05-26 13:19:10,закрыто без ответа,1,
t000561,2025-05-09 12:11:00,u01022,форма,оплата и документы,1,a15,2025-05-09 13:07:28,2025-05-09 16:45:23,решено,0,
t002501,04.05.2025 09:53,u01415,чат,оплата и документы,3,a08,2025-05-04 09:54:34,2025-05-04 13:57:18,решено,0,5
t002118,2025-03-23 03:30:00,u06709,почта,расписание и посещаемость,2,a02,2025-03-23 03:46:45,2025-03-23 07:33:02,решено,0,
t003705,2025-06-26 12:03:00,u01507,чат,"",2,a16,2025-06-26 12:25:41,2025-06-26 15:19:48,решено,0,
t004743,2025-06-07 10:17:00,u05942,почта,техническая проблема,2,a17,2025-06-07 10:41:58,,в работе,0,
t001380,15.01.2025 02:42,u00654,чат,оплата и документы,2,a06,2025-01-15 04:22:22,2025-01-15 08:17:35,решено,0,4
t003966,2025-06-05 11:40:00,u01792,чат,расписание и посещаемость,1,a18,2025-06-05 11:49:42,2025-06-05 15:45:29,решено,0,
t002166,2025-04-02 06:54:00,u04450,почта,оплата и документы,3,a12,2025-04-02 07:25:06,2025-04-02 17:31:59,решено,0,
t001250,11.06.2025 10:05,u03704,телефон,оплата и документы,2,a03,2025-06-11 10:08:10,2025-06-10 11:01:46,решено,0,
t003366,2025-06-09 09:17:00,u08589,чат,NULL,1,a18,2025-06-09 09:44:08,2025-06-10 03:05:57,решено,0,
t001866,2025-05-07 14:15:00,u05738,чат,оплата и документы,1,a05,2025-05-07 14:27:26,2025-05-07 18:50:29,решено,0,
t003549,2025-06-20 10:15:00,u08037,телефон,доступ и пароли,2,a18,2025-06-20 10:24:38,2025-06-20 11:18:43,решено,0,
t004636,16.02.2025 06:10,u01313,форма,оплата и документы,2,a02,2025-02-16 06:34:48,2025-02-16 11:10:39,решено,0,
t002648,22.01.2025 14:42,u01428,чат,доступ и пароли,2,a13,2025-01-22 15:37:59,2025-01-22 15:46:10,решено,0,
t000614,2025-05-23 13:43:00,u06546,Чат,оплата и документы,2,a03,2025-05-23 14:02:58,2025-05-23 15:53:58,решено,0,
t000963,2025-04-07 09:17:00,u03656,чат,оплата и документы,2,a12,2025-04-07 09:39:01,2025-04-07 11:40:34,решено,0,
t002041,2025-03-18 14:08:00,u04748,почта,оплата и документы,2,a08,2025-03-18 15:10:10,2025-03-19 01:31:05,решено,0,4
t000610,13.06.2025 08:20,u07003,чат,оплата и документы,2,a04,2025-06-13 08:33:28,,в работе,0,
t005644,2025-06-22 13:09:00,u02200,чат,доступ и пароли,3,a10,2025-06-22 14:08:59,,в работе,0,
t000617,2025-05-19 12:17:00,u08929,почта,расписание и посещаемость,2,a06,2025-05-19 12:36:41,2025-05-19 20:32:54,решено,0,
t001781,08.02.2025 08:52,u02504,почта,доступ и пароли,1,a10,2025-02-08 09:20:51,2025-02-08 11:00:07,решено,0,2
t004132,06.04.2025 03:58,u05397,телефон,оплата и документы,2,a11,2025-04-06 04:22:31,2025-04-06 12:42:44,решено,0,
t003163,2025-01-26 01:38:00,u08213,почта,доступ и пароли,1,a05,2025-01-26 01:44:39,2025-01-26 02:16:35,решено,0,
t005483,2025-05-12 13:14:00,u04156,чат,расписание и посещаемость,3,a01,2025-05-12 13:35:45,2025-05-12 20:24:15,решено,0,
t005919,2025-05-07 09:57:00,u08516,чат,доступ и пароли,3,a03,2025-05-07 10:04:13,2025-05-07 10:35:56,решено,0,
t003182,2025-02-01 02:56:00,u05068,почта,доступ и пароли,1,a05,2025-02-01 04:23:37,2025-02-01 05:14:20,решено,0,
t004218,2025-06-21 03:46:00,u00671,форма,оплата и документы,3,a03,2025-06-21 04:07:13,2025-06-21 06:22:01,решено,0,
t005984,06.06.2025 11:44,u03888,почта,оплата и документы,2,a08,2025-06-06 11:47:18,2025-06-06 19:38:25,решено,0,
t002258,2025-05-13 08:33:00,u05609,телефон,оплата и документы,2,a10,2025-05-13 09:08:02,2025-05-13 15:36:34,решено,0,
t000670,2025-02-02 06:31:00,u06661,телефон,расписание и посещаемость,2,a03,,,новое,0,
t004470,05.01.2025 12:56,u07700,чат,доступ и пароли,2,a11,2025-01-05 13:28:02,2025-01-05 14:35:37,решено,1,4
t001102,23.02.2025 12:33,u04164,почта,оплата и документы,3,a15,2025-02-23 12:54:23,2025-02-23 15:52:19,решено,0,5
t000255,2025-03-18 13:38:00,u04996,почта,доступ и пароли,2,a11,2025-03-18 14:16:28,2025-03-18 14:45:31,решено,0,3
t003791,2025-04-24 01:46:00,u06511,почта,техническая проблема,1,a09,2025-04-24 02:03:18,2025-04-24 13:43:45,решено,0,
t001379,03.03.2025 15:59,u06752,чат,доступ и пароли,2,a08,2025-03-03 17:23:06,2025-03-03 18:43:51,решено,0,
t003294,04.01.2025 04:05,u00888,чат,оплата и документы,2,a01,2025-01-04 04:16:43,2025-01-04 09:57:30,решено,0,
t005866,2025-04-25 07:34:00,u03467,чат,расписание и посещаемость,2,a05,2025-04-25 07:45:38,2025-04-25 09:43:53,решено,0,
t004133,2025-02-16 17:53:00,u03139,чат,доступ и пароли,2,a02,2025-02-16 19:21:03,2025-02-16 19:41:51,решено,1,5
t001466,2025-02-16 01:20:00,u01675,почта,прочее,2,a01,2025-02-16 02:37:36,2025-02-16 10:43:28,решено,0,4
t005846,2025-03-23 06:20:00,u07964,почта,доступ и пароли,3,a02,2025-03-23 06:39:32,2025-03-23 09:45:15,решено,0,
t004543,2025-03-14 12:33:00,u04507,чат,доступ и пароли,1,a12,2025-03-14 14:10:40,2025-03-14 14:38:06,решено,0,2
t000840,10.04.2025 02:52,u08703,почта,техническая проблема,1,a11,2025-04-10 03:16:15,,в работе,0,
t002816,2025-05-13 06:03:00,u00694,телефон,"",2,a09,2025-05-13 06:11:16,2025-05-13 18:57:10,решено,0,
t002748,2025-03-13 02:29:00,u07706,чат,оплата и документы,3,a12,2025-03-13 03:02:27,2025-03-13 03:31:39,решено,0,
t005276,18.05.2025 07:53,u08742,почта,техническая проблема,1,a15,2025-05-18 08:15:12,2025-05-19 02:59:12,решено,0,
t004456,2025-05-04 13:26:00,u01542,чат,расписание и посещаемость,2,a02,,,новое,0,
t005839,2025-01-15 07:48:00,u03253,чат,оплата и документы,2,a08,2025-01-15 07:58:00,2025-01-15 10:07:54,решено,1,
t004246,2025-04-12 10:08:00,u02388,чат,доступ и пароли,1,a09,2025-04-12 10:16:25,2025-04-12 11:13:35,решено,0,
t002759,2025-03-06 02:05:00,u03143,телефон,расписание и посещаемость,2,a18,2025-03-06 02:24:58,2025-03-06 03:52:59,решено,0,
t003704,2025-02-22 06:11:00,u05574,чат,доступ и пароли,2,a09,2025-02-22 07:07:38,2025-02-22 07:39:15,решено,0,
t005565,2025-05-13 12:25:00,u03261,чат,техническая проблема,1,a05,2025-05-13 12:44:50,2025-05-13 17:11:03,решено,0,
t004192,25.01.2025 12:03,u05559,чат,доступ и пароли,3,a10,2025-01-25 13:49:13,2025-01-25 14:01:34,решено,0,
t004625,2025-06-03 11:56:00,u01427,телефон,NULL,2,a04,2025-06-03 12:08:58,2025-06-03 14:59:15,решено,0,
t000889,2025-06-19 01:44:00,u02577,чат,оплата и документы,3,a04,2025-06-19 01:58:05,2025-06-19 03:32:09,решено,0,
t005361,2025-01-20 02:29:00,u03924,чат,доступ и пароли,1,a11,2025-01-20 02:32:57,2025-01-20 05:02:54,решено,0,
t001451,18.06.2025 02:04,u03936,телефон,техническая проблема,1,a12,2025-06-18 02:55:11,2025-06-18 04:42:42,закрыто без ответа,0,
t004789,15.01.2025 10:04,u08687,чат,техническая проблема,2,a01,2025-01-15 11:40:38,2025-01-15 14:22:33,закрыто без ответа,0,1
t005752,2025-03-21 04:40:00,u01376,чат,расписание и посещаемость,2,a18,2025-03-21 05:05:52,2025-03-21 09:04:26,решено,0,
t003967,2025-04-19 18:17:00,u08136,чат,техническая проблема,1,a03,2025-04-19 18:26:26,2025-04-20 06:27:41,решено,0,5
t001902,2025-05-20 08:04:00,u04019,Чат,доступ и пароли,1,a07,2025-05-20 08:21:49,2025-05-20 09:09:13,решено,0,
t005505,2025-04-23 07:05:00,u05901,чат,расписание и посещаемость,2,a01,2025-04-23 07:30:11,2025-04-23 09:49:33,решено,0,
t002641,2025-06-05 06:49:00,u04245,Чат,доступ и пароли,3,a07,2025-06-05 07:03:33,2025-06-05 07:38:27,решено,0,
t000711,2025-02-10 21:02:00,u02688,чат,доступ и пароли,3,a06,2025-02-10 21:29:42,2025-02-10 23:14:24,решено,0,2
t002795,2025-01-09 12:10:00,u03229,почта,доступ и пароли,1,a11,2025-01-09 12:15:22,2025-01-09 13:13:52,решено,0,2
t003553,19.01.2025 11:02,u00237,телефон,доступ и пароли,2,a06,2025-01-19 11:46:51,2025-01-19 13:04:47,решено,0,4
t003538,2025-02-15 13:37:00,u01738,чат,доступ и пароли,2,a15,2025-02-15 13:51:46,2025-02-14 12:55:36,решено,0,4
t000116,2025-01-10 11:27:00,u02049,чат,доступ и пароли,3,a03,2025-01-10 11:50:16,2025-01-10 12:45:57,решено,0,
t005427,22.04.2025 08:15,u05081,телефон,оплата и документы,2,a16,2025-04-22 08:31:46,2025-04-22 11:44:27,решено,0,
t002565,21.04.2025 10:29,u07931,чат,оплата и документы,1,a05,2025-04-21 10:37:07,2025-04-21 15:45:05,решено,0,
t004537,2025-04-24 13:50:00,u00661,почта,расписание и посещаемость,2,a04,2025-04-24 14:20:45,2025-04-24 16:17:06,решено,1,
t004477,2025-06-27 12:56:00,u03583,чат,"",1,a15,,,новое,0,
t000215,01.01.2025 09:53,u08610,форма,техническая проблема,3,a01,2025-01-01 11:32:37,2025-01-01 17:54:33,закрыто без ответа,0,
t002401,2025-03-24 08:13:00,u05815,телефон,доступ и пароли,2,a01,2025-03-24 09:23:57,2025-03-24 09:41:34,решено,0,
t003418,2025-06-08 05:53:00,u03746,почта,оплата и документы,2,a09,2025-06-08 06:07:43,2025-06-08 08:25:25,решено,1,
t000078,2025-02-01 05:04:00,u00987,чат,доступ и пароли,3,a05,2025-02-01 05:59:46,2025-02-01 06:44:34,решено,0,3
t002091,2025-02-21 10:57:00,u04890,чат,оплата и документы,2,a06,2025-02-21 12:45:29,2025-02-21 16:32:43,решено,0,2
t000895,2025-05-07 07:12:00,u04254,чат,оплата и документы,2,a01,2025-05-07 07:52:53,2025-05-07 11:55:43,решено,0,
t005917,2025-04-18 09:41:00,u02944,чат,NULL,2,a10,2025-04-18 10:08:20,2025-04-18 18:22:05,решено,0,
t002069,2025-03-10 19:14:00,u06941,чат,расписание и посещаемость,1,a02,2025-03-10 19:43:37,2025-03-10 20:19:10,решено,0,
t003607,02.05.2025 01:57,u02891,почта,оплата и документы,2,a17,2025-05-02 02:08:26,2025-05-02 04:25:36,решено,0,
t003754,2025-02-10 19:15:00,u08015,чат,доступ и пароли,2,a12,2025-02-10 21:00:49,2025-02-10 22:26:10,решено,0,
t002575,06.03.2025 09:59,u04012,почта,доступ и пароли,2,a09,2025-03-06 10:19:35,2025-03-06 11:52:36,решено,0,5
t002403,2025-02-04 13:40:00,u04578,форма,доступ и пароли,2,a17,2025-02-04 13:45:12,2025-02-04 14:13:53,закрыто без ответа,0,
t005674,2025-03-24 12:17:00,u08822,почта,оплата и документы,1,a03,2025-03-24 13:49:28,2025-03-24 15:32:09,решено,0,3
t004467,02.05.2025 11:59,u01093,почта,расписание и посещаемость,3,a01,2025-05-02 12:09:05,2025-05-02 16:04:01,решено,0,
t004572,2025-05-05 07:45:00,u00702,почта,расписание и посещаемость,3,a01,2025-05-05 08:29:34,2025-05-05 11:18:10,решено,0,
t001030,2025-05-08 13:17:00,u03370,чат,техническая проблема,1,a03,2025-05-08 13:32:06,2025-05-09 05:43:17,решено,0,
t003672,20.04.2025 09:24,u02616,чат,расписание и посещаемость,2,a05,2025-04-20 09:34:58,2025-04-20 12:57:51,решено,1,
t003908,2025-05-02 06:30:00,u01960,чат,техническая проблема,1,a02,2025-05-02 06:43:27,2025-05-02 17:00:32,решено,0,
t001844,2025-06-06 18:01:00,u01646,почта,доступ и пароли,2,a17,2025-06-06 18:21:03,2025-06-06 18:54:06,решено,0,
t001935,2025-04-02 13:30:00,u04168,чат,прочее,3,a04,2025-04-02 14:23:34,2025-04-02 18:49:20,решено,0,
t004571,2025-04-21 04:25:00,u06060,чат,расписание и посещаемость,2,a16,2025-04-21 05:04:05,2025-04-21 07:07:29,решено,0,
t002107,2025-04-05 12:35:00,u04608,чат,расписание и посещаемость,1,a17,2025-04-05 13:17:55,2025-04-05 14:22:05,решено,0,
t003484,2025-04-23 05:59:00,u01602,чат,расписание и посещаемость,3,a10,2025-04-23 06:10:08,2025-04-23 09:56:38,решено,0,3
t002319,07.03.2025 08:46,u02042,чат,NULL,2,a05,2025-03-07 10:29:03,2025-03-07 12:29:50,решено,0,
t005845,2025-05-01 06:34:00,u02370,телефон,,2,a10,2025-05-01 06:48:39,2025-05-01 09:28:30,решено,0,
t001001,2025-02-23 08:26:00,u03728,почта,расписание и посещаемость,2,a18,2025-02-23 08:50:16,2025-02-23 10:39:32,решено,0,
t002048,2025-01-04 05:52:00,u08092,чат,расписание и посещаемость,1,a14,2025-01-04 07:05:30,2025-01-04 07:51:52,решено,0,
t005202,15.05.2025 09:26,u05543,чат,расписание и посещаемость,3,a17,2025-05-15 09:29:15,2025-05-15 12:09:42,решено,0,
t004828,2025-01-17 08:41:00,u01439,Чат,доступ и пароли,1,a05,2025-01-17 09:57:04,2025-01-17 11:08:13,закрыто без ответа,0,
t004260,2025-05-01 02:43:00,u03064,чат,оплата и документы,2,a10,2025-05-01 02:49:34,2025-05-01 04:50:14,решено,0,
t003846,2025-01-04 02:28:00,u00377,чат,доступ и пароли,2,a08,,,новое,0,
t003641,26.04.2025 13:26,u05811,почта,техническая проблема,1,a12,2025-04-26 13:29:06,2025-04-27 00:16:53,решено,0,
t004855,06.04.2025 02:28,u01811,чат,доступ и пароли,2,a07,2025-04-06 02:55:40,2025-04-06 02:59:10,решено,0,
t001238,21.02.2025 14:15,u04916,чат,техническая проблема,2,a15,2025-02-21 15:39:44,2025-02-22 00:03:13,решено,0,
t003178,2025-04-02 03:00:00,u02045,чат,расписание и посещаемость,1,a10,2025-04-02 03:18:15,2025-04-02 10:35:33,решено,0,
t005643,2025-04-24 03:04:00,u05256,чат,доступ и пароли,1,a09,2025-04-24 03:40:23,2025-04-24 05:10:48,решено,0,
t005492,04.05.2025 04:49,u01309,чат,доступ и пароли,1,a09,2025-05-04 04:53:26,2025-05-04 05:39:41,решено,0,
t002135,2025-01-03 05:06:00,u06677,чат,доступ и пароли,3,a01,2025-01-03 05:30:20,2025-01-03 05:42:55,решено,0,
t001730,01.01.2025 04:39,u06573,чат,расписание и посещаемость,2,a09,2025-01-01 05:43:30,2025-01-01 06:39:11,решено,0,
t005871,2025-04-04 20:31:00,u02407,почта,техническая проблема,2,a02,2025-04-04 21:31:06,2025-04-03 20:48:25,решено,0,
t001438,23.06.2025 06:50,u07737,чат,доступ и пароли,1,a09,2025-06-23 06:54:44,2025-06-23 09:42:24,решено,0,
t005360,14.01.2025 06:45,u01114,телефон,техническая проблема,1,a03,2025-01-14 06:49:59,2025-01-14 21:52:49,закрыто без ответа,0,5
t002222,26.01.2025 07:02,u01163,почта,доступ и пароли,2,a12,2025-01-26 08:22:27,2025-01-26 08:31:23,решено,0,
t003077,2025-03-11 13:49:00,u01766,чат,доступ и пароли,2,a11,2025-03-11 15:31:50,2025-03-11 18:13:12,решено,0,
t001404,2025-03-23 07:21:00,u06228,чат,"",3,a01,2025-03-23 08:42:18,2025-03-23 09:25:53,решено,0,5
t005167,2025-01-03 08:34:00,u00154,телефон,расписание и посещаемость,1,a14,2025-01-03 09:52:30,2025-01-03 11:14:51,решено,0,
t003752,04.04.2025 12:54,u02407,телефон,NULL,2,a11,2025-04-04 13:33:51,2025-04-04 16:09:40,решено,0,4
t005022,2025-03-16 03:34:00,u01230,Чат,оплата и документы,2,a15,2025-03-16 03:40:28,2025-03-16 04:48:38,решено,0,
t002164,24.02.2025 11:14,u07570,чат,расписание и посещаемость,3,a10,2025-02-24 11:29:09,2025-02-24 12:59:48,решено,0,
t005491,2025-05-02 10:01:00,u08468,чат,расписание и посещаемость,2,a06,2025-05-02 10:17:25,2025-05-02 14:03:53,решено,0,
t005240,2025-02-19 13:40:00,u00274,форма,доступ и пароли,2,a10,2025-02-19 14:09:26,2025-02-19 16:42:17,решено,0,
t000430,2025-02-27 09:19:00,u00540,чат,доступ и пароли,1,a18,2025-02-27 09:44:57,2025-02-27 11:00:05,решено,0,2
t005154,2025-06-03 12:25:00,u08840,чат,доступ и пароли,1,a12,2025-06-03 12:39:55,2025-06-03 12:58:25,решено,0,
t003523,05.04.2025 10:32,u04540,чат,техническая проблема,1,a02,2025-04-05 10:56:37,2025-04-05 16:29:36,решено,0,3
t003732,2025-05-20 08:11:00,u04782,чат,оплата и документы,1,a12,2025-05-20 08:37:42,2025-05-20 09:42:18,закрыто без ответа,0,
t005647,2025-04-03 11:15:00,u00523,чат,доступ и пароли,1,a10,2025-04-03 11:22:51,2025-04-03 12:10:34,решено,0,
t000342,16.04.2025 08:26,u01132,телефон,техническая проблема,1,a10,2025-04-16 09:14:14,2025-04-16 16:45:11,решено,0,
t004039,24.06.2025 07:56,u06015,почта,оплата и документы,1,a07,2025-06-24 08:48:33,2025-06-24 15:16:09,решено,0,
t002448,2025-04-18 05:56:00,u02985,почта,техническая проблема,2,a01,2025-04-18 06:05:49,2025-04-18 14:52:57,решено,0,
t005346,2025-06-20 09:58:00,u07287,Чат,доступ и пароли,2,a04,2025-06-20 10:35:16,2025-06-20 12:51:26,решено,0,
t001756,2025-03-12 13:04:00,u03623,почта,расписание и посещаемость,2,a10,2025-03-12 14:36:50,2025-03-12 23:10:32,решено,0,
t005244,2025-03-07 08:08:00,u08487,телефон,расписание и посещаемость,2,a17,2025-03-07 08:14:34,2025-03-07 11:44:57,решено,0,
t001230,2025-02-03 09:09:00,u01890,почта,техническая проблема,2,a16,2025-02-03 09:59:17,,в работе,0,
t005676,2025-02-18 03:46:00,u02261,чат,техническая проблема,1,a04,2025-02-18 04:00:36,2025-02-18 16:41:49,решено,0,
t003794,2025-02-15 13:33:00,u02928,чат,техническая проблема,1,a10,2025-02-15 13:53:30,2025-02-16 05:08:19,решено,0,
t004449,2025-03-12 10:57:00,u04674,телефон,NULL,2,a11,2025-03-12 11:05:56,2025-03-12 12:02:26,решено,0,4
t003915,2025-02-01 13:10:00,u04205,телефон,расписание и посещаемость,3,a01,2025-02-01 13:37:29,2025-02-02 02:43:21,решено,0,2
t004803,2025-01-19 03:14:00,u07154,чат,доступ и пароли,2,a12,2025-01-19 04:36:24,2025-01-19 04:57:37,решено,0,
t003618,23.06.2025 05:33,u04668,почта,доступ и пароли,3,a01,2025-06-23 05:44:38,2025-06-23 05:57:20,решено,0,
t002375,2025-04-21 07:06:00,u01196,форма,доступ и пароли,1,a08,2025-04-21 07:22:19,2025-04-21 08:18:26,решено,0,
t004964,2025-06-23 04:57:00,u06925,почта,техническая проблема,2,a02,2025-06-23 05:02:56,2025-06-23 08:11:29,решено,0,
t003835,2025-01-20 03:37:00,u05282,почта,доступ и пароли,3,a03,2025-01-20 04:05:13,2025-01-20 05:40:02,решено,0,4
t000532,2025-03-07 13:01:00,u01435,чат,расписание и посещаемость,2,a18,2025-03-07 13:56:29,2025-03-07 17:39:58,решено,1,3
t005924,2025-04-14 10:41:00,u08194,чат,доступ и пароли,2,a06,2025-04-14 10:45:40,2025-04-14 12:13:52,решено,0,
t004655,2025-04-26 06:20:00,u02417,чат,техническая проблема,1,a01,2025-04-26 06:44:26,2025-04-26 14:12:36,решено,0,
t002244,2025-01-19 14:00:00,u02608,чат,техническая проблема,1,a13,2025-01-19 15:45:33,2025-01-19 21:04:08,решено,1,
t005747,2025-03-03 13:43:00,u06542,чат,доступ и пароли,2,a04,2025-03-03 14:54:49,2025-03-03 15:06:23,решено,0,
t001786,2025-06-14 05:21:00,u05228,почта,оплата и документы,2,a02,2025-06-14 05:38:49,2025-06-14 09:44:41,решено,0,
t000356,2025-05-05 12:10:00,u03322,форма,оплата и документы,2,a17,2025-05-05 12:39:53,2025-05-05 14:38:12,решено,0,
t000899,21.02.2025 13:32,u08473,чат,NULL,2,a05,2025-02-21 13:48:51,2025-02-21 14:14:38,решено,0,
t004818,2025-06-20 02:16:00,u06165,чат,доступ и пароли,1,a16,2025-06-20 02:44:48,2025-06-20 03:31:10,решено,1,4
t000135,2025-02-24 10:36:00,u06940,почта,техническая проблема,1,a17,2025-02-24 12:10:39,2025-02-25 00:16:53,решено,0,5
t003531,21.01.2025 13:39,u04659,чат,доступ и пароли,1,a02,2025-01-21 15:25:26,2025-01-21 16:22:40,решено,0,3
t002397,19.06.2025 01:24,u04880,телефон,доступ и пароли,2,a04,2025-06-19 02:05:16,2025-06-19 02:26:16,решено,0,
t003650,08.03.2025 14:08,u02684,чат,,1,a01,2025-03-08 15:18:14,2025-03-08 15:41:04,решено,0,5
t005756,26.02.2025 11:33,u03902,почта,техническая проблема,1,a08,2025-02-26 12:51:47,2025-02-26 18:41:29,решено,0,5
t001035,2025-02-19 11:07:00,u07963,чат,доступ и пароли,1,a02,2025-02-19 11:18:16,2025-02-19 12:18:54,решено,0,
t004831,2025-06-04 05:48:00,u06913,чат,доступ и пароли,1,a02,2025-06-04 06:16:30,2025-06-04 06:25:07,решено,0,
t003741,19.05.2025 03:12,u03967,чат,оплата и документы,1,a17,2025-05-19 03:36:16,2025-05-19 04:17:57,решено,0,
t004393,06.03.2025 13:11,u03873,чат,оплата и документы,1,a17,2025-03-06 13:20:02,2025-03-06 16:03:51,решено,0,
t002029,04.05.2025 07:02,u06546,чат,прочее,3,a09,2025-05-04 07:20:39,2025-05-04 12:11:40,решено,0,
t003742,2025-02-27 11:35:00,u07754,форма,доступ и пароли,1,a18,2025-02-27 12:23:57,2025-02-27 14:18:09,решено,1,
t002904,2025-04-15 08:14:00,u02305,чат,техническая проблема,1,a06,2025-04-15 08:21:09,2025-04-16 19:01:56,решено,0,
t001342,2025-04-23 12:26:00,u07742,почта,техническая проблема,1,a02,2025-04-23 12:29:21,2025-04-23 17:52:04,решено,1,
t001774,2025-05-04 06:12:00,u02709,телефон,прочее,2,a11,2025-05-04 06:29:35,2025-05-04 08:13:49,решено,0,
t005516,2025-01-17 18:28:00,u01422,почта,расписание и посещаемость,2,a12,2025-01-17 18:43:15,2025-01-18 00:12:53,решено,0,2
t005725,2025-05-18 12:53:00,u07426,чат,доступ и пароли,2,a01,2025-05-18 13:21:11,2025-05-18 15:53:18,решено,0,3
t001808,2025-03-22 08:15:00,u05664,чат,,2,a06,2025-03-22 09:32:51,2025-03-22 10:02:09,решено,0,5
t000871,05.03.2025 08:46,u02239,почта,доступ и пароли,1,a01,2025-03-05 09:53:30,2025-03-05 10:50:11,решено,0,
t005265,2025-04-08 05:57:00,u05300,чат,доступ и пароли,2,a18,2025-04-08 06:06:22,2025-04-08 06:29:22,решено,0,
t005258,02.04.2025 13:25,u08181,чат,"",3,a04,2025-04-02 13:53:15,2025-04-02 19:39:51,решено,0,
t001485,2025-03-22 06:08:00,u08006,телефон,доступ и пароли,2,a02,2025-03-22 07:55:22,2025-03-22 07:59:52,решено,0,
t005809,2025-04-15 13:43:00,u08044,чат,доступ и пароли,2,a08,2025-04-15 14:04:36,2025-04-15 14:52:07,решено,0,
t002604,2025-01-17 13:04:00,u01001,форма,доступ и пароли,1,a03,2025-01-17 14:02:36,2025-01-17 14:03:07,решено,0,
t004997,2025-02-04 03:52:00,u06705,чат,доступ и пароли,1,a05,2025-02-04 04:19:07,2025-02-04 05:46:30,решено,0,5
t001741,2025-03-18 09:43:00,u07243,чат,техническая проблема,1,a08,2025-03-18 09:49:01,2025-03-19 03:57:26,решено,1,
t005228,2025-04-03 07:47:00,u07830,чат,техническая проблема,1,a12,2025-04-03 07:59:06,2025-04-03 17:31:50,решено,0,
t000449,2025-02-22 12:46:00,u00739,почта,оплата и документы,1,a11,2025-02-22 14:14:11,2025-02-22 15:20:21,решено,0,
t002566,2025-06-02 11:44:00,u08598,чат,оплата и документы,2,a06,2025-06-02 12:19:28,2025-06-02 13:16:42,решено,1,
t001130,2025-01-02 11:57:00,u01529,чат,доступ и пароли,3,a03,2025-01-02 12:20:30,,в работе,0,2
t005944,18.03.2025 07:46,u07243,чат,доступ и пароли,1,a01,2025-03-18 08:05:04,2025-03-18 09:53:12,решено,1,
t002243,2025-02-02 12:40:00,u01053,телефон,техническая проблема,1,a09,2025-02-02 14:03:45,2025-02-02 22:53:19,решено,1,
t004420,2025-01-06 07:22:00,u08493,чат,доступ и пароли,1,a02,2025-01-06 07:34:54,2025-01-06 13:18:40,решено,0,
t003046,2025-02-07 09:36:00,u04164,чат,доступ и пароли,3,a14,2025-02-07 10:28:15,2025-02-07 10:30:42,решено,0,
t003979,2025-05-24 08:22:00,u02835,форма,доступ и пароли,2,a15,2025-05-24 08:38:42,2025-05-24 09:24:58,решено,0,
t004366,14.03.2025 09:23,u00318,телефон,оплата и документы,1,a05,2025-03-14 10:32:21,2025-03-14 19:47:48,закрыто без ответа,0,
t001055,2025-05-23 11:12:00,u05510,форма,расписание и посещаемость,3,a12,2025-05-23 11:26:15,2025-05-23 17:01:59,решено,1,
t005237,2025-05-20 04:24:00,u03350,чат,оплата и документы,2,a06,2025-05-20 04:26:26,2025-05-20 06:59:49,решено,0,
t005881,2025-05-05 05:03:00,u03881,Чат,оплата и документы,1,a18,2025-05-05 05:23:09,2025-05-05 07:37:48,решено,0,
t001167,2025-02-23 12:19:00,u01085,почта,доступ и пароли,3,a05,2025-02-23 14:04:23,2025-02-23 17:23:40,решено,0,4
t000256,2025-05-18 04:49:00,u03658,чат,техническая проблема,1,a10,2025-05-18 05:01:04,2025-05-18 08:12:10,решено,1,5
t005368,2025-05-17 13:36:00,u00609,Чат,прочее,2,a05,2025-05-17 13:47:42,2025-05-17 20:02:05,решено,0,
t000869,2025-05-06 05:55:00,u07419,чат,,2,a18,2025-05-06 06:29:33,2025-05-06 13:47:49,решено,0,
t005900,2025-04-02 04:29:00,u04958,телефон,доступ и пароли,1,a16,2025-04-02 04:40:37,2025-04-02 05:46:17,решено,0,
t005551,2025-04-10 06:07:00,u08703,почта,расписание и посещаемость,1,a18,2025-04-10 06:31:09,2025-04-10 10:45:03,решено,0,
t005728,06.05.2025 09:51,u01116,телефон,"",2,a16,2025-05-06 10:19:45,2025-05-05 08:52:48,решено,0,
t004400,2025-02-20 06:36:00,u00848,чат,оплата и документы,2,a11,2025-02-20 06:40:21,2025-02-20 12:00:36,решено,1,
t002676,15.02.2025 13:55,u05575,телефон,доступ и пароли,2,a02,2025-02-15 14:08:57,2025-02-15 14:49:12,решено,0,
t004592,2025-05-24 06:00:00,u00437,Чат,оплата и документы,2,a11,2025-05-24 06:20:31,2025-05-24 13:00:04,решено,0,
t002731,2025-05-20 19:11:00,u04151,чат,расписание и посещаемость,2,a02,2025-05-20 19:23:55,2025-05-20 20:31:55,решено,0,
t005732,2025-02-22 10:06:00,u07269,форма,доступ и пароли,2,a03,2025-02-22 10:09:06,2025-02-22 15:18:42,решено,0,
t001336,2025-05-12 02:25:00,u04554,чат,расписание и посещаемость,1,a11,2025-05-12 02:28:45,,в работе,0,3
t001252,10.02.2025 04:38,u00843,телефон,доступ и пароли,1,a13,2025-02-10 04:58:56,2025-02-10 05:19:07,решено,0,2
t003596,2025-01-13 11:04:00,u03121,Чат,"",3,a05,2025-01-13 11:15:15,2025-01-13 12:37:58,решено,0,
t003401,2025-06-23 10:52:00,u08266,почта,оплата и документы,2,a16,2025-06-23 11:26:58,2025-06-23 13:32:37,решено,0,
t000999,2025-03-23 05:06:00,u04989,чат,оплата и документы,2,a01,2025-03-23 06:51:13,2025-03-23 07:46:09,решено,0,
t002866,2025-06-04 19:40:00,u03864,почта,техническая проблема,1,a03,2025-06-04 19:49:04,2025-06-05 01:52:42,решено,0,4
t004010,2025-04-17 08:31:00,u03327,чат,расписание и посещаемость,2,a06,,,новое,0,
t005812,2025-01-23 09:53:00,u02804,чат,доступ и пароли,2,a01,2025-01-23 11:27:25,2025-01-23 12:20:10,решено,0,
t002148,2025-01-08 07:28:00,u08667,чат,доступ и пароли,1,a11,2025-01-08 07:45:51,2025-01-08 08:06:49,решено,0,1
t002943,20.05.2025 02:54,u01566,чат,доступ и пароли,2,a11,2025-05-20 03:47:14,,в работе,1,
t003249,2025-06-23 11:28:00,u01477,форма,техническая проблема,3,a12,2025-06-23 11:44:34,2025-06-23 16:09:39,решено,0,
t003524,2025-03-15 13:18:00,u07044,чат,доступ и пароли,1,a15,2025-03-15 14:16:01,2025-03-15 14:35:25,решено,0,
t005203,2025-05-08 15:58:00,u03370,чат,прочее,1,a02,2025-05-08 16:07:36,2025-05-08 17:47:40,решено,0,
t005569,2025-05-15 08:16:00,u06673,телефон,,2,a17,2025-05-15 08:17:17,2025-05-15 09:12:47,решено,0,
t004156,2025-02-21 04:57:00,u00442,чат,оплата и документы,2,a05,2025-02-21 05:57:51,2025-02-21 10:03:08,решено,0,
t004089,2025-04-04 11:11:00,u07838,почта,доступ и пароли,2,a01,2025-04-04 11:38:24,2025-04-04 12:01:49,закрыто без ответа,0,4
t003614,20.01.2025 10:51,u00728,почта,доступ и пароли,3,a14,2025-01-20 11:17:20,2025-01-20 11:46:01,решено,0,
t004677,12.04.2025 10:18,u02062,телефон,доступ и пароли,2,a09,2025-04-12 10:35:04,2025-04-12 12:07:44,решено,0,
t002820,2025-03-23 12:21:00,u07351,телефон,доступ и пароли,2,a11,2025-03-23 13:52:51,2025-03-23 14:01:20,решено,0,
t003926,18.02.2025 05:21,u03451,телефон,доступ и пароли,2,a12,2025-02-18 05:26:33,2025-02-18 06:26:12,решено,0,4
t000522,2025-06-09 08:26:00,u06202,почта,оплата и документы,2,a11,2025-06-09 09:22:27,2025-06-09 13:47:59,решено,0,5
t005815,2025-01-22 03:15:00,u07439,почта,расписание и посещаемость,2,a03,2025-01-22 03:35:08,2025-01-22 06:56:21,решено,1,
t005350,07.02.2025 12:31,u05607,почта,расписание и посещаемость,1,a05,2025-02-07 14:18:32,2025-02-07 14:27:54,решено,0,
t005636,14.04.2025 12:09,u02996,чат,расписание и посещаемость,2,a15,2025-04-14 12:15:47,2025-04-14 18:21:46,решено,0,
t001552,2025-05-20 04:15:00,u02021,чат,оплата и документы,1,a04,2025-05-20 04:35:54,2025-05-20 18:38:46,решено,0,
t002581,2025-01-21 06:25:00,u00347,чат,доступ и пароли,2,a02,2025-01-21 06:32:29,2025-01-21 07:15:27,решено,0,4
t004115,2025-01-20 11:23:00,u01404,чат,оплата и документы,2,a13,2025-01-20 12:50:31,2025-01-20 20:43:58,решено,0,
t003006,2025-05-06 07:19:00,u02714,форма,доступ и пароли,2,a06,2025-05-06 07:24:22,2025-05-06 08:01:08,решено,0,
t002438,2025-05-07 18:14:00,u01052,чат,"",3,a02,2025-05-07 18:16:46,2025-05-07 18:45:38,решено,0,2
t004908,2025-04-03 13:27:00,u05293,форма,прочее,2,a07,2025-04-03 14:00:45,2025-04-03 19:07:45,решено,0,
t000560,12.03.2025 09:43,u06300,чат,доступ и пароли,1,a12,2025-03-12 10:53:44,2025-03-12 11:37:29,решено,0,5
t004379,12.02.2025 06:10,u05271,почта,доступ и пароли,2,a03,2025-02-12 06:31:59,2025-02-12 07:00:38,решено,0,4
t000371,05.06.2025 02:13,u05189,форма,"",2,a03,2025-06-05 02:31:06,2025-06-05 06:31:28,решено,0,
t003694,2025-03-04 08:29:00,u02532,чат,оплата и документы,3,a10,2025-03-04 10:08:39,2025-03-04 12:50:07,решено,1,4
t004882,2025-05-21 08:15:00,u02511,форма,техническая проблема,2,a16,2025-05-21 08:26:26,2025-05-22 05:17:05,решено,0,
t001650,21.02.2025 06:10,u07067,чат,доступ и пароли,1,a09,2025-02-21 06:49:02,2025-02-21 06:54:42,решено,0,
t005550,07.02.2025 06:30,u04968,почта,техническая проблема,1,a13,2025-02-07 06:46:13,2025-02-08 03:29:32,решено,0,4
t005543,2025-06-07 03:36:00,u04725,почта,техническая проблема,3,a10,2025-06-07 04:16:38,2025-06-07 09:29:16,решено,0,
t004774,02.06.2025 09:45,u01920,почта,доступ и пароли,3,a16,2025-06-02 10:12:55,2025-06-02 11:56:31,решено,0,
t003471,08.01.2025 08:12,u08005,почта,доступ и пароли,2,a01,2025-01-08 08:36:06,2025-01-08 09:10:59,решено,0,4
t001401,2025-03-05 04:58:00,u02442,чат,"",2,a03,2025-03-05 06:02:03,2025-03-05 10:12:27,решено,0,
t001196,2025-01-19 06:50:00,u06403,почта,техническая проблема,1,a07,2025-01-19 07:45:00,2025-01-20 15:11:27,решено,0,
t001325,2025-01-03 02:12:00,u07026,почта,прочее,2,a08,2025-01-03 03:33:00,2025-01-03 10:25:34,решено,0,
t002930,21.02.2025 03:06,u04463,почта,расписание и посещаемость,2,a03,2025-02-21 04:16:52,2025-02-21 07:25:19,решено,0,
t003698,2025-01-06 09:15:00,u05765,телефон,доступ и пароли,3,a10,2025-01-06 10:12:31,2025-01-06 10:14:17,решено,0,
t003063,01.06.2025 06:45,u01563,почта,расписание и посещаемость,3,a05,2025-06-01 07:01:20,2025-06-01 09:10:36,решено,1,
t003710,07.02.2025 06:17,u05558,чат,оплата и документы,3,a16,2025-02-07 06:34:59,2025-02-07 12:40:23,решено,1,
t005099,2025-05-04 04:14:00,u00716,чат,доступ и пароли,3,a03,2025-05-04 04:39:04,2025-05-04 05:10:14,решено,0,2
t005508,2025-05-11 11:37:00,u08823,чат,NULL,2,a18,2025-05-11 11:55:39,2025-05-11 12:59:56,решено,0,
t000527,2025-01-21 12:46:00,u00323,телефон,NULL,1,a10,2025-01-21 14:28:43,2025-01-21 15:00:27,решено,0,
t000809,2025-03-08 13:28:00,u00167,чат,техническая проблема,1,a11,2025-03-08 13:36:42,2025-03-09 20:31:15,решено,1,5
t000118,2025-03-19 12:13:00,u00673,форма,доступ и пароли,2,a15,2025-03-19 12:40:49,2025-03-19 12:58:09,решено,0,
t002885,12.03.2025 13:45,u00232,почта,оплата и документы,3,a03,2025-03-12 14:46:23,2025-03-12 19:51:50,решено,0,
t001934,2025-04-06 04:20:00,u01851,форма,прочее,1,a18,2025-04-06 04:42:59,2025-04-06 08:48:16,решено,0,
t004165,2025-06-19 13:39:00,u03864,чат,оплата и документы,2,a03,2025-06-19 13:52:36,2025-06-19 18:06:58,решено,0,
t000881,2025-02-23 09:15:00,u08551,телефон,техническая проблема,1,a11,2025-02-23 09:22:38,2025-02-23 17:25:25,решено,0,
t002894,2025-05-03 09:47:00,u03967,чат,NULL,2,a10,2025-05-03 10:29:53,2025-05-03 12:40:22,решено,0,
t002170,2025-01-05 06:41:00,u00401,чат,прочее,3,a02,2025-01-05 06:45:41,2025-01-05 13:49:29,решено,0,4
t003703,2025-01-11 12:38:00,u02869,почта,доступ и пароли,3,a14,2025-01-11 12:44:25,2025-01-11 13:20:04,решено,0,1
t002640,2025-03-19 10:28:00,u07383,чат,расписание и посещаемость,2,a10,2025-03-19 11:51:59,2025-03-18 09:41:17,решено,1,4
t003637,2025-01-06 10:00:00,u01002,чат,доступ и пароли,2,a07,2025-01-06 10:08:04,2025-01-06 14:15:46,решено,0,4
t004357,04.03.2025 02:01,u00696,почта,расписание и посещаемость,2,a11,2025-03-04 03:21:04,2025-03-04 03:47:59,решено,0,
t000776,18.05.2025 07:39,u04005,форма,расписание и посещаемость,2,a08,2025-05-18 07:43:45,2025-05-18 11:14:10,решено,0,
t003054,15.02.2025 03:31,u05108,почта,прочее,2,a14,2025-02-15 04:36:49,2025-02-15 06:01:48,решено,0,5
t001199,2025-05-06 01:52:00,u06508,почта,,1,a09,2025-05-06 02:01:47,2025-05-06 10:36:04,решено,0,
t005273,2025-02-16 12:04:00,u04317,почта,доступ и пароли,3,a15,2025-02-16 13:38:59,2025-02-16 13:57:18,решено,0,
t004824,06.05.2025 10:39,u01005,чат,техническая проблема,3,a12,2025-05-06 10:46:23,,в работе,0,
t005801,2025-05-03 09:39:00,u03531,почта,расписание и посещаемость,1,a12,2025-05-03 09:52:15,2025-05-03 12:04:38,решено,0,
t002921,2025-02-24 08:58:00,u01825,чат,доступ и пароли,2,a09,2025-02-24 10:29:57,2025-02-24 13:50:01,решено,0,4
t003917,2025-05-22 10:31:00,u05349,почта,оплата и документы,3,a02,2025-05-22 10:52:05,2025-05-22 13:33:43,решено,0,5
t003665,2025-02-03 02:57:00,u04804,чат,оплата и документы,1,a09,2025-02-03 03:08:10,2025-02-03 08:28:16,решено,1,5
t005547,2025-03-23 11:12:00,u08798,форма,доступ и пароли,1,a02,2025-03-23 11:41:05,2025-03-23 12:26:37,решено,0,3
t003333,2025-05-02 12:55:00,u08468,почта,техническая проблема,1,a07,2025-05-02 13:20:41,2025-05-02 16:32:38,решено,0,
t004577,2025-06-02 11:01:00,u05185,почта,техническая проблема,1,a15,2025-06-02 11:27:25,2025-06-02 15:06:52,решено,1,
t005585,06.01.2025 03:59,u04867,почта,доступ и пароли,1,a08,2025-01-06 04:28:52,2025-01-05 04:20:52,решено,0,
t004073,2025-02-16 07:11:00,u02774,форма,техническая проблема,2,a17,2025-02-16 07:39:33,2025-02-16 14:37:51,решено,0,5
t004947,2025-03-02 10:46:00,u02750,телефон,оплата и документы,2,a16,2025-03-02 12:01:44,2025-03-02 23:28:39,решено,0,
t002911,26.03.2025 09:45,u01035,телефон,оплата и документы,1,a07,2025-03-26 10:10:14,2025-03-26 16:38:00,решено,0,
t004552,2025-05-21 02:41:00,u06414,почта,техническая проблема,2,a10,2025-05-21 03:08:41,2025-05-21 14:34:12,решено,0,
t003485,2025-02-24 02:41:00,u03863,чат,доступ и пароли,1,a01,2025-02-24 03:02:10,2025-02-24 03:06:42,решено,0,
t001147,20.06.2025 07:57,u07714,чат,доступ и пароли,1,a09,2025-06-20 08:13:55,2025-06-20 09:47:46,решено,0,
t001753,2025-06-12 12:22:00,u06808,чат,расписание и посещаемость,1,a06,2025-06-12 12:28:43,2025-06-12 16:07:24,решено,0,
t004211,2025-06-03 07:51:00,u05217,чат,техническая проблема,1,a16,2025-06-03 08:07:19,2025-06-03 14:51:49,решено,0,
t005616,2025-02-27 12:27:00,u06823,почта,доступ и пароли,1,a11,2025-02-27 13:22:20,2025-02-27 13:57:35,решено,0,
t004447,2025-01-18 07:07:00,u05443,телефон,оплата и документы,1,a12,2025-01-18 07:43:51,2025-01-18 10:36:00,решено,0,4
t004615,2025-05-07 06:36:00,u00881,форма,техническая проблема,1,a03,2025-05-07 06:38:27,2025-05-07 20:42:00,решено,0,
t004496,2025-04-21 03:58:00,u04692,чат,расписание и посещаемость,2,a09,2025-04-21 04:07:17,2025-04-21 05:29:33,решено,0,
t001104,2025-04-18 09:25:00,u03868,почта,NULL,2,a15,2025-04-18 09:41:09,2025-04-18 14:35:13,решено,0,
t002308,2025-06-25 05:29:00,u04024,чат,"",2,a02,2025-06-25 06:05:35,2025-06-25 08:26:03,решено,0,
t003332,2025-02-26 04:30:00,u00995,чат,доступ и пароли,3,a01,2025-02-26 05:59:21,2025-02-26 11:37:55,закрыто без ответа,0,
t001144,24.06.2025 12:09,u01869,почта,расписание и посещаемость,3,a15,2025-06-24 12:45:10,2025-06-24 14:44:43,решено,0,
t004219,23.05.2025 02:36,u05251,чат,прочее,2,a01,2025-05-23 02:44:21,2025-05-23 07:35:08,решено,0,
t000682,2025-03-03 03:49:00,u06592,почта,расписание и посещаемость,3,a03,2025-03-03 05:33:38,2025-03-03 06:26:20,решено,0,
t002467,2025-02-26 12:16:00,u02249,почта,доступ и пароли,2,a01,2025-02-26 12:35:18,2025-02-26 12:46:28,решено,0,2
t002964,2025-04-09 05:44:00,u00454,чат,доступ и пароли,2,a03,2025-04-09 06:07:48,,в работе,0,
t000655,2025-05-07 08:44:00,u06460,почта,расписание и посещаемость,1,a01,2025-05-07 09:00:45,2025-05-07 14:32:31,решено,0,
t000320,2025-06-04 01:55:00,u01796,чат,оплата и документы,1,a12,2025-06-04 02:08:51,2025-06-04 03:02:47,решено,0,
t002973,2025-04-26 07:28:00,u06502,Чат,расписание и посещаемость,2,a07,2025-04-26 07:33:46,,в работе,0,
t004688,20.04.2025 04:33,u06089,чат,техническая проблема,3,a16,2025-04-20 05:15:02,2025-04-20 08:07:05,решено,0,
t003185,19.04.2025 11:23,u02745,почта,оплата и документы,2,a17,2025-04-19 11:31:29,,в работе,0,
t000192,2025-01-17 08:25:00,u02546,Чат,расписание и посещаемость,1,a14,2025-01-17 10:12:30,2025-01-17 13:25:05,решено,0,
t002068,17.06.2025 07:11,u02169,чат,прочее,2,a16,2025-06-17 07:30:15,2025-06-18 02:08:23,решено,0,3
t005809,2025-04-15 13:43:00,u08044,чат,доступ и пароли,2,a08,2025-04-15 14:04:36,2025-04-15 14:52:07,решено,0,
t000188,2025-01-21 06:08:00,u01762,почта,доступ и пароли,3,a07,2025-01-21 07:43:57,2025-01-21 11:41:14,решено,1,
t002327,03.03.2025 09:43,u07351,чат,прочее,3,a08,,,новое,0,
t002340,03.02.2025 07:02,u03405,чат,расписание и посещаемость,2,a14,2025-02-03 07:08:34,2025-02-03 13:02:43,решено,0,
t000724,2025-04-26 12:38:00,u00735,Чат,оплата и документы,2,a01,2025-04-26 12:58:29,2025-04-26 17:57:09,решено,1,
t000572,2025-05-21 09:18:00,u08563,чат,прочее,2,a06,2025-05-21 09:30:33,2025-05-21 13:20:18,решено,0,
t005493,25.06.2025 12:08,u08463,почта,техническая проблема,2,a15,2025-06-25 12:18:04,2025-06-26 09:38:21,решено,0,5
t001255,06.04.2025 07:53,u02962,Чат,техническая проблема,1,a01,2025-04-06 08:22:20,2025-04-06 16:59:42,решено,0,5
t004925,13.01.2025 10:13,u04774,почта,прочее,2,a07,2025-01-13 10:57:35,2025-01-13 15:48:26,решено,0,
t000851,2025-01-14 12:48:00,u08804,почта,расписание и посещаемость,2,a11,2025-01-14 12:58:23,2025-01-14 17:13:42,решено,0,
t004625,2025-06-03 11:56:00,u01427,телефон,NULL,2,a04,2025-06-03 12:08:58,2025-06-03 14:59:15,решено,0,
t003198,2025-03-18 13:47:00,u04310,телефон,прочее,1,a12,2025-03-18 14:14:13,2025-03-18 16:14:29,решено,0,
t003444,2025-04-23 10:09:00,u03388,форма,оплата и документы,1,a12,2025-04-23 10:21:11,2025-04-23 13:05:20,решено,0,
t001616,2025-02-13 07:43:00,u04426,телефон,доступ и пароли,2,a04,2025-02-13 08:01:43,2025-02-13 09:11:37,решено,0,
t001948,2025-04-19 04:21:00,u05575,Чат,оплата и документы,3,a06,2025-04-19 04:30:58,2025-04-19 09:13:05,решено,0,
t005928,2025-04-22 07:55:00,u05413,чат,доступ и пароли,2,a03,2025-04-22 08:12:26,2025-04-22 10:45:25,решено,1,
t003165,2025-01-24 03:34:00,u08945,чат,доступ и пароли,2,a13,2025-01-24 03:50:33,2025-01-24 04:39:09,решено,0,
t003612,2025-04-23 09:35:00,u06973,чат,расписание и посещаемость,2,a11,2025-04-23 10:30:05,2025-04-23 12:42:30,решено,0,
t002050,2025-06-06 09:40:00,u05363,чат,оплата и документы,2,a17,2025-06-06 10:02:08,2025-06-06 12:20:13,решено,0,
t000910,2025-02-07 07:31:00,u07191,почта,доступ и пароли,2,a03,2025-02-07 07:49:36,2025-02-07 08:53:07,решено,0,
t002800,2025-05-04 15:32:00,u05712,чат,расписание и посещаемость,2,a01,2025-05-04 15:36:05,2025-05-04 17:37:01,решено,0,
t002905,2025-02-21 06:31:00,u00358,почта,прочее,2,a07,2025-02-21 08:16:07,2025-02-21 18:41:31,решено,0,5
t000749,2025-02-26 15:33:00,u05586,чат,доступ и пароли,2,a04,2025-02-26 17:12:06,2025-02-26 19:19:50,решено,0,
t001555,01.01.2025 08:01,u02974,почта,доступ и пароли,2,a02,2025-01-01 08:10:36,2025-01-01 08:36:22,решено,0,
t004605,2025-03-07 03:43:00,u00107,чат,доступ и пароли,1,a05,2025-03-07 05:11:37,2025-03-07 05:47:30,решено,0,5
t004608,20.06.2025 01:31,u00416,чат,оплата и документы,2,a08,2025-06-20 01:34:40,2025-06-20 05:27:29,решено,0,
t005695,2025-01-02 09:32:00,u03134,чат,оплата и документы,1,a11,2025-01-02 10:32:13,2025-01-02 11:59:18,решено,0,
t002057,25.02.2025 15:07,u05326,форма,расписание и посещаемость,1,a07,2025-02-25 16:30:45,2025-02-25 21:45:23,решено,0,
t004861,2025-02-09 07:24:00,u01546,почта,техническая проблема,1,a10,2025-02-09 07:53:37,2025-02-09 15:37:39,решено,0,
t000061,02.02.2025 04:33,u02261,чат,доступ и пароли,2,a02,2025-02-02 04:56:02,2025-02-02 05:47:39,решено,0,1
t000591,2025-01-23 09:40:00,u05077,телефон,доступ и пароли,3,a04,2025-01-23 10:05:59,2025-01-23 11:49:02,решено,0,4
t004744,22.02.2025 08:39,u02419,почта,доступ и пароли,1,a11,2025-02-22 10:10:31,2025-02-22 10:54:36,решено,0,1
t003682,26.04.2025 12:08,u01885,почта,расписание и посещаемость,2,a02,2025-04-26 12:34:12,2025-04-25 11:24:33,решено,0,
t001768,2025-01-13 05:03:00,u05379,телефон,прочее,2,a13,2025-01-13 05:08:45,2025-01-13 09:53:18,решено,0,5
t002054,2025-04-03 12:25:00,u04269,почта,"",1,a10,2025-04-03 12:50:26,2025-04-03 15:37:12,решено,0,
t005897,2025-04-07 12:00:00,u05561,почта,прочее,3,a07,2025-04-07 12:09:30,2025-04-07 18:56:57,решено,0,5
t000021,2025-06-08 12:00:00,u02034,форма,расписание и посещаемость,2,a10,2025-06-08 12:58:59,2025-06-08 16:09:32,решено,0,1
t004568,2025-04-27 11:54:00,u04847,почта,расписание и посещаемость,2,a15,2025-04-27 11:59:26,2025-04-27 14:14:21,решено,0,
t005738,2025-06-06 07:07:00,u07361,почта,техническая проблема,2,a17,2025-06-06 07:12:34,2025-06-06 09:57:12,решено,0,
t000272,17.03.2025 07:41,u05719,чат,доступ и пароли,3,a11,2025-03-17 07:59:43,2025-03-17 08:54:50,решено,0,
t000416,27.05.2025 06:20,u03794,почта,"",2,a01,2025-05-27 07:22:12,2025-05-27 13:38:17,решено,0,
t004717,19.06.2025 11:41,u01608,чат,техническая проблема,1,a01,2025-06-19 12:25:09,2025-06-19 23:58:25,решено,0,
t005884,04.02.2025 10:49,u00019,форма,оплата и документы,2,a18,2025-02-04 12:39:50,2025-02-04 16:14:18,решено,0,
t005187,04.04.2025 13:30,u05575,почта,NULL,2,a08,2025-04-04 13:32:43,2025-04-04 23:35:58,решено,0,
t002938,18.05.2025 09:07,u07967,чат,техническая проблема,1,a07,2025-05-18 09:12:14,2025-05-18 17:14:55,решено,0,
t000637,2025-05-18 06:21:00,u03222,форма,техническая проблема,1,a01,2025-05-18 07:17:06,2025-05-18 17:32:34,решено,0,
t004689,05.02.2025 03:47,u06047,почта,доступ и пароли,3,a11,2025-02-05 04:52:05,2025-02-05 04:54:20,решено,0,
t004714,02.01.2025 02:32,u02328,чат,оплата и документы,2,a11,2025-01-02 02:54:31,2025-01-02 05:48:00,решено,0,3
t004363,2025-03-03 11:48:00,u02648,чат,доступ и пароли,1,a11,2025-03-03 11:52:16,2025-03-03 12:47:01,решено,0,5
t000872,2025-06-15 06:55:00,u06325,чат,расписание и посещаемость,2,a17,2025-06-15 07:45:07,2025-06-15 13:34:42,решено,0,
t003388,2025-02-03 06:07:00,u04119,почта,доступ и пароли,2,a06,2025-02-03 07:18:09,2025-02-03 07:39:55,решено,0,5
t003573,07.03.2025 01:53,u04993,чат,доступ и пароли,1,a18,2025-03-07 03:02:39,2025-03-07 04:46:38,решено,0,
t003525,2025-03-02 11:00:00,u00935,почта,доступ и пароли,3,a15,2025-03-02 12:13:06,2025-03-02 12:39:40,решено,0,
t004460,2025-04-24 10:14:00,u06685,почта,оплата и документы,2,a06,2025-04-24 10:27:33,2025-04-24 16:10:55,решено,0,
t003646,03.01.2025 13:37,u05245,форма,доступ и пароли,2,a13,2025-01-03 13:43:53,2025-01-03 20:29:42,решено,0,
t005458,2025-01-11 13:18:00,u00901,почта,доступ и пароли,2,a14,2025-01-11 14:31:27,2025-01-11 15:00:51,решено,0,
t005058,2025-04-02 16:33:00,u04168,форма,оплата и документы,1,a08,2025-04-02 16:58:05,2025-04-02 23:09:43,решено,0,
t003803,2025-04-04 16:33:00,u04422,телефон,техническая проблема,1,a10,2025-04-04 16:52:22,2025-04-05 08:56:45,решено,0,
t001213,2025-05-24 15:08:00,u08663,телефон,оплата и документы,2,a17,2025-05-24 15:42:04,2025-05-24 16:23:45,решено,0,
t003959,2025-05-21 06:29:00,u05225,чат,техническая проблема,1,a17,2025-05-21 06:36:08,2025-05-21 23:51:19,решено,0,
t004489,07.04.2025 07:27,u02762,почта,доступ и пароли,2,a16,2025-04-07 07:34:18,2025-04-07 08:26:25,решено,0,
t005242,2025-03-23 10:35:00,u08798,телефон,доступ и пароли,2,a03,2025-03-23 10:56:24,2025-03-23 11:15:31,решено,0,
t000071,23.03.2025 02:41,u02331,чат,оплата и документы,3,a16,2025-03-23 04:06:18,2025-03-23 05:42:27,решено,0,
t004647,2025-04-06 03:10:00,u03352,чат,оплата и документы,2,a01,2025-04-06 03:37:23,2025-04-06 06:10:14,решено,0,5
t004187,2025-06-02 12:21:00,u03145,почта,оплата и документы,1,a18,2025-06-02 12:40:56,2025-06-02 16:24:20,решено,0,
t004678,2025-04-20 04:30:00,u03170,форма,расписание и посещаемость,1,a02,2025-04-20 04:32:25,2025-04-20 08:54:43,решено,0,
t002031,03.04.2025 13:39,u06512,телефон,техническая проблема,1,a07,2025-04-03 13:48:11,2025-04-03 19:50:58,решено,0,
t004395,2025-01-20 10:41:00,u04805,чат,техническая проблема,1,a08,2025-01-20 11:46:54,2025-01-21 02:25:07,решено,0,
t000275,2025-04-22 05:55:00,u04770,чат,расписание и посещаемость,3,a08,2025-04-22 06:07:18,2025-04-22 11:13:02,решено,0,
t001270,2025-03-23 20:07:00,u06605,чат,доступ и пароли,1,a06,2025-03-23 20:12:40,2025-03-22 20:28:26,решено,0,
t002990,2025-04-27 09:20:00,u04847,форма,доступ и пароли,2,a18,2025-04-27 09:46:01,2025-04-27 12:51:34,решено,1,
t001940,2025-02-24 10:42:00,u06544,почта,расписание и посещаемость,3,a13,2025-02-24 10:56:36,2025-02-24 15:37:03,решено,0,2
t000126,2025-03-04 15:11:00,u02877,чат,оплата и документы,2,a10,2025-03-04 15:28:08,2025-03-04 16:39:40,решено,0,5
t003872,2025-02-27 03:21:00,u07961,чат,NULL,1,a08,2025-02-27 04:22:56,2025-02-27 09:34:51,решено,0,
t000155,26.06.2025 04:20,u01507,чат,техническая проблема,1,a18,2025-06-26 05:23:15,2025-06-26 12:32:07,решено,0,5
t000330,2025-02-01 11:16:00,u00751,Чат,доступ и пароли,1,a05,2025-02-01 12:38:38,2025-02-01 13:23:46,решено,0,3
t002754,25.06.2025 05:38,u03111,телефон,расписание и посещаемость,2,a02,2025-06-25 06:20:30,2025-06-25 08:23:51,решено,0,
t004325,2025-01-23 04:04:00,u03600,форма,прочее,2,a07,2025-01-23 05:09:00,2025-01-23 10:53:50,решено,0,
t002545,2025-06-07 10:56:00,u07980,почта,техническая проблема,1,a04,2025-06-07 11:12:49,2025-06-07 21:37:56,решено,0,
t001148,24.02.2025 01:05,u07020,телефон,расписание и посещаемость,2,a02,2025-02-24 01:31:57,2025-02-24 05:03:36,решено,1,4
t001946,2025-05-12 11:01:00,u08846,телефон,техническая проблема,1,a16,2025-05-12 11:44:24,2025-05-12 16:02:45,решено,0,
t002399,15.05.2025 16:22,u04558,чат,техническая проблема,1,a06,2025-05-15 16:38:37,2025-05-16 05:06:17,решено,0,
t002498,2025-06-07 11:35:00,u07379,почта,техническая проблема,2,a01,2025-06-07 12:17:39,2025-06-08 08:41:44,решено,0,
t002658,2025-01-08 02:04:00,u05235,чат,доступ и пароли,3,a05,2025-01-08 03:53:03,2025-01-08 06:07:27,решено,0,4
t001930,2025-04-01 17:12:00,u04689,чат,оплата и документы,2,a07,2025-04-01 17:26:40,2025-04-01 22:29:45,решено,0,
t000921,2025-03-17 08:05:00,u07778,чат,расписание и посещаемость,2,a03,2025-03-17 08:33:01,2025-03-17 13:16:20,решено,0,4
t004935,2025-01-27 08:40:00,u01900,почта,доступ и пароли,2,a12,2025-01-27 08:44:39,2025-01-27 09:05:57,решено,0,
t001986,2025-02-03 03:53:00,u01378,почта,расписание и посещаемость,2,a09,2025-02-03 05:19:43,2025-02-03 14:35:20,решено,0,5
t002141,2025-01-13 12:16:00,u06736,почта,расписание и посещаемость,1,a02,2025-01-13 12:49:34,2025-01-13 14:45:14,решено,0,
t005513,20.06.2025 08:53,u04204,почта,расписание и посещаемость,2,a04,2025-06-20 09:28:32,2025-06-20 13:35:09,решено,0,
t004755,2025-03-25 12:10:00,u03603,чат,оплата и документы,1,a03,2025-03-25 12:17:20,2025-03-25 15:03:59,решено,1,5
t004047,2025-02-02 13:17:00,u06613,форма,доступ и пароли,2,a15,2025-02-02 14:30:32,2025-02-02 16:09:52,решено,0,2
t004793,2025-01-17 07:53:00,u03257,форма,оплата и документы,2,a07,2025-01-17 08:41:57,2025-01-17 13:07:18,решено,0,
t002664,2025-03-10 01:47:00,u02595,чат,доступ и пароли,2,a16,2025-03-10 03:34:09,2025-03-10 04:56:39,решено,0,
t002571,06.06.2025 16:45,u04321,почта,оплата и документы,2,a09,2025-06-06 17:09:42,2025-06-06 20:31:50,решено,0,5
t001862,2025-01-12 06:01:00,u04273,чат,доступ и пароли,2,a13,2025-01-12 07:20:08,2025-01-12 07:22:10,решено,0,
t005754,2025-03-26 12:27:00,u01291,почта,доступ и пароли,2,a09,2025-03-26 12:50:09,2025-03-26 13:44:42,решено,0,4
t002307,2025-06-02 07:43:00,u07571,чат,техническая проблема,3,a11,2025-06-02 08:42:44,2025-06-02 12:31:05,решено,0,
t002758,2025-02-21 12:42:00,u02876,почта,доступ и пароли,3,a12,,,новое,0,
t003738,2025-05-02 03:58:00,u05349,чат,оплата и документы,2,a03,2025-05-02 04:14:04,2025-05-02 12:31:07,решено,0,
t001856,03.03.2025 06:12,u00435,чат,техническая проблема,1,a07,2025-03-03 06:23:55,2025-03-04 18:21:53,решено,0,
t001284,22.04.2025 11:44,u08143,форма,доступ и пароли,2,a11,2025-04-22 12:24:50,2025-04-22 13:40:21,решено,0,
t003411,26.01.2025 07:17,u06868,чат,оплата и документы,2,a08,2025-01-26 07:38:40,2025-01-26 13:07:39,решено,0,
t004204,2025-04-22 05:31:00,u08391,чат,техническая проблема,1,a18,2025-04-22 05:58:10,2025-04-22 15:16:51,решено,0,
t001690,2025-02-14 01:24:00,u03875,чат,техническая проблема,1,a08,2025-02-14 01:34:19,2025-02-14 16:18:31,решено,0,
t003718,2025-06-02 10:45:00,u08333,телефон,доступ и пароли,1,a16,2025-06-02 10:48:49,2025-06-02 12:39:50,решено,0,
t000294,2025-01-13 02:11:00,u00817,чат,доступ и пароли,1,a05,2025-01-13 02:21:47,2025-01-13 03:35:20,решено,0,
t002849,05.02.2025 09:37,u05729,чат,доступ и пароли,1,a09,2025-02-05 09:45:21,2025-02-05 11:49:17,решено,0,
t004055,24.01.2025 08:04,u00476,чат,техническая проблема,3,a01,2025-01-24 08:50:18,2025-01-24 14:45:19,решено,0,2
t004752,2025-04-23 11:37:00,u05901,телефон,прочее,2,a11,2025-04-23 11:39:27,2025-04-23 16:06:19,решено,0,
t003262,04.05.2025 14:30,u08416,чат,оплата и документы,2,a02,2025-05-04 14:57:04,2025-05-04 16:51:06,решено,0,
t001114,2025-03-14 04:44:00,u03434,почта,расписание и посещаемость,2,a06,2025-03-14 04:58:36,2025-03-14 09:06:06,решено,0,4
t001988,2025-05-21 08:56:00,u05604,чат,оплата и документы,2,a17,2025-05-21 09:00:49,2025-05-21 13:42:38,закрыто без ответа,0,
t003912,2025-04-21 12:44:00,u04849,чат,расписание и посещаемость,1,a18,2025-04-21 12:55:58,2025-04-21 15:54:12,решено,0,
t003028,04.05.2025 20:13,u08786,чат,техническая проблема,1,a03,2025-05-04 20:41:03,2025-05-05 13:59:19,решено,0,
t001865,2025-03-16 13:33:00,u08321,почта,прочее,2,a12,2025-03-16 14:41:14,2025-03-16 17:52:21,решено,0,4
t003804,2025-02-25 01:47:00,u06487,телефон,доступ и пароли,2,a14,2025-02-25 03:31:44,2025-02-25 04:01:06,решено,1,
t001398,01.04.2025 01:15,u04866,телефон,,3,a04,2025-04-01 01:19:56,2025-04-01 02:44:45,решено,1,
t002765,2025-01-27 02:58:00,u00373,почта,расписание и посещаемость,2,a14,2025-01-27 04:26:30,2025-01-27 05:57:15,решено,0,
t001446,2025-02-08 04:34:00,u00429,почта,доступ и пароли,2,a14,2025-02-08 06:08:46,2025-02-08 06:32:22,решено,0,
t000263,2025-02-07 04:08:00,u04164,почта,техническая проблема,1,a08,2025-02-07 04:27:26,2025-02-07 13:49:39,решено,0,
t000667,2025-05-20 09:00:00,u08303,телефон,техническая проблема,3,a01,,,новое,0,
t004912,2025-04-20 06:51:00,u04800,Чат,расписание и посещаемость,2,a02,2025-04-20 07:20:01,2025-04-20 08:15:32,решено,0,
t000099,04.06.2025 12:03,u03864,чат,техническая проблема,1,a16,2025-06-04 12:49:40,2025-06-04 17:31:46,решено,0,
t002191,2025-02-13 02:59:00,u04013,почта,NULL,3,a11,2025-02-13 03:27:44,2025-02-13 04:32:54,решено,0,
t005474,2025-05-23 12:00:00,u07265,телефон,оплата и документы,2,a02,2025-05-23 12:16:41,2025-05-23 20:00:37,решено,0,
t004340,2025-06-27 06:05:00,u05227,чат,техническая проблема,3,a15,2025-06-27 06:18:11,2025-06-28 14:31:35,решено,0,
t005857,2025-03-18 14:12:00,u04516,почта,доступ и пароли,1,a18,2025-03-18 14:38:39,2025-03-18 14:56:22,решено,0,
t003791,2025-04-24 01:46:00,u06511,почта,техническая проблема,1,a09,2025-04-24 02:03:18,2025-04-24 13:43:45,решено,0,
t005018,2025-03-03 03:54:00,u00606,почта,прочее,2,a02,2025-03-03 04:06:11,2025-03-03 08:25:32,решено,0,5
t002688,2025-06-03 12:14:00,u07216,почта,доступ и пароли,1,a18,2025-06-03 13:06:38,2025-06-03 14:42:51,решено,0,
t003708,2025-04-03 04:49:00,u04687,форма,доступ и пароли,2,a08,,,новое,0,
t000129,2025-06-02 11:29:00,u02439,чат,расписание и посещаемость,2,a15,2025-06-02 11:32:44,2025-06-02 13:50:44,решено,0,
t005001,2025-04-23 13:25:00,u05293,чат,техническая проблема,1,a07,2025-04-23 14:27:41,2025-04-23 18:59:50,решено,0,
t001128,2025-06-20 05:47:00,u06564,чат,расписание и посещаемость,3,a04,2025-06-20 06:20:38,2025-06-20 10:49:52,решено,0,
t001241,02.04.2025 05:57,u06504,форма,доступ и пароли,3,a01,2025-04-02 06:10:52,2025-04-02 08:11:17,решено,0,5
t000269,2025-03-09 13:01:00,u08325,чат,,1,a03,2025-03-09 13:23:27,2025-03-09 16:16:39,решено,0,
t002579,2025-03-24 07:17:00,u03634,чат,оплата и документы,2,a10,2025-03-24 07:45:38,2025-03-24 20:19:05,решено,0,5
t002846,2025-05-20 13:27:00,u08303,чат,оплата и документы,2,a04,2025-05-20 13:51:27,2025-05-20 16:05:11,решено,0,
t004198,19.01.2025 05:44,u00591,форма,доступ и пароли,2,a02,2025-01-19 06:22:26,2025-01-19 06:33:09,решено,0,
t005364,09.04.2025 02:27,u08930,почта,техническая проблема,1,a09,2025-04-09 02:39:52,2025-04-09 07:52:43,решено,0,
t001785,2025-01-22 10:49:00,u08071,почта,доступ и пароли,2,a04,2025-01-22 11:06:58,2025-01-22 13:54:49,решено,0,1
t001697,2025-01-02 13:33:00,u08397,почта,оплата и документы,2,a04,2025-01-02 15:23:00,2025-01-02 18:22:58,решено,0,
t000815,2025-04-12 10:13:00,u00656,чат,расписание и посещаемость,1,a11,2025-04-12 10:25:38,2025-04-12 17:59:51,решено,0,
t000859,20.06.2025 13:25,u02250,чат,оплата и документы,3,a12,2025-06-20 13:44:34,2025-06-20 19:19:45,решено,0,
t003450,2025-05-24 01:28:00,u04507,телефон,оплата и документы,1,a04,2025-05-24 02:23:30,2025-05-24 03:52:34,решено,0,5
t002797,24.05.2025 10:47,u07895,чат,прочее,2,a03,2025-05-24 10:54:05,2025-05-24 15:03:03,решено,0,
t002039,2025-05-07 13:31:00,u05037,почта,оплата и документы,2,a17,2025-05-07 14:23:05,2025-05-07 15:14:32,решено,0,5
t005039,2025-02-26 12:38:00,u02081,телефон,прочее,1,a15,2025-02-26 12:48:03,2025-02-26 16:32:15,решено,0,
t002699,18.03.2025 09:24,u03497,почта,доступ и пароли,3,a11,2025-03-18 09:58:20,2025-03-18 13:24:03,решено,0,
t001601,2025-04-04 12:00:00,u04422,чат,оплата и документы,3,a09,2025-04-04 13:03:50,2025-04-04 22:05:12,решено,0,
t005021,23.04.2025 10:18,u07345,Чат,оплата и документы,2,a05,2025-04-23 10:25:59,2025-04-23 14:31:16,решено,0,
t003876,2025-06-05 14:03:00,u01086,почта,техническая проблема,2,a12,,,новое,0,
t004062,2025-01-26 03:32:00,u07367,чат,доступ и пароли,2,a07,2025-01-26 04:31:16,2025-01-26 04:53:13,решено,0,
t000482,2025-01-17 06:17:00,u01077,чат,доступ и пароли,2,a01,2025-01-17 07:27:24,2025-01-17 08:01:38,решено,0,
t005198,27.06.2025 07:26,u08400,чат,доступ и пароли,2,a05,2025-06-27 07:48:05,2025-06-27 10:58:47,решено,0,
t004808,2025-03-02 10:48:00,u08202,телефон,доступ и пароли,1,a02,2025-03-02 11:16:51,2025-03-02 11:39:08,решено,0,5
t001378,24.06.2025 08:23,u01427,почта,оплата и документы,2,a15,2025-06-24 08:48:04,2025-06-24 14:29:22,решено,0,5
t001604,2025-02-07 16:45:00,u08001,чат,доступ и пароли,1,a03,2025-02-07 17:01:09,2025-02-07 17:18:46,решено,0,5
t000725,2025-01-18 13:21:00,u05765,форма,доступ и пароли,1,a11,2025-01-18 13:31:04,2025-01-18 14:07:38,решено,0,
t004733,22.05.2025 01:06,u03322,чат,оплата и документы,1,a17,2025-05-22 01:42:30,2025-05-22 01:55:27,решено,0,
t004437,2025-05-18 13:52:00,u01971,телефон,расписание и посещаемость,1,a08,2025-05-18 13:58:55,2025-05-18 18:31:00,решено,0,
t001671,2025-01-19 06:52:00,u08000,почта,доступ и пароли,2,a13,2025-01-19 08:42:35,2025-01-19 09:08:08,решено,0,5
t003153,10.01.2025 13:24,u01134,почта,доступ и пароли,2,a08,2025-01-10 13:42:55,2025-01-10 14:05:05,решено,0,
t000669,2025-03-23 08:14:00,u00430,телефон,расписание и посещаемость,2,a11,2025-03-23 09:16:22,2025-03-23 11:45:54,решено,0,
t000850,2025-01-23 04:08:00,u00722,чат,доступ и пароли,2,a07,2025-01-23 04:17:57,2025-01-23 04:44:00,решено,0,5
t005618,2025-03-19 02:29:00,u01838,чат,техническая проблема,3,a15,2025-03-19 02:48:26,,в работе,1,
t000882,2025-06-18 13:41:00,u06720,чат,расписание и посещаемость,2,a05,2025-06-18 13:59:30,2025-06-18 15:58:38,решено,0,
t004804,2025-03-04 04:49:00,u05975,чат,доступ и пароли,1,a16,2025-03-04 06:08:08,2025-03-04 06:19:31,решено,1,
t002322,27.02.2025 10:53,u06181,почта,доступ и пароли,2,a16,2025-02-27 11:38:38,2025-02-27 11:57:24,решено,0,
t005279,2025-04-24 10:40:00,u07448,чат,расписание и посещаемость,1,a03,2025-04-24 11:25:29,2025-04-24 14:23:45,решено,0,
t001402,2025-06-19 13:12:00,u03129,чат,прочее,1,a08,2025-06-19 13:22:01,2025-06-19 16:08:16,решено,0,
t005664,2025-04-05 11:05:00,u00359,форма,прочее,1,a07,2025-04-05 11:28:39,2025-04-05 14:41:20,решено,0,
t001980,2025-01-26 04:27:00,u01065,почта,прочее,2,a11,2025-01-26 06:08:00,2025-01-26 09:34:29,решено,0,
t000762,20.05.2025 13:49,u00697,форма,техническая проблема,2,a11,2025-05-20 13:53:59,2025-05-20 17:45:25,решено,0,
t005058,2025-04-02 16:33:00,u04168,форма,оплата и документы,1,a08,2025-04-02 16:58:05,2025-04-02 23:09:43,решено,0,
t003432,2025-04-18 03:25:00,u04227,чат,доступ и пароли,2,a10,2025-04-18 03:26:17,2025-04-18 04:14:32,решено,0,
t005349,2025-05-24 11:04:00,u04891,форма,NULL,2,a17,2025-05-24 11:32:12,2025-05-24 14:49:26,решено,0,
t003226,26.02.2025 12:53,u05449,чат,доступ и пароли,3,a18,2025-02-26 12:57:23,2025-02-26 13:22:17,решено,0,
t003609,2025-03-25 08:19:00,u06839,чат,доступ и пароли,2,a09,2025-03-25 08:26:53,2025-03-25 09:52:09,решено,0,3
t003413,2025-01-06 19:29:00,u08545,почта,доступ и пароли,2,a08,2025-01-06 21:08:53,2025-01-06 21:21:05,решено,0,
t002690,2025-04-15 07:28:00,u03258,почта,оплата и документы,2,a16,2025-04-15 08:01:26,2025-04-15 11:43:42,решено,0,
t004690,25.01.2025 02:15,u05294,чат,доступ и пароли,1,a14,2025-01-25 03:12:18,2025-01-25 04:13:34,решено,0,5
t001565,21.02.2025 11:04,u02061,почта,доступ и пароли,2,a13,2025-02-21 11:06:38,2025-02-21 11:52:40,решено,1,
t000845,2025-02-07 08:49:00,u08551,чат,техническая проблема,3,a08,2025-02-07 08:51:16,2025-02-07 22:56:55,решено,0,
t004536,2025-05-02 13:45:00,u00633,телефон,оплата и документы,1,a02,2025-05-02 14:45:22,2025-05-02 18:04:19,решено,0,
t004355,2025-04-13 07:33:00,u03660,почта,расписание и посещаемость,2,a16,2025-04-13 07:43:08,2025-04-13 08:27:40,решено,0,
t001871,27.02.2025 13:53,u08231,телефон,оплата и документы,2,a18,2025-02-27 15:37:35,2025-02-27 19:38:13,решено,0,
t002419,01.03.2025 13:35,u07135,Чат,расписание и посещаемость,1,a10,2025-03-01 14:53:06,2025-03-01 21:11:33,решено,0,
t002450,2025-03-10 04:45:00,u06883,чат,расписание и посещаемость,1,a02,2025-03-10 04:50:29,2025-03-10 11:14:07,решено,0,5
t000875,2025-01-20 03:28:00,u03032,чат,доступ и пароли,3,a13,2025-01-20 03:49:09,2025-01-20 04:40:09,решено,0,
t003370,2025-03-27 04:55:00,u00938,чат,"",3,a03,2025-03-27 05:00:54,2025-03-26 04:35:36,решено,0,
t005555,05.02.2025 02:58,u03071,телефон,расписание и посещаемость,2,a11,2025-02-05 03:14:13,2025-02-05 09:38:00,решено,0,
t005993,2025-01-25 02:11:00,u05701,чат,доступ и пароли,2,a12,2025-01-25 03:10:55,2025-01-25 04:02:53,решено,0,
t002005,2025-02-15 09:16:00,u04824,почта,оплата и документы,3,a11,2025-02-15 10:02:26,2025-02-15 14:32:24,решено,0,
t000577,2025-01-07 11:44:00,u03074,чат,доступ и пароли,1,a14,2025-01-07 11:47:21,2025-01-07 12:19:19,решено,0,
t004491,2025-03-07 07:53:00,u05206,почта,доступ и пароли,2,a15,2025-03-07 09:06:45,2025-03-07 10:03:02,решено,0,
t000499,2025-06-06 06:05:00,u02525,чат,оплата и документы,2,a05,2025-06-06 06:26:46,2025-06-06 08:04:05,решено,0,
t001739,2025-05-24 10:32:00,u00053,чат,прочее,2,a07,2025-05-24 10:45:23,2025-05-24 16:18:11,решено,1,4
t005260,2025-05-02 03:42:00,u01595,чат,доступ и пароли,2,a11,2025-05-02 04:31:40,2025-05-02 05:15:09,решено,0,
t001579,2025-05-05 02:42:00,u03881,чат,доступ и пароли,2,a09,2025-05-05 03:04:15,,в работе,0,5
t005363,05.01.2025 11:27,u01348,чат,доступ и пароли,1,a02,2025-01-05 13:00:33,2025-01-05 13:52:38,решено,0,
t003839,2025-05-20 14:49:00,u07159,чат,техническая проблема,3,a09,2025-05-20 15:46:07,2025-05-21 00:12:40,решено,0,
t002034,25.06.2025 04:21,u06197,телефон,оплата и документы,2,a01,2025-06-25 04:28:16,2025-06-25 11:10:56,решено,0,
t003546,2025-06-21 11:05:00,u00671,телефон,техническая проблема,2,a01,2025-06-21 11:25:16,2025-06-21 17:52:31,решено,0,
t001522,2025-01-07 07:55:00,u01941,чат,"",3,a08,2025-01-07 09:03:15,2025-01-07 10:37:08,решено,0,
t005443,2025-01-24 13:35:00,u08099,чат,NULL,1,a06,2025-01-24 14:54:47,2025-01-24 16:04:53,решено,0,
t003287,12.05.2025 13:52,u05940,почта,техническая проблема,2,a01,2025-05-12 14:13:39,,в работе,0,
t005032,27.02.2025 14:06,u04570,чат,техническая проблема,1,a09,2025-02-27 15:42:38,2025-02-27 19:48:42,решено,0,5
t001621,2025-06-19 09:11:00,u02473,Чат,доступ и пароли,1,a07,2025-06-19 09:58:57,2025-06-19 10:01:56,решено,0,
t002890,2025-03-04 12:10:00,u02972,телефон,расписание и посещаемость,2,a01,2025-03-04 12:19:47,2025-03-04 16:57:02,решено,0,
t004004,22.06.2025 06:10,u05745,форма,,2,a16,2025-06-22 06:59:17,2025-06-22 07:10:39,решено,0,
t001764,2025-01-22 11:10:00,u03574,чат,оплата и документы,1,a12,2025-01-22 12:08:37,2025-01-22 13:32:54,решено,0,
t000525,2025-03-11 08:24:00,u08706,чат,расписание и посещаемость,2,a15,2025-03-11 09:43:05,2025-03-11 17:55:33,решено,0,3
t001178,2025-06-14 03:51:00,u03561,форма,техническая проблема,3,a17,2025-06-14 04:20:19,2025-06-13 03:22:57,решено,0,
t001834,2025-06-02 09:49:00,u02378,чат,NULL,2,a12,2025-06-02 10:04:11,2025-06-02 13:12:31,решено,1,
t002974,26.06.2025 16:25,u04143,чат,,3,a02,2025-06-26 16:44:01,2025-06-26 19:11:10,решено,0,
t002417,2025-03-05 10:13:00,u04989,телефон,расписание и посещаемость,2,a17,2025-03-05 11:24:13,2025-03-05 15:46:18,решено,0,
t002313,2025-02-17 10:01:00,u01816,телефон,доступ и пароли,3,a07,2025-02-17 10:11:13,2025-02-17 11:03:53,решено,1,3
t003350,2025-05-15 06:17:00,u00249,почта,техническая проблема,2,a02,2025-05-15 06:44:19,2025-05-15 13:05:33,решено,0,
t002726,2025-05-13 06:20:00,u04223,телефон,доступ и пароли,1,a16,2025-05-13 06:33:21,2025-05-13 07:04:54,решено,0,
t001338,2025-05-12 04:01:00,u02007,почта,доступ и пароли,3,a07,2025-05-12 04:12:19,2025-05-12 05:06:45,решено,0,
t000697,2025-05-02 07:30:00,u00029,чат,"",1,a17,2025-05-02 07:36:25,2025-05-02 12:40:20,решено,0,
t005270,2025-04-18 09:40:00,u08029,форма,техническая проблема,1,a12,2025-04-18 10:23:04,2025-04-19 01:50:34,решено,1,
t000341,02.02.2025 02:35,u01292,чат,доступ и пароли,2,a02,2025-02-02 03:57:12,2025-02-02 05:22:06,решено,0,
t003369,2025-02-04 12:13:00,u01159,чат,расписание и посещаемость,2,a14,2025-02-04 12:25:28,2025-02-04 16:05:58,решено,0,
t002880,2025-06-07 08:39:00,u06563,чат,расписание и посещаемость,2,a06,2025-06-07 09:00:03,2025-06-07 12:15:06,решено,0,
t001915,23.02.2025 03:38,u05062,почта,техническая проблема,2,a09,2025-02-23 03:48:51,2025-02-23 21:40:18,решено,0,
t004289,2025-01-07 06:48:00,u02233,форма,прочее,1,a11,2025-01-07 07:10:55,2025-01-07 14:19:02,решено,0,5
t004758,2025-05-22 06:07:00,u01718,почта,прочее,2,a01,2025-05-22 07:01:38,2025-05-22 12:51:34,решено,0,
t003014,2025-02-04 12:27:00,u07252,почта,техническая проблема,2,a14,2025-02-04 12:30:20,2025-02-05 10:24:15,решено,0,4
t000650,18.03.2025 05:03,u08759,чат,доступ и пароли,2,a06,2025-03-18 05:21:08,2025-03-18 05:24:55,решено,0,
t003004,06.03.2025 02:49,u00539,чат,доступ и пароли,2,a12,2025-03-06 03:10:52,2025-03-06 03:14:15,решено,0,
t002577,2025-05-07 06:34:00,u01314,чат,оплата и документы,2,a15,2025-05-07 06:37:11,2025-05-07 13:03:39,решено,0,
t002812,2025-03-27 03:47:00,u06066,чат,доступ и пароли,3,a18,2025-03-27 04:47:36,2025-03-27 06:57:57,решено,0,
t000766,2025-03-23 07:24:00,u06542,телефон,доступ и пароли,3,a11,2025-03-23 08:34:18,2025-03-23 10:53:11,решено,0,
t005864,08.05.2025 12:40,u03750,почта,техническая проблема,1,a08,2025-05-08 12:54:05,2025-05-08 21:19:34,решено,0,
t002585,2025-02-02 12:26:00,u00515,Чат,доступ и пароли,2,a11,2025-02-02 14:09:00,2025-02-02 15:23:52,решено,0,4
t005081,2025-06-19 09:17:00,u03334,телефон,расписание и посещаемость,1,a06,2025-06-19 09:25:23,2025-06-19 13:38:08,решено,0,
t000506,2025-02-16 08:12:00,u04935,почта,доступ и пароли,2,a12,2025-02-16 09:48:17,2025-02-16 11:49:32,решено,0,3
t001542,2025-06-06 11:55:00,u07925,почта,техническая проблема,1,a03,2025-06-06 12:08:49,2025-06-06 23:07:21,решено,0,
t003381,2025-05-02 11:44:00,u00428,чат,расписание и посещаемость,2,a16,2025-05-02 12:48:41,2025-05-02 14:27:13,решено,0,
t002934,2025-04-20 13:12:00,u00482,чат,доступ и пароли,1,a17,2025-04-20 13:27:33,2025-04-20 13:32:23,закрыто без ответа,0,
t002283,2025-05-23 17:46:00,u00307,чат,доступ и пароли,3,a15,2025-05-23 17:57:52,2025-05-23 23:03:16,решено,0,
t001812,2025-02-27 11:15:00,u07142,чат,доступ и пароли,2,a04,2025-02-27 12:59:57,2025-02-27 14:05:44,решено,0,
t002462,2025-04-13 08:32:00,u05893,чат,оплата и документы,2,a02,2025-04-13 08:36:02,2025-04-13 11:09:17,решено,0,
t001075,25.06.2025 09:46,u08113,телефон,оплата и документы,1,a01,2025-06-25 09:56:59,2025-06-25 11:29:34,решено,0,
t001648,2025-04-20 18:37:00,u03352,форма,NULL,3,a06,2025-04-20 18:48:12,2025-04-20 20:35:16,решено,0,
t001969,18.01.2025 01:54,u08127,почта,доступ и пароли,2,a09,2025-01-18 02:57:24,2025-01-18 03:44:57,решено,0,
t001558,04.02.2025 11:32,u07533,чат,техническая проблема,3,a10,2025-02-04 11:41:14,2025-02-05 00:33:37,решено,0,
t004587,2025-03-20 17:34:00,u08114,чат,доступ и пароли,1,a15,2025-03-20 17:48:46,2025-03-20 18:26:38,решено,0,
t004723,2025-02-07 04:37:00,u02998,форма,техническая проблема,1,a08,2025-02-07 05:58:46,2025-02-07 12:59:08,решено,0,
t003590,2025-05-03 16:30:00,u01718,телефон,техническая проблема,1,a16,2025-05-03 16:55:30,2025-05-03 20:57:40,решено,0,
t004342,2025-03-14 17:17:00,u05863,чат,доступ и пароли,2,a12,2025-03-14 17:52:22,2025-03-14 18:45:40,решено,0,5
t001064,2025-05-19 06:28:00,u07258,почта,техническая проблема,1,a06,,,новое,0,
t000622,2025-01-06 16:32:00,u01034,чат,"",2,a11,2025-01-06 16:43:28,2025-01-06 22:22:58,решено,0,
t004176,05.03.2025 04:31,u00959,чат,доступ и пароли,2,a09,2025-03-05 04:47:58,2025-03-05 05:22:36,решено,0,
t001163,2025-02-01 08:12:00,u05807,форма,доступ и пароли,3,a17,2025-02-01 09:03:09,2025-02-01 09:31:18,решено,0,
t002468,22.01.2025 09:55,u00461,чат,доступ и пароли,2,a01,2025-01-22 11:01:02,2025-01-22 12:24:10,решено,0,3
t003103,2025-02-18 04:49:00,u03399,чат,доступ и пароли,2,a05,2025-02-18 05:50:50,2025-02-18 06:26:06,решено,1,
t005074,2025-01-27 09:18:00,u02719,чат,оплата и документы,2,a01,2025-01-27 10:52:44,2025-01-27 22:41:47,закрыто без ответа,0,
t004600,19.01.2025 08:21,u06565,почта,техническая проблема,1,a10,2025-01-19 08:41:08,2025-01-19 18:21:19,решено,0,
t000962,2025-05-23 04:25:00,u00720,телефон,расписание и посещаемость,1,a04,2025-05-23 04:54:47,2025-05-23 05:40:55,решено,0,
t004498,20.05.2025 12:58,u00298,почта,доступ и пароли,1,a09,2025-05-20 13:06:20,2025-05-20 13:58:18,решено,0,
t000476,2025-05-04 02:43:00,u08664,почта,техническая проблема,1,a01,2025-05-04 02:58:36,2025-05-04 13:17:34,решено,0,4
t002320,01.02.2025 02:45,u03594,чат,,1,a03,2025-02-01 03:20:44,2025-02-01 03:27:38,решено,0,5
t000958,2025-03-23 03:39:00,u01080,Чат,доступ и пароли,2,a07,2025-03-23 03:56:19,,в работе,0,
t001311,2025-01-03 08:15:00,u07150,чат,доступ и пароли,2,a11,2025-01-03 08:41:13,2025-01-03 09:04:07,решено,0,
t000260,2025-01-22 07:45:00,u00560,чат,оплата и документы,2,a07,2025-01-22 07:56:17,2025-01-22 09:15:20,решено,0,
t004504,2025-02-24 03:16:00,u01996,чат,расписание и посещаемость,2,a09,2025-02-24 04:29:50,2025-02-24 10:02:33,решено,0,
t004088,2025-04-24 18:00:00,u06685,телефон,техническая проблема,1,a06,2025-04-24 18:22:16,2025-04-24 23:59:56,решено,0,
t004548,24.04.2025 04:44,u06358,чат,техническая проблема,1,a03,2025-04-24 04:47:36,2025-04-24 19:40:48,решено,0,
t002560,2025-05-07 05:31:00,u04653,телефон,техническая проблема,2,a10,2025-05-07 05:37:30,2025-05-07 13:18:37,решено,0,5
t003870,13.06.2025 06:46,u08374,почта,оплата и документы,2,a04,2025-06-13 07:10:09,2025-06-13 09:04:14,решено,1,
t002088,18.03.2025 12:13,u04619,чат,доступ и пароли,2,a01,2025-03-18 13:31:04,2025-03-18 14:55:46,решено,1,5
t003951,2025-03-21 13:14:00,u04859,чат,доступ и пароли,1,a17,2025-03-21 13:29:41,2025-03-21 13:39:32,решено,0,
t001287,2025-06-04 05:55:00,u05766,почта,оплата и документы,2,a15,2025-06-04 06:46:34,2025-06-04 08:08:19,закрыто без ответа,0,
t004666,2025-03-12 10:31:00,u07488,чат,доступ и пароли,1,a15,2025-03-12 10:39:07,2025-03-12 11:05:40,решено,0,3
t005481,2025-02-21 08:51:00,u00741,чат,доступ и пароли,2,a05,2025-02-21 09:04:08,2025-02-21 11:28:55,решено,0,
t004619,2025-01-16 13:30:00,u00618,чат,доступ и пароли,2,a05,2025-01-16 14:40:11,2025-01-16 15:47:26,решено,1,
t002843,2025-01-24 11:24:00,u08347,почта,доступ и пароли,1,a02,2025-01-24 13:11:44,2025-01-24 13:15:49,решено,0,
t006000,06.06.2025 02:45,u00025,чат,оплата и документы,2,a05,2025-06-06 03:03:50,2025-06-06 09:49:01,решено,0,
t001068,2025-02-20 12:36:00,u06459,почта,доступ и пароли,2,a05,2025-02-20 14:08:10,2025-02-20 14:17:55,решено,0,3
t002012,2025-04-05 16:56:00,u07646,почта,техническая проблема,1,a02,2025-04-05 17:16:27,2025-04-05 23:38:22,решено,0,
t002219,03.06.2025 07:05,u00557,чат,прочее,2,a18,2025-06-03 08:00:56,2025-06-03 10:45:19,решено,0,
t005793,2025-01-13 07:30:00,u06549,почта,доступ и пароли,3,a01,2025-01-13 07:36:46,2025-01-13 08:29:25,решено,1,5
t002789,2025-01-20 11:30:00,u07000,почта,доступ и пароли,2,a03,2025-01-20 13:19:42,2025-01-20 13:26:39,решено,0,3
t000814,2025-03-19 04:50:00,u01626,почта,доступ и пароли,3,a01,2025-03-19 05:01:51,2025-03-19 06:14:00,решено,0,
t002618,2025-05-20 04:32:00,u01940,форма,доступ и пароли,1,a01,2025-05-20 04:53:24,2025-05-20 06:41:55,решено,0,4
t000435,2025-04-22 01:54:00,u08915,чат,,3,a08,2025-04-22 01:58:06,2025-04-22 05:01:59,решено,0,
t001277,2025-01-12 08:42:00,u08085,чат,техническая проблема,2,a01,2025-01-12 10:09:43,,в работе,0,4
t003446,22.04.2025 06:19,u00138,чат,прочее,1,a17,2025-04-22 07:09:31,2025-04-22 08:06:45,решено,0,
t005715,2025-03-24 04:20:00,u08513,телефон,доступ и пароли,1,a01,2025-03-24 04:25:19,2025-03-24 05:42:25,решено,0,
t002454,2025-05-19 01:09:00,u07197,почта,доступ и пароли,2,a16,2025-05-19 01:30:58,2025-05-19 02:01:13,решено,0,
t001174,2025-03-26 13:46:00,u03124,чат,доступ и пароли,2,a17,2025-03-26 14:06:56,2025-03-26 15:15:24,решено,0,
t005999,2025-03-04 08:24:00,u00010,форма,доступ и пароли,1,a06,2025-03-04 08:28:02,2025-03-04 09:38:01,решено,0,
t001790,2025-05-11 14:02:00,u07127,форма,доступ и пароли,2,a16,2025-05-11 14:17:57,,в работе,0,3
t004645,2025-02-20 04:28:00,u01292,чат,доступ и пароли,2,a01,2025-02-20 04:35:25,2025-02-20 05:26:10,решено,0,4
t005031,2025-04-23 10:19:00,u03108,чат,доступ и пароли,1,a18,2025-04-23 10:32:41,,в работе,1,
t001082,2025-03-13 05:27:00,u06597,чат,оплата и документы,2,a10,2025-03-13 06:46:43,2025-03-13 11:07:47,решено,0,
t000812,2025-05-20 11:32:00,u02368,почта,доступ и пароли,1,a09,2025-05-20 11:46:39,2025-05-20 12:40:36,решено,0,
t005387,2025-05-15 01:48:00,u02076,чат,расписание и посещаемость,3,a08,2025-05-15 01:51:25,2025-05-15 04:08:24,решено,0,
t001647,2025-06-10 07:23:00,u08162,чат,оплата и документы,1,a02,2025-06-10 07:45:30,2025-06-10 12:06:51,решено,0,
t002590,02.05.2025 02:34,u05349,чат,расписание и посещаемость,2,a06,2025-05-02 03:29:53,2025-05-02 05:15:53,решено,0,
t002935,17.02.2025 02:53,u03393,форма,оплата и документы,2,a15,2025-02-17 03:25:44,2025-02-17 05:23:47,решено,0,
t000060,2025-03-27 09:23:00,u05139,форма,расписание и посещаемость,2,a06,2025-03-27 11:04:41,2025-03-27 11:30:06,решено,0,
t004976,04.01.2025 08:32,u05814,чат,доступ и пароли,2,a01,2025-01-04 09:31:02,2025-01-04 12:25:10,решено,0,
t001305,2025-02-07 08:46:00,u02725,форма,доступ и пароли,3,a04,2025-02-07 10:36:09,2025-02-07 11:04:23,решено,0,
t005745,2025-05-06 10:47:00,u03350,почта,оплата и документы,2,a04,2025-05-06 11:14:15,,в работе,0,
t000837,06.03.2025 08:32,u07125,чат,оплата и документы,2,a04,2025-03-06 08:44:26,2025-03-06 10:30:45,решено,0,3
t005183,18.02.2025 01:53,u01167,чат,расписание и посещаемость,2,a01,2025-02-18 02:10:49,2025-02-18 05:00:19,закрыто без ответа,0,
t000793,2025-01-17 10:14:00,u05430,Чат,техническая проблема,3,a09,2025-01-17 11:21:53,2025-01-17 18:18:42,решено,0,5
t002368,06.03.2025 10:45,u01881,чат,оплата и документы,2,a02,2025-03-06 11:04:41,2025-03-06 16:42:12,решено,0,
t000571,2025-05-20 01:54:00,u07795,почта,NULL,2,a06,2025-05-20 02:19:07,2025-05-20 08:23:39,решено,0,
t000764,2025-03-14 01:18:00,u04294,чат,техническая проблема,1,a06,2025-03-14 02:55:45,2025-03-14 14:00:02,решено,0,5
t001098,2025-03-04 09:04:00,u06253,чат,техническая проблема,1,a03,2025-03-04 10:31:55,2025-03-05 06:47:44,решено,0,4
t000343,2025-05-02 05:03:00,u00630,почта,оплата и документы,2,a02,2025-05-02 05:07:04,2025-05-02 08:26:35,решено,0,
t002562,04.05.2025 12:01,u06897,почта,расписание и посещаемость,2,a01,2025-05-04 13:02:33,2025-05-04 14:26:50,решено,0,4
t001586,2025-02-02 07:16:00,u03804,форма,доступ и пароли,1,a05,2025-02-02 07:50:38,2025-02-02 08:43:28,решено,0,
t005317,02.01.2025 10:04,u04698,чат,доступ и пароли,3,a03,2025-01-02 10:28:55,2025-01-02 11:29:13,решено,0,
t004344,22.02.2025 02:48,u07244,почта,доступ и пароли,3,a11,2025-02-22 04:26:40,2025-02-22 05:48:44,решено,1,
t001114,2025-03-14 04:44:00,u03434,почта,расписание и посещаемость,2,a06,2025-03-14 04:58:36,2025-03-14 09:06:06,решено,0,4
t001596,2025-06-07 08:13:00,u04470,форма,техническая проблема,2,a12,2025-06-07 08:44:06,2025-06-07 18:03:28,решено,0,
t002595,2025-04-19 14:44:00,u02287,чат,оплата и документы,2,a04,2025-04-19 14:49:09,2025-04-19 16:50:41,решено,0,
t000716,2025-02-06 08:03:00,u04041,форма,расписание и посещаемость,2,a09,2025-02-06 08:18:41,2025-02-06 23:58:14,решено,0,2
t001344,2025-04-05 11:29:00,u04732,чат,доступ и пароли,2,a12,2025-04-05 12:15:47,2025-04-05 12:46:39,решено,1,
t001442,2025-01-27 03:49:00,u08646,чат,доступ и пароли,1,a02,2025-01-27 04:08:16,2025-01-27 05:31:49,решено,0,
t005974,24.01.2025 11:07,u03599,чат,доступ и пароли,3,a01,2025-01-24 11:11:18,2025-01-24 12:08:27,решено,0,
t000258,2025-01-02 17:03:00,u01529,чат,доступ и пароли,2,a05,2025-01-02 18:48:47,2025-01-02 21:21:01,решено,0,
t005079,2025-02-21 12:02:00,u04916,чат,доступ и пароли,2,a15,2025-02-21 13:19:39,2025-02-21 13:24:58,решено,0,
t001801,2025-06-07 13:09:00,u08037,чат,техническая проблема,2,a04,2025-06-07 13:14:19,2025-06-07 18:41:37,решено,0,
t004350,2025-04-04 13:00:00,u01196,телефон,расписание и посещаемость,2,a09,2025-04-04 13:22:37,2025-04-04 17:58:28,решено,0,
t000981,2025-03-07 07:33:00,u07124,чат,техническая проблема,2,a07,2025-03-07 07:36:20,2025-03-07 12:52:55,решено,0,4
t004732,2025-03-07 02:11:00,u00126,почта,доступ и пароли,3,a18,2025-03-07 02:27:09,2025-03-07 07:20:29,решено,0,5
t004581,12.01.2025 16:39,u02935,чат,доступ и пароли,2,a02,2025-01-12 18:23:15,2025-01-12 19:25:41,решено,0,
t002465,2025-01-02 12:51:00,u08566,почта,доступ и пароли,2,a05,2025-01-02 13:36:55,2025-01-02 14:30:26,закрыто без ответа,0,
t001578,02.02.2025 07:16,u00824,чат,доступ и пароли,2,a15,2025-02-02 07:42:11,2025-02-02 08:27:42,решено,0,
t004405,07.05.2025 09:09,u06400,чат,техническая проблема,1,a10,2025-05-07 09:43:45,2025-05-07 22:29:32,решено,0,
t005170,2025-04-09 08:44:00,u04059,чат,NULL,2,a18,2025-04-09 08:46:40,2025-04-09 10:34:28,решено,0,
t004414,2025-01-03 08:42:00,u00337,чат,оплата и документы,2,a10,2025-01-03 10:27:59,2025-01-03 21:15:30,решено,0,
t003404,02.06.2025 02:26,u05593,чат,техническая проблема,3,a01,2025-06-02 02:34:34,,в работе,0,
t005965,2025-02-12 02:09:00,u06791,чат,расписание и посещаемость,3,a02,2025-02-12 02:11:48,2025-02-12 03:31:26,решено,0,
t005094,03.06.2025 13:06,u00300,чат,оплата и документы,1,a07,2025-06-03 13:11:09,,в работе,0,
t003501,2025-03-09 10:25:00,u01685,почта,техническая проблема,1,a11,2025-03-09 11:54:53,2025-03-09 21:20:40,закрыто без ответа,0,
t003550,01.04.2025 13:48,u06877,почта,оплата и документы,3,a05,2025-04-01 14:17:06,2025-04-01 17:30:25,решено,0,
t002336,2025-02-18 16:12:00,u05451,чат,,2,a04,2025-02-18 16:23:51,2025-02-18 17:46:24,решено,0,
t001094,2025-06-26 04:44:00,u03081,чат,техническая проблема,2,a17,2025-06-26 05:12:03,2025-06-26 12:08:24,решено,0,
t002584,2025-02-08 03:03:00,u03404,телефон,прочее,2,a15,2025-02-08 03:08:45,2025-02-08 08:02:25,решено,0,5
t003814,22.06.2025 08:54,u00557,почта,техническая проблема,1,a03,2025-06-22 09:22:35,2025-06-22 13:48:45,решено,0,
t002433,01.03.2025 08:26,u05425,телефон,доступ и пароли,2,a16,2025-03-01 09:19:58,2025-03-01 09:30:21,решено,0,
t002646,2025-04-12 13:04:00,u00656,форма,техническая проблема,1,a18,2025-04-12 13:08:45,2025-04-12 19:44:36,решено,0,
t002500,18.02.2025 13:34,u05689,чат,расписание и посещаемость,3,a08,2025-02-18 13:48:04,2025-02-18 15:03:53,решено,0,
t001472,2025-05-08 15:43:00,u02991,телефон,техническая проблема,2,a17,2025-05-08 16:04:06,,в работе,0,
t002305,07.02.2025 14:00,u01167,чат,оплата и документы,2,a18,2025-02-07 14:15:51,2025-02-07 15:15:55,решено,0,5
t003744,2025-04-16 04:11:00,u08053,почта,расписание и посещаемость,2,a12,2025-04-16 04:15:36,2025-04-16 07:29:03,решено,0,3
t005174,2025-06-14 10:20:00,u03383,чат,прочее,2,a17,2025-06-14 10:40:30,2025-06-14 16:54:37,решено,0,
t004097,2025-04-23 04:02:00,u08081,форма,техническая проблема,1,a11,2025-04-23 04:03:42,2025-04-23 13:36:32,решено,0,
t004493,2025-04-03 03:35:00,u03812,почта,техническая проблема,2,a10,2025-04-03 03:46:36,2025-04-03 14:19:26,решено,0,
t000653,2025-01-13 12:48:00,u00887,чат,"",1,a05,2025-01-13 14:04:49,2025-01-14 08:09:01,решено,0,
t004188,2025-06-26 18:02:00,u03381,Чат,доступ и пароли,3,a05,2025-06-26 18:14:44,2025-06-26 18:55:26,решено,0,
t003682,26.04.2025 12:08,u01885,почта,расписание и посещаемость,2,a02,2025-04-26 12:34:12,2025-04-25 11:24:33,решено,0,
t001265,26.02.2025 09:06,u00995,чат,доступ и пароли,2,a07,2025-02-26 10:04:48,,в работе,0,5
t004316,2025-06-09 13:31:00,u01055,почта,оплата и документы,3,a18,2025-06-09 13:52:57,2025-06-10 07:12:53,решено,0,
t005667,2025-01-26 13:35:00,u01123,чат,расписание и посещаемость,1,a10,2025-01-26 15:24:30,2025-01-26 17:48:49,решено,0,
t005583,2025-02-05 07:28:00,u08675,чат,оплата и документы,2,a16,2025-02-05 07:34:28,2025-02-05 17:06:44,решено,0,
t004558,2025-04-04 03:09:00,u04622,почта,техническая проблема,3,a16,2025-04-04 04:11:10,,в работе,0,
t000966,2025-02-02 10:10:00,u04558,почта,"",2,a04,2025-02-02 11:07:04,2025-02-02 11:17:52,решено,0,
t000297,2025-01-21 03:41:00,u02772,чат,расписание и посещаемость,1,a11,2025-01-21 03:44:21,2025-01-21 10:08:37,решено,0,
t002144,2025-04-06 08:03:00,u05397,чат,оплата и документы,3,a09,2025-04-06 09:02:37,2025-04-06 09:39:40,решено,0,
t004214,23.02.2025 08:44,u07311,чат,доступ и пароли,2,a12,2025-02-23 09:04:21,2025-02-23 10:34:33,решено,0,5
t001923,03.06.2025 17:07,u02747,телефон,расписание и посещаемость,2,a15,2025-06-03 17:19:02,2025-06-03 22:40:45,решено,0,
t005843,2025-06-21 02:43:00,u03782,чат,оплата и документы,1,a06,2025-06-21 03:03:51,2025-06-21 07:49:59,решено,0,
t004392,2025-04-03 12:53:00,u02900,чат,доступ и пароли,3,a08,2025-04-03 12:56:32,2025-04-03 13:16:46,решено,0,
t005514,09.01.2025 07:12,u06478,телефон,расписание и посещаемость,1,a01,2025-01-09 07:26:43,2025-01-09 17:35:40,решено,0,
t003535,2025-05-27 03:07:00,u03794,чат,техническая проблема,3,a18,2025-05-27 03:28:28,2025-05-28 18:43:50,закрыто без ответа,0,
t002665,2025-05-04 12:34:00,u05712,чат,расписание и посещаемость,1,a12,2025-05-04 13:00:41,2025-05-04 17:51:09,решено,0,
t003498,2025-06-22 09:55:00,u08407,форма,прочее,3,a01,2025-06-22 09:57:53,2025-06-22 11:33:10,решено,0,
t000712,14.01.2025 03:52,u00930,чат,техническая проблема,2,a13,2025-01-14 05:17:44,2025-01-14 16:14:04,решено,0,
t004077,2025-04-18 11:38:00,u02068,чат,расписание и посещаемость,3,a03,2025-04-18 12:34:22,2025-04-18 17:34:17,решено,0,
t003781,03.06.2025 15:54,u08847,почта,оплата и документы,1,a09,2025-06-03 16:10:49,2025-06-03 18:22:07,решено,0,
t001553,2025-06-19 05:21:00,u01332,телефон,оплата и документы,1,a04,2025-06-19 05:29:45,2025-06-19 09:58:28,решено,0,5
t002429,2025-04-11 13:55:00,u03761,телефон,оплата и документы,2,a05,2025-04-11 14:16:04,2025-04-11 16:12:20,решено,0,
t001643,2025-05-09 03:29:00,u08288,форма,доступ и пароли,2,a10,2025-05-09 03:39:34,2025-05-09 05:20:49,решено,0,
t001103,2025-06-19 11:48:00,u00179,чат,оплата и документы,2,a16,2025-06-19 11:57:08,2025-06-19 18:03:30,решено,0,
t001855,2025-05-23 10:58:00,u08501,почта,техническая проблема,2,a16,2025-05-23 11:04:22,,в работе,0,
t003919,2025-01-17 02:44:00,u04048,почта,расписание и посещаемость,1,a01,2025-01-17 02:59:48,2025-01-17 07:28:08,решено,0,
t005745,2025-05-06 10:47:00,u03350,почта,оплата и документы,2,a04,2025-05-06 11:14:15,,в работе,0,
t005869,2025-05-05 08:27:00,u00470,чат,прочее,2,a03,2025-05-05 08:34:56,2025-05-05 14:48:27,решено,0,
t005268,2025-06-05 02:40:00,u05023,почта,оплата и документы,2,a03,2025-06-05 03:24:44,2025-06-05 06:57:40,решено,0,2
t000493,2025-01-03 14:54:00,u03742,телефон,доступ и пароли,1,a11,2025-01-03 15:10:12,2025-01-03 15:30:03,решено,0,1
t001636,04.01.2025 11:45,u01989,почта,оплата и документы,3,a05,2025-01-04 11:48:31,2025-01-04 21:53:32,решено,0,
t003487,2025-02-25 12:43:00,u02609,чат,доступ и пароли,3,a05,2025-02-25 12:58:20,2025-02-25 13:34:03,решено,0,3
t000511,2025-04-03 14:00:00,u03386,чат,расписание и посещаемость,1,a01,2025-04-03 14:08:37,2025-04-03 15:42:42,решено,0,2
t000409,04.03.2025 03:06,u03751,чат,доступ и пароли,3,a12,2025-03-04 04:49:55,2025-03-04 05:36:02,решено,0,3
t000136,2025-04-27 08:26:00,u02361,чат,оплата и документы,1,a16,2025-04-27 08:28:25,2025-04-27 10:05:56,решено,0,4
t004953,22.03.2025 10:06,u07519,чат,доступ и пароли,2,a18,2025-03-22 10:13:11,2025-03-22 10:46:29,решено,0,
t002554,2025-02-14 02:07:00,u04633,чат,NULL,2,a13,2025-02-14 03:08:11,2025-02-14 04:31:04,решено,0,2
t005955,2025-01-21 18:29:00,u03968,телефон,доступ и пароли,2,a07,2025-01-21 20:08:40,2025-01-21 21:52:32,решено,0,
t005114,2025-03-20 08:51:00,u05541,Чат,доступ и пароли,2,a11,2025-03-20 09:16:15,2025-03-20 10:07:46,решено,0,5
t001017,2025-06-25 12:56:00,u02598,почта,"",3,a04,2025-06-25 13:10:00,2025-06-25 13:34:53,решено,0,
t004588,2025-05-12 06:13:00,u07941,чат,доступ и пароли,2,a02,2025-05-12 06:33:33,2025-05-12 08:35:28,решено,0,
t000861,08.05.2025 17:09,u01020,чат,техническая проблема,1,a02,2025-05-08 17:36:08,2025-05-09 03:36:22,решено,0,
t001139,21.06.2025 13:15,u07300,почта,,2,a04,2025-06-21 13:48:00,2025-06-21 19:16:11,решено,0,
t004349,2025-05-19 08:14:00,u08500,телефон,расписание и посещаемость,1,a11,2025-05-19 08:16:55,2025-05-19 09:14:46,решено,0,
t001611,15.06.2025 03:32,u01110,чат,оплата и документы,2,a11,2025-06-15 03:40:01,2025-06-15 07:29:20,решено,0,5
t002342,2025-03-10 08:51:00,u00445,телефон,техническая проблема,1,a06,2025-03-10 09:13:07,2025-03-10 13:52:38,решено,0,
t002883,2025-01-20 04:04:00,u04472,чат,доступ и пароли,2,a08,2025-01-20 05:40:49,2025-01-20 07:04:36,решено,0,
t002311,2025-06-21 12:58:00,u06243,чат,техническая проблема,3,a17,2025-06-21 13:23:20,2025-06-21 23:57:16,решено,0,
t005029,2025-04-06 08:34:00,u07999,почта,техническая проблема,2,a18,2025-04-06 08:37:13,2025-04-06 13:49:52,решено,0,
t002369,2025-06-07 07:25:00,u02577,почта,расписание и посещаемость,2,a01,2025-06-07 08:27:09,2025-06-07 11:40:29,решено,0,5
t002955,2025-04-02 14:39:00,u05223,почта,техническая проблема,1,a12,2025-04-02 14:54:47,2025-04-03 05:29:04,решено,0,
t003156,22.05.2025 10:14,u04095,почта,расписание и посещаемость,1,a15,2025-05-22 10:57:57,2025-05-22 13:42:34,решено,0,5
t002684,2025-03-19 10:35:00,u05156,телефон,прочее,2,a08,2025-03-19 10:49:20,2025-03-20 02:21:14,решено,0,
t005746,2025-06-13 08:32:00,u06530,телефон,расписание и посещаемость,1,a05,2025-06-13 08:58:38,2025-06-13 12:08:20,решено,0,
t003518,07.05.2025 15:31,u03282,почта,"",3,a06,2025-05-07 15:59:25,2025-05-08 21:17:55,решено,0,
t003582,19.04.2025 14:46,u07791,почта,техническая проблема,3,a18,2025-04-19 15:07:32,,в работе,0,
t003183,2025-03-05 13:26:00,u07063,почта,доступ и пароли,3,a02,2025-03-05 14:58:04,2025-03-05 15:42:29,решено,0,
t002605,2025-03-23 06:22:00,u06446,почта,доступ и пароли,2,a15,2025-03-23 06:50:24,2025-03-23 07:34:09,решено,0,
t000928,2025-05-25 10:20:00,u03061,почта,техническая проблема,2,a10,2025-05-25 10:46:24,2025-05-25 17:53:47,решено,0,
t005838,20.01.2025 09:10,u07007,почта,доступ и пароли,1,a01,2025-01-20 09:24:19,2025-01-20 11:00:11,решено,0,2
t002066,2025-01-04 09:29:00,u07120,телефон,доступ и пароли,3,a05,2025-01-04 10:31:19,2025-01-04 10:57:50,решено,0,
t002610,2025-04-03 18:15:00,u00523,чат,расписание и посещаемость,3,a04,2025-04-03 19:07:31,2025-04-03 19:24:57,решено,0,
t002055,05.02.2025 12:39,u07378,почта,прочее,2,a10,2025-02-05 14:16:16,2025-02-05 15:46:37,решено,0,
t005158,2025-03-03 06:37:00,u03578,почта,доступ и пароли,1,a12,2025-03-03 06:53:02,2025-03-03 08:42:15,решено,1,
t001912,2025-06-24 18:39:00,u02683,телефон,техническая проблема,2,a04,2025-06-24 19:29:11,2025-06-25 04:18:09,решено,0,
t001066,2025-03-05 06:39:00,u06354,почта,прочее,1,a12,2025-03-05 08:29:59,2025-03-05 11:14:22,решено,0,
t002080,2025-03-04 10:04:00,u01290,чат,доступ и пароли,1,a01,2025-03-04 11:24:13,2025-03-04 11:30:19,решено,0,
t003305,2025-02-25 08:04:00,u08536,чат,оплата и документы,2,a06,2025-02-25 08:18:09,2025-02-25 12:35:16,решено,0,
t002893,2025-06-22 13:52:00,u07953,телефон,техническая проблема,1,a07,2025-06-22 14:12:27,2025-06-23 04:01:40,решено,0,
t000364,05.04.2025 09:45,u03469,телефон,прочее,2,a02,2025-04-05 10:43:08,2025-04-05 14:34:15,решено,0,
t004640,2025-01-03 03:21:00,u01138,почта,техническая проблема,1,a07,2025-01-03 03:38:58,2025-01-03 16:51:01,решено,0,
t004831,2025-06-04 05:48:00,u06913,чат,доступ и пароли,1,a02,2025-06-04 06:16:30,2025-06-04 06:25:07,решено,0,
t003045,2025-01-25 07:28:00,u08746,Чат,оплата и документы,2,a08,2025-01-25 09:06:45,2025-01-25 09:15:22,решено,0,
t005959,2025-06-23 08:30:00,u04337,почта,доступ и пароли,3,a17,2025-06-23 08:55:53,2025-06-23 11:40:56,решено,0,
t003310,2025-06-22 12:38:00,u00750,чат,техническая проблема,3,a12,2025-06-22 13:00:48,2025-06-22 20:27:42,решено,0,
t003936,2025-03-05 11:58:00,u05051,почта,доступ и пароли,2,a03,2025-03-05 13:47:31,2025-03-05 13:59:15,решено,0,
t000302,2025-05-05 12:23:00,u01208,форма,расписание и посещаемость,2,a16,2025-05-05 12:47:36,2025-05-05 17:19:08,решено,0,
t005633,2025-03-20 12:08:00,u02451,почта,доступ и пароли,1,a02,2025-03-20 12:52:40,2025-03-20 15:01:53,решено,0,3
t003008,07.06.2025 10:36,u02190,чат,расписание и посещаемость,1,a03,2025-06-07 10:47:12,2025-06-07 15:02:44,решено,0,
t002146,25.02.2025 01:10,u07008,чат,доступ и пароли,1,a03,2025-02-25 02:56:54,2025-02-25 02:57:55,решено,0,
t005392,2025-05-05 13:18:00,u01349,форма,техническая проблема,3,a15,2025-05-05 13:35:22,2025-05-04 14:06:29,решено,0,
t003567,22.04.2025 13:49,u00880,чат,"",3,a01,2025-04-22 14:09:49,2025-04-22 22:27:13,решено,0,
t003131,09.01.2025 01:31,u03422,чат,техническая проблема,3,a11,2025-01-09 02:42:51,2025-01-09 05:33:41,решено,0,
t000332,21.01.2025 06:15,u02665,почта,доступ и пароли,3,a04,2025-01-21 06:28:15,2025-01-21 07:18:14,решено,0,3
t005960,20.06.2025 15:44,u05955,чат,расписание и посещаемость,1,a15,2025-06-20 16:28:24,2025-06-20 20:24:37,решено,0,
t005313,2025-03-12 13:39:00,u07804,форма,прочее,2,a08,2025-03-12 15:05:33,2025-03-12 20:40:04,решено,0,
t005377,2025-06-17 09:31:00,u08185,чат,оплата и документы,2,a02,2025-06-17 10:25:30,2025-06-17 13:44:04,решено,0,
t001927,01.01.2025 02:09,u06573,телефон,доступ и пароли,3,a07,2025-01-01 02:33:13,2025-01-01 03:02:59,решено,0,3
t001952,2025-03-14 12:14:00,u07360,форма,доступ и пароли,3,a03,2025-03-14 13:29:28,2025-03-14 13:29:46,решено,0,3
t004163,24.06.2025 04:51,u02651,чат,доступ и пароли,1,a07,2025-06-24 05:42:18,2025-06-24 06:23:18,решено,0,
t003931,2025-04-05 05:22:00,u08391,телефон,техническая проблема,2,a12,2025-04-05 05:41:11,2025-04-05 10:50:31,решено,0,
t003113,08.01.2025 13:09,u01495,чат,NULL,1,a10,2025-01-08 13:28:03,2025-01-08 16:47:07,решено,0,4
t002074,2025-04-07 15:43:00,u02068,почта,оплата и документы,2,a10,2025-04-07 15:58:02,2025-04-07 20:16:24,закрыто без ответа,0,
t001634,2025-04-04 05:54:00,u08821,почта,оплата и документы,1,a05,2025-04-04 05:58:54,2025-04-04 09:38:57,решено,0,
t003194,03.05.2025 04:34,u07018,телефон,оплата и документы,3,a08,2025-05-03 05:09:31,2025-05-03 07:21:44,решено,0,5
t000058,2025-06-05 03:59:00,u04289,почта,доступ и пароли,2,a18,2025-06-05 04:04:16,2025-06-05 04:51:30,решено,0,
t004957,2025-01-07 10:15:00,u03930,чат,доступ и пароли,1,a04,2025-01-07 10:34:37,2025-01-07 11:02:07,решено,0,
t005981,2025-01-24 06:53:00,u01909,чат,доступ и пароли,3,a14,2025-01-24 08:09:31,2025-01-24 08:19:49,решено,0,
t002970,17.02.2025 13:50,u02224,чат,доступ и пароли,2,a12,2025-02-17 14:33:26,2025-02-17 15:47:06,решено,0,5
t004341,2025-05-24 04:19:00,u06092,чат,доступ и пароли,2,a10,2025-05-24 04:26:58,2025-05-24 05:05:55,решено,1,
t001271,2025-01-21 03:20:00,u05345,чат,оплата и документы,1,a05,2025-01-21 03:24:23,2025-01-21 06:34:56,решено,0,
t000590,2025-04-25 13:59:00,u08971,чат,оплата и документы,2,a01,2025-04-25 14:40:23,2025-04-25 17:00:30,решено,1,
t000533,02.02.2025 12:16,u05265,почта,доступ и пароли,1,a02,2025-02-02 12:41:43,2025-02-02 13:31:11,решено,0,
t002366,2025-01-12 09:35:00,u01268,чат,расписание и посещаемость,2,a13,,,новое,0,
t002426,2025-03-11 01:58:00,u08445,почта,доступ и пароли,2,a15,2025-03-11 02:12:53,2025-03-11 02:48:38,решено,0,
t003980,2025-06-07 11:13:00,u01058,форма,техническая проблема,1,a08,2025-06-07 11:43:05,2025-06-07 17:32:51,решено,0,3
t004382,2025-04-17 10:29:00,u08377,чат,техническая проблема,1,a08,2025-04-17 10:46:56,2025-04-17 17:09:19,решено,0,
t000530,2025-05-25 13:57:00,u04076,телефон,прочее,2,a03,2025-05-25 14:00:44,2025-05-25 18:30:25,решено,0,
t004864,2025-04-14 10:11:00,u00521,почта,техническая проблема,1,a09,2025-04-14 10:42:43,2025-04-14 16:38:15,решено,0,5
t005522,2025-04-04 10:57:00,u06060,телефон,техническая проблема,1,a02,2025-04-04 11:12:09,2025-04-04 17:33:22,решено,0,
t005428,22.02.2025 05:11,u07691,почта,техническая проблема,3,a02,2025-02-22 05:47:08,2025-02-21 05:07:44,решено,0,1
t002004,2025-05-21 06:36:00,u00286,чат,"",2,a11,2025-05-21 07:25:39,2025-05-21 08:11:42,решено,1,
t003026,2025-04-07 09:59:00,u05561,телефон,прочее,2,a12,2025-04-07 10:17:20,2025-04-07 14:39:48,решено,0,
t002045,07.01.2025 10:51,u08645,чат,техническая проблема,1,a12,2025-01-07 11:06:15,2025-01-07 15:41:27,решено,0,
t001173,2025-01-20 03:48:00,u08405,чат,доступ и пароли,1,a11,2025-01-20 05:05:36,2025-01-20 05:07:03,решено,1,
t001745,2025-03-05 09:10:00,u04376,почта,доступ и пароли,2,a03,2025-03-05 10:11:28,2025-03-05 10:25:52,решено,0,
t003649,2025-03-24 04:05:00,u04894,форма,доступ и пароли,1,a06,2025-03-24 04:23:36,2025-03-24 05:53:32,решено,0,
t004472,2025-02-04 07:18:00,u08931,чат,доступ и пароли,2,a03,2025-02-04 07:23:26,2025-02-04 10:17:58,решено,0,1
t004273,2025-04-25 14:04:00,u01306,чат,техническая проблема,1,a16,2025-04-25 14:18:31,2025-04-25 19:34:59,решено,0,
t003007,15.06.2025 07:53,u04434,форма,техническая проблема,1,a07,2025-06-15 07:55:34,2025-06-15 13:20:23,решено,1,
t003059,19.03.2025 09:00,u05257,чат,доступ и пароли,3,a18,2025-03-19 09:18:15,2025-03-19 09:45:50,решено,0,4
t004094,2025-01-16 13:28:00,u00521,чат,оплата и документы,1,a11,2025-01-16 14:35:27,2025-01-16 18:27:56,решено,1,
t001929,07.04.2025 09:16,u02068,почта,расписание и посещаемость,2,a16,2025-04-07 09:29:49,2025-04-07 15:28:09,решено,0,
t001609,2025-05-23 03:31:00,u05103,чат,оплата и документы,3,a05,2025-05-23 03:48:04,2025-05-23 08:10:23,решено,0,
t004215,2025-04-01 05:47:00,u02967,почта,техническая проблема,3,a01,2025-04-01 05:57:58,2025-04-01 09:37:22,решено,0,
t005733,2025-04-12 08:39:00,u06608,чат,расписание и посещаемость,2,a12,2025-04-12 08:46:57,2025-04-12 09:47:55,решено,0,
t001656,24.02.2025 13:24,u08733,форма,техническая проблема,1,a10,2025-02-24 13:28:25,2025-02-25 12:40:56,решено,0,
t005957,2025-06-02 10:36:00,u06274,чат,доступ и пароли,3,a16,2025-06-02 10:44:22,2025-06-02 12:43:46,решено,0,
t003788,2025-05-13 02:46:00,u02226,чат,NULL,3,a17,2025-05-13 02:54:55,2025-05-13 04:27:01,решено,0,
t001141,2025-06-05 12:53:00,u02250,чат,техническая проблема,3,a04,2025-06-05 13:18:41,2025-06-05 16:48:28,решено,0,
t004269,2025-01-06 10:30:00,u01520,чат,техническая проблема,1,a05,2025-01-06 12:05:39,2025-01-06 21:46:36,решено,0,
t004810,2025-03-26 01:09:00,u06913,чат,доступ и пароли,1,a05,2025-03-26 02:58:18,2025-03-26 03:49:16,решено,0,
t003044,2025-06-06 06:48:00,u06475,чат,расписание и посещаемость,2,a02,2025-06-06 07:01:01,2025-06-06 08:10:56,решено,0,
t005768,06.04.2025 06:00,u08915,форма,техническая проблема,2,a11,2025-04-06 06:16:48,2025-04-06 11:56:03,решено,0,
t002764,01.06.2025 04:16,u00841,почта,техническая проблема,1,a10,2025-06-01 05:05:11,2025-06-01 07:33:33,решено,0,
t003940,2025-03-14 03:37:00,u03434,чат,доступ и пароли,2,a04,2025-03-14 03:43:29,2025-03-14 04:13:09,решено,0,4
t005783,2025-05-09 13:03:00,u01004,чат,техническая проблема,1,a06,2025-05-09 13:07:44,2025-05-09 22:19:08,решено,0,
t003890,2025-06-01 05:54:00,u01563,чат,расписание и посещаемость,2,a10,2025-06-01 06:54:15,2025-05-31 05:02:50,решено,0,2
t000044,2025-04-02 01:10:00,u04113,чат,доступ и пароли,2,a04,2025-04-02 01:20:29,,в работе,0,
t005285,2025-03-20 03:08:00,u05087,почта,доступ и пароли,2,a09,2025-03-20 04:25:25,2025-03-20 06:26:02,решено,1,2
t001191,2025-02-07 14:05:00,u01121,чат,доступ и пароли,2,a01,2025-02-07 15:42:09,2025-02-07 16:17:18,решено,0,
t004693,2025-03-10 03:46:00,u02253,чат,доступ и пароли,3,a01,2025-03-10 05:09:27,2025-03-10 05:49:45,решено,0,3
t005243,2025-02-15 11:20:00,u02476,почта,оплата и документы,2,a18,2025-02-15 12:59:54,2025-02-15 16:30:33,решено,0,3
t003346,2025-04-11 10:44:00,u00598,чат,оплата и документы,2,a11,2025-04-11 11:38:57,2025-04-11 13:28:19,решено,0,5
t003642,04.01.2025 08:01,u08092,почта,NULL,1,a02,2025-01-04 08:05:26,2025-01-05 00:33:12,решено,0,4
t001520,2025-05-20 02:50:00,u05176,чат,оплата и документы,2,a18,2025-05-20 03:23:05,2025-05-20 05:55:42,решено,0,5
t005527,2025-03-05 06:27:00,u07149,чат,доступ и пароли,2,a06,2025-03-05 06:30:41,2025-03-05 08:40:26,решено,0,
t005283,2025-04-18 01:53:00,u07975,чат,расписание и посещаемость,3,a02,2025-04-18 02:28:14,2025-04-18 10:19:30,решено,0,
t005282,2025-02-05 19:35:00,u06119,чат,доступ и пароли,2,a01,2025-02-05 19:49:11,2025-02-05 20:37:11,решено,0,4
t005724,2025-05-05 03:35:00,u07944,чат,"",1,a05,2025-05-05 03:54:06,2025-05-05 11:31:02,решено,0,
t005489,2025-06-12 08:11:00,u01634,телефон,оплата и документы,1,a18,2025-06-12 08:52:19,2025-06-12 09:56:07,решено,0,
t001612,2025-06-04 10:30:00,u06243,почта,техническая проблема,2,a02,,,новое,0,
t002421,2025-06-02 11:18:00,u00382,чат,оплата и документы,3,a01,2025-06-02 11:29:44,2025-06-02 15:41:08,решено,1,
t003687,2025-06-19 15:24:00,u03129,почта,доступ и пароли,2,a10,2025-06-19 15:55:15,2025-06-19 16:17:51,решено,0,
t000864,2025-06-19 11:13:00,u06270,почта,техническая проблема,2,a12,2025-06-19 11:14:11,2025-06-18 11:13:37,решено,0,
t001162,07.01.2025 18:14,u01247,чат,доступ и пароли,2,a03,2025-01-07 19:52:08,2025-01-07 20:10:12,решено,0,
t004648,06.04.2025 12:20,u04770,чат,оплата и документы,2,a12,2025-04-06 12:47:35,2025-04-06 18:10:27,решено,0,
t005602,18.05.2025 16:50,u08116,чат,техническая проблема,1,a01,2025-05-18 17:25:15,2025-05-19 11:01:06,решено,0,
t000456,2025-03-27 07:47:00,u02391,форма,доступ и пароли,1,a10,2025-03-27 09:28:07,2025-03-27 10:42:54,решено,0,
t003142,15.02.2025 12:48,u05272,чат,доступ и пароли,2,a18,2025-02-15 14:33:10,2025-02-15 17:48:49,решено,0,4
t002458,05.01.2025 04:42,u00237,чат,доступ и пароли,2,a01,2025-01-05 05:56:46,2025-01-05 06:28:41,решено,0,
t004159,20.01.2025 07:47,u07270,чат,доступ и пароли,3,a03,2025-01-20 08:56:58,2025-01-20 09:30:56,решено,0,
t000848,2025-05-24 08:47:00,u05806,чат,техническая проблема,1,a03,2025-05-24 08:59:41,2025-05-24 20:42:12,решено,0,3
t000915,2025-06-12 03:40:00,u01634,чат,техническая проблема,2,a11,2025-06-12 04:44:45,,в работе,0,
t003064,18.04.2025 04:31,u02005,почта,техническая проблема,3,a03,2025-04-18 04:43:21,2025-04-18 08:26:16,решено,0,
t002884,02.06.2025 11:15,u06340,чат,,2,a06,2025-06-02 11:18:54,2025-06-02 13:21:25,решено,0,
t003494,2025-03-07 10:49:00,u07634,Чат,доступ и пароли,1,a03,2025-03-07 12:27:19,2025-03-07 13:04:05,решено,0,
t002169,03.04.2025 12:11,u05993,телефон,оплата и документы,2,a01,2025-04-03 12:26:24,2025-04-03 15:24:51,решено,0,
t001885,2025-04-24 13:47:00,u02143,почта,доступ и пароли,3,a07,2025-04-24 14:03:07,2025-04-24 14:33:11,решено,0,
t001468,09.02.2025 18:09,u00823,телефон,доступ и пароли,2,a15,2025-02-09 19:52:52,,в работе,0,5
t002235,2025-05-24 04:53:00,u01819,чат,доступ и пароли,2,a10,2025-05-24 05:54:05,2025-05-24 06:28:57,решено,0,
t004295,2025-05-06 13:39:00,u03011,почта,оплата и документы,2,a12,2025-05-06 14:41:48,2025-05-06 19:59:20,решено,0,
t003551,2025-02-18 07:57:00,u01478,Чат,расписание и посещаемость,3,a08,2025-02-18 09:24:43,2025-02-18 12:22:20,решено,0,5
t001278,2025-03-09 03:28:00,u04336,чат,оплата и документы,1,a17,2025-03-09 03:48:58,2025-03-09 12:18:01,решено,0,5
t005729,2025-06-03 11:31:00,u00364,чат,техническая проблема,1,a07,2025-06-03 12:31:44,2025-06-03 18:58:03,решено,1,
t002006,2025-04-02 09:30:00,u03450,чат,оплата и документы,2,a01,2025-04-02 09:38:58,2025-04-02 11:33:43,решено,0,
t002095,2025-01-21 05:39:00,u02404,чат,доступ и пароли,2,a06,2025-01-21 07:06:39,2025-01-21 07:12:09,решено,1,
t003881,06.02.2025 06:34,u07311,чат,доступ и пароли,3,a07,2025-02-06 06:59:50,2025-02-06 08:00:22,решено,0,5
t002480,2025-04-07 10:49:00,u02340,форма,техническая проблема,1,a07,2025-04-07 11:42:24,2025-04-07 18:51:00,решено,0,
t001375,2025-03-02 03:44:00,u07750,почта,расписание и посещаемость,1,a06,2025-03-02 05:26:40,2025-03-02 07:31:43,решено,0,3
t005912,2025-05-21 02:49:00,u00707,почта,оплата и документы,3,a04,2025-05-21 02:58:11,2025-05-21 12:16:55,решено,0,
t004041,2025-04-08 05:49:00,u02437,телефон,доступ и пароли,2,a07,2025-04-08 06:18:20,2025-04-08 06:42:20,решено,0,
t005702,22.01.2025 07:14,u04142,чат,расписание и посещаемость,2,a12,2025-01-22 08:33:30,2025-01-22 11:20:53,решено,0,
t000149,01.01.2025 03:27,u07245,форма,доступ и пароли,1,a02,2025-01-01 04:34:07,2025-01-01 04:54:27,решено,0,
t005473,2025-04-19 06:58:00,u02946,чат,оплата и документы,2,a01,2025-04-19 07:06:51,,в работе,0,
t003943,2025-05-02 11:41:00,u06414,почта,оплата и документы,2,a02,2025-05-02 11:55:56,2025-05-02 12:57:24,решено,0,
t001936,19.01.2025 01:03,u08000,почта,доступ и пароли,2,a07,2025-01-19 02:54:01,2025-01-19 03:22:27,решено,0,5
t002295,2025-02-05 12:01:00,u05145,чат,расписание и посещаемость,3,a05,2025-02-05 12:04:53,2025-02-05 15:02:30,решено,0,
t000286,2025-05-05 04:03:00,u04251,чат,NULL,1,a04,2025-05-05 04:11:49,2025-05-05 05:46:23,решено,0,
t004450,2025-02-27 09:05:00,u07254,чат,прочее,2,a09,2025-02-27 10:16:42,2025-02-27 18:49:55,решено,1,5
t001389,18.02.2025 12:02,u00807,чат,расписание и посещаемость,2,a04,2025-02-18 12:30:33,2025-02-18 17:40:27,решено,0,3
t001317,2025-05-14 01:29:00,u05537,телефон,оплата и документы,2,a03,2025-05-14 01:42:56,2025-05-14 10:59:05,решено,0,
t003205,20.02.2025 11:59,u01121,чат,доступ и пароли,2,a18,2025-02-20 13:40:29,2025-02-20 14:02:43,решено,0,
t001440,2025-05-02 07:53:00,u00428,почта,оплата и документы,1,a17,2025-05-02 08:04:04,2025-05-02 14:16:23,решено,0,
t003477,2025-03-19 20:03:00,u07125,телефон,техническая проблема,2,a16,2025-03-19 20:58:29,2025-03-20 00:12:16,решено,0,
t000404,2025-05-06 07:47:00,u08338,чат,расписание и посещаемость,2,a05,2025-05-06 07:50:35,2025-05-06 10:21:41,решено,0,
t003466,2025-02-15 06:56:00,u02622,почта,техническая проблема,1,a13,2025-02-15 07:09:00,2025-02-16 03:13:37,решено,0,
t001954,20.04.2025 10:54,u07504,почта,оплата и документы,2,a08,2025-04-20 11:14:18,2025-04-20 13:38:15,решено,0,
t003761,05.01.2025 13:09,u00242,чат,прочее,2,a04,,,новое,0,
t004076,14.04.2025 08:11,u08194,чат,доступ и пароли,3,a11,2025-04-14 08:42:55,2025-04-14 09:41:40,решено,0,3
t003954,2025-06-07 07:40:00,u04710,чат,оплата и документы,3,a07,2025-06-07 07:47:01,2025-06-07 16:36:00,решено,0,
t005727,2025-01-02 06:14:00,u07908,чат,техническая проблема,3,a05,2025-01-02 07:58:34,2025-01-02 23:25:07,решено,0,
t005395,20.06.2025 13:09,u05866,почта,техническая проблема,1,a04,2025-06-20 13:13:11,2025-06-21 03:44:07,решено,1,
t001372,04.05.2025 15:45,u01542,телефон,доступ и пароли,2,a17,2025-05-04 15:55:12,,в работе,0,
t002173,2025-06-02 14:10:00,u06341,почта,оплата и документы,3,a18,2025-06-02 14:19:00,2025-06-02 17:22:46,решено,0,
t000411,2025-04-02 10:14:00,u05794,форма,техническая проблема,2,a04,2025-04-02 10:25:43,2025-04-02 14:54:33,решено,0,
t000876,2025-06-02 04:05:00,u04936,чат,оплата и документы,3,a02,2025-06-02 04:30:59,2025-06-02 06:01:48,решено,0,
t004713,2025-02-09 10:42:00,u07586,чат,оплата и документы,2,a01,2025-02-09 11:02:32,2025-02-09 16:56:58,решено,0,4
t000194,2025-05-21 01:58:00,u01074,чат,расписание и посещаемость,2,a10,2025-05-21 02:14:35,,в работе,0,
t000312,2025-05-12 02:37:00,u07296,почта,прочее,2,a11,2025-05-12 03:25:16,2025-05-12 09:02:47,решено,0,5
t002587,2025-05-27 10:51:00,u07403,чат,оплата и документы,1,a02,2025-05-27 11:08:41,2025-05-27 14:59:02,решено,0,5
t005089,2025-05-02 13:36:00,u05676,почта,оплата и документы,3,a05,2025-05-02 14:05:08,2025-05-02 16:11:19,решено,0,
t001699,24.04.2025 11:38,u07448,телефон,оплата и документы,2,a17,2025-04-24 11:40:48,2025-04-24 19:32:07,решено,0,
t000699,2025-03-03 12:19:00,u03267,почта,доступ и пароли,2,a04,2025-03-03 14:05:43,2025-03-03 14:12:02,решено,0,3
t000595,2025-03-07 13:38:00,u03700,чат,доступ и пароли,3,a08,2025-03-07 14:46:09,2025-03-07 16:49:22,решено,0,4
t002025,2025-05-04 18:14:00,u01637,форма,расписание и посещаемость,2,a17,2025-05-04 18:19:35,2025-05-04 22:08:37,решено,0,
t001700,2025-04-21 06:16:00,u03679,чат,расписание и посещаемость,2,a02,2025-04-21 06:23:47,,в работе,0,
t004134,2025-06-22 10:36:00,u07806,чат,NULL,3,a16,2025-06-22 11:13:56,2025-06-22 11:45:47,решено,0,
t005744,2025-02-27 01:16:00,u07680,телефон,доступ и пароли,2,a04,2025-02-27 01:37:52,2025-02-27 01:50:05,решено,0,5
t004407,2025-05-20 13:45:00,u07372,почта,доступ и пароли,2,a15,2025-05-20 13:46:39,2025-05-20 14:19:41,решено,0,
t001419,26.06.2025 10:21,u08591,чат,техническая проблема,2,a17,2025-06-26 10:33:41,2025-06-27 02:29:55,решено,0,
t000140,2025-06-07 13:48:00,u00338,почта,оплата и документы,2,a07,2025-06-07 14:15:17,2025-06-07 15:36:06,решено,0,
t001065,24.02.2025 13:34,u02678,почта,доступ и пароли,2,a06,2025-02-24 15:01:11,2025-02-24 21:51:11,решено,0,
t001060,2025-03-19 01:07:00,u06966,почта,доступ и пароли,2,a04,2025-03-19 02:31:18,2025-03-19 02:52:21,решено,0,
t000580,2025-04-03 09:11:00,u04553,почта,техническая проблема,1,a09,2025-04-03 10:14:43,2025-04-03 20:52:55,решено,0,
t000279,2025-05-03 04:40:00,u08048,чат,доступ и пароли,3,a09,2025-05-03 04:44:04,2025-05-03 05:18:13,решено,0,
t004919,2025-06-23 15:31:00,u03147,почта,,1,a09,2025-06-23 16:34:45,2025-06-23 20:49:53,решено,0,4
t002839,2025-05-20 08:36:00,u06051,телефон,расписание и посещаемость,2,a06,2025-05-20 08:59:34,2025-05-20 10:28:47,решено,0,
t001390,2025-04-06 19:39:00,u03856,форма,расписание и посещаемость,3,a07,2025-04-06 19:54:59,,в работе,0,
t003493,23.06.2025 06:55,u08266,почта,техническая проблема,1,a15,2025-06-23 07:35:08,2025-06-23 21:40:16,решено,0,
t003232,2025-05-06 14:00:00,u01220,чат,оплата и документы,3,a07,2025-05-06 14:17:34,2025-05-06 17:04:52,решено,0,
t002517,2025-03-06 08:10:00,u03184,почта,оплата и документы,3,a10,,,новое,0,
t004578,20.04.2025 08:01,u06315,почта,оплата и документы,1,a03,2025-04-20 08:10:21,2025-04-21 03:56:26,решено,0,
t005262,2025-05-27 09:43:00,u04520,чат,техническая проблема,3,a03,2025-05-27 10:07:46,2025-05-27 20:04:42,решено,0,
t004584,2025-06-20 04:30:00,u06028,чат,оплата и документы,2,a02,2025-06-20 04:53:25,2025-06-20 08:19:39,решено,0,
t002052,21.01.2025 11:22,u04077,почта,доступ и пароли,2,a05,2025-01-21 11:44:34,2025-01-21 12:13:56,решено,0,
t004808,2025-03-02 10:48:00,u08202,телефон,доступ и пароли,1,a02,2025-03-02 11:16:51,2025-03-02 11:39:08,решено,0,5
t004635,2025-02-03 08:15:00,u06679,чат,расписание и посещаемость,1,a03,2025-02-03 09:54:37,2025-02-03 12:33:23,решено,0,5
t001708,03.01.2025 17:27,u01146,чат,доступ и пароли,2,a06,2025-01-03 17:46:51,2025-01-03 18:32:14,решено,0,4
t003937,23.04.2025 14:00,u03168,чат,оплата и документы,1,a01,2025-04-23 14:11:19,2025-04-23 14:38:12,решено,0,
t002963,2025-04-18 17:37:00,u02900,чат,техническая проблема,1,a16,2025-04-18 17:46:57,2025-04-18 22:28:38,решено,0,
t001550,2025-02-06 01:23:00,u08838,телефон,прочее,1,a10,2025-02-06 01:39:29,2025-02-06 07:22:50,решено,0,3
t000485,04.03.2025 03:13,u01452,чат,доступ и пароли,3,a12,2025-03-04 04:31:42,2025-03-04 04:40:49,решено,1,4
t003075,23.04.2025 01:45,u06567,почта,прочее,1,a08,2025-04-23 01:50:46,2025-04-23 05:43:06,решено,0,
t003151,2025-05-23 09:17:00,u01255,чат,доступ и пароли,2,a03,2025-05-23 09:30:32,2025-05-23 11:01:39,решено,0,5
t004337,2025-03-24 09:09:00,u08513,Чат,доступ и пароли,2,a05,2025-03-24 10:43:26,2025-03-24 12:11:28,решено,0,
t003666,2025-03-22 06:56:00,u05618,почта,доступ и пароли,2,a03,2025-03-22 07:01:05,2025-03-22 09:53:58,решено,0,
t001714,2025-05-21 09:08:00,u05203,чат,расписание и посещаемость,2,a05,2025-05-21 09:58:51,2025-05-21 11:33:09,решено,0,
t002431,2025-02-04 08:39:00,u06931,почта,оплата и документы,1,a17,2025-02-04 08:48:02,2025-02-03 09:27:34,решено,1,2
t001743,2025-06-18 16:17:00,u06488,почта,оплата и документы,2,a03,2025-06-18 16:45:56,2025-06-18 22:19:11,решено,0,
t004339,23.01.2025 11:29,u06105,форма,доступ и пароли,3,a06,2025-01-23 12:06:22,2025-01-23 15:02:51,решено,0,
t004763,2025-02-07 11:25:00,u04682,чат,доступ и пароли,3,a05,2025-02-07 12:15:03,2025-02-07 13:12:28,решено,0,3
t002422,2025-01-02 01:24:00,u00212,Чат,расписание и посещаемость,3,a04,2025-01-02 01:30:36,2025-01-02 08:09:44,решено,1,
t000011,2025-02-12 09:03:00,u07145,форма,доступ и пароли,1,a16,2025-02-12 10:33:26,2025-02-12 11:11:14,решено,1,
t002650,2025-05-20 20:17:00,u07372,чат,оплата и документы,2,a11,2025-05-20 20:24:34,,в работе,0,
t004520,2025-06-19 05:58:00,u02915,чат,оплата и документы,1,a06,2025-06-19 06:18:07,2025-06-19 09:43:19,решено,0,
t000893,2025-06-02 01:25:00,u00399,почта,оплата и документы,3,a17,2025-06-02 01:57:02,2025-06-02 05:48:37,закрыто без ответа,0,
t003143,06.05.2025 11:04,u01847,телефон,доступ и пароли,3,a12,2025-05-06 11:42:58,2025-05-06 12:49:08,решено,0,
t005931,2025-06-04 12:36:00,u03362,чат,расписание и посещаемость,2,a17,2025-06-04 13:22:19,,в работе,0,
t004404,2025-02-02 14:42:00,u07785,чат,доступ и пароли,2,a06,2025-02-02 16:33:01,2025-02-02 16:56:26,решено,0,
t001019,2025-06-05 12:43:00,u08238,почта,доступ и пароли,1,a15,2025-06-05 13:01:00,2025-06-05 14:07:39,решено,0,
t003953,2025-04-06 10:33:00,u04176,телефон,доступ и пароли,3,a02,2025-04-06 11:22:01,2025-04-06 12:33:28,решено,0,
t000744,2025-04-17 05:26:00,u07317,чат,расписание и посещаемость,2,a11,2025-04-17 05:36:48,2025-04-17 10:27:26,закрыто без ответа,0,
t004008,2025-05-08 11:15:00,u00259,чат,"",3,a15,2025-05-08 11:16:11,2025-05-08 16:04:12,решено,0,
t005867,2025-02-14 08:01:00,u05370,Чат,оплата и документы,2,a17,2025-02-14 09:12:47,2025-02-14 15:30:37,решено,0,4
t004333,2025-02-22 04:49:00,u06250,Чат,доступ и пароли,2,a14,2025-02-22 06:17:42,2025-02-22 06:32:20,решено,0,
t002016,2025-05-03 16:06:00,u01813,чат,прочее,1,a17,2025-05-03 16:34:21,2025-05-03 20:29:02,решено,0,
t000987,02.02.2025 06:41,u02663,телефон,доступ и пароли,2,a03,2025-02-02 07:12:19,2025-02-02 08:18:51,решено,0,3
t004189,2025-02-15 10:26:00,u01066,форма,прочее,2,a06,2025-02-15 10:44:38,2025-02-16 06:46:32,решено,0,
t004042,2025-03-09 06:59:00,u03842,чат,доступ и пароли,2,a11,2025-03-09 07:26:07,2025-03-09 07:59:26,решено,0,
t002352,2025-03-02 13:51:00,u04541,чат,доступ и пароли,3,a05,2025-03-02 14:19:03,,в работе,1,5
t005541,2025-04-15 06:12:00,u05138,почта,оплата и документы,1,a17,2025-04-15 06:21:50,2025-04-15 13:00:43,решено,0,
t000894,16.02.2025 13:07,u03556,чат,прочее,2,a12,2025-02-16 13:35:17,2025-02-16 14:35:37,решено,0,
t004429,07.06.2025 07:19,u08390,форма,техническая проблема,3,a12,2025-06-07 07:24:26,2025-06-06 07:07:30,решено,0,
t002234,01.04.2025 12:46,u08541,телефон,прочее,2,a07,2025-04-01 12:50:07,2025-04-01 18:03:19,решено,0,
t003950,2025-01-09 05:31:00,u07832,чат,доступ и пароли,2,a14,2025-01-09 06:37:54,2025-01-09 06:41:39,решено,0,
t002117,19.06.2025 03:46,u07475,почта,,1,a18,2025-06-19 03:49:48,2025-06-19 05:20:04,решено,0,
t001981,2025-01-22 08:27:00,u07306,чат,прочее,2,a06,2025-01-22 08:33:50,2025-01-21 09:07:55,решено,0,5
t002445,07.01.2025 01:37,u03032,чат,доступ и пароли,1,a13,2025-01-07 01:49:26,2025-01-07 02:31:58,решено,0,5
t005123,22.06.2025 10:33,u00231,чат,оплата и документы,2,a03,2025-06-22 10:53:29,2025-06-22 12:32:44,решено,0,
t005526,2025-04-18 02:18:00,u02944,почта,доступ и пароли,1,a15,2025-04-18 02:33:56,2025-04-17 01:49:09,решено,0,
t004795,05.01.2025 03:26,u08040,форма,доступ и пароли,2,a03,2025-01-05 04:51:28,2025-01-05 07:46:26,решено,0,
t002557,2025-06-25 05:38:00,u08186,почта,оплата и документы,3,a07,2025-06-25 05:51:58,2025-06-25 09:58:38,решено,1,4
t001168,2025-04-07 01:18:00,u07742,телефон,техническая проблема,3,a12,2025-04-07 01:29:51,2025-04-07 05:22:36,решено,0,5
t005408,2025-01-19 11:44:00,u07693,чат,доступ и пароли,3,a05,2025-01-19 11:53:43,2025-01-19 13:56:48,решено,0,
t002196,2025-05-07 13:31:00,u04900,форма,техническая проблема,1,a01,2025-05-07 14:07:47,2025-05-07 20:30:59,решено,0,
t004116,18.02.2025 03:17,u00526,почта,доступ и пароли,2,a05,2025-02-18 04:13:12,2025-02-18 04:46:27,решено,0,
t001750,2025-01-04 09:57:00,u00561,телефон,расписание и посещаемость,3,a11,2025-01-04 11:06:30,2025-01-04 13:26:09,решено,0,5
t001777,2025-03-01 01:45:00,u08955,почта,техническая проблема,1,a12,2025-03-01 01:52:38,2025-03-01 20:15:13,решено,0,
t000106,2025-04-23 10:25:00,u07742,почта,прочее,2,a11,2025-04-23 11:07:54,2025-04-23 13:47:49,решено,0,
t001519,2025-03-02 05:40:00,u00054,почта,техническая проблема,1,a09,2025-03-02 05:59:58,2025-03-02 13:31:25,решено,1,
t001554,2025-06-04 09:03:00,u06507,почта,техническая проблема,1,a09,2025-06-04 09:13:19,2025-06-04 19:50:40,решено,0,
t001080,2025-01-12 11:18:00,u02935,почта,доступ и пароли,2,a06,2025-01-12 11:47:24,2025-01-12 12:06:04,решено,0,
t001447,13.06.2025 09:57,u00098,форма,"",1,a15,2025-06-13 10:59:44,2025-06-14 05:38:12,решено,1,
t003851,14.06.2025 07:31,u02823,почта,прочее,2,a16,2025-06-14 08:02:13,,в работе,0,
t004822,2025-04-02 08:33:00,u04113,чат,доступ и пароли,1,a15,2025-04-02 09:02:36,2025-04-02 11:53:50,закрыто без ответа,0,
t002221,2025-01-21 12:16:00,u08294,чат,прочее,3,a02,2025-01-21 12:18:32,2025-01-21 16:03:04,решено,0,5
t002805,19.05.2025 10:03,u05925,почта,доступ и пароли,3,a12,2025-05-19 11:04:47,2025-05-19 12:32:50,решено,0,
t004330,2025-06-10 21:38:00,u04206,телефон,техническая проблема,2,a04,,,новое,0,
t003808,2025-04-20 07:40:00,u01954,форма,доступ и пароли,2,a04,2025-04-20 07:58:00,,в работе,0,
t004484,15.04.2025 02:55,u06776,чат,расписание и посещаемость,3,a02,2025-04-15 03:43:41,2025-04-15 09:34:08,решено,0,
t002984,14.06.2025 09:40,u00357,почта,прочее,2,a06,2025-06-14 10:01:07,2025-06-14 13:23:11,решено,0,
t000315,2025-03-06 10:45:00,u04012,Чат,доступ и пароли,2,a10,2025-03-06 11:41:05,2025-03-06 11:48:22,решено,0,1
t005330,2025-05-17 12:57:00,u04006,почта,прочее,2,a16,2025-05-17 13:50:03,2025-05-17 20:36:18,решено,0,5
t002877,2025-01-11 12:33:00,u03390,чат,техническая проблема,2,a12,2025-01-11 12:38:31,2025-01-11 20:31:56,решено,0,5
t004547,2025-06-18 09:57:00,u03113,чат,оплата и документы,1,a01,2025-06-18 10:13:42,2025-06-18 19:50:03,решено,0,
t002677,11.04.2025 07:33,u03426,чат,расписание и посещаемость,2,a06,2025-04-11 07:58:57,2025-04-11 12:01:52,решено,0,
t002717,2025-02-02 03:16:00,u00358,почта,оплата и документы,2,a05,2025-02-02 04:16:05,2025-02-02 10:15:32,решено,0,
t001975,2025-05-19 21:53:00,u08996,чат,расписание и посещаемость,1,a17,2025-05-19 22:26:15,2025-05-20 03:49:30,решено,0,
t003036,2025-05-26 07:34:00,u00551,чат,расписание и посещаемость,3,a05,2025-05-26 07:58:21,2025-05-26 09:57:20,решено,0,
t001004,26.02.2025 11:39,u06692,чат,техническая проблема,1,a11,2025-02-26 11:56:49,2025-02-26 18:52:04,решено,0,4
t003473,23.01.2025 08:06,u07089,чат,оплата и документы,3,a04,2025-01-23 08:23:46,2025-01-23 10:51:22,закрыто без ответа,0,
t002479,2025-04-21 03:21:00,u01099,чат,доступ и пароли,2,a10,2025-04-21 03:44:15,2025-04-21 04:48:31,решено,0,
t001264,21.05.2025 10:49,u02528,почта,оплата и документы,2,a01,2025-05-21 10:58:34,2025-05-21 17:08:52,решено,0,
t005548,22.05.2025 06:27,u02709,телефон,техническая проблема,2,a05,2025-05-22 06:44:37,2025-05-22 16:34:46,решено,0,5
t000505,04.06.2025 07:23,u01064,чат,доступ и пароли,2,a18,2025-06-04 07:58:55,2025-06-04 09:02:34,решено,0,
t002556,2025-05-04 06:15:00,u02511,форма,оплата и документы,2,a12,2025-05-04 06:40:57,2025-05-04 09:33:39,решено,0,
t005292,2025-02-03 11:51:00,u05530,чат,доступ и пароли,2,a03,2025-02-03 13:32:42,2025-02-03 14:14:23,решено,0,4
t005113,23.04.2025 06:31,u04540,Чат,техническая проблема,1,a04,2025-04-23 06:38:24,2025-04-24 15:01:28,решено,0,
t003254,2025-05-03 12:38:00,u06995,чат,доступ и пароли,3,a06,2025-05-03 13:17:41,2025-05-03 16:54:01,решено,0,
t002104,05.01.2025 04:28,u00748,форма,оплата и документы,2,a14,2025-01-05 05:51:30,2025-01-05 07:16:59,решено,0,
t003117,2025-02-07 03:40:00,u00635,чат,доступ и пароли,2,a11,2025-02-07 04:03:58,2025-02-07 05:02:16,решено,0,
t000117,2025-01-23 09:47:00,u01770,чат,оплата и документы,2,a06,2025-01-23 11:37:48,2025-01-23 13:00:33,решено,0,5
t004877,2025-02-01 01:05:00,u06814,почта,доступ и пароли,2,a07,2025-02-01 01:29:26,2025-02-01 04:55:50,решено,0,5
t000759,05.04.2025 11:32,u08618,почта,оплата и документы,2,a12,2025-04-05 11:51:43,2025-04-05 15:36:20,решено,0,4
t004697,2025-05-12 05:00:00,u07590,телефон,прочее,2,a08,2025-05-12 05:05:24,2025-05-12 12:12:28,решено,0,2
t004275,2025-01-20 06:15:00,u04805,чат,оплата и документы,2,a06,2025-01-20 07:24:03,2025-01-20 09:21:30,решено,0,
t001089,07.03.2025 13:43,u05162,чат,техническая проблема,1,a18,2025-03-07 13:49:34,2025-03-08 07:20:05,решено,0,5
t005885,2025-01-06 05:40:00,u05928,чат,техническая проблема,3,a06,2025-01-06 06:54:50,2025-01-07 01:58:52,решено,0,
t001246,2025-05-24 03:22:00,u00428,форма,NULL,2,a04,2025-05-24 04:21:39,2025-05-24 04:21:44,решено,0,
t000555,2025-01-04 10:21:00,u07703,телефон,доступ и пароли,2,a14,2025-01-04 10:34:44,2025-01-04 11:41:25,решено,0,
t001194,2025-02-07 07:56:00,u00635,чат,прочее,3,a09,2025-02-07 08:07:07,2025-02-07 10:49:29,решено,0,
t005652,2025-05-22 11:24:00,u08654,чат,техническая проблема,1,a02,2025-05-22 12:15:32,2025-05-22 21:51:23,решено,0,
t003830,26.05.2025 04:22,u01981,почта,расписание и посещаемость,1,a04,2025-05-26 04:23:25,2025-05-26 05:24:23,решено,0,
t003074,2025-01-06 11:47:00,u08545,почта,,2,a11,2025-01-06 12:05:19,2025-01-06 12:52:16,решено,0,
t004546,26.06.2025 11:08,u03381,почта,доступ и пароли,2,a12,2025-06-26 11:39:55,2025-06-26 11:44:03,решено,0,
t005920,2025-02-04 12:11:00,u05689,телефон,NULL,2,a06,2025-02-04 12:16:37,,в работе,0,
t004222,22.06.2025 09:52,u04506,чат,расписание и посещаемость,1,a16,2025-06-22 10:04:42,2025-06-22 10:43:34,решено,0,
t004896,14.02.2025 02:36,u05283,телефон,доступ и пароли,3,a07,2025-02-14 02:40:58,2025-02-14 04:53:38,решено,0,5
t002730,2025-06-03 07:36:00,u06488,чат,расписание и посещаемость,2,a09,2025-06-03 07:43:03,2025-06-02 07:57:39,решено,0,
t001566,2025-05-16 08:29:00,u01098,почта,расписание и посещаемость,1,a11,2025-05-16 09:01:38,2025-05-16 10:26:20,решено,0,
t004857,24.05.2025 04:53,u01993,чат,расписание и посещаемость,3,a12,2025-05-24 05:02:05,2025-05-24 08:09:45,решено,0,
t000888,2025-04-21 12:00:00,u04342,телефон,расписание и посещаемость,1,a18,2025-04-21 12:05:16,2025-04-22 00:42:46,решено,0,
t005238,18.03.2025 13:33,u08555,телефон,оплата и документы,2,a18,2025-03-18 13:50:59,2025-03-18 23:58:17,решено,0,4
t005085,2025-02-10 07:07:00,u00843,почта,доступ и пароли,2,a04,2025-02-10 08:36:34,2025-02-10 09:49:13,решено,0,
t000823,05.06.2025 06:33,u06727,почта,техническая проблема,1,a04,2025-06-05 06:44:56,2025-06-05 10:10:04,решено,0,
t005758,2025-03-04 16:22:00,u06233,почта,доступ и пароли,2,a03,2025-03-04 17:43:17,2025-03-04 18:02:35,решено,0,
t000311,20.02.2025 07:26,u08640,чат,доступ и пароли,2,a11,2025-02-20 08:25:01,2025-02-20 08:55:32,решено,0,
t000751,2025-01-18 07:33:00,u06861,чат,техническая проблема,2,a01,2025-01-18 07:58:00,2025-01-18 11:47:53,решено,0,
t001288,2025-06-06 09:12:00,u05791,чат,прочее,3,a12,2025-06-06 09:31:52,2025-06-05 08:59:31,решено,0,
t000955,23.06.2025 13:37,u05791,телефон,расписание и посещаемость,1,a05,2025-06-23 14:41:03,2025-06-23 15:40:15,решено,0,
t002616,2025-02-15 09:48:00,u01738,чат,доступ и пароли,2,a17,2025-02-15 11:05:52,2025-02-15 11:06:35,решено,0,4
t001878,03.03.2025 05:23,u07351,чат,техническая проблема,1,a10,2025-03-03 06:32:15,2025-03-03 08:11:00,решено,0,3
t003314,24.03.2025 11:50,u03634,чат,прочее,2,a10,2025-03-24 11:56:50,2025-03-24 17:24:09,решено,0,
t000994,07.03.2025 04:37,u08442,почта,оплата и документы,2,a03,2025-03-07 04:47:44,2025-03-07 12:15:56,решено,0,
t004542,2025-01-22 03:08:00,u06813,чат,прочее,1,a13,2025-01-22 04:35:00,2025-01-22 06:49:49,решено,1,
t004190,2025-05-26 09:33:00,u01981,почта,расписание и посещаемость,2,a01,2025-05-26 09:34:05,2025-05-26 12:31:16,решено,1,
t003214,2025-06-13 04:45:00,u06022,почта,оплата и документы,1,a10,2025-06-13 04:57:51,2025-06-13 09:41:05,решено,0,1
t002779,23.03.2025 14:40,u00627,форма,доступ и пароли,1,a15,2025-03-23 15:47:17,2025-03-23 16:00:31,решено,0,
t002485,18.04.2025 04:04,u06809,форма,оплата и документы,1,a09,2025-04-18 04:40:42,2025-04-18 09:08:46,решено,0,
t002230,04.06.2025 11:45,u08407,телефон,техническая проблема,2,a11,,,новое,0,
t005574,06.03.2025 07:22,u06889,чат,доступ и пароли,1,a11,2025-03-06 08:36:37,2025-03-06 09:34:42,решено,0,
t004179,2025-06-24 04:44:00,u05242,телефон,доступ и пароли,2,a05,2025-06-24 04:47:27,2025-06-24 05:26:56,решено,0,
t004290,2025-02-17 06:48:00,u08542,форма,доступ и пароли,2,a06,2025-02-17 06:52:37,2025-02-17 07:51:44,решено,0,
t002089,2025-01-05 13:40:00,u05059,почта,доступ и пароли,1,a14,2025-01-05 15:19:13,2025-01-05 15:26:16,решено,0,
t005665,2025-06-17 11:30:00,u02700,чат,техническая проблема,3,a12,2025-06-17 11:58:46,,в работе,0,
t005422,2025-05-20 10:11:00,u05383,чат,расписание и посещаемость,1,a01,2025-05-20 11:04:22,2025-05-20 14:22:28,решено,0,
t000729,2025-04-11 13:23:00,u07414,почта,техническая проблема,1,a16,2025-04-11 13:33:04,2025-04-11 21:03:14,решено,0,
t003110,23.05.2025 11:12,u00808,чат,расписание и посещаемость,2,a06,2025-05-23 11:37:54,2025-05-23 15:59:17,решено,0,
t003161,2025-03-13 14:12:00,u01670,чат,доступ и пароли,1,a03,2025-03-13 14:24:05,2025-03-13 15:08:42,решено,0,
t004327,2025-03-19 11:44:00,u01555,чат,доступ и пароли,3,a15,2025-03-19 13:17:22,2025-03-19 15:09:59,решено,0,
t001818,01.03.2025 14:44,u02881,почта,техническая проблема,2,a17,2025-03-01 16:25:41,2025-03-02 08:22:56,решено,1,4
t005396,2025-05-04 13:42:00,u08786,почта,техническая проблема,1,a08,2025-05-04 13:45:13,2025-05-05 07:18:09,решено,0,
t005272,14.01.2025 10:25,u07132,форма,доступ и пароли,2,a11,2025-01-14 11:39:20,2025-01-14 12:48:54,решено,0,
t001197,2025-06-22 02:07:00,u07822,чат,оплата и документы,2,a09,2025-06-22 02:16:45,2025-06-22 04:26:02,решено,0,
t002850,2025-01-04 13:54:00,u06804,чат,доступ и пароли,2,a14,2025-01-04 14:55:00,2025-01-04 16:55:25,решено,0,
t004707,05.02.2025 20:01,u05722,телефон,техническая проблема,1,a16,2025-02-05 21:05:55,2025-02-06 03:33:06,решено,0,3
t003512,2025-03-04 06:46:00,u02238,чат,доступ и пароли,2,a18,2025-03-04 08:34:14,2025-03-04 09:55:56,решено,0,5
t004665,21.04.2025 11:02,u08075,чат,расписание и посещаемость,3,a07,2025-04-21 11:21:17,2025-04-21 13:21:47,решено,0,
t000052,2025-03-03 09:08:00,u08831,чат,прочее,1,a12,2025-03-03 10:04:01,2025-03-03 13:44:05,решено,0,
t000807,2025-02-02 01:01:00,u00937,почта,доступ и пароли,2,a06,2025-02-02 02:11:43,2025-02-02 02:40:58,решено,0,5
t002741,2025-06-04 01:39:00,u05330,чат,техническая проблема,1,a11,2025-06-04 01:48:34,2025-06-04 06:38:09,решено,0,
t005714,13.06.2025 07:46,u06022,чат,оплата и документы,2,a06,2025-06-13 08:14:45,2025-06-13 10:33:51,решено,0,
t001392,2025-06-16 04:01:00,u03776,чат,доступ и пароли,3,a09,2025-06-16 04:13:00,2025-06-16 05:11:07,решено,0,
t000053,10.01.2025 14:06,u07364,почта,NULL,1,a09,2025-01-10 15:56:09,2025-01-10 16:33:13,решено,0,
t002443,08.04.2025 14:09,u04368,телефон,доступ и пароли,2,a11,2025-04-08 14:22:07,2025-04-08 16:41:17,решено,0,
t003541,2025-02-05 11:26:00,u06798,почта,расписание и посещаемость,2,a07,2025-02-05 11:46:30,2025-02-05 16:59:45,решено,1,1
t000142,2025-01-26 10:53:00,u06483,телефон,прочее,2,a10,2025-01-26 11:56:00,2025-01-26 15:07:38,решено,1,
t005499,2025-01-25 08:31:00,u07642,чат,доступ и пароли,2,a04,2025-01-25 09:48:23,2025-01-25 12:06:53,решено,0,4
t005821,2025-06-05 13:44:00,u05957,чат,техническая проблема,2,a18,,,новое,0,
t004479,2025-02-13 02:41:00,u04984,чат,доступ и пароли,3,a05,2025-02-13 03:02:45,2025-02-13 06:16:22,решено,0,
t004741,05.04.2025 17:03,u03388,почта,доступ и пароли,1,a03,2025-04-05 17:16:30,2025-04-05 18:52:19,решено,0,
t002437,2025-02-04 03:28:00,u01071,почта,доступ и пароли,1,a14,2025-02-04 03:55:21,2025-02-04 04:27:40,решено,0,
t004335,2025-06-03 11:27:00,u01848,форма,техническая проблема,1,a01,2025-06-03 11:32:04,2025-06-03 20:28:53,решено,0,5
t002378,2025-03-20 09:06:00,u08764,почта,расписание и посещаемость,1,a10,2025-03-20 09:30:48,2025-03-20 10:30:35,решено,0,
t001221,2025-06-22 06:24:00,u02200,чат,расписание и посещаемость,3,a09,2025-06-22 07:02:42,,в работе,1,
t001890,18.04.2025 08:54,u05208,чат,оплата и документы,3,a08,2025-04-18 09:14:06,2025-04-18 11:21:45,решено,0,
t003681,2025-03-09 03:01:00,u07909,форма,доступ и пароли,2,a04,2025-03-09 04:52:28,2025-03-09 06:51:50,решено,0,
t002139,2025-05-15 12:19:00,u04558,Чат,оплата и документы,2,a04,2025-05-15 13:21:19,2025-05-15 14:59:57,решено,0,
t002760,05.05.2025 11:12,u08009,почта,оплата и документы,2,a11,2025-05-05 11:23:34,2025-05-05 18:29:54,решено,0,
t005117,20.01.2025 13:47,u07976,телефон,техническая проблема,2,a02,2025-01-20 14:20:16,2025-01-20 22:12:15,решено,0,
t003080,2025-06-02 01:32:00,u01183,телефон,расписание и посещаемость,1,a07,2025-06-02 01:38:23,,в работе,0,
t003037,2025-02-07 11:53:00,u06593,чат,прочее,3,a15,2025-02-07 13:12:34,2025-02-07 18:17:11,решено,0,
t004616,2025-05-24 13:37:00,u01095,чат,техническая проблема,2,a06,2025-05-24 13:38:34,2025-05-25 03:04:50,решено,0,
t000032,2025-06-07 04:14:00,u07307,чат,техническая проблема,3,a03,2025-06-07 05:02:10,,в работе,0,
t002622,2025-03-04 07:13:00,u03243,почта,доступ и пароли,3,a03,2025-03-04 08:17:55,2025-03-04 10:19:05,решено,0,
t002692,2025-05-03 06:44:00,u06457,почта,доступ и пароли,2,a01,2025-05-03 07:05:07,2025-05-03 09:13:39,решено,0,
t005921,2025-02-02 05:47:00,u01053,чат,доступ и пароли,3,a15,2025-02-02 05:51:09,2025-02-02 06:50:47,решено,1,
t001654,2025-06-13 10:45:00,u07690,чат,оплата и документы,2,a08,,,новое,0,
t001569,2025-05-27 07:38:00,u06803,форма,прочее,2,a02,2025-05-27 08:10:20,2025-05-27 17:03:25,решено,0,
t002032,02.05.2025 01:35,u04952,чат,расписание и посещаемость,2,a04,2025-05-02 02:37:10,2025-05-02 04:01:29,решено,0,
t004428,2025-02-19 11:33:00,u03793,чат,доступ и пароли,2,a10,2025-02-19 11:53:07,2025-02-19 13:33:46,решено,0,
t002917,2025-03-16 10:06:00,u02828,телефон,доступ и пароли,2,a05,2025-03-16 10:26:42,2025-03-16 19:25:30,решено,0,4
t005939,2025-02-24 19:36:00,u04845,чат,расписание и посещаемость,2,a01,2025-02-24 20:38:56,2025-02-25 00:47:33,решено,0,
t003767,2025-06-14 12:00:00,u05228,Чат,доступ и пароли,2,a11,2025-06-14 12:38:36,2025-06-14 13:49:21,решено,0,
t005181,2025-01-24 06:16:00,u08511,форма,доступ и пароли,1,a14,2025-01-24 07:47:48,2025-01-24 07:49:54,решено,0,
t004032,2025-04-18 10:58:00,u02078,чат,техническая проблема,2,a03,2025-04-18 11:29:12,,в работе,0,
t005899,15.06.2025 18:55,u06599,форма,техническая проблема,2,a02,2025-06-15 19:04:19,2025-06-16 00:59:41,решено,0,
t001709,2025-04-18 05:10:00,u04159,телефон,прочее,2,a03,2025-04-18 06:06:37,2025-04-18 09:35:45,решено,0,
t002083,05.06.2025 05:07,u05371,почта,техническая проблема,2,a17,2025-06-05 05:17:49,,в работе,0,
t005336,27.05.2025 05:17,u03891,почта,оплата и документы,2,a10,2025-05-27 05:26:49,2025-05-27 13:55:09,решено,0,
t004303,2025-03-18 13:50:00,u01210,почта,оплата и документы,2,a17,2025-03-18 14:14:48,2025-03-18 17:21:50,решено,0,5
t000734,2025-03-22 07:17:00,u06924,чат,техническая проблема,1,a08,2025-03-22 08:25:16,2025-03-23 05:19:15,решено,1,
t005134,2025-04-06 12:05:00,u02946,телефон,техническая проблема,1,a17,2025-04-06 12:10:15,2025-04-06 20:22:03,решено,0,3
t002928,2025-03-07 08:48:00,u07423,телефон,расписание и посещаемость,2,a11,2025-03-07 10:09:03,2025-03-07 15:14:19,решено,1,
t004687,2025-04-23 07:45:00,u07628,почта,расписание и посещаемость,3,a12,2025-04-23 08:07:21,2025-04-23 12:50:11,решено,0,
t003822,23.05.2025 17:39,u00808,телефон,техническая проблема,3,a06,2025-05-23 17:53:28,2025-05-22 18:11:59,решено,0,
t002475,21.06.2025 13:53,u02137,форма,техническая проблема,1,a07,2025-06-21 13:55:26,2025-06-22 03:34:59,решено,0,
t003763,2025-04-14 11:45:00,u03328,чат,прочее,2,a01,2025-04-14 11:51:36,2025-04-14 16:33:02,решено,0,
t003459,23.06.2025 09:06,u03580,чат,техническая проблема,3,a05,2025-06-23 09:22:26,2025-06-24 00:34:36,решено,0,
t003748,2025-05-15 11:33:00,u05409,форма,расписание и посещаемость,2,a10,2025-05-15 12:15:03,2025-05-15 20:08:47,закрыто без ответа,0,
t004790,2025-06-15 12:33:00,u01755,чат,доступ и пароли,3,a02,2025-06-15 12:44:16,2025-06-15 12:50:47,решено,0,
t000892,2025-05-04 02:08:00,u01636,чат,оплата и документы,2,a07,2025-05-04 02:29:16,2025-05-04 05:41:15,решено,0,
t003399,21.01.2025 03:14,u04070,форма,доступ и пароли,2,a06,2025-01-21 05:04:22,2025-01-21 05:26:37,решено,0,2
t002428,2025-02-26 07:17:00,u00660,чат,расписание и посещаемость,1,a01,2025-02-26 08:49:40,2025-02-26 13:17:01,решено,0,2
t001549,2025-06-10 06:00:00,u03219,телефон,техническая проблема,1,a08,2025-06-10 06:17:56,2025-06-10 14:12:02,решено,0,
t004201,2025-02-19 10:56:00,u07617,чат,доступ и пароли,2,a01,2025-02-19 11:15:53,2025-02-19 16:21:07,решено,0,
t003218,04.02.2025 11:30,u00772,чат,доступ и пароли,2,a18,2025-02-04 12:28:35,2025-02-04 12:35:02,решено,0,
t003623,2025-02-05 03:29:00,u02505,чат,доступ и пароли,2,a07,2025-02-05 04:49:15,2025-02-05 05:25:57,решено,0,
t001160,2025-02-12 15:40:00,u00295,телефон,доступ и пароли,2,a16,2025-02-12 16:55:42,2025-02-12 18:30:32,решено,0,
t003338,2025-02-03 21:20:00,u02189,почта,оплата и документы,3,a05,2025-02-03 21:37:33,2025-02-04 01:47:13,решено,0,
t003647,2025-03-18 04:31:00,u02782,чат,доступ и пароли,3,a17,2025-03-18 05:45:50,2025-03-18 07:05:05,решено,0,5
t000778,2025-01-20 12:07:00,u08386,чат,техническая проблема,3,a11,2025-01-20 13:40:40,2025-01-20 23:17:40,решено,0,4
t003009,2025-03-24 08:24:00,u02442,чат,расписание и посещаемость,2,a12,2025-03-24 08:59:36,2025-03-24 09:58:57,решено,0,
t003558,2025-02-09 10:58:00,u04862,чат,NULL,3,a13,2025-02-09 11:18:42,2025-02-09 15:44:13,решено,0,
t005771,2025-06-27 07:16:00,u00648,чат,прочее,1,a08,2025-06-27 08:10:17,2025-06-27 10:59:50,решено,0,
t000387,2025-05-07 07:09:00,u06051,почта,прочее,2,a11,2025-05-07 07:16:30,2025-05-07 10:30:36,решено,0,
t004710,23.01.2025 07:07,u06105,форма,техническая проблема,1,a06,2025-01-23 07:10:54,2025-01-24 02:33:59,решено,0,4
t003693,04.05.2025 08:30,u01309,чат,оплата и документы,1,a15,2025-05-04 08:40:49,2025-05-04 14:05:58,решено,0,
t003326,05.01.2025 09:43,u00129,чат,расписание и посещаемость,2,a05,2025-01-05 11:15:30,2025-01-05 11:22:59,решено,1,4
t000920,2025-06-19 06:45:00,u01657,чат,доступ и пароли,2,a11,2025-06-19 07:47:40,2025-06-19 09:38:58,решено,0,
t003445,04.01.2025 17:30,u04906,почта,доступ и пароли,2,a05,2025-01-04 19:07:02,2025-01-04 19:08:03,решено,0,2
t001133,2025-03-03 10:19:00,u08970,телефон,доступ и пароли,1,a03,2025-03-03 10:39:14,2025-03-03 11:04:24,решено,0,
t000588,18.01.2025 01:11,u04174,чат,доступ и пароли,1,a01,2025-01-18 02:48:16,2025-01-18 03:43:50,решено,0,4
t002625,2025-05-22 05:33:00,u08418,почта,доступ и пароли,2,a18,2025-05-22 05:42:50,2025-05-22 06:35:07,решено,0,
t000962,2025-05-23 04:25:00,u00720,телефон,расписание и посещаемость,1,a04,2025-05-23 04:54:47,2025-05-23 05:40:55,решено,0,
t003619,2025-05-22 11:00:00,u08997,почта,расписание и посещаемость,3,a08,2025-05-22 11:26:25,2025-05-22 16:23:30,решено,0,
t000176,2025-01-23 12:21:00,u02635,чат,оплата и документы,2,a12,2025-01-23 12:37:03,,в работе,0,
t004815,2025-06-08 03:29:00,u05924,чат,расписание и посещаемость,1,a15,2025-06-08 03:39:12,2025-06-08 07:24:28,решено,0,
t002720,2025-06-04 03:31:00,u08889,чат,оплата и документы,1,a12,2025-06-04 03:45:50,2025-06-04 06:26:21,решено,1,
t002481,2025-06-06 13:49:00,u01987,почта,техническая проблема,1,a09,2025-06-06 14:09:05,2025-06-06 20:28:01,решено,1,5
t001949,24.05.2025 03:45,u04895,чат,оплата и документы,1,a12,2025-05-24 04:29:47,2025-05-24 04:44:36,решено,0,
t003394,2025-06-20 13:25:00,u05955,почта,оплата и документы,2,a15,2025-06-20 13:41:34,2025-06-20 20:42:47,решено,0,
t000433,2025-06-04 10:34:00,u06617,чат,оплата и документы,1,a01,,,новое,0,
t000326,2025-03-02 20:22:00,u04893,чат,доступ и пароли,2,a16,2025-03-02 20:44:20,2025-03-02 22:01:28,решено,0,
t004980,2025-01-24 06:08:00,u00748,чат,доступ и пароли,2,a08,2025-01-24 06:29:37,2025-01-24 07:02:32,решено,0,5
t002666,2025-01-07 11:25:00,u03930,почта,доступ и пароли,2,a01,2025-01-07 13:14:29,2025-01-07 13:33:49,решено,0,
t005133,05.04.2025 09:03,u07422,телефон,расписание и посещаемость,1,a11,2025-04-05 09:28:41,2025-04-05 12:05:23,решено,0,
t000105,2025-02-07 04:07:00,u06081,форма,прочее,2,a02,2025-02-07 05:30:30,2025-02-07 09:59:30,решено,0,
t004721,2025-06-04 02:58:00,u01271,чат,оплата и документы,2,a06,2025-06-04 03:48:06,2025-06-04 04:29:07,решено,0,
t005106,2025-02-13 10:14:00,u03010,телефон,доступ и пароли,2,a17,2025-02-13 11:45:05,2025-02-13 14:06:01,решено,0,5
t003406,22.02.2025 12:38,u01525,почта,техническая проблема,1,a08,2025-02-22 13:55:48,2025-02-23 09:31:04,решено,1,
t001090,19.05.2025 12:49,u08516,телефон,оплата и документы,2,a12,2025-05-19 12:59:41,2025-05-19 16:15:47,решено,0,
t003711,2025-04-02 03:21:00,u01590,почта,оплата и документы,2,a15,2025-04-02 04:15:01,2025-04-02 05:48:04,решено,0,
t000238,20.06.2025 12:22,u08598,почта,техническая проблема,2,a17,2025-06-20 12:24:41,2025-06-20 18:14:16,решено,0,
t000668,2025-01-04 10:23:00,u01270,форма,доступ и пароли,3,a14,2025-01-04 11:38:38,2025-01-04 12:12:48,решено,1,
t003023,06.05.2025 03:52,u02728,чат,доступ и пароли,1,a02,2025-05-06 04:43:48,2025-05-06 06:44:04,решено,0,
t003189,2025-06-07 18:19:00,u00231,чат,прочее,2,a16,2025-06-07 18:48:50,2025-06-08 00:39:48,решено,0,
t005683,2025-06-15 17:49:00,u08263,чат,оплата и документы,2,a18,,,новое,0,
t003706,27.04.2025 10:31,u04295,чат,доступ и пароли,1,a08,2025-04-27 10:35:29,,в работе,0,
t002643,2025-01-11 10:52:00,u06869,почта,доступ и пароли,3,a06,2025-01-11 11:05:51,2025-01-11 11:54:20,решено,0,
t003176,2025-04-08 12:29:00,u06985,почта,техническая проблема,1,a10,2025-04-08 12:39:27,2025-04-08 17:40:40,решено,0,
t002046,23.04.2025 11:02,u02373,почта,техническая проблема,1,a01,2025-04-23 11:23:43,2025-04-23 16:39:01,решено,0,
t005467,04.02.2025 17:31,u02443,телефон,оплата и документы,1,a11,2025-02-04 17:57:56,2025-02-04 19:43:00,решено,0,
t004754,2025-04-11 05:40:00,u02309,чат,расписание и посещаемость,3,a17,2025-04-11 06:09:47,,в работе,0,
t005552,2025-02-10 01:46:00,u04544,почта,доступ и пароли,3,a05,2025-02-10 02:41:07,2025-02-10 03:07:54,решено,0,5
t005624,2025-06-02 03:11:00,u00838,чат,прочее,1,a11,2025-06-02 03:13:28,2025-06-02 09:29:08,решено,0,
t002047,2025-06-27 13:27:00,u08400,чат,техническая проблема,2,a08,2025-06-27 13:50:20,2025-06-27 15:12:35,закрыто без ответа,0,
t000781,2025-01-20 07:04:00,u05106,чат,"",2,a02,2025-01-20 08:44:30,2025-01-20 12:37:07,решено,0,4
t000177,2025-02-12 10:28:00,u01232,почта,расписание и посещаемость,1,a02,2025-02-12 10:49:03,2025-02-12 15:25:50,решено,0,5
t003941,25.04.2025 02:48,u00801,чат,оплата и документы,2,a04,2025-04-25 02:59:34,2025-04-25 06:03:03,решено,0,
t005601,2025-02-01 10:12:00,u07401,чат,доступ и пароли,2,a05,2025-02-01 10:34:41,2025-02-01 10:54:56,решено,0,
t001571,2025-06-17 06:07:00,u05258,телефон,оплата и документы,3,a06,2025-06-17 06:55:39,2025-06-16 06:01:43,решено,0,
t005935,2025-01-27 04:42:00,u05636,чат,оплата и документы,2,a10,2025-01-27 04:57:37,2025-01-27 08:40:58,решено,0,2
t001079,07.04.2025 01:03,u05910,почта,оплата и документы,2,a09,2025-04-07 01:17:47,2025-04-07 03:55:10,решено,0,4
t002750,2025-06-03 07:00:00,u05566,чат,техническая проблема,2,a11,2025-06-03 07:27:41,2025-06-03 18:01:26,решено,0,
t001202,03.04.2025 11:43,u01491,чат,расписание и посещаемость,3,a05,2025-04-03 11:47:16,2025-04-03 17:03:50,решено,0,
t003854,2025-05-05 12:15:00,u04005,чат,доступ и пароли,2,a16,2025-05-05 12:25:01,2025-05-05 13:37:05,решено,0,4
t005404,2025-03-22 15:41:00,u00388,чат,прочее,2,a16,2025-03-22 16:43:08,2025-03-22 17:57:24,решено,0,4
t004527,2025-06-26 03:44:00,u02586,телефон,техническая проблема,1,a17,2025-06-26 03:58:26,2025-06-26 09:26:44,решено,0,
t004771,2025-05-23 03:35:00,u01647,чат,техническая проблема,1,a15,2025-05-23 03:57:56,2025-05-23 16:46:52,решено,0,
t004820,2025-02-05 15:49:00,u03503,чат,оплата и документы,3,a07,2025-02-05 15:58:27,2025-02-05 17:49:21,решено,0,4
t005673,2025-01-15 09:01:00,u05871,чат,доступ и пароли,2,a11,2025-01-15 10:45:28,2025-01-15 16:41:42,решено,0,4
t003001,2025-02-22 08:40:00,u03951,чат,оплата и документы,1,a01,2025-02-22 09:43:12,2025-02-22 19:41:11,решено,0,
t000847,2025-03-19 09:22:00,u06330,чат,доступ и пароли,3,a07,2025-03-19 09:35:57,2025-03-19 10:20:34,решено,1,3
t001644,2025-03-20 04:43:00,u02698,почта,доступ и пароли,3,a01,2025-03-20 04:53:27,2025-03-19 04:47:12,решено,1,
t003090,2025-03-24 03:36:00,u05393,чат,оплата и документы,1,a01,2025-03-24 03:56:07,2025-03-24 05:54:47,решено,0,
t000983,2025-04-21 07:50:00,u06665,телефон,оплата и документы,1,a18,2025-04-21 08:02:26,2025-04-21 12:14:53,решено,0,
t005315,07.02.2025 07:09,u06493,чат,доступ и пароли,1,a05,2025-02-07 07:18:38,2025-02-07 08:09:50,решено,0,
t000121,2025-06-14 05:45:00,u07168,почта,техническая проблема,1,a05,2025-06-14 06:10:31,2025-06-14 08:33:29,решено,1,
t000799,19.01.2025 06:36,u06933,почта,техническая проблема,1,a01,2025-01-19 06:43:41,2025-01-19 13:47:08,решено,1,4
t003169,21.04.2025 06:39,u03856,чат,техническая проблема,2,a18,2025-04-21 06:52:53,2025-04-21 18:30:39,решено,0,2
t002081,2025-04-04 01:30:00,u07628,почта,техническая проблема,2,a08,2025-04-04 01:56:37,,в работе,0,
t003441,2025-03-14 09:56:00,u01050,чат,доступ и пароли,1,a17,2025-03-14 10:17:03,2025-03-14 18:21:08,решено,0,
t001412,2025-01-22 07:51:00,u01425,форма,расписание и посещаемость,3,a13,2025-01-22 08:59:30,2025-01-22 12:30:29,решено,0,
t005475,2025-03-10 13:22:00,u07047,чат,доступ и пароли,2,a15,2025-03-10 14:21:06,2025-03-10 14:21:52,решено,0,
t000833,2025-06-11 08:40:00,u04473,почта,расписание и посещаемость,3,a04,2025-06-11 09:44:41,2025-06-11 10:27:05,решено,0,
t001540,2025-03-12 06:06:00,u03538,почта,расписание и посещаемость,2,a02,2025-03-12 06:09:20,2025-03-12 13:28:57,решено,0,3
t004522,2025-06-05 10:16:00,u05957,чат,доступ и пароли,3,a01,2025-06-05 10:23:16,2025-06-05 11:43:36,решено,0,
t000878,22.03.2025 14:05,u00842,телефон,доступ и пароли,1,a12,2025-03-22 14:46:34,2025-03-22 15:11:39,решено,0,
t005949,2025-01-22 13:16:00,u00764,форма,расписание и посещаемость,1,a02,2025-01-22 14:57:30,2025-01-22 17:04:36,решено,1,
t000439,07.04.2025 07:58,u05780,чат,расписание и посещаемость,2,a18,2025-04-07 08:14:40,2025-04-07 09:31:40,решено,0,
t003197,05.02.2025 13:51,u03503,форма,оплата и документы,1,a16,2025-02-05 14:08:08,2025-02-05 16:19:21,решено,0,5
t000717,2025-06-26 04:20:00,u08591,почта,доступ и пароли,1,a09,2025-06-26 04:25:27,2025-06-26 05:02:41,решено,1,
t005249,18.05.2025 08:30,u08710,почта,оплата и документы,1,a16,2025-05-18 08:41:49,2025-05-18 14:25:42,решено,0,
t000097,2025-05-19 05:18:00,u02718,чат,техническая проблема,1,a17,2025-05-19 06:11:34,2025-05-19 18:52:56,решено,0,
t000308,2025-02-04 03:10:00,u03174,телефон,доступ и пароли,3,a18,2025-02-04 03:27:54,2025-02-04 03:29:03,решено,0,5
t000216,2025-06-04 02:23:00,u02196,чат,оплата и документы,2,a03,2025-06-04 02:50:50,2025-06-04 04:07:13,решено,0,
t004253,2025-02-24 09:52:00,u06613,чат,доступ и пароли,1,a16,2025-02-24 10:19:00,2025-02-24 13:11:13,решено,0,5
t002773,2025-05-06 06:07:00,u04785,почта,оплата и документы,3,a01,2025-05-06 06:35:56,2025-05-06 09:14:46,решено,0,
t003372,2025-04-06 05:42:00,u03679,почта,расписание и посещаемость,3,a15,2025-04-06 05:56:49,2025-04-06 07:53:48,решено,0,3
t005020,17.03.2025 05:25,u05719,чат,расписание и посещаемость,3,a11,2025-03-17 05:54:05,2025-03-17 07:38:22,решено,0,
t005311,2025-01-24 05:36:00,u00748,чат,доступ и пароли,1,a05,2025-01-24 06:38:06,2025-01-24 08:00:43,решено,0,
t000704,2025-02-26 09:09:00,u06292,чат,техническая проблема,1,a07,2025-02-26 10:48:37,2025-02-26 19:35:31,решено,0,3
t001056,2025-03-16 02:24:00,u01057,почта,оплата и документы,1,a10,2025-03-16 03:19:48,2025-03-16 03:56:38,решено,0,2
t005907,02.04.2025 09:34,u02108,почта,оплата и документы,2,a15,2025-04-02 10:02:43,2025-04-02 12:52:28,решено,0,
t000132,27.04.2025 11:38,u00233,чат,техническая проблема,2,a15,2025-04-27 12:18:30,2025-04-27 19:56:09,решено,0,
t002022,2025-02-20 12:01:00,u07559,чат,доступ и пароли,3,a01,2025-02-20 12:12:58,2025-02-20 13:16:22,решено,0,
t002993,2025-02-23 11:42:00,u04534,телефон,прочее,2,a14,2025-02-23 13:13:22,2025-02-23 14:16:42,решено,0,
t001899,2025-05-25 10:12:00,u07186,почта,оплата и документы,2,a02,2025-05-25 11:16:45,2025-05-25 11:47:19,решено,0,
t005414,2025-01-02 02:45:00,u01754,телефон,"",1,a10,2025-01-02 03:13:27,2025-01-02 04:56:12,решено,0,5
t000575,2025-06-23 06:10:00,u04245,чат,доступ и пароли,2,a09,2025-06-23 06:14:22,2025-06-23 07:30:41,решено,0,
t003784,2025-04-20 03:06:00,u01656,почта,оплата и документы,1,a06,2025-04-20 03:07:11,2025-04-20 04:03:40,решено,0,
t004742,2025-03-05 08:00:00,u00608,почта,прочее,2,a17,2025-03-05 08:13:16,2025-03-05 11:06:00,решено,0,3
t003442,2025-04-27 10:56:00,u04539,чат,техническая проблема,1,a18,2025-04-27 11:07:28,2025-04-28 06:29:18,решено,0,
t002184,2025-03-27 04:35:00,u07654,чат,техническая проблема,2,a03,2025-03-27 05:34:25,2025-03-27 15:19:24,решено,0,
t001796,04.01.2025 13:02,u04755,чат,доступ и пароли,2,a05,2025-01-04 14:23:32,2025-01-04 14:34:11,решено,0,
t004533,25.05.2025 03:31,u06751,почта,техническая проблема,2,a01,2025-05-25 04:00:31,2025-05-25 12:15:12,решено,0,
t001689,22.06.2025 03:29,u00766,почта,прочее,2,a04,2025-06-22 04:08:28,2025-06-22 17:10:47,решено,0,
t002872,04.03.2025 15:32,u02548,чат,доступ и пароли,3,a16,2025-03-04 15:41:10,2025-03-04 16:30:30,решено,0,4
t003530,2025-03-06 03:23:00,u05076,почта,доступ и пароли,2,a01,2025-03-06 03:33:55,2025-03-06 06:36:27,решено,0,
t002868,2025-01-06 02:12:00,u01944,Чат,расписание и посещаемость,2,a04,2025-01-06 02:37:00,2025-01-06 03:48:51,решено,0,5
t002379,21.01.2025 07:44,u05345,чат,доступ и пароли,2,a03,2025-01-21 07:49:50,2025-01-21 08:55:15,решено,0,2
t003302,2025-01-27 06:09:00,u04809,почта,доступ и пароли,2,a09,2025-01-27 06:24:51,2025-01-27 15:14:40,решено,0,4
t005966,2025-04-15 13:38:00,u08229,телефон,расписание и посещаемость,1,a06,2025-04-15 13:53:19,2025-04-15 20:29:38,решено,0,
t001719,2025-06-02 02:08:00,u06123,чат,оплата и документы,2,a07,2025-06-02 02:19:07,2025-06-02 03:50:59,закрыто без ответа,1,
t001021,2025-05-24 08:09:00,u02456,почта,NULL,3,a02,2025-05-24 08:17:45,2025-05-24 13:16:32,решено,0,
t001405,2025-06-04 06:55:00,u00013,телефон,техническая проблема,2,a01,2025-06-04 07:49:42,2025-06-04 17:22:03,решено,0,
t001782,21.06.2025 03:29,u08669,чат,доступ и пароли,1,a11,2025-06-21 03:55:10,2025-06-21 04:28:34,решено,0,
t003861,2025-04-21 02:38:00,u03896,почта,техническая проблема,2,a12,2025-04-21 02:46:33,2025-04-21 11:14:33,решено,0,
t005655,2025-04-03 13:30:00,u01357,телефон,прочее,3,a05,2025-04-03 13:56:19,2025-04-03 23:47:20,решено,0,
t004349,2025-05-19 08:14:00,u08500,телефон,расписание и посещаемость,1,a11,2025-05-19 08:16:55,2025-05-19 09:14:46,решено,0,
t004300,2025-01-22 06:31:00,u01270,телефон,оплата и документы,2,a08,2025-01-22 06:35:49,2025-01-22 08:57:39,решено,1,
t000159,2025-06-22 10:51:00,u03145,Чат,прочее,2,a05,2025-06-22 11:00:36,2025-06-22 14:57:40,решено,0,
t005433,2025-04-05 11:52:00,u03545,чат,расписание и посещаемость,1,a17,2025-04-05 12:12:03,2025-04-05 13:37:32,решено,0,
t001900,2025-06-07 17:39:00,u02190,чат,расписание и посещаемость,2,a05,2025-06-07 18:34:11,2025-06-07 19:35:07,решено,0,
t002269,2025-06-23 07:36:00,u04733,почта,оплата и документы,1,a01,2025-06-23 08:33:26,2025-06-23 12:52:27,решено,0,
t002452,2025-05-18 16:30:00,u07560,форма,расписание и посещаемость,3,a01,2025-05-18 17:06:24,2025-05-18 20:11:32,решено,0,
t004853,2025-03-18 12:54:00,u07940,чат,техническая проблема,1,a12,2025-03-18 13:29:36,2025-03-18 23:44:09,решено,0,
t000755,2025-03-07 03:56:00,u00965,чат,техническая проблема,1,a08,2025-03-07 04:00:57,2025-03-08 00:22:40,решено,0,5
t001610,2025-05-16 04:46:00,u06744,почта,оплата и документы,2,a09,2025-05-16 05:10:50,2025-05-16 08:12:12,решено,0,
t004015,2025-04-11 08:01:00,u07713,почта,расписание и посещаемость,3,a10,2025-04-11 08:30:32,2025-04-11 11:30:35,решено,0,
t004124,2025-02-24 09:44:00,u00824,почта,,2,a18,2025-02-24 10:48:13,2025-02-24 12:02:33,решено,0,
t002869,2025-01-21 07:30:00,u00407,телефон,оплата и документы,2,a14,2025-01-21 09:01:32,2025-01-21 09:56:34,решено,0,
t004209,2025-02-07 09:21:00,u05040,телефон,расписание и посещаемость,2,a15,2025-02-07 09:32:23,2025-02-07 14:18:59,решено,0,3
t002418,04.05.2025 09:39,u08416,чат,доступ и пароли,2,a06,2025-05-04 09:49:23,2025-05-04 11:27:44,решено,0,5
t000515,2025-06-22 02:37:00,u04954,телефон,доступ и пароли,2,a18,2025-06-22 02:47:00,2025-06-22 04:26:29,решено,0,
t004354,2025-06-18 07:28:00,u07185,почта,расписание и посещаемость,3,a01,2025-06-18 07:39:22,2025-06-18 10:02:34,решено,0,
t004712,2025-04-19 03:50:00,u08592,телефон,доступ и пароли,1,a06,2025-04-19 03:52:13,2025-04-19 04:28:10,решено,1,
t000414,2025-05-04 13:37:00,u06434,чат,доступ и пароли,3,a01,2025-05-04 13:42:11,2025-05-04 15:51:23,решено,0,
t002746,2025-05-22 14:39:00,u04675,чат,оплата и документы,1,a10,2025-05-22 14:52:26,2025-05-22 22:19:24,решено,0,
t003055,2025-03-21 02:31:00,u06100,чат,доступ и пароли,1,a05,2025-03-21 03:28:22,2025-03-21 05:32:22,решено,0,3
t001889,2025-04-06 07:30:00,u03679,чат,оплата и документы,2,a02,2025-04-06 07:45:32,2025-04-06 12:25:47,решено,0,
t005515,2025-03-05 09:48:00,u04723,телефон,техническая проблема,1,a12,2025-03-05 11:00:12,2025-03-05 16:27:03,решено,0,
t004695,2025-05-20 15:56:00,u05878,почта,оплата и документы,2,a02,2025-05-20 16:17:28,2025-05-20 18:35:39,решено,0,
t004125,2025-05-20 10:43:00,u06401,чат,оплата и документы,2,a18,2025-05-20 10:56:04,2025-05-20 12:36:44,решено,0,
t003514,2025-01-22 09:00:00,u08168,чат,оплата и документы,2,a05,2025-01-22 09:16:54,2025-01-22 13:09:19,решено,0,
t004965,05.02.2025 12:02,u00122,форма,доступ и пароли,1,a16,2025-02-05 13:02:32,2025-02-05 13:08:56,решено,0,
t004563,2025-05-24 08:16:00,u01993,почта,техническая проблема,2,a01,2025-05-24 08:37:17,2025-05-24 17:41:56,решено,1,
t000079,2025-06-14 12:14:00,u06506,почта,расписание и посещаемость,1,a01,2025-06-14 12:16:35,2025-06-14 13:55:16,решено,0,
t004718,2025-06-15 08:56:00,u01155,телефон,техническая проблема,1,a04,2025-06-15 09:15:43,2025-06-15 23:30:59,решено,0,
t001780,22.03.2025 06:23,u00842,почта,доступ и пароли,1,a15,2025-03-22 07:55:56,2025-03-22 09:03:38,решено,0,
t005883,2025-06-08 20:45:00,u00506,телефон,доступ и пароли,2,a01,2025-06-08 20:54:16,2025-06-08 21:52:41,решено,0,
t004905,17.03.2025 13:15,u03400,почта,доступ и пароли,2,a11,2025-03-17 15:06:41,2025-03-17 15:08:03,решено,0,
t000083,2025-05-06 07:39:00,u01699,чат,оплата и документы,1,a11,2025-05-06 07:54:49,2025-05-06 11:40:49,решено,0,
t000204,2025-01-16 12:31:00,u08984,чат,оплата и документы,2,a01,2025-01-16 13:56:55,2025-01-15 12:52:42,решено,0,3
t004569,2025-04-21 01:50:00,u01753,чат,расписание и посещаемость,2,a01,2025-04-21 02:47:00,2025-04-21 04:16:36,решено,0,
t001115,2025-06-16 09:35:00,u05193,телефон,оплата и документы,3,a01,2025-06-16 09:36:19,2025-06-16 12:25:35,решено,0,
t003355,2025-06-21 02:14:00,u01920,чат,техническая проблема,2,a06,2025-06-21 02:21:49,2025-06-21 17:43:20,решено,0,
t005831,2025-03-05 05:56:00,u04919,почта,доступ и пароли,3,a15,2025-03-05 05:58:31,2025-03-05 06:53:32,решено,0,5
t005736,2025-03-03 14:04:00,u06752,чат,доступ и пароли,2,a16,2025-03-03 15:42:06,2025-03-03 16:12:37,решено,0,5
t005817,09.01.2025 04:32,u03528,почта,техническая проблема,2,a11,2025-01-09 05:31:57,2025-01-09 11:20:17,решено,0,
t005606,2025-03-23 01:42:00,u03685,телефон,доступ и пароли,1,a12,2025-03-23 01:57:48,2025-03-23 02:32:20,решено,0,
t001893,2025-04-18 04:19:00,u08694,чат,техническая проблема,1,a01,2025-04-18 04:47:58,2025-04-18 09:13:44,решено,0,
t002561,2025-04-17 07:37:00,u05885,почта,доступ и пароли,1,a18,2025-04-17 07:40:43,2025-04-17 08:35:21,решено,1,
t001393,2025-01-22 05:54:00,u00950,телефон,доступ и пароли,3,a12,2025-01-22 06:21:10,2025-01-22 06:53:44,решено,0,
t002293,2025-05-20 07:18:00,u00314,чат,техническая проблема,2,a07,2025-05-20 08:02:25,2025-05-20 23:07:37,решено,0,
t002948,2025-03-04 10:01:00,u03953,чат,техническая проблема,1,a10,2025-03-04 10:29:33,2025-03-04 18:27:10,решено,0,
t003723,2025-05-21 11:16:00,u02562,телефон,прочее,3,a18,2025-05-21 11:20:34,2025-05-21 14:57:24,решено,0,
t004865,2025-04-21 13:33:00,u00330,чат,доступ и пароли,2,a04,2025-04-21 13:45:33,2025-04-21 14:39:47,решено,0,
t002129,18.04.2025 08:00,u04450,чат,оплата и документы,2,a12,,,новое,0,
t001667,21.04.2025 06:05,u01837,телефон,техническая проблема,3,a02,2025-04-21 06:17:44,2025-04-21 21:03:28,решено,0,
t001488,2025-06-03 08:53:00,u02822,телефон,техническая проблема,3,a08,2025-06-03 08:59:19,2025-06-04 10:17:03,решено,0,
t004548,24.04.2025 04:44,u06358,чат,техническая проблема,1,a03,2025-04-24 04:47:36,2025-04-24 19:40:48,решено,0,
t001349,2025-03-02 06:31:00,u01877,чат,оплата и документы,3,a05,2025-03-02 07:49:07,2025-03-02 17:19:47,решено,0,2
t002994,2025-02-18 11:37:00,u05689,чат,доступ и пароли,2,a11,2025-02-18 12:43:10,2025-02-18 13:37:58,решено,0,
t001760,2025-03-17 13:58:00,u07452,телефон,прочее,3,a07,,,новое,0,
t002714,2025-02-05 07:48:00,u03451,почта,доступ и пароли,1,a04,2025-02-05 08:17:40,2025-02-05 09:16:36,решено,0,2
t002715,26.06.2025 03:54,u07189,чат,техническая проблема,1,a17,2025-06-26 04:09:56,2025-06-26 08:23:22,решено,0,
t002961,2025-06-11 09:18:00,u07160,телефон,расписание и посещаемость,2,a02,2025-06-11 10:11:55,2025-06-11 10:47:37,решено,0,
t004332,2025-04-24 12:34:00,u07172,чат,прочее,2,a05,2025-04-24 12:35:12,2025-04-24 16:30:30,решено,1,
t000596,2025-01-02 09:49:00,u02863,чат,доступ и пароли,1,a12,2025-01-02 10:07:33,2025-01-02 10:08:05,решено,0,
t001681,20.04.2025 07:29,u07755,телефон,техническая проблема,1,a09,2025-04-20 07:58:53,2025-04-20 22:43:40,решено,0,
t004411,2025-02-18 19:23:00,u00807,почта,доступ и пароли,1,a08,2025-02-18 20:43:54,2025-02-18 20:59:56,решено,0,1
t003391,2025-06-22 08:10:00,u02484,почта,техническая проблема,2,a04,2025-06-22 08:42:36,2025-06-22 10:40:44,решено,0,3
t000993,2025-02-13 09:06:00,u04013,чат,"",2,a09,2025-02-13 10:04:31,2025-02-13 15:28:08,решено,0,5
t004796,2025-04-17 08:30:00,u03379,почта,оплата и документы,2,a10,2025-04-17 08:44:55,2025-04-17 11:04:26,решено,0,
t003126,2025-01-16 02:26:00,u03717,форма,оплата и документы,3,a04,2025-01-16 02:55:52,2025-01-16 09:00:23,решено,0,
t004345,2025-04-05 07:33:00,u07400,чат,оплата и документы,2,a05,2025-04-05 07:36:25,2025-04-05 12:17:13,решено,0,
t001469,2025-01-13 13:25:00,u04500,чат,доступ и пароли,2,a09,2025-01-13 14:22:57,2025-01-13 14:53:24,решено,0,
t001574,2025-03-04 12:25:00,u06722,почта,доступ и пароли,2,a03,2025-03-04 12:54:12,2025-03-04 13:56:06,решено,0,
t000687,07.02.2025 09:38,u03879,чат,расписание и посещаемость,1,a07,2025-02-07 10:35:58,2025-02-07 11:35:03,решено,0,
t003789,2025-04-03 17:56:00,u05751,почта,доступ и пароли,1,a10,2025-04-03 18:12:41,2025-04-03 19:23:45,решено,0,
t001548,2025-02-07 04:09:00,u06860,форма,прочее,2,a08,2025-02-07 04:28:42,2025-02-07 07:51:22,решено,0,
t005136,2025-03-22 01:45:00,u02616,почта,доступ и пароли,2,a06,2025-03-22 02:17:16,2025-03-22 03:39:25,решено,0,
t000613,2025-01-09 02:02:00,u04892,форма,доступ и пароли,1,a03,2025-01-09 03:27:02,2025-01-09 04:00:43,решено,0,
t002521,2025-03-20 02:42:00,u06738,чат,доступ и пароли,2,a06,2025-03-20 02:56:11,2025-03-20 04:07:27,решено,0,3
t000756,2025-04-27 05:30:00,u06584,чат,оплата и документы,2,a12,2025-04-27 05:34:24,2025-04-27 15:16:10,решено,0,
t002162,2025-06-19 07:55:00,u04338,почта,расписание и посещаемость,2,a10,2025-06-19 08:32:26,2025-06-19 15:17:14,решено,0,
t004833,2025-02-05 10:44:00,u03291,чат,доступ и пароли,2,a07,2025-02-05 10:55:02,2025-02-05 15:01:34,решено,0,
t000399,2025-02-24 05:40:00,u03152,чат,расписание и посещаемость,3,a04,2025-02-24 05:53:32,2025-02-24 08:09:55,решено,0,
t004620,26.04.2025 11:07,u06502,чат,оплата и документы,2,a03,2025-04-26 11:32:51,2025-04-26 13:53:18,решено,0,
t000812,2025-05-20 11:32:00,u02368,почта,доступ и пароли,1,a09,2025-05-20 11:46:39,2025-05-20 12:40:36,решено,0,
t002651,05.04.2025 02:22,u01090,телефон,расписание и посещаемость,2,a18,2025-04-05 02:31:38,2025-04-05 06:46:34,решено,0,5
t003296,16.05.2025 10:00,u06744,чат,прочее,2,a15,2025-05-16 10:06:40,2025-05-16 15:43:09,решено,1,
t001594,27.05.2025 07:43,u03321,почта,техническая проблема,1,a05,2025-05-27 08:11:47,2025-05-27 18:52:41,решено,1,
t001608,21.06.2025 07:29,u06563,чат,оплата и документы,2,a16,2025-06-21 08:29:22,2025-06-21 10:51:52,решено,0,
t003012,23.05.2025 12:06,u07944,чат,доступ и пароли,2,a08,2025-05-23 12:09:19,2025-05-23 12:58:53,решено,0,
t004481,2025-02-02 09:59:00,u03211,форма,доступ и пароли,2,a14,2025-02-02 11:40:55,2025-02-02 12:02:41,решено,0,
t004014,06.04.2025 13:21,u06994,почта,оплата и документы,3,a11,2025-04-06 13:29:14,2025-04-06 19:55:31,решено,0,
t005325,02.01.2025 06:25,u05907,почта,расписание и посещаемость,2,a13,2025-01-02 07:21:30,2025-01-02 14:36:25,решено,0,
t003497,2025-05-18 04:50:00,u04970,чат,расписание и посещаемость,2,a06,2025-05-18 05:08:39,2025-05-18 09:35:26,решено,1,
t002543,22.06.2025 11:46,u04321,чат,прочее,2,a03,,,новое,0,
t004193,2025-02-24 09:18:00,u07019,почта,доступ и пароли,3,a05,2025-02-24 10:43:53,2025-02-24 12:33:40,решено,0,
t000077,07.01.2025 13:03,u00950,почта,доступ и пароли,2,a04,2025-01-07 13:18:23,2025-01-07 13:33:41,решено,0,
t001475,2025-06-22 03:20:00,u08954,почта,прочее,3,a05,2025-06-22 03:33:48,2025-06-22 04:49:08,решено,0,
t003265,2025-02-22 10:54:00,u05578,форма,доступ и пароли,1,a18,2025-02-22 11:05:44,2025-02-22 11:31:25,решено,0,
t001481,19.06.2025 11:14,u04360,почта,расписание и посещаемость,2,a05,2025-06-19 11:30:40,2025-06-19 16:35:20,решено,0,
t003686,20.03.2025 12:53,u07712,чат,доступ и пароли,3,a18,2025-03-20 13:13:07,2025-03-20 14:07:49,закрыто без ответа,0,4
t001145,2025-01-20 15:09:00,u00723,почта,доступ и пароли,2,a11,2025-01-20 15:29:55,2025-01-20 15:36:56,решено,0,
t001535,2025-02-21 09:26:00,u03071,Чат,техническая проблема,1,a07,2025-02-21 09:47:03,2025-02-21 16:13:08,решено,0,4
t001898,20.01.2025 02:35,u08702,почта,доступ и пароли,2,a03,2025-01-20 03:43:00,2025-01-20 05:09:08,решено,0,
t003887,2025-05-06 09:38:00,u05038,чат,расписание и посещаемость,1,a12,2025-05-06 09:41:05,2025-05-06 11:23:42,решено,0,
t000701,2025-06-19 20:20:00,u07985,почта,прочее,2,a08,2025-06-19 20:35:54,2025-06-19 22:04:02,решено,1,
t001734,2025-06-22 07:26:00,u02496,чат,расписание и посещаемость,3,a11,2025-06-22 08:07:14,2025-06-22 08:59:37,решено,0,
t003981,2025-01-21 10:07:00,u03186,чат,доступ и пароли,1,a05,2025-01-21 10:57:12,2025-01-21 10:59:00,решено,0,3
t005858,2025-01-14 12:59:00,u02691,чат,доступ и пароли,1,a01,2025-01-14 14:30:35,2025-01-14 15:38:27,решено,1,
t000244,2025-02-23 16:04:00,u06644,почта,техническая проблема,1,a10,2025-02-23 17:30:43,2025-02-23 22:01:49,решено,1,
t004462,2025-04-20 10:26:00,u07464,чат,техническая проблема,1,a12,2025-04-20 10:36:50,2025-04-21 05:40:31,решено,0,
t003179,2025-05-22 13:36:00,u05010,почта,доступ и пароли,3,a01,2025-05-22 14:01:38,2025-05-22 14:23:16,закрыто без ответа,1,3
t003462,2025-03-22 10:00:00,u03653,Чат,доступ и пароли,2,a07,2025-03-22 10:11:02,2025-03-22 11:20:48,решено,0,4
t004036,2025-01-20 11:53:00,u00723,почта,доступ и пароли,2,a14,2025-01-20 12:00:57,2025-01-20 12:30:10,решено,0,
t000940,2025-03-05 11:18:00,u00608,чат,оплата и документы,2,a18,2025-03-05 13:01:38,2025-03-05 21:16:57,решено,0,
t003229,2025-01-01 06:18:00,u02639,чат,доступ и пароли,2,a01,2025-01-01 06:27:50,2025-01-01 07:49:17,решено,0,5
t000173,2025-01-04 09:18:00,u04067,почта,оплата и документы,3,a11,2025-01-04 10:47:07,2025-01-04 12:41:29,решено,1,
t003860,03.05.2025 04:09,u03928,почта,расписание и посещаемость,2,a17,2025-05-03 04:21:15,2025-05-03 10:34:35,решено,0,
t005141,2025-04-19 13:41:00,u03018,телефон,техническая проблема,1,a15,2025-04-19 13:45:06,2025-04-19 20:37:59,решено,1,4
t005140,2025-01-13 13:11:00,u05154,телефон,доступ и пароли,2,a03,2025-01-13 13:26:01,2025-01-13 14:34:51,решено,0,
t005004,04.01.2025 04:12,u01648,чат,техническая проблема,1,a11,2025-01-04 04:15:21,2025-01-04 18:07:02,решено,0,
t003731,2025-02-18 12:53:00,u00216,чат,доступ и пароли,2,a12,2025-02-18 13:20:49,2025-02-18 14:39:52,решено,0,
t004037,2025-03-03 20:56:00,u08513,почта,доступ и пароли,3,a03,2025-03-03 21:24:31,2025-03-04 01:44:49,решено,0,
t004486,2025-05-09 09:31:00,u04392,форма,расписание и посещаемость,2,a15,2025-05-09 09:42:25,2025-05-09 10:18:13,решено,0,3
t004266,2025-02-24 13:52:00,u00868,почта,прочее,3,a07,2025-02-24 14:19:13,2025-02-24 15:14:40,решено,0,
t004736,2025-02-18 11:16:00,u03457,телефон,оплата и документы,3,a18,2025-02-18 12:43:24,2025-02-18 20:40:51,решено,0,
t001454,17.05.2025 07:14,u04584,чат,доступ и пароли,3,a15,2025-05-17 07:22:31,2025-05-17 08:03:18,решено,0,
t003506,22.01.2025 19:59,u01828,чат,доступ и пароли,3,a11,2025-01-22 21:34:31,2025-01-22 22:44:29,решено,0,
t004040,2025-03-03 12:21:00,u04416,почта,доступ и пароли,2,a18,2025-03-03 13:40:21,2025-03-03 14:01:58,решено,0,
t005794,2025-06-06 12:12:00,u03936,почта,техническая проблема,1,a01,2025-06-06 12:30:16,2025-06-06 15:42:54,решено,0,
t004149,2025-01-19 13:56:00,u03674,форма,доступ и пароли,2,a03,2025-01-19 14:26:58,2025-01-19 16:19:59,решено,0,
t000587,2025-04-09 15:39:00,u04545,почта,расписание и посещаемость,2,a12,2025-04-09 15:50:48,2025-04-09 18:08:44,решено,0,
t005019,2025-05-26 14:46:00,u04407,чат,доступ и пароли,2,a07,2025-05-26 14:49:53,2025-05-26 16:07:18,решено,1,
t002660,2025-01-07 13:21:00,u06466,телефон,оплата и документы,2,a12,2025-01-07 15:00:33,2025-01-07 19:41:30,решено,0,
t003972,10.02.2025 08:59,u00812,телефон,доступ и пароли,3,a01,2025-02-10 10:15:21,,в работе,0,
t003352,20.04.2025 06:45,u03192,почта,доступ и пароли,2,a05,2025-04-20 06:46:51,2025-04-20 08:22:33,решено,0,
t002753,12.06.2025 07:08,u02610,телефон,прочее,1,a06,2025-06-12 07:35:58,2025-06-12 12:07:46,решено,0,
t000393,2025-04-06 05:55:00,u00623,чат,расписание и посещаемость,1,a06,2025-04-06 06:01:37,2025-04-06 09:47:44,решено,0,
t004942,14.04.2025 05:52,u00969,чат,оплата и документы,2,a12,2025-04-14 06:10:57,2025-04-14 11:20:14,решено,0,
t005678,20.04.2025 03:05,u05899,почта,техническая проблема,1,a15,2025-04-20 03:22:11,2025-04-20 13:54:31,решено,0,
t003038,2025-05-12 03:24:00,u07941,чат,прочее,2,a05,2025-05-12 03:51:43,2025-05-12 11:06:43,решено,0,
t004067,2025-01-22 10:11:00,u06127,чат,техническая проблема,1,a11,2025-01-22 10:35:27,2025-01-22 23:36:36,решено,0,
t000027,2025-01-22 04:26:00,u00242,телефон,доступ и пароли,2,a14,2025-01-22 06:12:52,2025-01-22 07:38:37,решено,1,5
t005887,2025-05-18 11:24:00,u08489,телефон,техническая проблема,1,a03,2025-05-18 12:10:57,2025-05-18 17:14:58,решено,0,
t005333,2025-04-02 02:51:00,u06321,чат,оплата и документы,3,a18,2025-04-02 03:37:04,2025-04-02 04:38:50,решено,0,
t003139,2025-02-05 14:00:00,u07382,Чат,доступ и пароли,1,a15,2025-02-05 15:43:39,2025-02-05 18:25:50,решено,0,3
t001683,2025-04-04 06:55:00,u03690,чат,оплата и документы,3,a01,2025-04-04 07:47:36,2025-04-04 07:51:37,решено,0,
t002267,2025-06-16 02:56:00,u01689,почта,техническая проблема,2,a09,2025-06-16 03:20:47,2025-06-16 17:25:28,решено,0,3
t001523,2025-02-14 02:02:00,u01731,чат,доступ и пароли,2,a11,2025-02-14 02:09:32,2025-02-14 03:03:28,решено,0,
t001840,2025-03-05 05:20:00,u06538,телефон,доступ и пароли,3,a17,2025-03-05 07:05:13,2025-03-04 05:54:11,решено,0,1
t005629,07.03.2025 09:03,u05618,чат,оплата и документы,3,a16,2025-03-07 10:25:54,2025-03-07 12:54:01,решено,0,
t004388,18.03.2025 04:41,u07478,чат,прочее,2,a07,2025-03-18 06:01:27,2025-03-18 07:02:24,решено,0,5
t004526,04.01.2025 04:36,u07042,Чат,доступ и пароли,2,a06,2025-01-04 06:16:32,2025-01-04 06:47:47,решено,0,
t000846,2025-02-24 04:23:00,u02086,чат,доступ и пароли,2,a18,2025-02-24 04:29:08,2025-02-24 09:03:14,решено,0,
t001807,05.06.2025 10:15,u02085,чат,техническая проблема,2,a11,2025-06-05 10:18:41,2025-06-06 06:22:03,решено,0,
t002060,2025-03-14 09:11:00,u00356,телефон,оплата и документы,2,a05,2025-03-14 09:28:33,2025-03-14 10:38:05,решено,0,
t003847,2025-01-13 04:11:00,u06659,чат,оплата и документы,2,a09,2025-01-13 04:37:51,2025-01-13 07:33:15,решено,0,5
t003895,06.05.2025 08:55,u05776,почта,техническая проблема,1,a08,2025-05-06 09:21:02,2025-05-06 18:45:16,решено,0,
t002802,21.04.2025 06:48,u06060,чат,техническая проблема,2,a17,2025-04-21 06:52:22,2025-04-20 06:31:49,решено,0,
t005430,16.03.2025 09:12,u08492,чат,расписание и посещаемость,2,a07,2025-03-16 09:39:29,2025-03-16 12:56:21,решено,0,
t000451,2025-01-06 07:42:00,u05356,чат,доступ и пароли,3,a04,2025-01-06 07:45:00,2025-01-06 08:58:21,решено,0,
t003544,26.06.2025 16:30,u02536,чат,расписание и посещаемость,2,a09,2025-06-26 16:35:14,2025-06-26 20:12:15,решено,0,
t002100,12.04.2025 12:20,u05344,почта,доступ и пароли,2,a17,2025-04-12 12:26:55,2025-04-12 14:01:13,решено,0,
t003020,2025-01-24 01:57:00,u05420,чат,техническая проблема,2,a13,2025-01-24 02:47:39,2025-01-24 10:44:34,решено,0,4
t001232,2025-01-14 10:09:00,u07614,чат,доступ и пароли,2,a04,2025-01-14 11:20:56,2025-01-14 15:45:47,решено,0,1
t000180,13.03.2025 01:26,u05758,форма,расписание и посещаемость,2,a07,2025-03-13 02:31:19,2025-03-13 09:59:36,решено,0,3
t005224,2025-03-02 08:04:00,u05393,чат,"",2,a16,2025-03-02 09:00:31,2025-03-02 09:36:26,решено,0,
t000345,2025-05-19 06:48:00,u01813,чат,техническая проблема,3,a16,2025-05-19 07:16:58,2025-05-20 05:54:51,решено,0,
t004223,05.05.2025 12:28,u00597,чат,техническая проблема,2,a08,2025-05-05 12:42:35,2025-05-06 02:06:16,решено,0,
t003271,2025-02-02 05:15:00,u08537,почта,доступ и пароли,1,a17,2025-02-02 06:55:24,2025-02-02 07:03:11,решено,0,1
t003308,16.03.2025 08:11,u02097,чат,доступ и пароли,2,a06,2025-03-16 08:34:37,2025-03-16 09:22:44,решено,0,
t001539,2025-05-19 10:10:00,u07258,чат,прочее,2,a11,2025-05-19 10:39:00,2025-05-19 16:08:40,решено,0,
t003853,03.01.2025 10:56,u03742,чат,,2,a14,2025-01-03 11:20:27,2025-01-03 12:29:13,закрыто без ответа,0,
t002876,2025-06-21 10:17:00,u06507,телефон,оплата и документы,1,a15,2025-06-21 10:18:04,2025-06-21 12:45:56,решено,0,
t002493,2025-04-22 10:24:00,u01419,форма,доступ и пароли,1,a01,2025-04-22 10:38:15,2025-04-22 11:08:59,решено,0,
t002059,2025-06-14 02:31:00,u02955,форма,оплата и документы,2,a01,2025-06-14 02:36:24,2025-06-14 15:54:23,решено,0,
t001384,12.05.2025 06:45,u03880,чат,доступ и пароли,2,a08,2025-05-12 07:39:40,2025-05-12 08:10:26,решено,0,
t005918,2025-06-23 17:13:00,u05441,форма,доступ и пароли,1,a17,2025-06-23 18:16:20,,в работе,0,
t003230,13.06.2025 13:49,u06278,чат,оплата и документы,2,a07,2025-06-13 13:58:15,2025-06-13 15:47:42,решено,0,
t004294,18.02.2025 03:27,u05503,чат,доступ и пароли,1,a05,2025-02-18 03:47:14,2025-02-18 04:24:37,решено,0,
t005188,2025-05-07 12:17:00,u02627,чат,оплата и документы,2,a05,2025-05-07 13:18:50,2025-05-07 13:38:35,решено,1,
t001218,2025-02-05 09:36:00,u05064,почта,доступ и пароли,2,a12,2025-02-05 11:11:51,2025-02-05 11:40:32,решено,0,4
t001625,22.04.2025 04:14,u05413,телефон,оплата и документы,3,a03,2025-04-22 04:26:48,2025-04-22 10:08:05,решено,1,
t004412,2025-05-21 09:07:00,u08499,чат,расписание и посещаемость,2,a02,2025-05-21 09:17:45,2025-05-21 09:52:37,решено,0,
t000267,2025-06-27 13:39:00,u05322,чат,прочее,2,a12,2025-06-27 13:51:07,2025-06-27 19:27:07,решено,0,
t000008,19.04.2025 07:25,u03018,чат,доступ и пароли,3,a01,2025-04-19 07:59:09,2025-04-19 09:25:18,решено,0,
t003489,2025-05-12 14:45:00,u04711,чат,техническая проблема,1,a17,2025-05-12 15:44:40,2025-05-12 22:26:41,решено,0,
t005182,2025-05-06 13:28:00,u04131,почта,техническая проблема,1,a17,2025-05-06 14:31:44,2025-05-07 02:35:56,решено,0,
t002830,2025-04-08 16:32:00,u06334,чат,техническая проблема,3,a18,2025-04-08 16:40:48,2025-04-09 17:09:16,решено,0,
t002983,02.04.2025 19:18,u00190,почта,прочее,1,a08,2025-04-02 20:05:28,2025-04-02 22:38:57,решено,0,
t003283,2025-04-03 08:32:00,u08525,чат,доступ и пароли,2,a15,2025-04-03 08:43:14,2025-04-03 08:57:05,решено,0,
t002950,04.06.2025 07:06,u03580,чат,техническая проблема,1,a16,2025-06-04 07:32:47,2025-06-04 19:51:38,решено,0,
t000458,22.02.2025 03:53,u00171,чат,расписание и посещаемость,1,a16,2025-02-22 04:01:10,2025-02-22 08:36:44,решено,0,2
t004649,26.02.2025 06:09,u01128,чат,техническая проблема,2,a05,2025-02-26 06:33:16,2025-02-27 02:59:45,решено,0,
t003972,10.02.2025 08:59,u00812,телефон,доступ и пароли,3,a01,2025-02-10 10:15:21,,в работе,0,
t000459,2025-05-06 07:46:00,u04629,телефон,NULL,3,a01,2025-05-06 07:56:56,2025-05-06 08:24:18,решено,0,5
t004359,05.01.2025 13:01,u02781,форма,доступ и пароли,2,a01,2025-01-05 14:30:37,2025-01-05 18:44:00,решено,1,
t002825,03.06.2025 09:18,u02210,Чат,расписание и посещаемость,1,a16,2025-06-03 09:20:44,2025-06-03 11:35:23,решено,1,
t004003,2025-02-27 09:42:00,u07788,почта,доступ и пароли,3,a16,2025-02-27 10:05:37,2025-02-27 10:16:18,решено,0,
t004590,2025-05-24 04:05:00,u00053,форма,техническая проблема,1,a02,2025-05-24 04:10:22,2025-05-24 10:34:30,закрыто без ответа,0,
t001041,10.01.2025 13:02,u08446,телефон,оплата и документы,3,a07,2025-01-10 13:17:11,2025-01-10 22:33:24,решено,0,
t005926,2025-06-18 09:01:00,u08220,чат,доступ и пароли,2,a17,2025-06-18 09:25:25,2025-06-18 09:50:41,решено,0,
t005185,2025-05-22 10:10:00,u03011,форма,расписание и посещаемость,2,a05,2025-05-22 10:39:16,2025-05-22 13:58:48,решено,0,
t003747,2025-01-12 10:07:00,u08349,чат,оплата и документы,1,a05,2025-01-12 11:48:58,2025-01-12 13:46:27,решено,0,
t003211,21.04.2025 02:06,u07863,почта,техническая проблема,1,a07,2025-04-21 02:41:51,2025-04-21 10:55:15,решено,0,
t001701,2025-02-21 17:41:00,u04349,почта,расписание и посещаемость,1,a11,2025-02-21 18:58:48,2025-02-22 00:09:11,решено,0,5
t002038,13.05.2025 11:02,u04223,чат,техническая проблема,2,a08,2025-05-13 11:54:33,2025-05-13 15:27:43,решено,0,
t005873,2025-04-27 16:22:00,u06057,чат,расписание и посещаемость,2,a05,2025-04-27 16:39:40,2025-04-27 22:20:37,решено,0,
t001931,2025-05-12 12:02:00,u05887,почта,"",2,a11,2025-05-12 12:20:54,2025-05-12 12:45:44,решено,0,
t005225,03.02.2025 02:26,u06679,почта,доступ и пароли,1,a17,2025-02-03 02:32:01,2025-02-03 03:24:34,решено,0,
t005788,15.04.2025 09:53,u01883,чат,доступ и пароли,2,a05,2025-04-15 10:08:22,2025-04-15 10:50:13,решено,0,
t001660,2025-03-07 01:09:00,u00965,телефон,доступ и пароли,2,a03,2025-03-07 02:38:16,2025-03-07 04:46:41,решено,0,5
t005324,2025-01-12 05:59:00,u04363,чат,доступ и пароли,2,a06,2025-01-12 07:34:04,2025-01-12 07:38:47,решено,0,
t003628,2025-06-04 11:34:00,u08820,чат,расписание и посещаемость,3,a06,,,новое,0,
t000952,2025-03-06 10:49:00,u04036,чат,доступ и пароли,2,a11,2025-03-06 11:45:18,2025-03-06 12:58:22,решено,0,
t003348,24.01.2025 08:52,u08092,телефон,доступ и пароли,2,a12,2025-01-24 08:58:11,2025-01-24 09:35:01,решено,0,
t003577,2025-06-03 11:12:00,u00179,чат,техническая проблема,3,a18,2025-06-03 11:55:39,2025-06-04 11:21:02,решено,0,
t001188,2025-01-01 01:37:00,u03996,форма,доступ и пароли,2,a12,2025-01-01 03:09:53,2025-01-01 03:53:48,решено,0,
t003266,05.03.2025 07:39,u08636,почта,оплата и документы,2,a01,2025-03-05 07:55:42,2025-03-05 14:42:19,решено,0,
t002018,2025-04-14 09:25:00,u00911,телефон,техническая проблема,1,a12,2025-04-14 09:49:59,2025-04-14 20:49:04,решено,0,
t000228,02.01.2025 07:16,u05465,почта,расписание и посещаемость,1,a12,2025-01-02 08:41:30,2025-01-02 15:11:16,решено,0,
t004095,2025-02-24 13:39:00,u06940,чат,техническая проблема,1,a08,2025-02-24 15:09:41,2025-02-25 04:58:13,решено,0,
t002678,2025-06-05 13:05:00,u03113,чат,техническая проблема,3,a12,2025-06-05 14:06:14,2025-06-06 14:28:30,решено,0,
t001355,2025-01-08 20:23:00,u01495,телефон,оплата и документы,1,a09,2025-01-08 20:36:27,2025-01-09 03:41:26,решено,0,4
t000351,07.06.2025 05:06,u02766,чат,доступ и пароли,3,a04,2025-06-07 05:10:55,2025-06-07 05:39:18,решено,0,
t000537,05.04.2025 08:15,u00615,чат,оплата и документы,1,a03,2025-04-05 08:31:16,2025-04-05 09:41:32,решено,0,
t001630,2025-05-09 03:23:00,u03835,чат,доступ и пароли,2,a10,2025-05-09 04:19:05,2025-05-09 05:13:33,решено,0,
t002270,25.03.2025 02:57,u01342,телефон,оплата и документы,1,a08,2025-03-25 04:24:41,2025-03-25 08:06:55,решено,1,4
t000641,06.01.2025 08:46,u01140,телефон,оплата и документы,2,a12,2025-01-06 10:32:47,2025-01-06 13:22:41,решено,0,
t002513,13.06.2025 08:57,u01469,чат,расписание и посещаемость,2,a06,2025-06-13 09:03:53,2025-06-13 14:09:58,решено,0,
t000941,2025-04-26 05:53:00,u02570,чат,"",2,a09,2025-04-26 06:40:24,2025-04-26 12:03:54,решено,0,
t000210,04.02.2025 08:05,u08692,чат,доступ и пароли,1,a07,2025-02-04 08:10:05,2025-02-04 08:30:44,решено,0,5
t004802,02.02.2025 06:05,u00822,форма,доступ и пароли,1,a05,2025-02-02 06:31:39,2025-02-02 06:31:59,решено,0,
t001345,2025-02-05 09:49:00,u08519,почта,доступ и пароли,2,a14,2025-02-05 11:03:50,2025-02-05 11:14:24,закрыто без ответа,0,4
t000327,06.05.2025 15:39,u01220,чат,доступ и пароли,2,a04,2025-05-06 16:22:58,2025-05-06 16:36:01,решено,1,
t004160,06.03.2025 08:50,u06771,чат,доступ и пароли,1,a17,2025-03-06 10:34:34,2025-03-06 10:40:05,решено,0,
t005197,2025-06-10 18:04:00,u00264,чат,техническая проблема,1,a01,2025-06-10 18:08:04,2025-06-11 06:39:45,решено,0,
t005034,2025-02-17 02:25:00,u01059,форма,доступ и пароли,3,a15,2025-02-17 02:55:13,2025-02-17 03:04:27,решено,0,5
t002883,2025-01-20 04:04:00,u04472,чат,доступ и пароли,2,a08,2025-01-20 05:40:49,2025-01-20 07:04:36,решено,0,
t000989,2025-06-24 01:40:00,u01427,чат,расписание и посещаемость,3,a03,2025-06-24 01:54:01,2025-06-24 03:03:02,решено,1,
t000618,2025-06-05 10:23:00,u03813,чат,расписание и посещаемость,3,a01,2025-06-05 10:29:04,2025-06-05 12:49:38,решено,0,
t005057,2025-06-01 03:33:00,u00790,телефон,оплата и документы,2,a08,2025-06-01 03:45:36,2025-06-01 10:31:07,решено,0,
t000239,12.03.2025 11:47,u01201,почта,доступ и пароли,1,a10,2025-03-12 12:09:13,2025-03-12 13:02:43,решено,0,
t005013,2025-03-21 03:31:00,u05553,чат,расписание и посещаемость,3,a09,2025-03-21 05:09:44,2025-03-21 10:11:41,решено,0,
t004829,2025-01-08 09:16:00,u08228,чат,доступ и пароли,2,a01,2025-01-08 09:23:43,2025-01-07 08:46:11,решено,0,5
t005605,10.03.2025 04:51,u01083,чат,доступ и пароли,2,a09,2025-03-10 04:53:59,2025-03-10 05:29:12,решено,0,4
t004239,2025-04-06 02:14:00,u03639,телефон,расписание и посещаемость,1,a12,2025-04-06 02:41:44,2025-04-06 04:58:59,решено,0,
t002432,2025-01-25 07:32:00,u05805,почта,доступ и пароли,2,a09,2025-01-25 08:37:09,2025-01-25 10:28:50,решено,0,5
t000344,2025-03-20 13:44:00,u04640,чат,расписание и посещаемость,2,a15,2025-03-20 14:09:20,2025-03-20 18:53:26,решено,0,
t000388,2025-02-05 05:20:00,u08675,чат,,3,a06,2025-02-05 06:19:14,2025-02-04 06:03:21,решено,0,5
t004268,27.05.2025 12:39,u01778,чат,оплата и документы,2,a16,2025-05-27 12:45:11,2025-05-27 16:05:06,решено,0,
t000521,19.01.2025 09:14,u05342,почта,доступ и пароли,1,a03,2025-01-19 09:43:45,2025-01-19 10:16:37,решено,0,1
t004827,05.04.2025 19:39,u08495,почта,прочее,3,a10,2025-04-05 19:58:40,2025-04-06 00:09:21,решено,0,
t003776,2025-02-19 09:28:00,u03405,чат,доступ и пароли,3,a06,2025-02-19 09:52:12,2025-02-19 10:09:02,решено,0,4
t002837,2025-04-10 05:53:00,u05832,чат,оплата и документы,1,a17,2025-04-10 06:13:41,2025-04-10 11:11:21,решено,0,2
t000280,2025-05-02 02:25:00,u08499,чат,оплата и документы,1,a02,2025-05-02 03:06:22,2025-05-02 07:16:36,решено,0,
t000223,2025-06-11 04:18:00,u01535,чат,доступ и пароли,3,a08,2025-06-11 04:37:10,2025-06-11 04:51:52,решено,0,4
t003817,2025-03-21 17:52:00,u06253,чат,доступ и пароли,2,a07,2025-03-21 19:35:42,2025-03-21 20:24:41,решено,1,
t001778,2025-06-19 03:05:00,u04936,чат,техническая проблема,1,a18,2025-06-19 03:18:56,2025-06-19 07:13:53,решено,0,
t002344,03.05.2025 07:28,u06995,чат,оплата и документы,1,a09,2025-05-03 08:31:47,2025-05-03 13:03:39,решено,0,
t004304,2025-01-23 07:02:00,u00888,телефон,оплата и документы,1,a11,2025-01-23 07:20:38,2025-01-23 16:09:18,решено,0,
t004916,2025-06-05 03:51:00,u01366,чат,расписание и посещаемость,2,a01,2025-06-05 04:16:07,2025-06-05 06:16:00,решено,0,
t000955,23.06.2025 13:37,u05791,телефон,расписание и посещаемость,1,a05,2025-06-23 14:41:03,2025-06-23 15:40:15,решено,0,
t000074,04.04.2025 09:15,u01837,телефон,NULL,2,a15,2025-04-04 09:23:27,2025-04-04 12:23:31,решено,0,
t002168,02.02.2025 12:26,u05852,чат,оплата и документы,2,a18,2025-02-02 13:33:53,2025-02-02 16:09:19,решено,0,
t002124,2025-01-15 12:31:00,u01047,чат,доступ и пароли,2,a12,2025-01-15 13:54:30,2025-01-15 14:48:35,решено,0,
t002792,19.05.2025 07:57,u01370,телефон,прочее,1,a12,2025-05-19 08:32:31,2025-05-19 10:25:42,решено,0,
t000222,04.01.2025 05:48,u07703,чат,техническая проблема,2,a03,2025-01-04 05:54:36,2025-01-04 13:11:13,закрыто без ответа,0,
t003249,2025-06-23 11:28:00,u01477,форма,техническая проблема,3,a12,2025-06-23 11:44:34,2025-06-23 16:09:39,решено,0,
t005144,12.05.2025 03:42,u07663,форма,доступ и пароли,2,a06,2025-05-12 03:43:50,2025-05-12 05:19:44,решено,0,
t001529,21.02.2025 13:10,u03909,почта,прочее,2,a12,2025-02-21 14:49:13,2025-02-21 23:59:30,решено,0,3
t002130,24.06.2025 07:42,u03813,чат,оплата и документы,3,a18,2025-06-24 07:47:39,2025-06-23 07:40:16,решено,0,
t001557,2025-01-11 05:33:00,u07237,телефон,доступ и пароли,1,a02,2025-01-11 05:58:09,2025-01-11 09:17:58,решено,1,
t002858,09.04.2025 12:34,u06196,почта,оплата и документы,2,a05,2025-04-09 12:39:38,2025-04-09 16:38:26,решено,0,1
t004675,2025-05-25 19:17:00,u08793,почта,оплата и документы,3,a18,2025-05-25 19:40:42,2025-05-25 21:29:04,решено,1,
t002512,2025-06-20 10:59:00,u00877,чат,техническая проблема,3,a03,2025-06-20 11:56:43,2025-06-21 01:17:46,решено,0,
t002377,2025-04-21 14:29:00,u04849,почта,доступ и пароли,2,a09,2025-04-21 15:00:10,2025-04-21 16:00:14,решено,0,
t004331,18.02.2025 09:58,u03673,чат,расписание и посещаемость,2,a01,2025-02-18 10:53:59,2025-02-18 13:18:54,решено,0,5
t000045,02.02.2025 07:22,u02061,телефон,доступ и пароли,2,a02,2025-02-02 07:25:34,2025-02-02 11:17:32,решено,1,2
t003735,07.03.2025 09:05,u05173,Чат,прочее,3,a01,2025-03-07 09:20:25,2025-03-07 12:11:53,решено,0,5
t001310,2025-04-22 14:39:00,u04361,почта,доступ и пароли,1,a18,,,новое,0,
t003715,18.03.2025 02:29,u08607,почта,доступ и пароли,1,a04,2025-03-18 04:14:00,2025-03-18 04:27:06,решено,0,
t005591,04.06.2025 04:34,u05670,почта,доступ и пароли,1,a06,2025-06-04 05:20:37,,в работе,0,
t000578,2025-05-04 01:26:00,u04402,почта,техническая проблема,3,a18,2025-05-04 01:32:37,2025-05-05 17:33:01,решено,0,
t000316,2025-05-22 05:15:00,u02903,форма,техническая проблема,1,a08,2025-05-22 05:16:49,2025-05-22 16:52:15,решено,0,
t003680,2025-05-19 03:22:00,u08842,почта,техническая проблема,1,a05,2025-05-19 03:35:57,2025-05-19 11:02:56,решено,0,
t003534,2025-05-05 03:27:00,u00470,почта,оплата и документы,2,a08,2025-05-05 04:10:19,2025-05-05 07:48:44,решено,0,
t005204,17.03.2025 09:46,u04650,чат,оплата и документы,2,a07,2025-03-17 10:08:40,2025-03-17 17:01:38,решено,0,4
t004074,2025-03-03 11:44:00,u00874,чат,оплата и документы,1,a02,2025-03-03 13:04:31,2025-03-03 16:15:32,решено,0,
t000104,2025-05-14 03:27:00,u06443,чат,оплата и документы,1,a17,2025-05-14 03:28:56,2025-05-14 05:26:40,решено,0,
t000322,2025-04-26 05:20:00,u05002,телефон,расписание и посещаемость,1,a06,2025-04-26 05:26:07,2025-04-26 07:39:17,решено,0,
t003317,07.06.2025 11:39,u08284,чат,техническая проблема,2,a10,2025-06-07 11:40:34,2025-06-07 16:27:43,решено,0,
t001887,2025-01-02 12:27:00,u04527,почта,расписание и посещаемость,2,a13,2025-01-02 13:29:30,,в работе,0,3
t002623,07.01.2025 12:37,u01247,чат,прочее,1,a05,2025-01-07 12:57:46,2025-01-07 17:16:26,решено,0,
t001593,2025-03-04 08:19:00,u05226,почта,оплата и документы,2,a05,2025-03-04 09:56:15,2025-03-04 14:20:48,решено,0,
t004438,2025-05-18 05:11:00,u01018,форма,техническая проблема,1,a12,2025-05-18 05:55:55,2025-05-18 15:56:01,решено,0,
t002979,18.05.2025 02:07,u05861,чат,расписание и посещаемость,2,a15,2025-05-18 02:29:16,2025-05-18 06:15:11,решено,0,2
t002735,22.02.2025 08:26,u07574,форма,доступ и пароли,1,a06,2025-02-22 08:55:05,2025-02-22 09:40:05,решено,0,
t001399,2025-05-18 07:29:00,u07099,форма,оплата и документы,2,a16,2025-05-18 07:42:19,2025-05-18 12:14:47,решено,0,
t003538,2025-02-15 13:37:00,u01738,чат,доступ и пароли,2,a15,2025-02-15 13:51:46,2025-02-14 12:55:36,решено,0,4
t002279,03.04.2025 12:34,u04603,телефон,техническая проблема,2,a05,2025-04-03 12:55:54,2025-04-03 19:38:18,решено,0,
t002004,2025-05-21 06:36:00,u00286,чат,"",2,a11,2025-05-21 07:25:39,2025-05-21 08:11:42,решено,1,
t000686,2025-06-04 06:08:00,u01182,почта,техническая проблема,1,a10,2025-06-04 06:46:38,2025-06-04 18:05:28,решено,0,
t005808,2025-03-09 15:38:00,u05778,телефон,доступ и пароли,2,a17,2025-03-09 17:12:52,2025-03-09 18:05:30,решено,0,
t004150,2025-02-04 13:54:00,u02814,телефон,доступ и пароли,2,a11,2025-02-04 15:32:01,2025-02-04 16:21:07,решено,1,
t003826,2025-06-17 07:02:00,u03435,чат,прочее,3,a02,2025-06-17 07:12:52,,в работе,0,
t003975,2025-06-05 02:06:00,u05990,телефон,расписание и посещаемость,2,a08,2025-06-05 02:18:32,2025-06-05 07:24:04,решено,0,
t005096,2025-04-05 07:36:00,u04732,форма,техническая проблема,1,a09,2025-04-05 08:25:16,2025-04-05 15:21:57,решено,0,
t002823,2025-01-18 03:20:00,u06524,чат,расписание и посещаемость,2,a13,2025-01-18 03:26:03,2025-01-18 04:45:58,решено,0,5
t003593,11.03.2025 13:49,u05340,телефон,доступ и пароли,2,a15,2025-03-11 13:54:26,2025-03-11 15:04:16,решено,0,
t000221,2025-01-21 10:02:00,u07801,почта,доступ и пароли,3,a04,2025-01-21 11:15:40,2025-01-21 11:17:54,решено,1,4
t003513,2025-04-15 01:09:00,u00266,чат,оплата и документы,2,a15,,,новое,0,
t004046,2025-06-13 11:14:00,u01456,почта,техническая проблема,1,a03,2025-06-13 11:57:09,2025-06-13 19:18:38,решено,0,4
t004676,2025-02-20 12:25:00,u03703,почта,доступ и пароли,1,a03,2025-02-20 14:13:51,2025-02-20 15:24:14,решено,0,
t005194,2025-06-02 01:45:00,u02070,форма,расписание и посещаемость,2,a01,2025-06-02 02:15:28,2025-06-02 03:13:50,решено,0,
t001811,2025-04-16 10:31:00,u00555,почта,прочее,2,a02,2025-04-16 10:38:50,2025-04-16 14:17:52,решено,0,
t004659,19.06.2025 07:43,u04880,Чат,оплата и документы,1,a18,2025-06-19 08:45:19,2025-06-19 14:06:05,решено,0,
t003662,11.04.2025 05:13,u04672,чат,оплата и документы,2,a10,2025-04-11 05:31:34,2025-04-11 06:02:40,решено,0,
t001453,2025-02-02 10:24:00,u01895,телефон,доступ и пароли,1,a16,2025-02-02 11:00:50,2025-02-02 11:06:20,решено,0,
t002167,2025-04-25 11:03:00,u08971,чат,техническая проблема,2,a12,2025-04-25 11:45:33,2025-04-25 19:46:34,решено,0,
t003099,2025-03-14 12:59:00,u05863,чат,доступ и пароли,2,a11,2025-03-14 13:29:12,2025-03-14 13:48:13,решено,1,
t004704,24.04.2025 03:33,u01072,почта,"",2,a02,2025-04-24 03:56:22,2025-04-24 11:16:05,решено,0,
t005444,2025-05-06 08:06:00,u04131,Чат,доступ и пароли,1,a02,2025-05-06 08:08:24,,в работе,0,
t004113,26.01.2025 12:45,u03270,почта,расписание и посещаемость,1,a12,2025-01-26 13:28:06,2025-01-26 15:31:36,решено,0,3
t002966,2025-06-13 13:11:00,u03304,чат,техническая проблема,2,a11,2025-06-13 13:38:30,2025-06-13 19:52:33,решено,0,
t002132,18.03.2025 17:15,u05744,почта,доступ и пароли,1,a04,2025-03-18 18:39:57,2025-03-18 20:31:23,решено,0,
t003878,2025-03-05 02:20:00,u04721,почта,доступ и пароли,3,a03,2025-03-05 02:30:48,2025-03-05 03:36:45,решено,0,
t000049,18.05.2025 09:24,u06400,почта,доступ и пароли,1,a18,2025-05-18 09:29:33,2025-05-18 10:32:30,решено,0,
t004751,23.04.2025 01:33,u07628,чат,расписание и посещаемость,2,a01,2025-04-23 01:54:20,2025-04-23 08:16:25,решено,0,
t002192,2025-05-22 13:37:00,u06497,чат,техническая проблема,2,a02,2025-05-22 13:39:35,,в работе,0,
t001228,2025-02-24 07:22:00,u06661,Чат,доступ и пароли,2,a13,2025-02-24 08:21:53,2025-02-24 08:24:19,решено,0,5
t000035,2025-05-11 08:45:00,u00187,чат,техническая проблема,1,a07,2025-05-11 09:00:21,2025-05-11 19:34:21,решено,0,4
t000959,2025-04-15 03:41:00,u08779,Чат,техническая проблема,2,a05,2025-04-15 04:03:27,2025-04-16 00:21:45,решено,0,
t001383,2025-02-14 10:36:00,u05283,чат,доступ и пароли,1,a14,2025-02-14 10:39:13,2025-02-14 11:33:34,решено,0,5
t004981,24.04.2025 03:22,u05396,чат,оплата и документы,2,a06,2025-04-24 04:23:58,2025-04-24 13:28:19,решено,0,
t004052,05.03.2025 01:58,u00115,чат,доступ и пароли,2,a01,2025-03-05 02:05:32,2025-03-05 02:50:17,решено,0,
t005370,2025-05-24 01:19:00,u08913,почта,прочее,1,a04,2025-05-24 01:37:00,2025-05-24 04:48:00,решено,0,
t003075,23.04.2025 01:45,u06567,почта,прочее,1,a08,2025-04-23 01:50:46,2025-04-23 05:43:06,решено,0,
t001623,2025-03-22 06:44:00,u05226,чат,оплата и документы,3,a02,2025-03-22 07:50:10,2025-03-22 08:13:08,закрыто без ответа,0,
t003134,2025-04-22 06:28:00,u04384,чат,оплата и документы,3,a16,2025-04-22 07:11:15,2025-04-22 11:58:01,решено,0,
t004553,2025-02-07 12:52:00,u04968,чат,техническая проблема,1,a09,2025-02-07 13:32:51,2025-02-08 00:46:41,решено,0,
t003502,2025-04-20 09:19:00,u01491,чат,техническая проблема,2,a15,2025-04-20 10:12:54,2025-04-20 16:40:32,решено,0,
t002918,2025-02-04 21:08:00,u02814,телефон,расписание и посещаемость,2,a17,2025-02-04 21:37:37,2025-02-04 23:24:44,решено,0,
t003171,2025-04-08 03:52:00,u07834,почта,техническая проблема,2,a01,,,новое,0,
t000916,2025-06-07 15:13:00,u01982,почта,техническая проблема,2,a02,2025-06-07 15:16:49,2025-06-08 00:30:28,решено,0,
t004145,2025-04-22 03:21:00,u01727,почта,оплата и документы,1,a11,2025-04-22 04:14:04,2025-04-22 08:17:56,решено,0,
t002701,2025-03-24 06:13:00,u02607,почта,доступ и пароли,3,a02,2025-03-24 07:17:16,2025-03-24 09:25:40,решено,0,
t003385,2025-03-16 12:21:00,u04343,почта,расписание и посещаемость,2,a10,2025-03-16 12:34:32,2025-03-16 14:35:32,решено,0,
t003133,2025-06-19 12:56:00,u00363,чат,расписание и посещаемость,3,a10,2025-06-19 13:05:13,2025-06-19 14:16:12,решено,0,
t003832,2025-06-15 13:10:00,u01254,чат,прочее,3,a04,2025-06-15 13:44:31,,в работе,0,
t000705,12.03.2025 03:16,u07989,чат,доступ и пароли,3,a09,2025-03-12 05:07:15,2025-03-12 05:34:25,решено,0,5
t002960,2025-06-02 03:22:00,u04469,почта,оплата и документы,2,a17,2025-06-02 03:45:14,2025-06-02 05:16:40,решено,0,
t005331,2025-04-07 14:38:00,u02340,почта,оплата и документы,3,a03,2025-04-07 14:56:11,2025-04-07 19:06:09,решено,0,
t002687,2025-01-04 18:48:00,u04755,почта,расписание и посещаемость,3,a09,2025-01-04 20:14:30,2025-01-05 00:34:45,решено,0,5
t005067,2025-05-08 10:11:00,u08653,почта,прочее,2,a06,2025-05-08 11:12:01,2025-05-08 13:12:17,решено,0,
t005767,2025-04-16 13:15:00,u06144,телефон,техническая проблема,1,a06,2025-04-16 13:24:34,2025-04-17 01:50:52,решено,0,
t001282,2025-02-15 05:39:00,u07942,почта,доступ и пароли,1,a15,2025-02-15 06:06:28,2025-02-15 06:18:05,решено,0,
t002347,2025-06-18 10:38:00,u02949,чат,техническая проблема,1,a07,2025-06-18 10:41:56,2025-06-18 20:52:22,решено,0,
t005696,2025-03-02 05:06:00,u07243,форма,техническая проблема,2,a08,2025-03-02 06:40:48,2025-03-02 15:59:34,решено,1,
t001104,2025-04-18 09:25:00,u03868,почта,NULL,2,a15,2025-04-18 09:41:09,2025-04-18 14:35:13,решено,0,
t000469,2025-03-23 07:43:00,u08042,почта,доступ и пароли,3,a15,2025-03-23 08:39:56,2025-03-23 10:23:40,решено,0,
t002828,2025-03-09 04:00:00,u05239,чат,доступ и пароли,3,a01,2025-03-09 04:46:44,2025-03-09 04:55:39,решено,0,3
t005003,04.02.2025 11:34,u01536,чат,расписание и посещаемость,3,a13,2025-02-04 12:29:00,2025-02-04 14:01:35,решено,0,4
t002197,2025-01-05 02:42:00,u08040,форма,доступ и пароли,2,a05,2025-01-05 04:29:18,2025-01-05 05:57:59,решено,0,
t001304,24.05.2025 03:55,u07779,почта,оплата и документы,1,a02,2025-05-24 04:31:59,2025-05-24 07:01:49,решено,1,1
t000094,23.05.2025 13:58,u01093,чат,оплата и документы,3,a09,2025-05-23 14:13:34,2025-05-22 14:12:57,решено,0,
t004984,2025-04-22 09:35:00,u07802,телефон,техническая проблема,2,a01,2025-04-22 09:48:22,2025-04-23 05:42:41,решено,0,
t003213,2025-06-06 04:29:00,u04204,чат,расписание и посещаемость,3,a04,2025-06-06 04:54:52,2025-06-06 07:10:48,решено,0,
t005721,2025-01-04 10:18:00,u05512,чат,оплата и документы,3,a06,2025-01-04 11:51:56,2025-01-04 13:09:31,решено,0,
t000462,2025-04-05 02:03:00,u05880,почта,оплата и документы,1,a15,2025-04-05 02:20:23,2025-04-05 08:11:44,решено,1,
t000620,16.05.2025 08:21,u07447,чат,техническая проблема,2,a12,2025-05-16 08:29:54,2025-05-16 19:29:05,решено,0,
t005192,2025-06-19 04:39:00,u05563,телефон,NULL,1,a02,2025-06-19 04:53:11,2025-06-19 11:44:28,решено,0,
t001977,24.03.2025 13:06,u08091,телефон,техническая проблема,1,a10,2025-03-24 14:28:02,2025-03-24 19:26:06,закрыто без ответа,0,
t004483,2025-04-04 17:52:00,u06133,чат,доступ и пароли,3,a16,2025-04-04 18:13:52,2025-04-04 19:19:39,решено,0,
t003405,01.02.2025 06:48,u07745,Чат,доступ и пароли,1,a13,2025-02-01 07:56:46,2025-02-01 08:44:35,решено,0,
t003985,2025-04-24 02:58:00,u03090,телефон,техническая проблема,2,a01,2025-04-24 03:16:38,2025-04-24 10:41:27,решено,0,
t001913,2025-02-14 08:05:00,u05169,почта,оплата и документы,2,a04,2025-02-14 08:20:25,2025-02-14 11:32:50,решено,0,
t002176,2025-01-25 06:35:00,u08318,чат,расписание и посещаемость,1,a12,2025-01-25 07:04:19,2025-01-25 09:14:42,решено,0,
t000816,2025-01-08 13:22:00,u00638,чат,доступ и пароли,1,a02,2025-01-08 13:35:08,2025-01-08 14:51:14,закрыто без ответа,1,
t005271,2025-01-18 06:31:00,u01348,почта,доступ и пароли,3,a13,2025-01-18 06:48:16,2025-01-18 07:28:05,решено,0,
t004299,18.01.2025 12:08,u05443,почта,доступ и пароли,1,a14,2025-01-18 12:11:07,2025-01-18 15:22:20,решено,0,
t003977,2025-06-03 07:32:00,u05284,телефон,техническая проблема,1,a18,2025-06-03 07:43:11,2025-06-03 17:46:44,решено,0,
t001597,2025-05-06 11:29:00,u04255,почта,доступ и пароли,1,a16,2025-05-06 11:56:03,2025-05-06 13:34:09,решено,0,4
t000911,16.05.2025 12:58,u00213,чат,доступ и пароли,2,a10,2025-05-16 13:01:30,2025-05-16 13:59:50,решено,0,
t000125,07.05.2025 05:10,u07591,почта,расписание и посещаемость,2,a04,2025-05-07 05:19:25,2025-05-07 09:04:44,решено,0,
t003913,2025-01-26 09:14:00,u05117,чат,доступ и пароли,1,a03,2025-01-26 09:26:40,2025-01-26 10:31:05,решено,0,
t005502,16.02.2025 11:51,u05414,чат,доступ и пароли,1,a12,2025-02-16 12:06:14,2025-02-16 12:36:55,решено,0,5
t000913,12.03.2025 18:06,u08281,почта,доступ и пароли,2,a17,2025-03-12 18:24:29,,в работе,0,2
t000284,2025-04-02 01:36:00,u00733,чат,расписание и посещаемость,1,a10,2025-04-02 01:45:07,2025-04-02 04:50:18,решено,0,
t000813,2025-03-13 07:33:00,u08874,почта,оплата и документы,2,a01,2025-03-13 07:48:25,2025-03-13 11:25:06,решено,0,
t003390,22.04.2025 09:12,u06999,форма,"",2,a16,2025-04-22 09:14:15,2025-04-22 15:16:52,решено,1,
t001132,2025-05-05 12:01:00,u01896,почта,техническая проблема,2,a08,2025-05-05 12:12:41,2025-05-05 17:30:10,решено,0,
t000681,07.04.2025 09:28,u05413,чат,оплата и документы,2,a03,2025-04-07 09:47:20,,в работе,0,
t001137,04.04.2025 16:15,u00055,форма,оплата и документы,2,a11,2025-04-04 16:52:38,2025-04-04 19:44:59,решено,0,
t002600,05.02.2025 04:49,u05145,почта,доступ и пароли,2,a14,2025-02-05 06:24:12,2025-02-05 06:27:16,решено,1,
t004231,2025-05-04 05:43:00,u00716,чат,расписание и посещаемость,3,a17,2025-05-04 06:31:21,2025-05-04 07:56:52,решено,0,
t000605,2025-06-07 09:04:00,u08284,форма,доступ и пароли,1,a17,2025-06-07 09:33:05,2025-06-07 10:11:06,решено,0,
t001299,2025-01-23 07:39:00,u07503,чат,оплата и документы,2,a10,2025-01-23 07:56:20,2025-01-23 09:00:03,решено,0,4
t005488,15.03.2025 13:48,u02775,почта,доступ и пароли,3,a04,2025-03-15 14:13:01,2025-03-15 18:16:29,решено,0,
t002536,07.02.2025 07:10,u04075,чат,доступ и пароли,2,a08,2025-02-07 08:43:54,2025-02-07 10:04:35,решено,0,
t001531,20.03.2025 06:01,u05627,форма,техническая проблема,1,a12,2025-03-20 06:28:29,2025-03-20 17:52:34,решено,0,
t002092,2025-01-23 02:33:00,u05929,чат,прочее,3,a13,2025-01-23 04:06:00,2025-01-23 04:55:17,решено,0,4
t005426,2025-02-12 11:44:00,u07137,чат,прочее,1,a01,2025-02-12 13:35:01,2025-02-12 15:25:04,решено,0,
t000728,04.02.2025 09:26,u04578,чат,прочее,3,a12,2025-02-04 09:32:50,2025-02-04 12:10:35,решено,0,
t000412,2025-04-02 08:21:00,u00094,почта,прочее,2,a07,2025-04-02 08:42:00,2025-04-02 10:20:07,решено,0,
t000394,2025-04-06 06:07:00,u01602,чат,доступ и пароли,2,a07,2025-04-06 06:29:42,2025-04-06 08:01:04,решено,0,
t003753,2025-01-23 12:46:00,u08289,почта,доступ и пароли,2,a01,2025-01-23 13:48:45,2025-01-23 13:54:42,решено,0,5
t002663,2025-01-19 02:49:00,u01648,телефон,прочее,2,a14,2025-01-19 04:02:00,2025-01-19 08:16:30,решено,0,
t001903,2025-03-10 07:48:00,u01083,почта,техническая проблема,1,a08,2025-03-10 08:17:05,2025-03-11 07:26:50,решено,0,
t003778,2025-01-02 08:45:00,u06359,чат,доступ и пароли,1,a09,2025-01-02 09:06:58,2025-01-02 10:11:05,решено,0,
t000414,2025-05-04 13:37:00,u06434,чат,доступ и пароли,3,a01,2025-05-04 13:42:11,2025-05-04 15:51:23,решено,0,
t005150,2025-01-10 05:17:00,u03586,почта,расписание и посещаемость,1,a07,2025-01-10 05:26:51,2025-01-10 09:06:26,решено,0,
t001590,2025-06-26 12:54:00,u04143,Чат,техническая проблема,2,a04,,,новое,0,
t001712,2025-05-23 12:41:00,u01758,телефон,оплата и документы,2,a02,2025-05-23 12:51:56,,в работе,1,4
t000797,2025-03-07 03:31:00,u07124,телефон,прочее,2,a16,2025-03-07 03:35:41,2025-03-07 18:42:02,решено,0,5
t002940,2025-06-07 04:43:00,u04511,телефон,,2,a06,2025-06-07 05:00:11,2025-06-07 15:35:03,решено,0,
t001737,2025-04-07 12:39:00,u05899,чат,техническая проблема,1,a15,2025-04-07 12:45:24,2025-04-07 23:37:10,решено,0,
t002463,2025-06-02 06:45:00,u03610,чат,расписание и посещаемость,1,a01,2025-06-02 07:42:43,2025-06-02 10:48:11,решено,0,
t003481,2025-05-04 12:42:00,u05611,почта,оплата и документы,2,a11,2025-05-04 12:45:49,2025-05-04 18:39:03,решено,0,
t004930,2025-02-11 12:37:00,u08629,чат,оплата и документы,3,a13,2025-02-11 13:36:18,2025-02-11 19:44:21,решено,0,
t002186,2025-06-25 04:54:00,u04024,чат,доступ и пароли,2,a11,2025-06-25 05:53:19,2025-06-25 05:59:13,решено,0,
t005179,2025-01-21 03:20:00,u07450,почта,оплата и документы,1,a14,2025-01-21 03:27:24,2025-01-21 04:42:11,решено,0,
t004724,2025-01-24 10:53:00,u01185,телефон,доступ и пароли,3,a06,2025-01-24 12:28:44,2025-01-24 13:55:02,решено,0,
t003601,05.03.2025 13:01,u03959,чат,оплата и документы,2,a16,2025-03-05 14:06:22,2025-03-05 19:00:54,решено,0,5
t004514,2025-06-27 13:47:00,u07391,телефон,расписание и посещаемость,2,a11,2025-06-27 14:01:41,2025-06-27 17:03:05,решено,0,
t005309,23.01.2025 02:55,u03134,чат,доступ и пароли,3,a02,2025-01-23 04:39:54,2025-01-23 07:28:40,решено,0,3
t001324,2025-05-20 10:00:00,u01474,почта,расписание и посещаемость,2,a18,2025-05-20 10:51:29,2025-05-20 12:20:18,решено,0,
t001731,2025-01-04 15:38:00,u05492,чат,доступ и пароли,1,a13,2025-01-04 15:59:44,2025-01-04 17:49:13,решено,0,4
t003168,2025-04-19 13:05:00,u02756,чат,"",2,a01,2025-04-19 13:11:27,2025-04-19 17:39:02,решено,0,
t003286,2025-04-06 20:18:00,u06994,форма,оплата и документы,1,a12,2025-04-06 20:38:52,2025-04-07 01:14:48,решено,0,
t003563,2025-01-08 04:16:00,u01308,почта,доступ и пароли,1,a13,2025-01-08 04:38:06,2025-01-08 05:52:37,решено,0,
t000107,2025-04-11 04:14:00,u06628,чат,техническая проблема,2,a11,,,новое,0,
t001837,2025-04-12 14:41:00,u02388,чат,расписание и посещаемость,3,a02,2025-04-12 15:45:41,2025-04-12 18:45:19,решено,0,
t001605,2025-06-24 11:28:00,u01225,чат,оплата и документы,2,a17,2025-06-24 11:43:12,2025-06-24 16:22:54,решено,0,
t002312,2025-01-17 05:35:00,u00963,чат,доступ и пароли,2,a08,2025-01-17 06:37:58,2025-01-17 09:07:22,решено,1,
t000249,12.03.2025 02:18,u04960,форма,доступ и пароли,2,a15,2025-03-12 03:57:24,2025-03-12 04:31:33,решено,0,5
t003648,2025-01-04 09:25:00,u07178,чат,оплата и документы,3,a03,,,новое,0,
t003591,2025-02-03 10:17:00,u00645,чат,расписание и посещаемость,1,a10,2025-02-03 11:54:38,2025-02-03 12:29:18,решено,0,
t001281,2025-01-04 12:12:00,u05345,форма,оплата и документы,1,a13,2025-01-04 12:28:29,2025-01-04 13:38:18,решено,0,
t002807,10.03.2025 04:40,u00952,чат,оплата и документы,2,a16,2025-03-10 06:28:25,2025-03-10 16:14:08,решено,0,
t002976,2025-02-03 09:43:00,u03359,чат,оплата и документы,2,a01,2025-02-03 10:52:27,2025-02-03 12:31:24,решено,0,3
t004139,2025-01-02 07:18:00,u04751,чат,прочее,2,a11,2025-01-02 07:46:17,2025-01-02 15:14:49,решено,0,
t004426,2025-02-10 11:50:00,u03517,чат,доступ и пароли,1,a06,2025-02-10 12:51:37,2025-02-10 13:15:26,решено,0,5
t001127,2025-02-10 01:37:00,u00118,почта,прочее,1,a09,2025-02-10 02:44:47,2025-02-10 17:39:46,решено,0,
t004409,2025-02-13 02:53:00,u08003,почта,техническая проблема,1,a05,2025-02-13 04:40:32,2025-02-13 17:14:05,закрыто без ответа,0,5
t002582,04.01.2025 11:06,u05650,форма,доступ и пароли,2,a14,2025-01-04 11:55:07,2025-01-04 12:52:14,решено,0,
t002174,2025-03-07 12:26:00,u00059,чат,оплата и документы,2,a08,2025-03-07 12:31:12,2025-03-07 22:30:27,решено,0,3
t005122,2025-03-21 12:59:00,u08890,чат,расписание и посещаемость,2,a01,2025-03-21 13:30:18,2025-03-21 18:43:51,решено,0,
t002093,2025-02-19 05:24:00,u04074,телефон,доступ и пароли,1,a09,2025-02-19 06:31:02,2025-02-19 08:52:47,решено,0,
t005503,2025-06-10 03:21:00,u08414,Чат,техническая проблема,1,a02,2025-06-10 04:20:13,2025-06-10 15:05:26,решено,0,
t004384,02.05.2025 03:02,u00711,почта,прочее,1,a01,2025-05-02 03:28:25,2025-05-02 10:00:38,решено,0,
t001198,2025-04-25 01:28:00,u05775,чат,расписание и посещаемость,2,a01,2025-04-25 01:56:30,2025-04-25 03:41:38,решено,0,5
t001991,21.06.2025 20:03,u08390,чат,расписание и посещаемость,2,a12,2025-06-21 20:23:32,2025-06-20 21:00:51,решено,0,
t005670,2025-02-14 11:45:00,u05583,чат,оплата и документы,2,a07,2025-02-14 13:04:36,2025-02-14 17:10:47,решено,0,5
t004549,2025-03-05 12:44:00,u04953,почта,доступ и пароли,3,a17,2025-03-05 12:50:01,2025-03-04 13:26:16,решено,0,3
t002272,2025-03-09 01:10:00,u02580,чат,доступ и пароли,3,a02,2025-03-09 01:15:33,2025-03-09 02:26:15,решено,0,
t002941,2025-04-04 10:52:00,u03723,телефон,оплата и документы,2,a04,2025-04-04 11:13:50,2025-04-04 14:10:40,решено,0,
t001100,2025-03-06 07:43:00,u08584,чат,доступ и пароли,2,a04,2025-03-06 07:48:47,2025-03-06 08:34:08,решено,0,4
t001530,2025-06-12 04:54:00,u08711,почта,оплата и документы,3,a01,2025-06-12 04:59:32,2025-06-12 07:19:07,решено,0,
t001479,05.01.2025 09:05,u07450,чат,доступ и пароли,2,a05,2025-01-05 10:17:22,2025-01-05 10:51:07,решено,0,
t004148,2025-02-14 08:30:00,u05834,почта,техническая проблема,1,a08,2025-02-14 09:44:50,2025-02-14 15:08:53,решено,0,
t005186,2025-05-19 09:39:00,u00881,Чат,доступ и пароли,1,a15,2025-05-19 09:50:30,2025-05-19 11:37:14,решено,0,
t002845,2025-05-16 05:01:00,u01397,чат,техническая проблема,2,a15,2025-05-16 06:03:43,2025-05-16 22:51:37,решено,0,
t001989,18.04.2025 19:38,u08631,чат,оплата и документы,2,a01,2025-04-18 20:42:46,2025-04-19 08:21:45,решено,0,
t002365,21.03.2025 09:51,u03143,почта,доступ и пароли,2,a03,2025-03-21 10:11:00,2025-03-21 10:55:41,решено,0,
t003072,2025-01-11 06:32:00,u00833,чат,доступ и пароли,2,a05,2025-01-11 08:18:00,2025-01-11 08:23:33,решено,0,
t005447,2025-03-22 12:14:00,u00752,чат,доступ и пароли,2,a11,2025-03-22 13:55:33,2025-03-22 14:37:24,закрыто без ответа,0,
t000304,15.05.2025 15:54,u05409,форма,оплата и документы,2,a08,2025-05-15 16:27:35,2025-05-15 20:40:46,решено,0,
t003155,16.03.2025 03:38,u02828,форма,доступ и пароли,3,a01,2025-03-16 04:40:20,2025-03-16 06:44:29,решено,0,
t002278,2025-04-06 05:10:00,u01602,форма,,3,a02,2025-04-06 05:16:57,2025-04-06 10:27:36,решено,0,
t001331,2025-06-11 20:09:00,u08533,почта,оплата и документы,3,a11,,,новое,0,
t002123,2025-03-17 13:28:00,u01589,телефон,NULL,1,a11,2025-03-17 13:32:21,2025-03-18 01:30:17,решено,0,4
t000631,03.06.2025 02:24,u01712,чат,расписание и посещаемость,2,a10,2025-06-03 02:47:20,2025-06-03 04:14:39,решено,0,
t004811,2025-01-20 02:30:00,u07007,чат,доступ и пароли,2,a06,2025-01-20 02:50:41,2025-01-20 04:02:03,решено,0,4
t000379,2025-02-07 12:04:00,u07744,чат,расписание и посещаемость,2,a13,2025-02-07 13:45:35,2025-02-07 14:23:21,решено,0,
t005115,2025-04-26 20:08:00,u00735,почта,расписание и посещаемость,2,a12,2025-04-26 20:18:28,2025-04-26 23:18:59,решено,0,
t002628,2025-02-03 07:18:00,u01331,чат,доступ и пароли,2,a11,2025-02-03 08:15:43,2025-02-03 08:17:01,решено,0,1
t004296,20.06.2025 10:38,u02250,чат,техническая проблема,1,a10,2025-06-20 10:54:56,2025-06-21 01:50:50,решено,0,4
t001426,2025-03-06 04:13:00,u07465,телефон,прочее,3,a18,2025-03-06 05:27:20,2025-03-06 05:45:28,решено,0,
t000457,2025-02-25 09:07:00,u03897,чат,доступ и пароли,1,a13,2025-02-25 10:15:33,2025-02-25 10:30:58,решено,0,4
t000491,2025-04-06 01:11:00,u06225,почта,прочее,2,a18,2025-04-06 01:14:17,2025-04-06 03:36:07,закрыто без ответа,0,
t002364,2025-06-21 05:43:00,u04289,чат,прочее,2,a09,2025-06-21 06:29:03,2025-06-21 10:20:48,решено,0,
t003109,11.04.2025 07:57,u04296,чат,доступ и пароли,1,a10,2025-04-11 08:17:13,2025-04-11 08:37:10,решено,0,
t005531,2025-01-07 10:31:00,u01957,чат,техническая проблема,1,a01,2025-01-07 11:34:55,2025-01-08 00:29:18,решено,0,4
t000444,2025-01-13 12:12:00,u04553,почта,доступ и пароли,2,a03,2025-01-13 12:38:41,2025-01-13 13:26:54,решено,0,4
t004063,2025-06-20 04:28:00,u08483,форма,оплата и документы,3,a09,2025-06-20 04:46:39,2025-06-20 10:19:28,решено,0,
t000691,2025-02-17 04:13:00,u04772,Чат,доступ и пароли,2,a05,2025-02-17 04:16:55,2025-02-17 05:19:15,решено,0,
t003664,2025-02-21 05:25:00,u07191,чат,доступ и пароли,2,a04,2025-02-21 05:54:54,2025-02-21 06:41:40,решено,0,
t003244,2025-04-04 11:39:00,u07863,чат,техническая проблема,1,a15,2025-04-04 12:11:14,2025-04-04 23:07:17,закрыто без ответа,0,
t004599,01.04.2025 19:04,u06481,чат,техническая проблема,3,a07,2025-04-01 19:32:26,2025-04-01 22:58:08,решено,0,
t003058,2025-01-22 06:39:00,u06461,почта,,1,a07,2025-01-22 07:03:48,2025-01-22 08:26:03,решено,0,
t001693,04.01.2025 13:05,u04906,Чат,техническая проблема,3,a01,2025-01-04 14:55:31,2025-01-04 18:58:09,решено,0,
t003879,2025-04-05 03:08:00,u05672,чат,прочее,2,a16,2025-04-05 04:07:40,2025-04-05 08:20:50,решено,0,
t003728,2025-04-27 03:08:00,u06864,чат,оплата и документы,2,a02,2025-04-27 03:23:17,2025-04-27 06:26:38,решено,0,
t004681,2025-02-22 11:51:00,u01344,форма,NULL,3,a17,2025-02-22 12:03:01,2025-02-22 13:47:27,решено,0,
t003671,2025-06-08 03:46:00,u07513,чат,расписание и посещаемость,1,a12,2025-06-08 04:12:23,2025-06-08 08:00:10,закрыто без ответа,0,
t003909,2025-05-07 04:54:00,u00298,телефон,расписание и посещаемость,2,a10,2025-05-07 05:40:27,2025-05-07 11:46:16,решено,0,4
t001016,2025-02-24 20:15:00,u08733,чат,доступ и пароли,1,a04,2025-02-24 21:53:27,2025-02-24 21:59:55,решено,0,
t004560,2025-01-08 04:10:00,u03007,телефон,техническая проблема,2,a05,2025-01-08 05:58:32,2025-01-08 14:35:03,решено,0,3
t002158,2025-05-05 08:34:00,u01736,телефон,расписание и посещаемость,3,a04,2025-05-05 09:29:15,2025-05-05 11:38:07,решено,0,
t002355,2025-03-27 08:06:00,u07815,почта,доступ и пароли,1,a11,2025-03-27 08:33:35,2025-03-27 08:51:40,решено,0,
t002933,2025-04-04 08:44:00,u07461,чат,прочее,1,a05,2025-04-04 09:08:59,2025-04-04 17:05:08,решено,0,
t005629,07.03.2025 09:03,u05618,чат,оплата и документы,3,a16,2025-03-07 10:25:54,2025-03-07 12:54:01,решено,0,
t001806,05.03.2025 05:43,u05675,почта,доступ и пароли,3,a08,2025-03-05 05:51:35,2025-03-05 06:31:56,решено,0,
t004891,2025-05-01 12:48:00,u08623,чат,доступ и пароли,1,a10,2025-05-01 12:57:05,2025-05-01 13:29:59,решено,0,
t001874,22.04.2025 10:58,u04361,телефон,техническая проблема,2,a07,2025-04-22 11:33:20,2025-04-22 16:55:52,решено,0,
t005567,2025-04-11 01:39:00,u04881,форма,оплата и документы,2,a02,2025-04-11 02:05:26,2025-04-11 02:48:08,решено,0,
t005836,2025-06-20 08:48:00,u02241,почта,доступ и пароли,2,a17,2025-06-20 09:06:35,2025-06-20 09:15:46,решено,0,
t003275,2025-03-26 05:11:00,u01924,чат,доступ и пароли,3,a18,2025-03-26 06:28:38,2025-03-26 07:14:44,решено,0,
t000722,2025-06-21 12:24:00,u06316,телефон,доступ и пароли,2,a07,2025-06-21 13:20:39,2025-06-21 13:29:58,решено,0,
t000440,2025-02-02 11:20:00,u02355,чат,доступ и пароли,2,a05,2025-02-02 12:25:18,2025-02-02 13:09:34,решено,0,
t004880,2025-02-18 01:31:00,u05503,чат,доступ и пароли,2,a17,2025-02-18 03:06:38,2025-02-18 03:54:45,решено,0,
t004234,24.03.2025 01:08,u03854,почта,доступ и пароли,2,a17,2025-03-24 02:54:04,2025-03-24 02:57:02,решено,0,
t001947,2025-04-05 14:58:00,u02964,чат,"",2,a18,2025-04-05 15:12:38,2025-04-05 21:57:37,решено,0,
t001891,2025-02-14 13:01:00,u05463,почта,доступ и пароли,2,a17,2025-02-14 14:40:19,2025-02-14 15:39:37,решено,0,
t000569,2025-06-23 07:03:00,u06925,форма,расписание и посещаемость,2,a07,2025-06-23 07:15:22,2025-06-23 08:43:19,решено,0,5
t005982,24.06.2025 17:13,u01311,чат,оплата и документы,1,a18,2025-06-24 17:42:51,2025-06-24 19:06:50,решено,0,
t003900,2025-06-05 03:32:00,u03696,чат,оплата и документы,1,a10,2025-06-05 04:31:23,2025-06-05 09:06:28,решено,0,
t003500,2025-06-23 01:11:00,u04710,чат,техническая проблема,1,a17,2025-06-23 01:28:04,2025-06-23 18:14:39,решено,0,
t004792,2025-03-07 13:33:00,u01815,форма,оплата и документы,2,a08,2025-03-07 13:39:03,2025-03-07 22:37:56,решено,0,
t001805,2025-05-11 05:35:00,u05555,чат,доступ и пароли,2,a09,2025-05-11 06:06:50,2025-05-11 06:10:45,решено,0,
t001333,2025-04-20 10:24:00,u08853,чат,"",1,a06,2025-04-20 10:50:04,2025-04-21 06:35:52,решено,0,
t000579,2025-03-09 01:52:00,u00238,Чат,оплата и документы,2,a06,2025-03-09 02:04:01,2025-03-09 04:37:13,решено,0,
t002558,11.01.2025 17:10,u06635,телефон,оплата и документы,2,a10,2025-01-11 18:24:40,2025-01-11 21:51:03,решено,0,2
t003496,03.04.2025 11:56,u08525,форма,доступ и пароли,2,a05,2025-04-03 12:39:49,2025-04-03 12:48:29,решено,0,
t000831,2025-03-26 11:51:00,u04564,чат,доступ и пароли,1,a02,2025-03-26 13:03:40,2025-03-26 13:06:50,решено,0,1
t002519,2025-05-24 05:42:00,u04166,чат,оплата и документы,2,a05,2025-05-24 05:45:41,2025-05-24 08:38:41,решено,0,
t003315,2025-06-05 10:19:00,u01086,почта,расписание и посещаемость,2,a06,2025-06-05 10:27:43,2025-06-05 14:39:24,решено,0,
t003298,20.06.2025 08:20,u07512,форма,техническая проблема,1,a08,2025-06-20 08:48:24,2025-06-21 02:59:20,решено,0,
t002484,2025-06-07 05:58:00,u07933,почта,оплата и документы,3,a01,2025-06-07 06:14:57,2025-06-07 08:52:31,решено,0,
t004421,2025-06-13 08:36:00,u03304,почта,доступ и пароли,1,a11,2025-06-13 09:16:36,,в работе,0,
t002615,16.03.2025 12:41,u01393,почта,расписание и посещаемость,2,a18,2025-03-16 14:16:47,2025-03-16 20:09:07,решено,0,
t003277,02.05.2025 16:50,u08303,почта,техническая проблема,1,a02,2025-05-02 17:05:43,2025-05-03 00:13:27,решено,0,
t001635,2025-02-07 06:16:00,u07239,чат,техническая проблема,2,a05,2025-02-07 06:33:17,2025-02-07 17:11:54,решено,0,
t004057,2025-04-02 13:38:00,u02078,чат,техническая проблема,2,a01,2025-04-02 14:05:31,2025-04-02 23:10:30,решено,1,
t003713,2025-06-14 09:14:00,u04528,чат,доступ и пароли,2,a03,2025-06-14 09:24:33,2025-06-14 10:13:32,решено,0,
t002952,04.06.2025 13:53,u04338,форма,расписание и посещаемость,3,a02,2025-06-04 14:00:23,2025-06-04 15:51:46,решено,0,
t003873,2025-01-03 12:13:00,u04157,чат,"",2,a12,2025-01-03 13:58:20,2025-01-03 19:57:35,решено,0,
t004903,2025-02-24 21:40:00,u06119,телефон,оплата и документы,3,a07,2025-02-24 21:44:46,2025-02-24 22:43:50,решено,0,
t001470,2025-03-24 04:44:00,u05821,почта,расписание и посещаемость,2,a07,2025-03-24 06:09:57,2025-03-24 07:19:12,решено,1,2
t002175,2025-03-14 13:03:00,u08424,почта,доступ и пароли,2,a07,2025-03-14 13:09:15,2025-03-14 15:12:25,решено,0,5
t003739,10.06.2025 02:23,u05612,телефон,техническая проблема,2,a11,2025-06-10 02:38:04,,в работе,1,
t005437,19.06.2025 12:51,u05189,почта,техническая проблема,1,a03,2025-06-19 12:53:04,2025-06-19 19:14:25,решено,0,
t002315,21.04.2025 05:52,u04608,почта,доступ и пароли,1,a12,2025-04-21 06:17:44,2025-04-21 06:50:34,решено,0,
t005779,2025-02-08 07:44:00,u05836,чат,оплата и документы,2,a03,2025-02-08 08:13:55,2025-02-08 10:36:16,решено,0,
t003947,2025-02-07 08:44:00,u05607,почта,,2,a01,2025-02-07 10:07:43,2025-02-07 11:13:49,решено,0,
t004849,2025-05-13 01:43:00,u00712,почта,техническая проблема,3,a11,2025-05-13 02:25:23,2025-05-13 04:45:38,решено,0,
t003905,11.05.2025 04:07,u02571,чат,оплата и документы,2,a02,2025-05-11 04:19:19,2025-05-11 15:04:05,решено,0,
t003228,2025-03-24 19:39:00,u02852,чат,доступ и пароли,2,a17,2025-03-24 21:23:47,2025-03-24 22:14:11,решено,0,
t002453,2025-04-24 04:47:00,u00435,почта,техническая проблема,1,a04,2025-04-24 04:59:14,2025-04-24 08:53:18,решено,0,
t004582,2025-06-03 06:00:00,u00671,чат,прочее,3,a01,2025-06-03 06:15:04,2025-06-03 07:44:32,решено,0,
t005438,2025-05-24 08:37:00,u02891,телефон,расписание и посещаемость,1,a18,2025-05-24 08:44:35,2025-05-24 18:42:03,решено,0,
t004021,21.04.2025 10:43,u01099,чат,техническая проблема,1,a16,2025-04-21 11:10:42,2025-04-21 21:06:25,решено,0,
t004992,2025-02-05 05:26:00,u08309,почта,прочее,3,a11,2025-02-05 06:16:41,,в работе,0,
t000144,2025-02-15 06:47:00,u00712,чат,доступ и пароли,3,a06,2025-02-15 07:56:51,2025-02-15 08:35:12,решено,0,
t004764,2025-01-17 02:45:00,u05430,чат,прочее,2,a03,2025-01-17 03:42:00,2025-01-17 05:18:18,решено,0,
t002402,07.06.2025 07:42,u05242,телефон,техническая проблема,1,a18,2025-06-07 07:49:04,2025-06-07 11:24:11,решено,0,5
t001716,2025-02-10 02:26:00,u02104,чат,оплата и документы,3,a01,2025-02-10 02:50:22,2025-02-10 04:08:58,решено,1,5
t005834,09.02.2025 12:01,u06118,чат,доступ и пароли,2,a16,2025-02-09 13:03:42,2025-02-09 13:11:25,решено,0,5
t004551,11.01.2025 09:26,u06869,чат,NULL,1,a14,2025-01-11 11:09:09,2025-01-11 11:27:08,решено,0,
t002341,2025-02-12 05:05:00,u06791,почта,прочее,2,a07,2025-02-12 06:38:20,2025-02-12 09:37:03,решено,0,
t003821,2025-04-14 02:42:00,u01665,почта,расписание и посещаемость,2,a02,2025-04-14 02:57:29,2025-04-13 03:18:14,решено,0,
t000604,20.04.2025 05:41,u08495,чат,оплата и документы,2,a01,2025-04-20 06:07:37,2025-04-20 08:35:11,закрыто без ответа,0,
t001067,2025-04-05 08:45:00,u07448,чат,расписание и посещаемость,1,a11,2025-04-05 08:58:09,2025-04-05 13:29:31,решено,0,
t005810,2025-01-26 07:23:00,u01065,чат,техническая проблема,1,a12,2025-01-26 08:00:37,2025-01-26 13:04:32,решено,0,1
t001971,2025-05-20 09:30:00,u04418,чат,оплата и документы,2,a15,2025-05-20 10:12:21,2025-05-20 13:19:50,решено,0,
t005532,21.01.2025 04:34,u00758,телефон,NULL,2,a01,2025-01-21 04:42:16,2025-01-21 06:10:39,решено,0,
t004131,2025-04-10 11:52:00,u08476,чат,расписание и посещаемость,1,a03,2025-04-10 12:25:19,2025-04-10 13:58:45,решено,1,
t000513,2025-05-07 06:31:00,u08500,почта,прочее,2,a04,2025-05-07 07:12:53,,в работе,0,
t002154,08.05.2025 08:33,u04388,чат,оплата и документы,2,a17,2025-05-08 08:34:26,2025-05-08 10:37:46,решено,0,
t003019,2025-04-18 07:37:00,u02791,форма,расписание и посещаемость,1,a04,2025-04-18 07:47:18,2025-04-18 14:13:16,решено,0,
t001424,2025-06-19 02:29:00,u02473,чат,техническая проблема,1,a01,2025-06-19 02:47:49,2025-06-19 10:28:38,решено,1,
t005586,2025-04-08 13:19:00,u05300,чат,расписание и посещаемость,2,a04,2025-04-08 13:38:32,2025-04-08 14:25:59,решено,0,
t003777,2025-02-17 06:02:00,u00067,чат,техническая проблема,1,a16,2025-02-17 07:27:44,2025-02-17 13:07:53,решено,0,4
t001715,2025-01-11 13:06:00,u04885,телефон,доступ и пароли,2,a13,2025-01-11 14:25:21,2025-01-11 15:50:48,решено,0,
t005341,2025-01-02 11:47:00,u04565,чат,доступ и пароли,3,a06,2025-01-02 13:12:15,2025-01-02 13:50:09,закрыто без ответа,0,5
t005976,2025-02-27 11:31:00,u08923,чат,доступ и пароли,3,a13,2025-02-27 11:39:49,2025-02-27 12:34:15,решено,0,3
t000447,2025-06-19 04:28:00,u05284,форма,"",1,a15,2025-06-19 04:56:13,2025-06-19 22:35:03,решено,0,
t005306,19.05.2025 06:18,u00319,форма,техническая проблема,1,a01,2025-05-19 06:24:45,2025-05-19 18:16:02,решено,1,
t005419,2025-06-03 14:57:00,u02210,почта,расписание и посещаемость,2,a18,2025-06-03 15:20:05,2025-06-03 20:51:57,решено,0,
t001330,21.05.2025 05:55,u01074,почта,расписание и посещаемость,2,a05,2025-05-21 06:22:58,,в работе,0,
t002611,2025-04-20 01:08:00,u04371,чат,прочее,1,a02,2025-04-20 01:17:05,2025-04-20 06:53:29,решено,0,
t003221,2025-05-24 12:17:00,u05851,почта,техническая проблема,2,a09,2025-05-24 12:32:59,2025-05-24 19:37:55,решено,0,
t002777,2025-06-23 05:14:00,u00375,чат,NULL,2,a05,2025-06-23 05:57:46,2025-06-23 11:21:20,решено,1,
t002906,2025-04-22 12:58:00,u08995,чат,доступ и пароли,2,a10,,,новое,0,
t002833,20.06.2025 08:38,u06165,чат,техническая проблема,1,a11,2025-06-20 08:44:11,2025-06-20 14:52:39,решено,0,5
t002856,2025-06-05 06:30:00,u07170,чат,расписание и посещаемость,2,a11,2025-06-05 06:59:56,2025-06-05 14:38:11,решено,0,5
t004709,19.05.2025 16:21,u04254,чат,расписание и посещаемость,2,a11,2025-05-19 16:30:35,2025-05-19 21:04:16,решено,0,
t001185,22.02.2025 05:26,u01159,почта,расписание и посещаемость,2,a09,2025-02-22 05:39:00,2025-02-22 09:36:44,решено,0,4
t001369,2025-06-06 13:47:00,u07714,чат,оплата и документы,1,a06,2025-06-06 14:16:18,2025-06-06 18:06:17,решено,0,
t004654,2025-06-21 03:35:00,u07295,чат,доступ и пароли,2,a01,2025-06-21 03:40:38,2025-06-21 04:26:14,решено,0,
t000598,2025-03-03 05:36:00,u02653,форма,доступ и пароли,2,a04,2025-03-03 06:58:48,2025-03-03 07:18:51,решено,1,
t001434,2025-05-11 08:49:00,u03912,чат,оплата и документы,3,a06,2025-05-11 09:03:19,2025-05-11 11:33:06,решено,0,
t000541,25.06.2025 12:33,u03111,телефон,техническая проблема,1,a08,2025-06-25 13:24:41,2025-06-25 20:24:08,закрыто без ответа,0,1
t001908,2025-03-14 05:11:00,u05913,чат,доступ и пароли,1,a09,2025-03-14 06:11:23,2025-03-14 06:46:50,решено,0,5
t002430,19.04.2025 09:53,u07791,телефон,техническая проблема,1,a18,2025-04-19 09:58:23,2025-04-20 07:06:20,решено,0,
t003248,2025-02-10 05:50:00,u04335,чат,доступ и пароли,2,a18,2025-02-10 07:07:00,2025-02-10 07:13:12,решено,0,
t003463,2025-02-18 09:16:00,u04316,чат,доступ и пароли,1,a05,2025-02-18 10:15:40,2025-02-18 10:40:44,решено,1,5
t000656,18.03.2025 05:37,u01531,чат,расписание и посещаемость,1,a08,2025-03-18 06:44:17,2025-03-18 12:12:33,решено,0,
t004364,2025-04-08 04:30:00,u08535,телефон,расписание и посещаемость,3,a15,2025-04-08 04:38:47,2025-04-08 06:24:02,решено,0,
t002857,2025-05-19 15:24:00,u00711,форма,доступ и пароли,3,a17,2025-05-19 15:54:25,2025-05-19 16:11:48,решено,0,
t003434,2025-05-27 12:36:00,u08999,почта,доступ и пароли,3,a03,2025-05-27 12:48:26,2025-05-27 14:35:47,решено,0,
t002908,27.04.2025 04:57,u00233,чат,техническая проблема,3,a04,2025-04-27 05:21:48,2025-04-27 08:52:42,решено,0,
t003086,2025-04-04 10:24:00,u02632,телефон,оплата и документы,2,a03,2025-04-04 11:12:24,2025-04-04 12:07:29,решено,0,
t002946,04.03.2025 12:40,u06233,телефон,техническая проблема,1,a08,2025-03-04 12:55:09,2025-03-04 22:07:39,решено,0,5
t003068,2025-01-21 07:02:00,u06219,почта,расписание и посещаемость,1,a05,2025-01-21 07:15:06,2025-01-21 09:42:07,решено,0,
t001567,2025-06-15 13:56:00,u06283,чат,техническая проблема,2,a16,2025-06-15 13:57:19,2025-06-15 15:24:46,решено,0,4
t000276,05.05.2025 10:10,u05251,почта,оплата и документы,1,a01,2025-05-05 10:18:04,2025-05-05 12:58:18,решено,0,5
t002337,2025-05-19 02:14:00,u08842,чат,техническая проблема,2,a11,2025-05-19 02:41:30,2025-05-19 13:54:23,решено,0,
t000694,2025-03-05 08:36:00,u03086,чат,доступ и пароли,2,a04,2025-03-05 08:43:39,2025-03-05 13:17:13,решено,0,5
t004936,2025-06-27 09:44:00,u03984,чат,оплата и документы,2,a11,2025-06-27 10:08:31,2025-06-27 11:10:57,решено,0,
t005842,02.03.2025 09:05,u08806,чат,,3,a06,2025-03-02 10:49:21,2025-03-02 14:46:19,решено,0,
t004352,2025-06-21 09:49:00,u02613,почта,доступ и пароли,3,a01,2025-06-21 10:12:50,2025-06-21 11:58:32,решено,1,4
t003460,12.05.2025 09:08,u04612,форма,расписание и посещаемость,3,a05,2025-05-12 09:09:15,2025-05-12 10:37:02,решено,1,5
t003073,24.03.2025 06:39,u06893,почта,,1,a02,2025-03-24 08:27:01,2025-03-24 11:04:43,решено,0,
t000370,2025-01-05 10:09:00,u02185,почта,доступ и пароли,3,a03,2025-01-05 10:24:58,2025-01-05 14:14:10,решено,0,
t000152,2025-02-05 11:56:00,u01714,форма,доступ и пароли,2,a16,2025-02-05 13:27:44,2025-02-05 15:21:44,решено,1,4
t005064,2025-03-20 03:47:00,u08809,форма,прочее,2,a08,2025-03-20 05:25:46,2025-03-20 15:42:22,решено,0,1
t003515,21.06.2025 18:15,u02031,чат,прочее,2,a02,2025-06-21 19:06:00,2025-06-21 19:17:06,решено,0,5
t005413,2025-06-24 12:40:00,u01792,телефон,оплата и документы,1,a11,2025-06-24 12:51:14,2025-06-24 16:27:23,решено,0,
t000270,2025-04-21 02:50:00,u01640,телефон,техническая проблема,2,a06,2025-04-21 03:18:04,2025-04-21 09:15:00,решено,0,
t004944,27.06.2025 05:18,u05519,почта,оплата и документы,1,a08,2025-06-27 05:25:53,2025-06-27 08:26:13,решено,0,
t000050,2025-06-20 02:34:00,u05957,почта,техническая проблема,2,a08,2025-06-20 02:55:32,,в работе,0,
t001461,2025-03-12 07:09:00,u02831,чат,доступ и пароли,1,a11,2025-03-12 08:29:52,2025-03-12 11:47:22,решено,0,4
t001363,2025-04-15 05:44:00,u06776,телефон,расписание и посещаемость,2,a07,2025-04-15 06:37:48,2025-04-15 11:11:51,решено,0,
t002412,2025-04-09 02:28:00,u01526,чат,техническая проблема,2,a09,2025-04-09 02:29:34,,в работе,0,
t001473,2025-04-06 08:52:00,u07345,форма,техническая проблема,1,a08,2025-04-06 09:56:14,2025-04-06 14:54:57,решено,1,
t004376,2025-01-12 13:59:00,u06114,чат,доступ и пароли,3,a04,2025-01-12 14:10:29,2025-01-12 15:21:34,решено,0,
t002515,2025-05-02 11:53:00,u05676,чат,расписание и посещаемость,2,a02,2025-05-02 11:57:25,2025-05-02 21:42:31,решено,0,
t003247,2025-06-21 02:28:00,u08224,форма,техническая проблема,1,a10,2025-06-21 02:52:04,2025-06-21 20:01:04,решено,1,
t002348,2025-03-10 02:52:00,u00467,Чат,прочее,3,a02,2025-03-10 02:54:32,2025-03-10 05:22:46,решено,0,
t000148,05.05.2025 10:09,u03123,телефон,расписание и посещаемость,1,a05,2025-05-05 10:17:25,2025-05-05 20:11:55,решено,0,
t000863,16.02.2025 03:15,u07147,телефон,оплата и документы,2,a06,2025-02-16 04:29:55,,в работе,0,3
t000376,05.05.2025 09:40,u01566,телефон,оплата и документы,2,a03,2025-05-05 10:23:48,2025-05-05 12:00:34,решено,0,
t000632,2025-01-18 06:26:00,u08805,чат,прочее,3,a05,2025-01-18 08:15:00,2025-01-18 09:46:07,решено,0,
t005872,27.01.2025 04:22,u07612,чат,доступ и пароли,1,a05,2025-01-27 04:49:38,2025-01-27 05:10:48,решено,0,
t000517,2025-04-23 15:26:00,u07389,телефон,доступ и пароли,3,a06,2025-04-23 15:53:07,2025-04-23 16:49:09,решено,0,
t003407,2025-05-04 13:05:00,u00303,форма,доступ и пароли,2,a07,2025-05-04 13:37:33,2025-05-04 14:50:39,решено,0,
t005650,2025-02-27 15:19:00,u00256,чат,"",2,a12,2025-02-27 16:21:29,2025-02-27 17:14:51,решено,0,
t000954,2025-01-21 11:07:00,u03572,почта,техническая проблема,2,a14,2025-01-21 11:21:43,2025-01-20 11:23:52,решено,0,
t000347,2025-05-24 02:01:00,u08468,форма,оплата и документы,1,a15,2025-05-24 02:26:12,2025-05-24 05:04:10,решено,0,3
t002968,2025-01-07 08:09:00,u08366,форма,доступ и пароли,1,a14,2025-01-07 08:30:02,2025-01-07 09:20:51,решено,0,
t002027,23.04.2025 10:23,u05572,чат,доступ и пароли,3,a10,2025-04-23 10:53:26,2025-04-23 11:46:01,решено,1,
t001326,2025-06-07 15:13:00,u00766,почта,доступ и пароли,2,a04,2025-06-07 15:35:40,2025-06-07 16:58:04,решено,0,
t000748,2025-04-07 10:27:00,u06737,форма,доступ и пароли,2,a11,2025-04-07 10:45:17,2025-04-07 11:39:01,закрыто без ответа,0,
t003986,2025-04-21 04:53:00,u03766,чат,техническая проблема,1,a03,2025-04-21 04:55:58,,в работе,0,
t003384,2025-06-04 09:04:00,u05936,форма,техническая проблема,3,a06,2025-06-04 09:13:41,2025-06-04 15:30:02,решено,0,
t005994,2025-01-17 02:18:00,u08024,форма,доступ и пароли,2,a04,2025-01-17 03:56:47,2025-01-17 04:33:31,решено,0,
t004515,2025-05-18 12:03:00,u06897,телефон,,1,a04,2025-05-18 12:05:35,2025-05-18 13:35:50,решено,0,
t003021,2025-01-21 03:45:00,u07362,чат,доступ и пароли,2,a03,2025-01-21 04:03:12,2025-01-21 04:56:23,решено,0,
t000854,07.06.2025 19:56,u00338,форма,оплата и документы,2,a16,2025-06-07 20:40:15,2025-06-07 23:31:10,решено,0,
t003782,20.01.2025 05:15,u05282,почта,расписание и посещаемость,2,a03,2025-01-20 06:15:30,2025-01-20 07:46:33,решено,0,4
t005556,2025-04-06 07:28:00,u05036,чат,техническая проблема,1,a17,2025-04-06 07:33:53,2025-04-06 13:34:09,решено,0,
t004970,20.01.2025 07:25,u02481,почта,доступ и пароли,2,a03,2025-01-20 07:52:17,2025-01-20 08:22:20,решено,0,
t005748,2025-01-03 04:50:00,u02168,чат,расписание и посещаемость,2,a11,2025-01-03 05:13:55,2025-01-03 08:02:11,решено,0,5
t000015,2025-02-05 02:18:00,u01119,телефон,оплата и документы,2,a07,2025-02-05 03:44:37,2025-02-05 09:15:43,решено,0,5
t004813,22.04.2025 05:46,u03656,почта,техническая проблема,3,a12,2025-04-22 06:02:40,2025-04-22 10:11:32,решено,0,
t001740,09.01.2025 09:09,u00944,телефон,расписание и посещаемость,2,a04,2025-01-09 10:14:30,2025-01-09 14:05:13,решено,0,
t000336,2025-04-09 09:17:00,u04545,почта,оплата и документы,2,a05,2025-04-09 10:06:20,2025-04-09 12:39:16,решено,0,
t003258,2025-06-20 07:16:00,u02241,почта,"",1,a05,2025-06-20 07:45:40,2025-06-20 09:31:25,решено,0,
t002819,03.04.2025 08:26,u05499,чат,доступ и пароли,2,a08,2025-04-03 08:44:33,2025-04-03 09:12:45,решено,1,
t002785,2025-04-06 09:00:00,u03639,телефон,расписание и посещаемость,3,a01,2025-04-06 09:15:39,2025-04-06 12:05:58,решено,0,
t004594,2025-03-16 13:28:00,u01562,чат,доступ и пароли,2,a03,2025-03-16 14:29:54,2025-03-16 14:47:36,решено,0,1
t005487,2025-02-07 10:47:00,u05040,телефон,доступ и пароли,2,a14,2025-02-07 10:59:05,2025-02-07 12:36:27,решено,0,
t004158,05.04.2025 01:58,u07400,почта,техническая проблема,1,a10,2025-04-05 02:23:43,2025-04-05 14:57:35,решено,0,
t001439,06.02.2025 10:24,u03502,чат,оплата и документы,2,a02,2025-02-06 10:44:07,2025-02-06 16:39:07,решено,0,5
t001847,24.03.2025 17:59,u00059,почта,доступ и пароли,2,a12,2025-03-24 19:30:12,2025-03-24 21:34:43,решено,0,
t005129,06.06.2025 03:52,u04731,почта,расписание и посещаемость,2,a04,2025-06-06 04:50:21,2025-06-06 07:11:47,решено,0,
t004082,16.03.2025 02:02,u01230,чат,доступ и пароли,3,a16,2025-03-16 02:30:38,2025-03-16 03:46:04,решено,0,2
t003443,20.04.2025 05:40,u06193,чат,доступ и пароли,3,a02,2025-04-20 05:44:06,2025-04-20 06:10:41,решено,0,
t000382,2025-03-05 10:24:00,u01613,форма,техническая проблема,1,a09,2025-03-05 12:07:39,2025-03-05 15:31:33,решено,0,
t000098,03.02.2025 04:43,u00442,почта,техническая проблема,1,a14,2025-02-03 06:21:37,2025-02-03 10:37:37,решено,0,5
t003010,2025-03-12 12:57:00,u08281,почта,доступ и пароли,1,a06,2025-03-12 14:44:48,2025-03-12 14:48:12,решено,0,
t004075,2025-03-24 18:24:00,u04625,телефон,техническая проблема,1,a04,2025-03-24 18:37:00,2025-03-25 15:24:15,решено,0,
t000237,23.05.2025 11:40,u00720,форма,доступ и пароли,3,a01,2025-05-23 12:06:12,2025-05-23 12:56:27,решено,0,
t005889,2025-06-04 02:37:00,u06617,чат,прочее,2,a10,2025-06-04 02:40:44,2025-06-04 09:16:34,решено,0,
t003633,2025-04-07 05:01:00,u03868,чат,техническая проблема,2,a01,,,новое,0,
t005742,21.04.2025 15:43,u07422,чат,оплата и документы,1,a04,2025-04-21 16:24:51,2025-04-21 17:22:44,решено,1,
t005375,2025-02-07 15:45:00,u07744,почта,оплата и документы,2,a03,2025-02-07 17:10:51,2025-02-07 20:06:12,решено,0,
t005895,24.01.2025 13:17,u00956,форма,"",3,a14,2025-01-24 14:14:44,2025-01-24 14:25:22,решено,0,
t002491,2025-06-07 09:25:00,u03637,телефон,техническая проблема,1,a11,2025-06-07 09:45:48,2025-06-08 06:52:27,решено,0,
t004986,03.03.2025 16:06,u08243,почта,оплата и документы,3,a05,2025-03-03 17:30:30,2025-03-02 15:55:13,решено,0,
t000886,2025-02-05 13:32:00,u01996,чат,доступ и пароли,2,a03,2025-02-05 14:57:40,2025-02-05 16:12:40,решено,0,
t002225,01.05.2025 11:26,u00920,чат,доступ и пароли,2,a17,2025-05-01 12:07:49,2025-05-01 12:29:24,решено,1,
t004890,08.02.2025 16:22,u04522,чат,доступ и пароли,1,a01,2025-02-08 16:24:03,2025-02-07 16:54:37,решено,0,5
t004603,2025-01-01 09:29:00,u00894,чат,доступ и пароли,2,a06,2025-01-01 10:49:13,2024-12-31 09:50:40,решено,0,
t003356,2025-04-21 09:15:00,u02019,чат,расписание и посещаемость,1,a01,2025-04-21 09:47:41,2025-04-21 11:38:40,решено,0,
t004122,2025-02-04 18:11:00,u07963,чат,доступ и пароли,2,a14,2025-02-04 19:27:34,2025-02-04 22:55:48,решено,0,
t001662,2025-01-20 13:47:00,u06147,форма,расписание и посещаемость,3,a13,2025-01-20 14:48:30,2025-01-20 20:13:56,закрыто без ответа,0,4
t005206,2025-02-04 03:51:00,u01543,почта,оплата и документы,1,a04,2025-02-04 05:07:28,2025-02-04 23:26:20,решено,0,
t001907,2025-04-05 13:38:00,u07662,чат,техническая проблема,1,a16,2025-04-05 14:33:27,2025-04-06 02:50:59,решено,0,
t003775,24.06.2025 16:32,u01225,почта,прочее,2,a09,2025-06-24 17:32:53,2025-06-24 19:19:56,решено,0,
t002440,2025-02-18 17:34:00,u05749,форма,доступ и пароли,1,a17,2025-02-18 17:43:24,2025-02-18 18:22:06,решено,0,
t002203,2025-06-21 12:55:00,u02031,форма,доступ и пароли,2,a07,2025-06-21 13:02:38,2025-06-21 13:15:51,решено,0,
t004367,05.04.2025 05:37,u02889,чат,оплата и документы,1,a04,2025-04-05 05:40:54,2025-04-05 06:46:56,решено,0,
t002766,2025-03-20 07:48:00,u04416,чат,доступ и пароли,2,a06,2025-03-20 08:51:24,2025-03-20 09:00:26,решено,0,
t000891,2025-06-04 06:43:00,u02457,почта,доступ и пароли,1,a06,2025-06-04 07:18:15,2025-06-04 07:44:25,решено,0,
t001543,2025-01-04 03:27:00,u08992,форма,прочее,3,a01,2025-01-04 03:48:51,2025-01-04 12:29:10,решено,0,
t003869,2025-05-10 15:24:00,u07337,чат,оплата и документы,1,a02,2025-05-10 16:13:10,2025-05-10 18:13:52,решено,0,
t002534,2025-01-02 02:48:00,u04698,чат,доступ и пароли,2,a06,2025-01-02 02:51:43,2025-01-02 05:59:52,решено,0,5
t004119,2025-03-02 03:04:00,u07343,почта,техническая проблема,2,a10,2025-03-02 04:06:22,2025-03-02 19:30:02,решено,0,
t000080,2025-02-25 11:50:00,u06756,чат,расписание и посещаемость,2,a17,2025-02-25 12:15:20,2025-02-25 16:51:44,решено,0,5
t003543,09.02.2025 08:22,u07498,чат,оплата и документы,1,a02,2025-02-09 09:43:56,2025-02-09 12:35:50,решено,0,
t004859,2025-01-04 05:40:00,u05512,почта,доступ и пароли,1,a01,2025-01-04 05:52:33,2025-01-04 06:46:30,решено,0,
t005476,2025-03-05 07:14:00,u04089,чат,NULL,2,a04,2025-03-05 09:00:56,2025-03-05 10:28:53,решено,0,5
t000211,2025-02-10 10:41:00,u07954,чат,доступ и пароли,2,a03,2025-02-10 11:09:10,2025-02-10 14:15:38,решено,0,
t002487,2025-03-09 01:16:00,u03112,чат,доступ и пароли,1,a02,2025-03-09 01:43:00,2025-03-09 03:44:50,решено,0,
t005388,2025-06-17 03:39:00,u03058,чат,расписание и посещаемость,3,a06,2025-06-17 03:43:14,,в работе,0,
t000264,2025-01-06 07:31:00,u04867,чат,прочее,2,a13,2025-01-06 08:05:10,2025-01-06 15:22:32,решено,0,4
t003486,2025-06-03 13:04:00,u01583,чат,доступ и пароли,2,a11,2025-06-03 13:10:33,2025-06-03 14:17:36,решено,0,
t004740,20.02.2025 05:25,u08640,почта,доступ и пароли,3,a03,2025-02-20 05:35:41,2025-02-20 06:29:27,решено,0,
t001881,19.04.2025 12:38,u01851,почта,расписание и посещаемость,3,a03,2025-04-19 12:54:50,2025-04-19 19:11:00,решено,0,
t003554,2025-04-20 14:35:00,u08853,телефон,"",2,a16,2025-04-20 14:37:35,2025-04-20 17:47:06,решено,0,
t000519,23.05.2025 13:32,u01636,чат,оплата и документы,2,a06,2025-05-23 14:26:32,2025-05-23 18:39:50,решено,0,
t001982,2025-04-18 10:05:00,u02005,телефон,расписание и посещаемость,3,a08,2025-04-18 10:23:31,2025-04-18 12:38:05,решено,0,
t001897,05.04.2025 13:53,u07486,чат,техническая проблема,3,a04,2025-04-05 14:53:37,2025-04-05 20:35:50,решено,0,
t005654,2025-01-05 12:08:00,u07907,чат,расписание и посещаемость,1,a12,2025-01-05 12:30:50,2025-01-05 18:19:28,решено,0,
t002249,2025-05-22 12:00:00,u07375,чат,расписание и посещаемость,2,a03,2025-05-22 12:12:45,2025-05-22 17:32:12,решено,0,
t005103,2025-01-02 05:08:00,u06917,телефон,доступ и пароли,2,a05,2025-01-02 05:12:32,2025-01-02 05:48:44,решено,0,
t004819,23.06.2025 04:29,u04470,чат,техническая проблема,3,a10,2025-06-23 04:51:26,2025-06-23 08:46:11,решено,0,
t000671,2025-03-10 10:31:00,u00952,чат,доступ и пароли,3,a09,2025-03-10 11:19:48,2025-03-10 12:15:31,решено,0,
t005578,2025-05-22 01:12:00,u08418,чат,доступ и пароли,2,a01,2025-05-22 02:09:31,2025-05-22 08:07:47,решено,0,
t001511,2025-06-06 13:00:00,u00344,телефон,расписание и посещаемость,3,a06,2025-06-06 13:12:12,2025-06-06 15:44:03,решено,0,3
t002862,2025-04-08 06:04:00,u06023,чат,доступ и пароли,1,a02,2025-04-08 06:14:18,2025-04-08 07:53:22,решено,0,
t000690,2025-05-16 10:34:00,u06874,чат,оплата и документы,1,a09,2025-05-16 11:19:45,2025-05-16 12:46:08,решено,0,
t000642,2025-02-13 08:06:00,u02321,телефон,оплата и документы,1,a10,2025-02-13 08:13:20,2025-02-13 13:28:52,решено,0,
t005161,2025-01-11 08:58:00,u08962,почта,доступ и пароли,3,a02,2025-01-11 09:20:27,2025-01-11 13:30:58,решено,1,5
t000975,05.05.2025 07:45,u08563,почта,техническая проблема,1,a02,2025-05-05 08:08:51,2025-05-05 19:17:39,решено,0,4
t005302,2025-01-27 08:40:00,u07934,форма,оплата и документы,3,a04,2025-01-27 08:46:58,2025-01-27 15:14:06,решено,0,
t005220,2025-05-19 09:13:00,u08516,чат,оплата и документы,1,a04,2025-05-19 09:16:19,2025-05-19 11:36:41,решено,0,
t003517,2025-03-20 05:53:00,u01977,чат,доступ и пароли,2,a17,2025-03-20 07:02:13,2025-03-20 07:10:02,решено,0,
t002298,2025-02-20 19:55:00,u06459,чат,доступ и пароли,1,a03,2025-02-20 21:25:00,2025-02-20 21:25:36,решено,0,2
t005535,19.06.2025 13:57,u02915,чат,техническая проблема,1,a10,2025-06-19 14:23:57,2025-06-19 20:59:31,решено,1,
t000257,18.03.2025 21:19,u04748,телефон,доступ и пароли,3,a16,2025-03-18 21:33:18,2025-03-18 22:07:27,решено,0,4
t000647,2025-01-21 10:46:00,u06677,Чат,,3,a12,2025-01-21 12:34:24,2025-01-21 13:05:30,решено,0,
t003587,03.06.2025 04:45,u08062,чат,оплата и документы,2,a02,2025-06-03 04:50:54,2025-06-03 08:31:04,решено,0,
t004054,2025-02-08 09:31:00,u00429,чат,доступ и пароли,2,a16,2025-02-08 10:43:01,2025-02-08 13:16:30,решено,0,
t005297,2025-03-21 05:47:00,u03020,форма,NULL,2,a03,2025-03-21 06:53:12,2025-03-21 07:31:56,решено,0,2
t002133,2025-03-07 05:52:00,u06079,телефон,оплата и документы,2,a17,2025-03-07 06:13:49,2025-03-07 10:28:43,решено,0,
t002374,2025-02-04 10:14:00,u03067,телефон,техническая проблема,1,a11,2025-02-04 11:09:59,2025-02-04 20:13:01,решено,0,
t004842,25.03.2025 05:15,u02297,форма,оплата и документы,2,a15,2025-03-25 05:27:52,2025-03-25 10:09:08,решено,0,
t004651,2025-04-05 07:51:00,u06290,форма,оплата и документы,3,a15,2025-04-05 08:13:59,2025-04-05 15:08:57,решено,0,
t002425,2025-02-14 08:43:00,u05370,почта,техническая проблема,1,a17,2025-02-14 08:55:28,2025-02-14 20:33:17,решено,0,
t003613,2025-05-13 19:11:00,u02188,чат,доступ и пароли,2,a05,2025-05-13 19:27:53,2025-05-13 19:59:36,решено,0,5
t003328,2025-03-18 05:36:00,u08607,чат,расписание и посещаемость,2,a10,2025-03-18 06:15:55,2025-03-18 10:58:12,решено,0,5
t005533,2025-03-18 16:20:00,u03497,почта,доступ и пароли,2,a15,2025-03-18 16:34:32,2025-03-18 19:03:35,решено,0,
t004938,2025-04-18 13:22:00,u01228,почта,расписание и посещаемость,2,a03,2025-04-18 13:48:43,2025-04-18 14:20:17,решено,0,
t004794,2025-04-20 07:57:00,u02108,форма,расписание и посещаемость,1,a03,2025-04-20 08:54:38,2025-04-20 10:20:39,решено,0,
t003867,2025-04-14 18:45:00,u03328,почта,доступ и пароли,2,a01,2025-04-14 19:04:39,2025-04-14 20:34:33,решено,1,
t004459,19.03.2025 07:44,u00539,форма,доступ и пароли,3,a03,2025-03-19 09:27:16,2025-03-19 09:42:55,решено,0,
t001852,2025-06-22 06:34:00,u08893,почта,техническая проблема,1,a05,2025-06-22 06:56:59,2025-06-22 15:16:11,решено,0,
t000808,23.02.2025 04:12,u02966,почта,расписание и посещаемость,3,a10,2025-02-23 04:30:22,2025-02-23 06:38:33,решено,0,
t001688,2025-06-18 09:08:00,u00925,почта,техническая проблема,2,a01,2025-06-18 09:23:19,2025-06-19 02:03:47,решено,0,
t005692,2025-01-03 02:48:00,u00337,чат,доступ и пароли,3,a10,2025-01-03 03:55:33,2025-01-03 04:55:56,решено,0,
t003574,2025-04-02 10:49:00,u02467,чат,доступ и пароли,2,a08,2025-04-02 10:55:21,2025-04-02 11:27:24,решено,0,
t001205,2025-06-07 04:12:00,u01311,почта,доступ и пароли,2,a10,2025-06-07 04:29:05,2025-06-07 04:39:38,решено,0,
t003468,2025-06-26 13:14:00,u01840,чат,техническая проблема,1,a09,2025-06-26 13:35:53,2025-06-26 18:14:52,решено,1,
t003430,07.03.2025 03:22,u02042,чат,прочее,3,a05,2025-03-07 03:30:58,2025-03-07 07:00:53,решено,0,
t002696,2025-05-19 13:34:00,u08600,почта,прочее,1,a01,2025-05-19 13:54:35,2025-05-19 20:35:33,решено,0,
t001533,2025-05-06 01:01:00,u07726,чат,оплата и документы,2,a01,2025-05-06 01:48:13,2025-05-06 03:10:31,решено,1,
t002821,2025-04-18 07:03:00,u04691,почта,доступ и пароли,3,a10,2025-04-18 07:44:35,2025-04-18 07:54:54,решено,0,
t005439,03.06.2025 11:35,u03745,чат,оплата и документы,1,a16,2025-06-03 12:04:07,2025-06-03 15:19:52,решено,0,
t005304,23.02.2025 11:45,u04164,телефон,доступ и пароли,2,a17,2025-02-23 12:26:14,2025-02-23 20:43:42,решено,0,
t004906,2025-04-07 04:09:00,u04227,чат,оплата и документы,2,a06,2025-04-07 04:23:17,2025-04-07 05:34:21,решено,0,
t005513,20.06.2025 08:53,u04204,почта,расписание и посещаемость,2,a04,2025-06-20 09:28:32,2025-06-20 13:35:09,решено,0,
t000777,2025-04-07 11:14:00,u07723,почта,техническая проблема,1,a04,2025-04-07 11:44:11,2025-04-08 02:24:57,решено,0,
t004939,2025-01-15 04:20:00,u08782,почта,оплата и документы,2,a10,2025-01-15 05:15:24,2025-01-15 10:01:08,решено,0,5
t005929,2025-06-18 01:51:00,u06755,форма,техническая проблема,1,a10,2025-06-18 01:59:26,2025-06-18 22:25:08,решено,0,
t000727,2025-06-12 01:24:00,u03677,форма,оплата и документы,2,a15,2025-06-12 01:49:48,2025-06-12 09:16:47,решено,0,
t005233,2025-05-02 07:23:00,u01595,Чат,техническая проблема,2,a15,2025-05-02 08:26:13,2025-05-02 10:11:34,решено,0,
t001655,2025-06-02 06:02:00,u05874,телефон,прочее,2,a09,2025-06-02 06:07:24,2025-06-02 09:38:34,решено,0,
t001318,27.02.2025 03:46,u02692,форма,доступ и пароли,3,a15,2025-02-27 04:10:54,2025-02-27 05:04:36,решено,0,3
t003098,2025-03-03 18:39:00,u02648,чат,оплата и документы,1,a18,2025-03-03 20:13:04,2025-03-03 23:29:12,решено,0,3
t000195,2025-06-08 11:19:00,u00156,чат,расписание и посещаемость,2,a03,2025-06-08 11:20:15,2025-06-08 14:23:51,решено,0,
t002706,2025-05-07 09:18:00,u04779,телефон,"",1,a12,2025-05-07 09:32:34,2025-05-07 18:15:14,решено,0,
t004238,2025-06-02 09:10:00,u00827,телефон,оплата и документы,2,a07,2025-06-02 10:08:54,,в работе,1,5
t003556,18.02.2025 07:18,u05978,форма,оплата и документы,2,a09,2025-02-18 08:49:18,2025-02-18 13:43:35,решено,1,
t004401,2025-06-26 04:49:00,u08567,чат,доступ и пароли,2,a16,2025-06-26 05:37:37,2025-06-26 05:54:13,решено,0,
t003172,19.01.2025 01:52,u06933,форма,"",2,a06,2025-01-19 02:02:03,2025-01-19 22:10:13,решено,1,3
t004091,18.02.2025 13:05,u01558,почта,техническая проблема,1,a08,2025-02-18 13:24:58,2025-02-18 20:44:30,решено,0,4
t001627,25.05.2025 09:46,u07758,чат,доступ и пароли,2,a10,2025-05-25 09:54:54,2025-05-25 11:58:04,решено,0,
t000259,2025-01-21 11:27:00,u03968,чат,оплата и документы,2,a06,2025-01-21 12:59:20,2025-01-21 16:17:18,решено,0,5
t005739,2025-06-02 12:21:00,u04668,чат,расписание и посещаемость,2,a06,2025-06-02 13:08:35,2025-06-02 18:27:19,решено,0,
t000960,22.06.2025 10:25,u08189,чат,доступ и пароли,1,a15,2025-06-22 10:39:11,2025-06-22 12:42:57,решено,0,
t003946,07.06.2025 05:45,u03048,телефон,доступ и пароли,1,a05,2025-06-07 05:51:22,2025-06-07 07:24:25,решено,0,
t005055,2025-04-18 01:41:00,u07461,чат,доступ и пароли,2,a06,2025-04-18 02:19:37,,в работе,0,
t003255,12.02.2025 04:16,u01021,чат,доступ и пароли,2,a07,2025-02-12 05:13:56,2025-02-12 05:32:29,решено,0,5
t003047,08.05.2025 05:43,u03750,чат,расписание и посещаемость,1,a01,2025-05-08 06:07:05,2025-05-08 09:09:19,решено,0,
t000019,01.04.2025 13:24,u02967,телефон,оплата и документы,2,a15,2025-04-01 13:37:55,2025-04-01 22:21:46,решено,1,
t004768,2025-05-20 17:56:00,u01474,чат,расписание и посещаемость,2,a16,2025-05-20 18:13:05,2025-05-21 02:57:35,решено,0,
t000293,03.04.2025 13:36,u05475,почта,прочее,2,a02,2025-04-03 13:48:24,2025-04-03 18:29:34,решено,0,3
t004812,21.05.2025 08:09,u03059,почта,доступ и пароли,1,a01,2025-05-21 09:09:22,2025-05-21 09:10:45,решено,0,
t005680,09.03.2025 09:23,u08325,чат,оплата и документы,2,a17,2025-03-09 09:28:37,2025-03-09 10:59:01,решено,0,
t002619,2025-02-14 04:53:00,u04720,чат,"",2,a17,2025-02-14 06:38:22,2025-02-14 12:23:56,решено,0,5
t003585,2025-02-18 10:18:00,u07727,чат,доступ и пароли,2,a13,2025-02-18 11:21:34,2025-02-18 12:26:53,решено,0,
t004510,2025-04-07 11:27:00,u05899,почта,техническая проблема,1,a15,2025-04-07 11:28:11,2025-04-07 18:53:32,решено,0,
t003157,25.01.2025 10:05,u06312,почта,расписание и посещаемость,1,a07,2025-01-25 10:16:28,2025-01-25 15:30:55,решено,0,5
t000883,16.01.2025 11:33,u08936,телефон,NULL,2,a08,2025-01-16 13:16:00,2025-01-17 02:00:59,решено,0,
t005537,16.01.2025 08:44,u06654,почта,расписание и посещаемость,2,a11,2025-01-16 10:34:30,2025-01-16 10:39:08,решено,0,
t005121,2025-01-20 05:47:00,u07976,почта,"",2,a03,2025-01-20 06:52:49,2025-01-20 07:38:56,решено,0,
t001672,2025-05-09 10:27:00,u03835,чат,техническая проблема,1,a16,2025-05-09 10:37:02,2025-05-10 07:19:17,решено,0,5
t003144,04.04.2025 14:38,u01196,чат,техническая проблема,2,a04,2025-04-04 15:33:58,,в работе,0,
t004256,19.01.2025 01:41,u05044,чат,доступ и пароли,3,a07,2025-01-19 02:09:49,2025-01-19 02:18:26,решено,0,4
t005520,2025-01-23 11:49:00,u04527,почта,расписание и посещаемость,3,a14,2025-01-23 13:12:30,2025-01-23 16:18:35,решено,0,4
t005625,15.06.2025 08:18,u05547,чат,доступ и пароли,2,a16,2025-06-15 08:45:38,2025-06-15 09:12:05,решено,0,
t003322,2025-04-22 05:07:00,u02467,телефон,оплата и документы,1,a16,2025-04-22 05:14:52,2025-04-22 07:55:58,решено,0,
t002635,2025-03-17 06:00:00,u01253,чат,расписание и посещаемость,1,a10,2025-03-17 06:21:35,2025-03-17 10:50:10,решено,0,
t003632,07.06.2025 12:57,u08669,чат,расписание и посещаемость,2,a11,2025-06-07 13:01:34,2025-06-07 16:07:06,решено,0,
t004184,2025-01-03 01:26:00,u02608,чат,доступ и пароли,2,a06,2025-01-03 02:42:18,2025-01-03 02:45:09,решено,0,
t000768,16.05.2025 04:49,u02379,чат,расписание и посещаемость,2,a17,2025-05-16 05:08:57,2025-05-16 08:29:06,решено,0,
t001350,2025-02-20 06:31:00,u00019,чат,NULL,1,a04,2025-02-20 08:20:31,2025-02-20 12:09:25,решено,0,
t003092,2025-05-22 03:28:00,u03164,чат,оплата и документы,2,a09,2025-05-22 04:00:36,2025-05-22 05:14:04,решено,0,
t002506,23.01.2025 07:18,u07089,почта,техническая проблема,1,a13,2025-01-23 07:28:56,2025-01-23 17:14:45,решено,0,
t002061,06.04.2025 07:30,u01263,Чат,прочее,3,a06,2025-04-06 08:14:25,2025-04-06 10:07:40,решено,0,
t004255,25.01.2025 09:22,u03900,телефон,доступ и пароли,2,a09,2025-01-25 09:31:22,2025-01-25 10:11:34,решено,0,
t004950,2025-03-09 01:09:00,u02585,чат,оплата и документы,3,a02,2025-03-09 01:22:18,2025-03-09 05:36:51,решено,0,
t002803,2025-03-08 01:57:00,u05490,чат,,2,a06,2025-03-08 03:21:58,2025-03-08 07:11:41,решено,1,
t003944,2025-04-09 08:44:00,u00650,чат,техническая проблема,1,a10,2025-04-09 08:48:52,2025-04-09 16:22:14,решено,0,
t005322,06.06.2025 05:18,u02525,телефон,оплата и документы,1,a17,2025-06-06 05:28:37,2025-06-06 06:40:03,решено,0,
t002496,2025-02-12 11:31:00,u05461,чат,доступ и пароли,1,a16,2025-02-12 13:17:28,2025-02-12 13:27:46,решено,0,
t003961,07.03.2025 04:49,u04093,почта,доступ и пароли,3,a11,2025-03-07 05:14:50,2025-03-07 05:38:05,решено,0,
t005372,2025-05-15 06:05:00,u02947,чат,техническая проблема,1,a11,2025-05-15 06:15:10,2025-05-15 17:50:58,решено,0,
t005995,2025-01-14 11:19:00,u08337,чат,доступ и пароли,2,a02,2025-01-14 11:21:11,2025-01-14 12:26:38,решено,0,
t002569,2025-05-22 05:42:00,u04095,чат,техническая проблема,1,a18,2025-05-22 06:00:00,2025-05-22 17:18:51,решено,0,
t005301,10.06.2025 04:56,u02199,форма,прочее,2,a10,2025-06-10 05:14:37,2025-06-10 11:50:55,решено,0,
t004277,2025-01-20 08:54:00,u03021,чат,доступ и пароли,1,a12,2025-01-20 10:17:04,2025-01-20 11:18:25,решено,0,5
t004281,11.05.2025 06:45,u03581,почта,техническая проблема,2,a11,,,новое,0,
t002054,2025-04-03 12:25:00,u04269,почта,"",1,a10,2025-04-03 12:50:26,2025-04-03 15:37:12,решено,0,
t002318,2025-04-22 11:41:00,u05520,чат,техническая проблема,1,a02,2025-04-22 12:02:00,2025-04-23 04:25:49,решено,1,
t003301,2025-05-18 14:00:00,u02541,форма,оплата и документы,2,a06,2025-05-18 14:53:33,2025-05-18 20:57:41,решено,0,
t004441,2025-04-02 17:20:00,u08181,чат,техническая проблема,2,a16,2025-04-02 17:38:27,2025-04-03 04:18:58,решено,0,
t001407,18.03.2025 07:56,u01210,почта,доступ и пароли,2,a05,2025-03-18 09:21:10,2025-03-18 10:04:33,решено,0,
t002449,2025-01-21 10:12:00,u08464,чат,оплата и документы,1,a09,2025-01-21 11:23:27,2025-01-21 16:34:28,решено,0,
t001754,2025-01-07 03:26:00,u03122,чат,доступ и пароли,1,a07,2025-01-07 04:56:03,2025-01-07 05:28:21,решено,0,
t001851,2025-06-10 10:32:00,u00392,форма,доступ и пароли,2,a01,2025-06-10 10:57:35,2025-06-10 19:07:07,решено,0,
t004151,2025-03-12 02:49:00,u05231,почта,доступ и пароли,2,a11,2025-03-12 04:30:20,2025-03-12 05:03:46,решено,0,
t002702,04.03.2025 09:19,u01194,чат,доступ и пароли,2,a16,2025-03-04 10:40:43,2025-03-04 13:14:51,решено,0,
t005720,02.02.2025 12:35,u00091,почта,доступ и пароли,3,a03,2025-02-02 12:50:07,2025-02-02 13:28:17,решено,0,
t000147,07.01.2025 12:50,u04108,почта,"",3,a11,2025-01-07 14:21:00,2025-01-07 18:51:27,решено,0,
t002478,2025-02-23 11:20:00,u00617,телефон,техническая проблема,1,a01,2025-02-23 11:33:32,2025-02-24 06:56:36,решено,0,
t004317,24.03.2025 09:41,u08897,чат,оплата и документы,2,a16,2025-03-24 10:10:04,2025-03-24 14:50:28,решено,0,
t004396,20.05.2025 07:31,u04865,чат,техническая проблема,1,a07,2025-05-20 08:01:41,2025-05-20 15:31:41,закрыто без ответа,0,
t002296,04.03.2025 10:51,u03698,чат,доступ и пароли,2,a15,2025-03-04 11:56:59,2025-03-04 13:23:08,решено,0,2
t005227,2025-04-03 07:00:00,u01330,чат,техническая проблема,2,a11,2025-04-03 07:14:54,2025-04-03 14:35:54,решено,0,
t000084,25.03.2025 10:57,u02145,чат,доступ и пароли,3,a03,2025-03-25 11:15:22,2025-03-25 11:55:53,решено,0,
t000254,2025-03-09 12:57:00,u01440,чат,доступ и пароли,2,a15,2025-03-09 13:05:49,2025-03-09 15:51:48,решено,0,5
t001005,2025-01-10 08:25:00,u04787,чат,доступ и пароли,3,a02,2025-01-10 09:46:19,2025-01-10 10:04:56,решено,0,3
t000191,22.02.2025 09:58,u01814,почта,оплата и документы,2,a18,2025-02-22 10:07:53,2025-02-22 12:07:19,решено,0,
t004521,2025-02-06 14:06:00,u07770,чат,доступ и пароли,1,a01,2025-02-06 15:13:28,2025-02-06 15:14:22,решено,0,2
t004604,2025-06-23 08:56:00,u04047,чат,техническая проблема,1,a18,2025-06-23 09:11:26,2025-06-23 22:28:56,решено,0,
t004562,16.03.2025 03:53,u01763,почта,расписание и посещаемость,2,a12,2025-03-16 03:55:16,2025-03-16 08:55:16,решено,0,1
t000398,2025-06-09 08:05:00,u05078,почта,оплата и документы,2,a03,2025-06-09 08:06:34,2025-06-09 10:13:30,решено,0,
t002405,2025-01-03 06:19:00,u04729,чат,оплата и документы,2,a12,2025-01-03 06:26:50,2025-01-03 10:13:40,решено,0,3
t005480,20.04.2025 06:21,u01972,почта,расписание и посещаемость,2,a10,2025-04-20 06:38:00,2025-04-20 07:40:00,решено,0,
t005135,11.01.2025 03:03,u07237,чат,доступ и пароли,3,a09,2025-01-11 03:17:54,2025-01-11 04:22:41,решено,0,4
t002182,2025-06-23 07:22:00,u08847,чат,техническая проблема,1,a03,2025-06-23 07:33:49,2025-06-23 21:44:17,решено,0,
t003892,2025-06-21 17:05:00,u06243,Чат,техническая проблема,1,a18,2025-06-21 17:08:34,2025-06-22 09:18:21,решено,0,
t002407,18.04.2025 06:14,u03450,чат,оплата и документы,2,a02,2025-04-18 06:25:49,2025-04-18 07:04:43,решено,0,
t004729,19.06.2025 09:14,u06375,почта,доступ и пароли,2,a02,2025-06-19 09:35:13,2025-06-19 11:50:21,решено,0,
t002094,05.03.2025 01:11,u06538,почта,доступ и пароли,3,a03,2025-03-05 01:28:26,2025-03-05 01:48:52,решено,0,5
t003291,02.01.2025 15:45,u08397,чат,доступ и пароли,1,a14,2025-01-02 16:46:27,2025-01-02 19:14:31,решено,0,
t003125,12.03.2025 05:03,u08004,телефон,расписание и посещаемость,1,a04,2025-03-12 06:53:32,2025-03-12 07:20:14,решено,0,
t004368,2025-01-02 10:20:00,u00591,чат,доступ и пароли,2,a03,2025-01-02 10:41:16,2025-01-02 11:12:59,решено,0,
t005927,2025-03-06 11:46:00,u01376,чат,доступ и пароли,2,a16,2025-03-06 12:49:11,2025-03-06 13:38:12,решено,0,
t004633,2025-03-04 04:46:00,u00550,почта,доступ и пароли,2,a05,2025-03-04 06:36:10,2025-03-04 07:50:23,решено,0,
t000942,2025-03-05 03:06:00,u05508,чат,доступ и пароли,2,a16,2025-03-05 03:10:58,2025-03-05 04:51:52,решено,0,
t005347,2025-04-04 11:28:00,u03057,телефон,оплата и документы,2,a10,2025-04-04 12:08:55,2025-04-04 17:52:38,решено,0,
t003105,05.04.2025 12:38,u01970,почта,расписание и посещаемость,2,a01,2025-04-05 13:00:52,2025-04-05 14:14:39,решено,0,
t002609,06.01.2025 16:20,u05115,почта,доступ и пароли,2,a04,2025-01-06 16:24:04,2025-01-06 17:20:06,решено,0,
t004517,2025-06-19 18:47:00,u00179,почта,расписание и посещаемость,1,a06,2025-06-19 19:09:49,2025-06-20 00:39:04,решено,0,
t005060,06.02.2025 05:02,u03998,Чат,доступ и пароли,3,a05,2025-02-06 06:44:08,2025-02-06 08:59:44,решено,0,5
t002160,2025-01-11 01:57:00,u02092,почта,доступ и пароли,1,a06,2025-01-11 03:01:17,2025-01-11 03:07:11,решено,0,4
t004787,15.02.2025 13:47,u08857,чат,доступ и пароли,2,a06,2025-02-15 14:54:15,2025-02-15 18:17:40,решено,0,
t001258,2025-06-11 12:16:00,u02703,чат,прочее,2,a02,2025-06-11 12:43:21,2025-06-11 15:19:43,решено,0,
t005991,2025-02-09 11:42:00,u03468,чат,доступ и пароли,2,a06,2025-02-09 12:02:00,2025-02-09 15:06:47,решено,0,
t002949,2025-04-14 07:02:00,u03926,чат,доступ и пароли,2,a15,2025-04-14 07:42:06,2025-04-14 08:49:02,решено,0,
t004596,20.04.2025 03:35,u03192,почта,доступ и пароли,1,a10,2025-04-20 04:04:03,2025-04-20 05:09:17,решено,1,
t004601,2025-06-22 07:24:00,u08893,телефон,прочее,2,a15,,,новое,0,
t001058,23.06.2025 08:30,u04245,почта,оплата и документы,2,a18,2025-06-23 09:02:32,2025-06-23 10:51:24,решено,0,
t000742,2025-05-03 11:17:00,u08663,чат,техническая проблема,2,a15,2025-05-03 11:43:46,2025-05-03 21:11:54,решено,1,
t002547,22.05.2025 07:24,u00135,чат,прочее,1,a07,2025-05-22 07:39:04,2025-05-22 11:18:34,решено,0,
t004333,2025-02-22 04:49:00,u06250,Чат,доступ и пароли,2,a14,2025-02-22 06:17:42,2025-02-22 06:32:20,решено,0,
t005290,2025-06-02 05:31:00,u02957,Чат,техническая проблема,1,a06,2025-06-02 06:08:07,2025-06-02 12:00:34,решено,0,
t001138,2025-03-07 02:29:00,u05156,чат,расписание и посещаемость,3,a03,2025-03-07 03:57:54,2025-03-07 08:32:41,решено,0,
t000346,18.05.2025 11:54,u03805,телефон,доступ и пароли,3,a18,2025-05-18 12:17:39,2025-05-18 14:11:26,решено,0,
t005530,2025-03-21 02:21:00,u06987,телефон,доступ и пароли,1,a01,2025-03-21 02:50:33,2025-03-21 05:09:44,решено,1,
t003136,2025-06-20 13:52:00,u04217,почта,расписание и посещаемость,3,a06,2025-06-20 13:55:04,2025-06-20 16:23:36,решено,0,
t001696,20.05.2025 13:27,u03928,почта,расписание и посещаемость,2,a07,2025-05-20 13:52:39,2025-05-19 13:18:55,решено,0,
t003062,2025-04-08 04:28:00,u07761,чат,расписание и посещаемость,2,a15,2025-04-08 05:00:02,2025-04-08 06:22:48,решено,1,
t004142,2025-04-11 05:08:00,u01197,чат,оплата и документы,2,a04,2025-04-11 05:51:43,,в работе,0,
t001421,2025-05-19 14:53:00,u02259,Чат,техническая проблема,2,a10,2025-05-19 15:02:24,2025-05-20 02:20:43,решено,0,
t001338,2025-05-12 04:01:00,u02007,почта,доступ и пароли,3,a07,2025-05-12 04:12:19,2025-05-12 05:06:45,решено,0,
t001033,2025-03-12 19:26:00,u00232,чат,доступ и пароли,1,a16,2025-03-12 19:39:01,2025-03-12 20:30:30,решено,0,5
t001353,2025-02-10 14:08:00,u08716,телефон,оплата и документы,2,a07,2025-02-10 14:11:55,2025-02-10 18:29:29,решено,0,4
t005030,03.05.2025 06:59,u01475,почта,расписание и посещаемость,2,a06,2025-05-03 07:16:25,2025-05-03 08:34:42,решено,0,
t002568,2025-06-24 01:28:00,u03852,почта,прочее,2,a08,2025-06-24 01:29:38,2025-06-24 09:49:01,решено,0,
t002719,2025-01-06 12:15:00,u01034,почта,доступ и пароли,2,a08,2025-01-06 12:36:30,2025-01-06 13:19:08,решено,0,5
t001817,2025-05-04 17:52:00,u05699,чат,доступ и пароли,2,a02,2025-05-04 18:06:50,2025-05-04 18:47:10,решено,0,
t005596,2025-04-11 06:21:00,u08191,телефон,"",1,a09,2025-04-11 06:46:32,2025-04-12 03:08:56,решено,0,
t004606,2025-02-14 09:04:00,u01983,чат,прочее,2,a10,2025-02-14 09:25:51,2025-02-14 13:22:39,решено,0,5
t003272,2025-05-23 06:32:00,u07260,чат,техническая проблема,2,a07,2025-05-23 06:34:50,2025-05-23 11:22:01,решено,0,
t003756,2025-02-27 13:37:00,u02592,форма,доступ и пароли,2,a01,2025-02-27 14:50:06,2025-02-27 15:07:48,решено,0,5
t002573,19.05.2025 08:17,u01960,телефон,доступ и пароли,2,a16,2025-05-19 08:20:08,2025-05-19 10:11:19,решено,0,
t005614,2025-03-21 01:52:00,u08459,почта,доступ и пароли,2,a18,2025-03-21 03:18:02,2025-03-21 04:53:54,решено,0,
t002596,2025-03-02 11:21:00,u04353,форма,расписание и посещаемость,1,a03,2025-03-02 12:29:16,2025-03-02 14:04:51,решено,0,
t004952,2025-02-19 13:22:00,u00305,почта,доступ и пароли,3,a12,2025-02-19 13:34:19,2025-02-19 15:30:35,решено,0,
t001415,2025-01-07 08:44:00,u05621,телефон,расписание и посещаемость,2,a10,2025-01-07 10:14:30,2025-01-07 17:28:50,решено,0,
t001916,2025-01-21 15:07:00,u02574,телефон,техническая проблема,3,a11,2025-01-21 15:19:33,2025-01-21 23:17:13,решено,0,
t000350,02.05.2025 04:48,u07981,чат,оплата и документы,3,a15,2025-05-02 05:42:02,2025-05-02 09:49:46,решено,0,3
t002959,22.04.2025 10:01,u08178,почта,доступ и пароли,2,a08,2025-04-22 10:10:44,2025-04-21 10:49:58,решено,0,
t005726,2025-06-05 12:55:00,u02085,телефон,техническая проблема,1,a05,2025-06-05 13:07:11,2025-06-05 17:21:50,решено,0,3
t004974,2025-01-06 04:56:00,u03574,почта,доступ и пароли,2,a05,2025-01-06 05:13:02,2025-01-06 05:46:03,решено,0,
t000150,02.05.2025 04:34,u06497,почта,доступ и пароли,1,a10,2025-05-02 05:03:19,2025-05-02 05:03:58,решено,0,
t002386,2025-01-13 13:10:00,u00994,чат,доступ и пароли,3,a03,2025-01-13 13:46:18,2025-01-13 14:13:59,решено,0,
t005296,2025-03-18 15:55:00,u08555,чат,доступ и пароли,2,a04,2025-03-18 17:40:26,2025-03-18 19:45:04,решено,0,
t005431,2025-04-22 15:47:00,u05081,телефон,техническая проблема,2,a03,2025-04-22 16:36:47,2025-04-22 17:29:46,решено,0,
t002362,2025-04-14 02:13:00,u08828,почта,расписание и посещаемость,2,a11,2025-04-14 02:17:46,2025-04-14 07:23:02,решено,0,
t000909,2025-06-13 13:06:00,u00567,чат,техническая проблема,2,a15,2025-06-13 13:36:36,2025-06-12 14:03:10,решено,1,
t001629,2025-04-19 13:20:00,u02889,почта,прочее,3,a06,2025-04-19 13:22:52,2025-04-19 19:10:16,решено,0,
t004780,2025-03-24 11:54:00,u08091,чат,доступ и пароли,2,a05,2025-03-24 12:08:39,2025-03-24 12:44:18,решено,0,
t005211,2025-01-23 09:56:00,u04755,чат,доступ и пароли,1,a01,2025-01-23 10:01:14,2025-01-22 09:39:58,решено,0,
t003663,20.06.2025 10:03,u05647,чат,оплата и документы,1,a12,2025-06-20 10:05:03,2025-06-20 14:21:40,решено,0,
t001859,2025-02-02 10:37:00,u08537,почта,доступ и пароли,2,a06,2025-02-02 11:49:53,2025-02-02 12:51:02,решено,0,
t001411,2025-02-26 10:06:00,u01265,чат,техническая проблема,1,a18,2025-02-26 11:54:32,2025-02-26 18:55:42,решено,0,
t003436,02.04.2025 10:37,u02339,чат,доступ и пароли,2,a15,2025-04-02 10:51:03,2025-04-02 11:38:15,решено,0,5
t003130,2025-02-14 03:06:00,u04633,чат,оплата и документы,2,a07,2025-02-14 04:52:09,2025-02-14 06:49:25,решено,0,
t002999,2025-05-25 05:58:00,u04118,почта,техническая проблема,1,a15,2025-05-25 06:08:17,2025-05-25 14:01:09,решено,0,
t004121,2025-02-15 07:19:00,u00796,почта,доступ и пароли,2,a04,2025-02-15 08:19:45,2025-02-15 08:54:47,решено,0,
t003011,27.01.2025 09:27,u02148,форма,доступ и пароли,2,a02,2025-01-27 10:54:26,2025-01-27 11:15:36,решено,0,
t000547,22.01.2025 12:42,u01420,телефон,оплата и документы,1,a04,2025-01-22 13:55:04,2025-01-22 17:03:27,решено,0,5
t003069,23.02.2025 06:33,u02966,форма,расписание и посещаемость,2,a14,2025-02-23 07:02:05,2025-02-23 09:43:30,решено,0,
t000366,2025-03-05 13:39:00,u03959,чат,техническая проблема,2,a16,2025-03-05 14:00:35,2025-03-06 00:06:16,решено,1,
t005628,2025-01-21 19:03:00,u02866,форма,доступ и пароли,1,a12,2025-01-21 20:04:53,2025-01-21 21:11:07,решено,0,5
t005040,03.06.2025 06:01,u08187,чат,расписание и посещаемость,2,a04,2025-06-03 06:04:24,2025-06-03 10:43:47,решено,0,
t001849,2025-01-23 10:47:00,u05261,форма,доступ и пароли,2,a10,2025-01-23 10:52:57,2025-01-23 11:35:16,решено,0,2
t002867,2025-04-23 09:53:00,u07474,чат,оплата и документы,2,a05,2025-04-23 10:21:32,2025-04-23 11:58:37,решено,0,
t005383,21.01.2025 05:37,u03635,чат,техническая проблема,3,a01,2025-01-21 06:06:52,,в работе,0,
t005777,2025-04-16 06:01:00,u01132,почта,техническая проблема,3,a04,2025-04-16 06:27:48,2025-04-16 18:02:45,решено,0,
t002541,11.06.2025 16:12,u05889,чат,техническая проблема,1,a08,2025-06-11 16:35:31,2025-06-12 00:41:19,решено,0,
t002253,2025-02-07 06:24:00,u07727,чат,оплата и документы,3,a10,2025-02-07 06:53:04,2025-02-07 08:11:50,решено,0,
t000475,2025-04-13 11:12:00,u07014,телефон,расписание и посещаемость,3,a15,2025-04-13 11:22:38,2025-04-13 13:21:21,решено,0,
t004706,2025-01-10 01:23:00,u02445,чат,оплата и документы,1,a02,2025-01-10 01:28:40,2025-01-10 03:24:14,решено,0,5
t003191,2025-03-05 08:57:00,u04919,форма,доступ и пароли,1,a16,2025-03-05 10:32:57,2025-03-05 11:54:12,решено,0,
t004987,2025-02-02 02:00:00,u02553,Чат,доступ и пароли,2,a02,2025-02-02 03:13:45,2025-02-01 02:18:44,решено,0,
t002695,2025-01-07 08:48:00,u01404,форма,оплата и документы,1,a10,2025-01-07 09:17:00,2025-01-07 15:00:10,решено,0,
t002287,04.03.2025 15:45,u03953,форма,техническая проблема,2,a07,2025-03-04 15:47:16,2025-03-05 02:31:21,решено,0,
t001850,2025-03-22 09:45:00,u02634,Чат,оплата и документы,2,a08,2025-03-22 11:11:05,2025-03-23 05:56:39,решено,0,
t003336,2025-04-21 09:37:00,u05325,телефон,техническая проблема,2,a15,2025-04-21 09:53:02,2025-04-22 00:21:14,решено,0,5
t002414,2025-06-18 04:05:00,u03870,форма,расписание и посещаемость,3,a06,2025-06-18 04:33:40,2025-06-18 06:54:28,решено,0,
t004383,2025-04-03 17:09:00,u08178,чат,расписание и посещаемость,3,a12,2025-04-03 17:16:37,2025-04-03 18:56:23,решено,0,
t002762,2025-05-21 13:32:00,u04952,чат,прочее,2,a05,2025-05-21 13:48:44,2025-05-21 16:16:33,решено,0,
t002749,24.05.2025 10:46,u00437,телефон,прочее,3,a03,2025-05-24 11:05:18,2025-05-24 16:23:18,решено,0,
t001371,22.05.2025 17:39,u05010,Чат,техническая проблема,1,a10,2025-05-22 17:56:14,2025-05-23 00:37:17,решено,0,
t002138,2025-05-06 05:33:00,u02714,телефон,оплата и документы,2,a18,2025-05-06 06:23:38,2025-05-06 06:38:17,решено,0,
t005024,2025-06-21 14:05:00,u00013,почта,оплата и документы,2,a07,2025-06-21 14:27:19,2025-06-21 17:34:05,решено,0,
t001624,2025-05-17 08:03:00,u02335,почта,техническая проблема,2,a02,2025-05-17 08:43:20,,в работе,0,
t005014,05.05.2025 14:43,u00702,чат,техническая проблема,2,a02,2025-05-05 15:12:09,2025-05-05 18:59:13,решено,0,
t001789,2025-06-20 08:47:00,u01810,чат,оплата и документы,3,a07,2025-06-20 08:57:30,2025-06-20 10:56:37,решено,0,
t002661,06.01.2025 06:15,u02590,чат,доступ и пароли,2,a01,2025-01-06 06:42:52,2025-01-06 08:17:16,решено,0,5
t001463,2025-05-24 04:35:00,u07779,чат,оплата и документы,2,a10,2025-05-24 04:59:05,2025-05-24 06:35:16,решено,0,
t004322,22.06.2025 01:24,u02190,чат,оплата и документы,2,a10,2025-06-22 01:37:13,2025-06-22 06:16:11,решено,0,
t005145,2025-03-08 11:47:00,u03743,чат,расписание и посещаемость,2,a05,2025-03-08 12:00:00,2025-03-08 15:11:33,решено,0,5
t002071,10.04.2025 03:14,u07271,форма,оплата и документы,2,a05,2025-04-10 03:30:53,2025-04-10 05:46:28,решено,0,
t004554,25.06.2025 06:21,u03430,телефон,оплата и документы,1,a07,2025-06-25 07:03:18,2025-06-25 07:15:44,решено,1,
t000359,2025-05-13 16:54:00,u05651,почта,оплата и документы,3,a09,2025-05-13 17:23:30,2025-05-13 18:22:26,решено,0,
t003602,2025-01-16 04:00:00,u03144,почта,оплата и документы,3,a13,2025-01-16 04:29:26,2025-01-16 07:20:08,решено,0,
t000600,2025-05-24 11:52:00,u08663,Чат,техническая проблема,2,a04,2025-05-24 11:55:28,,в работе,0,
t002227,2025-01-21 08:28:00,u00849,чат,доступ и пароли,1,a07,2025-01-21 08:40:19,2025-01-21 10:08:07,решено,1,3
t005934,2025-06-21 13:54:00,u03037,форма,прочее,3,a02,2025-06-21 14:11:35,2025-06-21 23:17:25,решено,0,
t005471,12.05.2025 10:12,u04711,чат,"",3,a02,2025-05-12 10:53:21,2025-05-12 13:32:02,решено,0,
t003866,2025-02-07 12:15:00,u07624,почта,доступ и пароли,3,a15,2025-02-07 13:54:45,2025-02-07 14:16:58,решено,0,
t001322,2025-03-02 09:47:00,u00283,почта,доступ и пароли,2,a06,2025-03-02 10:02:27,2025-03-02 10:15:29,решено,0,
t001184,2025-01-18 06:41:00,u00507,телефон,доступ и пароли,1,a05,2025-01-18 08:17:36,2025-01-18 13:44:10,решено,0,
t000810,2025-03-21 08:07:00,u05398,чат,доступ и пароли,1,a11,2025-03-21 08:22:07,2025-03-21 09:20:03,решено,0,4
t002028,2025-05-21 11:29:00,u01005,почта,доступ и пароли,3,a05,,,новое,0,
t002489,2025-02-02 09:22:00,u03659,чат,оплата и документы,1,a07,2025-02-02 11:09:42,2025-02-02 14:11:10,решено,0,
t003764,2025-05-19 12:20:00,u04254,почта,прочее,2,a02,2025-05-19 12:28:46,2025-05-19 15:19:15,закрыто без ответа,0,
t004632,2025-06-02 09:36:00,u01988,почта,доступ и пароли,2,a01,2025-06-02 09:37:16,2025-06-02 10:24:12,решено,0,
t002548,2025-06-10 09:38:00,u00392,почта,оплата и документы,1,a12,2025-06-10 10:02:20,2025-06-10 11:08:08,решено,0,
t003978,07.02.2025 09:00,u00629,чат,оплата и документы,1,a17,2025-02-07 09:57:44,2025-02-07 10:14:46,решено,0,
t003138,2025-04-08 10:43:00,u06334,чат,доступ и пароли,2,a15,2025-04-08 11:09:51,2025-04-08 12:10:42,решено,0,
t005391,2025-01-03 03:28:00,u02729,чат,расписание и посещаемость,1,a03,2025-01-03 03:36:46,2025-01-03 06:37:44,решено,1,5
t003015,2025-05-06 02:02:00,u01940,телефон,расписание и посещаемость,2,a03,2025-05-06 02:07:45,2025-05-06 03:26:58,решено,0,
t002861,17.04.2025 16:05,u08980,чат,доступ и пароли,2,a15,2025-04-17 16:29:21,2025-04-17 16:50:33,решено,1,
t003094,2025-05-23 15:17:00,u00763,почта,техническая проблема,1,a04,2025-05-23 15:26:09,2025-05-24 00:00:33,решено,0,
t000951,06.04.2025 12:56,u03108,чат,расписание и посещаемость,2,a11,2025-04-06 13:20:24,2025-04-06 16:08:56,решено,0,
t004779,2025-05-21 17:05:00,u08499,почта,оплата и документы,3,a12,2025-05-21 17:24:47,2025-05-21 19:13:17,решено,0,
t000360,2025-06-16 11:21:00,u06256,почта,оплата и документы,2,a11,2025-06-16 11:31:44,,в работе,0,
t004144,2025-02-20 09:35:00,u01378,телефон,доступ и пароли,2,a03,2025-02-20 10:29:27,2025-02-20 10:46:26,решено,0,
t003005,2025-04-04 05:27:00,u06060,форма,прочее,3,a08,2025-04-04 05:47:20,2025-04-04 08:33:06,решено,0,
t000200,2025-04-26 05:42:00,u03199,чат,техническая проблема,1,a06,2025-04-26 05:48:54,2025-04-26 10:13:24,решено,1,
t003955,2025-03-16 05:55:00,u03125,почта,техническая проблема,1,a09,2025-03-16 07:06:13,2025-03-16 12:41:07,решено,1,3
t005062,2025-02-03 05:49:00,u08733,почта,доступ и пароли,3,a16,2025-02-03 06:05:37,2025-02-03 07:11:54,решено,0,
t002211,13.02.2025 09:52,u06499,чат,"",2,a06,2025-02-13 11:27:25,2025-02-13 11:42:36,решено,0,5
t004937,2025-05-15 13:16:00,u02947,телефон,расписание и посещаемость,2,a06,2025-05-15 14:10:00,2025-05-15 17:14:51,решено,0,
t005005,14.03.2025 02:16,u01853,чат,доступ и пароли,2,a04,2025-03-14 03:50:00,2025-03-14 03:53:20,решено,0,4
t000972,2025-05-05 05:17:00,u01971,почта,расписание и посещаемость,2,a03,2025-05-05 05:24:55,,в работе,0,
t002588,2025-05-07 08:22:00,u05738,чат,оплата и документы,2,a07,2025-05-07 08:26:11,,в работе,0,
t000714,14.06.2025 11:53,u03584,форма,прочее,3,a03,2025-06-14 12:22:13,2025-06-14 18:46:27,решено,0,
t002804,11.06.2025 06:29,u02971,форма,расписание и посещаемость,2,a01,2025-06-11 06:34:54,2025-06-11 08:21:33,решено,0,
t004985,2025-01-07 06:28:00,u08836,Чат,расписание и посещаемость,2,a10,2025-01-07 08:13:30,2025-01-07 09:08:25,решено,1,
t000773,04.04.2025 04:31,u04781,чат,оплата и документы,3,a17,2025-04-04 05:01:38,2025-04-04 06:55:05,решено,0,
t005947,02.02.2025 10:00,u01414,чат,доступ и пароли,2,a06,2025-02-02 10:28:24,2025-02-02 11:39:02,решено,0,5
t001029,2025-03-12 02:46:00,u04835,чат,доступ и пароли,2,a17,2025-03-12 03:52:38,2025-03-12 04:41:55,решено,0,
t002787,26.02.2025 07:26,u05188,чат,"",2,a15,2025-02-26 07:32:34,,в работе,0,4
t002053,2025-06-04 05:33:00,u01556,чат,оплата и документы,2,a03,2025-06-04 05:56:58,2025-06-04 07:43:54,решено,0,
t001261,2025-05-08 12:20:00,u02365,чат,техническая проблема,2,a07,2025-05-08 12:54:14,2025-05-09 03:12:42,решено,0,
t000534,2025-01-20 14:38:00,u00728,телефон,доступ и пароли,1,a10,2025-01-20 14:40:04,2025-01-20 15:20:41,решено,0,
t001002,2025-04-05 14:06:00,u08618,чат,расписание и посещаемость,2,a17,2025-04-05 14:33:29,2025-04-05 16:44:32,решено,0,
t001546,09.01.2025 03:32,u04821,почта,доступ и пароли,2,a06,2025-01-09 04:48:57,2025-01-09 05:54:11,решено,0,3
t000196,05.03.2025 14:03,u06261,почта,расписание и посещаемость,1,a16,2025-03-05 15:01:26,2025-03-05 15:15:14,решено,0,
t003354,2025-04-09 13:47:00,u06412,чат,оплата и документы,2,a03,2025-04-09 14:04:15,,в работе,0,
t003658,2025-03-23 02:45:00,u04637,чат,доступ и пароли,3,a11,2025-03-23 02:51:43,,в работе,1,1
t001173,2025-01-20 03:48:00,u08405,чат,доступ и пароли,1,a11,2025-01-20 05:05:36,2025-01-20 05:07:03,решено,1,
t004858,10.01.2025 10:07,u06101,чат,расписание и посещаемость,2,a09,2025-01-10 11:10:30,2025-01-10 12:39:23,решено,0,
t002550,21.02.2025 03:13,u07191,почта,доступ и пароли,3,a06,2025-02-21 03:32:46,2025-02-21 04:17:08,решено,0,
t005253,15.03.2025 07:02,u05199,чат,доступ и пароли,2,a11,2025-03-15 08:45:29,2025-03-15 09:38:39,решено,1,
t002073,2025-01-07 10:53:00,u05929,чат,"",1,a13,2025-01-07 12:20:30,2025-01-07 17:59:46,решено,0,
t000340,2025-03-10 03:26:00,u08787,чат,расписание и посещаемость,1,a17,2025-03-10 03:48:39,2025-03-10 10:12:41,решено,0,5
t000974,2025-06-21 13:02:00,u02458,чат,NULL,2,a01,2025-06-21 13:24:23,,в работе,0,
t003280,02.04.2025 01:27,u00738,почта,оплата и документы,2,a07,2025-04-02 02:21:29,2025-04-02 06:51:58,решено,0,
t004244,2025-02-04 06:20:00,u07574,почта,оплата и документы,1,a09,2025-02-04 06:43:06,2025-02-05 00:34:19,решено,0,4
t001122,06.05.2025 06:21,u07726,Чат,техническая проблема,3,a07,2025-05-06 06:44:07,2025-05-06 13:26:55,решено,0,
t002829,2025-03-08 09:35:00,u08885,почта,оплата и документы,2,a10,2025-03-08 10:32:23,2025-03-08 14:39:14,решено,0,
t005274,01.02.2025 02:59,u04233,телефон,доступ и пароли,2,a01,2025-02-01 03:03:51,2025-02-01 04:57:25,решено,0,2
t003463,2025-02-18 09:16:00,u04316,чат,доступ и пароли,1,a05,2025-02-18 10:15:40,2025-02-18 10:40:44,решено,1,5
t000769,2025-05-06 07:47:00,u02133,телефон,оплата и документы,1,a11,2025-05-06 08:33:15,2025-05-06 10:17:09,решено,0,5
t004080,2025-05-18 13:41:00,u01736,чат,оплата и документы,1,a02,2025-05-18 13:51:19,2025-05-18 17:16:20,решено,0,
t000249,12.03.2025 02:18,u04960,форма,доступ и пароли,2,a15,2025-03-12 03:57:24,2025-03-12 04:31:33,решено,0,5
t002601,06.05.2025 01:14,u02192,почта,техническая проблема,1,a06,2025-05-06 01:27:35,2025-05-06 11:21:04,решено,0,3
t002303,08.03.2025 12:59,u06548,чат,доступ и пароли,1,a02,2025-03-08 14:01:45,2025-03-08 14:57:31,решено,0,5
t000565,2025-04-02 11:18:00,u08863,телефон,оплата и документы,2,a10,2025-04-02 12:06:52,2025-04-02 14:18:08,решено,0,
t002058,2025-04-05 10:36:00,u00615,почта,техническая проблема,1,a11,2025-04-05 11:10:18,2025-04-06 04:41:28,решено,0,
t002832,2025-02-04 01:48:00,u00206,чат,оплата и документы,1,a05,2025-02-04 01:50:13,2025-02-04 03:55:47,решено,0,
t000261,2025-02-20 04:10:00,u06746,Чат,доступ и пароли,2,a17,2025-02-20 04:12:59,2025-02-20 05:11:20,решено,0,
t005986,2025-04-23 09:48:00,u04958,почта,оплата и документы,3,a17,2025-04-23 10:15:46,2025-04-23 13:37:37,решено,0,
t004112,03.06.2025 08:00,u04954,чат,доступ и пароли,1,a10,2025-06-03 08:18:53,2025-06-03 09:55:58,решено,0,
t001220,2025-06-22 03:00:00,u02327,почта,техническая проблема,1,a07,2025-06-22 03:09:11,2025-06-22 11:43:01,решено,1,
t002860,2025-01-18 13:04:00,u05935,чат,NULL,2,a13,2025-01-18 14:14:39,2025-01-18 17:02:17,решено,0,3
t001797,2025-01-03 10:36:00,u01146,чат,прочее,2,a01,2025-01-03 11:02:08,2025-01-03 14:19:39,решено,0,
t001422,2025-04-15 01:45:00,u02847,почта,,2,a06,2025-04-15 01:58:59,2025-04-15 03:56:42,решено,0,
t003234,2025-01-13 04:07:00,u03506,телефон,доступ и пароли,2,a02,2025-01-13 04:41:10,2025-01-13 04:52:47,решено,0,
t003734,14.01.2025 05:52,u00613,почта,доступ и пароли,3,a11,2025-01-14 06:07:37,2025-01-14 08:17:45,решено,0,
t000006,2025-03-20 04:05:00,u01936,Чат,оплата и документы,1,a02,2025-03-20 05:41:27,2025-03-20 08:09:31,решено,0,
t000834,08.03.2025 01:46,u08885,почта,расписание и посещаемость,3,a04,2025-03-08 01:56:51,2025-03-08 03:10:15,решено,0,
t002220,25.02.2025 07:42,u00571,чат,расписание и посещаемость,3,a13,2025-02-25 08:05:43,2025-02-25 10:55:58,решено,0,
t005075,10.05.2025 08:43,u07337,почта,расписание и посещаемость,1,a18,2025-05-10 08:45:05,2025-05-09 08:15:35,решено,0,
t001942,05.05.2025 11:19,u06126,чат,техническая проблема,1,a08,2025-05-05 11:36:07,2025-05-05 21:39:01,решено,0,
t004781,2025-03-11 15:20:00,u01766,почта,доступ и пароли,1,a05,2025-03-11 16:43:01,2025-03-11 16:44:35,решено,0,4
t000456,2025-03-27 07:47:00,u02391,форма,доступ и пароли,1,a10,2025-03-27 09:28:07,2025-03-27 10:42:54,решено,0,
t004250,2025-06-07 08:12:00,u07933,чат,расписание и посещаемость,1,a17,2025-06-07 08:31:16,2025-06-07 11:38:58,решено,0,
t001212,2025-01-07 13:24:00,u02731,телефон,оплата и документы,1,a14,2025-01-07 15:11:35,2025-01-07 16:04:45,решено,0,
t000218,2025-05-24 09:19:00,u04250,чат,техническая проблема,2,a03,2025-05-24 09:27:24,2025-05-24 21:35:29,решено,0,
t003343,2025-01-27 07:08:00,u03256,почта,доступ и пароли,3,a13,2025-01-27 08:25:49,2025-01-27 10:05:51,решено,1,
t002194,2025-05-13 07:57:00,u01389,чат,расписание и посещаемость,2,a08,2025-05-13 08:44:43,2025-05-13 09:15:00,решено,0,
t003579,2025-06-06 03:36:00,u06532,чат,расписание и посещаемость,2,a07,2025-06-06 03:45:32,2025-06-06 07:57:08,решено,1,
t004181,2025-05-03 01:47:00,u03650,почта,оплата и документы,2,a01,2025-05-03 01:53:56,2025-05-03 03:37:47,решено,0,
t000526,12.06.2025 09:00,u04738,почта,техническая проблема,2,a06,2025-06-12 09:06:04,2025-06-12 16:38:31,решено,0,
t003716,2025-06-02 10:52:00,u03424,чат,расписание и посещаемость,1,a07,2025-06-02 10:59:13,2025-06-02 14:44:17,решено,0,
t000585,2025-06-18 05:06:00,u02525,чат,техническая проблема,1,a17,2025-06-18 05:33:19,2025-06-19 01:34:47,решено,0,
t000389,2025-05-26 07:12:00,u04407,телефон,техническая проблема,1,a11,2025-05-26 08:01:30,2025-05-26 14:35:25,решено,0,
t005971,20.02.2025 13:02,u06047,почта,доступ и пароли,2,a01,2025-02-20 13:24:48,2025-02-20 14:26:28,решено,0,
t004866,2025-02-23 17:18:00,u04534,чат,доступ и пароли,2,a01,2025-02-23 18:22:00,2025-02-23 18:51:35,решено,0,2
t002413,03.04.2025 16:49,u03391,форма,оплата и документы,2,a16,2025-04-03 17:39:16,2025-04-03 19:13:10,решено,0,
t005267,2025-03-08 11:32:00,u05181,телефон,техническая проблема,2,a17,2025-03-08 11:55:11,2025-03-08 17:50:45,решено,1,
t004446,2025-05-06 18:17:00,u06027,чат,оплата и документы,1,a03,2025-05-06 19:16:53,2025-05-06 22:10:06,решено,1,
t003925,2025-04-04 10:55:00,u06688,форма,оплата и документы,3,a16,2025-04-04 11:02:37,2025-04-04 15:36:05,решено,0,
t004415,20.05.2025 12:52,u08843,чат,техническая проблема,1,a16,2025-05-20 13:27:46,2025-05-20 18:20:15,решено,0,
t001347,2025-04-10 13:14:00,u05717,чат,техническая проблема,3,a16,2025-04-10 13:42:37,2025-04-10 19:20:53,решено,0,
t003324,2025-01-19 05:32:00,u01648,почта,доступ и пароли,2,a12,2025-01-19 07:05:46,2025-01-19 08:55:44,решено,0,
t003321,05.04.2025 17:46,u07978,чат,оплата и документы,3,a03,2025-04-05 18:09:10,,в работе,0,
t001376,2025-05-17 11:15:00,u02354,телефон,доступ и пароли,2,a16,2025-05-17 11:21:18,2025-05-17 11:57:01,решено,0,5
t000130,2025-04-03 09:39:00,u04767,форма,оплата и документы,2,a18,2025-04-03 09:45:08,2025-04-03 14:50:53,решено,0,
t003475,2025-04-18 11:12:00,u07143,чат,прочее,2,a01,2025-04-18 11:16:31,2025-04-18 15:22:41,решено,0,
t000934,2025-02-20 14:21:00,u00695,чат,,1,a10,2025-02-20 15:28:53,2025-02-20 16:54:22,решено,0,
t000860,17.06.2025 05:21,u04065,чат,оплата и документы,2,a02,2025-06-17 05:50:29,2025-06-17 10:19:23,решено,0,
t005266,03.03.2025 09:14,u01849,чат,доступ и пароли,3,a04,2025-03-03 09:41:14,2025-03-03 10:28:45,решено,0,
t000645,2025-06-04 14:46:00,u06507,чат,"",2,a05,2025-06-04 15:13:39,2025-06-04 20:10:00,решено,0,
t001243,2025-05-11 01:16:00,u05555,почта,прочее,2,a02,2025-05-11 01:53:07,2025-05-11 08:11:46,решено,0,
t004703,2025-03-24 05:52:00,u03296,телефон,доступ и пароли,1,a03,2025-03-24 06:15:51,2025-03-24 07:23:54,решено,0,
t001996,2025-02-22 07:30:00,u01536,почта,техническая проблема,2,a14,2025-02-22 07:41:23,2025-02-23 05:36:15,решено,0,
t004945,2025-06-13 05:42:00,u01127,чат,расписание и посещаемость,1,a03,2025-06-13 05:57:21,2025-06-13 08:31:08,решено,0,
t001972,21.05.2025 04:23,u00456,телефон,доступ и пароли,2,a10,2025-05-21 04:38:02,2025-05-21 06:58:06,решено,0,
t004669,07.05.2025 11:43,u08884,чат,оплата и документы,2,a18,2025-05-07 11:44:19,2025-05-07 23:04:00,решено,1,
t004216,2025-06-15 13:45:00,u03675,почта,доступ и пароли,2,a08,2025-06-15 13:47:55,2025-06-15 14:24:55,решено,0,
t004926,2025-05-07 04:08:00,u07258,чат,"",2,a03,2025-05-07 04:11:56,2025-05-07 10:04:47,решено,0,5
t001251,2025-03-04 05:48:00,u06110,чат,прочее,1,a03,2025-03-04 07:30:50,2025-03-05 03:52:04,решено,0,
t004206,2025-06-24 01:48:00,u07148,телефон,оплата и документы,2,a16,2025-06-24 02:10:52,2025-06-24 03:13:03,решено,0,
t002725,2025-03-08 05:47:00,u03743,чат,NULL,2,a02,2025-03-08 05:56:27,2025-03-08 08:35:55,решено,0,
t003455,2025-01-16 08:26:00,u02264,чат,"",1,a02,2025-01-16 09:32:15,2025-01-16 10:48:35,решено,1,5
t001300,2025-05-03 03:47:00,u06457,почта,прочее,1,a01,2025-05-03 04:46:25,2025-05-03 11:54:20,решено,0,
t005787,2025-05-05 16:28:00,u04001,чат,доступ и пароли,1,a16,2025-05-05 16:57:36,2025-05-05 17:29:51,решено,0,
t000202,2025-05-25 03:56:00,u07905,чат,расписание и посещаемость,2,a09,2025-05-25 04:27:22,2025-05-25 07:53:27,решено,0,
t003800,2025-06-07 13:42:00,u05292,форма,доступ и пароли,1,a10,2025-06-07 13:44:00,2025-06-07 14:41:10,решено,1,
t003888,2025-01-01 13:00:00,u05734,телефон,техническая проблема,1,a06,2025-01-01 13:07:08,2025-01-01 21:02:43,решено,0,
t005983,2025-03-16 08:30:00,u03408,почта,доступ и пароли,1,a02,2025-03-16 10:07:53,2025-03-16 10:28:37,решено,0,
t000374,2025-06-26 01:22:00,u02586,чат,"",2,a03,2025-06-26 01:38:05,2025-06-26 07:46:57,решено,0,
t005490,2025-02-11 12:45:00,u07080,чат,расписание и посещаемость,3,a08,2025-02-11 12:54:47,2025-02-11 17:44:13,решено,0,3
t003242,2025-06-19 10:23:00,u06137,почта,расписание и посещаемость,2,a18,2025-06-19 10:37:11,2025-06-19 16:35:14,решено,0,
t002024,2025-01-06 13:18:00,u05765,чат,прочее,1,a14,2025-01-06 14:29:00,2025-01-06 20:22:43,решено,0,
t001302,2025-06-05 07:15:00,u02031,почта,доступ и пароли,2,a04,2025-06-05 07:36:48,,в работе,0,4
t000446,24.06.2025 07:10,u01792,форма,расписание и посещаемость,3,a11,2025-06-24 07:28:00,2025-06-24 11:01:57,решено,0,
t000628,09.01.2025 17:50,u04566,чат,расписание и посещаемость,2,a01,2025-01-09 17:54:26,2025-01-09 23:57:34,решено,0,
t001580,2025-03-06 13:10:00,u01903,чат,NULL,1,a05,2025-03-06 14:37:45,2025-03-06 14:42:31,решено,0,4
t005397,2025-01-19 11:15:00,u07658,телефон,доступ и пароли,2,a01,2025-01-19 12:12:04,2025-01-19 12:24:39,решено,0,
t003067,07.02.2025 10:20,u03457,почта,доступ и пароли,1,a16,2025-02-07 10:37:47,2025-02-07 12:08:57,решено,0,
t002409,2025-04-18 03:29:00,u06378,чат,доступ и пароли,2,a04,,,новое,0,
t000377,07.02.2025 13:19,u03879,телефон,техническая проблема,3,a05,2025-02-07 13:24:29,2025-02-09 02:03:02,решено,0,5
t000732,2025-01-04 11:01:00,u00208,чат,доступ и пароли,2,a14,2025-01-04 12:10:44,2025-01-04 12:18:20,решено,0,
t000973,2025-06-06 05:04:00,u06532,чат,техническая проблема,1,a02,2025-06-06 05:39:37,2025-06-06 17:16:06,решено,0,
t002040,2025-04-04 09:57:00,u06133,чат,техническая проблема,2,a12,2025-04-04 10:18:21,2025-04-05 02:43:50,решено,1,
t002767,2025-05-19 15:28:00,u00881,почта,техническая проблема,2,a07,2025-05-19 15:42:58,2025-05-19 19:18:55,решено,1,
t000933,2025-05-17 01:38:00,u01257,форма,доступ и пароли,1,a05,2025-05-17 01:50:37,2025-05-17 07:40:12,решено,0,
t005553,2025-06-14 07:07:00,u04333,почта,расписание и посещаемость,1,a18,2025-06-14 07:11:44,2025-06-14 10:17:02,решено,0,
t002392,23.04.2025 03:58,u00494,чат,,2,a12,2025-04-23 04:09:59,2025-04-23 04:44:09,решено,0,
t004958,2025-06-13 09:47:00,u03807,телефон,расписание и посещаемость,2,a11,2025-06-13 10:05:15,2025-06-13 13:00:08,решено,0,5
t001108,2025-01-04 10:04:00,u07540,почта,оплата и документы,3,a05,2025-01-04 10:06:39,2025-01-04 11:46:33,решено,0,
t000075,2025-05-03 03:31:00,u02286,чат,расписание и посещаемость,2,a03,2025-05-03 04:23:45,2025-05-03 11:44:39,решено,0,
t001000,2025-04-19 10:35:00,u05561,форма,техническая проблема,1,a06,2025-04-19 10:58:43,2025-04-19 18:59:44,решено,0,
t002131,20.02.2025 17:29,u07620,форма,доступ и пароли,2,a16,2025-02-20 17:53:19,2025-02-20 19:48:24,закрыто без ответа,1,
t005672,27.01.2025 09:53,u02318,телефон,доступ и пароли,2,a13,2025-01-27 11:41:50,2025-01-27 12:16:28,решено,0,
t001762,21.02.2025 05:12,u07378,телефон,прочее,2,a06,2025-02-21 06:39:26,2025-02-21 07:45:04,решено,0,
t003901,2025-06-23 02:52:00,u06855,чат,оплата и документы,2,a18,2025-06-23 02:59:46,2025-06-23 05:03:25,решено,0,
t005635,2025-04-18 13:47:00,u07417,почта,прочее,2,a18,2025-04-18 14:14:39,2025-04-18 16:17:46,решено,0,
t003661,12.03.2025 08:18,u00885,чат,прочее,3,a10,2025-03-12 09:30:18,2025-03-12 16:49:51,закрыто без ответа,0,
t001883,2025-05-16 16:00:00,u00213,чат,расписание и посещаемость,2,a03,2025-05-16 16:05:55,2025-05-16 18:58:11,решено,1,
t000844,2025-02-22 08:50:00,u02553,чат,расписание и посещаемость,1,a06,2025-02-22 10:32:35,2025-02-22 11:47:56,решено,0,5
t003976,2025-03-25 17:40:00,u05489,чат,NULL,2,a05,2025-03-25 18:06:53,2025-03-25 19:22:17,решено,0,5
t001297,2025-04-18 04:39:00,u07975,чат,техническая проблема,1,a15,2025-04-18 05:36:31,2025-04-18 13:52:52,решено,0,
t004147,2025-01-17 19:39:00,u02288,форма,техническая проблема,1,a01,2025-01-17 21:13:39,2025-01-18 04:21:58,решено,0,
t001649,2025-05-11 10:13:00,u05253,телефон,расписание и посещаемость,1,a17,2025-05-11 10:30:35,2025-05-11 13:00:16,решено,1,
t001244,2025-01-22 02:17:00,u08714,телефон,"",2,a07,2025-01-22 02:29:05,2025-01-22 03:21:47,решено,0,
t002459,19.05.2025 08:24,u05195,форма,доступ и пароли,1,a04,2025-05-19 09:11:32,2025-05-19 11:09:52,решено,0,4
t005766,2025-04-19 12:26:00,u04609,форма,доступ и пароли,2,a17,2025-04-19 12:32:32,2025-04-19 13:12:31,решено,0,5
t002370,04.05.2025 03:43,u01636,чат,оплата и документы,2,a10,2025-05-04 04:34:07,2025-05-04 06:19:03,решено,0,
t000400,2025-03-17 07:01:00,u08989,чат,доступ и пароли,1,a03,2025-03-17 08:24:40,2025-03-17 09:11:46,решено,0,5
t001483,2025-02-19 07:48:00,u02167,почта,доступ и пароли,2,a09,2025-02-19 08:48:58,,в работе,0,
t001013,2025-05-22 11:29:00,u02380,почта,доступ и пароли,2,a11,2025-05-22 11:53:13,,в работе,0,4
t004118,11.03.2025 03:21,u05767,Чат,оплата и документы,3,a05,2025-03-11 05:03:50,2025-03-12 03:27:21,решено,0,
t004009,25.04.2025 02:15,u07747,телефон,оплата и документы,3,a16,2025-04-25 02:39:42,2025-04-25 05:58:54,решено,0,
t000206,2025-03-05 10:45:00,u05087,форма,доступ и пароли,1,a02,2025-03-05 11:14:40,2025-03-05 11:36:12,решено,0,
t003503,2025-01-15 06:59:00,u05580,почта,доступ и пароли,1,a02,2025-01-15 08:26:00,2025-01-15 10:00:51,решено,0,
t001888,11.06.2025 11:46,u05889,чат,оплата и документы,2,a11,2025-06-11 11:53:23,2025-06-11 13:27:39,решено,0,2
t004092,2025-05-06 05:49:00,u01005,чат,доступ и пароли,2,a01,2025-05-06 06:26:33,2025-05-06 08:45:31,решено,0,
t004397,2025-05-04 10:10:00,u00314,почта,оплата и документы,2,a15,2025-05-04 10:27:19,2025-05-04 18:47:16,решено,1,
t004817,2025-03-18 06:55:00,u07136,телефон,техническая проблема,1,a01,2025-03-18 08:10:09,2025-03-18 15:26:36,решено,0,3
t001966,2025-01-23 11:17:00,u06364,чат,расписание и посещаемость,1,a12,2025-01-23 11:30:38,2025-01-23 14:49:06,решено,0,4
t000460,2025-06-03 05:28:00,u06015,чат,оплата и документы,2,a02,2025-06-03 05:40:21,2025-06-03 12:32:07,решено,0,
t001680,13.05.2025 03:06,u04652,телефон,расписание и посещаемость,2,a05,2025-05-13 03:31:23,2025-05-13 06:05:51,решено,0,
t001512,2025-04-09 16:21:00,u00519,чат,оплата и документы,2,a01,2025-04-09 16:50:18,2025-04-09 23:54:06,решено,0,
t005118,2025-03-08 12:22:00,u08032,почта,техническая проблема,1,a08,2025-03-08 14:02:42,2025-03-09 06:00:41,решено,0,
t002736,2025-04-22 12:38:00,u05036,чат,техническая проблема,2,a02,2025-04-22 13:32:25,2025-04-22 18:29:41,решено,0,
t005102,2025-01-04 02:09:00,u04805,почта,доступ и пароли,2,a02,2025-01-04 03:14:36,2025-01-04 03:36:24,решено,0,
t003885,2025-04-15 06:26:00,u06377,форма,оплата и документы,2,a03,2025-04-15 06:32:15,2025-04-15 10:57:45,решено,0,
t003299,2025-01-02 01:55:00,u04600,телефон,доступ и пароли,3,a01,2025-01-02 02:13:48,2025-01-02 02:35:54,решено,0,
t004079,26.01.2025 02:49,u04704,форма,доступ и пароли,3,a13,2025-01-26 03:16:45,2025-01-26 04:31:46,решено,0,2
t005509,2025-06-13 12:26:00,u02925,форма,техническая проблема,1,a04,2025-06-13 12:45:21,2025-06-14 01:40:56,решено,0,
t004685,2025-03-19 02:58:00,u03086,почта,техническая проблема,1,a18,2025-03-19 03:50:51,2025-03-19 20:03:55,решено,1,4
t001036,2025-01-09 18:23:00,u03138,чат,расписание и посещаемость,2,a02,2025-01-09 19:38:30,2025-01-09 22:07:56,решено,0,
t003371,2025-06-04 03:31:00,u05642,почта,прочее,2,a06,2025-06-04 03:47:19,2025-06-04 08:14:46,решено,0,
t004448,2025-02-26 03:25:00,u03938,телефон,доступ и пароли,3,a12,2025-02-26 03:51:18,2025-02-26 09:26:31,решено,0,
t005711,03.05.2025 04:51,u01475,чат,техническая проблема,2,a16,2025-05-03 05:52:42,,в работе,1,
t000007,2025-04-22 11:18:00,u03656,форма,оплата и документы,2,a15,2025-04-22 11:35:01,2025-04-22 15:42:43,решено,0,
t001339,2025-03-20 03:03:00,u02698,чат,,3,a12,2025-03-20 03:20:40,2025-03-20 04:30:41,решено,1,
t004962,2025-03-22 07:33:00,u06268,форма,доступ и пароли,1,a17,2025-03-22 08:04:14,2025-03-22 08:50:32,решено,0,
t001589,2025-04-06 13:43:00,u06378,чат,доступ и пароли,2,a18,2025-04-06 13:51:14,2025-04-06 14:56:39,решено,0,
t003988,2025-03-20 13:43:00,u04115,чат,доступ и пароли,1,a05,2025-03-20 14:09:11,2025-03-20 14:53:59,решено,0,
t000825,22.03.2025 07:04,u00115,чат,прочее,1,a03,2025-03-22 08:10:12,2025-03-22 13:54:20,решено,0,
t001045,2025-04-24 12:21:00,u04097,почта,прочее,3,a16,2025-04-24 12:23:02,2025-04-24 14:40:37,решено,0,
t001517,2025-04-21 04:08:00,u01837,чат,расписание и посещаемость,3,a10,2025-04-21 04:22:29,2025-04-21 05:01:36,решено,0,
t005091,2025-02-02 11:29:00,u00091,телефон,техническая проблема,1,a08,2025-02-02 11:33:57,2025-02-03 12:42:39,решено,0,5
t000041,03.01.2025 04:29,u07179,почта,"",1,a10,2025-01-03 06:11:35,2025-01-03 13:28:26,решено,0,
t005169,21.04.2025 07:23,u06205,чат,техническая проблема,1,a07,2025-04-21 08:15:22,2025-04-21 16:26:56,решено,0,1
t000283,2025-03-23 05:10:00,u05206,телефон,доступ и пароли,1,a16,2025-03-23 05:20:34,2025-03-23 06:09:10,решено,0,4
t003785,2025-01-26 08:25:00,u04478,чат,доступ и пароли,2,a01,2025-01-26 08:28:14,2025-01-26 09:42:46,решено,0,
t005922,2025-05-03 04:48:00,u05828,чат,оплата и документы,2,a17,2025-05-03 05:08:43,2025-05-03 07:06:14,решено,0,
t000406,18.04.2025 13:17,u08631,чат,техническая проблема,1,a05,2025-04-18 13:33:32,2025-04-19 04:28:25,решено,0,
t001307,2025-04-03 12:21:00,u00554,форма,оплата и документы,1,a06,2025-04-03 12:34:03,2025-04-03 14:55:40,решено,0,
t001718,2025-03-07 05:14:00,u03634,чат,,2,a06,2025-03-07 06:24:09,2025-03-06 04:49:24,решено,0,
t005173,2025-04-10 06:08:00,u00678,чат,оплата и документы,2,a01,2025-04-10 06:52:11,2025-04-10 10:04:32,решено,1,
t003896,21.03.2025 03:47,u02972,чат,доступ и пароли,2,a07,2025-03-21 05:38:54,2025-03-21 07:17:59,решено,0,
t000402,19.04.2025 10:47,u03545,чат,расписание и посещаемость,2,a08,2025-04-19 11:11:55,2025-04-19 12:48:52,решено,0,
t004103,21.01.2025 02:12,u03920,почта,доступ и пароли,1,a02,2025-01-21 03:12:34,2025-01-21 03:26:15,решено,0,
t005495,2025-02-02 02:46:00,u00937,почта,доступ и пароли,1,a01,2025-02-02 03:18:25,2025-02-02 04:16:44,решено,0,
t001154,2025-03-25 03:00:00,u08565,форма,техническая проблема,1,a05,2025-03-25 03:17:17,2025-03-25 18:22:32,решено,1,
t005848,07.02.2025 02:54,u06179,чат,расписание и посещаемость,2,a02,2025-02-07 04:08:50,2025-02-07 07:19:32,решено,1,
t003837,2025-02-01 03:45:00,u02902,чат,доступ и пароли,1,a01,2025-02-01 04:57:27,2025-02-01 05:10:37,решено,0,
t002528,22.03.2025 03:32,u00010,телефон,NULL,2,a12,2025-03-22 04:57:57,2025-03-23 00:01:07,решено,0,
t001577,2025-03-05 12:28:00,u03343,чат,доступ и пароли,3,a03,2025-03-05 13:43:54,2025-03-05 14:06:12,решено,0,4
t005675,26.05.2025 12:15,u03858,чат,оплата и документы,1,a16,2025-05-26 12:45:39,2025-05-26 13:07:05,решено,0,
t005351,26.03.2025 13:50,u05268,чат,доступ и пароли,3,a02,2025-03-26 14:19:54,2025-03-26 14:36:14,решено,0,
t000786,10.01.2025 08:06,u02094,чат,расписание и посещаемость,3,a11,2025-01-10 08:24:30,2025-01-10 17:55:28,решено,0,
t005403,2025-05-20 06:13:00,u07366,чат,оплата и документы,1,a18,2025-05-20 06:18:34,2025-05-20 08:24:06,решено,0,
t003802,2025-04-15 04:04:00,u05138,телефон,техническая проблема,2,a01,2025-04-15 04:10:31,2025-04-15 15:55:02,решено,0,5
t002011,13.03.2025 13:54,u03345,чат,оплата и документы,2,a01,2025-03-13 15:10:31,2025-03-13 16:25:28,решено,0,
t005792,2025-03-27 10:00:00,u03682,телефон,доступ и пароли,3,a11,2025-03-27 11:21:05,2025-03-27 11:27:40,решено,0,4
t002824,2025-02-11 05:53:00,u00064,чат,прочее,1,a15,2025-02-11 06:10:33,2025-02-11 13:35:56,решено,0,
t004762,2025-02-12 06:10:00,u04495,чат,доступ и пароли,2,a18,2025-02-12 07:59:30,2025-02-12 08:00:48,решено,0,
t004614,2025-02-07 08:50:00,u08001,чат,доступ и пароли,3,a08,2025-02-07 08:57:11,2025-02-07 10:20:55,решено,0,
t001521,2025-02-14 04:04:00,u00652,чат,доступ и пароли,2,a01,2025-02-14 04:14:48,2025-02-14 08:10:39,решено,0,
t000278,18.04.2025 03:23,u07486,телефон,прочее,1,a03,2025-04-18 03:35:49,2025-04-18 06:08:14,решено,0,3
t003824,2025-03-22 12:16:00,u02882,телефон,техническая проблема,1,a11,2025-03-22 12:19:53,2025-03-22 23:02:40,решено,1,
t000838,2025-02-05 09:16:00,u08519,Чат,доступ и пароли,1,a03,2025-02-05 09:31:41,2025-02-05 09:52:58,решено,0,3
t001853,2025-05-11 14:01:00,u00640,телефон,прочее,2,a02,2025-05-11 14:11:01,2025-05-10 13:25:05,решено,0,
t002721,23.04.2025 10:17,u07389,телефон,техническая проблема,1,a11,2025-04-23 10:32:24,2025-04-23 15:58:15,решено,0,
t005017,2025-01-25 05:46:00,u07226,чат,техническая проблема,1,a01,2025-01-25 07:16:41,2025-01-25 10:14:32,решено,0,
t000633,2025-05-16 03:21:00,u07348,чат,техническая проблема,1,a04,2025-05-16 03:45:35,2025-05-16 19:12:48,решено,0,
t002357,06.06.2025 11:31,u04321,чат,доступ и пароли,2,a10,2025-06-06 11:41:55,2025-06-06 13:30:19,решено,0,
t004069,2025-02-17 06:24:00,u07660,почта,оплата и документы,2,a04,2025-02-17 07:56:05,2025-02-17 10:12:13,решено,0,
t005580,2025-05-04 06:30:00,u06484,чат,прочее,1,a01,2025-05-04 07:26:14,2025-05-04 11:09:34,решено,0,
t004240,2025-06-05 15:07:00,u01810,чат,техническая проблема,1,a04,2025-06-05 15:34:52,2025-06-05 17:23:48,закрыто без ответа,0,
t002733,2025-06-27 09:29:00,u05500,чат,оплата и документы,2,a17,2025-06-27 10:31:48,2025-06-27 12:23:36,решено,0,
t003918,21.06.2025 10:57,u07300,почта,NULL,1,a01,2025-06-21 11:11:13,2025-06-21 17:14:49,решено,0,
t004716,2025-06-07 06:38:00,u03048,чат,техническая проблема,1,a05,2025-06-07 07:31:12,2025-06-07 07:50:58,решено,0,
t005385,2025-06-03 06:49:00,u01479,форма,техническая проблема,1,a12,2025-06-03 07:12:42,2025-06-03 16:20:08,решено,0,
t004143,09.01.2025 19:04,u04988,чат,доступ и пароли,1,a06,2025-01-09 19:11:50,2025-01-09 20:40:36,решено,0,
t005886,2025-06-18 10:21:00,u00972,чат,оплата и документы,2,a03,2025-06-18 10:23:33,2025-06-18 12:44:05,решено,0,
t003537,2025-03-22 13:22:00,u02648,чат,доступ и пароли,1,a03,2025-03-22 13:31:24,2025-03-22 13:47:48,решено,0,
t005685,10.01.2025 13:28,u07735,чат,доступ и пароли,1,a01,2025-01-10 14:54:07,2025-01-10 16:30:28,решено,0,
t001937,2025-04-16 12:56:00,u07736,телефон,оплата и документы,2,a17,2025-04-16 13:05:28,2025-04-16 18:14:07,решено,0,
t001247,2025-02-07 11:25:00,u04349,чат,расписание и посещаемость,3,a03,2025-02-07 11:42:17,2025-02-07 13:16:02,решено,0,5
t004280,2025-01-25 04:26:00,u01408,форма,доступ и пароли,3,a08,2025-01-25 04:30:11,2025-01-25 10:27:27,решено,1,
t003201,23.04.2025 02:12,u01238,телефон,оплата и документы,2,a02,2025-04-23 02:28:01,2025-04-23 19:17:54,решено,0,5
t004090,2025-05-04 11:00:00,u00135,чат,доступ и пароли,2,a10,2025-05-04 11:26:46,2025-05-04 12:13:39,решено,0,
t004334,2025-06-22 08:11:00,u02759,чат,NULL,2,a03,2025-06-22 08:19:53,2025-06-22 10:01:26,решено,0,
t000004,02.02.2025 12:25,u04134,почта,доступ и пароли,2,a10,2025-02-02 13:52:50,2025-02-02 14:18:19,решено,0,3
t002977,01.03.2025 08:59,u01961,форма,техническая проблема,1,a09,2025-03-01 10:35:46,2025-03-01 16:19:42,решено,0,
t003969,2025-04-18 09:48:00,u00554,форма,техническая проблема,2,a04,2025-04-18 10:01:37,2025-04-18 16:03:45,решено,0,
t000890,2025-01-01 12:28:00,u06991,чат,доступ и пароли,1,a08,2025-01-01 14:11:49,2025-01-01 15:29:59,закрыто без ответа,0,2
t000095,2025-01-14 05:04:00,u02471,почта,расписание и посещаемость,2,a13,2025-01-14 05:23:35,2025-01-14 11:38:55,решено,0,
t002390,09.05.2025 01:50,u07525,чат,расписание и посещаемость,3,a02,2025-05-09 02:04:25,2025-05-09 07:45:22,решено,0,
t003768,07.06.2025 01:28,u05118,чат,оплата и документы,3,a17,2025-06-07 02:03:57,2025-06-07 07:53:17,решено,0,
t002008,2025-06-07 14:51:00,u02534,почта,оплата и документы,2,a01,2025-06-07 15:02:29,2025-06-07 19:16:27,решено,0,
t002915,2025-02-04 11:36:00,u02086,почта,доступ и пароли,2,a02,2025-02-04 13:02:06,2025-02-04 13:04:26,решено,1,
t001093,2025-02-14 10:07:00,u06498,форма,доступ и пароли,3,a03,2025-02-14 11:35:16,2025-02-14 11:38:40,решено,0,
t000679,2025-04-05 16:48:00,u00359,чат,оплата и документы,2,a18,2025-04-05 17:52:18,2025-04-05 19:44:48,решено,0,2
t005046,19.02.2025 12:21,u03502,чат,доступ и пароли,2,a15,2025-02-19 14:12:53,2025-02-19 14:29:11,решено,0,
t005207,2025-03-02 03:16:00,u08887,чат,доступ и пароли,2,a16,2025-03-02 04:30:24,2025-03-02 05:41:56,решено,0,5
t003454,09.05.2025 11:55,u01081,форма,расписание и посещаемость,3,a05,2025-05-09 12:21:10,,в работе,0,
t005070,2025-03-21 10:09:00,u06453,чат,техническая проблема,1,a08,2025-03-21 10:23:04,2025-03-22 06:45:37,решено,1,4
t002137,2025-02-02 12:41:00,u01214,чат,прочее,2,a01,2025-02-02 13:01:46,2025-02-02 22:55:29,решено,0,
t000507,23.03.2025 07:10,u00965,телефон,техническая проблема,2,a07,2025-03-23 07:27:49,2025-03-23 13:37:32,решено,0,
t003750,2025-02-05 08:59:00,u02089,чат,оплата и документы,1,a10,2025-02-05 09:04:12,2025-02-05 11:10:05,решено,0,5
t000791,2025-01-03 08:16:00,u03314,чат,прочее,1,a11,2025-01-03 09:25:00,2025-01-03 12:38:57,решено,1,5
t004888,2025-03-07 09:41:00,u00345,Чат,прочее,2,a12,2025-03-07 11:13:40,2025-03-07 13:59:45,решено,0,
t002250,2025-03-22 13:24:00,u01903,почта,доступ и пароли,2,a02,2025-03-22 15:01:27,2025-03-22 16:17:52,решено,0,
t005127,23.01.2025 10:39,u06942,чат,доступ и пароли,2,a12,2025-01-23 12:14:18,,в работе,1,5
t005811,2025-06-17 09:36:00,u02203,телефон,расписание и посещаемость,2,a18,2025-06-17 09:55:31,2025-06-17 11:30:12,решено,0,4
t000453,24.03.2025 11:02,u05821,чат,оплата и документы,1,a12,2025-03-24 12:02:35,2025-03-24 14:32:23,решено,0,
t003289,2025-03-14 10:49:00,u00669,почта,техническая проблема,1,a07,2025-03-14 10:57:10,2025-03-14 21:47:49,решено,0,
t001590,2025-06-26 12:54:00,u04143,Чат,техническая проблема,2,a04,,,новое,0,
t000372,20.05.2025 13:07,u05038,телефон,техническая проблема,2,a04,2025-05-20 13:23:44,2025-05-20 17:47:26,решено,0,
t004959,04.05.2025 03:00,u08051,форма,прочее,1,a16,2025-05-04 03:04:09,2025-05-04 05:08:35,решено,0,
t004426,2025-02-10 11:50:00,u03517,чат,доступ и пароли,1,a06,2025-02-10 12:51:37,2025-02-10 13:15:26,решено,0,5
t005007,2025-02-20 09:23:00,u06217,почта,доступ и пароли,2,a15,2025-02-20 10:40:13,2025-02-20 11:22:40,решено,0,
t001455,2025-05-24 11:21:00,u01314,чат,оплата и документы,2,a06,2025-05-24 11:36:26,2025-05-24 16:36:27,решено,0,
t003108,11.05.2025 06:13,u00793,форма,доступ и пароли,2,a18,2025-05-11 06:31:51,2025-05-11 07:20:42,решено,0,
t004902,2025-04-09 10:48:00,u01825,чат,техническая проблема,2,a17,2025-04-09 11:05:41,2025-04-09 14:12:09,решено,0,
t004033,02.01.2025 09:02,u08405,чат,техническая проблема,2,a05,2025-01-02 09:10:13,2025-01-03 01:59:43,решено,0,5
t005833,2025-04-19 05:18:00,u01851,чат,расписание и посещаемость,2,a18,2025-04-19 05:20:46,2025-04-19 12:36:53,решено,1,
t004823,2025-05-10 06:13:00,u04239,чат,оплата и документы,2,a15,2025-05-10 06:14:04,2025-05-10 08:03:53,решено,0,
t002145,2025-03-13 11:29:00,u08874,чат,доступ и пароли,3,a01,2025-03-13 12:02:18,2025-03-13 12:06:55,решено,0,
t004956,24.06.2025 13:46,u04643,телефон,техническая проблема,2,a06,2025-06-24 14:02:04,2025-06-24 17:34:41,решено,0,4
t000205,2025-06-02 09:49:00,u05441,чат,расписание и посещаемость,2,a10,2025-06-02 10:43:33,2025-06-02 12:34:44,решено,0,
t004463,2025-06-03 13:04:00,u00666,чат,расписание и посещаемость,2,a04,2025-06-03 13:42:04,2025-06-03 18:20:13,решено,0,
t004226,2025-02-27 11:47:00,u01189,телефон,оплата и документы,1,a10,2025-02-27 13:00:21,2025-02-27 17:42:38,решено,1,1
t002537,2025-01-23 09:53:00,u05001,форма,оплата и документы,3,a10,2025-01-23 10:18:33,2025-01-23 21:30:30,решено,0,5
t004841,2025-01-06 09:57:00,u00758,Чат,техническая проблема,1,a06,2025-01-06 10:10:06,2025-01-07 00:46:59,решено,0,1
t000804,2025-06-21 20:14:00,u03407,почта,расписание и посещаемость,1,a15,2025-06-21 20:15:45,2025-06-22 08:41:49,решено,0,
t003465,2025-06-02 18:07:00,u06340,почта,оплата и документы,2,a05,2025-06-02 18:18:59,2025-06-02 21:14:57,решено,0,
t001209,2025-03-22 11:16:00,u03267,почта,доступ и пароли,2,a11,2025-03-22 11:40:26,2025-03-22 12:01:36,решено,0,
t000739,2025-03-16 21:44:00,u03744,чат,техническая проблема,2,a08,2025-03-16 21:49:29,2025-03-17 04:41:47,решено,0,5
t000520,2025-01-10 16:40:00,u03815,почта,оплата и документы,3,a02,2025-01-10 17:02:06,2025-01-10 21:49:46,решено,0,
t000798,24.01.2025 16:26,u08394,форма,доступ и пароли,2,a04,2025-01-24 17:48:38,2025-01-24 18:54:52,решено,0,
t000102,2025-05-20 10:50:00,u07481,чат,расписание и посещаемость,3,a01,2025-05-20 11:16:56,2025-05-20 12:43:28,решено,0,
t000141,2025-01-04 15:00:00,u07479,почта,доступ и пароли,2,a06,2025-01-04 16:19:34,2025-01-04 16:53:45,решено,0,4
t000164,03.01.2025 11:30,u00476,чат,доступ и пароли,3,a11,2025-01-03 11:38:32,2025-01-03 12:10:42,решено,0,5
t005081,2025-06-19 09:17:00,u03334,телефон,расписание и посещаемость,1,a06,2025-06-19 09:25:23,2025-06-19 13:38:08,решено,0,
t003031,2025-01-06 04:27:00,u08493,чат,"",2,a12,2025-01-06 05:52:06,2025-01-06 06:15:05,решено,0,2
t002350,2025-02-03 14:09:00,u02167,чат,доступ и пароли,3,a01,2025-02-03 14:29:49,2025-02-03 16:46:07,решено,0,
t004868,2025-05-18 09:47:00,u05963,почта,расписание и посещаемость,3,a01,2025-05-18 09:53:15,,в работе,0,
t001742,26.02.2025 13:04,u03389,чат,техническая проблема,1,a05,2025-02-26 13:30:24,2025-02-26 18:53:03,решено,0,
t004524,2025-01-21 11:19:00,u04729,телефон,доступ и пароли,1,a07,2025-01-21 11:36:09,2025-01-21 15:12:16,решено,0,
t000484,01.05.2025 10:16,u05006,чат,прочее,2,a09,2025-05-01 10:32:19,2025-05-01 15:21:34,решено,0,
t003199,2025-02-02 04:07:00,u07990,почта,техническая проблема,2,a05,2025-02-02 04:38:25,2025-02-02 13:42:19,решено,0,
t001229,2025-02-18 17:14:00,u03174,почта,доступ и пароли,1,a03,2025-02-18 18:42:29,2025-02-18 23:58:38,решено,0,
t003521,2025-03-24 04:48:00,u02442,чат,доступ и пароли,2,a06,2025-03-24 05:02:25,2025-03-24 10:36:41,решено,0,4
t000573,2025-04-18 07:57:00,u06495,чат,оплата и документы,2,a01,2025-04-18 08:04:44,2025-04-18 12:21:50,решено,1,
t003864,22.01.2025 11:44,u03476,чат,оплата и документы,2,a10,2025-01-22 11:56:09,,в работе,0,5
t001059,2025-04-02 14:01:00,u07947,чат,техническая проблема,2,a07,2025-04-02 14:35:49,2025-04-02 19:01:15,решено,0,
t000095,2025-01-14 05:04:00,u02471,почта,расписание и посещаемость,2,a13,2025-01-14 05:23:35,2025-01-14 11:38:55,решено,0,
t003476,15.04.2025 04:49,u07789,чат,оплата и документы,2,a03,2025-04-15 04:55:00,2025-04-15 11:24:59,решено,0,
t003147,2025-01-03 13:03:00,u00626,почта,доступ и пароли,1,a14,2025-01-03 14:49:39,2025-01-03 14:52:23,решено,0,
t003060,2025-02-03 07:44:00,u02940,чат,доступ и пароли,2,a05,2025-02-03 08:13:12,2025-02-03 08:35:54,решено,0,
t005645,2025-01-13 01:55:00,u08753,чат,доступ и пароли,1,a05,2025-01-13 02:09:47,2025-01-13 02:29:56,решено,1,3
t004972,2025-05-03 07:45:00,u07779,почта,доступ и пароли,3,a18,2025-05-03 08:48:13,2025-05-03 09:10:49,решено,0,
t004048,2025-05-26 09:22:00,u06797,почта,оплата и документы,2,a06,2025-05-26 10:09:42,2025-05-26 13:39:26,решено,0,
t003547,2025-06-04 06:40:00,u06375,чат,расписание и посещаемость,1,a16,2025-06-04 07:21:52,2025-06-04 07:59:12,решено,0,
t004328,2025-06-06 09:09:00,u03888,почта,расписание и посещаемость,1,a12,2025-06-06 09:59:45,2025-06-06 11:38:15,решено,0,
t005329,19.04.2025 08:17,u08181,телефон,расписание и посещаемость,2,a02,2025-04-19 08:37:34,2025-04-19 10:03:35,решено,0,2
t000425,2025-02-24 13:08:00,u05540,чат,доступ и пароли,1,a02,2025-02-24 14:28:41,2025-02-24 14:41:28,решено,0,
t001433,2025-05-13 19:48:00,u02834,телефон,прочее,3,a17,2025-05-13 20:15:04,2025-05-14 01:51:25,решено,0,
t003893,16.02.2025 13:00,u05577,чат,оплата и документы,1,a13,2025-02-16 14:28:58,2025-02-16 15:36:14,решено,0,
t000250,22.05.2025 10:21,u05354,чат,расписание и посещаемость,2,a04,2025-05-22 10:35:45,2025-05-22 12:07:43,решено,1,
t000203,01.03.2025 06:58,u06000,почта,"",3,a15,2025-03-01 07:15:17,2025-03-01 14:47:59,решено,0,3
t003675,2025-02-05 12:01:00,u00340,телефон,оплата и документы,3,a11,2025-02-05 13:47:55,2025-02-06 04:17:19,закрыто без ответа,0,4
t001922,2025-02-02 14:05:00,u04160,чат,доступ и пароли,2,a12,2025-02-02 15:12:41,2025-02-02 15:36:32,решено,0,3
t003783,2025-04-04 16:04:00,u02743,чат,оплата и документы,3,a17,,,новое,0,
t000976,2025-06-21 12:05:00,u08390,чат,техническая проблема,3,a09,2025-06-21 12:36:36,2025-06-22 05:10:35,решено,0,
t000559,15.06.2025 03:59,u01155,чат,оплата и документы,1,a11,2025-06-15 04:27:34,2025-06-15 11:32:59,решено,0,
t005903,2025-05-05 08:57:00,u03475,телефон,оплата и документы,2,a04,2025-05-05 09:07:34,2025-05-05 11:30:33,решено,0,
t003375,2025-04-04 18:23:00,u03922,почта,прочее,2,a07,2025-04-04 18:40:48,2025-04-05 04:31:32,решено,0,
t001386,2025-01-17 08:49:00,u00097,чат,оплата и документы,2,a07,2025-01-17 08:54:14,2025-01-17 12:44:54,решено,0,
t000367,2025-05-06 05:03:00,u06508,почта,"",3,a01,,,новое,0,
t004844,02.06.2025 17:08,u01919,чат,доступ и пароли,3,a06,2025-06-02 17:21:16,2025-06-02 18:54:18,решено,0,
t005274,01.02.2025 02:59,u04233,телефон,доступ и пароли,2,a01,2025-02-01 03:03:51,2025-02-01 04:57:25,решено,0,2
t004879,2025-01-21 07:49:00,u01762,телефон,доступ и пароли,1,a10,2025-01-21 07:51:25,2025-01-21 08:34:52,решено,1,2
t004270,21.04.2025 09:50,u07947,почта,оплата и документы,1,a17,2025-04-21 10:32:19,2025-04-21 14:57:24,решено,1,
t005599,2025-05-24 14:13:00,u02835,Чат,оплата и документы,2,a02,2025-05-24 14:36:53,2025-05-24 15:14:05,решено,0,
t002383,2025-03-25 03:22:00,u02418,чат,доступ и пароли,3,a02,2025-03-25 04:42:39,2025-03-25 04:49:26,решено,0,
t004685,2025-03-19 02:58:00,u03086,почта,техническая проблема,1,a18,2025-03-19 03:50:51,2025-03-19 20:03:55,решено,1,4
t002744,2025-03-22 11:22:00,u00036,чат,доступ и пароли,1,a16,2025-03-22 11:47:29,2025-03-22 12:08:45,решено,0,
t000648,02.04.2025 16:12,u03644,почта,оплата и документы,2,a17,2025-04-02 16:28:09,2025-04-02 22:30:08,решено,0,5
t001381,2025-01-15 11:16:00,u08687,чат,доступ и пароли,2,a12,2025-01-15 12:48:27,2025-01-15 14:17:09,решено,0,
t000329,07.05.2025 08:02,u01908,почта,,2,a17,2025-05-07 08:20:06,2025-05-07 10:08:53,решено,0,
t005937,2025-04-10 03:01:00,u05832,почта,оплата и документы,2,a12,2025-04-10 03:56:25,2025-04-09 02:07:21,решено,0,
t002087,2025-02-05 01:14:00,u01119,телефон,доступ и пароли,2,a13,2025-02-05 01:28:32,2025-02-05 02:10:08,решено,0,
t000887,2025-05-23 10:56:00,u07260,почта,оплата и документы,3,a05,2025-05-23 11:53:27,2025-05-23 14:46:24,решено,0,
t002065,2025-06-26 11:20:00,u07357,чат,оплата и документы,2,a18,2025-06-26 11:37:34,2025-06-26 14:37:01,решено,0,
t002026,03.02.2025 03:37,u04525,чат,расписание и посещаемость,1,a04,2025-02-03 03:48:55,2025-02-03 06:19:01,решено,0,
t000445,2025-05-04 11:59:00,u02221,телефон,доступ и пароли,1,a17,2025-05-04 12:14:46,2025-05-04 13:00:48,решено,0,
t000181,2025-05-04 03:53:00,u08664,чат,расписание и посещаемость,1,a18,2025-05-04 03:57:35,2025-05-04 06:25:18,решено,0,
t005669,2025-06-16 02:34:00,u05193,чат,прочее,2,a03,2025-06-16 03:00:43,2025-06-16 08:45:45,решено,0,
t003066,27.06.2025 11:48,u03984,чат,доступ и пароли,1,a03,2025-06-27 12:21:55,2025-06-27 12:30:04,решено,0,4
t003917,2025-05-22 10:31:00,u05349,почта,оплата и документы,3,a02,2025-05-22 10:52:05,2025-05-22 13:33:43,решено,0,5
t005177,2025-04-22 10:19:00,u07400,почта,расписание и посещаемость,2,a01,2025-04-22 11:14:43,2025-04-22 22:08:25,решено,0,
t002770,2025-02-18 06:55:00,u01161,чат,расписание и посещаемость,2,a17,2025-02-18 08:30:39,2025-02-18 10:03:52,решено,0,
t001776,05.03.2025 12:51,u03055,чат,доступ и пароли,2,a16,2025-03-05 12:55:37,2025-03-05 13:39:45,решено,0,
t002597,2025-02-16 13:34:00,u02527,Чат,доступ и пароли,1,a03,2025-02-16 14:47:19,2025-02-16 17:07:18,решено,0,
t002743,2025-01-23 01:38:00,u00746,чат,прочее,3,a13,2025-01-23 02:03:04,2025-01-23 02:28:36,решено,0,
t004735,2025-01-04 09:45:00,u08137,форма,доступ и пароли,3,a11,2025-01-04 11:00:51,2025-01-04 11:44:10,решено,0,
t004506,2025-03-22 04:28:00,u02616,чат,техническая проблема,1,a16,2025-03-22 04:53:20,2025-03-22 10:49:05,решено,0,
t003765,2025-02-04 15:20:00,u07091,телефон,оплата и документы,2,a13,2025-02-04 16:42:43,2025-02-04 18:26:50,решено,0,4
t001502,15.05.2025 10:32,u06956,чат,расписание и посещаемость,2,a16,2025-05-15 10:54:32,2025-05-15 13:12:36,решено,0,
t001235,2025-06-11 10:53:00,u01843,почта,оплата и документы,1,a06,2025-06-11 11:47:59,2025-06-11 14:39:32,решено,0,
t004585,2025-05-19 01:50:00,u08265,телефон,оплата и документы,1,a05,2025-05-19 02:01:19,2025-05-19 09:26:34,решено,0,
t002420,2025-02-12 06:12:00,u02561,почта,оплата и документы,2,a01,2025-02-12 06:25:43,2025-02-12 21:46:57,решено,0,
t005457,2025-01-04 06:46:00,u08137,телефон,доступ и пароли,2,a09,2025-01-04 08:23:55,2025-01-04 09:23:14,решено,0,
t004466,2025-05-06 08:28:00,u01018,телефон,техническая проблема,1,a04,2025-05-06 08:35:38,2025-05-07 02:45:56,решено,0,
t004475,18.01.2025 06:26,u06124,почта,доступ и пароли,3,a09,2025-01-18 07:41:25,2025-01-18 09:36:35,решено,0,
t001320,2025-06-13 10:23:00,u02611,почта,оплата и документы,3,a18,2025-06-13 10:29:39,2025-06-13 13:56:52,решено,0,4
t000503,19.05.2025 04:33,u05699,чат,,1,a03,2025-05-19 04:39:29,2025-05-19 05:37:13,решено,0,
t005626,2025-02-23 09:47:00,u01085,чат,доступ и пароли,1,a04,2025-02-23 10:09:27,2025-02-23 11:13:20,решено,0,4
t002818,2025-03-05 13:24:00,u02542,почта,оплата и документы,2,a12,2025-03-05 15:05:14,2025-03-05 20:06:27,решено,0,1
t005855,2025-04-17 02:19:00,u01671,форма,оплата и документы,2,a16,2025-04-17 03:22:22,2025-04-17 03:49:23,решено,0,4
t004990,2025-01-02 03:51:00,u04974,форма,доступ и пароли,3,a01,2025-01-02 05:17:20,2025-01-02 05:22:38,решено,0,
t003412,2025-06-22 05:20:00,u02759,телефон,доступ и пароли,1,a01,2025-06-22 05:23:38,2025-06-22 06:21:22,решено,0,
t004691,19.06.2025 12:11,u03334,чат,расписание и посещаемость,3,a18,2025-06-19 12:28:20,2025-06-19 14:22:17,решено,0,
t004969,2025-03-10 07:12:00,u00320,форма,оплата и документы,3,a06,2025-03-10 07:35:31,2025-03-10 08:09:42,решено,0,
t005212,20.03.2025 10:11,u08114,чат,расписание и посещаемость,1,a16,2025-03-20 10:26:41,2025-03-20 12:11:17,решено,0,5
t005484,2025-03-14 12:13:00,u01585,чат,доступ и пароли,2,a06,2025-03-14 12:21:21,2025-03-14 13:07:37,решено,0,5
t002177,2025-06-18 13:42:00,u06488,телефон,техническая проблема,2,a12,2025-06-18 13:54:26,2025-06-18 17:02:32,решено,0,
t003053,16.01.2025 16:14,u05597,телефон,оплата и документы,2,a07,2025-01-16 16:28:19,2025-01-16 23:16:10,решено,0,
t000672,2025-06-23 10:18:00,u06371,телефон,оплата и документы,3,a08,2025-06-23 11:07:37,2025-06-23 16:23:43,решено,0,
t001233,2025-05-03 10:38:00,u07197,форма,доступ и пароли,2,a07,2025-05-03 10:57:59,2025-05-03 14:56:16,решено,0,
t005411,2025-04-20 19:17:00,u05993,чат,доступ и пароли,3,a03,2025-04-20 19:25:48,2025-04-20 22:17:11,решено,0,
t005033,08.05.2025 09:55,u01020,чат,техническая проблема,3,a02,2025-05-08 10:49:04,2025-05-08 17:43:08,решено,1,
t000660,2025-04-27 05:28:00,u01044,почта,расписание и посещаемость,1,a11,2025-04-27 06:18:36,2025-04-27 09:19:38,решено,0,
t002599,2025-03-21 13:55:00,u06925,почта,расписание и посещаемость,1,a18,2025-03-21 15:18:01,2025-03-21 16:32:21,решено,0,
t003815,2025-04-21 10:54:00,u06225,почта,NULL,1,a02,2025-04-21 11:02:41,2025-04-22 07:45:26,решено,0,
t004646,2025-01-15 14:24:00,u04387,почта,,3,a08,2025-01-15 16:01:57,2025-01-16 04:34:05,решено,0,
t002470,11.05.2025 01:06,u04757,почта,"",2,a18,2025-05-11 01:38:07,2025-05-11 02:33:44,решено,0,
t000092,18.06.2025 06:17,u07170,телефон,"",1,a03,2025-06-18 06:52:07,2025-06-18 12:15:36,решено,0,
t001663,2025-03-04 06:51:00,u06446,форма,прочее,3,a11,2025-03-04 07:19:17,2025-03-04 09:47:13,решено,0,5
t001957,06.03.2025 13:46,u01841,форма,техническая проблема,1,a08,2025-03-06 14:02:13,2025-03-07 02:34:04,решено,0,5
t005708,2025-02-19 15:35:00,u07963,почта,доступ и пароли,2,a16,2025-02-19 17:21:02,2025-02-19 18:15:47,закрыто без ответа,0,5
t005424,2025-02-23 09:21:00,u02785,телефон,доступ и пароли,3,a14,2025-02-23 09:32:37,2025-02-23 12:10:48,решено,0,
t004377,19.05.2025 02:42,u07644,Чат,оплата и документы,2,a01,2025-05-19 03:30:12,2025-05-19 07:08:26,решено,0,
t004432,21.04.2025 11:16,u04269,почта,оплата и документы,2,a10,2025-04-21 12:15:09,2025-04-21 17:01:23,решено,0,
t000134,2025-02-17 09:30:00,u00022,чат,оплата и документы,2,a12,2025-02-17 09:36:03,2025-02-17 14:29:44,решено,1,
t005223,05.06.2025 01:16,u04870,почта,техническая проблема,1,a16,2025-06-05 01:19:11,2025-06-05 15:16:57,решено,0,2
t004948,2025-05-15 10:47:00,u01976,форма,NULL,2,a18,2025-05-15 10:50:55,2025-05-15 12:45:56,решено,1,
t005617,2025-03-19 07:07:00,u06276,телефон,оплата и документы,2,a12,2025-03-19 07:31:22,2025-03-19 23:06:14,решено,0,
t002152,2025-06-22 18:21:00,u07806,чат,расписание и посещаемость,2,a04,2025-06-22 18:28:33,2025-06-22 23:34:43,решено,0,
t000551,2025-02-25 07:44:00,u04023,телефон,доступ и пароли,2,a07,2025-02-25 09:06:51,2025-02-25 09:49:42,решено,0,
t004854,2025-05-19 11:58:00,u01986,чат,доступ и пароли,3,a03,2025-05-19 12:25:37,2025-05-19 12:39:23,решено,0,5
t000897,02.03.2025 12:50,u08727,почта,доступ и пароли,2,a10,2025-03-02 14:02:14,2025-03-02 14:49:29,решено,0,
t001999,2025-05-17 03:51:00,u00821,почта,доступ и пароли,2,a07,2025-05-17 04:22:08,2025-05-17 04:38:59,решено,1,
t004154,2025-01-02 11:38:00,u07362,чат,оплата и документы,2,a07,2025-01-02 12:56:41,,в работе,0,4
t001829,2025-06-06 12:25:00,u08657,чат,доступ и пароли,3,a11,2025-06-06 12:33:11,2025-06-06 12:56:31,решено,0,
t000799,19.01.2025 06:36,u06933,почта,техническая проблема,1,a01,2025-01-19 06:43:41,2025-01-19 13:47:08,решено,1,4
t002656,2025-01-18 04:18:00,u04867,чат,доступ и пароли,2,a01,2025-01-18 05:30:35,2025-01-18 06:03:19,решено,0,
t000467,11.01.2025 14:00,u07397,телефон,доступ и пароли,2,a11,2025-01-11 14:11:08,2025-01-11 14:40:47,решено,0,
t001950,23.05.2025 13:52,u02046,чат,прочее,1,a02,2025-05-23 14:38:40,2025-05-23 19:27:27,решено,0,
t002401,2025-03-24 08:13:00,u05815,телефон,доступ и пароли,2,a01,2025-03-24 09:23:57,2025-03-24 09:41:34,решено,0,
t000741,2025-05-17 06:36:00,u00609,чат,расписание и посещаемость,2,a12,2025-05-17 06:56:59,2025-05-17 09:57:22,решено,0,5
t004799,2025-01-25 06:31:00,u07580,чат,доступ и пароли,1,a05,2025-01-25 06:34:35,2025-01-25 08:14:36,решено,0,
t003359,2025-01-19 03:29:00,u05907,чат,доступ и пароли,2,a01,2025-01-19 03:51:55,2025-01-18 02:48:06,решено,0,
t005562,2025-03-02 14:17:00,u04996,почта,доступ и пароли,2,a05,2025-03-02 15:19:07,2025-03-02 17:38:51,решено,0,4
t003380,2025-06-18 11:31:00,u06720,чат,доступ и пароли,3,a15,2025-06-18 11:37:00,2025-06-18 12:43:49,решено,1,
t000496,2025-04-23 05:06:00,u05572,почта,расписание и посещаемость,2,a05,2025-04-23 05:07:55,2025-04-23 06:27:12,решено,0,
t000397,05.02.2025 03:00,u07897,телефон,доступ и пароли,1,a18,2025-02-05 04:33:02,2025-02-05 04:35:14,решено,0,5
t005365,2025-02-06 13:25:00,u04735,почта,доступ и пароли,3,a17,2025-02-06 13:44:39,2025-02-06 18:07:59,решено,0,
t001370,2025-04-08 03:20:00,u01675,чат,NULL,2,a01,2025-04-08 03:27:17,2025-04-08 10:06:02,решено,0,
t001928,2025-05-05 01:07:00,u07099,чат,техническая проблема,2,a10,2025-05-05 01:52:56,2025-05-06 00:52:14,решено,0,1
t004564,2025-04-23 10:06:00,u01602,чат,"",1,a01,2025-04-23 10:21:01,2025-04-23 18:54:48,решено,0,
t001341,22.03.2025 10:46,u02750,почта,прочее,2,a01,2025-03-22 11:08:55,2025-03-22 14:02:15,решено,0,
t000296,2025-05-04 09:29:00,u00974,форма,техническая проблема,1,a10,2025-05-04 09:58:20,2025-05-04 19:02:04,решено,0,
t002528,22.03.2025 03:32,u00010,телефон,NULL,2,a12,2025-03-22 04:57:57,2025-03-23 00:01:07,решено,0,
t002360,04.05.2025 16:21,u05010,чат,техническая проблема,1,a12,2025-05-04 16:59:49,2025-05-05 01:07:31,решено,0,
t004954,2025-01-18 17:10:00,u05216,чат,техническая проблема,2,a14,2025-01-18 17:19:18,2025-01-19 04:42:05,решено,1,4
t001303,2025-04-15 13:30:00,u00310,чат,расписание и посещаемость,1,a04,2025-04-15 14:13:33,2025-04-15 16:10:55,решено,0,
t000501,2025-04-26 14:06:00,u00075,телефон,"",1,a01,2025-04-26 14:12:01,2025-04-27 14:01:13,решено,0,
t005925,2025-03-07 13:30:00,u01626,почта,прочее,3,a08,2025-03-07 13:40:03,2025-03-07 19:43:53,решено,0,
t000033,26.04.2025 03:45,u05002,почта,техническая проблема,2,a03,2025-04-26 03:51:39,2025-04-26 17:29:22,решено,0,2
t005065,2025-02-26 19:38:00,u05449,форма,оплата и документы,2,a16,2025-02-26 20:48:14,2025-02-27 01:41:10,решено,0,5
t002542,2025-06-19 12:19:00,u02457,телефон,техническая проблема,3,a12,2025-06-19 12:30:34,,в работе,0,
t004017,2025-04-02 10:53:00,u06764,телефон,техническая проблема,3,a10,,,новое,0,
t003245,2025-02-17 11:25:00,u00022,чат,доступ и пароли,2,a04,,,новое,0,
t004830,2025-06-06 12:28:00,u06070,чат,оплата и документы,1,a01,2025-06-06 12:45:19,2025-06-06 14:11:28,решено,1,
t002406,2025-05-04 10:19:00,u04181,Чат,техническая проблема,1,a15,2025-05-04 10:29:40,2025-05-04 23:41:21,решено,0,
t004672,2025-02-07 12:09:00,u04452,чат,доступ и пароли,3,a12,2025-02-07 12:11:10,2025-02-07 16:59:51,решено,0,
t001257,2025-03-16 09:07:00,u01164,форма,доступ и пароли,1,a03,2025-03-16 09:22:20,2025-03-16 10:15:53,решено,0,
t001537,2025-06-07 02:48:00,u02651,чат,оплата и документы,2,a15,2025-06-07 03:02:35,2025-06-07 07:11:38,решено,0,
t000381,2025-04-19 13:10:00,u01811,форма,расписание и посещаемость,2,a12,2025-04-19 13:11:35,2025-04-19 18:02:14,решено,0,2
t004084,2025-04-24 14:08:00,u07172,почта,расписание и посещаемость,2,a05,2025-04-24 14:44:31,2025-04-24 21:01:41,решено,0,
t004513,27.03.2025 10:12,u04309,телефон,доступ и пароли,2,a01,2025-03-27 10:30:01,2025-03-27 10:55:46,решено,1,
t004287,2025-02-04 10:58:00,u02678,чат,прочее,1,a03,2025-02-04 11:10:11,2025-02-04 18:18:38,решено,0,5
t004369,08.04.2025 01:34,u00133,почта,расписание и посещаемость,2,a17,2025-04-08 01:57:23,2025-04-08 10:34:29,решено,0,
t003246,02.06.2025 09:21,u07737,форма,техническая проблема,2,a08,2025-06-02 09:25:26,2025-06-02 11:44:23,решено,0,
t000666,2025-04-18 09:58:00,u06378,чат,доступ и пароли,1,a06,2025-04-18 10:09:48,2025-04-18 12:00:10,решено,0,
t005765,2025-06-23 13:19:00,u00300,чат,техническая проблема,1,a03,2025-06-23 14:05:10,2025-06-23 17:44:36,решено,0,
t001018,05.02.2025 01:34,u03152,Чат,доступ и пароли,2,a11,2025-02-05 01:36:24,2025-02-05 01:59:44,решено,0,
t001839,2025-02-24 03:37:00,u04452,чат,техническая проблема,1,a08,2025-02-24 04:36:57,2025-02-24 11:45:55,решено,0,
t002246,2025-01-07 03:00:00,u08099,почта,доступ и пароли,1,a01,,,новое,0,
t000771,24.02.2025 12:41,u05558,почта,доступ и пароли,2,a15,2025-02-24 13:40:27,2025-02-24 14:12:46,решено,1,
t002309,2025-03-12 01:55:00,u03525,телефон,техническая проблема,3,a15,2025-03-12 03:14:05,2025-03-12 15:25:41,решено,0,3
t000621,05.04.2025 03:59,u08391,телефон,техническая проблема,2,a03,2025-04-05 04:38:59,2025-04-05 10:30:18,решено,0,
t005536,2025-02-09 03:34:00,u03567,Чат,доступ и пароли,2,a06,2025-02-09 04:02:03,2025-02-09 04:20:47,решено,0,
t005796,2025-03-23 13:22:00,u01815,чат,расписание и посещаемость,2,a09,2025-03-23 14:23:23,2025-03-23 16:47:14,решено,0,
t005327,2025-03-06 01:30:00,u01039,чат,доступ и пароли,1,a02,2025-03-06 02:36:25,2025-03-06 02:42:18,решено,0,5
t005050,2025-01-02 12:49:00,u05907,форма,доступ и пароли,1,a03,2025-01-02 13:02:29,2025-01-02 14:21:21,решено,0,
t002922,21.01.2025 10:55,u08464,телефон,доступ и пароли,2,a14,2025-01-21 11:20:02,2025-01-21 12:58:15,решено,0,
t001049,2025-02-24 01:29:00,u02505,почта,расписание и посещаемость,2,a04,2025-02-24 03:07:37,2025-02-24 09:35:38,решено,0,
t001335,27.06.2025 13:13,u05041,чат,техническая проблема,3,a12,2025-06-27 13:24:19,2025-06-29 02:51:00,решено,0,
t005245,2025-04-09 02:39:00,u00650,чат,техническая проблема,1,a03,2025-04-09 02:57:49,2025-04-09 07:34:01,решено,0,
t000651,21.06.2025 06:09,u05922,телефон,доступ и пароли,2,a10,2025-06-21 06:11:11,2025-06-21 07:16:57,решено,0,
t003304,2025-01-17 14:04:00,u02288,чат,доступ и пароли,2,a02,2025-01-17 15:24:40,2025-01-17 16:14:16,решено,0,
t005751,2025-06-02 10:46:00,u01919,форма,оплата и документы,3,a16,2025-06-02 11:25:51,2025-06-02 16:55:29,решено,0,
t003525,2025-03-02 11:00:00,u00935,почта,доступ и пароли,3,a15,2025-03-02 12:13:06,2025-03-02 12:39:40,решено,0,
t004471,24.02.2025 19:12,u07744,форма,доступ и пароли,2,a13,2025-02-24 20:26:37,2025-02-24 22:38:03,решено,0,3
t000868,2025-05-25 10:22:00,u08285,почта,техническая проблема,2,a11,2025-05-25 10:23:27,2025-05-25 15:50:36,решено,1,
t000584,23.06.2025 17:07,u00838,телефон,оплата и документы,3,a04,2025-06-23 17:41:29,2025-06-23 18:08:09,решено,0,
t003084,2025-02-08 01:19:00,u02547,телефон,доступ и пароли,1,a06,2025-02-08 02:49:13,2025-02-08 03:51:40,решено,0,3
t004630,26.03.2025 12:38,u08502,почта,доступ и пароли,2,a15,2025-03-26 13:37:32,2025-03-26 16:48:01,решено,0,
t001490,2025-06-22 06:56:00,u00557,Чат,расписание и посещаемость,2,a02,2025-06-22 07:19:50,,в работе,0,
t005149,2025-03-04 13:19:00,u04796,чат,оплата и документы,3,a08,2025-03-04 14:33:08,2025-03-04 15:53:45,решено,0,
t000790,26.02.2025 12:04,u05813,почта,оплата и документы,3,a12,2025-02-26 13:15:00,2025-02-26 16:09:14,решено,0,
t005686,2025-01-13 07:03:00,u07887,чат,доступ и пароли,1,a04,2025-01-13 07:26:37,2025-01-13 07:44:57,решено,0,
t003243,2025-06-26 07:44:00,u03081,почта,техническая проблема,3,a11,2025-06-26 08:28:39,2025-06-26 16:32:04,решено,0,5
t004279,03.06.2025 04:15,u00557,телефон,доступ и пароли,2,a05,2025-06-03 04:39:43,2025-06-03 05:45:17,решено,0,
t001835,2025-04-12 09:15:00,u05518,Чат,прочее,1,a08,2025-04-12 09:16:37,2025-04-12 14:49:29,решено,0,
t001841,2025-06-13 03:05:00,u06585,почта,расписание и посещаемость,2,a10,2025-06-13 03:06:05,2025-06-13 09:03:27,решено,0,
t001437,2025-05-22 10:30:00,u00135,чат,расписание и посещаемость,3,a18,2025-05-22 10:39:45,2025-05-22 11:31:42,решено,0,
t000466,17.04.2025 13:12,u07840,почта,доступ и пароли,3,a06,2025-04-17 13:21:55,2025-04-17 13:53:32,решено,0,
t005679,2025-03-06 02:16:00,u00159,чат,доступ и пароли,3,a02,2025-03-06 02:29:50,2025-03-06 03:52:22,решено,0,
t002589,02.01.2025 08:40,u04527,форма,"",2,a01,2025-01-02 09:03:49,2025-01-02 11:10:35,решено,0,
t000048,19.06.2025 02:13,u03590,телефон,доступ и пароли,3,a03,2025-06-19 02:26:05,2025-06-19 03:57:43,решено,0,
t005423,2025-04-24 02:26:00,u07655,чат,техническая проблема,1,a16,2025-04-24 02:46:05,2025-04-24 14:43:56,решено,0,
t004314,10.02.2025 08:25,u04335,почта,доступ и пароли,1,a13,2025-02-10 08:42:26,2025-02-10 09:13:44,решено,0,
t002051,21.04.2025 02:49,u07978,почта,доступ и пароли,2,a05,2025-04-21 02:53:51,2025-04-21 04:42:38,решено,0,
t002078,05.01.2025 05:55,u00077,почта,техническая проблема,1,a04,2025-01-05 07:12:48,2025-01-05 15:19:42,решено,0,5
t003469,22.02.2025 11:38,u05493,почта,доступ и пароли,1,a15,2025-02-22 11:59:31,2025-02-22 12:47:05,решено,0,
t000190,2025-05-07 13:49:00,u08842,чат,оплата и документы,2,a11,2025-05-07 14:05:56,2025-05-07 15:20:32,решено,0,
t002264,22.02.2025 10:37,u02733,чат,доступ и пароли,2,a13,2025-02-22 10:51:25,2025-02-22 13:48:44,решено,0,
t001972,21.05.2025 04:23,u00456,телефон,доступ и пароли,2,a10,2025-05-21 04:38:02,2025-05-21 06:58:06,решено,0,
t002518,21.04.2025 11:45,u04692,почта,оплата и документы,2,a04,2025-04-21 11:47:33,2025-04-21 19:14:33,закрыто без ответа,0,
t003402,2025-04-10 17:24:00,u02576,чат,техническая проблема,2,a12,2025-04-10 17:50:15,2025-04-10 22:52:39,решено,0,
t003121,03.06.2025 16:44,u05680,чат,оплата и документы,3,a16,2025-06-03 17:30:12,2025-06-03 18:30:50,решено,1,
t005824,23.03.2025 03:44,u07455,почта,оплата и документы,2,a08,2025-03-23 04:50:57,2025-03-23 10:14:18,решено,0,
t001591,2025-06-07 01:27:00,u06563,форма,доступ и пароли,3,a01,2025-06-07 01:29:44,2025-06-07 03:07:29,решено,0,
t005876,2025-04-12 16:39:00,u01294,чат,техническая проблема,2,a15,2025-04-12 17:24:08,2025-04-12 20:41:10,решено,0,
t001355,2025-01-08 20:23:00,u01495,телефон,оплата и документы,1,a09,2025-01-08 20:36:27,2025-01-09 03:41:26,решено,0,4
t001164,2025-03-07 03:22:00,u05170,чат,доступ и пароли,1,a04,2025-03-07 04:41:34,2025-03-07 04:51:52,решено,0,
t002945,2025-06-08 12:27:00,u02825,почта,техническая проблема,3,a03,2025-06-08 12:41:04,2025-06-07 11:30:50,решено,0,
t002626,2025-02-23 01:35:00,u02355,чат,доступ и пароли,3,a15,2025-02-23 01:59:47,2025-02-23 02:51:42,решено,0,3
t001720,2025-02-18 11:32:00,u01396,телефон,прочее,2,a04,2025-02-18 13:21:03,2025-02-17 10:37:04,решено,0,
t005542,2025-01-04 08:35:00,u00208,форма,доступ и пароли,2,a04,2025-01-04 10:17:30,2025-01-04 12:38:44,решено,0,2
t000417,21.04.2025 05:56,u04553,чат,NULL,2,a17,2025-04-21 06:23:53,2025-04-21 15:33:53,решено,0,
t001007,2025-01-03 01:06:00,u04062,чат,оплата и документы,2,a14,2025-01-03 01:31:59,2025-01-03 05:46:51,решено,0,
t000843,08.01.2025 12:16,u07562,чат,оплата и документы,3,a04,2025-01-08 13:37:54,2025-01-08 15:28:07,решено,0,2
t000113,08.03.2025 02:18,u04017,телефон,доступ и пароли,3,a07,2025-03-08 02:40:41,2025-03-08 06:20:32,решено,0,4
t005410,2025-05-13 10:41:00,u02226,форма,техническая проблема,1,a07,2025-05-13 11:31:31,2025-05-13 14:00:28,решено,0,
t004406,2025-06-11 03:55:00,u00463,почта,доступ и пароли,1,a09,2025-06-11 04:03:44,2025-06-11 04:58:08,решено,0,
t005594,09.02.2025 14:06,u03036,чат,расписание и посещаемость,2,a03,2025-02-09 14:28:07,2025-02-09 20:05:40,решено,0,
t000314,22.04.2025 06:37,u08178,телефон,расписание и посещаемость,2,a03,2025-04-22 06:52:49,2025-04-22 08:05:22,решено,0,
t002125,2025-04-24 09:58:00,u02236,телефон,техническая проблема,3,a04,2025-04-24 11:01:12,2025-04-24 14:58:50,решено,0,
t003884,27.04.2025 13:30,u02361,чат,техническая проблема,1,a09,2025-04-27 13:46:25,2025-04-27 18:08:41,решено,0,
t003116,2025-03-20 11:26:00,u05541,чат,техническая проблема,1,a08,2025-03-20 12:33:17,2025-03-21 13:15:13,решено,0,
t004023,2025-05-01 12:04:00,u01221,чат,оплата и документы,3,a17,2025-05-01 12:27:20,2025-05-01 14:24:35,решено,0,
t004482,04.02.2025 15:43,u08692,чат,доступ и пароли,2,a12,2025-02-04 15:51:07,2025-02-04 19:35:56,закрыто без ответа,0,
t002276,27.02.2025 07:42,u08180,чат,доступ и пароли,1,a15,2025-02-27 08:05:30,2025-02-27 09:23:11,решено,0,2
t000747,2025-01-24 05:07:00,u00304,чат,оплата и документы,2,a10,2025-01-24 05:34:43,2025-01-24 09:21:38,решено,0,5
t000213,2025-03-18 10:09:00,u05744,почта,доступ и пароли,2,a12,2025-03-18 11:39:46,2025-03-17 09:46:32,решено,0,
t002128,20.05.2025 09:29,u08149,почта,доступ и пароли,3,a03,2025-05-20 09:49:16,2025-05-20 10:48:41,решено,0,
t002887,2025-03-05 03:00:00,u03570,Чат,доступ и пароли,3,a12,2025-03-05 04:07:04,2025-03-05 04:41:51,решено,1,
t002553,2025-01-10 09:16:00,u03815,чат,доступ и пароли,3,a01,2025-01-10 10:14:10,2025-01-10 10:14:20,решено,0,
t005125,2025-04-02 10:37:00,u01327,чат,доступ и пароли,2,a10,2025-04-02 11:27:30,2025-04-02 11:55:51,решено,0,
t001123,2025-04-20 15:43:00,u08975,чат,расписание и посещаемость,1,a02,2025-04-20 16:27:12,2025-04-20 22:57:50,решено,0,
t003164,02.01.2025 10:16,u08579,почта,доступ и пароли,2,a02,2025-01-02 11:58:04,2025-01-02 15:34:19,решено,0,2
t000310,2025-05-20 12:24:00,u04151,чат,техническая проблема,2,a02,2025-05-20 12:44:55,,в работе,0,
t000625,03.01.2025 08:30,u07270,форма,доступ и пароли,3,a04,2025-01-03 08:59:17,2025-01-03 09:29:28,решено,0,
t004232,2025-01-22 14:08:00,u05205,телефон,прочее,3,a06,2025-01-22 15:03:00,2025-01-22 18:56:42,решено,0,5
t000396,07.03.2025 18:53,u03700,почта,расписание и посещаемость,2,a03,2025-03-07 19:14:03,2025-03-07 22:40:37,решено,0,4
t005592,04.03.2025 16:53,u00415,телефон,NULL,2,a03,2025-03-04 17:14:10,2025-03-04 17:32:30,решено,0,
t000542,2025-03-20 06:20:00,u03471,телефон,доступ и пароли,3,a16,2025-03-20 06:32:26,2025-03-20 06:59:36,решено,0,
t002865,13.04.2025 15:04,u00607,чат,расписание и посещаемость,1,a18,2025-04-13 15:18:39,2025-04-13 21:22:32,решено,0,
t004242,2025-03-16 09:47:00,u08858,форма,техническая проблема,2,a08,2025-03-16 10:13:57,2025-03-16 12:30:47,решено,0,
t003820,24.06.2025 03:43,u05292,чат,техническая проблема,1,a08,2025-06-24 04:19:07,2025-06-24 09:29:00,решено,0,
t001291,2025-03-04 11:43:00,u03449,телефон,доступ и пароли,1,a01,2025-03-04 11:54:58,2025-03-04 13:19:27,решено,0,3
t005717,03.06.2025 03:17,u00605,чат,оплата и документы,2,a03,2025-06-03 03:19:48,2025-06-03 05:06:17,решено,0,
t001920,2025-03-01 04:15:00,u04531,чат,доступ и пароли,1,a02,2025-03-01 05:40:36,2025-03-01 05:48:34,решено,0,
t002127,2025-01-21 11:06:00,u00347,почта,доступ и пароли,2,a05,2025-01-21 11:14:47,2025-01-21 12:32:31,решено,0,
t001224,17.04.2025 12:28,u04314,телефон,доступ и пароли,2,a11,2025-04-17 13:26:41,,в работе,0,
t001256,2025-01-09 08:36:00,u02486,форма,доступ и пароли,2,a10,2025-01-09 09:52:44,2025-01-09 09:53:15,решено,0,
t000658,2025-01-07 11:40:00,u01420,телефон,техническая проблема,3,a06,2025-01-07 12:36:59,2025-01-07 19:49:56,решено,0,
t003337,23.05.2025 04:01,u05155,телефон,техническая проблема,1,a01,2025-05-23 04:05:06,2025-05-23 14:46:19,решено,0,
t003974,2025-04-05 16:27:00,u07422,чат,техническая проблема,1,a16,2025-04-05 16:55:48,2025-04-06 07:08:32,решено,0,
t001061,2025-03-08 04:47:00,u03633,чат,расписание и посещаемость,1,a09,2025-03-08 06:04:07,2025-03-08 11:42:15,решено,0,
t002416,2025-06-08 09:18:00,u00156,чат,техническая проблема,1,a01,2025-06-08 09:25:26,2025-06-08 15:58:59,решено,0,
t001938,22.04.2025 10:58,u07984,почта,доступ и пароли,2,a09,2025-04-22 11:26:47,2025-04-22 12:55:48,решено,0,
t001556,2025-01-23 10:46:00,u04854,почта,оплата и документы,3,a08,2025-01-23 10:49:05,2025-01-23 14:02:58,решено,0,
t005830,2025-03-07 15:35:00,u08670,чат,доступ и пароли,3,a11,2025-03-07 17:02:32,2025-03-07 17:03:31,решено,0,
t005466,2025-01-03 05:57:00,u06942,телефон,доступ и пароли,1,a14,2025-01-03 06:06:08,2025-01-03 06:45:09,решено,1,
t005689,21.01.2025 07:29,u00323,чат,оплата и документы,1,a03,2025-01-21 09:20:36,2025-01-21 10:40:50,решено,0,
t000153,2025-01-04 10:02:00,u06830,чат,оплата и документы,2,a01,2025-01-04 11:37:33,2025-01-04 16:22:17,решено,0,
t000903,2025-02-07 05:19:00,u07239,почта,техническая проблема,1,a10,2025-02-07 05:37:54,2025-02-07 14:47:19,решено,0,
t001037,20.01.2025 10:33,u08386,чат,доступ и пароли,1,a12,2025-01-20 10:53:05,2025-01-20 11:42:11,решено,0,5
t003581,2025-01-01 05:00:00,u02705,чат,доступ и пароли,3,a06,2025-01-01 06:41:11,2025-01-01 06:42:31,решено,0,
t005627,2025-01-19 03:57:00,u07658,телефон,доступ и пароли,3,a09,2025-01-19 05:38:24,2025-01-19 06:21:29,решено,0,2
t004726,26.01.2025 10:13,u06116,телефон,доступ и пароли,2,a09,2025-01-26 10:22:01,2025-01-26 12:42:40,решено,1,
t004043,2025-02-02 07:05:00,u07785,телефон,расписание и посещаемость,3,a01,2025-02-02 08:11:54,2025-02-02 08:53:07,решено,0,
t003313,2025-03-24 03:05:00,u05815,почта,доступ и пароли,1,a01,2025-03-24 03:26:45,2025-03-24 04:40:34,решено,0,
t002238,2025-01-15 11:25:00,u04559,телефон,доступ и пароли,1,a03,2025-01-15 12:43:42,2025-01-15 13:53:05,решено,0,4
t004544,2025-06-04 11:54:00,u08266,чат,доступ и пароли,3,a10,2025-06-04 11:58:00,2025-06-04 12:53:51,решено,0,4
t003509,2025-05-06 03:40:00,u02192,телефон,техническая проблема,2,a01,2025-05-06 04:03:40,2025-05-06 23:33:12,решено,0,
t004297,2025-05-05 05:37:00,u04956,чат,NULL,2,a15,2025-05-05 06:19:32,2025-05-05 06:38:19,решено,0,
t005874,2025-06-21 02:58:00,u08669,форма,оплата и документы,3,a04,2025-06-21 03:16:17,,в работе,0,
t005082,2025-04-05 01:09:00,u06811,чат,оплата и документы,2,a17,2025-04-05 01:21:56,2025-04-05 02:25:37,решено,0,
t004639,2025-02-05 07:43:00,u03071,чат,расписание и посещаемость,1,a18,2025-02-05 09:08:44,2025-02-04 07:47:29,решено,0,5
t003565,09.04.2025 14:04,u07653,почта,оплата и документы,2,a03,2025-04-09 14:12:44,2025-04-09 17:17:10,решено,0,
t004967,2025-04-11 05:35:00,u01902,телефон,оплата и документы,2,a01,2025-04-11 06:21:32,2025-04-11 09:43:50,решено,0,
t002572,2025-06-10 07:03:00,u00278,телефон,доступ и пароли,2,a17,2025-06-10 07:04:38,2025-06-10 07:58:16,решено,0,
t005159,2025-04-14 09:51:00,u03252,чат,техническая проблема,2,a02,2025-04-14 10:07:10,2025-04-14 21:56:36,решено,0,
t003024,2025-04-10 09:05:00,u00102,чат,расписание и посещаемость,2,a06,2025-04-10 09:09:56,2025-04-10 13:31:05,решено,0,
t001334,2025-06-15 14:46:00,u04889,телефон,расписание и посещаемость,3,a07,2025-06-15 15:10:06,2025-06-15 16:57:50,решено,0,
t005299,05.01.2025 08:15,u07565,телефон,"",3,a02,2025-01-05 09:55:45,2025-01-05 13:55:12,решено,0,4
t003720,22.05.2025 09:10,u05557,чат,оплата и документы,3,a02,2025-05-22 09:23:41,2025-05-22 12:01:30,решено,0,
t001669,2025-02-14 08:36:00,u00999,чат,доступ и пароли,2,a03,2025-02-14 09:33:17,2025-02-14 10:08:05,решено,0,
t000927,2025-06-13 05:40:00,u08723,чат,оплата и документы,2,a05,2025-06-13 06:35:58,2025-06-13 12:05:16,решено,0,
t002863,08.03.2025 09:05,u02664,чат,доступ и пароли,2,a16,2025-03-08 09:27:34,2025-03-08 11:25:18,решено,0,5
t005715,2025-03-24 04:20:00,u08513,телефон,доступ и пароли,1,a01,2025-03-24 04:25:19,2025-03-24 05:42:25,решено,0,
t000820,2025-06-19 14:30:00,u06680,почта,оплата и документы,2,a04,2025-06-19 14:41:22,,в работе,0,
t003685,2025-03-09 03:56:00,u07909,чат,доступ и пароли,2,a04,2025-03-09 04:51:26,2025-03-09 08:23:02,решено,0,
t004663,07.06.2025 16:44,u03637,почта,техническая проблема,1,a11,2025-06-07 17:42:43,2025-06-07 22:22:20,решено,0,
t002030,2025-02-04 05:01:00,u07533,телефон,оплата и документы,3,a03,2025-02-04 06:41:41,,в работе,0,
t003495,2025-04-25 03:52:00,u06426,почта,прочее,2,a03,2025-04-25 04:05:14,2025-04-25 07:26:21,решено,0,
t002809,2025-04-14 13:29:00,u06005,чат,доступ и пароли,2,a16,2025-04-14 14:08:21,2025-04-14 14:28:02,решено,1,
t001561,18.02.2025 01:48,u01478,чат,прочее,2,a14,2025-02-18 02:49:53,,в работе,0,5
t004252,2025-03-20 09:30:00,u02565,чат,доступ и пароли,3,a01,2025-03-20 09:33:06,2025-03-20 10:21:26,решено,0,
t004074,2025-03-03 11:44:00,u00874,чат,оплата и документы,1,a02,2025-03-03 13:04:31,2025-03-03 16:15:32,решено,0,
t001707,2025-02-07 01:07:00,u02507,телефон,доступ и пароли,2,a15,2025-02-07 02:37:39,2025-02-07 02:39:12,решено,0,
t005704,2025-02-05 13:19:00,u05064,форма,доступ и пароли,1,a16,2025-02-05 14:47:55,2025-02-05 14:55:59,решено,0,3
t005280,2025-02-22 06:47:00,u02733,чат,доступ и пароли,2,a11,2025-02-22 08:05:31,2025-02-22 08:06:49,решено,0,
t000646,2025-02-05 11:03:00,u08860,почта,NULL,2,a15,2025-02-05 12:39:56,2025-02-05 12:51:11,решено,0,
t000224,26.03.2025 08:59,u01291,почта,техническая проблема,3,a16,2025-03-26 09:03:25,2025-03-26 11:45:39,решено,0,
t002523,2025-03-15 04:07:00,u06562,чат,доступ и пароли,1,a16,2025-03-15 04:25:57,2025-03-14 04:20:35,решено,0,5
t000474,2025-05-08 12:16:00,u01672,чат,прочее,3,a07,2025-05-08 12:18:53,2025-05-08 14:14:41,решено,0,
t001149,2025-02-23 02:31:00,u08352,чат,расписание и посещаемость,1,a10,2025-02-23 03:30:57,2025-02-23 11:20:45,решено,0,
t001131,2025-03-23 13:00:00,u00201,чат,доступ и пароли,1,a18,2025-03-23 14:06:51,2025-03-23 16:06:57,решено,1,
t003065,06.04.2025 06:07,u03248,Чат,расписание и посещаемость,2,a07,2025-04-06 06:35:15,2025-04-06 08:30:30,решено,1,
t003018,2025-03-22 04:23:00,u07884,чат,расписание и посещаемость,1,a06,2025-03-22 04:37:04,2025-03-22 15:11:14,решено,0,5
t004887,2025-06-18 08:36:00,u03936,чат,расписание и посещаемость,3,a02,2025-06-18 08:49:41,2025-06-18 10:37:18,решено,0,
t004840,2025-03-02 03:54:00,u01914,чат,прочее,1,a03,2025-03-02 04:52:03,2025-03-02 12:40:52,решено,0,
t004925,13.01.2025 10:13,u04774,почта,прочее,2,a07,2025-01-13 10:57:35,2025-01-13 15:48:26,решено,0,
t000183,2025-04-20 02:49:00,u04242,почта,прочее,2,a06,2025-04-20 02:57:40,2025-04-20 09:47:21,решено,0,5
t003303,2025-04-23 12:13:00,u08936,чат,расписание и посещаемость,1,a18,2025-04-23 12:29:20,2025-04-22 11:20:56,решено,0,
t001474,2025-01-07 12:20:00,u08290,форма,доступ и пароли,3,a12,2025-01-07 12:47:24,2025-01-07 13:17:56,решено,0,
t001802,2025-02-01 03:55:00,u06529,чат,расписание и посещаемость,2,a10,2025-02-01 05:00:54,2025-02-01 10:00:09,решено,0,
t002171,2025-03-22 16:23:00,u05380,почта,расписание и посещаемость,2,a16,2025-03-22 16:29:01,2025-03-22 18:43:26,решено,0,
t003190,2025-04-23 08:57:00,u06347,чат,техническая проблема,3,a08,2025-04-23 09:09:59,2025-04-23 23:56:57,решено,0,
t002433,01.03.2025 08:26,u05425,телефон,доступ и пароли,2,a16,2025-03-01 09:19:58,2025-03-01 09:30:21,решено,0,
t004870,2025-01-19 01:33:00,u06978,телефон,техническая проблема,1,a12,2025-01-19 02:53:46,2025-01-19 08:18:32,решено,0,
t005455,03.01.2025 11:19,u08168,чат,оплата и документы,2,a07,2025-01-03 12:35:16,2025-01-03 15:53:45,решено,0,5
t001112,2025-05-02 10:10:00,u05259,форма,доступ и пароли,2,a15,2025-05-02 10:43:16,2025-05-02 12:53:20,решено,1,
t003907,2025-03-13 08:11:00,u02475,почта,доступ и пароли,3,a05,2025-03-13 08:22:23,2025-03-13 08:44:43,решено,1,
t002740,07.05.2025 07:29,u08265,чат,доступ и пароли,2,a06,2025-05-07 07:38:16,2025-05-07 11:17:50,решено,0,
t004699,2025-06-04 11:23:00,u05642,телефон,прочее,2,a05,2025-06-04 11:30:30,2025-06-04 15:24:19,решено,0,
t004293,2025-06-14 05:00:00,u06674,форма,техническая проблема,1,a10,2025-06-14 05:39:38,2025-06-14 16:03:59,решено,0,
t000516,2025-06-12 06:15:00,u01137,чат,оплата и документы,3,a03,2025-06-12 06:48:01,2025-06-12 16:57:08,решено,1,5
t004061,2025-03-07 06:56:00,u06925,телефон,доступ и пароли,2,a15,2025-03-07 07:09:29,2025-03-07 08:13:43,решено,0,
t003087,2025-03-02 03:10:00,u06190,чат,оплата и документы,3,a04,2025-03-02 03:17:45,2025-03-02 07:27:57,решено,0,5
t000720,2025-06-13 17:13:00,u06278,телефон,доступ и пароли,2,a02,2025-06-13 17:30:16,2025-06-13 19:23:08,решено,0,
t005941,23.05.2025 03:23,u03039,чат,расписание и посещаемость,2,a16,2025-05-23 04:19:31,2025-05-23 04:37:01,решено,0,
t004494,2025-05-02 03:44:00,u00794,почта,расписание и посещаемость,2,a01,2025-05-02 03:54:25,,в работе,0,
t001050,2025-05-21 02:23:00,u06769,чат,прочее,2,a16,2025-05-21 02:26:19,2025-05-21 05:19:11,решено,0,
t003984,2025-02-04 11:27:00,u01487,телефон,доступ и пароли,2,a14,2025-02-04 12:28:24,2025-02-04 12:48:05,решено,0,
t003362,2025-02-02 08:15:00,u04272,телефон,доступ и пароли,1,a18,2025-02-02 09:29:11,2025-02-02 09:42:38,решено,0,2
t004435,14.01.2025 15:00,u02691,чат,оплата и документы,1,a09,2025-01-14 15:13:53,2025-01-13 14:42:19,решено,1,
t000518,21.01.2025 09:23,u06109,чат,техническая проблема,1,a06,2025-01-21 10:04:57,2025-01-21 19:23:22,решено,0,
t000914,21.06.2025 19:56,u02458,чат,техническая проблема,1,a02,2025-06-21 20:44:41,2025-06-22 03:54:34,решено,0,
t003702,2025-02-19 15:05:00,u03263,почта,"",3,a09,2025-02-19 16:27:25,2025-02-19 16:28:22,решено,0,
t004558,2025-04-04 03:09:00,u04622,почта,техническая проблема,3,a16,2025-04-04 04:11:10,,в работе,0,
t004499,2025-01-21 10:18:00,u04070,чат,оплата и документы,2,a09,2025-01-21 10:27:08,2025-01-21 13:55:41,решено,0,1
t002763,2025-02-23 12:47:00,u06644,Чат,доступ и пароли,2,a14,2025-02-23 14:21:20,2025-02-23 14:58:25,решено,0,2
t005456,2025-01-01 11:26:00,u07434,почта,доступ и пароли,3,a14,2025-01-01 11:46:19,2025-01-01 12:06:01,решено,0,5
t001970,10.03.2025 01:40,u04178,чат,доступ и пароли,2,a01,2025-03-10 03:24:08,2025-03-10 03:47:30,решено,0,
t004110,2025-06-05 14:53:00,u01536,телефон,техническая проблема,3,a17,2025-06-05 15:03:56,2025-06-06 08:09:46,решено,0,5
t001429,14.05.2025 12:22,u04804,чат,расписание и посещаемость,3,a08,2025-05-14 12:29:05,2025-05-14 23:40:36,решено,0,5
t002115,08.06.2025 08:44,u05924,чат,техническая проблема,3,a03,2025-06-08 09:08:25,2025-06-10 02:08:31,решено,0,
t002376,2025-05-18 13:40:00,u08116,чат,оплата и документы,3,a04,2025-05-18 14:06:19,2025-05-18 17:43:08,решено,0,
t004642,2025-02-05 07:16:00,u06977,чат,техническая проблема,2,a17,,,новое,0,
t000018,2025-06-24 03:23:00,u08345,форма,оплата и документы,1,a04,2025-06-24 04:24:50,2025-06-24 06:55:39,закрыто без ответа,0,
t004199,26.01.2025 08:39,u03825,почта,расписание и посещаемость,3,a02,2025-01-26 09:07:14,2025-01-26 18:27:16,решено,0,
t002620,2025-02-10 09:17:00,u00932,чат,доступ и пароли,2,a02,2025-02-10 09:43:46,2025-02-10 10:19:34,решено,0,
t003542,2025-02-05 13:46:00,u06119,чат,прочее,2,a06,2025-02-05 14:10:00,2025-02-05 17:27:52,закрыто без ответа,0,
t005417,2025-04-09 05:23:00,u03602,телефон,техническая проблема,1,a11,2025-04-09 06:01:57,2025-04-09 11:59:13,решено,0,2
t000901,2025-06-02 02:21:00,u03564,почта,NULL,1,a11,2025-06-02 02:24:14,2025-06-02 04:57:49,закрыто без ответа,0,
t004237,2025-04-17 15:24:00,u01387,почта,расписание и посещаемость,2,a01,2025-04-17 15:45:51,2025-04-17 19:15:27,решено,0,
t003510,2025-05-05 08:54:00,u08913,форма,техническая проблема,2,a08,2025-05-05 09:37:54,2025-05-05 11:24:57,решено,0,
t005340,23.02.2025 08:20,u01193,телефон,доступ и пароли,3,a12,2025-02-23 08:27:39,2025-02-23 09:28:05,решено,0,
t000536,17.05.2025 01:12,u01438,чат,расписание и посещаемость,2,a10,2025-05-17 01:19:25,2025-05-17 03:50:15,решено,0,
t001368,23.05.2025 07:05,u02101,чат,техническая проблема,1,a16,2025-05-23 07:30:52,2025-05-23 15:43:37,решено,0,
t000601,2025-05-03 06:31:00,u03478,почта,оплата и документы,1,a16,2025-05-03 07:31:52,2025-05-03 09:54:02,решено,0,
t005776,2025-05-19 16:20:00,u01986,чат,техническая проблема,1,a11,2025-05-19 16:53:13,2025-05-19 21:50:07,решено,0,
t005323,2025-05-05 05:33:00,u04251,телефон,оплата и документы,2,a17,2025-05-05 05:51:17,2025-05-05 08:07:14,решено,0,
t004419,2025-06-06 09:10:00,u07865,чат,расписание и посещаемость,2,a06,2025-06-06 09:21:32,2025-06-06 10:26:45,решено,0,
t005066,2025-06-02 09:38:00,u08648,чат,прочее,2,a11,2025-06-02 09:42:59,2025-06-02 13:25:14,решено,0,
t002116,2025-01-05 01:29:00,u02352,чат,техническая проблема,2,a08,2025-01-05 02:39:52,2025-01-05 21:09:51,решено,0,5
t002373,2025-05-04 03:46:00,u03620,форма,доступ и пароли,2,a08,2025-05-04 04:10:30,2025-05-04 05:17:35,решено,0,
t001166,2025-05-11 07:00:00,u08758,почта,расписание и посещаемость,2,a05,2025-05-11 07:18:23,2025-05-11 10:42:58,решено,1,
t002084,03.05.2025 17:00,u03967,телефон,прочее,2,a15,2025-05-03 18:04:12,2025-05-03 23:50:19,решено,0,
t003057,2025-01-15 05:09:00,u08534,чат,доступ и пароли,3,a04,2025-01-15 06:48:27,2025-01-15 07:45:47,решено,0,5
t000365,2025-04-27 09:11:00,u04644,почта,расписание и посещаемость,3,a15,2025-04-27 09:25:09,2025-04-27 14:32:39,решено,0,
t000965,2025-06-18 11:07:00,u04937,почта,прочее,2,a11,2025-06-18 12:06:14,2025-06-18 17:14:31,решено,0,
t000243,2025-06-05 12:37:00,u03612,почта,техническая проблема,3,a01,2025-06-05 12:42:49,,в работе,0,
t002540,03.02.2025 03:49,u04347,чат,прочее,1,a01,2025-02-03 04:11:55,2025-02-03 16:39:51,решено,0,5
t002612,2025-04-05 14:02:00,u07646,форма,оплата и документы,2,a06,2025-04-05 14:41:31,2025-04-05 21:03:18,решено,0,
t004918,2025-02-10 06:21:00,u04596,чат,доступ и пароли,2,a16,2025-02-10 07:36:03,2025-02-10 11:10:27,решено,0,
t004878,2025-03-27 13:30:00,u00814,чат,доступ и пароли,1,a04,2025-03-27 14:27:35,2025-03-27 15:04:47,решено,0,
t002349,2025-03-18 05:46:00,u07552,телефон,доступ и пароли,3,a11,2025-03-18 06:12:04,2025-03-18 08:19:58,решено,0,3
t004291,2025-06-12 07:02:00,u01522,Чат,техническая проблема,1,a06,2025-06-12 07:14:19,2025-06-12 19:30:29,решено,1,
t005477,2025-02-24 02:01:00,u01825,чат,расписание и посещаемость,2,a17,2025-02-24 03:20:47,2025-02-24 08:13:58,решено,0,5
t003053,16.01.2025 16:14,u05597,телефон,оплата и документы,2,a07,2025-01-16 16:28:19,2025-01-16 23:16:10,решено,0,
t001875,2025-01-26 14:16:00,u05117,телефон,оплата и документы,1,a09,2025-01-26 15:53:09,2025-01-26 19:05:33,решено,0,
t001207,2025-04-18 10:35:00,u03137,чат,доступ и пароли,2,a05,2025-04-18 11:35:55,2025-04-18 11:45:15,решено,0,
t004425,2025-04-22 13:14:00,u02864,чат,расписание и посещаемость,1,a11,2025-04-22 13:35:35,2025-04-22 20:15:23,решено,0,4
t005822,03.04.2025 09:05,u08995,форма,оплата и документы,3,a10,2025-04-03 10:06:30,2025-04-02 08:24:06,решено,0,
t000609,07.04.2025 10:49,u02756,почта,оплата и документы,2,a12,2025-04-07 11:00:42,2025-04-07 13:07:56,решено,0,
t005080,2025-06-19 09:15:00,u05374,почта,"",1,a11,2025-06-19 09:40:52,2025-06-20 05:20:47,решено,0,3
t004928,2025-03-17 06:42:00,u02560,чат,техническая проблема,1,a08,2025-03-17 07:43:23,2025-03-17 17:50:40,решено,0,
t004127,22.03.2025 16:29,u03267,форма,оплата и документы,2,a01,2025-03-22 17:47:55,2025-03-22 23:44:36,решено,0,
t003329,2025-01-24 12:34:00,u04812,чат,прочее,1,a01,2025-01-24 12:58:00,2025-01-24 14:24:29,решено,0,
t003002,2025-03-08 08:17:00,u06607,чат,техническая проблема,1,a11,2025-03-08 09:38:03,2025-03-08 15:36:23,закрыто без ответа,0,
t000811,2025-04-14 04:40:00,u08422,чат,оплата и документы,3,a02,2025-04-14 04:46:52,2025-04-14 16:01:06,решено,0,
t002233,2025-01-24 04:03:00,u04557,почта,прочее,3,a10,2025-01-24 04:14:07,2025-01-24 06:06:16,решено,0,
t002112,2025-05-21 11:26:00,u08563,чат,"",1,a09,2025-05-21 11:40:20,2025-05-21 17:18:38,решено,0,5
t005461,05.01.2025 13:55,u00424,телефон,доступ и пароли,2,a01,2025-01-05 14:20:38,2025-01-05 16:52:41,решено,0,
t004495,2025-04-02 16:01:00,u07833,форма,техническая проблема,1,a11,2025-04-02 16:10:41,2025-04-02 22:00:28,решено,0,
t002398,2025-03-18 13:03:00,u04825,почта,расписание и посещаемость,3,a15,2025-03-18 13:26:11,2025-03-18 21:18:36,решено,0,
t004674,2025-02-04 07:01:00,u08990,телефон,доступ и пароли,2,a09,2025-02-04 08:03:16,2025-02-04 08:14:24,решено,0,
t001364,2025-03-17 12:48:00,u07778,чат,техническая проблема,2,a07,2025-03-17 14:38:32,2025-03-17 20:45:19,решено,0,
t005849,2025-06-06 03:48:00,u05791,Чат,техническая проблема,2,a06,2025-06-06 04:00:34,2025-06-06 15:13:54,решено,0,
t005909,10.04.2025 03:26,u05739,телефон,техническая проблема,2,a03,2025-04-10 03:32:16,2025-04-10 08:20:49,решено,0,
t003841,2025-04-20 06:04:00,u07823,почта,расписание и посещаемость,2,a06,2025-04-20 06:06:05,2025-04-20 08:38:43,решено,0,
t000969,2025-01-13 05:32:00,u07753,форма,оплата и документы,3,a10,2025-01-13 07:13:10,2025-01-13 07:28:50,решено,0,
t000918,2025-06-05 01:37:00,u05167,чат,доступ и пароли,1,a17,2025-06-05 01:43:44,2025-06-05 02:50:07,решено,0,
t002224,2025-03-12 08:39:00,u08100,форма,доступ и пароли,3,a18,2025-03-12 09:44:34,2025-03-12 09:57:08,решено,0,5
t005852,2025-02-05 04:13:00,u01807,чат,доступ и пароли,2,a16,2025-02-05 05:39:32,2025-02-04 03:27:55,решено,0,
t005938,04.05.2025 09:54,u02511,форма,прочее,2,a10,2025-05-04 10:13:57,2025-05-04 16:11:57,решено,0,5
t005970,20.05.2025 06:35,u05038,телефон,расписание и посещаемость,1,a09,2025-05-20 06:50:05,2025-05-20 08:18:23,решено,0,
t001295,15.02.2025 10:59,u02191,почта,доступ и пароли,2,a14,2025-02-15 11:24:29,2025-02-15 11:42:13,решено,0,
t002359,19.02.2025 02:35,u05882,почта,доступ и пароли,2,a17,2025-02-19 04:26:14,2025-02-19 05:22:34,решено,0,
t002013,08.06.2025 08:55,u07640,форма,техническая проблема,1,a04,2025-06-08 09:02:11,2025-06-09 02:00:01,решено,0,
t002755,19.02.2025 07:02,u03793,форма,оплата и документы,2,a03,2025-02-19 07:12:19,2025-02-19 10:52:14,решено,0,
t000788,2025-02-14 07:51:00,u07946,чат,оплата и документы,2,a03,2025-02-14 09:16:04,2025-02-14 13:18:25,решено,0,4
t001588,2025-06-18 04:11:00,u03736,телефон,расписание и посещаемость,2,a09,2025-06-18 04:56:41,2025-06-18 06:41:39,решено,0,
t003227,2025-06-23 02:01:00,u01379,форма,техническая проблема,2,a09,2025-06-23 02:07:41,2025-06-23 11:21:43,решено,0,
t000174,2025-03-21 04:17:00,u05398,телефон,оплата и документы,3,a01,2025-03-21 05:50:16,2025-03-21 07:42:32,решено,0,
t004898,2025-04-21 04:24:00,u04269,Чат,оплата и документы,3,a01,2025-04-21 04:56:58,2025-04-21 06:52:24,решено,0,
t004011,2025-04-04 03:00:00,u02020,чат,техническая проблема,2,a04,2025-04-04 03:12:29,2025-04-04 15:42:57,решено,0,
t002064,13.03.2025 08:47,u04898,чат,оплата и документы,1,a06,2025-03-13 10:13:53,2025-03-13 10:49:43,решено,0,
t003586,2025-04-18 12:06:00,u04422,почта,прочее,2,a04,2025-04-18 12:38:14,2025-04-18 16:12:02,решено,0,
t001602,2025-03-06 13:38:00,u00460,почта,доступ и пароли,3,a16,2025-03-06 13:41:55,2025-03-06 14:59:24,решено,0,5
t005257,2025-05-18 09:38:00,u08408,чат,техническая проблема,1,a15,2025-05-18 09:49:48,2025-05-18 12:08:03,решено,0,4
t001105,2025-05-21 01:14:00,u06995,чат,расписание и посещаемость,1,a05,2025-05-21 01:31:55,2025-05-21 02:59:50,решено,0,5
t005554,2025-04-20 07:33:00,u01990,почта,техническая проблема,1,a05,2025-04-20 08:17:06,2025-04-20 11:02:52,решено,0,
t002332,2025-06-26 03:48:00,u08567,чат,расписание и посещаемость,3,a01,2025-06-26 04:05:50,2025-06-26 08:04:18,решено,0,
t001809,03.01.2025 13:53,u08786,форма,прочее,2,a07,2025-01-03 15:08:00,2025-01-03 18:19:17,решено,0,4
t005856,2025-03-20 07:25:00,u03959,чат,доступ и пароли,2,a06,2025-03-20 09:16:02,2025-03-20 11:01:18,решено,0,4
t002870,2025-04-20 06:58:00,u01590,почта,доступ и пароли,3,a01,2025-04-20 07:43:18,2025-04-20 08:15:59,решено,0,
t005653,2025-04-03 16:31:00,u03997,форма,расписание и посещаемость,2,a09,2025-04-03 16:54:08,2025-04-04 01:58:28,решено,0,
t001195,02.03.2025 06:56,u07750,чат,расписание и посещаемость,3,a05,2025-03-02 08:29:49,2025-03-02 10:23:24,решено,0,
t002844,2025-04-19 07:33:00,u08181,телефон,расписание и посещаемость,2,a16,2025-04-19 08:02:17,2025-04-19 08:19:18,решено,0,
t001757,2025-01-01 10:31:00,u08307,чат,доступ и пароли,1,a05,2025-01-01 12:11:58,,в работе,0,
t001606,2025-04-07 14:03:00,u07842,почта,доступ и пароли,1,a02,2025-04-07 14:54:59,2025-04-07 15:27:17,решено,0,1
t003537,2025-03-22 13:22:00,u02648,чат,доступ и пароли,1,a03,2025-03-22 13:31:24,2025-03-22 13:47:48,решено,0,
t000754,2025-05-07 05:14:00,u00270,почта,NULL,2,a12,2025-05-07 05:22:11,2025-05-07 09:55:04,решено,0,
t000111,2025-04-05 09:07:00,u04540,телефон,техническая проблема,1,a03,2025-04-05 09:09:12,2025-04-05 18:11:09,решено,1,
t000020,2025-05-23 04:53:00,u07591,почта,доступ и пароли,2,a11,2025-05-23 05:06:55,2025-05-23 05:35:35,решено,0,
t004786,2025-06-20 17:07:00,u08648,чат,оплата и документы,2,a15,2025-06-20 18:06:52,2025-06-20 21:19:47,решено,0,
t002647,2025-06-19 08:03:00,u07980,Чат,техническая проблема,2,a09,2025-06-19 08:22:54,2025-06-19 10:48:27,решено,0,
t004875,2025-04-07 07:07:00,u01419,почта,оплата и документы,3,a01,2025-04-07 07:28:38,2025-04-07 08:42:44,решено,0,
t004508,2025-05-05 11:53:00,u08418,почта,оплата и документы,2,a08,2025-05-05 12:09:26,2025-05-05 16:53:10,решено,0,
t000740,2025-02-24 03:19:00,u01714,почта,доступ и пароли,3,a15,2025-02-24 04:29:04,2025-02-24 04:57:08,решено,0,
t002707,2025-01-22 12:04:00,u08168,почта,доступ и пароли,3,a14,2025-01-22 12:29:16,2025-01-22 12:31:27,решено,0,5
t002098,2025-05-24 07:02:00,u02336,форма,прочее,1,a07,2025-05-24 08:04:37,2025-05-24 09:19:42,решено,0,
t004622,18.04.2025 05:28,u07486,чат,доступ и пароли,1,a17,2025-04-18 05:40:22,2025-04-18 06:06:50,решено,0,
t001206,2025-05-22 06:19:00,u02830,чат,оплата и документы,3,a11,2025-05-22 06:41:57,2025-05-22 12:42:42,решено,0,
t003127,2025-03-19 06:10:00,u03086,чат,доступ и пароли,3,a01,2025-03-19 07:10:49,2025-03-19 08:35:46,решено,1,
t003511,2025-01-14 13:51:00,u06745,почта,доступ и пароли,1,a02,2025-01-14 13:56:07,2025-01-14 14:58:47,решено,0,1
t003203,15.01.2025 12:52,u04387,почта,оплата и документы,3,a07,2025-01-15 13:12:48,2025-01-15 21:11:56,решено,0,3
t005700,21.02.2025 10:35,u06456,чат,оплата и документы,3,a18,2025-02-21 11:00:39,2025-02-21 13:30:02,решено,0,
t003963,2025-02-14 09:48:00,u07946,почта,прочее,2,a10,2025-02-14 10:01:16,2025-02-14 17:12:36,решено,0,2
t003921,2025-03-01 12:39:00,u07462,чат,"",2,a05,2025-03-01 13:44:21,2025-03-01 16:33:16,решено,0,5
t005890,2025-04-24 01:36:00,u07842,чат,оплата и документы,2,a03,2025-04-24 01:51:09,2025-04-24 04:59:46,решено,1,
t004874,2025-05-18 10:11:00,u07560,телефон,расписание и посещаемость,2,a12,2025-05-18 10:27:55,2025-05-18 16:37:40,закрыто без ответа,1,
t000369,2025-06-06 02:34:00,u05363,чат,доступ и пароли,2,a12,2025-06-06 02:48:44,2025-06-06 04:56:11,решено,1,5
t004497,2025-03-16 12:50:00,u01562,почта,доступ и пароли,2,a01,2025-03-16 13:07:47,2025-03-16 13:26:08,решено,0,5
t000067,2025-05-19 03:40:00,u08500,чат,оплата и документы,2,a06,2025-05-19 04:05:34,2025-05-19 09:43:43,решено,0,
t000548,14.05.2025 07:19,u05636,чат,расписание и посещаемость,2,a16,2025-05-14 07:36:45,2025-05-14 09:14:57,решено,0,
t001256,2025-01-09 08:36:00,u02486,форма,доступ и пароли,2,a10,2025-01-09 09:52:44,2025-01-09 09:53:15,решено,0,
t005063,2025-04-04 04:00:00,u06688,чат,NULL,2,a08,2025-04-04 04:22:25,2025-04-04 05:10:29,решено,0,
t000437,2025-05-23 04:40:00,u05738,чат,оплата и документы,2,a11,2025-05-23 04:50:26,2025-05-23 09:52:19,закрыто без ответа,0,
t000828,2025-02-13 12:13:00,u01864,почта,доступ и пароли,2,a12,2025-02-13 13:32:49,2025-02-13 14:01:12,решено,0,4
t000287,2025-01-23 07:17:00,u08035,чат,расписание и посещаемость,2,a11,2025-01-23 08:56:30,2025-01-23 11:12:42,решено,0,
t001677,2025-01-02 10:05:00,u00764,телефон,доступ и пароли,3,a14,2025-01-02 10:34:10,2025-01-02 12:03:09,решено,0,
t001028,2025-05-05 02:53:00,u07358,форма,расписание и посещаемость,2,a05,2025-05-05 03:13:43,2025-05-05 04:21:54,решено,0,
t003260,2025-05-20 15:10:00,u03663,чат,расписание и посещаемость,2,a01,2025-05-20 15:23:45,2025-05-19 16:06:41,решено,0,
t000187,04.03.2025 17:48,u08437,почта,расписание и посещаемость,2,a06,2025-03-04 18:54:18,2025-03-04 21:20:40,решено,0,
t000328,14.04.2025 03:49,u08828,чат,оплата и документы,3,a03,2025-04-14 04:51:26,2025-04-14 06:19:52,решено,0,5
t002172,2025-01-17 03:37:00,u00097,форма,прочее,2,a06,2025-01-17 03:45:58,2025-01-17 07:21:19,решено,0,
t000696,2025-04-22 05:16:00,u06164,чат,техническая проблема,1,a09,2025-04-22 05:23:47,2025-04-22 10:57:26,решено,0,
t000236,2025-04-11 03:40:00,u02309,чат,доступ и пароли,1,a08,2025-04-11 03:46:10,2025-04-11 04:40:51,решено,1,
t002926,2025-01-05 01:14:00,u07565,форма,доступ и пароли,2,a14,,,новое,0,
t001592,2025-03-26 08:29:00,u07652,телефон,доступ и пароли,2,a18,2025-03-26 08:52:02,2025-03-26 09:06:27,решено,1,
t003721,09.06.2025 09:18,u07117,чат,доступ и пароли,1,a16,2025-06-09 09:27:27,2025-06-09 10:03:19,решено,0,
t000034,2025-03-05 02:52:00,u02147,телефон,прочее,1,a03,2025-03-05 03:13:51,2025-03-05 06:06:19,решено,0,
t002486,2025-02-19 09:48:00,u08537,чат,расписание и посещаемость,3,a01,2025-02-19 11:28:36,2025-02-19 13:18:40,решено,0,4
t002972,11.05.2025 07:07,u04757,чат,расписание и посещаемость,1,a12,2025-05-11 07:13:45,2025-05-11 10:03:55,решено,0,
t005716,2025-03-07 11:06:00,u08670,форма,доступ и пароли,3,a01,2025-03-07 12:39:34,2025-03-07 15:06:27,решено,0,1
t004213,2025-01-24 04:14:00,u08511,почта,доступ и пароли,2,a05,2025-01-24 05:18:56,2025-01-24 06:04:17,закрыто без ответа,0,2
t003825,2025-02-05 05:28:00,u00274,чат,доступ и пароли,3,a09,2025-02-05 05:43:55,2025-02-05 06:38:04,решено,0,3
t000265,16.03.2025 13:26,u01430,почта,оплата и документы,1,a06,2025-03-16 14:36:57,2025-03-16 17:10:11,решено,1,
t005320,2025-04-18 02:04:00,u00056,чат,доступ и пароли,3,a02,2025-04-18 02:05:28,2025-04-18 03:04:32,решено,0,
t000225,2025-02-24 02:28:00,u04120,телефон,доступ и пароли,1,a18,2025-02-24 03:49:20,2025-02-24 03:56:37,решено,0,
t004538,05.01.2025 05:25,u06866,телефон,оплата и документы,2,a11,2025-01-05 05:28:57,2025-01-05 13:01:35,решено,0,
t001441,2025-01-23 03:09:00,u07126,форма,расписание и посещаемость,3,a05,2025-01-23 04:08:30,2025-01-23 09:35:50,решено,0,
t004440,08.01.2025 09:03,u01682,почта,доступ и пароли,2,a07,2025-01-08 10:07:43,2025-01-08 13:34:56,решено,0,
t000219,2025-06-26 06:16:00,u01840,чат,расписание и посещаемость,3,a01,2025-06-26 06:44:09,2025-06-26 10:04:08,решено,0,
t004081,2025-05-06 08:31:00,u04454,почта,расписание и посещаемость,3,a12,2025-05-06 08:42:15,2025-05-06 15:36:56,закрыто без ответа,1,
t002502,2025-05-13 09:54:00,u03261,чат,оплата и документы,2,a08,2025-05-13 10:09:41,2025-05-13 16:24:20,решено,0,
t000702,2025-06-13 11:29:00,u02925,чат,оплата и документы,2,a07,2025-06-13 11:49:40,2025-06-13 12:49:25,решено,0,
t002834,2025-04-25 09:29:00,u06426,чат,техническая проблема,1,a16,2025-04-25 10:14:39,2025-04-25 16:06:18,решено,1,
t002530,2025-02-24 12:17:00,u08802,почта,доступ и пароли,2,a03,2025-02-24 13:56:32,2025-02-24 14:12:14,решено,0,
t003572,2025-03-20 07:17:00,u01112,чат,оплата и документы,2,a16,2025-03-20 07:33:17,2025-03-20 09:53:09,решено,1,5
t005878,2025-01-18 18:02:00,u05765,почта,расписание и посещаемость,2,a13,2025-01-18 18:04:49,2025-01-18 23:58:30,решено,0,
t003597,06.01.2025 05:33,u03522,чат,техническая проблема,1,a10,2025-01-06 05:58:32,2025-01-06 10:10:53,решено,0,5
t005386,2025-06-07 08:45:00,u07185,почта,доступ и пароли,2,a17,2025-06-07 08:53:33,2025-06-07 12:55:08,решено,0,
t002761,2025-06-21 04:33:00,u01064,чат,прочее,2,a09,2025-06-21 04:47:13,2025-06-21 09:29:03,решено,0,
t004257,2025-02-24 10:29:00,u02978,чат,доступ и пароли,2,a15,2025-02-24 11:42:58,2025-02-24 12:47:21,решено,0,5
t001319,01.04.2025 11:07,u06481,чат,техническая проблема,1,a08,2025-04-01 11:36:42,2025-04-01 23:20:34,решено,0,
t002668,2025-06-20 05:20:00,u00260,чат,техническая проблема,1,a16,2025-06-20 05:44:36,2025-06-20 16:19:31,решено,0,
t005462,2025-01-19 03:10:00,u08158,чат,расписание и посещаемость,2,a14,2025-01-19 03:17:41,2025-01-18 02:57:43,решено,0,5
t004741,05.04.2025 17:03,u03388,почта,доступ и пароли,1,a03,2025-04-05 17:16:30,2025-04-05 18:52:19,решено,0,
t004832,03.01.2025 13:12,u08168,почта,доступ и пароли,1,a05,2025-01-03 13:21:15,,в работе,0,
t002853,26.02.2025 11:25,u08103,форма,доступ и пароли,3,a10,2025-02-26 11:31:57,2025-02-26 12:58:25,решено,0,
t005631,2025-03-15 04:57:00,u03458,чат,доступ и пароли,2,a06,2025-03-15 06:05:48,2025-03-15 06:20:40,решено,0,
t003595,11.02.2025 04:11,u02472,чат,расписание и посещаемость,3,a06,2025-02-11 05:40:42,2025-02-11 07:09:00,решено,0,
t000841,2025-02-08 11:12:00,u01777,телефон,доступ и пароли,2,a01,2025-02-08 11:29:33,2025-02-07 10:56:26,решено,1,
t005213,2025-04-07 04:24:00,u07038,чат,расписание и посещаемость,2,a05,2025-04-07 05:01:48,2025-04-07 08:23:28,решено,0,
t005143,2025-04-23 18:39:00,u05293,телефон,доступ и пароли,1,a04,2025-04-23 18:51:44,2025-04-23 19:42:49,решено,0,
t000589,2025-01-02 08:17:00,u04334,чат,техническая проблема,1,a02,2025-01-02 08:40:55,2025-01-02 17:50:40,решено,0,
t003353,2025-01-24 13:36:00,u05303,чат,доступ и пароли,2,a06,2025-01-24 13:47:43,2025-01-24 13:59:58,решено,0,5
t000383,2025-01-13 04:02:00,u04774,телефон,доступ и пароли,3,a03,2025-01-13 04:09:22,2025-01-13 05:26:28,решено,0,
t000929,2025-06-12 09:41:00,u06579,чат,прочее,2,a16,2025-06-12 09:56:29,2025-06-12 14:10:49,решено,1,
t004018,2025-03-07 12:34:00,u05314,форма,доступ и пароли,2,a08,2025-03-07 12:54:49,2025-03-07 13:28:49,решено,0,4
t000950,12.01.2025 11:03,u08085,чат,оплата и документы,3,a13,2025-01-12 12:05:38,2025-01-12 16:49:19,решено,0,
t003656,03.02.2025 11:50,u02940,телефон,прочее,2,a09,2025-02-03 11:52:32,2025-02-03 19:24:14,закрыто без ответа,0,
t000700,2025-06-22 07:35:00,u02722,почта,доступ и пароли,3,a05,2025-06-22 08:17:36,2025-06-22 08:39:06,решено,0,
t000030,2025-05-25 07:31:00,u06842,телефон,доступ и пароли,1,a09,2025-05-25 08:15:41,,в работе,0,
t003170,18.01.2025 03:32,u00792,форма,доступ и пароли,1,a12,2025-01-18 03:39:01,2025-01-18 04:25:21,решено,0,3
t000736,2025-06-07 08:07:00,u02534,форма,расписание и посещаемость,2,a11,2025-06-07 09:10:25,2025-06-07 12:40:05,решено,0,
t002149,05.01.2025 01:42,u04077,чат,оплата и документы,3,a07,2025-01-05 02:02:22,2025-01-05 07:09:43,решено,0,4
t000908,2025-01-04 01:25:00,u08666,чат,доступ и пароли,1,a09,2025-01-04 01:36:50,2025-01-04 01:57:36,решено,0,5
t005027,2025-03-05 02:13:00,u05144,почта,доступ и пароли,2,a03,2025-03-05 03:38:49,2025-03-05 05:38:08,решено,0,
t005208,2025-03-04 10:59:00,u05039,почта,оплата и документы,2,a10,2025-03-04 12:45:49,2025-03-04 13:44:32,решено,0,
t003843,22.04.2025 06:48,u03957,чат,оплата и документы,3,a17,2025-04-22 07:10:36,2025-04-22 13:25:29,решено,0,
t002290,07.01.2025 04:00,u08929,почта,доступ и пароли,3,a12,2025-01-07 05:27:52,2025-01-07 05:44:01,решено,0,
t001239,2025-05-04 15:25:00,u07372,чат,техническая проблема,2,a06,,,новое,0,
t000923,2025-06-07 10:41:00,u01982,почта,доступ и пароли,2,a05,2025-06-07 11:15:35,2025-06-07 11:22:14,решено,0,
t000401,2025-01-13 07:37:00,u04372,почта,техническая проблема,1,a14,2025-01-13 08:34:58,2025-01-14 04:45:35,решено,0,5
t000362,2025-03-07 09:18:00,u03634,телефон,прочее,2,a09,2025-03-07 11:04:55,2025-03-07 19:08:32,решено,0,
t004701,2025-02-01 04:34:00,u00662,почта,доступ и пароли,2,a18,2025-02-01 04:58:33,2025-02-01 05:50:09,решено,0,4
t004326,2025-01-24 12:52:00,u04157,чат,техническая проблема,3,a13,2025-01-24 13:15:22,2025-01-25 10:05:15,решено,0,
t000581,2025-01-04 08:49:00,u06929,почта,доступ и пароли,1,a07,2025-01-04 08:57:25,2025-01-04 10:00:39,решено,0,
t005835,18.03.2025 11:13,u06072,почта,техническая проблема,1,a12,2025-03-18 12:31:06,2025-03-19 07:34:33,решено,0,4
t000014,2025-06-19 06:31:00,u05679,чат,оплата и документы,2,a01,2025-06-19 07:27:57,2025-06-19 12:11:57,решено,0,3
t002162,2025-06-19 07:55:00,u04338,почта,расписание и посещаемость,2,a10,2025-06-19 08:32:26,2025-06-19 15:17:14,решено,0,
t000324,21.02.2025 09:08,u04555,чат,расписание и посещаемость,2,a14,2025-02-21 09:27:58,2025-02-21 13:45:39,решено,1,1
t004461,24.04.2025 01:21,u04745,телефон,оплата и документы,2,a17,2025-04-24 01:31:05,,в работе,0,
t003083,2025-06-04 08:11:00,u01796,чат,техническая проблема,1,a16,2025-06-04 08:12:49,2025-06-04 17:19:16,решено,0,
t005267,2025-03-08 11:32:00,u05181,телефон,техническая проблема,2,a17,2025-03-08 11:55:11,2025-03-08 17:50:45,решено,1,
t001351,2025-04-22 01:43:00,u07906,чат,техническая проблема,1,a08,2025-04-22 01:45:05,2025-04-22 05:10:22,решено,0,
t002214,2025-03-13 03:39:00,u00044,чат,доступ и пароли,1,a15,2025-03-13 04:01:48,2025-03-13 04:36:41,решено,0,5
t000932,2025-03-05 08:48:00,u08636,почта,техническая проблема,3,a12,2025-03-05 09:53:19,2025-03-06 00:43:50,решено,0,
t001965,2025-01-07 03:41:00,u05311,чат,прочее,1,a04,2025-01-07 05:20:00,2025-01-07 12:23:03,решено,0,3
t005218,2025-05-22 13:58:00,u02714,чат,техническая проблема,3,a05,,,новое,0,
t004559,2025-01-27 08:50:00,u05416,чат,доступ и пароли,2,a05,2025-01-27 10:32:56,2025-01-27 11:26:33,закрыто без ответа,0,4
t000229,11.06.2025 07:01,u04967,почта,техническая проблема,3,a07,2025-06-11 07:33:06,2025-06-12 15:32:41,решено,0,
t001259,2025-05-03 03:55:00,u08063,чат,оплата и документы,2,a10,2025-05-03 04:10:04,2025-05-03 07:08:07,решено,1,
t001933,2025-03-27 04:54:00,u05139,почта,доступ и пароли,2,a16,2025-03-27 05:33:30,2025-03-27 05:59:00,решено,0,
t001534,2025-06-03 11:12:00,u02747,Чат,оплата и документы,2,a15,2025-06-03 11:35:03,2025-06-03 16:06:04,решено,0,
t002958,2025-01-22 01:42:00,u04142,чат,доступ и пароли,3,a06,2025-01-22 02:22:35,2025-01-22 02:56:32,решено,0,5
t001302,2025-06-05 07:15:00,u02031,почта,доступ и пароли,2,a04,2025-06-05 07:36:48,,в работе,0,4
t004166,2025-03-05 03:52:00,u05959,чат,расписание и посещаемость,3,a06,2025-03-05 05:23:51,2025-03-05 08:02:47,решено,0,
t004031,2025-03-03 14:38:00,u01935,чат,техническая проблема,2,a07,2025-03-03 16:23:37,2025-03-04 06:43:10,решено,0,4
t003188,2025-03-05 11:57:00,u08798,чат,доступ и пароли,3,a01,2025-03-05 12:59:58,2025-03-05 13:05:35,решено,0,5
t001653,2025-04-21 02:40:00,u01328,чат,техническая проблема,2,a01,,,новое,0,
t005737,2025-06-02 13:57:00,u08224,телефон,доступ и пароли,3,a01,2025-06-02 14:10:49,2025-06-02 16:50:51,решено,0,5
t004445,22.05.2025 05:37,u01786,чат,прочее,2,a03,2025-05-22 06:01:28,2025-05-22 07:39:23,решено,0,
t002314,04.05.2025 10:15,u02903,чат,расписание и посещаемость,1,a17,2025-05-04 10:17:35,2025-05-04 15:51:10,решено,0,
t000124,2025-06-13 05:10:00,u05908,почта,техническая проблема,2,a06,2025-06-13 05:39:29,2025-06-13 16:50:10,решено,0,
t002544,2025-06-02 01:04:00,u02759,чат,техническая проблема,2,a17,2025-06-02 02:06:14,2025-06-02 08:56:36,решено,1,
t002813,2025-04-04 10:14:00,u06973,чат,техническая проблема,1,a18,2025-04-04 10:28:08,2025-04-05 01:52:54,решено,0,5
t005088,2025-03-27 13:13:00,u03682,чат,доступ и пароли,1,a15,2025-03-27 13:26:08,2025-03-27 15:51:41,решено,0,4
t005367,01.04.2025 02:48,u05873,чат,доступ и пароли,1,a08,2025-04-01 03:30:20,2025-04-01 03:50:13,решено,0,
t002384,05.02.2025 11:54,u01403,чат,доступ и пароли,2,a04,2025-02-05 12:20:04,2025-02-05 14:12:12,решено,0,
t003251,06.04.2025 01:30,u00494,чат,расписание и посещаемость,2,a02,2025-04-06 02:31:29,2025-04-06 02:49:52,решено,0,
t004416,2025-01-01 10:51:00,u00431,почта,расписание и посещаемость,3,a02,2025-01-01 10:53:16,2025-01-01 12:35:17,решено,0,
t002751,24.05.2025 13:08,u05063,почта,расписание и посещаемость,2,a07,2025-05-24 13:13:05,2025-05-24 15:34:02,решено,0,
t005549,2025-05-19 04:40:00,u08664,чат,оплата и документы,2,a15,,,новое,0,
t003615,2025-01-06 19:49:00,u07141,почта,доступ и пароли,2,a12,2025-01-06 21:10:45,2025-01-06 21:50:34,решено,0,
t005153,2025-03-14 01:05:00,u06523,чат,расписание и посещаемость,2,a12,2025-03-14 01:28:43,2025-03-14 02:41:24,решено,0,5
t004784,13.05.2025 08:42,u01635,чат,расписание и посещаемость,2,a05,2025-05-13 09:04:01,2025-05-13 11:41:58,решено,0,
t000529,2025-04-20 01:00:00,u04224,форма,доступ и пароли,3,a12,2025-04-20 01:15:00,2025-04-20 01:55:28,решено,0,4
t004261,2025-06-19 10:08:00,u04338,телефон,техническая проблема,1,a16,2025-06-19 10:12:56,2025-06-19 20:18:36,решено,0,
t004995,17.02.2025 01:19,u03791,чат,доступ и пароли,1,a01,2025-02-17 01:40:17,2025-02-17 02:32:32,решено,0,
t001985,07.04.2025 10:56,u01557,чат,оплата и документы,1,a17,2025-04-07 11:31:46,,в работе,0,5
t005632,03.01.2025 10:10,u00560,Чат,доступ и пароли,2,a05,2025-01-03 11:43:07,,в работе,0,
t004776,06.06.2025 02:40,u07082,чат,техническая проблема,2,a15,2025-06-06 03:35:42,2025-06-06 07:49:47,решено,0,
t005310,09.04.2025 09:26,u03171,телефон,оплата и документы,2,a09,2025-04-09 10:28:54,2025-04-09 13:12:36,решено,0,
t005861,2025-01-20 15:31:00,u07000,телефон,доступ и пароли,1,a07,2025-01-20 15:45:26,2025-01-20 19:09:27,решено,0,
t004852,2025-04-17 13:19:00,u07584,чат,оплата и документы,1,a04,2025-04-17 13:24:53,2025-04-17 14:58:46,закрыто без ответа,0,
t005964,2025-04-22 14:05:00,u00738,чат,оплата и документы,1,a01,2025-04-22 14:18:11,2025-04-22 16:10:50,решено,0,
t004424,2025-02-07 08:08:00,u07669,чат,доступ и пароли,1,a12,2025-02-07 08:26:50,2025-02-07 09:16:35,решено,1,
t004846,2025-06-02 08:43:00,u03119,чат,доступ и пароли,2,a16,2025-06-02 08:48:05,2025-06-02 09:26:17,решено,0,
t005853,2025-05-04 11:41:00,u06640,чат,расписание и посещаемость,2,a15,2025-05-04 11:52:05,2025-05-04 15:49:44,решено,0,5
t005564,2025-01-04 14:07:00,u03233,почта,оплата и документы,3,a05,2025-01-04 15:16:51,,в работе,0,
t005996,18.06.2025 03:07,u06918,чат,расписание и посещаемость,2,a12,2025-06-18 03:21:31,2025-06-18 04:50:00,закрыто без ответа,1,
t005011,2025-04-12 05:35:00,u03227,чат,оплата и документы,2,a18,2025-04-12 05:48:48,2025-04-12 12:03:32,решено,0,3
t005164,2025-01-20 11:58:00,u01262,телефон,расписание и посещаемость,2,a10,2025-01-20 13:46:30,2025-01-20 16:56:20,решено,0,5
t003488,2025-01-05 11:31:00,u02345,почта,доступ и пароли,2,a03,2025-01-05 12:49:02,2025-01-05 13:00:00,решено,0,1
t001276,2025-04-02 10:16:00,u03170,чат,техническая проблема,2,a10,2025-04-02 10:53:55,2025-04-02 15:09:00,решено,0,
t002642,2025-04-01 05:57:00,u02564,телефон,оплата и документы,1,a01,2025-04-01 06:19:24,2025-03-31 06:12:38,решено,0,
t004809,2025-04-18 09:02:00,u01557,телефон,расписание и посещаемость,2,a11,2025-04-18 09:43:38,2025-04-18 12:05:13,решено,0,5
t002229,04.05.2025 10:23,u02221,чат,оплата и документы,1,a01,2025-05-04 10:29:26,2025-05-04 14:56:51,решено,0,
t004910,2025-03-07 06:47:00,u05170,чат,NULL,2,a10,2025-03-07 07:05:38,2025-03-07 10:42:57,решено,0,
t004986,03.03.2025 16:06,u08243,почта,оплата и документы,3,a05,2025-03-03 17:30:30,2025-03-02 15:55:13,решено,0,
t000251,2025-04-19 06:24:00,u00895,чат,техническая проблема,1,a18,2025-04-19 06:34:12,2025-04-19 16:59:56,решено,0,
t001227,2025-03-20 06:02:00,u01936,почта,расписание и посещаемость,3,a15,2025-03-20 06:09:38,2025-03-20 07:11:56,решено,0,3
t004168,2025-02-21 10:32:00,u03163,почта,доступ и пароли,1,a02,2025-02-21 11:28:51,2025-02-21 11:41:40,решено,0,
t003132,2025-05-15 13:47:00,u08460,форма,техническая проблема,1,a16,2025-05-15 14:37:00,2025-05-15 21:40:32,решено,0,
t004422,2025-01-24 08:42:00,u08394,чат,доступ и пароли,3,a06,2025-01-24 09:08:48,2025-01-24 11:49:01,решено,0,
t001917,2025-05-02 07:06:00,u07951,почта,оплата и документы,1,a10,2025-05-02 07:12:19,2025-05-02 12:44:40,решено,0,5
t001895,2025-04-18 01:20:00,u07319,чат,оплата и документы,2,a01,2025-04-18 01:48:20,2025-04-18 04:30:19,решено,0,
t003195,16.02.2025 10:46,u01655,почта,доступ и пароли,1,a09,,,новое,0,
t004618,06.01.2025 01:36,u08702,форма,оплата и документы,2,a09,2025-01-06 01:49:01,2025-01-06 04:50:47,решено,0,5
t001882,11.05.2025 08:42,u08833,форма,оплата и документы,1,a01,2025-05-11 09:09:27,2025-05-11 10:11:23,решено,0,
t004983,2025-05-06 19:46:00,u03011,телефон,техническая проблема,1,a08,2025-05-06 19:54:01,2025-05-07 08:29:49,решено,0,
t002527,2025-03-09 09:31:00,u00700,почта,доступ и пароли,2,a03,2025-03-09 10:33:33,2025-03-09 11:05:42,решено,0,
t000945,2025-03-19 08:34:00,u06071,телефон,доступ и пароли,1,a16,2025-03-19 08:41:25,2025-03-19 08:58:51,решено,1,5
t003667,02.01.2025 13:27,u03476,почта,расписание и посещаемость,2,a05,2025-01-02 15:11:30,2025-01-02 15:59:20,решено,0,
t003341,10.03.2025 09:09,u04293,чат,доступ и пароли,2,a04,2025-03-10 10:44:44,,в работе,1,
t000879,2025-04-19 05:33:00,u05561,чат,оплата и документы,3,a17,2025-04-19 05:50:08,2025-04-19 07:49:51,решено,0,
t001721,2025-04-14 08:17:00,u02996,чат,техническая проблема,3,a05,2025-04-14 09:13:29,,в работе,0,
t000468,2025-05-17 08:16:00,u01257,телефон,техническая проблема,1,a01,2025-05-17 08:17:42,2025-05-17 16:51:49,решено,0,
t003678,13.04.2025 13:15,u00607,чат,прочее,3,a02,2025-04-13 13:41:59,2025-04-13 16:30:37,решено,0,
t000498,2025-02-25 14:07:00,u00309,Чат,техническая проблема,1,a10,2025-02-25 14:21:04,2025-02-25 23:56:52,решено,0,
t004939,2025-01-15 04:20:00,u08782,почта,оплата и документы,2,a10,2025-01-15 05:15:24,2025-01-15 10:01:08,решено,0,5
t000139,2025-02-19 02:23:00,u01266,чат,техническая проблема,1,a01,2025-02-19 04:08:33,2025-02-19 08:53:52,решено,0,3
t003474,21.02.2025 11:03,u08675,чат,доступ и пароли,3,a18,2025-02-21 12:50:20,2025-02-21 13:47:51,решено,0,
t005832,2025-01-05 12:01:00,u08394,Чат,техническая проблема,1,a05,2025-01-05 12:28:42,2025-01-05 21:24:19,решено,0,5
t000407,13.06.2025 15:33,u00098,чат,техническая проблема,3,a06,2025-06-13 15:50:49,,в работе,0,
t003150,2025-01-04 07:23:00,u06992,телефон,доступ и пароли,1,a08,2025-01-04 08:53:16,2025-01-04 09:26:46,решено,0,
t003029,04.06.2025 12:36,u03580,телефон,расписание и посещаемость,2,a02,2025-06-04 12:42:13,2025-06-04 14:20:44,решено,0,
t002396,2025-02-27 12:29:00,u04461,чат,оплата и документы,2,a07,2025-02-27 12:40:35,2025-02-27 18:34:42,решено,0,3
t000039,2025-04-22 12:04:00,u04082,почта,оплата и документы,3,a04,2025-04-22 13:05:01,2025-04-22 15:29:12,закрыто без ответа,0,
t004816,2025-03-24 10:23:00,u07634,чат,,2,a10,2025-03-24 10:42:26,2025-03-24 14:56:34,решено,0,5
t002297,18.06.2025 02:28,u02800,чат,прочее,2,a10,2025-06-18 02:44:44,2025-06-18 05:06:56,решено,0,
t001833,2025-02-02 16:13:00,u01414,телефон,техническая проблема,1,a10,2025-02-02 16:36:43,2025-02-02 23:40:17,решено,0,
t000029,2025-02-05 12:32:00,u00518,чат,доступ и пароли,2,a14,2025-02-05 14:09:48,2025-02-05 21:33:04,решено,1,3
t001394,2025-01-05 14:07:00,u04413,чат,техническая проблема,1,a08,2025-01-05 15:08:56,2025-01-05 20:28:53,решено,0,
t001497,2025-05-02 05:32:00,u03715,чат,оплата и документы,2,a05,2025-05-02 06:24:35,2025-05-02 12:33:43,решено,0,
t005905,2025-06-23 03:37:00,u04710,телефон,оплата и документы,2,a03,2025-06-23 04:32:29,2025-06-23 10:49:42,решено,0,
t002391,2025-06-24 15:23:00,u03289,телефон,техническая проблема,1,a10,2025-06-24 15:25:49,2025-06-24 19:33:49,решено,0,
t002859,2025-06-25 02:43:00,u02462,чат,доступ и пароли,2,a16,2025-06-25 03:04:30,2025-06-25 04:30:55,решено,0,
t000784,07.06.2025 05:51,u07512,телефон,оплата и документы,1,a15,2025-06-07 06:11:18,2025-06-07 06:34:01,решено,0,
t004064,2025-02-17 07:49:00,u03982,форма,доступ и пароли,3,a01,2025-02-17 08:08:11,2025-02-17 09:36:03,решено,0,
t003448,24.03.2025 09:59,u02054,чат,прочее,2,a02,2025-03-24 11:35:44,2025-03-24 18:38:35,решено,0,
t001825,2025-02-04 14:53:00,u08931,чат,"",2,a06,2025-02-04 15:19:25,2025-02-04 16:24:06,решено,0,
t000465,07.06.2025 12:29,u07594,чат,расписание и посещаемость,2,a18,2025-06-07 12:44:11,2025-06-07 15:38:35,решено,0,
t001570,2025-06-07 08:44:00,u05942,чат,оплата и документы,1,a09,2025-06-07 09:47:17,2025-06-07 11:29:11,решено,0,
t005038,2025-03-06 10:09:00,u00024,телефон,техническая проблема,1,a16,2025-03-06 11:07:26,2025-03-06 19:32:34,закрыто без ответа,0,5
t002256,19.04.2025 09:26,u05762,телефон,оплата и документы,2,a15,2025-04-19 09:49:56,2025-04-19 12:17:01,решено,0,
t001836,2025-02-24 08:33:00,u03998,почта,доступ и пароли,2,a15,2025-02-24 09:02:19,2025-02-24 09:20:04,решено,0,
t001083,19.03.2025 16:50,u07509,чат,доступ и пароли,2,a16,2025-03-19 17:45:13,2025-03-20 00:24:23,решено,0,
t001452,2025-06-08 15:42:00,u02176,телефон,доступ и пароли,2,a12,2025-06-08 15:45:05,2025-06-07 15:13:32,решено,0,5
t000357,2025-02-10 13:05:00,u08015,чат,оплата и документы,1,a14,2025-02-10 14:34:45,2025-02-10 15:43:06,решено,0,5
t001478,2025-01-19 04:09:00,u01209,почта,доступ и пароли,3,a11,2025-01-19 05:08:29,2025-01-19 08:37:01,решено,0,
t004171,2025-05-24 04:27:00,u04895,телефон,расписание и посещаемость,2,a07,2025-05-24 05:14:05,2025-05-24 05:24:14,решено,0,
t000948,2025-03-12 09:32:00,u03546,форма,оплата и документы,2,a05,2025-03-12 10:30:59,2025-03-12 14:37:47,решено,0,
t005559,2025-03-03 11:53:00,u08243,почта,оплата и документы,2,a16,2025-03-03 13:00:45,2025-03-03 21:07:23,решено,0,
t001462,2025-01-10 16:14:00,u07079,почта,NULL,2,a12,2025-01-10 16:24:54,2025-01-10 16:59:23,решено,0,
t005698,01.01.2025 05:55,u05333,форма,доступ и пароли,3,a01,2025-01-01 07:43:11,2025-01-01 08:10:48,решено,0,
t005178,2025-03-27 06:50:00,u03911,чат,"",1,a10,2025-03-27 08:37:35,2025-03-27 11:10:23,решено,0,4
t004889,23.05.2025 09:52,u08444,форма,расписание и посещаемость,1,a17,2025-05-23 10:11:10,2025-05-23 13:38:12,решено,0,
t005770,22.05.2025 11:39,u05349,чат,доступ и пароли,1,a01,2025-05-22 11:47:43,2025-05-22 13:31:59,решено,0,
t003269,05.06.2025 11:29,u03147,чат,расписание и посещаемость,1,a08,2025-06-05 11:54:22,2025-06-05 13:50:00,решено,0,
t003250,2025-03-03 14:38:00,u08897,чат,доступ и пароли,2,a06,2025-03-03 15:54:59,2025-03-03 17:30:37,решено,0,
t002193,2025-01-07 13:08:00,u04938,телефон,доступ и пароли,2,a08,2025-01-07 14:29:06,2025-01-07 14:30:47,решено,0,5
t005401,15.03.2025 09:30,u03458,почта,доступ и пароли,1,a03,2025-03-15 09:49:46,2025-03-15 10:03:58,решено,0,
t001869,2025-01-03 12:03:00,u01959,чат,доступ и пароли,1,a10,2025-01-03 12:06:28,2025-01-03 14:03:29,решено,0,4
t003393,2025-06-03 08:40:00,u07659,Чат,техническая проблема,2,a06,2025-06-03 09:06:03,,в работе,0,
t004638,23.06.2025 11:07,u00838,чат,техническая проблема,1,a15,2025-06-23 11:12:41,2025-06-23 18:04:03,решено,0,
t001158,01.03.2025 11:31,u06447,чат,оплата и документы,1,a03,2025-03-01 13:15:26,2025-03-01 14:59:20,решено,0,
t004465,2025-05-18 13:27:00,u00631,телефон,техническая проблема,1,a12,2025-05-18 13:32:29,2025-05-18 23:50:52,решено,0,
t004399,12.03.2025 13:39,u06248,чат,доступ и пароли,2,a06,2025-03-12 14:24:42,2025-03-12 14:33:21,решено,0,2
t003096,2025-02-27 17:46:00,u01189,чат,оплата и документы,2,a09,2025-02-27 18:14:13,2025-02-27 20:02:24,решено,0,
t003889,2025-05-19 07:49:00,u00107,почта,доступ и пароли,2,a02,2025-05-19 08:37:57,2025-05-19 09:39:40,решено,0,
t002252,2025-03-12 06:42:00,u03284,чат,NULL,1,a08,2025-03-12 06:44:48,2025-03-12 13:43:45,решено,0,
t000441,2025-03-03 01:52:00,u00497,телефон,доступ и пароли,1,a11,2025-03-03 03:32:02,2025-03-03 04:55:43,решено,0,
t002389,14.06.2025 13:09,u07340,форма,расписание и посещаемость,2,a08,2025-06-14 13:49:36,2025-06-14 23:24:43,решено,0,
t000087,2025-04-19 11:12:00,u05360,чат,техническая проблема,1,a16,2025-04-19 11:26:00,2025-04-19 22:27:10,решено,0,
t002226,2025-04-07 08:35:00,u07906,чат,техническая проблема,2,a06,,,новое,0,
t005376,2025-02-01 12:39:00,u05807,почта,доступ и пароли,3,a15,2025-02-01 12:52:43,2025-02-01 16:06:10,закрыто без ответа,0,5
t005104,2025-05-04 10:04:00,u02548,телефон,оплата и документы,2,a18,2025-05-04 10:09:41,2025-05-04 13:22:35,решено,0,
t003417,2025-03-17 01:22:00,u05795,чат,доступ и пароли,2,a03,2025-03-17 02:59:01,2025-03-17 03:08:29,решено,0,
t002927,2025-04-22 02:56:00,u07802,форма,оплата и документы,2,a10,2025-04-22 02:59:39,2025-04-22 08:50:05,решено,0,3
t001832,03.05.2025 07:14,u04013,чат,техническая проблема,2,a09,2025-05-03 08:13:09,2025-05-02 07:23:29,решено,0,
t000291,2025-01-01 04:30:00,u07245,почта,оплата и документы,1,a07,2025-01-01 06:15:11,2025-01-01 07:25:18,решено,0,
t003158,2025-02-22 13:06:00,u02742,телефон,доступ и пароли,2,a14,2025-02-22 14:25:23,,в работе,0,3
t003652,06.03.2025 01:03,u06874,чат,техническая проблема,3,a15,2025-03-06 02:26:01,2025-03-06 17:11:18,решено,0,
t001803,2025-06-15 12:02:00,u01755,почта,оплата и документы,1,a04,2025-06-15 12:06:25,2025-06-15 16:50:23,решено,0,
t005870,2025-04-11 12:42:00,u07713,чат,доступ и пароли,1,a06,2025-04-11 13:39:12,2025-04-11 13:51:24,решено,0,
t005579,2025-03-16 13:59:00,u03744,чат,техническая проблема,2,a15,2025-03-16 14:25:24,2025-03-17 02:27:18,решено,0,5
t001813,2025-04-23 10:30:00,u04429,форма,расписание и посещаемость,2,a01,2025-04-23 10:43:19,2025-04-23 12:27:40,решено,1,
t002514,07.05.2025 03:25,u00870,чат,оплата и документы,1,a11,2025-05-07 03:37:04,2025-05-07 04:52:43,решено,0,
t000819,16.02.2025 07:49,u02939,телефон,доступ и пароли,2,a17,2025-02-16 09:10:46,2025-02-16 10:09:50,решено,0,
t005615,01.04.2025 11:23,u06550,почта,расписание и посещаемость,1,a04,2025-04-01 11:28:56,2025-04-01 13:37:01,решено,0,
t003640,2025-05-04 17:29:00,u00974,почта,расписание и посещаемость,2,a18,,,новое,0,
t004556,07.03.2025 01:05,u07383,чат,доступ и пароли,2,a12,2025-03-07 01:21:37,2025-03-07 03:32:34,решено,0,3
t002574,2025-04-04 12:35:00,u07389,чат,доступ и пароли,1,a02,2025-04-04 12:36:06,2025-04-04 16:36:35,решено,0,
t002077,07.03.2025 12:37,u04093,чат,доступ и пароли,2,a12,2025-03-07 12:45:00,2025-03-07 13:31:26,решено,0,5
t000912,18.04.2025 13:39,u07143,почта,оплата и документы,1,a16,2025-04-18 13:51:34,2025-04-18 17:20:42,закрыто без ответа,0,
t001599,2025-02-21 12:12:00,u07378,телефон,доступ и пароли,3,a15,2025-02-21 13:59:07,2025-02-21 15:57:40,решено,0,
t003842,2025-06-03 02:43:00,u07659,чат,оплата и документы,3,a03,2025-06-03 02:58:20,2025-06-03 06:34:43,решено,0,
t003631,2025-02-05 07:18:00,u07617,чат,техническая проблема,1,a06,2025-02-05 07:46:01,2025-02-05 19:02:39,решено,0,4
t001400,2025-03-18 09:24:00,u05171,чат,прочее,2,a08,2025-03-18 10:54:38,2025-03-18 13:54:09,решено,0,5
t003420,2025-06-14 03:05:00,u04333,чат,прочее,1,a06,2025-06-14 03:14:11,2025-06-14 06:06:27,решено,0,
t002533,2025-04-06 12:40:00,u04313,чат,техническая проблема,2,a18,2025-04-06 13:13:47,2025-04-06 22:41:35,решено,1,
t000606,05.05.2025 05:56,u07099,чат,техническая проблема,2,a04,2025-05-05 06:28:43,2025-05-05 20:22:39,решено,0,
t000652,2025-01-20 01:27:00,u01617,чат,доступ и пароли,2,a13,2025-01-20 02:23:12,2025-01-20 05:22:35,решено,0,
t003984,2025-02-04 11:27:00,u01487,телефон,доступ и пароли,2,a14,2025-02-04 12:28:24,2025-02-04 12:48:05,решено,0,
t002524,2025-01-07 10:51:00,u00334,чат,доступ и пароли,2,a05,2025-01-07 12:31:06,2025-01-07 13:02:14,решено,0,4
t004745,07.05.2025 12:14,u06460,чат,техническая проблема,1,a15,2025-05-07 12:15:57,2025-05-08 11:10:40,решено,0,
t004502,2025-05-07 13:14:00,u08742,чат,техническая проблема,1,a10,2025-05-07 13:32:44,2025-05-08 03:28:15,решено,0,
t003095,21.01.2025 14:46,u03948,чат,доступ и пароли,3,a09,2025-01-21 16:29:36,2025-01-21 19:08:42,решено,0,
t002294,2025-02-08 13:43:00,u05529,чат,прочее,2,a06,2025-02-08 14:25:04,2025-02-08 16:44:46,решено,0,
t005305,2025-06-14 16:54:00,u02109,почта,оплата и документы,2,a01,2025-06-14 17:44:36,2025-06-14 20:52:20,решено,0,
t003827,2025-03-27 02:55:00,u05422,чат,,1,a08,2025-03-27 03:23:01,2025-03-27 18:05:51,решено,1,
t002281,2025-04-24 05:29:00,u07842,чат,оплата и документы,2,a06,2025-04-24 05:36:07,2025-04-24 10:20:48,решено,0,
t000928,2025-05-25 10:20:00,u03061,почта,техническая проблема,2,a10,2025-05-25 10:46:24,2025-05-25 17:53:47,решено,0,
t004038,03.06.2025 11:27,u01583,телефон,техническая проблема,3,a06,2025-06-03 12:00:06,2025-06-04 03:47:00,решено,0,
t001492,2025-02-23 18:18:00,u00617,телефон,доступ и пароли,1,a18,2025-02-23 19:25:54,2025-02-23 19:44:47,решено,0,
t000428,2025-01-11 10:29:00,u05135,чат,доступ и пароли,1,a05,2025-01-11 11:39:50,2025-01-11 12:39:45,решено,0,
t000231,20.06.2025 12:55,u02687,чат,техническая проблема,2,a01,2025-06-20 13:16:21,,в работе,0,
t000068,2025-03-02 09:48:00,u08806,форма,доступ и пароли,3,a05,2025-03-02 10:17:19,2025-03-01 10:15:45,решено,0,
t004769,04.06.2025 08:39,u02619,чат,оплата и документы,2,a12,2025-06-04 09:04:26,2025-06-04 10:20:06,решено,0,
t001286,14.02.2025 02:32,u03366,телефон,доступ и пароли,3,a15,,,новое,0,
t001814,2025-05-17 12:23:00,u05934,почта,оплата и документы,2,a02,2025-05-17 12:37:49,2025-05-17 14:05:46,решено,0,
t001800,2025-05-03 09:36:00,u02836,почта,техническая проблема,2,a07,2025-05-03 10:13:48,2025-05-04 04:32:56,решено,0,
t002572,2025-06-10 07:03:00,u00278,телефон,доступ и пароли,2,a17,2025-06-10 07:04:38,2025-06-10 07:58:16,решено,0,
t004660,08.03.2025 02:33,u07460,чат,доступ и пароли,2,a16,2025-03-08 04:12:37,2025-03-08 04:29:24,решено,0,
t001795,2025-01-03 10:59:00,u04157,чат,доступ и пароли,3,a14,2025-01-03 11:27:20,2025-01-03 11:48:29,решено,0,
t002102,2025-06-02 03:45:00,u02800,чат,оплата и документы,3,a01,2025-06-02 04:00:05,2025-06-02 10:32:06,решено,0,5
t003319,08.06.2025 10:59,u05355,форма,прочее,1,a01,2025-06-08 11:21:22,2025-06-08 13:56:20,решено,0,
t005609,2025-04-12 02:51:00,u08816,телефон,доступ и пароли,1,a16,2025-04-12 03:17:17,2025-04-12 03:38:51,решено,0,
t002822,04.01.2025 17:34,u01989,чат,оплата и документы,3,a08,2025-01-04 18:02:09,2025-01-04 20:40:01,решено,0,
t001736,2025-03-26 05:35:00,u05919,чат,доступ и пароли,2,a01,2025-03-26 07:17:38,2025-03-25 06:33:09,решено,0,
t003795,2025-01-21 11:42:00,u02357,форма,техническая проблема,1,a12,2025-01-21 12:10:14,2025-01-21 23:49:14,решено,1,
t002242,2025-05-05 03:41:00,u02456,чат,техническая проблема,1,a16,2025-05-05 04:08:52,2025-05-05 20:16:54,решено,0,
t005597,2025-01-19 13:53:00,u06626,почта,доступ и пароли,2,a04,2025-01-19 15:29:10,2025-01-19 19:01:21,решено,0,
t001477,2025-04-08 02:10:00,u00133,чат,оплата и документы,3,a04,2025-04-08 02:17:00,2025-04-08 03:38:11,решено,0,
t000792,2025-02-05 07:42:00,u08399,чат,техническая проблема,3,a08,2025-02-05 08:55:50,,в работе,1,5
t001253,2025-01-01 06:06:00,u03996,чат,доступ и пароли,2,a12,2025-01-01 06:32:55,2025-01-01 07:10:46,решено,1,
t001998,2025-02-05 12:57:00,u05722,форма,доступ и пароли,2,a13,2025-02-05 13:19:13,2025-02-05 14:24:58,решено,0,
t002260,2025-03-24 11:03:00,u07518,телефон,доступ и пароли,2,a05,2025-03-24 12:35:17,2025-03-24 13:36:29,закрыто без ответа,0,
t005566,2025-03-27 08:19:00,u02886,чат,доступ и пароли,3,a12,2025-03-27 08:31:33,2025-03-27 09:40:02,решено,0,
t002110,2025-03-02 07:08:00,u04419,чат,доступ и пароли,2,a16,2025-03-02 07:27:53,2025-03-02 08:21:37,решено,0,5
t004684,2025-02-20 12:05:00,u06746,чат,оплата и документы,2,a09,2025-02-20 12:27:15,2025-02-20 20:00:06,решено,0,5
t005651,2025-04-15 01:17:00,u00219,телефон,оплата и документы,2,a06,2025-04-15 01:50:54,2025-04-15 04:10:47,решено,0,
t004696,10.02.2025 12:47,u03643,чат,оплата и документы,1,a16,2025-02-10 14:28:28,2025-02-10 15:45:36,решено,0,
t002036,01.02.2025 04:46,u00751,почта,"",1,a16,2025-02-01 05:36:17,2025-02-01 07:23:03,решено,0,
t004951,23.05.2025 07:39,u01093,чат,NULL,1,a11,2025-05-23 08:05:08,2025-05-23 08:37:36,решено,0,
t001987,09.03.2025 13:19,u04814,почта,техническая проблема,1,a09,2025-03-09 13:41:39,2025-03-10 02:13:53,решено,0,
t004066,06.06.2025 15:49,u06489,почта,оплата и документы,3,a04,2025-06-06 15:50:26,2025-06-06 20:29:28,решено,0,
t002404,2025-05-05 04:52:00,u07967,чат,техническая проблема,1,a03,2025-05-05 05:09:45,2025-05-05 11:29:15,решено,0,
t001388,23.06.2025 02:19,u01223,чат,техническая проблема,2,a18,2025-06-23 02:57:08,2025-06-23 05:03:11,решено,0,
t003684,2025-06-10 13:06:00,u00264,чат,техническая проблема,1,a12,2025-06-10 13:45:08,2025-06-10 18:56:35,решено,0,
t004394,20.01.2025 07:28,u07950,чат,доступ и пароли,2,a04,2025-01-20 07:49:23,2025-01-20 08:40:17,решено,0,
t003104,2025-04-24 11:24:00,u01327,почта,расписание и посещаемость,2,a03,2025-04-24 11:26:56,2025-04-24 18:11:33,решено,0,
t001904,2025-03-03 05:34:00,u04701,чат,оплата и документы,2,a15,2025-03-03 07:12:51,2025-03-03 11:20:46,решено,0,4
t004998,2025-04-23 05:29:00,u01985,чат,прочее,1,a16,2025-04-23 06:04:16,2025-04-23 08:01:49,решено,0,
t001027,11.01.2025 05:36,u07812,чат,доступ и пароли,3,a08,2025-01-11 05:48:12,2025-01-11 06:42:52,решено,1,
t000866,2025-05-18 20:23:00,u00631,форма,расписание и посещаемость,1,a16,2025-05-18 20:51:14,2025-05-19 00:04:01,решено,0,
t004988,2025-03-07 05:51:00,u03886,почта,оплата и документы,3,a10,2025-03-07 05:59:11,2025-03-07 11:50:14,решено,0,3
t002889,2025-02-17 06:25:00,u06926,телефон,доступ и пароли,1,a16,2025-02-17 08:16:40,2025-02-17 08:28:47,решено,1,
t004573,2025-04-18 01:34:00,u03450,телефон,техническая проблема,2,a02,,,новое,0,
t003054,15.02.2025 03:31,u05108,почта,прочее,2,a14,2025-02-15 04:36:49,2025-02-15 06:01:48,решено,0,5
t005759,2025-06-04 04:48:00,u03362,почта,оплата и документы,2,a05,2025-06-04 05:03:57,2025-06-04 13:09:44,решено,0,
t004175,2025-02-12 06:42:00,u02230,почта,"",2,a18,2025-02-12 07:08:57,2025-02-12 09:29:21,решено,0,
t001487,2025-06-21 08:23:00,u08627,чат,техническая проблема,1,a16,2025-06-21 08:42:32,2025-06-21 12:25:58,решено,0,
t001575,02.06.2025 17:16,u06998,чат,расписание и посещаемость,2,a18,2025-06-02 17:18:54,2025-06-02 17:57:19,решено,1,
t001308,2025-05-20 14:30:00,u06457,чат,"",2,a10,2025-05-20 15:33:56,2025-05-20 16:36:19,решено,0,
t000248,2025-06-19 03:28:00,u07248,форма,техническая проблема,1,a17,2025-06-19 03:57:08,2025-06-19 11:51:28,решено,0,
t005012,2025-04-11 02:05:00,u05573,чат,оплата и документы,2,a18,2025-04-11 03:05:05,2025-04-11 11:18:19,решено,0,
t000608,05.02.2025 11:11,u02505,почта,расписание и посещаемость,1,a17,2025-02-05 11:39:01,2025-02-05 12:50:29,решено,0,
t003550,01.04.2025 13:48,u06877,почта,оплата и документы,3,a05,2025-04-01 14:17:06,2025-04-01 17:30:25,решено,0,
t004915,2025-03-03 16:00:00,u03267,телефон,доступ и пароли,2,a05,2025-03-03 17:45:39,2025-03-03 18:31:58,решено,0,
t003040,10.02.2025 11:33,u05410,почта,"",3,a07,2025-02-10 11:56:51,2025-02-10 13:20:40,решено,1,
t005328,03.06.2025 04:57,u06258,почта,расписание и посещаемость,3,a04,2025-06-03 05:08:52,2025-06-03 08:02:03,решено,0,
t005854,2025-01-07 17:15:00,u06382,почта,доступ и пароли,2,a10,2025-01-07 19:04:16,2025-01-07 19:24:57,решено,0,3
t004886,2025-03-09 02:57:00,u02585,чат,прочее,2,a03,2025-03-09 04:01:10,2025-03-09 05:06:27,решено,0,
t005356,2025-01-17 07:45:00,u01077,форма,техническая проблема,2,a14,2025-01-17 08:11:05,2025-01-17 12:24:23,решено,0,
t001269,2025-03-23 04:50:00,u00345,почта,прочее,2,a07,2025-03-23 05:10:46,2025-03-23 06:38:28,решено,0,
t000718,05.06.2025 10:54,u07582,чат,прочее,2,a05,2025-06-05 11:18:14,2025-06-05 15:19:17,решено,0,
t004197,19.05.2025 11:57,u00711,почта,техническая проблема,1,a08,2025-05-19 11:58:04,2025-05-19 16:31:11,решено,0,
t003654,2025-06-05 03:15:00,u01917,телефон,техническая проблема,3,a11,2025-06-05 04:07:11,,в работе,0,
t002109,2025-02-04 03:44:00,u04099,телефон,доступ и пароли,1,a05,2025-02-04 03:57:50,2025-02-04 04:42:43,решено,0,1
t004503,2025-04-05 07:48:00,u01328,чат,доступ и пароли,3,a02,2025-04-05 07:53:36,2025-04-05 08:39:51,решено,1,
t001725,18.04.2025 13:21,u05880,почта,прочее,1,a12,2025-04-18 14:22:11,,в работе,0,
t001679,2025-02-02 04:27:00,u00691,почта,техническая проблема,3,a09,2025-02-02 05:59:40,2025-02-03 16:12:45,решено,0,
t005449,15.02.2025 12:45,u00712,форма,доступ и пароли,1,a04,2025-02-15 12:58:36,2025-02-15 14:52:43,решено,0,
t001327,2025-05-07 09:58:00,u02021,Чат,расписание и посещаемость,2,a08,2025-05-07 10:13:35,2025-05-07 15:01:05,решено,0,
t001518,16.06.2025 08:26,u01561,чат,доступ и пароли,2,a15,2025-06-16 09:24:39,2025-06-16 09:50:03,решено,0,
t003580,2025-02-04 04:26:00,u02038,почта,оплата и документы,3,a02,2025-02-04 04:38:52,2025-02-04 09:49:34,решено,0,
t002090,2025-05-04 12:33:00,u00076,чат,оплата и документы,2,a08,2025-05-04 13:29:58,2025-05-03 11:38:07,решено,0,
t003326,05.01.2025 09:43,u00129,чат,расписание и посещаемость,2,a05,2025-01-05 11:15:30,2025-01-05 11:22:59,решено,1,4
t001337,2025-02-18 10:36:00,u02720,чат,прочее,1,a11,2025-02-18 11:57:32,2025-02-18 15:15:12,решено,0,4
t002969,2025-01-04 10:40:00,u01154,почта,техническая проблема,3,a12,2025-01-04 12:12:40,2025-01-04 14:06:47,решено,0,
t005073,2025-02-20 01:56:00,u04968,чат,доступ и пароли,2,a12,2025-02-20 02:18:55,2025-02-20 02:58:07,решено,0,
t004886,2025-03-09 02:57:00,u02585,чат,прочее,2,a03,2025-03-09 04:01:10,2025-03-09 05:06:27,решено,0,
t005445,2025-02-23 12:41:00,u03181,Чат,доступ и пароли,3,a06,2025-02-23 13:49:07,2025-02-23 18:24:03,решено,0,2
t004760,2025-02-02 04:39:00,u06222,форма,доступ и пароли,1,a18,2025-02-02 05:43:52,2025-02-02 06:15:50,решено,0,
t003875,2025-01-06 11:52:00,u07023,чат,доступ и пароли,1,a11,2025-01-06 13:23:09,,в работе,1,
t001587,14.03.2025 11:11,u00492,чат,техническая проблема,1,a07,2025-03-14 11:34:43,2025-03-15 00:52:28,решено,0,
t000253,2025-05-20 10:34:00,u05712,чат,оплата и документы,2,a02,2025-05-20 11:03:41,2025-05-20 14:01:12,решено,0,
t003267,2025-04-24 16:17:00,u04097,телефон,расписание и посещаемость,1,a06,2025-04-24 16:25:57,2025-04-24 20:40:41,решено,0,
t001994,2025-02-22 10:44:00,u04160,чат,доступ и пароли,1,a01,2025-02-22 11:39:59,2025-02-22 12:54:09,решено,0,
t002653,21.01.2025 14:40,u06219,чат,оплата и документы,2,a04,2025-01-21 16:10:44,2025-01-21 19:00:42,решено,0,
t003559,13.04.2025 11:37,u07338,телефон,оплата и документы,1,a01,2025-04-13 11:46:06,,в работе,1,4
t004128,2025-04-07 20:08:00,u02864,почта,доступ и пароли,2,a11,2025-04-07 20:32:55,2025-04-07 21:15:37,решено,0,
t004933,2025-01-06 13:05:00,u01002,форма,расписание и посещаемость,1,a05,2025-01-06 14:39:30,2025-01-07 04:29:09,решено,0,
t000817,2025-06-19 13:49:00,u07985,чат,прочее,2,a04,2025-06-19 14:38:21,2025-06-19 17:27:44,решено,0,
t004576,2025-01-20 14:16:00,u07950,чат,доступ и пароли,2,a06,2025-01-20 15:46:29,2025-01-20 16:24:27,решено,0,
t004867,2025-03-06 13:09:00,u05888,чат,доступ и пароли,1,a12,2025-03-06 13:15:50,2025-03-06 13:43:27,решено,0,4
t001770,2025-01-09 02:03:00,u05112,чат,доступ и пароли,2,a13,2025-01-09 02:28:24,2025-01-09 05:26:34,решено,0,
t001527,2025-04-03 11:54:00,u01640,чат,,2,a12,2025-04-03 12:12:16,2025-04-03 16:14:11,решено,0,
t005640,2025-03-03 05:20:00,u08691,чат,"",3,a10,2025-03-03 06:08:25,2025-03-03 08:23:46,решено,0,4
t002265,2025-05-14 16:36:00,u08076,чат,техническая проблема,1,a10,2025-05-14 17:24:29,2025-05-15 13:53:52,решено,0,3
t001640,20.03.2025 05:13,u03771,почта,прочее,2,a15,2025-03-20 06:57:52,2025-03-20 16:38:11,решено,0,
t000013,06.05.2025 10:08,u04523,форма,расписание и посещаемость,2,a09,2025-05-06 10:16:15,2025-05-06 11:43:20,решено,0,
t004087,04.05.2025 01:22,u03039,чат,техническая проблема,2,a09,2025-05-04 01:47:08,2025-05-04 12:33:03,решено,0,
t005451,2025-03-07 10:06:00,u02533,чат,доступ и пароли,1,a11,2025-03-07 11:30:44,2025-03-07 13:20:30,решено,0,4
t005639,2025-01-17 01:25:00,u06724,чат,доступ и пароли,3,a02,2025-01-17 02:49:22,2025-01-17 02:56:45,решено,0,
t003215,2025-01-03 09:54:00,u04292,телефон,доступ и пароли,2,a07,2025-01-03 10:11:44,2025-01-03 10:46:32,решено,0,3
t005828,2025-02-07 14:40:00,u00629,чат,NULL,3,a05,2025-02-07 14:54:18,2025-02-07 15:03:53,решено,0,5
t000509,2025-01-20 05:09:00,u03440,почта,,2,a03,2025-01-20 05:17:46,2025-01-20 11:25:56,решено,0,
t003204,2025-03-19 03:06:00,u01838,почта,доступ и пароли,2,a01,2025-03-19 03:32:32,2025-03-19 06:21:14,решено,1,5
t001910,2025-04-18 08:40:00,u00056,чат,,2,a02,2025-04-18 08:47:40,2025-04-18 09:05:40,решено,0,
t005441,2025-06-02 15:45:00,u03129,форма,расписание и посещаемость,2,a01,2025-06-02 16:24:20,2025-06-02 19:23:45,решено,0,
t003560,2025-02-21 13:10:00,u04326,телефон,NULL,3,a02,2025-02-21 14:35:01,2025-02-21 18:50:48,решено,0,
t003184,2025-02-06 08:48:00,u05551,Чат,оплата и документы,1,a12,2025-02-06 09:44:10,2025-02-06 09:50:02,решено,0,2
t005953,2025-05-19 12:12:00,u06484,чат,расписание и посещаемость,2,a11,2025-05-19 12:49:39,,в работе,0,
t000733,2025-01-03 14:41:00,u00323,чат,прочее,2,a14,2025-01-03 16:16:00,2025-01-03 18:25:14,решено,0,5
t002636,2025-06-21 11:48:00,u05680,телефон,оплата и документы,3,a05,2025-06-21 11:56:16,2025-06-21 14:49:42,решено,0,
t002639,16.04.2025 03:35,u08815,чат,техническая проблема,1,a10,2025-04-16 03:51:17,2025-04-16 10:37:53,решено,1,
t002891,02.04.2025 03:20,u07791,почта,оплата и документы,1,a12,2025-04-02 03:23:47,2025-04-02 11:05:14,решено,0,
t005184,2025-05-05 08:49:00,u01971,почта,оплата и документы,2,a12,2025-05-05 09:07:50,2025-05-04 09:22:00,решено,0,
t002179,2025-01-11 15:01:00,u01390,почта,техническая проблема,2,a03,2025-01-11 15:16:48,2025-01-12 11:16:15,решено,0,5
t003973,2025-05-13 06:13:00,u05609,чат,оплата и документы,3,a11,2025-05-13 06:58:16,2025-05-13 09:21:25,решено,0,
t004106,2025-03-17 07:00:00,u06623,чат,доступ и пароли,3,a17,2025-03-17 08:49:44,2025-03-17 10:08:41,решено,0,
t004650,18.01.2025 09:08,u05706,чат,техническая проблема,3,a05,2025-01-18 09:24:53,2025-01-18 22:27:48,решено,0,
t003942,2025-06-10 16:13:00,u08299,почта,,3,a03,2025-06-10 16:51:53,2025-06-09 16:46:50,решено,0,
t002698,11.06.2025 07:19,u05286,чат,оплата и документы,2,a01,2025-06-11 07:21:41,2025-06-11 08:34:22,решено,0,
t000426,2025-04-18 02:03:00,u07319,почта,техническая проблема,2,a07,2025-04-18 02:09:08,2025-04-18 13:08:11,решено,0,4
t003605,2025-04-22 15:04:00,u07830,чат,оплата и документы,1,a10,2025-04-22 15:22:00,2025-04-22 18:40:24,решено,0,
t004673,2025-02-10 03:32:00,u03347,чат,доступ и пароли,1,a01,2025-02-10 03:40:14,2025-02-10 04:38:33,решено,0,5
t005432,2025-04-16 13:40:00,u06614,почта,оплата и документы,1,a18,2025-04-16 14:07:00,2025-04-16 16:10:21,решено,0,
t003568,2025-05-24 07:49:00,u01699,форма,,2,a11,2025-05-24 08:09:01,2025-05-24 17:18:56,решено,0,
t004575,09.06.2025 04:27,u04086,телефон,техническая проблема,3,a07,2025-06-09 04:41:34,2025-06-09 08:21:33,решено,0,5
t000157,2025-05-19 03:52:00,u05335,форма,оплата и документы,2,a06,2025-05-19 04:53:21,2025-05-19 06:21:55,решено,0,
t001323,05.03.2025 12:07,u05815,почта,доступ и пароли,1,a15,2025-03-05 13:18:10,2025-03-05 13:30:04,решено,0,
t003236,2025-01-22 04:33:00,u08057,телефон,доступ и пароли,1,a13,2025-01-22 05:15:43,2025-01-22 05:57:27,решено,0,4
t004263,03.02.2025 02:18,u04283,почта,,3,a01,2025-02-03 02:35:40,2025-02-03 03:16:53,решено,0,
t003253,2025-01-04 09:48:00,u05192,чат,прочее,2,a02,2025-01-04 10:49:00,2025-01-04 19:41:51,решено,0,4
t002469,2025-05-20 09:03:00,u07358,форма,техническая проблема,2,a04,2025-05-20 10:00:38,2025-05-19 08:06:56,решено,0,
t002288,2025-03-17 12:39:00,u08882,чат,доступ и пароли,2,a04,2025-03-17 13:46:43,2025-03-17 14:07:49,решено,0,
t002067,2025-02-21 11:43:00,u05607,почта,техническая проблема,1,a07,2025-02-21 12:41:58,2025-02-21 18:42:04,решено,0,
t003833,2025-03-18 07:57:00,u07552,форма,доступ и пароли,2,a17,2025-03-18 09:15:29,2025-03-18 10:11:54,решено,0,2
t005412,2025-01-07 09:52:00,u02731,форма,доступ и пароли,2,a08,2025-01-07 10:07:44,2025-01-07 10:15:06,решено,0,
t003635,2025-04-20 11:52:00,u01590,телефон,техническая проблема,1,a06,2025-04-20 12:53:08,2025-04-20 16:29:01,решено,0,
t004528,2025-06-24 01:43:00,u01463,форма,,3,a12,2025-06-24 02:23:50,2025-06-24 04:14:45,решено,0,
t000502,2025-05-03 09:05:00,u04013,почта,оплата и документы,3,a16,2025-05-03 09:17:34,2025-05-03 10:48:48,решено,0,
t005446,02.05.2025 06:16,u03805,форма,доступ и пароли,2,a18,2025-05-02 06:32:09,2025-05-02 07:36:49,решено,0,
t004800,2025-04-08 13:09:00,u05415,чат,техническая проблема,1,a11,2025-04-08 13:20:20,2025-04-09 00:06:32,решено,0,
t001063,07.06.2025 09:10,u04543,телефон,техническая проблема,1,a08,2025-06-07 09:23:04,2025-06-07 15:58:50,решено,0,5
t002143,2025-05-22 11:33:00,u01595,чат,доступ и пароли,2,a06,2025-05-22 11:38:00,2025-05-22 12:45:29,решено,0,3
t005510,04.05.2025 12:13,u05699,форма,доступ и пароли,3,a11,2025-05-04 12:42:02,2025-05-04 13:32:58,решено,0,
t002752,2025-01-16 14:06:00,u08936,Чат,расписание и посещаемость,3,a12,2025-01-16 14:22:20,2025-01-16 17:03:32,решено,0,
t001071,2025-06-05 13:36:00,u00440,чат,оплата и документы,1,a10,2025-06-05 14:24:09,2025-06-05 14:41:14,решено,0,
t003638,2025-02-13 10:04:00,u02647,телефон,оплата и документы,2,a18,2025-02-13 11:40:46,2025-02-13 12:52:52,решено,0,
t004022,2025-06-07 01:01:00,u08390,чат,прочее,2,a11,2025-06-07 01:04:19,2025-06-07 08:20:50,решено,0,
t000789,2025-01-18 07:38:00,u00507,чат,оплата и документы,2,a11,2025-01-18 09:07:55,2025-01-18 14:37:24,решено,0,
t000680,2025-05-06 05:36:00,u02805,чат,расписание и посещаемость,2,a06,2025-05-06 05:47:55,2025-05-06 10:19:24,решено,0,
t003192,2025-06-18 13:59:00,u02670,почта,техническая проблема,1,a09,2025-06-18 14:10:41,2025-06-19 05:50:35,решено,0,
t001445,2025-02-11 07:39:00,u03765,почта,техническая проблема,1,a01,2025-02-11 08:45:54,2025-02-11 21:13:47,решено,0,
t002017,2025-04-20 06:37:00,u04620,Чат,расписание и посещаемость,2,a15,2025-04-20 06:46:58,2025-04-20 09:53:58,решено,1,3
t003422,22.04.2025 12:35,u05499,форма,оплата и документы,2,a10,2025-04-22 12:46:05,2025-04-23 02:55:15,решено,0,
t002768,05.03.2025 12:00,u08890,чат,расписание и посещаемость,1,a11,2025-03-05 13:09:15,2025-03-05 16:06:39,решено,0,
t002899,2025-05-02 08:33:00,u00763,почта,техническая проблема,2,a18,2025-05-02 08:39:53,2025-05-02 12:52:18,решено,0,2
t004029,2025-05-18 15:55:00,u07426,чат,доступ и пароли,2,a15,2025-05-18 16:22:54,2025-05-18 16:31:47,решено,0,
t003849,2025-02-11 04:05:00,u01744,чат,оплата и документы,1,a11,2025-02-11 04:33:38,2025-02-11 13:10:53,решено,0,
t003334,08.03.2025 07:27,u01791,чат,оплата и документы,2,a03,2025-03-08 09:07:26,2025-03-08 11:22:57,решено,0,
t002798,2025-01-05 01:05:00,u03444,чат,доступ и пароли,1,a02,2025-01-05 01:19:40,2025-01-05 01:44:39,решено,0,
t005287,03.04.2025 13:39,u07464,телефон,прочее,1,a06,2025-04-03 14:17:19,2025-04-03 20:25:35,закрыто без ответа,0,4
t003639,18.04.2025 04:29,u08560,чат,оплата и документы,3,a08,2025-04-18 05:29:33,2025-04-18 06:42:23,решено,0,
t000538,21.01.2025 13:32,u01130,почта,доступ и пароли,3,a01,2025-01-21 13:45:01,2025-01-21 14:50:27,решено,0,
t005015,2025-05-19 02:07:00,u04251,чат,расписание и посещаемость,2,a04,2025-05-19 02:08:45,2025-05-19 07:11:15,решено,0,
t004706,2025-01-10 01:23:00,u02445,чат,оплата и документы,1,a02,2025-01-10 01:28:40,2025-01-10 03:24:14,решено,0,5
t001262,2025-04-11 09:16:00,u08191,форма,оплата и документы,1,a08,2025-04-11 09:55:59,2025-04-11 13:26:42,решено,0,
t005171,2025-05-19 09:30:00,u03817,почта,прочее,1,a17,2025-05-19 09:51:53,2025-05-19 16:35:41,решено,1,
t003589,10.01.2025 10:38,u02251,форма,прочее,2,a10,2025-01-10 11:05:13,,в работе,0,
t001422,2025-04-15 01:45:00,u02847,почта,,2,a06,2025-04-15 01:58:59,2025-04-15 03:56:42,решено,0,
t004108,2025-04-18 01:34:00,u06809,чат,доступ и пароли,1,a10,2025-04-18 02:07:24,2025-04-18 05:31:09,решено,0,
t003152,2025-01-23 10:54:00,u01138,телефон,техническая проблема,1,a13,2025-01-23 11:04:23,2025-01-23 17:32:22,решено,0,5
t004107,2025-03-06 03:29:00,u04640,почта,доступ и пароли,3,a04,2025-03-06 03:54:22,,в работе,0,
t004288,2025-04-05 08:44:00,u01527,телефон,доступ и пароли,1,a01,2025-04-05 08:55:26,2025-04-05 11:07:23,решено,0,
t005517,23.06.2025 03:38,u04733,почта,прочее,1,a18,2025-06-23 03:43:50,2025-06-23 06:04:55,решено,0,5
t003056,2025-05-04 11:18:00,u01637,чат,оплата и документы,2,a02,2025-05-04 11:28:04,2025-05-04 15:54:40,решено,0,
t002679,07.06.2025 05:19,u01790,почта,расписание и посещаемость,3,a10,2025-06-07 05:45:53,2025-06-07 06:17:11,решено,0,4
t001939,2025-01-09 09:44:00,u08380,почта,доступ и пароли,3,a13,2025-01-09 11:29:07,2025-01-09 12:34:58,решено,0,
t002564,2025-06-21 12:14:00,u08657,почта,прочее,3,a11,2025-06-21 12:31:10,2025-06-21 14:41:39,решено,0,
t002896,2025-04-05 01:55:00,u07655,почта,оплата и документы,3,a12,2025-04-05 02:23:55,2025-04-05 04:29:11,решено,0,
t004920,05.01.2025 13:13,u08394,Чат,расписание и посещаемость,2,a05,2025-01-05 13:20:08,2025-01-05 16:36:26,решено,0,
t002997,2025-03-21 17:07:00,u00959,Чат,доступ и пароли,1,a11,2025-03-21 17:20:15,2025-03-21 17:35:36,решено,0,4
t004534,2025-01-02 06:51:00,u06053,чат,доступ и пароли,1,a01,2025-01-02 08:29:34,2025-01-02 16:23:30,решено,0,
t001581,22.01.2025 12:24,u01828,чат,техническая проблема,1,a02,2025-01-22 12:51:10,2025-01-22 17:46:46,решено,0,
t004955,07.06.2025 16:37,u07185,почта,оплата и документы,1,a06,2025-06-07 16:38:11,2025-06-07 19:42:55,решено,0,5
t000855,2025-05-04 04:35:00,u08144,чат,прочее,2,a04,2025-05-04 04:56:14,2025-05-04 08:46:50,решено,0,
t004182,2025-05-17 03:50:00,u04584,чат,техническая проблема,1,a01,2025-05-17 03:58:08,2025-05-17 16:06:51,решено,0,
t000138,2025-06-02 09:23:00,u04668,чат,расписание и посещаемость,2,a07,2025-06-02 09:54:44,2025-06-01 08:53:02,решено,0,
t002388,26.04.2025 11:45,u08908,почта,прочее,2,a02,2025-04-26 11:59:53,2025-04-26 14:43:38,решено,0,
t003478,2025-03-08 02:35:00,u04083,Чат,прочее,2,a02,2025-03-08 03:35:05,2025-03-08 08:42:54,решено,0,4
t000433,2025-06-04 10:34:00,u06617,чат,оплата и документы,1,a01,,,новое,0,
t002381,2025-01-17 02:58:00,u05086,Чат,,1,a04,2025-01-17 04:22:36,2025-01-17 04:50:24,решено,1,5
t001772,2025-03-03 13:27:00,u04686,чат,доступ и пароли,1,a15,2025-03-03 13:51:19,2025-03-03 14:21:20,решено,0,
t005338,09.03.2025 08:18,u07112,почта,доступ и пароли,3,a05,2025-03-09 08:37:18,2025-03-09 09:42:41,решено,0,
t000486,2025-05-03 02:32:00,u00141,почта,доступ и пароли,2,a04,2025-05-03 02:39:47,2025-05-03 03:25:36,решено,0,
t000549,05.03.2025 11:55,u04376,почта,доступ и пароли,3,a05,2025-03-05 12:10:34,2025-03-05 13:14:13,решено,0,
t004248,2025-02-02 04:24:00,u05404,чат,оплата и документы,2,a09,2025-02-02 05:47:30,2025-02-01 04:53:53,решено,0,
t001585,26.06.2025 13:56,u06304,чат,оплата и документы,1,a06,2025-06-26 14:00:10,2025-06-26 18:49:52,решено,0,
t004651,2025-04-05 07:51:00,u06290,форма,оплата и документы,3,a15,2025-04-05 08:13:59,2025-04-05 15:08:57,решено,0,
t000902,2025-02-21 04:06:00,u03804,почта,техническая проблема,1,a07,2025-02-21 04:29:11,2025-02-21 09:53:38,решено,0,
t003325,2025-01-11 06:06:00,u05187,чат,доступ и пароли,3,a03,2025-01-11 07:29:43,2025-01-11 07:41:50,решено,0,4
t004458,2025-06-20 08:50:00,u01982,чат,техническая проблема,1,a16,2025-06-20 08:58:49,2025-06-20 17:35:50,решено,0,
t005339,02.05.2025 05:57,u04250,чат,доступ и пароли,2,a08,2025-05-02 06:45:14,2025-05-02 07:55:23,решено,0,3
t004847,2025-02-07 12:32:00,u05574,чат,доступ и пароли,1,a11,2025-02-07 12:52:35,2025-02-07 13:44:55,решено,0,3
t002539,2025-04-20 16:45:00,u00482,форма,прочее,3,a10,2025-04-20 16:52:01,2025-04-20 19:10:46,решено,0,
t005219,2025-06-10 07:09:00,u03219,почта,оплата и документы,2,a09,,,новое,0,
t004561,03.04.2025 13:38,u03391,телефон,расписание и посещаемость,2,a07,2025-04-03 14:37:34,2025-04-03 16:18:11,решено,0,
t000497,2025-05-10 13:54:00,u00349,чат,оплата и документы,3,a03,2025-05-10 14:13:35,2025-05-10 15:20:36,решено,0,
t001953,2025-05-22 07:20:00,u01718,почта,техническая проблема,3,a01,2025-05-22 07:44:57,2025-05-22 12:28:25,решено,0,
t004664,2025-03-18 06:29:00,u08243,чат,NULL,2,a09,2025-03-18 06:37:36,2025-03-18 09:42:18,решено,0,
t005255,2025-06-13 09:22:00,u00243,форма,техническая проблема,1,a12,2025-06-13 09:31:26,2025-06-13 20:12:57,решено,0,
t005086,01.02.2025 03:07,u00987,почта,доступ и пароли,2,a04,2025-02-01 04:56:17,2025-02-01 06:43:35,решено,0,
t004320,2025-02-18 04:04:00,u03262,форма,доступ и пароли,3,a02,2025-02-18 04:25:38,2025-02-18 05:05:39,решено,0,5
t000161,2025-03-18 04:28:00,u03344,чат,расписание и посещаемость,2,a07,2025-03-18 06:13:37,2025-03-18 09:37:42,решено,1,
t002978,2025-01-24 12:28:00,u08137,почта,оплата и документы,1,a06,2025-01-24 13:24:12,2025-01-24 15:31:18,решено,0,
t000858,2025-02-23 08:48:00,u01298,чат,расписание и посещаемость,3,a10,2025-02-23 09:04:45,2025-02-23 10:01:49,решено,0,4
t005214,2025-05-07 10:40:00,u07929,форма,оплата и документы,2,a12,2025-05-07 10:56:34,2025-05-07 17:18:32,решено,0,
t003924,2025-03-11 06:05:00,u05184,чат,,2,a08,2025-03-11 06:49:13,2025-03-11 07:54:37,решено,1,5
t000523,2025-04-07 14:02:00,u05780,чат,техническая проблема,1,a05,2025-04-07 14:19:26,2025-04-07 23:53:59,решено,1,
t000043,24.04.2025 04:16,u08045,почта,техническая проблема,2,a05,2025-04-24 04:36:16,2025-04-24 16:07:03,решено,0,
t003904,2025-06-23 13:16:00,u06913,чат,оплата и документы,1,a11,2025-06-23 13:59:46,2025-06-23 19:31:49,решено,0,
t004927,19.03.2025 03:26,u05888,чат,оплата и документы,2,a08,2025-03-19 05:00:52,2025-03-19 11:49:13,закрыто без ответа,0,3
t003859,2025-04-22 04:35:00,u02743,почта,расписание и посещаемость,2,a06,2025-04-22 05:38:24,2025-04-22 05:46:42,решено,0,
t000309,2025-04-22 04:52:00,u04113,форма,расписание и посещаемость,1,a05,,,новое,0,
t002106,2025-02-17 07:02:00,u03612,чат,оплата и документы,2,a09,2025-02-17 08:10:40,2025-02-17 16:39:07,решено,0,
t005539,2025-01-12 03:59:00,u04363,чат,доступ и пароли,1,a03,2025-01-12 04:27:56,2025-01-12 05:03:32,решено,0,
t001097,03.01.2025 10:23,u00323,чат,расписание и посещаемость,2,a03,2025-01-03 10:33:56,2025-01-03 11:10:07,решено,0,
t005813,2025-06-22 08:07:00,u05657,чат,техническая проблема,1,a18,2025-06-22 08:18:26,2025-06-22 14:22:36,решено,0,
t001918,2025-02-19 05:41:00,u06222,почта,оплата и документы,1,a11,2025-02-19 06:48:06,2025-02-19 12:33:06,решено,0,
t003962,2025-06-16 01:24:00,u05703,чат,доступ и пароли,2,a06,2025-06-16 01:39:16,2025-06-16 02:31:04,решено,0,
t000880,2025-04-03 15:15:00,u05293,чат,доступ и пароли,2,a02,2025-04-03 15:52:52,2025-04-03 16:30:25,решено,0,
t004748,2025-04-18 04:20:00,u03137,чат,прочее,3,a15,2025-04-18 05:15:05,2025-04-18 07:58:14,решено,0,
t004791,2025-01-06 08:31:00,u03684,чат,доступ и пароли,3,a02,2025-01-06 08:33:32,2025-01-06 09:23:17,решено,0,5
t003560,2025-02-21 13:10:00,u04326,телефон,NULL,3,a02,2025-02-21 14:35:01,2025-02-21 18:50:48,решено,0,
t002895,02.05.2025 13:46,u07105,чат,прочее,1,a08,2025-05-02 14:26:18,2025-05-02 19:15:35,решено,0,
t001182,2025-05-03 02:15:00,u07260,чат,доступ и пароли,1,a04,2025-05-03 02:48:59,2025-05-03 03:07:23,решено,0,
t004518,2025-05-08 20:06:00,u02365,почта,техническая проблема,1,a17,2025-05-08 20:16:55,2025-05-09 02:14:44,решено,0,
t005518,22.04.2025 05:57,u01090,чат,доступ и пароли,2,a10,2025-04-22 06:29:40,2025-04-22 08:59:00,решено,1,
t004851,2025-05-15 02:38:00,u02076,чат,оплата и документы,2,a17,2025-05-15 02:45:26,2025-05-15 08:12:02,закрыто без ответа,0,
t002929,2025-03-27 05:08:00,u06066,чат,доступ и пароли,2,a01,2025-03-27 06:28:00,2025-03-27 06:43:41,решено,0,
t003311,16.05.2025 13:26,u04061,почта,расписание и посещаемость,1,a15,2025-05-16 13:43:15,2025-05-16 16:41:52,закрыто без ответа,0,2
t005138,02.06.2025 05:12,u05488,телефон,техническая проблема,1,a02,2025-06-02 06:02:41,2025-06-02 12:20:29,решено,0,
t000307,2025-03-22 01:01:00,u04789,телефон,доступ и пароли,2,a16,2025-03-22 02:19:16,2025-03-22 02:24:44,решено,0,
t002292,2025-06-03 02:08:00,u02778,почта,расписание и посещаемость,2,a16,2025-06-03 02:18:32,2025-06-03 04:56:59,решено,0,5
t002901,04.03.2025 18:44,u04796,чат,оплата и документы,2,a08,2025-03-04 19:12:13,2025-03-04 21:27:14,решено,0,
t002700,2025-01-16 07:33:00,u07398,почта,доступ и пароли,1,a06,2025-01-16 07:38:36,2025-01-16 08:31:13,решено,0,2
t004338,2025-03-08 01:37:00,u07460,форма,расписание и посещаемость,2,a03,2025-03-08 03:17:42,2025-03-08 06:12:10,решено,0,5
t000563,18.04.2025 12:55,u00500,почта,техническая проблема,1,a16,2025-04-18 13:12:03,2025-04-18 19:43:19,решено,0,
t002713,2025-05-22 09:45:00,u01595,Чат,оплата и документы,1,a17,2025-05-22 09:50:11,2025-05-22 18:15:54,решено,0,
t001673,2025-04-27 17:10:00,u04295,чат,расписание и посещаемость,2,a16,2025-04-27 17:49:43,2025-04-27 20:18:41,решено,0,
t003531,21.01.2025 13:39,u04659,чат,доступ и пароли,1,a02,2025-01-21 15:25:26,2025-01-21 16:22:40,решено,0,3
t001650,21.02.2025 06:10,u07067,чат,доступ и пароли,1,a09,2025-02-21 06:49:02,2025-02-21 06:54:42,решено,0,
t000178,2025-01-08 17:37:00,u07562,чат,доступ и пароли,2,a05,2025-01-08 18:58:58,2025-01-08 20:36:50,решено,0,
t004686,2025-02-18 02:23:00,u04316,чат,оплата и документы,3,a03,2025-02-18 02:33:44,2025-02-18 06:02:54,решено,0,4
t000156,2025-02-26 08:48:00,u05141,форма,доступ и пароли,2,a01,2025-02-26 09:01:01,2025-02-26 09:52:42,решено,0,5
t005681,2025-02-14 06:31:00,u03150,почта,расписание и посещаемость,2,a02,2025-02-14 07:40:52,2025-02-14 08:03:59,решено,1,
t003880,2025-05-07 12:57:00,u01470,чат,расписание и посещаемость,1,a03,2025-05-07 13:12:45,2025-05-07 17:09:23,решено,0,
t001791,2025-04-23 18:36:00,u02373,чат,прочее,1,a03,2025-04-23 19:40:14,2025-04-23 23:43:20,решено,0,
t001621,2025-06-19 09:11:00,u02473,Чат,доступ и пароли,1,a07,2025-06-19 09:58:57,2025-06-19 10:01:56,решено,0,
t002578,2025-02-27 07:41:00,u04570,чат,расписание и посещаемость,3,a05,2025-02-27 09:30:31,2025-02-27 13:51:56,решено,0,
t003813,2025-02-23 09:17:00,u05062,телефон,доступ и пароли,1,a13,2025-02-23 09:26:17,2025-02-23 10:10:33,решено,0,
t002910,2025-02-02 10:06:00,u06456,форма,расписание и посещаемость,2,a18,2025-02-02 10:16:51,2025-02-02 13:48:16,решено,0,4
t001723,2025-01-12 10:22:00,u06229,телефон,оплата и документы,3,a10,2025-01-12 10:46:15,2025-01-12 14:03:14,решено,0,
t000175,2025-05-19 01:54:00,u01370,почта,прочее,3,a11,2025-05-19 02:39:05,2025-05-19 10:07:34,решено,0,
t002722,2025-04-02 10:26:00,u05223,чат,расписание и посещаемость,1,a10,2025-04-02 10:43:30,2025-04-02 12:19:12,решено,0,
t001665,04.03.2025 09:38,u02548,почта,доступ и пароли,1,a12,2025-03-04 10:42:42,2025-03-04 10:44:24,решено,0,5
t005506,2025-01-04 14:40:00,u06992,чат,доступ и пароли,3,a12,2025-01-04 15:53:53,2025-01-04 15:55:44,решено,0,
t003508,2025-02-08 09:24:00,u01772,чат,оплата и документы,3,a11,2025-02-08 09:27:29,2025-02-08 16:26:05,решено,1,
t004035,20.06.2025 05:00,u07602,чат,оплата и документы,1,a17,2025-06-20 05:14:58,2025-06-20 09:11:40,решено,0,
t003740,23.02.2025 06:15,u06977,телефон,доступ и пароли,2,a16,2025-02-23 06:41:53,2025-02-23 11:03:11,решено,0,4
t003844,2025-04-21 13:36:00,u02019,чат,доступ и пароли,1,a10,2025-04-21 13:53:49,2025-04-21 15:12:38,решено,0,
t004487,2025-02-02 10:43:00,u08588,телефон,доступ и пароли,2,a05,2025-02-02 12:16:15,2025-02-02 12:49:47,решено,0,
t003088,2025-04-08 18:33:00,u04368,почта,оплата и документы,2,a15,2025-04-08 18:48:54,2025-04-08 23:39:22,решено,0,
t002649,2025-04-09 16:35:00,u01825,телефон,доступ и пароли,1,a15,2025-04-09 16:40:02,2025-04-09 17:26:51,решено,0,
t000493,2025-01-03 14:54:00,u03742,телефон,доступ и пароли,1,a11,2025-01-03 15:10:12,2025-01-03 15:30:03,решено,0,1
t001516,2025-02-05 04:31:00,u07570,форма,доступ и пароли,1,a04,2025-02-05 04:54:44,2025-02-05 05:36:17,решено,0,
t003082,2025-06-06 09:29:00,u06165,почта,расписание и посещаемость,1,a04,2025-06-06 09:57:25,2025-06-06 11:29:55,решено,0,
t002331,2025-02-13 05:23:00,u02647,чат,доступ и пароли,2,a08,2025-02-13 05:26:20,2025-02-13 06:12:52,решено,0,
t000318,2025-04-12 06:45:00,u08816,почта,расписание и посещаемость,3,a02,2025-04-12 06:52:27,2025-04-12 08:38:07,решено,0,
t001356,2025-04-18 09:28:00,u00733,Чат,оплата и документы,3,a11,2025-04-18 09:34:23,2025-04-18 13:50:43,решено,0,
t000373,21.06.2025 01:34,u04816,телефон,доступ и пароли,2,a05,2025-06-21 01:53:28,2025-06-21 04:21:49,решено,0,
t005649,2025-03-27 01:13:00,u05288,чат,прочее,1,a12,2025-03-27 01:30:33,2025-03-27 03:53:23,решено,1,
t003910,04.03.2025 16:25,u03698,почта,доступ и пароли,2,a09,2025-03-04 17:40:15,2025-03-04 22:15:14,решено,0,
t002361,2025-06-05 12:17:00,u01810,телефон,прочее,3,a04,2025-06-05 12:24:56,2025-06-05 14:48:11,решено,0,
t002207,01.05.2025 04:28,u03064,почта,оплата и документы,1,a04,2025-05-01 04:42:04,2025-05-01 06:03:12,решено,0,
t004136,2025-01-02 12:42:00,u00507,чат,доступ и пароли,3,a13,2025-01-02 14:27:33,2025-01-02 15:17:54,решено,0,
t002464,2025-03-20 02:43:00,u00321,чат,доступ и пароли,2,a12,2025-03-20 03:07:12,2025-03-20 03:56:35,решено,0,3
t005092,2025-06-04 17:09:00,u06243,телефон,расписание и посещаемость,3,a07,2025-06-04 17:43:16,,в работе,0,
t005156,03.01.2025 03:30,u02608,чат,доступ и пароли,1,a03,2025-01-03 04:45:12,2025-01-03 05:14:48,решено,0,
t000635,06.05.2025 08:44,u01474,почта,прочее,1,a06,2025-05-06 08:46:03,2025-05-06 14:08:20,решено,0,
t002662,2025-04-09 09:39:00,u01930,почта,техническая проблема,1,a18,2025-04-09 09:46:32,2025-04-09 22:35:54,решено,0,
t003403,2025-03-06 06:16:00,u04602,почта,доступ и пароли,3,a16,2025-03-06 06:25:03,2025-03-06 07:24:08,решено,0,2
t004386,2025-01-05 01:36:00,u02866,чат,доступ и пароли,1,a06,2025-01-05 01:54:05,2025-01-05 03:42:26,решено,0,5
t005468,04.03.2025 05:57,u08607,почта,доступ и пароли,2,a02,2025-03-04 06:00:20,2025-03-04 06:16:07,решено,0,4
t002310,2025-06-06 12:36:00,u01646,чат,техническая проблема,1,a12,2025-06-06 13:37:44,2025-06-06 17:50:07,решено,0,
t003818,2025-02-20 13:31:00,u03614,чат,техническая проблема,3,a04,2025-02-20 14:16:34,2025-02-20 19:44:20,решено,0,3
t005230,2025-04-03 05:00:00,u00500,почта,техническая проблема,1,a06,2025-04-03 05:09:19,2025-04-03 12:45:49,решено,0,3
t001758,2025-06-03 14:26:00,u01767,чат,техническая проблема,3,a06,2025-06-03 14:30:19,2025-06-04 07:32:55,решено,0,
t002231,11.05.2025 09:47,u03912,чат,прочее,1,a17,2025-05-11 09:56:11,2025-05-11 22:10:44,решено,0,
t003081,2025-02-04 11:16:00,u05389,почта,доступ и пароли,3,a18,2025-02-04 13:00:31,2025-02-04 16:12:45,решено,0,
t000333,01.02.2025 03:26,u04493,чат,доступ и пароли,2,a09,2025-02-01 03:39:22,2025-02-01 05:08:59,решено,0,
t005157,24.05.2025 12:02,u00491,форма,"",3,a11,2025-05-24 12:24:32,2025-05-24 16:54:44,решено,0,
t001943,2025-06-14 01:39:00,u01508,чат,расписание и посещаемость,2,a06,2025-06-14 01:59:48,2025-06-14 05:37:31,решено,0,
t001428,2025-02-01 11:23:00,u03869,форма,доступ и пароли,2,a05,2025-02-01 11:39:02,2025-02-01 12:55:01,решено,0,
t003330,11.01.2025 18:10,u05681,чат,расписание и посещаемость,2,a04,2025-01-11 19:30:30,2025-01-11 20:28:23,решено,0,
t000182,2025-06-24 04:04:00,u07449,чат,прочее,2,a09,2025-06-24 04:41:49,,в работе,0,
t005072,04.05.2025 02:12,u04592,форма,доступ и пароли,3,a08,2025-05-04 02:30:17,2025-05-04 03:31:32,решено,0,
t002657,2025-01-21 20:26:00,u04659,чат,расписание и посещаемость,2,a11,2025-01-21 22:03:30,,в работе,0,
t000800,2025-04-13 14:00:00,u04358,телефон,прочее,2,a08,2025-04-13 14:03:42,2025-04-12 14:19:42,решено,1,
t000592,2025-04-24 08:03:00,u06358,чат,доступ и пароли,3,a08,2025-04-24 08:18:11,2025-04-24 09:51:00,решено,0,
t002345,12.06.2025 13:20,u04055,телефон,техническая проблема,1,a16,2025-06-12 13:33:26,2025-06-12 21:49:34,решено,1,
t004083,04.04.2025 07:02,u05895,форма,расписание и посещаемость,2,a18,2025-04-04 07:37:53,2025-04-04 09:37:32,решено,0,
t003491,2025-06-13 04:19:00,u02319,почта,техническая проблема,1,a18,2025-06-13 04:55:37,2025-06-13 09:12:35,решено,0,
t001992,2025-04-24 05:02:00,u01357,почта,техническая проблема,2,a16,2025-04-24 05:24:05,2025-04-24 18:22:24,решено,0,3
t004348,2025-03-16 08:14:00,u01164,чат,,3,a10,2025-03-16 08:28:09,2025-03-16 12:51:26,решено,0,
t001607,2025-04-14 16:01:00,u06005,чат,техническая проблема,1,a12,2025-04-14 16:14:07,2025-04-15 10:51:03,решено,0,
t001140,2025-05-04 11:42:00,u05877,телефон,расписание и посещаемость,2,a04,2025-05-04 12:04:48,2025-05-05 00:45:39,решено,0,
t001691,2025-05-24 13:23:00,u04131,чат,оплата и документы,2,a06,2025-05-24 13:25:41,2025-05-25 00:07:23,решено,0,
t002208,2025-05-20 14:38:00,u08149,чат,прочее,2,a07,2025-05-20 15:21:29,,в работе,0,
t000233,2025-06-20 07:52:00,u01810,чат,доступ и пароли,2,a05,2025-06-20 08:08:33,,в работе,0,4
t000615,2025-01-24 01:50:00,u01795,почта,доступ и пароли,2,a11,2025-01-24 03:21:22,2025-01-24 05:01:52,решено,0,5
t003416,12.04.2025 04:56,u02062,чат,оплата и документы,2,a17,2025-04-12 04:57:48,2025-04-12 10:17:39,решено,0,
t001099,04.01.2025 09:56,u05935,телефон,техническая проблема,2,a12,2025-01-04 11:04:53,2025-01-05 05:33:38,решено,0,4
t004567,2025-04-20 06:18:00,u01491,чат,расписание и посещаемость,2,a02,2025-04-20 06:49:24,2025-04-20 09:52:50,решено,0,
t000746,2025-06-19 09:52:00,u07034,телефон,оплата и документы,2,a15,2025-06-19 09:54:55,2025-06-19 10:52:22,решено,0,
t004753,2025-03-13 04:42:00,u06597,чат,техническая проблема,2,a07,2025-03-13 04:55:32,2025-03-13 12:28:42,решено,0,
t002705,2025-01-22 09:28:00,u01146,чат,прочее,1,a05,2025-01-22 09:44:29,2025-01-22 15:45:36,решено,0,4
t005827,2025-02-19 08:33:00,u06050,форма,расписание и посещаемость,1,a11,2025-02-19 09:48:49,2025-02-19 16:23:02,решено,0,
t004230,2025-01-18 14:07:00,u05216,телефон,доступ и пароли,1,a14,2025-01-18 14:20:36,2025-01-18 15:28:50,решено,1,
t000931,2025-05-21 08:30:00,u03123,почта,оплата и документы,2,a02,2025-05-21 08:34:26,2025-05-21 14:03:50,решено,0,
t002771,2025-03-16 15:15:00,u01393,почта,доступ и пароли,1,a18,2025-03-16 16:56:46,2025-03-16 18:02:40,решено,0,4
t002580,16.02.2025 09:59,u03556,почта,доступ и пароли,1,a15,2025-02-16 10:17:01,2025-02-16 11:08:28,решено,0,
t001728,21.04.2025 12:07,u04572,почта,"",1,a15,2025-04-21 12:19:36,2025-04-22 03:35:23,решено,0,
t004025,2025-05-14 08:11:00,u00116,форма,оплата и документы,1,a18,2025-05-14 08:50:55,2025-05-14 19:34:19,решено,0,
t000128,2025-02-04 04:23:00,u03174,чат,техническая проблема,1,a01,2025-02-04 05:56:40,2025-02-04 09:27:34,решено,0,
t001219,2025-04-11 16:01:00,u03761,почта,оплата и документы,2,a11,2025-04-11 16:36:18,2025-04-10 17:00:10,решено,0,
t001129,2025-05-03 12:36:00,u04891,почта,оплата и документы,3,a06,2025-05-03 12:44:26,2025-05-03 14:37:10,решено,0,
t002108,2025-01-15 02:39:00,u02424,форма,доступ и пароли,2,a02,2025-01-15 03:08:59,2025-01-15 03:43:50,решено,0,1
t004844,02.06.2025 17:08,u01919,чат,доступ и пароли,3,a06,2025-06-02 17:21:16,2025-06-02 18:54:18,решено,0,
t003179,2025-05-22 13:36:00,u05010,почта,доступ и пароли,3,a01,2025-05-22 14:01:38,2025-05-22 14:23:16,закрыто без ответа,1,3
t000471,08.06.2025 11:23,u03107,телефон,техническая проблема,1,a06,2025-06-08 11:38:49,2025-06-08 16:19:11,решено,0,
t005519,2025-05-25 10:46:00,u08268,почта,оплата и документы,3,a11,2025-05-25 10:58:49,2025-05-25 15:27:11,решено,0,
t005749,2025-06-12 08:39:00,u03084,чат,техническая проблема,1,a15,2025-06-12 09:20:39,2025-06-12 13:46:26,решено,0,
t005139,2025-04-19 13:16:00,u06317,чат,расписание и посещаемость,2,a11,2025-04-19 13:30:59,2025-04-19 15:28:39,решено,0,4
t003938,2025-03-04 20:19:00,u06722,чат,доступ и пароли,3,a16,2025-03-04 22:01:25,2025-03-04 22:44:29,решено,0,3
t002457,2025-04-19 09:00:00,u02946,почта,техническая проблема,1,a08,2025-04-19 09:36:22,2025-04-19 21:42:46,решено,0,
t004005,19.06.2025 13:17,u07582,чат,техническая проблема,1,a04,2025-06-19 13:35:27,2025-06-20 01:06:29,решено,0,
t003259,2025-06-02 13:30:00,u03145,чат,расписание и посещаемость,2,a18,2025-06-02 13:35:24,2025-06-02 17:17:26,решено,0,3
t002734,04.05.2025 04:06,u06897,чат,техническая проблема,1,a18,2025-05-04 04:10:21,2025-05-04 07:01:09,решено,0,
t003798,18.06.2025 13:23,u07275,телефон,оплата и документы,2,a04,2025-06-18 13:29:54,2025-06-18 15:28:26,решено,0,
t002003,11.05.2025 09:19,u07127,чат,оплата и документы,3,a12,2025-05-11 09:30:56,2025-05-11 12:03:40,решено,0,1
t005764,09.03.2025 13:57,u04011,форма,доступ и пароли,2,a12,2025-03-09 14:16:25,2025-03-09 17:10:10,решено,0,1
t000676,2025-01-14 04:43:00,u01275,почта,доступ и пароли,2,a03,2025-01-14 05:12:31,2025-01-14 05:18:51,решено,0,
t000064,2025-05-03 05:17:00,u01975,чат,техническая проблема,2,a15,2025-05-03 05:32:13,2025-05-03 18:05:38,решено,0,
t005036,2025-05-20 09:01:00,u06067,телефон,доступ и пароли,2,a10,2025-05-20 09:23:32,2025-05-20 09:26:23,решено,0,5
t003433,23.01.2025 06:52,u01680,чат,доступ и пароли,2,a06,2025-01-23 08:24:01,2025-01-23 08:40:19,решено,0,5
t004671,04.06.2025 10:29,u05670,чат,техническая проблема,1,a18,2025-06-04 10:43:41,2025-06-05 10:49:08,решено,0,
t004797,2025-04-20 03:42:00,u06811,телефон,доступ и пароли,1,a05,2025-04-20 03:47:14,2025-04-20 12:10:07,решено,0,
t000081,2025-04-25 07:38:00,u08038,чат,техническая проблема,1,a07,2025-04-25 07:39:19,2025-04-25 18:59:20,решено,0,
t001876,20.06.2025 07:20,u07216,чат,техническая проблема,1,a08,2025-06-20 07:32:56,2025-06-20 15:23:06,решено,0,
t003668,2025-05-22 06:49:00,u03322,почта,оплата и документы,3,a10,2025-05-22 07:17:00,2025-05-22 09:17:01,решено,0,
t003654,2025-06-05 03:15:00,u01917,телефон,техническая проблема,3,a11,2025-06-05 04:07:11,,в работе,0,
t004627,2025-02-18 06:11:00,u01681,почта,прочее,2,a05,2025-02-18 06:36:04,2025-02-18 09:17:37,решено,1,
t002435,2025-02-09 12:03:00,u00823,телефон,доступ и пароли,3,a18,2025-02-09 13:44:03,2025-02-09 14:52:43,решено,0,5
t004044,2025-03-18 12:48:00,u07098,чат,доступ и пароли,1,a11,2025-03-18 14:28:28,2025-03-18 14:34:30,решено,0,5
t003757,2025-04-04 09:04:00,u04342,чат,техническая проблема,2,a01,2025-04-04 09:27:21,2025-04-04 13:47:59,решено,0,
t005891,24.06.2025 05:29,u07449,форма,доступ и пароли,1,a05,2025-06-24 05:49:55,2025-06-24 06:31:37,решено,0,1
t003408,02.06.2025 09:05,u04816,почта,оплата и документы,3,a18,2025-06-02 09:20:42,2025-06-02 12:12:13,решено,0,
t000662,2025-01-09 03:15:00,u02470,форма,расписание и посещаемость,2,a12,2025-01-09 03:32:58,2025-01-08 03:42:56,решено,0,
t002439,2025-06-11 13:49:00,u08159,телефон,техническая проблема,1,a09,2025-06-11 13:58:49,2025-06-12 13:05:39,решено,0,
t003016,2025-02-01 07:07:00,u00489,чат,доступ и пароли,1,a15,2025-02-01 07:19:33,2025-02-01 08:09:13,решено,0,5
t005753,17.02.2025 11:25,u04574,телефон,расписание и посещаемость,1,a10,2025-02-17 11:29:25,2025-02-17 16:05:48,решено,0,5
t003306,2025-03-05 09:52:00,u00388,чат,доступ и пароли,1,a05,2025-03-05 11:13:56,2025-03-05 11:32:40,решено,0,5
t000657,2025-04-13 17:04:00,u07014,телефон,расписание и посещаемость,2,a17,2025-04-13 17:22:00,,в работе,0,
t005112,20.02.2025 02:07,u03879,телефон,доступ и пароли,1,a16,2025-02-20 02:19:12,2025-02-20 02:43:20,решено,0,1
t001008,2025-03-19 17:02:00,u06330,чат,доступ и пароли,1,a18,2025-03-19 17:18:23,2025-03-19 19:15:06,решено,1,2
t000198,2025-05-05 07:56:00,u04956,почта,техническая проблема,1,a17,2025-05-05 08:08:19,2025-05-05 17:43:30,решено,0,
t005973,2025-06-07 04:57:00,u06264,телефон,доступ и пароли,1,a05,2025-06-07 05:30:15,2025-06-07 07:35:05,решено,0,
t001642,2025-05-04 11:43:00,u04852,чат,техническая проблема,1,a18,2025-05-04 12:01:11,2025-05-04 23:59:46,решено,0,1
t003622,2025-04-06 03:26:00,u05266,чат,техническая проблема,2,a16,2025-04-06 03:33:40,2025-04-06 09:11:05,решено,0,
t003427,2025-06-10 03:25:00,u08552,чат,оплата и документы,2,a16,2025-06-10 03:52:28,2025-06-10 09:23:17,решено,1,
t002284,2025-04-08 01:13:00,u07458,чат,техническая проблема,1,a06,2025-04-08 01:32:43,2025-04-08 11:11:54,решено,0,
t000025,2025-01-01 09:27:00,u02639,чат,доступ и пароли,2,a02,2025-01-01 09:42:15,2025-01-01 10:11:24,решено,0,
t001464,18.02.2025 10:56,u05094,чат,доступ и пароли,1,a15,2025-02-18 12:33:35,2025-02-18 13:05:45,решено,0,
t005371,02.01.2025 08:47,u08579,телефон,доступ и пароли,1,a11,2025-01-02 09:08:51,2025-01-02 11:18:36,решено,0,
t002613,2025-06-22 12:42:00,u05334,чат,прочее,2,a06,2025-06-22 13:06:51,2025-06-22 17:30:35,решено,0,
t002394,2025-06-21 05:17:00,u08788,чат,NULL,3,a18,2025-06-21 05:44:54,2025-06-21 08:28:44,решено,0,
t002010,2025-05-03 09:18:00,u01718,телефон,техническая проблема,1,a05,2025-05-03 09:49:11,2025-05-04 05:20:39,решено,0,
t003663,20.06.2025 10:03,u05647,чат,оплата и документы,1,a12,2025-06-20 10:05:03,2025-06-20 14:21:40,решено,0,
t002632,27.02.2025 10:35,u03131,чат,доступ и пароли,2,a17,2025-02-27 11:38:21,2025-02-27 13:29:10,решено,0,
t005684,18.04.2025 14:23,u02068,чат,оплата и документы,2,a06,2025-04-18 14:35:41,2025-04-18 15:53:41,решено,0,
t005251,2025-04-24 07:26:00,u02632,телефон,"",2,a01,2025-04-24 07:40:26,2025-04-24 09:16:38,решено,0,
t002881,01.03.2025 03:39,u01961,телефон,техническая проблема,1,a07,2025-03-01 03:48:14,2025-03-01 23:09:51,решено,1,
t002097,2025-03-02 17:01:00,u04353,чат,доступ и пароли,1,a03,2025-03-02 17:17:16,2025-03-02 17:21:50,решено,0,
t005950,2025-06-04 10:01:00,u01556,форма,NULL,2,a17,2025-06-04 11:01:51,,в работе,0,
t002578,2025-02-27 07:41:00,u04570,чат,расписание и посещаемость,3,a05,2025-02-27 09:30:31,2025-02-27 13:51:56,решено,0,
t005429,2025-02-01 10:58:00,u01743,почта,расписание и посещаемость,2,a02,2025-02-01 11:54:59,2025-02-01 21:13:59,решено,0,
t004309,2025-06-05 04:39:00,u01576,Чат,оплата и документы,2,a18,2025-06-05 05:21:47,2025-06-05 08:45:08,решено,0,2
t005028,2025-04-17 01:52:00,u04040,почта,доступ и пароли,2,a05,2025-04-17 02:02:40,2025-04-17 02:46:02,решено,0,5
t005943,2025-06-22 06:59:00,u07379,чат,техническая проблема,1,a16,2025-06-22 07:15:41,2025-06-22 10:33:58,решено,0,
t000091,2025-04-04 02:00:00,u05396,почта,расписание и посещаемость,2,a16,2025-04-04 02:49:19,2025-04-04 08:07:20,решено,0,
t001633,2025-02-25 10:26:00,u03583,чат,доступ и пароли,1,a01,2025-02-25 10:47:03,2025-02-25 13:15:56,решено,0,5
t002739,24.02.2025 03:37,u06661,телефон,оплата и документы,3,a15,2025-02-24 03:44:45,2025-02-24 09:39:18,решено,0,
t004249,2025-05-20 05:33:00,u01896,чат,оплата и документы,2,a16,2025-05-20 05:39:41,2025-05-20 10:42:12,решено,0,
t001973,2025-06-23 07:32:00,u05936,чат,оплата и документы,1,a06,2025-06-23 08:30:24,2025-06-23 09:53:11,решено,0,
t002592,2025-03-07 11:01:00,u07712,почта,оплата и документы,2,a02,2025-03-07 12:09:33,2025-03-07 13:46:21,решено,0,2
t003467,22.06.2025 03:46,u01152,телефон,расписание и посещаемость,2,a06,2025-06-22 03:59:31,2025-06-22 04:37:57,решено,0,
t000752,23.01.2025 11:10,u03529,чат,техническая проблема,1,a12,2025-01-23 12:34:44,2025-01-24 06:08:23,решено,0,
t000623,2025-06-06 10:21:00,u06165,чат,техническая проблема,1,a15,2025-06-06 10:39:38,2025-06-07 00:03:00,решено,0,
t001510,06.06.2025 04:54,u06475,телефон,оплата и документы,2,a12,2025-06-06 05:04:52,2025-06-06 05:19:11,решено,0,4
t002044,26.03.2025 07:10,u05556,почта,оплата и документы,2,a16,2025-03-26 08:40:52,2025-03-26 08:53:18,решено,1,5
t002181,2025-05-08 09:22:00,u07468,чат,расписание и посещаемость,3,a15,2025-05-08 09:26:15,2025-05-08 14:37:57,решено,1,3
t002783,2025-06-20 11:12:00,u06298,чат,прочее,2,a17,2025-06-20 12:14:32,2025-06-20 13:24:39,решено,0,
t001413,2025-04-27 12:23:00,u06584,чат,оплата и документы,2,a04,2025-04-27 12:40:45,2025-04-27 17:41:15,решено,0,
t004705,2025-02-06 08:40:00,u03783,чат,оплата и документы,2,a17,2025-02-06 09:52:34,2025-02-06 15:31:52,решено,0,
t003281,10.06.2025 07:16,u08094,почта,расписание и посещаемость,2,a03,2025-06-10 07:32:50,2025-06-10 11:48:09,решено,0,
t000688,2025-03-22 12:40:00,u03837,чат,доступ и пароли,1,a11,2025-03-22 13:03:30,2025-03-22 15:16:52,решено,0,
t002942,2025-03-24 13:23:00,u04625,чат,техническая проблема,2,a06,2025-03-24 14:02:55,,в работе,0,
t002712,12.03.2025 14:33,u06248,форма,расписание и посещаемость,1,a16,2025-03-12 16:19:36,2025-03-12 17:06:27,решено,0,3
t002056,2025-05-22 10:44:00,u08144,почта,доступ и пароли,2,a16,2025-05-22 11:09:55,2025-05-22 12:55:32,решено,0,
t000438,2025-04-20 06:18:00,u07838,чат,доступ и пароли,1,a05,2025-04-20 06:37:06,2025-04-20 07:15:51,решено,0,
t001668,2025-06-18 02:54:00,u01536,почта,техническая проблема,2,a08,2025-06-18 03:06:04,2025-06-18 19:52:02,решено,0,
t004164,16.04.2025 06:49,u01520,почта,оплата и документы,3,a09,2025-04-16 07:26:10,2025-04-16 08:09:23,решено,0,5
t000779,2025-03-08 06:32:00,u02664,чат,оплата и документы,1,a05,2025-03-08 07:34:58,2025-03-08 08:00:50,решено,0,5
t001225,2025-01-18 07:36:00,u01957,Чат,доступ и пароли,3,a13,2025-01-18 09:17:38,2025-01-18 09:21:44,решено,0,
t003323,20.05.2025 07:23,u04019,чат,техническая проблема,1,a12,2025-05-20 07:55:12,2025-05-20 18:09:06,решено,1,
t004934,2025-02-23 06:36:00,u03040,почта,доступ и пароли,1,a17,2025-02-23 08:20:05,2025-02-23 09:17:30,решено,0,
t003414,2025-02-21 05:27:00,u04890,форма,расписание и посещаемость,1,a07,2025-02-21 05:53:24,2025-02-21 08:19:22,решено,1,
t001682,05.06.2025 11:20,u03612,чат,оплата и документы,1,a11,2025-06-05 11:32:14,2025-06-05 14:21:35,закрыто без ответа,0,5
t003557,2025-06-19 02:24:00,u07475,телефон,оплата и документы,1,a01,2025-06-19 02:35:37,2025-06-19 06:41:23,решено,0,
t005353,2025-02-09 10:27:00,u02074,почта,доступ и пароли,3,a01,2025-02-09 11:33:23,2025-02-09 11:34:52,решено,0,5
t000664,2025-06-26 08:43:00,u02536,чат,доступ и пароли,3,a01,2025-06-26 08:59:11,2025-06-26 10:41:02,решено,0,
t002232,2025-03-23 13:17:00,u00627,чат,оплата и документы,2,a16,2025-03-23 14:13:36,2025-03-23 17:50:37,решено,0,
t004439,2025-02-16 13:17:00,u03139,почта,оплата и документы,1,a17,2025-02-16 14:35:49,2025-02-16 15:31:25,решено,1,
t003240,2025-06-24 20:23:00,u04643,почта,оплата и документы,2,a15,2025-06-24 20:38:27,,в работе,0,
t003238,2025-02-18 13:04:00,u01214,телефон,оплата и документы,2,a04,2025-02-18 13:16:26,2025-02-18 17:41:06,решено,0,
t004469,02.03.2025 02:05,u02701,телефон,оплата и документы,1,a09,2025-03-02 02:09:46,2025-03-02 04:09:14,решено,0,
t003588,2025-06-04 07:50:00,u04647,форма,доступ и пароли,3,a02,2025-06-04 08:02:11,2025-06-04 08:17:15,решено,0,5
t004509,06.03.2025 10:03,u07552,почта,оплата и документы,2,a12,2025-03-06 10:23:32,2025-03-06 12:05:22,решено,0,
t002353,11.05.2025 04:58,u03427,чат,расписание и посещаемость,3,a11,2025-05-11 05:57:02,2025-05-11 10:57:07,решено,0,
t003855,2025-04-03 13:39:00,u08995,форма,техническая проблема,2,a16,2025-04-03 13:59:38,2025-04-04 00:03:26,решено,0,
t004207,06.04.2025 05:13,u08560,форма,доступ и пароли,2,a04,2025-04-06 05:21:03,2025-04-06 07:00:45,решено,0,
t004617,2025-02-21 07:19:00,u07252,чат,доступ и пароли,2,a18,2025-02-21 07:37:15,2025-02-21 08:56:11,решено,0,
t000594,2025-05-24 03:15:00,u05697,чат,оплата и документы,2,a03,2025-05-24 03:43:34,2025-05-24 06:12:11,решено,0,
t004897,2025-05-01 11:52:00,u05637,форма,расписание и посещаемость,1,a18,2025-05-01 12:27:09,2025-05-01 14:59:49,решено,0,
t004591,06.02.2025 04:54,u08352,чат,доступ и пароли,3,a03,2025-02-06 05:11:12,2025-02-06 07:07:19,решено,0,
t001414,01.05.2025 11:20,u00137,почта,доступ и пароли,3,a17,2025-05-01 11:32:59,2025-05-01 13:12:06,решено,0,
t004020,2025-03-11 02:32:00,u06648,чат,расписание и посещаемость,1,a06,2025-03-11 02:41:14,2025-03-11 08:35:45,решено,0,2
t000996,2025-05-07 05:43:00,u05604,чат,доступ и пароли,2,a04,2025-05-07 06:41:56,2025-05-07 07:09:19,решено,0,
t000782,17.04.2025 12:12,u08980,чат,расписание и посещаемость,2,a04,2025-04-17 12:36:40,2025-04-17 16:02:59,решено,0,
t001793,2025-01-07 12:18:00,u06382,почта,NULL,1,a12,2025-01-07 14:09:00,2025-01-07 23:37:02,решено,0,
t004539,01.05.2025 10:41,u08623,чат,техническая проблема,1,a06,2025-05-01 11:36:36,2025-05-01 18:07:42,решено,0,
t000645,2025-06-04 14:46:00,u06507,чат,"",2,a05,2025-06-04 15:13:39,2025-06-04 20:10:00,решено,0,
t004694,2025-05-04 12:24:00,u06277,форма,техническая проблема,1,a17,2025-05-04 12:31:31,2025-05-04 16:54:10,решено,1,
t000123,2025-03-21 13:40:00,u04396,почта,техническая проблема,1,a05,2025-03-21 15:13:49,2025-03-21 18:04:52,закрыто без ответа,1,
t002494,03.05.2025 15:28,u08996,чат,доступ и пароли,2,a04,2025-05-03 15:45:15,2025-05-03 15:56:51,решено,0,
t000873,21.03.2025 13:58,u03343,почта,оплата и документы,2,a18,2025-03-21 15:11:20,2025-03-20 13:49:16,решено,0,3
t001501,2025-05-24 04:20:00,u05851,телефон,оплата и документы,2,a04,2025-05-24 05:11:36,2025-05-24 06:23:10,решено,0,
t004203,2025-06-22 10:23:00,u00677,чат,техническая проблема,2,a17,2025-06-22 10:30:34,,в работе,0,
t002321,11.01.2025 10:13,u06635,телефон,техническая проблема,2,a06,2025-01-11 12:04:30,2025-01-11 21:51:40,решено,0,
t004566,26.06.2025 09:56,u04505,чат,расписание и посещаемость,1,a12,2025-06-26 10:13:00,2025-06-26 12:23:32,решено,0,2
t002503,2025-03-22 08:15:00,u04305,чат,техническая проблема,1,a09,2025-03-22 10:01:36,2025-03-23 15:48:50,решено,0,
t003499,2025-06-23 09:54:00,u03613,чат,оплата и документы,1,a09,2025-06-23 10:10:12,2025-06-24 00:43:41,решено,0,3
t003697,2025-04-18 20:14:00,u07417,телефон,оплата и документы,1,a10,2025-04-18 20:32:46,2025-04-18 21:42:14,решено,0,
t005528,02.04.2025 03:40,u06003,чат,доступ и пароли,3,a05,2025-04-02 03:42:47,2025-04-02 04:50:11,решено,0,5
t000119,22.03.2025 08:29,u02287,чат,техническая проблема,2,a07,2025-03-22 10:08:43,2025-03-22 18:14:42,решено,0,
t002954,19.04.2025 08:28,u06296,телефон,техническая проблема,1,a07,2025-04-19 09:26:02,2025-04-19 23:16:45,решено,0,
t004101,07.01.2025 14:03,u06124,почта,доступ и пароли,1,a08,2025-01-07 15:27:49,2025-01-07 15:29:46,решено,0,
t000005,09.06.2025 04:03,u04271,телефон,доступ и пароли,2,a01,2025-06-09 04:26:15,2025-06-09 05:14:31,решено,0,
t000611,04.02.2025 12:43,u07963,телефон,расписание и посещаемость,2,a02,2025-02-04 14:16:40,2025-02-04 16:55:57,решено,0,
t005978,2025-06-01 14:21:00,u08259,Чат,прочее,2,a12,2025-06-01 14:57:10,2025-06-01 21:12:34,решено,0,
t001576,2025-05-11 07:17:00,u03427,чат,техническая проблема,1,a17,2025-05-11 07:34:52,2025-05-11 17:20:18,решено,0,
t002836,2025-06-21 05:30:00,u03048,телефон,доступ и пароли,3,a16,2025-06-21 06:17:17,2025-06-21 07:14:24,решено,0,
t005800,2025-03-24 12:35:00,u03243,чат,доступ и пароли,3,a01,2025-03-24 12:46:44,2025-03-24 13:30:32,решено,0,4
t001152,2025-05-07 19:28:00,u00053,почта,расписание и посещаемость,2,a04,2025-05-07 20:22:38,2025-05-07 20:54:23,решено,0,5
t005743,2025-02-20 05:31:00,u05560,телефон,техническая проблема,1,a04,2025-02-20 06:33:56,2025-02-20 22:56:18,решено,0,
t005545,2025-02-07 13:10:00,u06493,форма,доступ и пароли,2,a15,2025-02-07 13:28:22,2025-02-07 14:22:39,решено,0,
t005658,2025-05-05 06:55:00,u02644,почта,расписание и посещаемость,3,a04,2025-05-05 07:08:25,2025-05-05 09:13:44,решено,0,
t005434,2025-02-05 04:07:00,u00603,чат,оплата и документы,2,a13,2025-02-05 04:34:21,2025-02-05 07:28:44,решено,0,
t002316,2025-05-05 08:51:00,u00597,телефон,оплата и документы,1,a04,2025-05-05 09:14:09,2025-05-05 09:35:33,решено,0,5
t003733,2025-02-06 09:35:00,u08881,телефон,доступ и пароли,3,a14,2025-02-06 09:46:30,2025-02-06 11:42:38,решено,0,3
t004540,2025-04-02 12:05:00,u04242,чат,техническая проблема,1,a04,2025-04-02 12:22:33,2025-04-02 19:20:36,решено,0,
t004398,22.01.2025 06:25,u05311,чат,доступ и пароли,3,a08,2025-01-22 06:50:52,2025-01-22 07:16:47,решено,0,5
t000487,2025-06-07 13:40:00,u07148,почта,оплата и документы,2,a05,2025-06-07 13:49:37,2025-06-07 14:41:43,решено,0,
t004259,2025-02-20 13:59:00,u01487,чат,доступ и пароли,2,a01,2025-02-20 14:09:34,2025-02-20 14:43:30,решено,0,3
t003624,2025-05-13 10:47:00,u06602,почта,оплата и документы,2,a11,2025-05-13 10:48:49,2025-05-13 16:59:18,решено,0,
t003483,22.04.2025 06:12,u06999,чат,оплата и документы,2,a05,2025-04-22 06:21:13,2025-04-22 07:56:10,решено,0,
t001705,24.02.2025 03:44,u02416,почта,доступ и пароли,2,a13,2025-02-24 05:15:18,2025-02-23 02:48:33,решено,0,
t005879,2025-06-05 03:25:00,u05371,почта,техническая проблема,2,a01,2025-06-05 03:26:56,2025-06-05 22:01:56,решено,0,
t004668,16.05.2025 06:52,u06930,форма,расписание и посещаемость,3,a15,2025-05-16 07:34:41,2025-05-16 11:32:43,решено,1,2
t003025,2025-01-18 04:51:00,u08688,чат,оплата и документы,3,a11,2025-01-18 05:05:45,2025-01-18 06:55:54,решено,0,
t003746,2025-02-25 08:40:00,u06816,почта,"",2,a10,2025-02-25 09:03:57,2025-02-25 13:10:18,решено,0,
t003719,2025-05-22 06:11:00,u08056,телефон,прочее,1,a11,2025-05-22 06:25:13,2025-05-22 06:47:45,решено,0,
t000072,03.04.2025 05:43,u03089,чат,оплата и документы,3,a07,2025-04-03 05:46:32,2025-04-03 13:21:08,решено,0,
t005797,2025-06-02 03:49:00,u06262,чат,оплата и документы,2,a16,2025-06-02 04:10:24,2025-06-02 09:32:32,решено,0,
t003458,2025-03-07 03:25:00,u08442,чат,расписание и посещаемость,1,a01,2025-03-07 04:29:20,2025-03-07 07:19:32,решено,0,
t002716,2025-05-19 08:26:00,u05615,чат,техническая проблема,2,a03,2025-05-19 08:42:21,2025-05-19 12:03:53,решено,0,
t000434,2025-05-07 11:51:00,u03282,телефон,техническая проблема,1,a05,2025-05-07 12:47:37,2025-05-08 02:34:06,решено,0,
t003630,10.02.2025 10:39,u03165,чат,оплата и документы,2,a07,2025-02-10 11:59:23,2025-02-10 15:43:08,решено,0,4
t003611,2025-01-15 06:17:00,u06691,телефон,доступ и пароли,2,a13,2025-01-15 07:21:04,2025-01-15 07:52:24,решено,1,
t000970,2025-06-07 06:44:00,u07602,чат,расписание и посещаемость,1,a06,2025-06-07 07:45:31,2025-06-07 16:14:55,решено,0,
t005250,2025-03-03 10:21:00,u08042,чат,техническая проблема,1,a06,2025-03-03 11:37:08,2025-03-03 16:15:12,решено,0,
t000162,2025-05-21 11:10:00,u01220,чат,расписание и посещаемость,2,a18,2025-05-21 11:50:10,2025-05-21 13:04:56,решено,0,
t000758,2025-04-18 10:59:00,u04159,чат,расписание и посещаемость,1,a02,2025-04-18 11:16:50,2025-04-18 13:33:25,закрыто без ответа,0,
t003453,2025-03-05 08:03:00,u02882,телефон,доступ и пароли,3,a04,2025-03-05 09:31:24,2025-03-05 11:40:01,решено,1,4
t000925,2025-01-03 17:25:00,u00422,чат,оплата и документы,1,a02,2025-01-03 19:13:23,2025-01-04 00:27:39,решено,0,5
t003729,22.02.2025 15:38,u01525,почта,оплата и документы,1,a12,2025-02-22 15:54:17,2025-02-22 20:39:49,решено,1,
t002507,2025-06-13 01:52:00,u02319,чат,доступ и пароли,2,a03,2025-06-13 01:56:11,2025-06-13 02:54:17,решено,0,3
t005205,14.02.2025 02:52,u01181,телефон,расписание и посещаемость,3,a12,2025-02-14 03:14:39,2025-02-14 06:44:26,решено,1,
t005888,05.05.2025 05:14,u00532,почта,расписание и посещаемость,1,a11,2025-05-05 05:42:45,2025-05-05 07:29:04,решено,0,
t002772,2025-03-19 13:50:00,u01877,форма,доступ и пароли,1,a02,2025-03-19 14:51:15,2025-03-19 15:04:50,решено,0,4
t003570,2025-03-17 06:13:00,u08882,чат,доступ и пароли,2,a02,2025-03-17 08:03:49,2025-03-17 08:44:23,решено,0,4
t003997,2025-04-24 08:26:00,u02962,чат,техническая проблема,2,a17,2025-04-24 08:56:41,2025-04-24 22:42:49,решено,0,
t000424,2025-01-22 11:20:00,u03522,чат,оплата и документы,2,a10,2025-01-22 11:45:07,2025-01-22 13:47:38,решено,0,
t002273,2025-06-21 01:34:00,u08788,форма,прочее,3,a03,2025-06-21 01:55:44,2025-06-21 05:00:51,решено,1,
t000821,2025-06-04 20:16:00,u07985,чат,расписание и посещаемость,2,a01,2025-06-04 20:33:10,2025-06-04 22:10:15,решено,0,5
t000226,2025-03-19 07:02:00,u06966,форма,прочее,2,a01,2025-03-19 07:21:42,2025-03-19 11:53:43,решено,1,
t004835,2025-03-11 08:25:00,u05184,почта,техническая проблема,1,a04,2025-03-11 09:49:58,2025-03-11 10:52:42,решено,1,
t003626,2025-04-02 06:13:00,u00485,чат,доступ и пароли,2,a01,2025-04-02 07:12:25,2025-04-02 07:25:40,решено,0,
t000262,2025-05-04 09:26:00,u03620,чат,техническая проблема,2,a01,2025-05-04 09:37:56,,в работе,0,
t002188,24.05.2025 13:19,u08009,чат,оплата и документы,1,a18,2025-05-24 13:58:25,2025-05-24 18:56:21,решено,0,
t005511,2025-06-07 09:58:00,u07512,телефон,доступ и пароли,2,a06,2025-06-07 10:58:39,2025-06-07 12:34:48,решено,0,5
t005479,22.04.2025 11:52,u03391,почта,прочее,2,a17,2025-04-22 12:07:18,2025-04-22 15:43:31,решено,0,
t005894,2025-02-05 02:36:00,u03040,телефон,доступ и пароли,2,a15,2025-02-05 02:59:23,2025-02-05 03:33:53,решено,0,
t003994,03.05.2025 02:36,u01683,телефон,оплата и документы,1,a12,2025-05-03 02:58:01,2025-05-03 06:11:34,решено,0,
t004086,2025-06-14 13:40:00,u00324,Чат,прочее,2,a07,2025-06-14 13:51:42,2025-06-15 07:04:24,решено,0,
t004408,2025-04-05 12:16:00,u04224,почта,оплата и документы,2,a04,2025-04-05 13:00:39,2025-04-05 16:03:49,решено,0,
t001744,15.03.2025 03:23,u04983,чат,доступ и пароли,2,a04,2025-03-15 03:50:42,2025-03-15 04:55:29,решено,0,
t005394,2025-05-04 10:33:00,u05010,чат,техническая проблема,2,a03,2025-05-04 11:18:26,2025-05-04 15:39:23,решено,0,
t000423,2025-06-03 05:09:00,u08187,форма,прочее,3,a08,2025-06-03 05:34:29,2025-06-03 15:07:43,решено,0,
t000558,23.01.2025 04:18,u06942,телефон,доступ и пароли,2,a12,2025-01-23 04:20:18,2025-01-23 04:55:54,решено,1,
t001275,2025-01-26 05:44:00,u02871,чат,доступ и пароли,1,a03,2025-01-26 07:25:51,2025-01-26 08:17:37,решено,0,5
t005289,2025-03-02 12:34:00,u04893,почта,техническая проблема,2,a07,2025-03-02 14:22:34,2025-03-02 17:26:43,решено,0,
t002852,03.04.2025 09:48,u01882,чат,оплата и документы,2,a17,2025-04-03 10:35:28,2025-04-03 11:03:36,решено,1,
t002427,06.02.2025 07:07,u03502,чат,прочее,2,a05,2025-02-06 07:15:58,2025-02-06 16:48:07,решено,0,5
t004476,01.01.2025 13:39,u02144,почта,расписание и посещаемость,1,a01,2025-01-01 13:58:03,2025-01-01 16:31:02,решено,0,
t002607,2025-01-24 18:25:00,u08137,чат,,1,a05,2025-01-24 18:43:12,2025-01-24 22:03:29,решено,0,
t003490,2025-02-19 05:56:00,u07641,телефон,доступ и пароли,3,a01,2025-02-19 06:07:09,2025-02-19 07:01:33,решено,1,
t004444,05.04.2025 09:15,u01970,чат,техническая проблема,2,a01,2025-04-05 09:23:25,2025-04-05 15:21:17,решено,0,
t001010,2025-03-12 14:24:00,u07804,чат,оплата и документы,3,a04,2025-03-12 14:50:56,2025-03-12 18:28:45,решено,0,5
t000256,2025-05-18 04:49:00,u03658,чат,техническая проблема,1,a10,2025-05-18 05:01:04,2025-05-18 08:12:10,решено,1,5
t001491,2025-03-07 03:11:00,u05156,Чат,оплата и документы,3,a12,2025-03-07 04:22:44,2025-03-07 09:58:02,решено,0,5
t001842,2025-05-23 08:20:00,u06875,телефон,техническая проблема,1,a11,2025-05-23 08:31:03,2025-05-23 09:50:02,решено,0,
t001240,02.04.2025 07:21,u04958,чат,техническая проблема,3,a16,2025-04-02 07:31:19,2025-04-02 10:54:14,решено,0,
t005750,07.06.2025 05:58,u05483,чат,техническая проблема,2,a17,2025-06-07 06:43:40,2025-06-07 18:40:31,решено,0,
t004535,09.05.2025 14:07,u00398,чат,техническая проблема,3,a17,2025-05-09 14:31:24,2025-05-10 03:10:38,решено,0,
t000436,2025-01-23 13:56:00,u07484,чат,расписание и посещаемость,2,a01,2025-01-23 14:04:13,2025-01-23 20:33:36,решено,0,
t001187,2025-05-04 09:05:00,u07090,почта,техническая проблема,1,a06,2025-05-04 09:14:17,2025-05-05 04:57:16,решено,0,
t005247,2025-05-04 11:35:00,u06301,чат,оплата и документы,2,a12,2025-05-04 11:57:24,2025-05-04 21:00:49,решено,0,
t005354,2025-04-05 15:00:00,u03545,чат,NULL,2,a02,2025-04-05 15:12:04,2025-04-05 20:49:11,решено,0,1
t002245,05.05.2025 17:44,u00078,чат,оплата и документы,2,a11,2025-05-05 17:56:11,2025-05-05 19:12:17,закрыто без ответа,0,
t000488,2025-02-25 09:35:00,u07207,чат,оплата и документы,1,a04,2025-02-25 09:53:50,2025-02-25 15:01:00,решено,0,
t003118,18.06.2025 01:12,u05270,почта,техническая проблема,2,a07,2025-06-18 01:33:43,2025-06-18 13:31:03,решено,0,
t002020,2025-01-06 11:05:00,u08271,форма,расписание и посещаемость,2,a03,2025-01-06 12:41:30,2025-01-06 13:05:41,решено,0,
t002101,2025-03-04 03:55:00,u04111,телефон,доступ и пароли,2,a12,2025-03-04 05:16:30,2025-03-04 07:37:34,решено,0,
t000867,2025-05-24 04:38:00,u07895,почта,доступ и пароли,2,a09,2025-05-24 04:55:04,2025-05-24 05:21:33,решено,0,4
t001430,2025-01-03 14:08:00,u02531,телефон,доступ и пароли,1,a01,2025-01-03 14:34:27,2025-01-03 15:45:52,решено,0,5
t000884,01.01.2025 11:34,u03045,чат,доступ и пароли,2,a02,2025-01-01 13:02:05,2025-01-01 13:07:45,решено,0,4
t002957,2025-04-19 14:07:00,u08136,чат,оплата и документы,1,a02,2025-04-19 14:28:15,2025-04-19 16:03:08,решено,0,
t001941,2025-01-19 03:32:00,u06616,почта,доступ и пароли,2,a12,2025-01-19 03:51:58,2025-01-19 06:02:40,решено,0,
t001974,2025-05-22 03:10:00,u01652,чат,техническая проблема,1,a10,2025-05-22 03:26:59,2025-05-22 15:20:12,решено,0,2
t004045,2025-04-03 02:15:00,u06882,чат,техническая проблема,1,a09,2025-04-03 02:38:32,2025-04-03 16:03:50,решено,0,
t005648,2025-04-14 07:48:00,u01026,чат,доступ и пароли,1,a02,2025-04-14 08:13:28,2025-04-14 10:39:36,решено,0,
t003699,12.03.2025 07:45,u02831,форма,доступ и пароли,2,a02,2025-03-12 07:48:27,2025-03-12 08:57:51,решено,0,1
t005819,2025-02-24 11:16:00,u07060,телефон,,2,a01,2025-02-24 12:50:07,2025-02-24 16:14:50,решено,0,
t005116,2025-03-20 11:10:00,u04953,чат,оплата и документы,1,a06,2025-03-20 11:31:23,2025-03-20 13:50:44,решено,0,
t003070,2025-06-21 09:53:00,u04487,чат,,2,a05,2025-06-21 10:10:26,2025-06-21 11:42:22,решено,0,
t000677,2025-05-18 06:34:00,u05963,чат,техническая проблема,1,a15,2025-05-18 06:46:26,2025-05-18 17:01:03,решено,0,
t002667,2025-06-23 09:22:00,u05441,чат,прочее,2,a05,2025-06-23 09:34:33,2025-06-23 12:12:39,решено,0,
t002062,2025-06-11 10:54:00,u06171,форма,расписание и посещаемость,2,a15,2025-06-11 10:59:34,2025-06-11 15:07:26,решено,0,
t003737,16.03.2025 16:29,u08249,телефон,техническая проблема,1,a07,2025-03-16 16:38:47,2025-03-17 03:17:42,решено,0,
t004217,22.04.2025 12:50,u08525,чат,доступ и пароли,2,a02,2025-04-22 13:06:52,2025-04-22 15:30:51,решено,0,
t000266,08.06.2025 08:29,u00643,форма,доступ и пароли,2,a15,2025-06-08 09:33:40,,в работе,0,
t005593,02.02.2025 08:07,u05852,чат,расписание и посещаемость,2,a15,2025-02-02 09:15:53,2025-02-02 14:58:13,решено,1,
t002251,05.06.2025 10:23,u07300,почта,прочее,2,a10,2025-06-05 10:31:21,2025-06-05 15:38:47,решено,0,
t003801,2025-01-10 03:51:00,u05407,Чат,доступ и пароли,1,a14,2025-01-10 04:52:40,2025-01-10 08:09:05,решено,0,
t001456,2025-04-24 08:05:00,u02959,чат,"",2,a15,2025-04-24 08:25:46,2025-04-24 09:12:52,решено,1,
t005448,22.03.2025 11:23,u08968,чат,доступ и пароли,2,a04,2025-03-22 12:21:27,2025-03-22 12:34:42,решено,1,
t005979,2025-04-23 15:33:00,u03388,почта,доступ и пароли,1,a01,2025-04-23 15:37:17,2025-04-23 17:09:54,решено,0,
t000145,2025-05-07 12:24:00,u00053,чат,оплата и документы,2,a04,2025-05-07 13:19:59,2025-05-07 15:22:58,решено,0,4
t001845,2025-04-05 09:47:00,u02964,телефон,доступ и пароли,1,a04,2025-04-05 10:49:24,2025-04-05 12:20:44,решено,0,4
t003358,24.06.2025 08:25,u06274,чат,расписание и посещаемость,1,a11,2025-06-24 09:04:58,2025-06-24 11:08:23,решено,0,
t000674,2025-03-27 10:58:00,u07974,телефон,оплата и документы,3,a17,2025-03-27 11:25:47,2025-03-27 14:15:32,решено,0,
t003290,2025-06-22 18:04:00,u07953,чат,оплата и документы,2,a15,2025-06-22 18:06:26,2025-06-22 19:22:36,решено,0,
t000673,2025-04-27 06:16:00,u01044,телефон,техническая проблема,1,a18,2025-04-27 06:23:17,2025-04-27 17:48:42,решено,0,
t000554,25.01.2025 03:30,u00269,Чат,доступ и пароли,2,a11,2025-01-25 03:40:40,2025-01-25 04:29:00,решено,0,
t002415,2025-04-03 08:27:00,u03896,чат,прочее,2,a15,2025-04-03 08:32:21,2025-04-03 15:42:49,решено,0,
t002099,2025-02-24 08:42:00,u06054,телефон,"",1,a08,2025-02-24 10:13:41,2025-02-24 22:13:32,решено,0,
t003964,2025-03-10 06:06:00,u07240,почта,расписание и посещаемость,2,a11,2025-03-10 07:19:11,2025-03-10 09:31:36,решено,0,5
t001828,2025-03-07 12:30:00,u05017,почта,"",2,a07,2025-03-07 12:38:10,2025-03-07 15:31:48,решено,0,5
t001025,2025-01-23 14:04:00,u03726,чат,доступ и пароли,1,a08,2025-01-23 14:18:12,2025-01-23 14:43:45,решено,0,
t001503,2025-05-20 13:07:00,u07671,телефон,техническая проблема,2,a16,2025-05-20 13:25:22,2025-05-20 17:19:57,решено,0,
t003566,02.02.2025 09:13,u00813,чат,NULL,2,a06,2025-02-02 11:01:32,2025-02-03 03:59:52,решено,0,
t000160,2025-05-25 05:04:00,u01585,чат,техническая проблема,1,a16,2025-05-25 05:15:33,2025-05-25 09:33:56,решено,0,
t005540,2025-02-04 10:20:00,u00180,телефон,доступ и пароли,1,a01,2025-02-04 11:20:19,2025-02-04 12:01:06,решено,0,
t003929,2025-01-17 09:00:00,u02065,форма,доступ и пароли,1,a11,2025-01-17 10:26:33,2025-01-17 12:01:54,решено,0,
t004906,2025-04-07 04:09:00,u04227,чат,оплата и документы,2,a06,2025-04-07 04:23:17,2025-04-07 05:34:21,решено,0,
t002817,2025-03-02 15:40:00,u02750,чат,оплата и документы,3,a17,2025-03-02 15:49:53,2025-03-02 18:27:37,решено,0,
t003027,2025-06-19 07:51:00,u07582,чат,оплата и документы,2,a17,2025-06-19 07:54:03,2025-06-19 11:39:13,решено,0,
t001572,2025-03-17 08:06:00,u05795,почта,доступ и пароли,1,a11,2025-03-17 09:53:35,2025-03-17 13:01:42,решено,0,4
t000089,04.01.2025 12:41,u06804,чат,доступ и пароли,2,a01,2025-01-04 12:46:29,2025-01-04 13:24:01,решено,0,
t000278,18.04.2025 03:23,u07486,телефон,прочее,1,a03,2025-04-18 03:35:49,2025-04-18 06:08:14,решено,0,3
t001193,07.01.2025 04:17,u03074,чат,доступ и пароли,2,a11,2025-01-07 04:39:41,2025-01-07 06:23:17,решено,0,
t000708,21.06.2025 11:16,u01271,телефон,оплата и документы,1,a16,2025-06-21 11:27:51,2025-06-22 05:21:03,решено,0,
t003992,2025-05-07 06:36:00,u07671,форма,доступ и пароли,1,a16,2025-05-07 06:59:06,,в работе,0,
t004034,2025-04-26 11:22:00,u07360,чат,техническая проблема,2,a02,2025-04-26 12:26:45,2025-04-26 15:55:58,решено,0,
t001964,2025-03-22 14:02:00,u06670,чат,доступ и пароли,2,a02,2025-03-22 15:02:10,2025-03-22 16:22:35,решено,0,
t001237,03.05.2025 04:08,u05029,почта,оплата и документы,3,a06,2025-05-03 04:15:56,2025-05-03 08:19:13,решено,0,
t003216,2025-02-21 14:13:00,u05404,телефон,оплата и документы,2,a10,2025-02-21 15:43:32,2025-02-21 17:23:13,решено,0,
t001830,24.01.2025 03:52,u05420,чат,техническая проблема,3,a13,2025-01-24 04:14:17,2025-01-23 03:18:35,решено,0,
t002672,2025-01-05 04:12:00,u06866,форма,доступ и пароли,2,a07,2025-01-05 05:13:13,2025-01-05 05:14:58,решено,0,
t005603,2025-01-03 03:39:00,u02357,телефон,расписание и посещаемость,2,a06,2025-01-03 03:44:31,2025-01-03 05:25:30,решено,1,
t002806,2025-02-15 03:29:00,u08359,чат,,1,a03,2025-02-15 04:57:42,2025-02-15 16:50:51,решено,0,4
t004155,02.02.2025 13:03,u02061,телефон,техническая проблема,1,a11,2025-02-02 14:23:46,2025-02-02 22:17:05,решено,0,
t004711,2025-05-02 09:41:00,u06067,чат,доступ и пароли,1,a15,2025-05-02 10:04:56,2025-05-02 10:42:58,решено,0,4
t000763,2025-02-20 12:34:00,u01886,форма,доступ и пароли,1,a11,2025-02-20 13:59:14,2025-02-20 14:58:41,решено,0,
t001843,2025-04-12 12:53:00,u04201,форма,доступ и пароли,3,a10,2025-04-12 13:49:27,2025-04-12 14:09:53,решено,0,5
t001107,2025-04-04 08:08:00,u01573,чат,NULL,1,a05,2025-04-04 09:02:26,2025-04-04 12:20:00,решено,0,1
t005165,2025-01-02 12:43:00,u08295,форма,доступ и пароли,1,a13,2025-01-02 14:11:44,2025-01-02 15:25:15,решено,0,
t001313,09.06.2025 06:36,u02014,почта,доступ и пароли,2,a12,2025-06-09 06:49:27,2025-06-09 07:25:05,решено,1,
t004821,2025-04-19 11:55:00,u02287,почта,доступ и пароли,1,a10,2025-04-19 12:47:44,2025-04-19 14:42:02,решено,0,
t005712,07.05.2025 10:44,u05851,чат,оплата и документы,2,a04,2025-05-07 10:59:19,2025-05-07 20:54:20,решено,0,
t005851,2025-02-04 12:41:00,u02443,чат,техническая проблема,1,a07,2025-02-04 14:10:42,2025-02-04 18:27:18,решено,1,
t001294,25.03.2025 01:12,u03117,почта,доступ и пароли,2,a04,2025-03-25 01:27:14,2025-03-25 02:39:44,решено,0,4
t000413,02.02.2025 15:39,u04558,почта,доступ и пароли,1,a18,2025-02-02 16:41:55,2025-02-02 17:06:54,решено,0,
t005589,2025-01-08 08:55:00,u01780,чат,,1,a03,2025-01-08 10:24:00,2025-01-08 14:33:16,решено,0,4
t001906,2025-06-07 07:26:00,u04511,чат,техническая проблема,2,a02,2025-06-07 08:18:42,,в работе,0,
t003137,10.02.2025 11:46,u04423,чат,прочее,2,a05,2025-02-10 13:27:11,2025-02-10 15:41:27,решено,0,
t003916,2025-05-27 05:21:00,u00850,чат,расписание и посещаемость,2,a11,2025-05-27 06:18:09,2025-05-27 11:05:26,решено,0,
t002317,24.02.2025 12:42,u04845,почта,доступ и пароли,2,a11,2025-02-24 12:57:00,2025-02-24 13:46:14,решено,0,
t005608,2025-03-16 18:13:00,u01430,чат,доступ и пароли,2,a10,2025-03-16 18:21:14,2025-03-16 18:35:58,решено,1,5
t002165,2025-04-21 01:05:00,u00485,чат,доступ и пароли,2,a05,2025-04-21 01:59:13,2025-04-21 02:59:38,решено,0,
t001646,2025-01-20 03:17:00,u08405,телефон,доступ и пароли,1,a01,2025-01-20 03:39:48,2025-01-20 04:57:34,решено,1,
t003061,2025-03-27 06:46:00,u07752,телефон,прочее,2,a08,2025-03-27 08:10:31,2025-03-27 10:00:58,решено,0,5
t004318,2025-01-22 13:43:00,u08773,почта,доступ и пароли,2,a01,2025-01-22 13:50:15,2025-01-22 14:09:55,решено,1,
t001632,2025-03-20 08:33:00,u05087,форма,доступ и пароли,3,a02,2025-03-20 08:53:28,2025-03-20 10:10:30,решено,1,
t001674,08.05.2025 10:59,u07711,чат,расписание и посещаемость,3,a18,2025-05-08 11:44:12,2025-05-08 14:21:27,решено,0,
t000443,2025-01-15 19:15:00,u04559,чат,техническая проблема,1,a11,2025-01-15 19:24:51,2025-01-16 07:11:47,решено,0,
t003097,2025-01-19 07:15:00,u06287,телефон,расписание и посещаемость,2,a06,2025-01-19 08:13:30,2025-01-19 13:08:26,решено,0,
t004623,2025-03-24 03:37:00,u01994,почта,"",2,a07,2025-03-24 03:48:55,2025-03-24 04:44:21,решено,0,
t000063,2025-01-03 03:28:00,u04557,чат,доступ и пароли,1,a06,2025-01-03 04:58:56,2025-01-03 07:19:46,решено,0,
t002694,20.05.2025 11:36,u05878,почта,доступ и пароли,1,a03,2025-05-20 12:02:29,2025-05-20 15:01:43,решено,0,
t004907,2025-06-02 18:36:00,u03037,чат,расписание и посещаемость,2,a17,2025-06-02 18:51:31,2025-06-03 01:56:03,решено,0,
t000616,27.02.2025 03:23,u06972,форма,оплата и документы,2,a01,2025-02-27 03:41:24,2025-02-27 17:20:09,решено,0,4
t000562,2025-06-06 05:55:00,u07546,почта,оплата и документы,3,a10,2025-06-06 06:40:43,2025-06-06 10:21:52,решено,0,
t005151,2025-04-09 03:24:00,u01494,телефон,техническая проблема,3,a18,2025-04-09 04:05:01,2025-04-09 09:51:49,решено,0,
t001914,2025-06-08 01:22:00,u04397,почта,техническая проблема,1,a07,2025-06-08 02:18:43,2025-06-08 09:05:21,решено,0,
t002784,24.03.2025 08:13,u08897,чат,техническая проблема,1,a02,2025-03-24 08:33:30,2025-03-25 06:51:15,решено,0,
t003085,2025-05-04 04:42:00,u02259,телефон,прочее,1,a10,2025-05-04 04:48:15,2025-05-04 08:12:02,решено,0,
t003478,2025-03-08 02:35:00,u04083,Чат,прочее,2,a02,2025-03-08 03:35:05,2025-03-08 08:42:54,решено,0,4
t001022,04.01.2025 12:52,u05492,чат,оплата и документы,2,a08,2025-01-04 13:01:34,2025-01-04 17:43:16,решено,0,
t001328,18.05.2025 09:09,u08273,чат,техническая проблема,2,a05,2025-05-18 09:38:53,2025-05-18 12:53:31,решено,0,
t002015,2025-02-15 12:41:00,u04375,чат,доступ и пароли,1,a07,2025-02-15 13:09:31,2025-02-15 13:40:28,решено,0,
t000073,05.04.2025 13:50,u03388,почта,NULL,2,a08,2025-04-05 14:34:37,2025-04-05 18:01:38,решено,0,
t002035,2025-06-18 03:38:00,u08238,телефон,расписание и посещаемость,2,a09,2025-06-18 03:46:03,,в работе,0,
t004228,2025-06-20 03:35:00,u07775,чат,оплата и документы,3,a02,2025-06-20 04:14:22,2025-06-20 06:42:11,решено,0,
t000120,03.06.2025 06:07,u03093,почта,расписание и посещаемость,2,a01,2025-06-03 06:32:37,2025-06-03 08:44:07,решено,0,
t002180,2025-05-26 14:06:00,u05514,чат,расписание и посещаемость,2,a18,2025-05-26 15:05:39,2025-05-26 15:45:37,решено,0,
t002185,2025-02-16 01:04:00,u02941,чат,доступ и пароли,2,a17,2025-02-16 01:08:30,2025-02-16 01:54:06,решено,0,5
t004737,2025-05-23 03:04:00,u03355,форма,оплата и документы,1,a06,2025-05-23 03:26:35,2025-05-23 04:03:06,решено,0,
t002163,18.03.2025 05:00,u05039,чат,доступ и пароли,2,a01,2025-03-18 05:24:05,2025-03-18 06:15:51,решено,0,4
t005146,2025-04-09 09:18:00,u06196,чат,доступ и пароли,2,a12,2025-04-09 09:21:10,2025-04-09 10:51:27,решено,0,
t000070,2025-03-26 01:10:00,u03849,форма,расписание и посещаемость,2,a04,2025-03-26 01:38:33,2025-03-26 08:59:23,решено,1,
t003796,2025-03-17 11:19:00,u06185,почта,техническая проблема,2,a12,2025-03-17 11:44:52,,в работе,0,
t001983,2025-04-17 08:36:00,u02349,телефон,прочее,2,a17,2025-04-17 08:46:45,,в работе,0,
t004683,2025-03-08 01:24:00,u08859,чат,техническая проблема,2,a17,2025-03-08 02:38:10,2025-03-07 00:48:36,решено,0,5
t002159,2025-04-16 10:11:00,u01666,телефон,техническая проблема,2,a10,2025-04-16 10:47:53,2025-04-16 21:07:10,решено,0,
t005847,2025-06-20 05:26:00,u00877,чат,оплата и документы,2,a04,,,новое,0,
t005722,27.06.2025 07:50,u08089,почта,расписание и посещаемость,3,a15,2025-06-27 08:05:01,2025-06-27 10:31:27,решено,0,4
t001641,2025-05-13 11:47:00,u01389,чат,техническая проблема,1,a09,2025-05-13 12:34:28,2025-05-13 17:31:32,решено,0,4
t001861,04.06.2025 07:44,u08407,почта,NULL,1,a08,2025-06-04 08:17:36,2025-06-04 12:11:08,решено,0,
t004096,2025-05-11 05:12:00,u08823,чат,техническая проблема,3,a02,2025-05-11 05:22:48,,в работе,0,
t005252,05.03.2025 08:46,u06709,телефон,"",2,a08,2025-03-05 09:42:43,2025-03-05 10:09:45,решено,0,
t005893,2025-06-08 12:45:00,u05392,чат,техническая проблема,1,a07,2025-06-08 13:00:41,2025-06-08 18:55:58,решено,1,
t004788,2025-01-22 13:02:00,u02341,почта,оплата и документы,3,a08,2025-01-22 13:25:23,2025-01-22 15:49:29,решено,0,
t000392,19.05.2025 06:17,u08088,чат,расписание и посещаемость,2,a01,2025-05-19 06:25:05,2025-05-19 07:22:46,решено,0,4
t004746,03.04.2025 07:10,u03760,телефон,техническая проблема,1,a03,2025-04-03 07:26:55,2025-04-03 23:02:42,решено,0,
t005059,24.04.2025 11:02,u00745,чат,оплата и документы,2,a01,2025-04-24 11:51:48,2025-04-24 13:25:45,решено,0,
t005967,2025-05-23 09:07:00,u08501,чат,расписание и посещаемость,2,a09,2025-05-23 09:47:48,2025-05-23 14:52:59,решено,0,
t001443,05.03.2025 07:41,u05051,чат,доступ и пароли,1,a16,2025-03-05 09:09:50,2025-03-05 10:18:22,решено,0,
t000163,2025-03-21 10:00:00,u00959,чат,доступ и пароли,1,a02,2025-03-21 11:36:48,2025-03-21 11:37:34,решено,0,
t004105,2025-02-18 05:21:00,u08399,чат,прочее,1,a05,2025-02-18 06:16:59,2025-02-18 09:50:14,решено,1,
t005902,02.05.2025 09:11,u07105,телефон,техническая проблема,1,a01,2025-05-02 09:29:33,2025-05-02 22:51:15,решено,0,
t002723,2025-02-13 03:48:00,u06800,почта,доступ и пароли,1,a01,2025-02-13 04:43:33,2025-02-13 06:58:04,решено,0,
t002851,05.02.2025 03:57,u04034,телефон,доступ и пароли,2,a13,2025-02-05 05:21:22,2025-02-05 05:38:30,решено,0,2
t001595,2025-02-19 17:42:00,u07239,почта,доступ и пароли,2,a17,2025-02-19 19:00:44,2025-02-19 20:07:08,решено,0,
t003758,2025-04-04 11:01:00,u04622,чат,техническая проблема,3,a04,2025-04-04 11:26:53,2025-04-04 19:59:29,решено,0,
t002621,2025-02-07 06:40:00,u04349,чат,доступ и пароли,1,a09,2025-02-07 07:44:26,2025-02-07 09:00:49,решено,0,5
t003696,2025-05-22 07:46:00,u02709,чат,техническая проблема,2,a10,2025-05-22 08:46:10,,в работе,0,
t003284,2025-04-20 05:00:00,u08370,чат,расписание и посещаемость,2,a11,2025-04-20 05:01:45,2025-04-20 08:40:18,решено,0,
t001820,18.04.2025 11:55,u02078,чат,расписание и посещаемость,3,a09,2025-04-18 12:02:07,2025-04-18 18:44:47,решено,0,
t003447,2025-03-24 13:06:00,u05655,телефон,доступ и пароли,2,a16,2025-03-24 14:46:15,2025-03-24 15:51:54,решено,1,
t002753,12.06.2025 07:08,u02610,телефон,прочее,1,a06,2025-06-12 07:35:58,2025-06-12 12:07:46,решено,0,
t002593,02.02.2025 09:45,u06948,телефон,доступ и пароли,3,a02,2025-02-02 11:34:04,,в работе,0,4
t005682,2025-02-22 06:50:00,u03091,телефон,прочее,2,a16,2025-02-22 08:15:28,2025-02-22 12:27:54,решено,0,
t000980,07.05.2025 15:03,u08842,телефон,доступ и пароли,2,a04,2025-05-07 15:41:15,2025-05-07 16:45:07,решено,0,
t004555,2025-03-26 02:48:00,u00889,чат,доступ и пароли,2,a12,2025-03-26 02:58:20,2025-03-26 03:43:28,решено,0,
t000593,2025-02-10 14:00:00,u07657,чат,техническая проблема,2,a07,2025-02-10 14:22:07,2025-02-10 18:37:10,решено,0,4
t005399,07.04.2025 06:39,u01954,Чат,оплата и документы,3,a11,2025-04-07 07:17:07,2025-04-07 08:30:17,решено,1,
t004434,2025-05-20 07:11:00,u02464,телефон,техническая проблема,1,a09,2025-05-20 07:15:13,2025-05-20 13:55:47,решено,0,5
t004929,2025-05-20 11:33:00,u07366,чат,оплата и документы,2,a15,2025-05-20 11:35:56,2025-05-20 15:10:46,решено,0,2
t005612,2025-04-06 01:15:00,u08631,чат,прочее,2,a02,2025-04-06 01:44:38,2025-04-06 03:13:58,решено,1,
t000024,14.06.2025 10:42,u02109,чат,расписание и посещаемость,1,a08,2025-06-14 11:10:55,2025-06-14 13:54:03,решено,0,1
t002363,2025-05-23 13:09:00,u01255,чат,оплата и документы,1,a05,2025-05-23 13:51:50,2025-05-23 15:43:50,решено,0,
t002879,24.06.2025 13:04,u03289,телефон,оплата и документы,3,a15,2025-06-24 13:30:44,2025-06-24 16:09:46,решено,0,
t005638,2025-06-19 06:48:00,u03362,почта,оплата и документы,1,a09,2025-06-19 07:02:20,2025-06-19 09:51:47,решено,0,
t004946,2025-05-24 13:10:00,u04891,почта,техническая проблема,2,a06,2025-05-24 13:12:42,2025-05-24 19:14:30,решено,0,
t003464,2025-01-04 01:35:00,u04067,чат,"",1,a01,2025-01-04 01:54:30,2025-01-04 01:59:36,решено,1,
t005515,2025-03-05 09:48:00,u04723,телефон,техническая проблема,1,a12,2025-03-05 11:00:12,2025-03-05 16:27:03,решено,0,
t002274,07.06.2025 05:07,u08204,форма,оплата и документы,3,a06,2025-06-07 05:17:22,2025-06-07 11:16:51,решено,0,
t001101,2025-01-06 14:34:00,u07023,почта,доступ и пароли,2,a03,2025-01-06 16:02:18,2025-01-06 16:14:13,решено,1,
t000463,2025-03-18 03:55:00,u06332,чат,доступ и пароли,2,a12,2025-03-18 04:02:18,2025-03-18 05:23:37,решено,0,2
t002086,2025-03-04 07:09:00,u03449,чат,"",2,a18,2025-03-04 08:36:07,2025-03-04 09:33:38,решено,0,5
t003657,2025-03-05 04:51:00,u05319,форма,доступ и пароли,2,a01,2025-03-05 06:29:58,2025-03-05 06:30:21,решено,0,
t001435,2025-04-20 10:42:00,u05899,телефон,оплата и документы,2,a08,2025-04-20 11:13:34,2025-04-20 13:54:25,решено,0,
t004313,2025-02-07 08:35:00,u04051,почта,оплата и документы,2,a11,2025-02-07 10:07:52,2025-02-07 14:33:26,решено,0,
t004114,2025-06-08 08:59:00,u02387,почта,оплата и документы,2,a15,2025-06-08 09:44:13,2025-06-08 10:57:17,решено,0,
t001290,2025-05-04 05:59:00,u05877,форма,оплата и документы,2,a06,2025-05-04 06:20:50,2025-05-04 15:03:06,решено,0,
t001778,2025-06-19 03:05:00,u04936,чат,техническая проблема,1,a18,2025-06-19 03:18:56,2025-06-19 07:13:53,решено,0,
t002742,2025-03-23 12:21:00,u05508,почта,техническая проблема,1,a01,2025-03-23 13:47:56,2025-03-23 23:23:41,решено,0,
t003594,2025-04-22 03:46:00,u04770,телефон,техническая проблема,3,a07,2025-04-22 04:11:10,2025-04-22 10:55:41,решено,0,
t001823,09.04.2025 04:43,u01526,чат,техническая проблема,2,a08,2025-04-09 05:05:38,2025-04-10 00:24:28,решено,0,
t001961,2025-05-20 15:23:00,u06841,Чат,оплата и документы,1,a17,2025-05-20 15:30:04,2025-05-20 17:51:50,решено,0,
t001143,2025-05-23 06:48:00,u00923,чат,доступ и пароли,3,a12,2025-05-23 07:08:50,2025-05-23 08:38:42,решено,0,4
t002563,2025-05-12 07:00:00,u07743,почта,,1,a11,2025-05-12 07:14:05,2025-05-12 09:24:03,решено,0,
t000449,2025-02-22 12:46:00,u00739,почта,оплата и документы,1,a11,2025-02-22 14:14:11,2025-02-22 15:20:21,решено,0,
t003911,2025-01-18 03:42:00,u04137,чат,оплата и документы,1,a07,2025-01-18 03:50:42,2025-01-18 08:49:04,решено,0,5
t001645,07.03.2025 11:39,u00345,чат,NULL,2,a08,2025-03-07 11:55:51,2025-03-07 13:06:14,решено,0,
t003621,2025-06-18 02:29:00,u05990,чат,расписание и посещаемость,3,a15,2025-06-18 02:46:40,,в работе,0,
t002473,2025-05-03 03:56:00,u08872,чат,техническая проблема,3,a09,2025-05-03 04:03:46,2025-05-03 09:04:56,решено,0,2
t005661,2025-02-25 10:02:00,u03729,телефон,оплата и документы,1,a15,2025-02-25 10:58:57,2025-02-25 13:24:00,решено,0,
t005191,2025-01-21 12:01:00,u02866,чат,доступ и пароли,3,a05,2025-01-21 13:29:31,2025-01-21 15:09:22,решено,0,
t003533,11.01.2025 10:20,u04404,почта,доступ и пароли,3,a14,2025-01-11 10:36:19,2025-01-11 11:30:12,решено,0,3
t004372,2025-05-06 07:27:00,u06841,чат,оплата и документы,2,a18,2025-05-06 08:20:04,2025-05-06 12:42:08,решено,0,
t005486,2025-01-06 09:06:00,u08985,телефон,расписание и посещаемость,2,a01,2025-01-06 09:44:20,2025-01-06 14:25:16,решено,0,
t000442,2025-05-20 10:03:00,u03592,чат,доступ и пароли,3,a12,2025-05-20 10:32:53,,в работе,0,
t000556,04.02.2025 07:09,u01193,чат,доступ и пароли,2,a05,2025-02-04 07:25:44,2025-02-04 08:07:17,решено,0,
t005056,2025-02-24 10:39:00,u06795,чат,доступ и пароли,2,a01,2025-02-24 12:15:30,2025-02-24 12:47:01,решено,0,
t002924,2025-04-07 07:36:00,u04227,чат,прочее,2,a11,2025-04-07 08:25:00,2025-04-07 09:26:38,решено,0,
t000313,2025-03-14 13:24:00,u03631,чат,техническая проблема,3,a02,2025-03-14 13:38:36,2025-03-15 21:45:07,решено,0,
t005980,2025-03-17 01:36:00,u01490,форма,расписание и посещаемость,2,a17,2025-03-17 02:02:24,2025-03-16 02:20:28,решено,0,
t005923,2025-02-11 08:20:00,u08629,почта,доступ и пароли,2,a15,2025-02-11 09:18:22,2025-02-11 10:09:14,решено,0,
t005703,09.02.2025 17:52,u03036,почта,доступ и пароли,2,a13,2025-02-09 18:01:59,2025-02-09 19:20:36,решено,0,
t000774,2025-05-07 15:07:00,u04254,чат,доступ и пароли,1,a01,2025-05-07 15:09:01,2025-05-07 16:43:23,решено,0,
t002063,24.01.2025 06:43,u02185,телефон,доступ и пароли,2,a02,2025-01-24 06:45:46,2025-01-24 10:32:49,решено,0,
t000062,2025-03-02 10:29:00,u06453,почта,расписание и посещаемость,2,a03,2025-03-02 11:59:52,,в работе,1,
t005503,2025-06-10 03:21:00,u08414,Чат,техническая проблема,1,a02,2025-06-10 04:20:13,2025-06-10 15:05:26,решено,0,
t004923,2025-03-01 04:07:00,u08955,чат,доступ и пароли,2,a18,2025-03-01 05:55:27,2025-03-01 06:31:09,решено,0,
t000770,2025-06-22 06:55:00,u07822,почта,прочее,3,a05,2025-06-22 07:39:24,2025-06-22 09:38:00,решено,0,1
t001831,2025-03-24 09:58:00,u07124,почта,доступ и пароли,2,a04,2025-03-24 10:15:54,2025-03-24 10:19:26,решено,0,
t002606,2025-05-06 01:16:00,u02805,почта,доступ и пароли,3,a10,2025-05-06 02:08:31,2025-05-06 02:13:40,решено,0,5
t002455,11.01.2025 05:37,u05306,почта,оплата и документы,3,a09,2025-01-11 06:43:38,2025-01-11 14:54:18,решено,0,
t005415,2025-04-20 12:27:00,u07787,форма,оплата и документы,2,a01,2025-04-20 12:56:41,2025-04-20 14:12:32,решено,0,
t004731,2025-03-13 07:03:00,u01670,почта,оплата и документы,3,a12,2025-03-13 07:58:00,2025-03-13 09:13:23,решено,0,
t002873,2025-04-21 01:39:00,u07293,чат,оплата и документы,2,a09,2025-04-21 02:08:29,2025-04-21 04:02:35,решено,0,
t004643,2025-01-14 08:37:00,u01114,чат,доступ и пароли,3,a01,2025-01-14 08:56:02,2025-01-14 09:55:45,решено,0,
t004123,20.02.2025 06:28,u04340,чат,доступ и пароли,3,a01,2025-02-20 07:43:29,2025-02-20 07:54:29,решено,1,
t002114,2025-04-06 12:47:00,u03856,чат,доступ и пароли,2,a04,2025-04-06 13:15:30,2025-04-06 13:39:19,решено,0,
t002000,03.01.2025 04:51,u06978,чат,доступ и пароли,2,a13,2025-01-03 06:25:12,2025-01-03 06:41:45,решено,0,
t003050,06.03.2025 04:00,u03184,почта,доступ и пароли,2,a18,2025-03-06 04:57:09,2025-03-06 05:03:40,решено,0,
t002201,2025-06-06 06:34:00,u03919,чат,доступ и пароли,2,a15,2025-06-06 06:45:49,2025-06-06 07:00:10,решено,0,
t003766,2025-03-08 14:33:00,u00167,телефон,оплата и документы,3,a10,2025-03-08 14:59:30,2025-03-08 18:30:34,решено,1,3
t002914,2025-04-20 13:16:00,u05993,чат,оплата и документы,3,a05,2025-04-20 13:31:46,2025-04-20 14:45:50,решено,0,1
t004747,2025-01-20 12:16:00,u05366,чат,доступ и пароли,2,a01,2025-01-20 13:53:42,2025-01-20 14:50:37,решено,0,
t000926,2025-03-19 04:31:00,u08202,Чат,доступ и пароли,2,a12,2025-03-19 05:57:41,2025-03-19 06:20:31,решено,0,
t005442,2025-01-25 14:33:00,u05805,форма,доступ и пароли,1,a12,2025-01-25 15:58:54,2025-01-25 17:09:32,решено,0,
t004892,2025-05-24 01:56:00,u00428,чат,доступ и пароли,2,a10,2025-05-24 02:51:22,2025-05-24 08:00:32,решено,0,
t001039,2025-05-26 10:05:00,u08280,форма,расписание и посещаемость,2,a12,2025-05-26 10:11:05,2025-05-25 09:52:29,решено,0,
t004516,07.04.2025 05:31,u06737,Чат,доступ и пароли,2,a01,2025-04-07 05:36:25,2025-04-07 08:56:56,решено,0,
t005352,21.02.2025 04:37,u00668,чат,прочее,1,a08,2025-02-21 05:50:40,2025-02-21 11:28:18,решено,0,
t002875,2025-03-20 20:51:00,u02701,форма,расписание и посещаемость,2,a03,2025-03-20 21:48:27,2025-03-21 01:48:08,решено,0,
t004738,2025-06-02 10:58:00,u02200,форма,доступ и пароли,1,a17,2025-06-02 11:37:16,,в работе,0,5
t004373,09.04.2025 01:55,u00847,форма,доступ и пароли,3,a09,2025-04-09 01:57:25,2025-04-09 03:37:33,решено,0,5
t004658,09.04.2025 02:26,u01676,телефон,оплата и документы,1,a03,2025-04-09 02:27:26,2025-04-09 07:48:00,решено,0,
t004863,2025-02-13 13:57:00,u08677,почта,доступ и пароли,2,a18,,,новое,0,
t000528,2025-03-22 08:27:00,u00010,чат,доступ и пароли,3,a17,2025-03-22 09:59:30,2025-03-22 10:29:56,решено,0,
t004056,2025-05-12 10:54:00,u05116,форма,доступ и пароли,2,a18,2025-05-12 10:59:44,2025-05-12 13:49:36,решено,0,5
t002356,2025-02-26 10:11:00,u02446,почта,доступ и пароли,2,a12,2025-02-26 10:24:15,2025-02-26 15:23:25,решено,0,
t002482,2025-06-25 05:11:00,u08463,чат,оплата и документы,2,a18,2025-06-25 05:21:00,2025-06-25 11:15:00,решено,0,
t000127,2025-06-24 17:06:00,u01869,почта,оплата и документы,1,a03,2025-06-24 17:23:41,2025-06-24 21:25:38,решено,0,
t000740,2025-02-24 03:19:00,u01714,почта,доступ и пароли,3,a15,2025-02-24 04:29:04,2025-02-24 04:57:08,решено,0,
t003423,17.01.2025 11:43,u01439,форма,доступ и пароли,2,a11,2025-01-17 13:20:29,2025-01-17 14:24:09,решено,0,
t005069,27.02.2025 03:03,u04684,почта,оплата и документы,2,a01,2025-02-27 03:39:10,2025-02-27 08:52:29,решено,0,
t001011,2025-06-16 01:31:00,u06689,почта,техническая проблема,2,a03,,,новое,0,
t005470,24.04.2025 09:28,u01934,чат,оплата и документы,2,a18,2025-04-24 09:32:46,2025-04-24 13:57:14,решено,0,
t003823,03.02.2025 05:32,u03405,почта,расписание и посещаемость,3,a04,2025-02-03 05:37:29,2025-02-03 10:24:28,решено,0,
t000378,2025-06-19 07:25:00,u06137,чат,прочее,3,a17,2025-06-19 07:31:40,2025-06-19 11:46:28,решено,0,
t002967,2025-02-19 13:21:00,u01872,почта,доступ и пароли,2,a02,2025-02-19 14:30:25,2025-02-19 18:12:22,решено,0,
t000567,2025-02-06 05:52:00,u02965,телефон,доступ и пароли,3,a05,2025-02-06 06:06:04,2025-02-06 07:02:48,решено,0,
t000354,24.03.2025 05:35,u04979,почта,оплата и документы,3,a07,2025-03-24 05:57:15,2025-03-24 08:15:00,решено,1,
t005997,2025-01-07 14:12:00,u00956,телефон,доступ и пароли,1,a12,2025-01-07 15:12:47,2025-01-07 15:36:37,решено,0,
t004200,2025-06-19 06:07:00,u05515,чат,,2,a03,2025-06-19 07:09:00,2025-06-19 07:31:44,решено,0,
t004375,18.05.2025 11:00,u01018,чат,расписание и посещаемость,2,a05,2025-05-18 11:19:25,2025-05-18 15:20:15,решено,0,
t004598,2025-04-02 05:45:00,u04978,почта,техническая проблема,1,a06,2025-04-02 06:11:26,2025-04-02 11:08:30,решено,0,
t000630,2025-01-10 11:27:00,u02267,почта,оплата и документы,1,a07,2025-01-10 12:39:16,2025-01-10 14:55:27,решено,0,4
t001136,04.03.2025 11:04,u05466,чат,прочее,2,a02,2025-03-04 12:26:29,2025-03-04 14:31:06,решено,1,
t002624,2025-05-04 14:37:00,u02548,почта,NULL,1,a08,2025-05-04 15:28:06,2025-05-04 17:26:12,решено,0,
t005598,15.04.2025 08:08,u02358,почта,доступ и пароли,1,a05,2025-04-15 08:16:36,2025-04-15 08:33:35,решено,0,
t002436,2025-01-04 01:15:00,u01186,чат,доступ и пароли,1,a11,2025-01-04 01:29:05,2025-01-04 02:36:00,решено,0,
t001944,2025-06-24 08:42:00,u00344,чат,оплата и документы,2,a03,2025-06-24 09:29:40,2025-06-24 10:23:07,решено,0,
t002965,02.04.2025 01:25,u05325,чат,техническая проблема,1,a11,2025-04-02 01:47:48,2025-04-02 07:25:05,решено,0,
t000692,2025-02-08 13:11:00,u06077,почта,расписание и посещаемость,3,a03,2025-02-08 13:19:42,2025-02-08 22:07:46,решено,0,
t002096,2025-06-24 10:14:00,u05670,телефон,расписание и посещаемость,2,a15,2025-06-24 10:57:08,2025-06-24 13:08:11,решено,0,
t000470,2025-06-12 01:24:00,u01137,форма,прочее,2,a16,2025-06-12 02:06:45,2025-06-12 08:27:22,решено,0,
t001525,05.06.2025 09:41,u03774,почта,расписание и посещаемость,1,a08,2025-06-05 09:50:23,,в работе,0,
t003461,06.02.2025 07:19,u03998,телефон,прочее,2,a02,2025-02-06 07:45:08,2025-02-06 14:55:21,решено,0,
t004225,2025-05-25 06:35:00,u05315,чат,техническая проблема,1,a16,2025-05-25 06:49:50,2025-05-25 14:28:17,решено,0,
t003273,05.04.2025 17:12,u05901,почта,оплата и документы,2,a18,2025-04-05 17:19:15,2025-04-05 18:19:26,решено,0,
t001713,2025-02-20 13:12:00,u00695,почта,доступ и пароли,2,a13,2025-02-20 14:42:52,2025-02-20 15:08:33,решено,0,
t001124,2025-02-14 02:21:00,u01173,чат,доступ и пароли,2,a15,2025-02-14 02:27:29,2025-02-14 03:15:49,решено,0,
t005093,2025-01-14 14:53:00,u06113,Чат,доступ и пароли,2,a13,2025-01-14 16:11:16,2025-01-14 19:10:34,решено,0,2
t005420,09.04.2025 14:03,u00519,почта,доступ и пароли,1,a01,2025-04-09 14:06:55,2025-04-09 15:42:35,решено,0,
t005454,2025-02-17 08:15:00,u00028,форма,оплата и документы,2,a06,2025-02-17 09:54:07,2025-02-17 10:43:47,решено,0,
t004961,2025-02-21 09:24:00,u05551,телефон,оплата и документы,3,a09,2025-02-21 10:48:17,2025-02-21 12:01:09,решено,0,3
t004624,19.04.2025 04:04,u08488,чат,техническая проблема,1,a04,2025-04-19 04:33:31,2025-04-20 03:01:42,решено,0,
t004679,10.04.2025 03:49,u00496,форма,доступ и пароли,3,a11,2025-04-10 03:55:44,2025-04-10 04:27:41,решено,0,4
t005706,2025-01-19 05:10:00,u02901,почта,доступ и пароли,2,a04,2025-01-19 05:26:40,2025-01-19 06:08:39,решено,0,5
t001366,2025-03-05 02:13:00,u00959,почта,доступ и пароли,1,a15,2025-03-05 03:30:12,2025-03-05 06:29:02,решено,0,
t001724,21.04.2025 09:44,u04608,почта,,2,a10,2025-04-21 10:02:23,,в работе,0,
t002330,2025-02-03 11:28:00,u02989,чат,доступ и пароли,3,a11,2025-02-03 11:51:16,2025-02-03 12:33:14,решено,0,3
t000273,2025-03-07 02:31:00,u07613,телефон,оплата и документы,2,a09,2025-03-07 04:13:02,2025-03-07 07:04:03,решено,0,5
t005577,2025-06-04 02:30:00,u06298,почта,оплата и документы,2,a08,2025-06-04 03:01:33,2025-06-04 06:46:28,решено,0,
t005405,05.03.2025 04:06,u02239,чат,оплата и документы,1,a01,2025-03-05 04:35:55,2025-03-05 12:52:46,решено,1,
t003520,2025-01-07 16:38:00,u05366,чат,оплата и документы,1,a12,2025-01-07 17:51:52,2025-01-08 13:04:24,решено,0,
t004173,24.02.2025 14:01,u07744,чат,доступ и пароли,1,a11,2025-02-24 15:34:28,2025-02-24 16:21:30,решено,0,
t000266,08.06.2025 08:29,u00643,форма,доступ и пароли,2,a15,2025-06-08 09:33:40,,в работе,0,
t005122,2025-03-21 12:59:00,u08890,чат,расписание и посещаемость,2,a01,2025-03-21 13:30:18,2025-03-21 18:43:51,решено,0,
t003342,2025-01-21 08:33:00,u07801,телефон,прочее,3,a02,2025-01-21 08:46:16,2025-01-21 12:06:30,решено,0,
t005657,2025-06-05 08:04:00,u06327,форма,прочее,2,a09,2025-06-05 09:08:11,2025-06-05 09:20:29,решено,0,
t003625,06.05.2025 05:13,u07419,чат,оплата и документы,2,a04,2025-05-06 05:37:38,2025-05-06 09:40:08,решено,0,
t001397,13.04.2025 10:55,u03660,чат,техническая проблема,1,a01,2025-04-13 11:45:18,2025-04-13 22:09:39,решено,1,
t001153,13.01.2025 13:01,u03121,почта,доступ и пароли,3,a14,2025-01-13 13:52:16,2025-01-13 14:23:42,решено,0,
t000512,22.01.2025 10:06,u01497,чат,оплата и документы,1,a14,2025-01-22 10:38:49,2025-01-22 13:10:10,решено,0,5
t005041,2025-06-06 05:12:00,u01608,чат,техническая проблема,3,a16,2025-06-06 05:15:26,2025-06-06 15:10:43,решено,0,
t005842,02.03.2025 09:05,u08806,чат,,3,a06,2025-03-02 10:49:21,2025-03-02 14:46:19,решено,0,
t000568,2025-06-10 07:15:00,u04618,почта,оплата и документы,2,a15,2025-06-10 07:24:30,,в работе,1,
t005312,2025-04-19 02:31:00,u03922,почта,оплата и документы,1,a05,2025-04-19 03:13:47,2025-04-19 03:52:15,решено,0,3
t000461,2025-06-02 09:13:00,u03334,чат,прочее,3,a12,2025-06-02 09:39:06,2025-06-02 18:29:37,решено,0,5
t002240,2025-01-07 06:06:00,u03140,телефон,"",1,a04,2025-01-07 06:12:04,2025-01-07 07:24:49,решено,0,
t000707,2025-04-15 16:50:00,u08229,телефон,прочее,2,a03,2025-04-15 17:42:03,2025-04-15 20:26:00,решено,0,
t004298,26.01.2025 19:01,u03587,чат,доступ и пароли,2,a12,2025-01-26 19:21:12,2025-01-26 23:12:38,закрыто без ответа,0,
t001216,02.02.2025 02:25,u01698,форма,доступ и пароли,2,a09,2025-02-02 02:30:40,2025-02-02 03:32:54,решено,0,4
t001403,2025-03-03 06:30:00,u06055,почта,расписание и посещаемость,1,a17,2025-03-03 08:04:48,2025-03-03 12:27:26,решено,0,
t005064,2025-03-20 03:47:00,u08809,форма,прочее,2,a08,2025-03-20 05:25:46,2025-03-20 15:42:22,решено,0,1
t003999,2025-05-26 08:28:00,u07958,телефон,техническая проблема,1,a11,2025-05-26 08:45:30,2025-05-26 09:54:16,решено,0,
t000093,2025-05-03 08:12:00,u04019,чат,техническая проблема,2,a04,2025-05-03 08:37:19,,в работе,0,
t002237,2025-04-20 12:38:00,u06315,Чат,оплата и документы,3,a15,2025-04-20 13:07:52,2025-04-21 11:14:53,решено,0,
t001069,20.01.2025 06:34,u01617,чат,доступ и пароли,2,a04,2025-01-20 06:57:09,2025-01-20 07:19:48,решено,0,4
t002738,24.06.2025 13:08,u05013,чат,NULL,2,a04,2025-06-24 13:35:03,2025-06-23 12:53:30,решено,1,
t005418,2025-01-11 02:01:00,u05097,чат,доступ и пароли,2,a03,2025-01-11 02:28:59,,в работе,0,
t004893,27.05.2025 02:53,u03411,чат,техническая проблема,1,a11,2025-05-27 03:05:34,2025-05-27 08:12:39,решено,0,
t000753,2025-02-03 11:08:00,u04845,Чат,расписание и посещаемость,2,a18,2025-02-03 12:44:38,2025-02-03 15:49:58,решено,0,
t001385,2025-02-17 04:28:00,u03167,почта,доступ и пароли,3,a15,2025-02-17 05:32:39,2025-02-17 08:21:35,решено,0,
t005791,2025-06-06 12:01:00,u02137,чат,оплата и документы,1,a18,2025-06-06 12:09:30,2025-06-06 19:15:13,решено,0,
t001684,2025-03-24 09:10:00,u04979,почта,техническая проблема,1,a11,2025-03-24 10:10:24,2025-03-24 22:25:55,решено,1,
t005400,2025-04-12 12:37:00,u01294,почта,расписание и посещаемость,2,a11,2025-04-12 13:26:57,2025-04-12 14:13:24,решено,0,
t004362,2025-05-19 07:10:00,u00597,телефон,оплата и документы,2,a16,2025-05-19 07:37:49,2025-05-19 13:41:34,решено,0,
t000288,2025-02-02 16:31:00,u06456,почта,доступ и пароли,2,a11,2025-02-02 16:40:52,2025-02-02 17:20:58,решено,0,
t005071,2025-02-16 05:24:00,u08651,почта,доступ и пароли,2,a11,2025-02-16 06:41:26,2025-02-16 07:20:10,решено,0,
t005120,02.04.2025 14:01,u04222,чат,расписание и посещаемость,2,a03,2025-04-02 14:27:58,2025-04-02 15:54:30,решено,0,
t003507,2025-06-25 10:21:00,u01631,почта,оплата и документы,2,a02,2025-06-25 10:26:17,2025-06-25 14:28:40,решено,0,
t004590,2025-05-24 04:05:00,u00053,форма,техническая проблема,1,a02,2025-05-24 04:10:22,2025-05-24 10:34:30,закрыто без ответа,0,
t003963,2025-02-14 09:48:00,u07946,почта,прочее,2,a10,2025-02-14 10:01:16,2025-02-14 17:12:36,решено,0,2
t005730,2025-05-07 08:47:00,u05155,чат,доступ и пароли,2,a17,2025-05-07 09:01:17,2025-05-07 13:15:12,решено,0,
t005529,02.04.2025 06:27,u02045,телефон,NULL,1,a11,2025-04-02 06:32:16,2025-04-02 07:52:42,решено,0,
t004040,2025-03-03 12:21:00,u04416,почта,доступ и пароли,2,a18,2025-03-03 13:40:21,2025-03-03 14:01:58,решено,0,
t001484,23.05.2025 09:17,u02474,чат,расписание и посещаемость,2,a03,2025-05-23 10:15:24,2025-05-23 16:00:14,решено,0,
t001513,2025-06-11 11:27:00,u08577,почта,расписание и посещаемость,2,a18,2025-06-11 11:42:51,2025-06-11 14:30:50,решено,0,
t005416,2025-02-14 15:07:00,u00999,почта,прочее,2,a11,2025-02-14 16:04:57,2025-02-14 16:22:44,решено,0,3
t001767,2025-05-18 07:08:00,u03531,почта,оплата и документы,1,a01,2025-05-18 07:44:01,2025-05-18 12:55:28,решено,0,
t003367,03.04.2025 09:04,u04691,чат,оплата и документы,2,a08,2025-04-03 09:05:56,2025-04-03 13:59:28,решено,0,
t003106,04.03.2025 14:04,u03020,почта,доступ и пароли,2,a18,2025-03-04 15:16:27,2025-03-04 16:06:04,решено,0,
t003669,21.03.2025 05:14,u04280,чат,доступ и пароли,2,a16,2025-03-21 06:05:54,2025-03-21 06:56:42,решено,0,5
t002614,2025-01-22 08:29:00,u00950,почта,прочее,1,a14,2025-01-22 08:43:20,2025-01-22 14:28:45,решено,0,
t001622,05.03.2025 13:34,u04789,почта,доступ и пароли,3,a04,2025-03-05 14:50:46,2025-03-05 16:07:05,решено,0,
t003829,2025-04-19 13:20:00,u03687,чат,доступ и пароли,1,a11,2025-04-19 13:32:11,2025-04-19 14:21:54,решено,0,
t005105,20.02.2025 03:15,u02089,почта,доступ и пароли,1,a09,2025-02-20 04:47:23,2025-02-20 04:55:14,решено,0,
t002477,2025-05-02 09:07:00,u08303,Чат,прочее,1,a17,2025-05-02 09:08:38,2025-05-02 15:06:45,решено,0,
t002444,2025-06-05 05:33:00,u04880,телефон,доступ и пароли,3,a09,2025-06-05 06:17:37,2025-06-05 08:29:48,решено,0,
t005201,2025-05-07 11:09:00,u03592,телефон,доступ и пароли,2,a05,2025-05-07 11:15:51,2025-05-07 12:20:34,решено,0,
t002079,2025-06-13 08:22:00,u03807,чат,оплата и документы,2,a04,2025-06-13 08:45:47,2025-06-13 11:18:27,закрыто без ответа,0,
t005382,21.03.2025 03:32,u06545,чат,техническая проблема,3,a18,2025-03-21 04:16:13,2025-03-21 12:03:28,решено,1,5
t002335,02.06.2025 03:16,u04442,почта,оплата и документы,2,a18,2025-06-02 03:24:53,2025-06-02 04:59:41,решено,0,
t003695,2025-06-25 09:31:00,u03431,телефон,оплата и документы,1,a05,2025-06-25 09:33:11,2025-06-25 12:21:16,закрыто без ответа,0,
t005008,2025-04-18 08:40:00,u00055,Чат,,2,a17,2025-04-18 09:01:02,2025-04-18 10:14:49,решено,0,
t001515,2025-03-24 07:25:00,u07124,телефон,доступ и пароли,1,a01,2025-03-24 07:29:23,2025-03-24 08:01:48,решено,0,3
t005707,2025-01-06 11:05:00,u01645,чат,доступ и пароли,2,a01,2025-01-06 12:29:09,2025-01-06 15:05:19,решено,0,4
t004324,2025-04-03 07:08:00,u06495,почта,доступ и пароли,2,a04,2025-04-03 08:05:56,2025-04-03 08:55:02,решено,0,
t000237,23.05.2025 11:40,u00720,форма,доступ и пароли,3,a01,2025-05-23 12:06:12,2025-05-23 12:56:27,решено,0,
t004626,2025-03-25 14:04:00,u02145,почта,доступ и пароли,3,a05,2025-03-25 15:40:36,2025-03-25 16:08:37,решено,0,
t005469,2025-03-09 13:51:00,u02415,чат,доступ и пароли,2,a07,2025-03-09 13:56:12,2025-03-09 16:16:26,решено,0,
t004894,21.03.2025 08:12,u01639,телефон,оплата и документы,3,a06,2025-03-21 08:15:04,2025-03-21 15:11:37,решено,0,5
t005774,22.06.2025 05:45,u04899,чат,техническая проблема,1,a16,2025-06-22 06:08:09,2025-06-22 08:56:51,решено,0,
t005078,2025-06-23 02:06:00,u04458,чат,прочее,3,a07,2025-06-23 02:14:46,2025-06-23 05:10:37,решено,0,
t002261,2025-04-24 04:49:00,u01865,почта,оплата и документы,2,a12,2025-04-24 05:17:09,2025-04-24 18:04:19,решено,0,
t003636,2025-04-04 10:05:00,u07823,телефон,оплата и документы,2,a11,2025-04-04 10:18:40,2025-04-04 19:29:03,решено,0,5
t003089,14.01.2025 06:06,u02471,форма,оплата и документы,1,a06,2025-01-14 06:25:56,2025-01-14 10:11:13,закрыто без ответа,0,4
t000877,2025-05-22 19:34:00,u07375,Чат,доступ и пароли,1,a08,2025-05-22 20:24:23,2025-05-22 21:02:02,решено,0,
t001254,2025-03-07 09:56:00,u06072,почта,оплата и документы,2,a10,2025-03-07 11:34:03,2025-03-07 13:26:07,решено,0,4
t005326,2025-03-08 06:27:00,u04685,форма,расписание и посещаемость,2,a07,2025-03-08 06:29:48,2025-03-08 10:30:50,решено,0,
t003146,05.01.2025 02:26,u06662,почта,доступ и пароли,1,a14,2025-01-05 03:46:53,2025-01-05 06:38:55,решено,0,
t001873,18.06.2025 05:20,u02344,почта,оплата и документы,2,a04,2025-06-18 05:24:02,2025-06-18 08:03:06,решено,0,
t003363,2025-04-01 06:34:00,u06877,почта,техническая проблема,2,a16,2025-04-01 07:32:33,,в работе,0,
t000832,2025-02-05 13:25:00,u07528,чат,оплата и документы,1,a03,2025-02-05 13:31:54,2025-02-05 16:10:41,решено,0,
t001417,2025-04-24 08:48:00,u07392,форма,доступ и пароли,2,a01,2025-04-24 09:15:57,2025-04-24 10:29:11,решено,0,
t003689,2025-05-21 04:41:00,u02562,форма,оплата и документы,1,a18,2025-05-21 04:58:49,2025-05-21 06:02:51,решено,0,
t004989,27.05.2025 08:35,u00423,почта,NULL,1,a03,2025-05-27 08:50:15,2025-05-27 11:25:59,решено,1,
t003219,2025-05-11 12:59:00,u05153,чат,оплата и документы,2,a02,2025-05-11 13:58:24,2025-05-11 17:20:57,решено,0,
t002255,2025-03-19 03:10:00,u05948,почта,доступ и пароли,2,a17,2025-03-19 03:36:46,2025-03-19 04:24:18,решено,0,
t004971,21.01.2025 01:19,u06625,телефон,техническая проблема,1,a05,2025-01-21 01:48:19,2025-01-21 07:34:52,решено,0,
t005940,05.05.2025 11:49,u04001,чат,техническая проблема,3,a02,2025-05-05 12:09:23,,в работе,0,
t004050,2025-03-24 06:29:00,u07904,чат,техническая проблема,2,a15,2025-03-24 07:26:27,2025-03-24 14:13:49,решено,0,
t003522,2025-05-04 03:28:00,u07366,чат,оплата и документы,3,a15,2025-05-04 03:50:46,2025-05-04 05:51:02,решено,0,
t000783,2025-06-21 04:50:00,u03612,форма,расписание и посещаемость,1,a03,2025-06-21 05:01:02,2025-06-21 08:58:13,решено,0,
t005137,04.05.2025 13:40,u03818,чат,доступ и пароли,3,a11,2025-05-04 13:50:45,2025-05-04 14:50:59,решено,0,
t001467,13.03.2025 11:21,u00153,чат,доступ и пароли,1,a11,2025-03-13 11:46:36,2025-03-13 13:14:39,решено,0,
t003307,2025-04-03 18:47:00,u01640,форма,расписание и посещаемость,3,a16,2025-04-03 19:13:27,2025-04-03 21:00:40,решено,0,
t002076,2025-03-21 07:38:00,u08459,почта,доступ и пароли,2,a17,2025-03-21 08:06:10,2025-03-21 10:13:53,решено,0,
t002727,19.02.2025 05:54,u03405,телефон,доступ и пароли,1,a11,2025-02-19 05:56:52,2025-02-19 06:46:52,решено,0,
t005833,2025-04-19 05:18:00,u01851,чат,расписание и посещаемость,2,a18,2025-04-19 05:20:46,2025-04-19 12:36:53,решено,1,
t005221,21.02.2025 03:00,u08624,форма,доступ и пароли,2,a11,2025-02-21 04:03:08,2025-02-21 07:04:47,решено,0,
t005380,2025-05-17 03:32:00,u06232,чат,прочее,3,a16,2025-05-17 04:02:44,2025-05-17 07:32:13,решено,0,
t003934,2025-03-02 08:54:00,u02852,чат,доступ и пароли,2,a05,2025-03-02 10:30:23,2025-03-02 11:20:07,решено,0,
t004310,2025-03-17 04:34:00,u07435,телефон,оплата и документы,2,a04,2025-03-17 06:02:29,2025-03-17 10:00:11,решено,0,5
t004876,2025-03-13 09:08:00,u07407,чат,оплата и документы,2,a08,2025-03-13 10:37:17,2025-03-13 10:51:55,решено,0,
t004371,2025-02-19 13:47:00,u06705,форма,расписание и посещаемость,2,a07,2025-02-19 14:10:11,2025-02-19 16:46:25,решено,0,
t001408,01.04.2025 09:30,u05873,чат,техническая проблема,3,a08,2025-04-01 09:38:56,2025-04-02 16:38:37,решено,0,
t000260,2025-01-22 07:45:00,u00560,чат,оплата и документы,2,a07,2025-01-22 07:56:17,2025-01-22 09:15:20,решено,0,
t003374,2025-04-25 19:10:00,u02849,чат,оплата и документы,3,a06,2025-04-25 19:13:02,2025-04-25 22:47:30,решено,0,
t003482,2025-02-11 04:54:00,u01744,чат,доступ и пароли,3,a05,2025-02-11 06:05:48,2025-02-11 07:38:18,решено,0,
t001359,2025-06-24 11:01:00,u02683,телефон,расписание и посещаемость,1,a02,2025-06-24 11:24:35,2025-06-24 14:06:37,решено,0,
t000165,2025-05-05 11:04:00,u08444,телефон,техническая проблема,3,a05,2025-05-05 11:30:57,,в работе,0,
t000946,2025-04-11 10:44:00,u04171,чат,доступ и пароли,2,a12,2025-04-11 10:46:36,2025-04-11 11:23:09,решено,0,
t005946,22.05.2025 16:24,u07090,почта,расписание и посещаемость,2,a08,2025-05-22 16:42:08,2025-05-22 19:44:24,решено,0,
t000384,18.05.2025 13:08,u03015,чат,доступ и пароли,2,a12,2025-05-18 13:16:09,2025-05-18 14:43:15,решено,0,
t001360,2025-02-12 01:30:00,u04709,форма,техническая проблема,1,a01,2025-02-12 01:45:09,2025-02-13 01:10:12,решено,0,
t004170,2025-04-19 04:41:00,u08458,чат,техническая проблема,2,a10,2025-04-19 04:59:05,2025-04-19 13:56:19,решено,0,
t001962,17.06.2025 08:12,u05258,чат,оплата и документы,2,a05,2025-06-17 08:21:52,2025-06-17 11:43:23,решено,0,
t002232,2025-03-23 13:17:00,u00627,чат,оплата и документы,2,a16,2025-03-23 14:13:36,2025-03-23 17:50:37,решено,0,
t005269,2025-01-07 11:24:00,u00942,почта,техническая проблема,3,a06,2025-01-07 12:45:46,2025-01-07 18:03:01,решено,0,
t000292,2025-02-19 01:59:00,u06050,чат,техническая проблема,3,a14,2025-02-19 02:28:05,2025-02-19 13:59:02,решено,0,
t003154,2025-01-03 12:40:00,u00422,чат,расписание и посещаемость,1,a07,2025-01-03 13:47:30,2025-01-03 14:02:14,решено,0,
t002638,05.06.2025 12:29,u03147,телефон,техническая проблема,1,a09,2025-06-05 13:26:13,2025-06-05 19:02:07,решено,0,
t004993,2025-04-19 13:09:00,u05762,почта,техническая проблема,2,a03,2025-04-19 13:17:10,2025-04-19 20:27:57,решено,0,
t003899,26.05.2025 06:19,u01441,почта,оплата и документы,3,a18,2025-05-26 06:33:26,2025-05-26 11:40:59,решено,0,
t000953,2025-05-02 12:39:00,u03023,телефон,техническая проблема,2,a03,2025-05-02 13:20:52,2025-05-02 19:41:23,решено,0,
t003730,24.02.2025 14:32,u07570,чат,"",1,a05,2025-02-24 15:55:56,2025-02-24 18:17:50,решено,0,5
t002691,2025-05-08 08:30:00,u07774,чат,"",1,a16,2025-05-08 09:16:44,2025-05-08 12:02:00,решено,0,
t003536,2025-01-18 06:58:00,u00401,телефон,доступ и пароли,2,a08,2025-01-18 08:11:01,2025-01-18 08:41:58,решено,0,
t004545,21.05.2025 13:08,u08556,телефон,доступ и пароли,2,a03,2025-05-21 13:43:24,2025-05-21 14:54:01,решено,0,
t000044,2025-04-02 01:10:00,u04113,чат,доступ и пароли,2,a04,2025-04-02 01:20:29,,в работе,0,
t001607,2025-04-14 16:01:00,u06005,чат,техническая проблема,1,a12,2025-04-14 16:14:07,2025-04-15 10:51:03,решено,0,
t005130,20.06.2025 06:34,u08061,форма,оплата и документы,1,a06,2025-06-20 06:59:15,2025-06-20 14:30:40,решено,0,
t002546,2025-02-04 13:03:00,u07040,телефон,доступ и пароли,2,a06,2025-02-04 14:46:26,2025-02-04 14:56:04,решено,0,4
t004329,2025-06-26 05:23:00,u02422,почта,расписание и посещаемость,2,a01,2025-06-26 06:23:53,2025-06-26 16:30:12,решено,0,
t005621,20.04.2025 01:31,u03504,почта,расписание и посещаемость,2,a05,2025-04-20 01:50:02,2025-04-20 05:13:19,решено,0,
t004529,2025-03-27 09:54:00,u03607,почта,доступ и пароли,2,a03,,,новое,0,
t003690,2025-04-18 12:42:00,u00517,телефон,техническая проблема,1,a09,2025-04-18 12:52:42,2025-04-18 17:35:55,решено,0,
t003634,07.06.2025 01:00,u03220,почта,расписание и посещаемость,1,a01,2025-06-07 01:56:27,,в работе,0,
t004767,2025-06-11 03:31:00,u06171,чат,доступ и пароли,1,a01,2025-06-11 03:58:20,2025-06-11 05:03:06,решено,0,
t005850,04.06.2025 02:28,u01271,чат,NULL,3,a06,2025-06-04 02:36:23,2025-06-04 03:26:07,решено,0,
t000355,2025-01-01 11:49:00,u04439,чат,техническая проблема,3,a11,2025-01-01 12:55:54,2025-01-01 15:14:31,решено,0,4
t002385,07.05.2025 04:21,u08273,чат,расписание и посещаемость,2,a16,2025-05-07 05:13:07,2025-05-07 08:42:42,решено,0,
t002266,2025-05-06 11:50:00,u06027,чат,оплата и документы,2,a06,2025-05-06 11:55:19,2025-05-06 14:52:49,решено,0,
t005366,2025-01-07 01:34:00,u03433,телефон,техническая проблема,2,a07,2025-01-07 01:53:35,2025-01-07 12:58:55,решено,0,
t002992,16.02.2025 01:02,u05522,чат,доступ и пароли,3,a04,2025-02-16 02:17:16,2025-02-16 03:08:13,решено,1,5
t004485,2025-02-05 08:19:00,u06983,чат,доступ и пароли,1,a17,2025-02-05 10:07:12,2025-02-05 12:07:59,закрыто без ответа,0,5
t004085,2025-04-06 05:08:00,u07504,чат,расписание и посещаемость,2,a12,2025-04-06 05:20:28,2025-04-06 10:29:14,решено,0,
t000801,2025-03-24 01:35:00,u07615,форма,доступ и пароли,2,a12,2025-03-24 02:51:33,2025-03-24 05:35:06,решено,0,3
t005790,2025-02-13 06:59:00,u08705,чат,доступ и пароли,3,a04,2025-02-13 07:56:30,2025-02-13 08:23:34,решено,0,5
t001496,2025-02-20 04:59:00,u06884,чат,доступ и пароли,2,a01,2025-02-20 05:02:27,2025-02-20 05:32:56,решено,0,
t003078,2025-03-24 07:47:00,u04513,чат,оплата и документы,2,a02,2025-03-24 07:49:38,2025-03-24 11:56:49,решено,0,3
t005504,2025-06-13 03:19:00,u03244,чат,расписание и посещаемость,2,a12,2025-06-13 03:21:15,2025-06-13 04:20:17,решено,0,
t001659,12.02.2025 12:51,u04495,чат,доступ и пароли,3,a14,2025-02-12 13:01:06,2025-02-12 13:54:31,решено,0,
t000454,2025-02-04 05:35:00,u00772,чат,техническая проблема,1,a09,2025-02-04 05:57:39,2025-02-06 22:20:48,решено,0,3
t000477,2025-01-11 06:46:00,u03349,Чат,доступ и пароли,2,a06,2025-01-11 07:54:26,2025-01-11 07:58:53,решено,0,5
t002466,2025-04-22 13:09:00,u07495,телефон,оплата и документы,1,a11,2025-04-22 13:39:10,2025-04-22 15:12:31,решено,0,
t003124,2025-03-12 11:13:00,u00885,форма,доступ и пароли,2,a10,2025-03-12 12:48:31,2025-03-12 13:51:00,решено,0,
t002393,2025-05-05 11:53:00,u00078,чат,расписание и посещаемость,2,a07,2025-05-05 12:00:45,2025-05-05 16:38:59,решено,0,
t002937,2025-03-18 09:45:00,u04864,телефон,прочее,2,a06,2025-03-18 10:11:08,2025-03-18 21:41:29,решено,0,
t001854,2025-03-17 14:37:00,u06185,телефон,доступ и пароли,2,a01,2025-03-17 16:09:43,2025-03-17 16:13:11,решено,0,
t001810,2025-02-20 08:22:00,u03659,чат,прочее,3,a02,2025-02-20 09:37:38,2025-02-20 15:40:58,решено,0,
t001995,2025-05-01 11:37:00,u06052,телефон,техническая проблема,1,a02,2025-05-01 11:46:02,2025-05-01 20:14:08,решено,0,
t000698,2025-05-02 03:59:00,u08408,телефон,оплата и документы,1,a16,2025-05-02 04:18:24,2025-05-02 10:56:31,решено,0,4
t002395,2025-03-20 13:10:00,u02701,чат,доступ и пароли,2,a06,2025-03-20 13:25:55,2025-03-20 14:46:42,решено,0,
t004901,2025-02-01 08:56:00,u05068,форма,"",2,a16,2025-02-01 10:10:08,2025-02-01 13:25:32,решено,0,
t004574,2025-04-12 06:39:00,u05344,телефон,оплата и документы,1,a16,2025-04-12 07:03:19,2025-04-12 09:24:16,решено,0,
t005570,19.03.2025 05:48,u06269,форма,доступ и пароли,1,a18,2025-03-19 06:47:57,2025-03-19 07:03:25,решено,0,
t004093,2025-04-06 07:17:00,u04176,телефон,техническая проблема,3,a15,2025-04-06 07:41:05,2025-04-07 13:26:29,решено,0,
t005465,2025-04-12 11:16:00,u03227,чат,оплата и документы,1,a02,2025-04-12 11:39:45,2025-04-12 17:40:41,решено,0,
t000452,23.05.2025 10:29,u06921,чат,прочее,1,a07,2025-05-23 10:52:11,2025-05-23 15:08:09,решено,0,
t003300,2025-06-06 03:10:00,u08483,чат,оплата и документы,2,a16,2025-06-06 03:40:35,2025-06-06 04:28:15,решено,0,
t005042,2025-05-05 02:55:00,u07967,телефон,техническая проблема,2,a07,2025-05-05 03:53:08,2025-05-05 04:45:43,решено,0,
t000391,2025-02-10 05:14:00,u01747,почта,доступ и пароли,2,a14,2025-02-10 05:29:27,2025-02-10 06:06:05,решено,0,
t005131,2025-06-07 04:12:00,u07602,Чат,техническая проблема,1,a02,2025-06-07 05:01:41,2025-06-07 18:18:07,решено,0,
t002755,19.02.2025 07:02,u03793,форма,оплата и документы,2,a03,2025-02-19 07:12:19,2025-02-19 10:52:14,решено,0,
t003415,05.05.2025 17:00,u08418,чат,техническая проблема,3,a04,2025-05-05 17:55:05,2025-05-06 02:33:39,решено,0,
t005193,2025-02-19 11:10:00,u08480,чат,оплата и документы,3,a10,2025-02-19 12:25:42,2025-02-18 11:02:01,решено,0,5
t000721,2025-05-20 07:22:00,u01514,чат,расписание и посещаемость,3,a01,2025-05-20 07:32:35,2025-05-20 09:29:34,решено,0,
t001614,24.02.2025 18:28,u01013,Чат,расписание и посещаемость,2,a15,2025-02-24 18:52:48,2025-02-25 08:54:38,решено,0,5
t004775,02.01.2025 07:55,u06372,чат,,3,a10,2025-01-02 09:19:18,2025-01-02 12:33:04,решено,0,
t001619,2025-03-16 10:11:00,u04778,почта,доступ и пароли,2,a04,2025-03-16 10:23:19,2025-03-16 11:14:20,закрыто без ответа,0,
t002228,2025-03-04 07:33:00,u02238,чат,"",1,a16,2025-03-04 08:25:56,2025-03-04 08:44:47,решено,0,4
t000836,25.06.2025 10:41,u08279,чат,прочее,2,a02,2025-06-25 10:45:09,2025-06-25 15:47:01,решено,0,
t002319,07.03.2025 08:46,u02042,чат,NULL,2,a05,2025-03-07 10:29:03,2025-03-07 12:29:50,решено,0,
t000334,2025-05-02 15:44:00,u03023,телефон,прочее,1,a16,,,новое,0,
t000853,2025-01-04 16:47:00,u01270,телефон,расписание и посещаемость,2,a07,2025-01-04 17:07:40,2025-01-04 19:51:51,решено,1,
t005332,17.03.2025 05:53,u07545,телефон,прочее,3,a17,2025-03-17 06:04:07,2025-03-17 14:21:50,решено,0,5
t001702,2025-04-12 09:11:00,u05501,форма,,2,a17,2025-04-12 09:19:17,2025-04-12 11:49:27,решено,0,
t003643,2025-01-19 14:53:00,u06565,почта,оплата и документы,2,a04,2025-01-19 16:15:42,2025-01-20 03:29:45,решено,0,
t005210,2025-03-04 07:55:00,u02877,чат,расписание и посещаемость,2,a06,2025-03-04 08:58:21,2025-03-04 19:15:32,решено,0,
t001652,2025-04-08 03:15:00,u02437,форма,"",1,a15,2025-04-08 03:31:30,2025-04-08 05:16:25,решено,0,4
t003252,2025-05-13 03:16:00,u00873,форма,расписание и посещаемость,2,a01,2025-05-13 03:39:50,2025-05-13 07:31:16,решено,0,
t002864,2025-06-21 02:41:00,u01576,чат,доступ и пароли,3,a17,2025-06-21 03:03:58,2025-06-21 03:30:33,решено,0,
t002211,13.02.2025 09:52,u06499,чат,"",2,a06,2025-02-13 11:27:25,2025-02-13 11:42:36,решено,0,5
t001431,2025-04-05 06:40:00,u06811,Чат,техническая проблема,2,a12,2025-04-05 07:05:21,2025-04-04 05:59:06,решено,0,
t005913,2025-04-25 05:54:00,u08038,телефон,техническая проблема,1,a01,2025-04-25 06:15:10,2025-04-25 14:00:57,решено,0,
t000760,2025-01-19 12:35:00,u07429,почта,оплата и документы,3,a04,2025-01-19 12:45:26,2025-01-19 14:35:02,решено,0,
t001788,2025-06-02 09:01:00,u04936,почта,техническая проблема,3,a01,2025-06-02 09:48:40,2025-06-02 13:20:17,решено,0,
t003437,2025-02-21 11:43:00,u05404,чат,доступ и пароли,2,a09,2025-02-21 12:12:47,2025-02-21 12:35:27,решено,0,
t002241,03.04.2025 13:01,u03413,чат,расписание и посещаемость,2,a16,2025-04-03 13:02:25,2025-04-03 17:56:14,решено,0,
t003575,2025-01-11 10:28:00,u06827,телефон,оплата и документы,2,a07,2025-01-11 10:50:57,2025-01-10 09:30:32,решено,0,
t000479,2025-01-06 10:09:00,u07927,почта,расписание и посещаемость,1,a04,2025-01-06 10:12:54,2025-01-06 13:27:53,решено,0,
t002408,05.02.2025 13:11,u04433,чат,доступ и пароли,2,a01,2025-02-05 13:23:26,2025-02-05 15:10:28,решено,0,
t000944,22.04.2025 13:28,u03957,телефон,оплата и документы,2,a11,2025-04-22 13:33:46,,в работе,0,
t005452,2025-04-18 09:19:00,u07461,телефон,техническая проблема,1,a15,2025-04-18 09:33:23,2025-04-19 15:10:45,решено,0,
t004233,2025-06-06 03:57:00,u08754,чат,расписание и посещаемость,2,a17,2025-06-06 04:46:29,2025-06-06 07:03:05,решено,1,
t003548,2025-03-07 04:01:00,u08662,почта,расписание и посещаемость,2,a18,2025-03-07 05:38:45,2025-03-07 08:40:50,решено,0,
t002956,2025-01-14 02:28:00,u00613,почта,оплата и документы,2,a13,2025-01-14 02:56:34,2025-01-14 03:17:50,решено,0,
t002241,03.04.2025 13:01,u03413,чат,расписание и посещаемость,2,a16,2025-04-03 13:02:25,2025-04-03 17:56:14,решено,0,
t001031,2025-04-04 02:42:00,u02373,чат,оплата и документы,2,a01,2025-04-04 02:52:13,2025-04-04 07:57:37,решено,0,
t002387,2025-01-14 07:58:00,u00930,почта,доступ и пароли,2,a05,2025-01-14 08:54:51,2025-01-14 08:56:49,решено,0,5
t001051,2025-05-18 12:41:00,u03531,чат,доступ и пароли,2,a10,2025-05-18 13:08:20,2025-05-18 14:23:55,решено,0,
t005538,2025-01-03 03:20:00,u07026,чат,доступ и пароли,2,a03,2025-01-03 03:48:42,2025-01-03 03:57:09,решено,0,
t005316,2025-02-04 15:31:00,u01159,чат,доступ и пароли,3,a03,2025-02-04 16:52:33,2025-02-04 17:03:38,решено,0,
t001354,2025-06-03 09:21:00,u02778,чат,расписание и посещаемость,2,a18,2025-06-03 09:31:42,2025-06-03 11:24:01,решено,0,
t003772,02.06.2025 09:00,u08333,телефон,расписание и посещаемость,1,a04,2025-06-02 10:02:47,2025-06-02 11:17:01,решено,1,
t000818,2025-02-20 11:00:00,u03767,почта,техническая проблема,1,a04,2025-02-20 11:07:06,2025-02-21 01:57:44,решено,0,2
t000186,2025-06-08 01:17:00,u07885,почта,оплата и документы,3,a05,2025-06-08 02:04:11,2025-06-08 05:16:31,решено,0,
t004078,02.03.2025 03:15,u03630,форма,доступ и пароли,2,a11,2025-03-02 04:30:02,2025-03-02 06:42:56,решено,0,5
t004381,2025-03-07 07:01:00,u04993,форма,"",3,a15,2025-03-07 08:24:14,2025-03-07 09:14:07,решено,0,
t005239,2025-02-19 10:25:00,u07239,чат,доступ и пароли,3,a14,2025-02-19 11:35:17,2025-02-19 11:59:59,решено,0,
t004183,2025-06-04 07:42:00,u06564,чат,расписание и посещаемость,2,a12,2025-06-04 07:57:41,2025-06-04 12:36:56,решено,0,
t000172,2025-02-26 17:55:00,u03902,чат,доступ и пароли,2,a12,2025-02-26 19:45:22,2025-02-26 19:54:23,решено,0,4
t002947,24.04.2025 03:22,u03723,почта,доступ и пароли,2,a05,2025-04-24 03:36:48,2025-04-24 05:01:28,решено,0,5
t004157,03.01.2025 03:25,u02168,телефон,расписание и посещаемость,3,a05,2025-01-03 03:52:42,2025-01-03 11:43:39,решено,0,5
t004410,2025-05-16 03:44:00,u00688,почта,оплата и документы,3,a10,2025-05-16 03:53:04,2025-05-16 08:18:06,решено,0,
t002529,2025-03-07 05:40:00,u04825,почта,доступ и пароли,1,a04,2025-03-07 06:07:21,2025-03-07 07:01:53,решено,0,
t000184,2025-03-22 05:15:00,u00410,чат,доступ и пароли,2,a17,2025-03-22 06:05:52,2025-03-22 06:15:04,решено,0,
t002183,2025-06-02 10:40:00,u01379,чат,техническая проблема,2,a12,2025-06-02 10:43:19,2025-06-02 21:48:53,решено,0,
t001450,20.04.2025 05:26,u07787,чат,прочее,2,a05,2025-04-20 05:50:19,2025-04-20 06:38:26,решено,0,
t005037,05.06.2025 18:04,u03813,почта,доступ и пароли,3,a04,2025-06-05 18:23:45,2025-06-05 19:54:47,решено,0,
t003115,2025-05-05 02:36:00,u08987,телефон,оплата и документы,1,a16,2025-05-05 02:43:19,2025-05-05 06:36:05,решено,0,
t002447,2025-05-08 10:21:00,u04117,чат,доступ и пароли,3,a18,2025-05-08 10:27:40,2025-05-08 11:12:58,решено,0,
t000040,2025-04-22 02:29:00,u08915,чат,техническая проблема,1,a01,2025-04-22 03:26:00,2025-04-22 07:32:01,решено,0,
t000982,2025-03-07 11:51:00,u03886,чат,техническая проблема,1,a18,2025-03-07 12:55:20,2025-03-07 20:07:17,решено,0,
t001722,24.06.2025 09:38,u05118,почта,доступ и пароли,1,a17,2025-06-24 09:44:11,2025-06-24 10:51:37,решено,0,
t001618,2025-04-02 11:49:00,u07184,почта,техническая проблема,1,a18,2025-04-02 12:26:24,2025-04-02 22:34:44,решено,0,
t003295,21.06.2025 11:03,u08820,телефон,оплата и документы,1,a18,2025-06-21 11:49:41,2025-06-21 22:46:52,решено,1,
t001963,2025-01-27 11:32:00,u01900,телефон,доступ и пароли,2,a12,2025-01-27 12:28:38,2025-01-27 14:07:37,решено,0,
t001210,2025-05-23 14:02:00,u08123,чат,доступ и пароли,3,a06,2025-05-23 14:05:42,2025-05-23 15:10:51,решено,1,
t000830,09.03.2025 07:12,u08376,чат,доступ и пароли,3,a17,2025-03-09 08:31:47,2025-03-09 08:36:28,закрыто без ответа,0,5
t002644,2025-03-24 07:38:00,u08514,форма,расписание и посещаемость,2,a08,2025-03-24 07:49:23,2025-03-24 14:58:02,решено,0,
t001057,2025-06-13 16:40:00,u07690,форма,доступ и пароли,2,a08,2025-06-13 17:10:34,2025-06-13 17:32:57,решено,0,
t002082,2025-06-14 19:23:00,u03584,телефон,оплата и документы,2,a11,2025-06-14 19:49:55,2025-06-15 05:14:53,решено,0,
t005942,2025-02-01 12:48:00,u04561,чат,расписание и посещаемость,1,a16,2025-02-01 12:54:01,,в работе,0,
t002275,2025-03-02 02:02:00,u05953,форма,доступ и пароли,1,a01,2025-03-02 03:42:41,2025-03-02 04:48:17,решено,0,5
t000046,2025-02-10 18:14:00,u00453,чат,техническая проблема,1,a07,2025-02-10 20:04:31,2025-02-10 23:28:38,решено,0,
t005916,04.02.2025 09:02,u03793,телефон,расписание и посещаемость,2,a11,2025-02-04 10:03:56,2025-02-04 17:59:55,закрыто без ответа,0,1
t003608,2025-03-05 12:50:00,u04115,форма,прочее,2,a10,2025-03-05 13:14:00,2025-03-05 17:46:59,решено,0,
t004909,04.05.2025 06:18,u06301,телефон,расписание и посещаемость,1,a16,2025-05-04 06:23:25,2025-05-04 09:09:07,закрыто без ответа,0,
t002669,2025-05-22 14:01:00,u04181,почта,техническая проблема,1,a16,2025-05-22 14:23:34,2025-05-22 19:55:42,решено,0,
t000026,2025-04-02 02:53:00,u00733,чат,расписание и посещаемость,3,a15,2025-04-02 03:05:08,2025-04-02 05:57:06,решено,0,
t000306,2025-04-13 01:39:00,u00962,чат,"",2,a03,2025-04-13 01:47:36,2025-04-13 03:38:44,решено,0,
t003952,2025-04-07 04:28:00,u06809,Чат,оплата и документы,3,a12,2025-04-07 04:31:10,2025-04-07 07:10:32,решено,0,
t001620,2025-02-15 14:00:00,u04136,форма,расписание и посещаемость,2,a02,2025-02-15 15:50:31,2025-02-15 17:42:35,решено,0,
t000745,2025-04-02 12:12:00,u07833,чат,расписание и посещаемость,2,a01,2025-04-02 12:27:09,2025-04-02 14:20:11,решено,0,
t003212,2025-01-19 14:08:00,u06397,почта,техническая проблема,1,a12,2025-01-19 15:20:51,2025-01-20 21:04:57,решено,0,
t000521,19.01.2025 09:14,u05342,почта,доступ и пароли,1,a03,2025-01-19 09:43:45,2025-01-19 10:16:37,решено,0,1
t000282,14.05.2025 09:07,u08076,форма,доступ и пароли,3,a12,2025-05-14 09:16:27,2025-05-14 10:17:14,решено,0,5
t000586,18.05.2025 06:39,u04402,чат,оплата и документы,1,a01,2025-05-18 07:00:39,2025-05-18 14:35:03,решено,0,
t001658,2025-06-21 02:50:00,u06333,форма,доступ и пароли,2,a12,2025-06-21 03:16:45,2025-06-21 05:07:51,решено,0,
t004389,2025-06-07 09:42:00,u07248,форма,техническая проблема,1,a05,2025-06-07 09:48:49,2025-06-08 02:44:16,решено,0,
t002763,2025-02-23 12:47:00,u06644,Чат,доступ и пароли,2,a14,2025-02-23 14:21:20,2025-02-23 14:58:25,решено,0,2
t001459,22.02.2025 01:05,u01159,чат,доступ и пароли,2,a11,2025-02-22 02:29:09,2025-02-22 04:03:23,решено,0,2
t005823,2025-02-24 13:41:00,u06119,чат,расписание и посещаемость,1,a17,2025-02-24 14:41:57,2025-02-24 16:01:06,решено,0,5
t003801,2025-01-10 03:51:00,u05407,Чат,доступ и пароли,1,a14,2025-01-10 04:52:40,2025-01-10 08:09:05,решено,0,
t003048,2025-01-26 08:05:00,u01041,чат,доступ и пароли,3,a06,2025-01-26 08:24:23,2025-01-26 10:24:03,решено,0,5
t005168,20.04.2025 12:14,u03386,чат,оплата и документы,2,a05,2025-04-20 12:54:27,2025-04-20 16:25:24,решено,0,
t005498,04.01.2025 10:54,u03596,телефон,расписание и посещаемость,2,a02,2025-01-04 11:10:53,2025-01-04 12:51:45,решено,0,
t005494,2025-04-19 11:45:00,u06175,чат,,3,a01,2025-04-19 11:54:33,,в работе,1,
t004860,11.01.2025 10:28,u05681,чат,расписание и посещаемость,3,a04,2025-01-11 10:55:10,2025-01-11 14:18:29,решено,0,5
t003683,2025-06-08 07:56:00,u00276,телефон,оплата и документы,1,a12,2025-06-08 08:39:16,2025-06-08 12:39:28,решено,0,
t004358,07.05.2025 13:18,u01052,почта,техническая проблема,1,a15,2025-05-07 13:27:55,2025-05-07 19:41:09,решено,0,
t002442,2025-06-23 03:39:00,u05942,почта,техническая проблема,1,a01,2025-06-23 03:52:34,2025-06-23 10:16:24,решено,0,
t005334,02.01.2025 07:31,u02804,чат,расписание и посещаемость,1,a01,2025-01-02 09:04:30,2025-01-02 16:03:37,решено,0,2
t002126,2025-05-23 07:53:00,u05251,Чат,техническая проблема,3,a05,2025-05-23 07:56:35,,в работе,0,
t004634,2025-04-04 07:29:00,u02373,форма,техническая проблема,3,a15,2025-04-04 08:01:45,2025-04-04 11:07:24,решено,0,
t005087,2025-06-22 05:32:00,u03145,почта,прочее,3,a17,2025-06-22 05:50:00,2025-06-22 09:21:53,решено,0,
t005610,18.03.2025 05:32,u05953,чат,"",2,a18,2025-03-18 06:59:20,2025-03-18 07:55:09,решено,0,4
t003159,2025-03-07 10:58:00,u05295,почта,доступ и пароли,1,a17,2025-03-07 12:27:03,2025-03-07 13:08:37,решено,0,
t005478,2025-06-03 14:37:00,u05284,чат,техническая проблема,2,a01,2025-06-03 14:47:34,2025-06-03 18:28:18,решено,0,
t002675,2025-05-11 01:11:00,u05569,чат,техническая проблема,1,a18,2025-05-11 01:16:06,2025-05-11 12:09:34,решено,0,
t004433,09.04.2025 07:20,u01676,почта,доступ и пароли,1,a17,2025-04-09 07:39:56,2025-04-09 08:06:20,решено,0,
t001186,2025-06-18 08:22:00,u03424,чат,доступ и пароли,1,a07,2025-06-18 09:19:19,2025-06-18 09:59:09,решено,0,
t001214,2025-06-20 15:22:00,u06298,почта,техническая проблема,3,a11,2025-06-20 15:46:15,2025-06-21 00:01:24,решено,1,
t001296,08.05.2025 08:48,u05904,форма,доступ и пароли,2,a10,2025-05-08 09:03:24,2025-05-08 11:46:24,решено,0,
t003894,23.04.2025 08:44,u07646,телефон,оплата и документы,2,a02,2025-04-23 09:18:50,2025-04-23 12:49:37,решено,0,5
t005390,2025-02-12 05:20:00,u05271,форма,прочее,1,a12,2025-02-12 05:23:37,2025-02-12 08:39:31,решено,0,
t004834,02.03.2025 02:26,u03082,чат,"",3,a15,2025-03-02 02:42:44,2025-03-02 03:13:56,решено,0,
t003584,2025-06-09 07:15:00,u06202,почта,техническая проблема,1,a11,2025-06-09 07:27:49,2025-06-09 12:43:59,решено,0,
t000557,2025-05-18 13:09:00,u06897,чат,техническая проблема,1,a06,2025-05-18 13:49:51,2025-05-18 18:54:19,решено,0,
t001156,2025-02-18 07:49:00,u01167,телефон,NULL,2,a12,2025-02-18 07:55:50,2025-02-18 11:58:08,решено,0,
t000939,2025-01-07 01:39:00,u05001,телефон,,1,a05,2025-01-07 03:26:00,2025-01-07 04:52:41,решено,0,
t000234,2025-01-02 05:38:00,u03114,телефон,доступ и пароли,2,a04,2025-01-02 06:02:34,2025-01-02 07:08:22,решено,0,1
t001551,2025-02-02 12:37:00,u06459,чат,оплата и документы,1,a10,2025-02-02 13:41:46,2025-02-02 15:36:43,решено,0,5
t003470,2025-06-13 04:11:00,u07692,чат,"",1,a12,2025-06-13 04:57:57,2025-06-13 06:47:33,решено,0,
t003129,2025-02-05 13:29:00,u03614,телефон,доступ и пароли,2,a11,2025-02-05 13:34:19,2025-02-05 15:37:40,решено,0,4
t005327,2025-03-06 01:30:00,u01039,чат,доступ и пароли,1,a02,2025-03-06 02:36:25,2025-03-06 02:42:18,решено,0,5
t005987,2025-02-21 08:32:00,u01295,чат,доступ и пароли,2,a05,2025-02-21 10:14:21,2025-02-21 10:29:36,решено,0,
t003877,2025-03-08 07:02:00,u04685,почта,оплата и документы,2,a02,2025-03-08 08:24:06,2025-03-08 09:33:25,решено,0,3
t004597,2025-01-01 07:33:00,u01147,чат,расписание и посещаемость,2,a04,2025-01-01 08:50:30,2025-01-01 19:41:16,закрыто без ответа,0,
t005288,2025-02-02 09:23:00,u03211,чат,техническая проблема,2,a11,2025-02-02 09:48:52,2025-02-02 14:42:55,решено,0,2
t002205,2025-02-17 02:50:00,u03982,почта,техническая проблема,1,a15,2025-02-17 02:58:10,2025-02-18 06:35:42,решено,0,3
t004319,2025-05-07 02:49:00,u01947,почта,доступ и пароли,2,a08,2025-05-07 03:34:23,,в работе,0,5
t004512,22.06.2025 06:34,u00677,Чат,расписание и посещаемость,2,a08,2025-06-22 06:35:55,,в работе,0,
t001827,2025-05-07 04:33:00,u08929,почта,расписание и посещаемость,1,a07,2025-05-07 05:12:33,2025-05-07 06:32:31,решено,0,
t005026,2025-02-20 11:32:00,u07533,чат,техническая проблема,1,a07,2025-02-20 11:48:45,2025-02-20 23:36:12,решено,0,
t001870,2025-05-26 13:15:00,u08280,телефон,доступ и пароли,3,a02,2025-05-26 13:30:13,2025-05-26 14:00:14,решено,0,
t000761,2025-05-20 10:58:00,u05828,почта,расписание и посещаемость,2,a15,2025-05-20 11:09:45,2025-05-20 12:08:51,решено,0,
t004941,20.05.2025 13:45,u05383,почта,доступ и пароли,2,a05,2025-05-20 13:49:15,2025-05-20 16:10:41,решено,0,
t005802,25.06.2025 12:23,u04476,почта,доступ и пароли,1,a17,2025-06-25 13:04:56,2025-06-25 13:26:30,решено,1,4
t000230,2025-02-25 13:04:00,u02706,чат,расписание и посещаемость,1,a17,2025-02-25 13:11:06,2025-02-25 15:27:59,закрыто без ответа,0,5
t003606,2025-06-22 04:57:00,u05488,чат,оплата и документы,2,a15,2025-06-22 05:31:00,,в работе,0,
t004490,2025-02-23 11:31:00,u07311,чат,доступ и пароли,3,a02,2025-02-23 12:47:47,2025-02-23 15:07:26,решено,0,
t005646,2025-05-02 04:06:00,u04250,чат,доступ и пароли,1,a03,2025-05-02 04:25:25,2025-05-02 04:37:17,решено,0,
t003209,2025-01-23 12:04:00,u00775,чат,доступ и пароли,2,a11,2025-01-23 12:31:31,2025-01-23 14:10:45,решено,0,
t004583,2025-06-16 07:45:00,u03188,чат,расписание и посещаемость,2,a01,2025-06-16 08:07:34,2025-06-16 16:29:02,решено,1,
t003111,2025-06-02 02:50:00,u07233,форма,оплата и документы,2,a16,2025-06-02 03:03:06,2025-06-02 07:55:13,решено,0,
t005789,2025-05-06 03:41:00,u07644,чат,"",1,a06,2025-05-06 04:11:07,2025-05-06 05:22:54,решено,0,
t004140,2025-06-24 01:42:00,u01796,почта,"",1,a05,2025-06-24 01:44:18,2025-06-24 04:31:02,решено,0,4
t005898,2025-05-05 10:28:00,u08563,почта,расписание и посещаемость,2,a01,2025-05-05 11:13:50,2025-05-05 15:18:48,решено,0,
t005952,2025-05-15 11:09:00,u02858,чат,оплата и документы,2,a16,2025-05-15 11:25:11,2025-05-15 13:27:41,решено,1,
t000949,2025-02-15 08:05:00,u02476,чат,доступ и пароли,3,a07,2025-02-15 08:13:56,2025-02-15 09:01:48,решено,0,
t004236,2025-05-18 10:41:00,u03015,телефон,расписание и посещаемость,2,a05,2025-05-18 10:43:45,2025-05-18 15:07:36,решено,0,
t004756,2025-01-22 07:02:00,u05115,чат,доступ и пароли,2,a14,2025-01-22 07:28:06,2025-01-22 07:54:35,решено,0,
t004525,2025-06-22 08:28:00,u02190,Чат,оплата и документы,3,a15,2025-06-22 08:41:43,2025-06-22 09:29:26,решено,0,
t000189,02.06.2025 08:26,u02166,чат,расписание и посещаемость,2,a05,2025-06-02 09:23:05,2025-06-02 11:54:14,решено,0,
t004843,2025-02-10 10:34:00,u04423,форма,техническая проблема,2,a10,2025-02-10 11:31:58,2025-02-10 17:51:01,решено,0,
t003743,2025-04-02 08:48:00,u02108,чат,оплата и документы,1,a16,2025-04-02 08:58:35,2025-04-02 10:41:14,решено,0,
t002808,2025-04-21 03:04:00,u04324,телефон,оплата и документы,3,a12,2025-04-21 03:23:55,2025-04-21 10:20:07,решено,0,
t004700,2025-06-21 10:16:00,u06333,почта,техническая проблема,2,a17,2025-06-21 10:45:51,2025-06-21 17:17:10,решено,0,
t003812,2025-03-15 14:47:00,u04517,чат,доступ и пароли,1,a12,2025-03-15 15:54:56,2025-03-15 16:47:27,решено,0,
t004194,2025-05-18 01:30:00,u03620,чат,расписание и посещаемость,3,a17,2025-05-18 01:32:25,2025-05-18 03:07:10,решено,0,
t005083,2025-01-20 03:13:00,u06492,почта,доступ и пароли,2,a14,2025-01-20 04:06:24,2025-01-20 04:16:09,решено,0,
t004243,2025-03-01 12:04:00,u06136,почта,оплата и документы,1,a16,,,новое,0,
t000358,2025-04-02 13:11:00,u05014,почта,техническая проблема,1,a03,2025-04-02 13:30:33,2025-04-02 17:24:28,решено,0,
t003528,2025-03-07 03:29:00,u08420,почта,доступ и пароли,2,a03,2025-03-07 04:53:31,2025-03-07 07:23:00,решено,0,
t000455,2025-05-22 09:24:00,u04956,чат,доступ и пароли,2,a09,2025-05-22 09:28:37,2025-05-22 10:26:07,решено,0,
t001279,2025-03-21 05:42:00,u08200,чат,оплата и документы,1,a12,2025-03-21 06:28:23,2025-03-21 08:22:05,решено,0,2
t000977,11.01.2025 07:40,u01390,почта,оплата и документы,3,a06,2025-01-11 07:46:32,2025-01-11 10:59:57,решено,0,
t003561,2025-03-21 12:56:00,u06779,почта,расписание и посещаемость,2,a12,2025-03-21 13:00:25,2025-03-21 17:23:54,решено,0,
t000375,25.06.2025 08:53,u04476,чат,техническая проблема,2,a16,2025-06-25 09:01:41,2025-06-25 11:07:19,решено,0,5
t002522,22.05.2025 13:06,u04675,почта,расписание и посещаемость,2,a12,2025-05-22 13:15:55,2025-05-22 15:07:40,решено,0,
t005043,2025-06-27 15:04:00,u05500,чат,,3,a18,2025-06-27 15:18:28,2025-06-28 07:15:50,решено,0,
t002951,2025-04-02 14:43:00,u03871,почта,,1,a06,2025-04-02 15:39:21,2025-04-02 17:13:53,решено,0,
t001321,2025-03-06 07:11:00,u03471,чат,доступ и пароли,3,a12,2025-03-06 08:39:11,2025-03-06 10:01:27,решено,0,5
t001118,01.02.2025 05:11,u01892,чат,доступ и пароли,2,a09,2025-02-01 06:52:16,2025-02-01 07:43:51,решено,0,
t003930,03.03.2025 12:31,u08042,чат,доступ и пароли,1,a07,2025-03-03 14:09:32,2025-03-03 15:33:49,решено,0,
t004380,2025-06-02 03:23:00,u00382,чат,расписание и посещаемость,3,a02,2025-06-02 03:44:49,2025-06-02 11:20:34,решено,0,
t002629,2025-06-18 02:33:00,u06755,чат,доступ и пароли,2,a11,2025-06-18 03:28:18,2025-06-18 04:31:40,решено,0,4
t003435,14.02.2025 02:35,u07087,почта,доступ и пароли,3,a11,2025-02-14 04:04:08,2025-02-14 04:16:02,решено,0,
t001110,22.05.2025 14:29,u08144,чат,оплата и документы,2,a15,2025-05-22 14:55:53,2025-05-23 02:31:22,решено,0,
t001779,2025-04-20 10:27:00,u04242,чат,оплата и документы,1,a10,2025-04-20 10:39:19,2025-04-20 12:09:40,решено,1,
t001695,2025-01-04 11:18:00,u07479,чат,техническая проблема,2,a12,2025-01-04 12:49:41,2025-01-04 19:49:00,решено,0,
t000978,2025-03-07 13:34:00,u07634,чат,оплата и документы,2,a06,2025-03-07 13:49:00,2025-03-07 15:11:37,решено,0,5
t004427,13.03.2025 02:42,u04350,телефон,расписание и посещаемость,2,a09,2025-03-13 03:58:08,2025-03-13 07:04:00,решено,0,
t002902,2025-03-02 09:29:00,u01838,телефон,доступ и пароли,3,a06,,,новое,0,
t005623,2025-04-06 10:06:00,u01811,почта,техническая проблема,1,a09,2025-04-06 10:53:12,2025-04-06 18:14:58,решено,0,
t005693,2025-01-24 05:08:00,u07179,чат,доступ и пароли,1,a11,2025-01-24 05:33:45,2025-01-24 06:10:29,решено,0,
t003604,2025-02-05 09:28:00,u06054,телефон,доступ и пароли,2,a01,2025-02-05 09:44:30,2025-02-05 10:37:11,решено,0,5
t000684,20.06.2025 09:12,u03822,почта,расписание и посещаемость,3,a01,2025-06-20 09:41:10,2025-06-20 16:59:36,решено,0,
t000780,2025-04-12 04:28:00,u04808,почта,техническая проблема,1,a01,2025-04-12 04:29:04,2025-04-13 01:03:27,решено,0,
t005075,10.05.2025 08:43,u07337,почта,расписание и посещаемость,1,a18,2025-05-10 08:45:05,2025-05-09 08:15:35,решено,0,
t000240,08.01.2025 09:20,u06444,почта,доступ и пароли,2,a10,2025-01-08 11:11:27,2025-01-08 11:52:55,решено,1,
t003268,2025-04-06 09:40:00,u06349,чат,техническая проблема,2,a04,2025-04-06 09:45:30,2025-04-07 00:53:43,решено,0,4
t005497,18.02.2025 09:31,u03174,форма,расписание и посещаемость,1,a15,2025-02-18 11:22:30,2025-02-18 12:37:20,решено,0,
t004120,2025-04-25 08:12:00,u05775,телефон,прочее,2,a09,2025-04-25 08:28:33,,в работе,0,
t001787,2025-03-24 04:32:00,u04541,чат,доступ и пароли,2,a02,2025-03-24 04:38:36,2025-03-24 05:45:58,решено,1,4
t004773,2025-04-05 07:25:00,u01238,почта,доступ и пароли,2,a01,2025-04-05 07:39:37,,в работе,0,
t004801,16.02.2025 03:36,u01675,форма,прочее,2,a09,2025-02-16 04:05:21,2025-02-16 06:56:38,решено,0,
t002907,02.04.2025 10:35,u08569,чат,доступ и пароли,2,a03,2025-04-02 10:45:52,2025-04-02 12:44:34,решено,0,
t000627,05.05.2025 12:14,u01932,чат,расписание и посещаемость,1,a04,2025-05-05 12:27:35,2025-05-05 18:46:02,решено,1,
t002277,2025-01-06 12:02:00,u05928,чат,доступ и пароли,2,a11,2025-01-06 12:13:01,2025-01-06 13:06:19,решено,0,
t004026,23.06.2025 01:32,u04668,чат,оплата и документы,2,a18,2025-06-23 01:41:23,2025-06-23 06:21:20,решено,0,
t004530,2025-03-06 08:18:00,u04346,телефон,доступ и пароли,3,a01,2025-03-06 09:22:29,2025-03-06 09:47:37,решено,0,
t004141,2025-01-18 08:13:00,u08688,чат,прочее,1,a12,2025-01-18 08:42:21,2025-01-18 12:08:54,решено,0,4
t003725,2025-01-22 12:26:00,u03812,телефон,техническая проблема,2,a02,2025-01-22 13:35:52,2025-01-23 01:23:09,решено,0,4
t001092,2025-01-03 04:15:00,u01138,чат,расписание и посещаемость,1,a13,2025-01-03 04:44:52,2025-01-03 05:43:44,решено,0,
t003883,2025-01-11 02:04:00,u05958,телефон,оплата и документы,2,a05,2025-01-11 03:07:26,2025-01-11 07:47:04,решено,0,
t000289,2025-03-10 01:21:00,u02937,почта,доступ и пароли,1,a16,2025-03-10 02:55:13,2025-03-10 05:23:53,решено,0,
t001081,23.01.2025 08:36,u03233,телефон,доступ и пароли,2,a05,2025-01-23 08:41:43,2025-01-23 13:13:18,решено,0,5
t001858,2025-06-20 16:39:00,u03822,чат,оплата и документы,1,a18,2025-06-20 16:55:19,2025-06-20 19:11:11,решено,0,
t000956,2025-03-02 11:07:00,u04894,почта,доступ и пароли,1,a05,2025-03-02 12:04:48,2025-03-02 12:10:01,решено,0,
t004474,2025-06-17 04:43:00,u08851,чат,"",2,a18,2025-06-17 04:49:15,2025-06-17 06:51:05,решено,0,
t001784,2025-01-19 17:16:00,u05059,чат,доступ и пароли,2,a14,2025-01-19 17:22:18,2025-01-19 18:08:48,решено,0,5
t001924,19.05.2025 07:23,u03925,форма,техническая проблема,1,a17,2025-05-19 07:42:17,2025-05-19 17:43:28,решено,0,2
t000395,2025-04-02 03:41:00,u07392,телефон,расписание и посещаемость,3,a04,2025-04-02 03:46:36,2025-04-02 07:21:32,решено,0,
t003278,03.02.2025 15:13,u03359,чат,техническая проблема,2,a11,2025-02-03 16:32:47,2025-02-04 02:47:31,решено,0,
t005841,2025-01-21 15:33:00,u03186,почта,доступ и пароли,3,a05,2025-01-21 17:24:40,2025-01-21 17:44:09,решено,0,
t001289,2025-03-22 07:49:00,u03653,чат,доступ и пароли,2,a11,2025-03-22 08:03:04,2025-03-22 08:49:36,решено,0,
t001613,05.04.2025 09:30,u04324,почта,доступ и пароли,2,a18,2025-04-05 09:32:58,2025-04-05 16:35:53,решено,0,
t004631,2025-01-07 07:22:00,u00722,почта,доступ и пароли,1,a05,2025-01-07 07:39:23,2025-01-07 10:38:26,решено,0,
t004734,02.06.2025 12:34,u03037,чат,техническая проблема,2,a02,2025-06-02 12:35:26,2025-06-02 15:41:33,решено,0,
t003564,2025-02-22 08:59:00,u02030,почта,,1,a03,2025-02-22 09:05:36,2025-02-22 09:55:02,решено,1,
t005084,2025-06-18 03:07:00,u02525,чат,техническая проблема,3,a02,2025-06-18 04:02:12,2025-06-18 14:45:51,решено,0,
t002538,04.04.2025 01:38,u07417,чат,оплата и документы,1,a12,2025-04-04 01:57:32,2025-04-04 03:44:52,решено,0,
t005002,2025-06-15 06:50:00,u07264,почта,доступ и пароли,3,a01,2025-06-15 07:07:38,2025-06-15 07:17:28,решено,0,
t001332,2025-05-26 15:59:00,u00898,чат,расписание и посещаемость,2,a09,2025-05-26 16:40:26,2025-05-26 18:12:12,решено,0,
t003971,01.06.2025 10:14,u04219,телефон,доступ и пароли,2,a06,2025-06-01 11:18:00,2025-06-01 15:22:18,решено,0,2
t002202,2025-02-16 09:45:00,u08129,почта,оплата и документы,2,a16,2025-02-16 10:14:29,2025-02-16 17:41:39,решено,0,
t000197,19.04.2025 11:04,u07723,Чат,техническая проблема,1,a01,2025-04-19 11:11:55,2025-04-19 16:24:11,решено,0,
t001301,2025-02-27 13:35:00,u07788,форма,доступ и пароли,2,a12,2025-02-27 14:00:01,2025-02-27 15:54:22,решено,0,
t005662,2025-04-15 14:24:00,u01883,чат,доступ и пароли,2,a06,2025-04-15 15:28:38,2025-04-15 15:50:54,решено,1,
t003863,2025-01-23 10:29:00,u01520,чат,доступ и пароли,1,a06,2025-01-23 12:16:05,2025-01-23 12:20:15,решено,0,5
t000659,07.05.2025 06:01,u01514,телефон,расписание и посещаемость,2,a12,2025-05-07 07:01:17,,в работе,0,
t000693,2025-06-11 12:44:00,u08533,почта,прочее,3,a08,2025-06-11 12:54:27,2025-06-11 14:59:23,решено,0,
t003196,2025-04-21 06:09:00,u03997,чат,техническая проблема,1,a06,2025-04-21 06:59:49,2025-04-22 08:57:20,решено,0,
t001117,2025-03-27 08:32:00,u07157,чат,оплата и документы,1,a10,2025-03-27 09:35:46,2025-03-27 12:41:37,решено,0,5
t003725,2025-01-22 12:26:00,u03812,телефон,техническая проблема,2,a02,2025-01-22 13:35:52,2025-01-23 01:23:09,решено,0,4
t001365,2025-06-07 12:51:00,u00231,телефон,техническая проблема,2,a07,2025-06-07 13:05:56,2025-06-08 00:30:39,решено,0,
t005440,2025-03-12 13:06:00,u06923,почта,"",2,a07,2025-03-12 13:22:13,2025-03-12 18:44:21,решено,0,5
t002331,2025-02-13 05:23:00,u02647,чат,доступ и пароли,2,a08,2025-02-13 05:26:20,2025-02-13 06:12:52,решено,0,
t005829,2025-04-03 12:31:00,u02287,чат,расписание и посещаемость,1,a01,2025-04-03 12:53:06,,в работе,0,
t002525,2025-05-22 03:40:00,u07859,почта,оплата и документы,3,a09,2025-05-22 04:17:28,2025-05-21 04:18:27,решено,0,5
t004251,07.06.2025 04:15,u02612,форма,прочее,3,a01,2025-06-07 04:47:52,2025-06-07 11:47:32,решено,0,
t001892,2025-02-18 15:36:00,u05145,почта,доступ и пароли,3,a05,2025-02-18 15:49:29,2025-02-18 16:48:54,решено,1,5
t004565,23.05.2025 05:15,u04779,чат,доступ и пароли,1,a18,,,новое,0,
t003327,2025-04-24 05:54:00,u07392,чат,оплата и документы,2,a02,2025-04-24 06:11:38,2025-04-24 07:11:41,решено,0,
t001572,2025-03-17 08:06:00,u05795,почта,доступ и пароли,1,a11,2025-03-17 09:53:35,2025-03-17 13:01:42,решено,0,4
t004613,16.02.2025 01:33,u07147,чат,доступ и пароли,2,a04,2025-02-16 02:31:09,2025-02-16 03:59:37,решено,0,5
t002328,2025-05-04 11:18:00,u07372,почта,оплата и документы,1,a16,2025-05-04 11:24:04,2025-05-04 13:35:50,решено,0,
t003193,2025-05-12 08:34:00,u03880,чат,оплата и документы,1,a15,2025-05-12 08:36:49,,в работе,0,
t002680,2025-06-22 12:16:00,u01058,почта,доступ и пароли,1,a06,2025-06-22 12:30:22,2025-06-22 12:40:27,решено,0,4
t003970,16.01.2025 10:06,u05597,телефон,техническая проблема,1,a01,2025-01-16 11:28:45,2025-01-18 13:30:49,решено,0,
t001387,2025-02-05 02:42:00,u02416,почта,доступ и пароли,1,a03,2025-02-05 02:51:31,2025-02-05 03:31:56,решено,1,
t000930,07.06.2025 10:59,u06264,почта,расписание и посещаемость,1,a02,2025-06-07 11:21:19,2025-06-07 16:05:35,решено,0,
t001726,2025-02-15 06:45:00,u01125,чат,оплата и документы,2,a13,2025-02-15 07:06:49,2025-02-15 13:08:32,решено,1,
t002916,2025-06-06 19:58:00,u08657,форма,доступ и пароли,1,a01,2025-06-06 20:14:00,2025-06-06 22:40:28,решено,0,3
t003901,2025-06-23 02:52:00,u06855,чат,оплата и документы,2,a18,2025-06-23 02:59:46,2025-06-23 05:03:25,решено,0,
t003181,2025-05-22 12:14:00,u03715,телефон,оплата и документы,2,a12,2025-05-22 12:22:41,2025-05-22 16:29:58,решено,0,
t001821,08.06.2025 13:12,u00506,форма,расписание и посещаемость,2,a18,2025-06-08 13:19:43,2025-06-08 15:20:28,решено,0,
t001142,2025-06-02 08:22:00,u01463,форма,оплата и документы,2,a02,2025-06-02 08:32:15,2025-06-02 09:30:18,решено,0,4
t002659,2025-04-25 06:44:00,u08659,чат,оплата и документы,3,a10,2025-04-25 07:31:56,,в работе,0,
t001541,2025-05-18 07:02:00,u02541,чат,техническая проблема,1,a11,2025-05-18 07:49:58,2025-05-18 10:28:54,решено,0,
t004312,2025-02-12 06:06:00,u07013,форма,"",2,a01,2025-02-12 07:49:01,2025-02-12 07:59:48,решено,0,
t000248,2025-06-19 03:28:00,u07248,форма,техническая проблема,1,a17,2025-06-19 03:57:08,2025-06-19 11:51:28,решено,0,
t004454,20.06.2025 07:19,u06340,форма,оплата и документы,2,a04,2025-06-20 07:50:04,2025-06-20 09:39:08,решено,0,
t003309,2025-02-02 17:57:00,u06459,форма,доступ и пароли,3,a10,2025-02-02 19:41:18,,в работе,0,
t000839,2025-05-02 04:57:00,u07895,форма,оплата и документы,2,a05,2025-05-02 05:37:24,2025-05-02 08:12:41,решено,0,
t002971,20.04.2025 04:55,u02616,чат,"",3,a15,,,новое,0,
t002552,2025-06-13 09:39:00,u06530,чат,техническая проблема,1,a15,2025-06-13 09:52:41,2025-06-13 17:33:24,решено,0,
t001201,2025-05-07 13:51:00,u08742,почта,доступ и пароли,2,a09,2025-05-07 14:15:47,2025-05-07 15:29:49,решено,0,5
t001358,2025-04-23 06:52:00,u07437,почта,техническая проблема,2,a01,2025-04-23 07:40:45,2025-04-23 10:36:49,решено,0,
t004488,19.01.2025 11:20,u02454,чат,расписание и посещаемость,1,a02,2025-01-19 11:41:45,2025-01-19 16:46:49,решено,0,
t002794,2025-03-23 03:10:00,u00854,почта,доступ и пароли,3,a16,2025-03-23 04:09:44,2025-03-23 05:31:23,решено,1,5
t005293,03.02.2025 04:17,u02997,чат,доступ и пароли,3,a04,,,новое,0,
t001072,2025-02-02 02:05:00,u08649,форма,оплата и документы,1,a12,2025-02-02 03:47:14,2025-02-02 05:48:44,решено,0,
t002724,2025-05-22 07:25:00,u07419,чат,расписание и посещаемость,1,a05,2025-05-22 08:15:14,2025-05-22 09:02:21,решено,0,
t005406,2025-04-07 12:39:00,u03656,чат,техническая проблема,2,a09,2025-04-07 13:31:53,2025-04-08 07:45:08,решено,0,
t002157,2025-05-25 02:36:00,u06751,почта,оплата и документы,2,a09,2025-05-25 02:55:02,2025-05-25 08:27:40,решено,0,5
t002509,2025-04-25 11:40:00,u04399,чат,"",1,a08,2025-04-25 12:24:33,2025-04-25 12:38:15,решено,0,
t003834,12.06.2025 04:29,u01522,форма,расписание и посещаемость,1,a02,2025-06-12 04:51:04,2025-06-12 06:21:43,решено,0,
t000735,2025-06-11 16:10:00,u02703,телефон,доступ и пароли,2,a17,2025-06-11 16:19:49,2025-06-11 17:41:16,решено,1,1
t005932,23.01.2025 09:07,u01770,почта,техническая проблема,1,a14,2025-01-23 09:19:01,2025-01-24 05:56:26,решено,0,
t000038,2025-02-20 09:23:00,u02189,чат,доступ и пароли,1,a04,2025-02-20 09:38:34,2025-02-20 12:39:26,решено,0,
t003790,23.01.2025 07:31,u08690,форма,доступ и пароли,2,a07,2025-01-23 08:39:52,2025-01-23 10:06:42,решено,0,
t004007,06.04.2025 03:10,u00703,Чат,расписание и посещаемость,2,a02,2025-04-06 04:12:07,2025-04-06 06:00:36,решено,0,
t000835,2025-03-26 12:09:00,u04742,почта,доступ и пароли,2,a11,2025-03-26 12:13:09,2025-03-26 13:16:38,решено,0,1
t000494,2025-04-21 11:20:00,u07422,почта,доступ и пароли,2,a15,2025-04-21 11:54:54,2025-04-21 17:02:50,решено,0,2
t004977,2025-01-07 11:26:00,u06616,телефон,расписание и посещаемость,1,a13,2025-01-07 12:50:30,2025-01-07 13:54:01,решено,0,
t004229,23.04.2025 07:39,u06133,почта,прочее,2,a06,2025-04-23 08:24:57,,в работе,0,2
t004505,2025-01-11 20:14:00,u04885,чат,доступ и пароли,2,a02,2025-01-11 20:34:27,2025-01-11 21:13:25,решено,0,
t001763,20.05.2025 09:02,u07159,чат,расписание и посещаемость,3,a15,2025-05-20 09:13:35,2025-05-20 14:26:05,решено,0,
t004070,18.04.2025 06:58,u03788,телефон,оплата и документы,2,a11,2025-04-18 07:08:42,2025-04-18 10:07:16,решено,0,
t000299,2025-03-20 02:41:00,u02565,чат,доступ и пароли,2,a06,2025-03-20 02:45:44,2025-03-20 03:04:17,решено,0,
t002756,2025-02-24 11:20:00,u00797,телефон,доступ и пароли,3,a02,2025-02-24 12:29:38,2025-02-24 12:46:37,решено,0,1
t002729,2025-01-20 04:04:00,u07828,почта,доступ и пароли,1,a13,2025-01-20 05:51:31,2025-01-20 07:39:35,решено,0,
t004001,2025-04-12 10:16:00,u02624,почта,оплата и документы,2,a18,2025-04-12 10:17:04,2025-04-12 13:51:00,решено,0,
t002002,26.05.2025 03:44,u07958,чат,оплата и документы,1,a12,2025-05-26 04:28:18,2025-05-26 05:58:13,решено,0,5
t003107,18.01.2025 12:50,u08462,телефон,расписание и посещаемость,1,a01,2025-01-18 14:04:30,2025-01-18 14:49:03,решено,0,
t005514,09.01.2025 07:12,u06478,телефон,расписание и посещаемость,1,a01,2025-01-09 07:26:43,2025-01-09 17:35:40,решено,0,
t002451,23.03.2025 11:20,u07455,телефон,доступ и пароли,1,a17,2025-03-23 13:08:53,2025-03-23 15:02:13,решено,0,
t004205,2025-01-10 12:42:00,u04787,чат,доступ и пароли,2,a01,2025-01-10 13:36:28,2025-01-10 13:46:36,решено,0,
t005111,24.03.2025 16:43,u02054,почта,доступ и пароли,2,a06,2025-03-24 18:17:39,2025-03-24 18:51:41,решено,0,
t005263,16.03.2025 07:44,u03242,телефон,оплата и документы,1,a06,2025-03-16 09:07:42,2025-03-16 16:02:27,решено,0,1
t003770,2025-04-24 07:49:00,u01357,почта,оплата и документы,2,a15,2025-04-24 07:57:21,2025-04-24 11:12:03,решено,1,
t005044,13.06.2025 04:16,u03528,чат,техническая проблема,1,a06,2025-06-13 04:30:19,2025-06-13 10:49:27,решено,0,
t003858,2025-05-07 05:31:00,u05878,телефон,оплата и документы,3,a10,2025-05-07 06:02:38,2025-05-07 06:56:16,решено,0,
t001769,2025-06-06 17:05:00,u02137,телефон,оплата и документы,2,a03,2025-06-06 17:56:05,2025-06-06 19:35:11,решено,0,4
t001211,04.05.2025 13:32,u00135,телефон,расписание и посещаемость,3,a06,2025-05-04 14:00:30,2025-05-04 15:51:37,решено,0,
t003562,2025-01-23 12:08:00,u08035,форма,техническая проблема,2,a10,2025-01-23 13:06:58,2025-01-23 19:59:26,решено,1,
t005558,2025-05-10 05:09:00,u04239,чат,доступ и пароли,2,a03,2025-05-10 05:21:14,2025-05-10 05:53:17,решено,0,
t002225,01.05.2025 11:26,u00920,чат,доступ и пароли,2,a17,2025-05-01 12:07:49,2025-05-01 12:29:24,решено,1,
t000298,21.02.2025 03:27,u00442,чат,техническая проблема,2,a08,2025-02-21 05:04:38,2025-02-21 21:38:20,решено,0,5
t000947,2025-06-25 13:26:00,u03430,телефон,оплата и документы,1,a06,2025-06-25 13:38:29,2025-06-24 13:56:45,решено,0,
t004059,2025-01-26 13:49:00,u05515,чат,доступ и пароли,2,a08,2025-01-26 14:52:38,2025-01-26 16:12:24,решено,1,4
t004667,2025-04-04 09:34:00,u04097,Чат,техническая проблема,1,a01,2025-04-04 09:36:20,2025-04-04 15:18:50,решено,0,
t001896,10.04.2025 10:42,u08476,телефон,доступ и пароли,3,a03,2025-04-10 10:51:10,2025-04-10 11:18:15,решено,0,
t000602,03.06.2025 10:44,u01767,форма,расписание и посещаемость,2,a11,2025-06-03 10:48:54,2025-06-03 12:55:58,решено,0,
t004565,23.05.2025 05:15,u04779,чат,доступ и пароли,1,a18,,,новое,0,
t002070,24.06.2025 04:19,u01732,чат,оплата и документы,3,a10,2025-06-24 04:40:02,2025-06-24 09:09:25,решено,0,
t005620,2025-05-05 09:43:00,u01946,форма,техническая проблема,1,a10,2025-05-05 09:48:37,2025-05-05 20:09:03,решено,0,
t004473,2025-03-05 11:42:00,u03681,телефон,оплата и документы,2,a04,2025-03-05 12:05:06,2025-03-05 13:31:11,решено,0,
t005284,2025-06-22 13:01:00,u05593,чат,расписание и посещаемость,1,a12,2025-06-22 13:25:51,2025-06-22 15:17:50,решено,1,
t005051,2025-02-08 19:13:00,u06485,чат,расписание и посещаемость,2,a03,2025-02-08 19:17:57,2025-02-08 22:21:33,решено,0,
t003223,2025-03-09 11:41:00,u07387,телефон,доступ и пароли,2,a17,2025-03-09 12:52:36,2025-03-09 13:21:06,решено,0,3
t001584,2025-01-09 03:28:00,u08380,форма,доступ и пароли,2,a09,2025-01-09 04:31:11,2025-01-09 06:33:26,решено,0,
t003724,20.01.2025 05:12,u01404,телефон,оплата и документы,2,a03,2025-01-20 06:38:43,2025-01-20 17:35:22,решено,0,
t004146,2025-02-20 08:01:00,u00848,телефон,оплата и документы,1,a12,2025-02-20 08:14:18,2025-02-20 10:20:12,решено,1,
t000448,25.03.2025 06:52,u02418,чат,расписание и посещаемость,2,a02,2025-03-25 08:40:34,2025-03-25 14:04:25,решено,0,5
t002136,02.03.2025 01:00,u05797,почта,"",1,a08,2025-03-02 02:35:47,2025-03-02 18:17:13,решено,0,
t001568,05.04.2025 16:08,u08045,чат,расписание и посещаемость,1,a06,2025-04-05 16:56:02,2025-04-05 21:30:52,решено,0,
t002400,2025-03-08 03:03:00,u00933,чат,доступ и пароли,2,a02,2025-03-08 03:29:18,2025-03-08 05:02:41,решено,0,
t001343,24.03.2025 07:51,u00509,чат,оплата и документы,2,a12,2025-03-24 09:37:01,2025-03-24 10:44:42,решено,0,
t001091,2025-06-21 16:03:00,u05680,почта,техническая проблема,1,a11,2025-06-21 16:19:11,2025-06-21 23:48:34,закрыто без ответа,0,
t000305,04.03.2025 11:21,u05226,телефон,доступ и пароли,1,a15,2025-03-04 12:47:28,2025-03-04 12:54:56,решено,0,5
t003076,06.05.2025 04:05,u04785,форма,прочее,2,a02,2025-05-06 05:02:50,2025-05-06 06:25:45,решено,0,
t000361,2025-01-04 04:37:00,u08666,форма,техническая проблема,1,a12,2025-01-04 05:39:56,2025-01-04 13:24:24,решено,0,
t003345,2025-06-21 06:20:00,u05782,чат,техническая проблема,1,a15,2025-06-21 06:26:26,2025-06-21 18:21:43,решено,0,
t003039,2025-02-19 12:31:00,u03263,Чат,прочее,1,a03,2025-02-19 13:30:55,2025-02-19 14:20:51,решено,0,
t005915,2025-02-18 14:01:00,u01396,почта,техническая проблема,1,a05,2025-02-18 15:45:34,2025-02-18 23:28:24,решено,0,
t002200,01.05.2025 10:33,u08661,телефон,доступ и пароли,1,a17,2025-05-01 10:35:12,2025-05-01 11:21:52,решено,0,
t001600,2025-02-18 15:31:00,u02720,телефон,техническая проблема,2,a08,2025-02-18 17:17:33,2025-02-19 00:43:46,решено,0,
t001361,2025-01-19 06:53:00,u02372,чат,техническая проблема,3,a13,2025-01-19 08:11:47,2025-01-19 10:44:32,решено,0,3
t000478,2025-04-23 13:03:00,u03624,Чат,оплата и документы,2,a06,2025-04-23 13:48:07,2025-04-23 21:09:12,решено,0,5
t005803,2025-04-06 08:50:00,u00482,чат,техническая проблема,1,a02,2025-04-06 09:04:46,2025-04-06 21:23:36,решено,0,
t003331,2025-01-18 09:29:00,u06929,почта,доступ и пароли,1,a06,2025-01-18 10:39:37,2025-01-18 13:57:41,решено,0,
t001226,14.03.2025 09:59,u00846,чат,техническая проблема,1,a07,2025-03-14 11:02:21,2025-03-14 18:58:00,решено,0,5
t001538,2025-06-18 10:59:00,u01790,почта,доступ и пароли,2,a05,2025-06-18 11:25:28,2025-06-18 12:29:23,решено,0,
t005291,2025-04-03 14:04:00,u03760,чат,оплата и документы,1,a15,2025-04-03 14:06:55,2025-04-03 20:00:15,решено,1,
t001267,2025-05-04 16:44:00,u05768,чат,доступ и пароли,1,a12,2025-05-04 17:01:38,,в работе,1,
t004068,11.05.2025 05:38,u06818,чат,доступ и пароли,2,a07,2025-05-11 05:52:28,2025-05-11 08:07:15,решено,0,
t003175,2025-03-03 01:44:00,u01301,телефон,техническая проблема,2,a05,2025-03-03 02:05:03,2025-03-03 07:21:28,решено,0,
t001626,2025-05-03 03:39:00,u05557,почта,доступ и пароли,3,a10,2025-05-03 04:04:21,2025-05-03 05:58:31,решено,0,
t004323,2025-03-05 12:42:00,u00752,почта,доступ и пароли,1,a03,2025-03-05 14:08:54,2025-03-05 14:25:06,решено,0,
t005945,2025-02-02 17:13:00,u06948,чат,доступ и пароли,3,a13,2025-02-02 18:19:49,2025-02-02 19:48:40,решено,0,5
t000675,2025-03-16 13:57:00,u08249,чат,доступ и пароли,2,a02,2025-03-16 15:32:18,2025-03-16 16:59:49,решено,0,3
t004507,2025-01-15 13:23:00,u08547,чат,,2,a13,2025-01-15 13:35:01,2025-01-15 16:17:48,решено,0,
t002887,2025-03-05 03:00:00,u03570,Чат,доступ и пароли,3,a12,2025-03-05 04:07:04,2025-03-05 04:41:51,решено,1,
t003128,2025-04-04 02:23:00,u06536,чат,оплата и документы,2,a12,2025-04-04 02:24:19,2025-04-04 07:15:50,решено,0,
t000849,2025-03-21 09:43:00,u02292,чат,доступ и пароли,3,a08,2025-03-21 10:05:06,2025-03-21 11:24:15,решено,0,
t002339,12.06.2025 02:35,u01292,чат,доступ и пароли,1,a10,2025-06-12 02:52:27,2025-06-12 06:36:32,решено,0,
t004637,2025-03-02 06:41:00,u05393,почта,оплата и документы,3,a15,2025-03-02 06:44:55,2025-03-02 08:13:18,решено,0,
t001945,2025-05-23 06:02:00,u04451,почта,техническая проблема,1,a01,2025-05-23 06:35:44,2025-05-23 19:13:48,решено,0,
t000626,21.01.2025 08:44,u00658,чат,доступ и пароли,2,a03,2025-01-21 09:32:03,2025-01-21 13:05:59,решено,0,3
t001761,08.05.2025 12:57,u05904,чат,расписание и посещаемость,2,a17,2025-05-08 13:12:25,2025-05-08 20:13:56,решено,0,
t003112,2025-02-18 09:51:00,u05451,телефон,"",3,a01,2025-02-18 11:29:53,2025-02-18 11:34:28,решено,0,
t003013,2025-02-11 03:25:00,u01237,чат,,3,a01,2025-02-11 03:27:31,2025-02-11 05:37:50,решено,1,5
t004766,2025-02-07 19:49:00,u06593,Чат,оплата и документы,1,a01,2025-02-07 21:39:03,2025-02-07 23:11:22,решено,0,5
t003786,07.06.2025 03:34,u03220,форма,техническая проблема,1,a09,2025-06-07 04:08:07,2025-06-07 14:55:55,решено,0,
t001480,19.06.2025 07:58,u05563,форма,прочее,2,a10,2025-06-19 08:09:17,2025-06-19 12:21:13,решено,0,
t005303,2025-04-04 12:55:00,u00055,чат,техническая проблема,2,a17,2025-04-04 12:58:44,2025-04-03 11:59:33,решено,0,
t004109,22.03.2025 11:15,u06752,телефон,оплата и документы,2,a11,2025-03-22 12:27:32,2025-03-22 14:38:52,решено,0,5
t000220,24.03.2025 10:21,u00415,чат,доступ и пароли,3,a05,2025-03-24 11:19:53,2025-03-24 11:58:10,решено,0,3
t000990,24.04.2025 02:16,u01865,чат,техническая проблема,1,a02,2025-04-24 02:39:54,2025-04-24 10:22:55,решено,0,
t000738,2025-01-05 01:11:00,u06374,чат,доступ и пароли,2,a08,2025-01-05 02:33:51,2025-01-05 02:48:12,решено,0,
t000795,2025-03-22 03:09:00,u04352,чат,доступ и пароли,2,a15,2025-03-22 04:27:55,2025-03-22 05:27:21,решено,0,4
t003079,2025-01-24 13:28:00,u00983,почта,доступ и пароли,1,a02,2025-01-24 13:41:22,2025-01-24 14:36:18,решено,0,
t004749,08.02.2025 06:11,u03955,чат,прочее,1,a08,2025-02-08 06:44:27,2025-02-08 08:05:26,решено,0,
t003630,10.02.2025 10:39,u03165,чат,оплата и документы,2,a07,2025-02-10 11:59:23,2025-02-10 15:43:08,решено,0,4
t005318,20.06.2025 10:16,u04496,чат,техническая проблема,1,a18,2025-06-20 10:22:34,2025-06-20 23:53:35,решено,0,
t004153,26.01.2025 06:09,u03270,чат,оплата и документы,2,a10,2025-01-26 07:28:29,2025-01-26 15:07:09,решено,0,
t004347,2025-04-05 11:19:00,u00473,почта,оплата и документы,2,a18,2025-04-05 11:44:17,2025-04-05 18:06:05,решено,0,
t000715,2025-02-27 08:55:00,u06817,чат,техническая проблема,1,a14,2025-02-27 10:00:54,2025-02-27 20:25:45,решено,1,5
t002155,2025-05-23 03:17:00,u07158,чат,техническая проблема,1,a01,2025-05-23 03:37:44,2025-05-23 10:07:06,решено,0,
t000429,12.06.2025 06:51,u06491,чат,оплата и документы,2,a12,2025-06-12 07:19:12,2025-06-12 10:31:45,решено,0,
t002998,2025-06-19 13:15:00,u00610,чат,расписание и посещаемость,3,a18,2025-06-19 13:20:04,2025-06-19 15:36:02,решено,0,
t001084,21.05.2025 09:41,u03881,чат,оплата и документы,1,a18,2025-05-21 09:45:56,2025-05-21 13:39:44,решено,0,
t005933,2025-06-16 13:21:00,u06252,почта,доступ и пароли,3,a12,2025-06-16 13:22:05,2025-06-16 16:25:28,решено,0,
t000988,12.02.2025 08:39,u05461,чат,доступ и пароли,1,a11,2025-02-12 08:46:04,2025-02-12 09:04:31,решено,0,
t002085,2025-01-13 12:34:00,u06383,чат,оплата и документы,2,a01,2025-01-13 13:39:02,2025-01-13 16:04:02,решено,0,4
t003677,2025-05-05 05:40:00,u08913,форма,техническая проблема,2,a18,2025-05-05 06:10:10,2025-05-05 19:39:25,решено,0,
t000112,23.02.2025 01:25,u01973,почта,доступ и пароли,2,a09,2025-02-23 01:40:48,2025-02-23 02:05:59,решено,0,
t000985,2025-02-05 13:01:00,u02001,телефон,NULL,1,a16,2025-02-05 14:15:24,2025-02-05 14:27:54,решено,0,
t001157,23.06.2025 06:07,u06371,чат,расписание и посещаемость,1,a09,2025-06-23 06:15:13,,в работе,0,
t004365,19.04.2025 06:31,u02407,почта,оплата и документы,2,a04,2025-04-19 06:45:03,2025-04-19 11:03:12,решено,0,5
t002217,2025-02-21 04:49:00,u03291,форма,доступ и пароли,2,a02,2025-02-21 06:21:36,2025-02-21 06:49:43,решено,0,3
t005281,2025-03-09 03:11:00,u00961,чат,оплата и документы,3,a10,2025-03-09 03:29:50,2025-03-09 06:46:47,решено,0,5
t003656,03.02.2025 11:50,u02940,телефон,прочее,2,a09,2025-02-03 11:52:32,2025-02-03 19:24:14,закрыто без ответа,0,
t005215,2025-06-26 10:11:00,u03937,чат,оплата и документы,3,a02,2025-06-26 10:12:56,2025-06-26 13:10:16,решено,0,
t003173,06.02.2025 01:00,u03783,почта,прочее,3,a10,2025-02-06 01:15:25,2025-02-06 05:40:14,решено,0,5
t002842,2025-05-13 17:25:00,u06602,форма,техническая проблема,1,a03,2025-05-13 17:53:36,2025-05-14 23:35:35,решено,0,
t001738,2025-04-15 01:37:00,u08779,чат,доступ и пароли,3,a17,2025-04-15 02:38:39,2025-04-15 03:20:14,решено,0,
t002776,2025-05-09 01:26:00,u07436,форма,техническая проблема,1,a18,2025-05-09 01:30:29,2025-05-09 04:01:05,решено,0,
t005663,2025-02-06 04:36:00,u05882,чат,доступ и пароли,3,a13,2025-02-06 04:50:53,2025-02-06 05:11:04,решено,0,5
t003419,2025-03-23 04:03:00,u04993,чат,доступ и пароли,2,a03,2025-03-23 05:41:45,2025-03-23 09:01:15,решено,0,
t005863,10.06.2025 01:32,u04091,чат,техническая проблема,3,a16,2025-06-10 01:33:04,2025-06-10 05:06:59,решено,0,
t000390,2025-04-20 05:53:00,u08370,чат,оплата и документы,2,a18,2025-04-20 06:06:26,2025-04-20 07:42:17,решено,0,
t002187,2025-04-04 02:09:00,u04342,почта,доступ и пароли,2,a16,2025-04-04 02:30:19,2025-04-04 06:00:40,решено,0,
t002697,06.06.2025 11:58,u08067,телефон,доступ и пароли,2,a10,2025-06-06 11:59:27,2025-06-06 13:28:40,решено,0,
t003600,2025-03-23 15:29:00,u01815,чат,оплата и документы,2,a03,2025-03-23 16:33:34,2025-03-23 18:31:06,решено,0,5
t001155,2025-02-01 07:18:00,u01892,чат,доступ и пароли,2,a01,2025-02-01 09:01:13,2025-02-01 09:21:11,решено,0,
t004759,2025-06-17 17:10:00,u02700,Чат,оплата и документы,1,a17,2025-06-17 17:25:35,2025-06-17 20:11:51,решено,0,
t004850,2025-04-22 14:59:00,u01264,чат,оплата и документы,2,a18,2025-04-22 15:24:28,2025-04-22 15:46:15,решено,0,
t003492,2025-03-05 09:11:00,u03511,чат,доступ и пароли,2,a12,2025-03-05 10:19:35,2025-03-05 11:20:39,решено,0,
t001886,2025-03-09 12:53:00,u05778,почта,доступ и пароли,1,a18,2025-03-09 13:21:17,2025-03-09 15:00:31,решено,0,2
t001476,2025-03-22 09:36:00,u05380,почта,доступ и пароли,2,a12,2025-03-22 10:01:57,2025-03-22 10:17:49,решено,0,5
t001951,2025-04-24 08:29:00,u01482,телефон,техническая проблема,1,a02,2025-04-24 08:30:27,2025-04-24 16:39:15,закрыто без ответа,0,5
t003429,03.05.2025 18:08,u00319,форма,"",3,a04,2025-05-03 19:08:41,2025-05-03 21:28:01,решено,0,
t005107,20.03.2025 01:13,u08095,телефон,техническая проблема,1,a01,2025-03-20 02:36:59,2025-03-20 10:02:49,решено,0,
t000451,2025-01-06 07:42:00,u05356,чат,доступ и пароли,3,a04,2025-01-06 07:45:00,2025-01-06 08:58:21,решено,0,
t005619,2025-03-21 12:53:00,u02980,форма,доступ и пароли,2,a01,2025-03-21 14:06:19,2025-03-21 14:12:10,решено,0,
t003651,2025-06-20 02:38:00,u08483,почта,техническая проблема,1,a04,2025-06-20 03:00:37,2025-06-20 18:02:28,решено,0,
t003760,20.03.2025 13:51,u05314,телефон,техническая проблема,2,a09,2025-03-20 14:07:45,2025-03-20 17:32:26,решено,0,5
t004164,16.04.2025 06:49,u01520,почта,оплата и документы,3,a09,2025-04-16 07:26:10,2025-04-16 08:09:23,решено,0,5
t001418,2025-02-04 13:10:00,u00019,чат,доступ и пароли,2,a17,2025-02-04 14:35:27,2025-02-04 14:35:43,решено,0,
t001932,2025-04-24 16:49:00,u08937,телефон,доступ и пароли,3,a10,2025-04-24 17:08:23,2025-04-24 19:10:20,решено,0,
t002774,2025-06-21 13:51:00,u03407,почта,доступ и пароли,2,a09,2025-06-21 14:34:57,2025-06-21 16:31:20,решено,0,
t004586,27.02.2025 17:13,u07754,чат,техническая проблема,1,a07,2025-02-27 17:28:41,2025-02-28 13:16:25,решено,1,
t003819,17.06.2025 01:21,u08072,чат,NULL,2,a12,2025-06-17 01:28:53,2025-06-17 04:09:25,решено,0,
t003449,2025-03-09 04:38:00,u06225,Чат,расписание и посещаемость,2,a07,2025-03-09 04:45:06,2025-03-09 06:16:08,решено,0,4
t001076,24.05.2025 06:26,u06508,чат,NULL,2,a07,2025-05-24 06:28:15,2025-05-24 10:10:34,решено,0,
t001177,2025-01-05 11:57:00,u03658,чат,доступ и пароли,2,a13,2025-01-05 13:30:59,2025-01-05 13:34:16,решено,0,
t004278,02.03.2025 12:30,u04419,чат,техническая проблема,3,a11,2025-03-02 14:19:33,2025-03-02 17:42:21,решено,0,
t003616,22.04.2025 09:32,u08995,телефон,оплата и документы,2,a09,2025-04-22 09:54:47,2025-04-22 10:39:43,решено,0,
t005814,2025-01-06 15:01:00,u06570,почта,доступ и пароли,1,a14,2025-01-06 16:45:02,2025-01-06 19:29:16,решено,0,
t005697,24.02.2025 03:15,u04120,чат,расписание и посещаемость,2,a10,2025-02-24 04:18:55,2025-02-24 07:00:22,решено,0,5
t001747,2025-06-04 07:44:00,u03852,телефон,расписание и посещаемость,3,a07,2025-06-04 07:45:25,2025-06-04 10:21:47,решено,0,
t003378,2025-06-21 12:30:00,u06563,чат,доступ и пароли,2,a11,2025-06-21 12:50:20,2025-06-20 12:48:12,решено,0,
t000268,03.02.2025 01:42,u05578,телефон,доступ и пароли,2,a02,2025-02-03 02:10:58,2025-02-03 02:35:09,решено,0,
t004442,2025-01-19 06:59:00,u00591,чат,доступ и пароли,1,a05,2025-01-19 07:03:25,2025-01-19 08:17:27,решено,0,5
t001113,2025-02-10 10:43:00,u03517,телефон,расписание и посещаемость,2,a09,2025-02-10 12:17:39,2025-02-10 13:49:50,решено,0,
t001249,2025-06-23 11:04:00,u04337,телефон,расписание и посещаемость,2,a06,2025-06-23 11:07:34,2025-06-23 13:30:45,решено,0,
t002300,2025-01-14 10:19:00,u06745,чат,расписание и посещаемость,2,a12,2025-01-14 10:44:32,2025-01-15 01:00:26,решено,0,
t001990,2025-06-06 01:11:00,u06653,форма,техническая проблема,1,a17,2025-06-06 01:22:04,2025-06-06 14:39:46,решено,0,
t004117,17.06.2025 02:38,u07647,чат,техническая проблема,2,a06,2025-06-17 02:57:00,2025-06-17 15:18:21,решено,0,
t000241,2025-04-13 09:16:00,u03491,почта,техническая проблема,2,a03,2025-04-13 09:18:35,2025-04-13 16:46:53,решено,0,
t004098,2025-05-24 11:17:00,u05581,форма,прочее,2,a03,2025-05-24 11:18:13,2025-05-24 13:42:23,решено,0,
t003923,2025-01-09 13:53:00,u03138,Чат,доступ и пароли,2,a05,2025-01-09 13:55:39,2025-01-09 15:19:29,решено,0,
t002838,2025-01-26 05:50:00,u06868,чат,доступ и пароли,2,a05,2025-01-26 06:58:13,2025-01-26 07:46:02,решено,0,
t001685,2025-03-07 12:59:00,u07615,форма,доступ и пароли,3,a03,2025-03-07 13:01:10,2025-03-07 13:59:37,решено,0,3
t002598,2025-03-22 13:12:00,u01632,телефон,расписание и посещаемость,1,a10,2025-03-22 13:20:42,2025-03-22 15:55:13,решено,0,5
t001783,2025-04-04 04:01:00,u05396,чат,доступ и пароли,2,a02,2025-04-04 04:02:39,,в работе,0,
t001432,24.03.2025 01:26,u05170,почта,доступ и пароли,1,a04,2025-03-24 02:56:33,2025-03-24 04:39:27,решено,0,
t001976,2025-06-04 10:01:00,u03852,телефон,доступ и пароли,1,a09,2025-06-04 11:02:19,2025-06-04 13:22:53,решено,0,
t005507,19.06.2025 09:50,u02457,телефон,оплата и документы,2,a06,2025-06-19 09:57:38,2025-06-19 17:10:45,решено,0,
t002793,2025-02-17 10:13:00,u00779,чат,техническая проблема,1,a06,2025-02-17 11:23:52,2025-02-18 01:43:33,решено,0,
t002215,2025-02-07 12:43:00,u00668,почта,NULL,2,a13,2025-02-07 13:45:25,2025-02-07 17:10:26,решено,0,5
t002953,2025-03-04 12:29:00,u00415,форма,доступ и пароли,2,a07,2025-03-04 12:53:54,2025-03-04 13:34:45,решено,0,
t003376,2025-02-11 07:03:00,u07033,форма,,3,a01,2025-02-11 08:34:41,2025-02-11 10:48:21,решено,0,
t001215,2025-03-22 13:59:00,u00388,чат,техническая проблема,1,a10,2025-03-22 14:23:16,2025-03-23 01:45:05,решено,0,4
t001044,2025-05-07 10:31:00,u04327,чат,прочее,2,a18,2025-05-07 10:33:28,2025-05-07 14:13:14,закрыто без ответа,0,
t000214,2025-04-07 05:06:00,u05960,почта,оплата и документы,2,a06,2025-04-07 05:07:33,2025-04-07 08:33:34,решено,0,
t003186,2025-01-21 01:00:00,u00407,телефон,доступ и пароли,2,a03,2025-01-21 02:48:37,2025-01-21 03:52:44,решено,0,
t003807,2025-04-10 05:09:00,u00102,чат,расписание и посещаемость,2,a16,2025-04-10 05:21:59,2025-04-10 10:42:38,решено,0,
t002411,2025-03-18 02:58:00,u00602,телефон,расписание и посещаемость,2,a16,2025-03-18 04:49:31,2025-03-18 07:44:36,решено,0,
t002991,2025-06-24 08:36:00,u05844,форма,расписание и посещаемость,2,a04,2025-06-24 09:03:24,2025-06-24 13:58:41,решено,0,
t001014,2025-05-19 06:57:00,u03967,чат,оплата и документы,2,a09,2025-05-19 07:23:31,,в работе,0,
t004607,2025-01-23 05:25:00,u00978,чат,доступ и пароли,2,a07,2025-01-23 05:41:05,2025-01-23 06:40:49,решено,0,5
t004885,2025-06-22 07:01:00,u01152,чат,оплата и документы,2,a15,2025-06-22 07:17:27,2025-06-22 10:44:46,решено,0,
t000779,2025-03-08 06:32:00,u02664,чат,оплата и документы,1,a05,2025-03-08 07:34:58,2025-03-08 08:00:50,решено,0,5
t004172,2025-02-05 12:05:00,u00007,телефон,техническая проблема,1,a09,2025-02-05 13:46:35,2025-02-06 01:40:02,решено,0,3
t003759,10.04.2025 08:38,u03072,чат,техническая проблема,1,a11,2025-04-10 08:46:02,2025-04-10 14:19:11,решено,0,
t003569,25.01.2025 08:02,u07844,почта,техническая проблема,2,a04,2025-01-25 09:39:38,2025-01-25 19:16:53,решено,0,
t002654,05.01.2025 06:10,u07801,чат,доступ и пароли,1,a02,2025-01-05 06:27:37,2025-01-05 09:47:09,решено,1,1
t004921,2025-04-21 12:44:00,u00566,почта,оплата и документы,3,a16,2025-04-21 12:54:20,2025-04-21 19:15:41,решено,0,
t005525,2025-02-18 03:32:00,u01807,чат,доступ и пароли,1,a12,2025-02-18 05:12:50,2025-02-18 05:48:38,решено,0,5
t005435,2025-04-06 09:32:00,u00138,чат,техническая проблема,2,a10,2025-04-06 09:45:15,2025-04-06 16:51:51,решено,0,
t001181,01.01.2025 00:00,u02106,чат,доступ и пароли,2,a13,2025-01-01 01:07:47,2025-01-01 01:28:08,решено,0,
t004292,2025-04-10 10:44:00,u02576,почта,оплата и документы,2,a18,2025-04-10 10:49:01,2025-04-10 12:38:40,решено,0,
t001165,2025-04-20 09:03:00,u05585,чат,техническая проблема,2,a16,2025-04-20 09:09:46,,в работе,0,
t002334,2025-01-21 04:03:00,u08666,почта,доступ и пароли,2,a12,2025-01-21 04:30:03,2025-01-21 04:44:49,решено,0,
t004609,18.04.2025 10:13,u00523,чат,расписание и посещаемость,2,a02,2025-04-18 11:15:46,2025-04-18 19:22:19,решено,0,
t002913,2025-06-19 04:21:00,u06429,телефон,оплата и документы,2,a10,2025-06-19 04:22:41,2025-06-19 08:25:51,решено,0,
t000421,2025-02-04 11:32:00,u00535,чат,техническая проблема,2,a07,2025-02-04 12:54:45,2025-02-04 15:27:23,решено,0,5
t000504,2025-06-21 16:42:00,u00013,форма,оплата и документы,1,a17,2025-06-21 17:31:08,2025-06-21 19:27:49,решено,0,
t001300,2025-05-03 03:47:00,u06457,почта,прочее,1,a01,2025-05-03 04:46:25,2025-05-03 11:54:20,решено,0,
t003749,2025-04-16 15:21:00,u07736,чат,техническая проблема,2,a12,2025-04-16 16:08:43,2025-04-17 02:53:02,решено,0,
t000001,2025-02-19 06:23:00,u04875,чат,расписание и посещаемость,1,a01,2025-02-19 07:51:42,2025-02-19 08:26:10,решено,0,
t005723,2025-04-23 03:54:00,u05960,форма,техническая проблема,2,a15,2025-04-23 04:40:41,2025-04-23 10:51:36,решено,0,
t003293,05.02.2025 08:44,u01013,чат,оплата и документы,3,a03,2025-02-05 09:09:14,2025-02-05 16:58:30,решено,0,
t003043,2025-03-14 11:16:00,u05281,чат,прочее,2,a08,2025-03-14 11:21:45,2025-03-14 13:52:46,решено,0,3
t004963,09.02.2025 11:12,u05375,телефон,доступ и пароли,3,a04,2025-02-09 12:33:07,2025-02-09 14:45:48,решено,0,
t000133,2025-05-05 06:13:00,u03475,чат,оплата и документы,2,a11,2025-05-05 06:29:49,2025-05-05 11:03:25,решено,0,
t000726,2025-01-22 11:22:00,u03444,чат,оплата и документы,3,a04,2025-01-22 13:04:46,2025-01-22 13:42:32,решено,0,
t004135,2025-05-19 03:06:00,u02521,Чат,расписание и посещаемость,1,a04,2025-05-19 03:16:15,2025-05-19 05:35:51,решено,0,
t000464,2025-05-18 16:47:00,u08489,почта,оплата и документы,2,a11,2025-05-18 17:01:11,2025-05-18 22:19:11,решено,0,
t004360,04.04.2025 09:33,u08125,чат,оплата и документы,2,a03,2025-04-04 09:37:17,2025-04-04 12:45:54,решено,0,
t004286,2025-06-18 08:18:00,u02949,почта,оплата и документы,2,a03,2025-06-18 08:19:48,2025-06-18 15:33:20,решено,0,
t004302,2025-05-10 14:52:00,u00349,чат,доступ и пароли,2,a02,2025-05-10 15:05:44,2025-05-09 15:08:42,решено,0,
t002301,2025-03-17 07:33:00,u07452,телефон,доступ и пароли,2,a07,2025-03-17 08:38:08,2025-03-17 12:07:52,решено,0,5
t003276,2025-03-04 02:42:00,u00550,чат,доступ и пароли,3,a02,2025-03-04 04:12:59,2025-03-04 06:11:56,решено,0,5
t002962,12.05.2025 10:47,u00043,телефон,оплата и документы,2,a04,2025-05-12 11:25:27,2025-05-12 12:52:54,решено,0,3
t000967,04.04.2025 20:19,u07495,почта,расписание и посещаемость,2,a08,,,новое,0,
t001203,18.06.2025 04:48,u04937,телефон,NULL,2,a16,2025-06-18 04:54:16,2025-06-18 07:48:22,решено,0,
t002119,2025-06-24 03:22:00,u01583,чат,расписание и посещаемость,2,a02,2025-06-24 03:49:08,2025-06-24 08:02:52,закрыто без ответа,0,1
t005989,25.02.2025 16:05,u02240,чат,расписание и посещаемость,1,a07,2025-02-25 17:17:51,2025-02-25 21:55:31,решено,0,5
t005865,2025-01-07 11:52:00,u05303,форма,доступ и пароли,2,a10,2025-01-07 13:03:03,2025-01-07 13:10:40,решено,0,
t000166,19.02.2025 08:29,u04099,чат,оплата и документы,3,a07,2025-02-19 08:49:58,2025-02-19 11:54:53,решено,0,
t002105,17.03.2025 13:23,u04670,телефон,доступ и пароли,2,a02,2025-03-17 14:52:29,2025-03-17 15:01:39,решено,0,
t004130,2025-06-19 05:45:00,u02526,телефон,техническая проблема,1,a06,2025-06-19 05:48:04,2025-06-19 10:02:21,решено,0,
t001798,2025-02-07 13:05:00,u05280,форма,оплата и документы,3,a07,2025-02-07 14:41:00,2025-02-07 18:04:01,решено,0,4
t001280,2025-03-13 04:05:00,u03465,чат,доступ и пароли,3,a10,2025-03-13 04:14:52,2025-03-13 05:13:54,решено,0,
t001816,2025-05-02 01:57:00,u03805,форма,оплата и документы,2,a18,2025-05-02 02:17:20,2025-05-02 05:53:08,решено,0,
t005582,2025-01-03 14:10:00,u00252,почта,оплата и документы,2,a13,2025-01-03 14:29:04,2025-01-03 19:13:08,решено,1,
t005773,2025-06-12 03:27:00,u03084,чат,техническая проблема,1,a12,2025-06-12 03:46:11,2025-06-12 11:10:30,решено,0,
t005961,2025-03-09 04:28:00,u04066,чат,техническая проблема,1,a08,2025-03-09 05:38:14,2025-03-09 16:26:53,решено,1,5
t000131,2025-01-03 12:55:00,u05437,телефон,оплата и документы,1,a11,2025-01-03 13:56:49,2025-01-03 22:01:12,решено,0,
t003123,21.02.2025 13:14,u04349,почта,доступ и пароли,3,a08,2025-02-21 13:37:09,2025-02-21 14:34:39,решено,0,
t003751,04.01.2025 02:29,u07178,почта,доступ и пароли,2,a11,2025-01-04 02:38:29,2025-01-04 03:15:12,решено,0,
t003201,23.04.2025 02:12,u01238,телефон,оплата и документы,2,a02,2025-04-23 02:28:01,2025-04-23 19:17:54,решено,0,5
t000489,2025-03-24 11:25:00,u04894,чат,оплата и документы,1,a10,2025-03-24 13:16:36,2025-03-24 15:15:42,решено,0,
t005956,2025-04-21 03:31:00,u00615,почта,"",3,a12,2025-04-21 03:36:00,2025-04-21 07:26:03,решено,0,
t001617,2025-05-08 13:49:00,u05254,телефон,расписание и посещаемость,2,a08,2025-05-08 14:16:43,2025-05-08 16:34:01,решено,0,
t005572,2025-04-18 13:30:00,u02977,почта,прочее,1,a01,2025-04-18 13:39:55,2025-04-19 07:23:03,решено,1,
t005954,2025-05-24 03:03:00,u07018,чат,доступ и пароли,2,a06,2025-05-24 03:10:25,2025-05-24 04:01:36,решено,0,
t005630,25.03.2025 07:49,u03603,Чат,доступ и пароли,2,a04,2025-03-25 09:03:11,2025-03-25 09:11:25,решено,1,5
t002689,2025-02-08 13:50:00,u03781,чат,оплата и документы,2,a05,2025-02-08 15:23:39,2025-02-08 18:43:32,решено,0,5
t000765,2025-04-04 09:35:00,u02743,почта,техническая проблема,1,a09,2025-04-04 09:54:54,,в работе,0,
t003903,02.02.2025 06:15,u06222,чат,прочее,1,a07,2025-02-02 07:50:18,2025-02-02 11:12:50,решено,0,
t002343,2025-02-19 02:59:00,u08309,чат,техническая проблема,1,a09,2025-02-19 04:14:49,2025-02-19 13:50:35,решено,0,
t004196,2025-03-12 01:02:00,u03716,почта,доступ и пароли,3,a16,2025-03-12 02:43:59,2025-03-12 02:47:21,решено,0,
t000986,2025-04-22 09:57:00,u01264,почта,техническая проблема,1,a11,2025-04-22 10:10:45,2025-04-22 17:11:39,решено,0,
t003598,2025-04-02 08:29:00,u08488,почта,прочее,1,a02,2025-04-02 08:35:11,2025-04-03 07:41:21,решено,1,
t004351,17.05.2025 05:23,u02235,чат,расписание и посещаемость,3,a05,2025-05-17 05:52:32,2025-05-17 08:25:59,решено,0,
t001169,2025-06-15 03:32:00,u05547,чат,"",1,a15,2025-06-15 04:00:01,2025-06-15 11:47:33,решено,0,
t001919,2025-05-05 06:00:00,u03322,Чат,оплата и документы,3,a03,2025-05-05 06:07:49,2025-05-05 10:36:42,закрыто без ответа,1,
t005436,2025-06-23 07:57:00,u02085,чат,расписание и посещаемость,2,a01,2025-06-23 08:09:52,2025-06-23 10:59:05,решено,0,
t002372,2025-05-19 01:26:00,u08664,чат,техническая проблема,2,a08,,,новое,0,
t000042,2025-05-21 10:12:00,u03650,чат,техническая проблема,2,a18,2025-05-21 10:20:46,2025-05-21 16:08:27,решено,1,
t002490,2025-04-03 15:53:00,u03386,чат,оплата и документы,1,a02,2025-04-03 16:51:13,2025-04-03 19:08:00,решено,0,
t002854,24.04.2025 11:52,u04603,форма,оплата и документы,2,a03,2025-04-24 11:58:30,2025-04-24 18:02:08,решено,0,
t001528,23.05.2025 15:37,u06875,чат,оплата и документы,2,a05,2025-05-23 16:04:38,2025-05-23 17:56:02,решено,1,
t000919,2025-04-16 09:21:00,u06144,почта,,1,a05,2025-04-16 09:34:18,2025-04-16 11:04:50,решено,0,
t004418,09.02.2025 13:21,u04862,чат,доступ и пароли,1,a18,2025-02-09 13:38:19,2025-02-09 14:00:14,решено,0,4
t004978,2025-04-18 10:21:00,u08029,Чат,прочее,1,a17,2025-04-18 10:36:43,2025-04-18 15:50:21,решено,0,
t003712,2025-04-07 16:13:00,u02756,телефон,доступ и пароли,2,a05,2025-04-07 16:33:29,,в работе,0,
t002371,2025-06-23 06:42:00,u00300,чат,доступ и пароли,3,a09,2025-06-23 07:35:58,2025-06-23 13:20:13,решено,0,
t004227,22.04.2025 05:00,u06226,почта,"",3,a15,2025-04-22 05:17:23,2025-04-22 14:34:23,решено,0,3
t000235,2025-05-05 09:36:00,u05963,чат,доступ и пароли,2,a01,2025-05-05 09:54:00,2025-05-05 11:18:41,решено,0,
t001135,2025-06-02 11:11:00,u06371,чат,расписание и посещаемость,1,a10,2025-06-02 11:21:22,2025-06-02 14:04:14,решено,0,
t000842,2025-04-04 07:02:00,u00566,чат,техническая проблема,1,a16,2025-04-04 07:24:59,2025-04-05 02:34:26,решено,0,
t000419,2025-05-08 17:33:00,u01672,чат,расписание и посещаемость,2,a03,2025-05-08 18:11:17,2025-05-08 19:01:50,решено,0,
t000787,22.04.2025 04:58,u07906,чат,расписание и посещаемость,2,a04,2025-04-22 05:44:07,2025-04-22 07:00:02,решено,1,
t000023,24.05.2025 01:19,u01699,чат,техническая проблема,3,a10,,,новое,0,
t003965,2025-04-20 10:13:00,u06089,почта,оплата и документы,2,a16,2025-04-20 10:29:31,2025-04-20 13:18:57,решено,0,
t005337,2025-06-14 16:47:00,u00324,чат,техническая проблема,1,a15,2025-06-14 17:34:10,2025-06-15 05:07:28,решено,0,1
t003217,2025-05-05 01:12:00,u00532,почта,прочее,2,a11,2025-05-05 01:45:55,2025-05-05 04:20:23,решено,0,
t002587,2025-05-27 10:51:00,u07403,чат,оплата и документы,1,a02,2025-05-27 11:08:41,2025-05-27 14:59:02,решено,0,5
t003207,2025-06-20 03:01:00,u03119,чат,,1,a04,2025-06-20 03:15:49,2025-06-20 16:35:35,решено,0,
t000796,2025-02-06 10:25:00,u06088,чат,техническая проблема,1,a09,2025-02-06 10:46:35,2025-02-06 23:19:27,решено,1,
t005560,2025-04-07 02:22:00,u01419,чат,техническая проблема,1,a10,2025-04-07 02:24:28,2025-04-07 05:07:38,решено,0,
t001266,2025-05-20 11:08:00,u08559,почта,расписание и посещаемость,2,a18,2025-05-20 11:13:15,2025-05-20 16:29:09,решено,0,4
t000510,2025-04-16 06:02:00,u01666,почта,доступ и пароли,2,a09,2025-04-16 06:53:15,2025-04-16 07:21:28,решено,0,
t001582,16.01.2025 06:08,u05619,телефон,оплата и документы,3,a03,2025-01-16 07:09:01,2025-01-16 07:21:44,решено,0,5
t004730,2025-03-08 07:32:00,u04872,почта,доступ и пароли,2,a12,2025-03-08 08:41:26,2025-03-08 10:11:10,решено,0,
t001367,2025-01-23 10:59:00,u07126,почта,доступ и пароли,1,a03,2025-01-23 11:13:33,2025-01-23 12:41:23,решено,0,
t000137,20.03.2025 03:02,u06538,почта,оплата и документы,2,a01,2025-03-20 04:32:05,2025-03-20 05:47:39,решено,0,
t003848,2025-02-21 20:02:00,u06355,почта,,2,a12,2025-02-21 20:08:15,2025-02-21 21:24:58,решено,0,
t005604,2025-04-06 08:29:00,u08936,почта,оплата и документы,2,a17,2025-04-06 08:30:41,2025-04-06 13:54:18,решено,0,
t004417,2025-03-21 01:10:00,u05754,чат,доступ и пароли,2,a16,2025-03-21 02:05:52,2025-03-21 02:18:03,решено,0,5
t003882,2025-02-21 08:19:00,u01833,чат,техническая проблема,1,a08,2025-02-21 08:46:29,2025-02-21 19:52:04,решено,0,4
t003996,2025-06-02 06:54:00,u06123,почта,оплата и документы,2,a03,2025-06-02 07:02:08,2025-06-02 10:06:24,решено,0,
t004728,2025-05-05 05:41:00,u00631,телефон,,1,a10,2025-05-05 06:08:12,2025-05-05 07:31:37,решено,0,4
t003857,09.02.2025 12:52,u03468,чат,доступ и пароли,2,a11,2025-02-09 14:37:36,2025-02-09 14:56:37,решено,0,
t003438,2025-03-26 09:09:00,u04717,чат,оплата и документы,3,a12,2025-03-26 10:56:37,2025-03-26 12:40:12,решено,0,
t004532,19.05.2025 02:24,u00319,почта,"",2,a11,2025-05-19 02:50:13,2025-05-19 14:26:16,решено,0,
t000767,10.04.2025 02:26,u05298,чат,оплата и документы,1,a15,2025-04-10 02:36:50,2025-04-10 04:12:06,решено,1,5
t004873,05.06.2025 14:07,u06727,почта,расписание и посещаемость,2,a18,2025-06-05 14:43:48,2025-06-05 16:25:03,решено,0,
t001126,2025-03-09 04:31:00,u01363,телефон,доступ и пароли,2,a04,2025-03-09 04:40:17,2025-03-09 05:28:51,решено,0,
t004644,27.05.2025 15:33,u01778,почта,,2,a17,2025-05-27 15:54:30,2025-05-27 18:24:11,решено,0,
t005496,2025-02-19 10:39:00,u05147,почта,техническая проблема,2,a02,2025-02-19 12:30:30,2025-02-19 16:26:17,решено,1,
t002747,21.05.2025 01:49,u02033,телефон,расписание и посещаемость,2,a04,2025-05-21 02:18:01,2025-05-21 03:03:06,решено,0,
t003526,2025-01-05 06:01:00,u06819,телефон,доступ и пароли,1,a12,2025-01-05 07:51:48,2025-01-05 15:01:41,решено,0,
t001489,2025-02-27 11:41:00,u00256,почта,доступ и пароли,2,a01,2025-02-27 13:21:37,2025-02-27 14:31:00,решено,1,
t002811,2025-03-18 11:49:00,u07173,чат,оплата и документы,1,a03,,,новое,0,
t002289,22.02.2025 07:44,u08951,чат,техническая проблема,2,a07,2025-02-22 08:40:59,2025-02-22 13:36:51,решено,0,5
t003017,2025-05-22 07:54:00,u04351,чат,оплата и документы,2,a05,2025-05-22 07:59:04,2025-05-22 12:43:49,решено,0,
t005098,2025-05-20 12:43:00,u00078,форма,оплата и документы,2,a17,2025-05-20 13:41:55,2025-05-20 17:39:18,решено,0,
t001448,2025-04-03 11:07:00,u01656,чат,прочее,2,a16,2025-04-03 11:43:48,2025-04-03 17:48:22,решено,0,
t005656,2025-01-05 06:24:00,u03812,форма,оплата и документы,3,a11,2025-01-05 08:13:11,2025-01-05 11:19:43,решено,0,
t005010,2025-04-21 07:23:00,u03644,чат,прочее,3,a15,2025-04-21 08:25:43,2025-04-21 10:04:49,решено,0,
t000037,21.03.2025 04:23,u06100,телефон,расписание и посещаемость,2,a10,2025-03-21 04:38:09,2025-03-21 06:42:29,решено,0,
t001678,2025-04-14 07:10:00,u08172,чат,"",1,a12,2025-04-14 07:17:06,2025-04-14 07:46:47,решено,0,
t002310,2025-06-06 12:36:00,u01646,чат,техническая проблема,1,a12,2025-06-06 13:37:44,2025-06-06 17:50:07,решено,0,
t000629,2025-03-05 07:20:00,u06345,чат,техническая проблема,2,a07,2025-03-05 07:44:48,2025-03-05 13:06:20,решено,0,
t002814,12.05.2025 06:22,u07296,почта,оплата и документы,2,a12,2025-05-12 06:26:19,2025-05-12 10:14:01,решено,0,1
t000874,2025-01-27 02:39:00,u03281,чат,расписание и посещаемость,3,a05,2025-01-27 03:01:17,2025-01-27 05:05:06,решено,1,5
t003174,2025-03-23 08:08:00,u02537,форма,доступ и пароли,3,a17,2025-03-23 09:44:10,2025-03-23 11:47:04,решено,0,1
t002564,2025-06-21 12:14:00,u08657,почта,прочее,3,a11,2025-06-21 12:31:10,2025-06-21 14:41:39,решено,0,
t004370,06.02.2025 11:12,u07922,чат,оплата и документы,3,a09,2025-02-06 12:01:52,2025-02-06 15:10:04,решено,0,
t002268,06.04.2025 12:14,u02236,чат,техническая проблема,1,a18,2025-04-06 12:17:59,2025-04-07 12:33:52,решено,0,
t004071,2025-05-05 11:14:00,u06596,почта,оплата и документы,2,a10,2025-05-05 11:27:49,2025-05-05 13:33:37,решено,0,
t005763,2025-01-09 02:40:00,u02046,почта,доступ и пароли,3,a04,2025-01-09 03:53:14,2025-01-09 03:53:28,решено,0,
t000984,10.03.2025 11:50,u06941,чат,доступ и пароли,1,a18,2025-03-10 13:16:15,2025-03-10 14:57:56,решено,0,
t001771,15.05.2025 03:25,u06392,телефон,доступ и пароли,2,a17,2025-05-15 03:41:20,2025-05-15 06:06:50,решено,1,
t003421,2025-02-23 06:53:00,u05525,телефон,доступ и пароли,2,a18,2025-02-23 08:16:30,2025-02-23 09:49:08,решено,0,
t001222,2025-06-23 14:57:00,u03580,чат,расписание и посещаемость,2,a07,2025-06-23 15:13:11,2025-06-23 21:16:15,решено,0,
t003629,2025-05-18 02:33:00,u03620,почта,техническая проблема,2,a04,,,новое,0,
t001315,02.05.2025 12:56,u05063,Чат,оплата и документы,3,a03,2025-05-02 13:33:58,2025-05-02 14:48:08,решено,0,
t000865,19.06.2025 09:06,u00511,чат,"",1,a16,2025-06-19 09:10:34,2025-06-19 17:23:25,закрыто без ответа,0,
t000612,2025-04-18 11:04:00,u03788,форма,техническая проблема,1,a09,2025-04-18 11:30:59,2025-04-19 05:06:09,закрыто без ответа,0,
t000114,2025-03-05 07:58:00,u04003,телефон,техническая проблема,1,a10,2025-03-05 09:36:44,2025-03-05 15:33:57,решено,0,
t001960,2025-01-07 07:12:00,u08836,почта,доступ и пароли,2,a07,2025-01-07 09:01:56,2025-01-06 07:22:29,решено,1,
t005575,21.01.2025 07:59,u05621,чат,техническая проблема,1,a04,2025-01-21 08:13:10,2025-01-21 13:24:19,решено,0,5
t000170,2025-05-27 06:58:00,u00150,почта,оплата и документы,2,a08,2025-05-27 07:26:45,2025-05-27 11:37:34,решено,0,3
t004478,2025-04-19 07:18:00,u05360,почта,расписание и посещаемость,2,a03,2025-04-19 07:21:56,2025-04-19 11:10:26,решено,0,
t003397,2025-06-02 07:30:00,u07049,форма,расписание и посещаемость,1,a11,2025-06-02 08:02:22,2025-06-02 11:20:32,закрыто без ответа,0,
t003620,26.03.2025 02:18,u07652,форма,расписание и посещаемость,2,a17,2025-03-26 02:30:28,2025-03-26 05:10:40,решено,0,4
t004725,24.02.2025 03:09,u01174,почта,доступ и пароли,2,a12,2025-02-24 04:21:40,2025-02-24 04:34:23,решено,0,3
t000338,2025-04-22 09:27:00,u03391,чат,NULL,3,a05,2025-04-22 09:55:46,,в работе,0,5
t000303,26.01.2025 12:09,u03493,почта,доступ и пароли,2,a03,2025-01-26 12:50:39,2025-01-26 13:14:59,решено,0,
t003431,2025-01-12 15:53:00,u01476,почта,NULL,2,a14,2025-01-12 16:04:36,2025-01-12 17:06:58,решено,1,4
t002745,2025-02-15 02:40:00,u03645,чат,доступ и пароли,2,a17,2025-02-15 03:48:20,2025-02-15 03:54:22,решено,0,
t001272,2025-06-19 11:29:00,u04543,форма,оплата и документы,3,a09,2025-06-19 11:48:45,2025-06-19 13:22:57,решено,0,4
t000545,2025-06-06 09:04:00,u06653,почта,прочее,2,a17,2025-06-06 09:11:05,2025-06-06 13:52:55,решено,0,
t000961,09.01.2025 14:07,u04566,почта,доступ и пароли,2,a10,2025-01-09 15:13:41,2025-01-09 15:39:33,решено,0,
t005393,2025-01-05 06:29:00,u02866,телефон,оплата и документы,2,a11,2025-01-05 07:09:53,2025-01-05 13:26:46,решено,0,5
t003929,2025-01-17 09:00:00,u02065,форма,доступ и пароли,1,a11,2025-01-17 10:26:33,2025-01-17 12:01:54,решено,0,
t003771,27.04.2025 11:36,u08484,чат,техническая проблема,3,a05,,,новое,0,
t005009,2025-06-08 05:46:00,u04020,почта,расписание и посещаемость,3,a11,2025-06-08 06:10:36,2025-06-08 10:16:56,решено,0,
t002987,27.02.2025 07:21,u01321,телефон,оплата и документы,2,a04,2025-02-27 08:00:35,2025-02-27 09:36:07,решено,0,
t003122,2025-04-02 03:22:00,u08143,телефон,прочее,2,a05,2025-04-02 03:32:20,2025-04-02 06:08:05,решено,0,
t000054,2025-02-24 07:11:00,u01071,чат,расписание и посещаемость,2,a14,2025-02-24 08:29:47,2025-02-24 09:52:53,решено,0,
t005561,2025-01-18 04:50:00,u01200,чат,доступ и пароли,2,a11,2025-01-18 05:59:18,2025-01-18 06:50:50,решено,0,3
t000239,12.03.2025 11:47,u01201,почта,доступ и пароли,1,a10,2025-03-12 12:09:13,2025-03-12 13:02:43,решено,0,
t004707,05.02.2025 20:01,u05722,телефон,техническая проблема,1,a16,2025-02-05 21:05:55,2025-02-06 03:33:06,решено,0,3
t004814,02.01.2025 04:26,u08289,чат,доступ и пароли,2,a07,2025-01-02 06:10:41,2025-01-02 07:13:45,решено,0,
t002728,2025-04-17 06:43:00,u05705,чат,прочее,2,a17,2025-04-17 06:54:10,2025-04-17 12:47:51,решено,0,
t004013,2025-05-23 12:48:00,u00307,почта,оплата и документы,2,a01,2025-05-23 13:04:19,2025-05-23 18:33:24,решено,0,
t005023,2025-06-16 08:27:00,u01382,форма,расписание и посещаемость,1,a05,2025-06-16 08:31:04,,в работе,0,
t001396,2025-05-19 15:08:00,u01960,почта,оплата и документы,1,a18,2025-05-19 15:23:11,2025-05-19 22:41:11,решено,0,
t002213,2025-02-03 07:50:00,u01396,чат,доступ и пароли,3,a17,2025-02-03 08:17:56,2025-02-03 08:34:53,решено,0,
t004661,2025-01-25 21:25:00,u07542,почта,техническая проблема,2,a13,2025-01-25 22:25:57,2025-01-26 09:07:15,решено,0,
t005837,2025-01-02 08:50:00,u08799,телефон,доступ и пароли,3,a14,2025-01-02 09:49:42,2025-01-02 10:15:37,решено,0,
t000022,23.04.2025 12:44,u00599,чат,оплата и документы,2,a05,2025-04-23 13:35:40,2025-04-23 14:57:50,решено,0,
t001406,2025-05-27 04:25:00,u03411,чат,оплата и документы,2,a09,2025-05-27 04:34:26,2025-05-27 05:32:38,решено,0,5
t005862,2025-06-09 04:46:00,u04271,почта,оплата и документы,1,a12,2025-06-09 05:12:33,2025-06-09 06:35:56,решено,0,
t000607,2025-04-27 10:08:00,u06057,почта,оплата и документы,3,a05,2025-04-27 10:27:09,2025-04-27 14:44:37,решено,0,
t005972,2025-03-19 13:33:00,u07509,форма,доступ и пароли,2,a12,2025-03-19 13:44:30,2025-03-19 17:51:42,решено,0,
t004884,2025-01-07 07:29:00,u00956,чат,доступ и пароли,2,a14,2025-01-07 09:11:17,2025-01-07 09:39:01,решено,0,
t001925,2025-01-03 06:48:00,u07492,Чат,доступ и пароли,2,a09,2025-01-03 07:04:26,2025-01-03 08:01:13,решено,0,
t004881,2025-05-22 12:09:00,u07090,чат,доступ и пароли,1,a10,2025-05-22 12:21:03,2025-05-22 13:12:47,решено,0,
t000314,22.04.2025 06:37,u08178,телефон,расписание и посещаемость,2,a03,2025-04-22 06:52:49,2025-04-22 08:05:22,решено,0,
t001420,2025-03-02 04:06:00,u01105,форма,расписание и посещаемость,2,a04,2025-03-02 05:55:33,2025-03-02 07:10:58,решено,0,
t001956,2025-06-26 03:48:00,u03686,почта,доступ и пароли,2,a01,2025-06-26 04:08:38,2025-06-26 04:34:38,решено,0,
t000199,2025-06-19 08:18:00,u03093,чат,доступ и пароли,2,a05,2025-06-19 08:42:08,2025-06-19 09:56:46,решено,0,1
t002189,2025-04-08 12:22:00,u01100,чат,техническая проблема,3,a16,2025-04-08 12:25:28,2025-04-08 21:58:41,решено,0,4
t005332,17.03.2025 05:53,u07545,телефон,прочее,3,a17,2025-03-17 06:04:07,2025-03-17 14:21:50,решено,0,5
t002033,2025-01-22 15:48:00,u01420,чат,доступ и пароли,1,a09,2025-01-22 17:02:33,2025-01-22 17:18:20,решено,0,
t001223,2025-02-07 13:14:00,u04452,форма,"",2,a06,2025-02-07 13:28:20,2025-02-07 15:46:19,решено,0,
t003797,02.01.2025 05:41,u05077,чат,прочее,2,a13,2025-01-02 07:26:00,2025-01-02 09:46:46,решено,0,5
t001348,2025-04-04 02:27:00,u07823,почта,техническая проблема,1,a09,2025-04-04 02:31:14,2025-04-04 12:15:22,решено,0,
t001436,2025-02-03 13:44:00,u03987,чат,техническая проблема,2,a08,2025-02-03 15:26:35,2025-02-03 17:29:04,решено,0,
t001409,2025-03-03 09:27:00,u01935,чат,доступ и пароли,1,a06,2025-03-03 09:31:51,2025-03-03 10:09:52,решено,0,4
t005701,2025-06-14 03:50:00,u02332,Чат,доступ и пароли,3,a17,2025-06-14 04:15:00,2025-06-14 04:44:05,решено,0,
t002775,2025-06-06 09:20:00,u06925,телефон,оплата и документы,1,a03,2025-06-06 09:47:39,,в работе,0,4
t004311,07.06.2025 08:41,u03407,чат,NULL,2,a01,2025-06-07 09:33:38,2025-06-07 22:18:13,решено,0,
t000169,05.06.2025 13:35,u03113,чат,расписание и посещаемость,1,a15,2025-06-05 13:56:33,2025-06-05 22:03:46,решено,0,
t005512,2025-02-22 01:53:00,u02553,телефон,оплата и документы,2,a08,2025-02-22 01:55:38,2025-02-22 04:50:36,решено,0,
t000277,2025-04-05 05:45:00,u05233,чат,доступ и пароли,2,a06,2025-04-05 06:40:42,2025-04-05 08:04:00,решено,0,
t001979,2025-02-12 08:28:00,u01232,чат,доступ и пароли,2,a03,2025-02-12 09:52:48,2025-02-12 10:11:56,решено,0,
t005048,03.01.2025 06:01,u03968,чат,доступ и пароли,3,a14,2025-01-03 06:23:13,2025-01-03 08:17:44,решено,0,5
t000574,2025-05-21 11:33:00,u08556,почта,доступ и пароли,2,a01,2025-05-21 12:19:49,2025-05-21 12:38:12,решено,0,
t005958,2025-05-21 12:29:00,u03123,телефон,доступ и пароли,2,a04,2025-05-21 13:10:07,2025-05-21 13:11:58,решено,0,
t003030,2025-05-02 11:29:00,u00385,почта,техническая проблема,1,a18,2025-05-02 12:08:19,2025-05-02 23:19:09,решено,0,
t002801,2025-05-20 09:16:00,u06841,чат,техническая проблема,2,a01,2025-05-20 09:37:50,2025-05-20 14:51:37,решено,0,
t005904,2025-04-04 02:39:00,u00880,чат,доступ и пароли,1,a05,2025-04-04 02:51:56,2025-04-04 04:14:51,решено,0,3
t003439,2025-06-23 09:04:00,u03613,чат,доступ и пароли,2,a02,2025-06-23 09:14:11,2025-06-23 09:35:15,решено,0,
t002456,2025-02-01 05:29:00,u06814,чат,доступ и пароли,2,a13,2025-02-01 05:53:40,2025-02-01 06:10:22,решено,0,
t005936,2025-01-10 08:58:00,u07735,телефон,техническая проблема,1,a02,2025-01-10 10:27:42,2025-01-11 09:33:30,решено,0,
t003225,2025-03-19 11:44:00,u06150,чат,оплата и документы,2,a17,2025-03-19 13:34:00,2025-03-20 03:44:06,решено,0,5
t000532,2025-03-07 13:01:00,u01435,чат,расписание и посещаемость,2,a18,2025-03-07 13:56:29,2025-03-07 17:39:58,решено,1,3
t001309,2025-01-09 12:57:00,u04988,чат,доступ и пароли,2,a04,2025-01-09 13:15:41,2025-01-09 13:59:00,решено,0,
t005379,2025-03-05 07:54:00,u05959,телефон,доступ и пароли,1,a18,2025-03-05 09:07:58,2025-03-05 09:36:32,решено,0,
t002520,2025-04-07 12:12:00,u02944,телефон,расписание и посещаемость,2,a04,2025-04-07 13:10:17,2025-04-07 19:01:19,решено,0,
t000168,21.05.2025 10:33,u07926,чат,техническая проблема,1,a03,2025-05-21 10:45:11,2025-05-21 18:35:47,решено,0,
t003583,2025-03-18 02:05:00,u05675,телефон,расписание и посещаемость,1,a11,2025-03-18 03:34:53,2025-03-18 03:54:02,решено,0,5
t005142,2025-03-23 02:48:00,u07613,чат,расписание и посещаемость,2,a04,2025-03-23 02:58:19,2025-03-23 03:33:08,решено,0,
t004531,2025-01-03 11:31:00,u06486,чат,прочее,1,a14,2025-01-03 11:46:25,2025-01-03 13:23:18,решено,0,
t005710,22.02.2025 12:57,u04910,телефон,доступ и пароли,1,a17,,,новое,0,
t001932,2025-04-24 16:49:00,u08937,телефон,доступ и пароли,3,a10,2025-04-24 17:08:23,2025-04-24 19:10:20,решено,0,
t002161,18.04.2025 13:08,u04378,чат,техническая проблема,1,a03,2025-04-18 13:54:10,2025-04-19 02:17:33,решено,0,
t001052,09.04.2025 16:55,u05129,телефон,прочее,2,a09,2025-04-09 17:09:04,2025-04-09 18:31:19,решено,1,
t000957,16.01.2025 05:03,u00686,чат,доступ и пароли,1,a02,2025-01-16 06:29:47,2025-01-16 07:47:39,решено,0,
t001926,24.01.2025 12:28,u00917,чат,доступ и пароли,3,a11,2025-01-24 12:39:57,2025-01-24 15:30:57,решено,0,3
t004177,13.02.2025 04:22,u04426,чат,доступ и пароли,1,a03,2025-02-13 05:04:20,2025-02-13 06:28:25,закрыто без ответа,0,3
t005611,2025-01-07 11:09:00,u04854,почта,доступ и пароли,2,a09,2025-01-07 11:13:46,2025-01-07 12:14:30,решено,0,
t004464,03.04.2025 13:31,u08178,Чат,оплата и документы,2,a12,2025-04-03 14:09:35,2025-04-03 15:29:20,решено,0,
t002204,15.04.2025 06:22,u02674,чат,оплата и документы,1,a09,2025-04-15 07:19:17,2025-04-15 13:25:42,решено,0,
t005741,2025-03-07 02:53:00,u08662,почта,доступ и пароли,2,a18,2025-03-07 03:08:00,2025-03-07 11:15:37,решено,0,
t003714,2025-04-03 12:01:00,u01330,почта,оплата и документы,2,a15,2025-04-03 12:08:22,,в работе,0,
t005108,10.01.2025 05:43,u08974,чат,расписание и посещаемость,2,a11,2025-01-10 06:04:12,2025-01-10 08:27:34,решено,0,5
t001836,2025-02-24 08:33:00,u03998,почта,доступ и пароли,2,a15,2025-02-24 09:02:19,2025-02-24 09:20:04,решено,0,
t005775,2025-02-04 12:51:00,u05591,почта,техническая проблема,2,a03,2025-02-04 14:18:43,2025-02-05 01:34:30,решено,0,
t004924,2025-02-11 06:49:00,u03319,форма,доступ и пароли,1,a05,2025-02-11 06:57:00,2025-02-11 07:42:32,решено,0,5
t001514,2025-04-12 08:52:00,u04808,чат,доступ и пароли,2,a11,2025-04-12 09:38:03,2025-04-12 12:26:57,решено,0,
t001077,24.02.2025 05:13,u00449,чат,доступ и пароли,3,a04,2025-02-24 05:17:16,2025-02-24 06:02:54,решено,0,
t002840,2025-05-06 14:12:00,u01474,чат,техническая проблема,2,a06,2025-05-06 14:14:58,2025-05-07 06:09:09,решено,0,
t001074,05.03.2025 12:14,u06779,чат,оплата и документы,1,a03,2025-03-05 12:24:19,2025-03-05 15:54:27,решено,0,
t002492,22.02.2025 16:08,u01814,чат,доступ и пароли,2,a01,2025-02-22 17:50:34,2025-02-22 21:02:43,решено,0,
t000146,2025-03-08 03:03:00,u04017,телефон,доступ и пароли,1,a01,2025-03-08 04:32:42,2025-03-08 04:49:32,решено,1,
t005409,08.03.2025 04:46,u04083,чат,доступ и пароли,2,a09,2025-03-08 05:57:23,2025-03-08 08:32:25,решено,0,
t001023,2025-04-22 10:27:00,u02743,телефон,прочее,1,a09,2025-04-22 10:43:08,2025-04-22 23:14:39,решено,0,
t005358,02.04.2025 14:01,u03644,чат,NULL,1,a06,2025-04-02 14:05:31,2025-04-02 15:34:29,решено,0,
t000900,2025-05-19 03:35:00,u01813,почта,расписание и посещаемость,3,a16,2025-05-19 03:51:15,2025-05-19 06:31:28,решено,0,
t002900,19.06.2025 07:07,u06375,почта,оплата и документы,1,a16,2025-06-19 08:10:47,2025-06-19 14:56:22,решено,0,
t004783,2025-01-07 01:25:00,u01941,форма,доступ и пароли,2,a03,2025-01-07 02:04:31,2025-01-07 02:17:31,решено,0,2
t001955,06.06.2025 05:02,u07775,телефон,расписание и посещаемость,3,a09,2025-06-06 05:18:30,2025-06-06 07:00:07,решено,0,
t000803,19.05.2025 07:03,u02259,чат,расписание и посещаемость,1,a01,2025-05-19 07:38:46,2025-05-19 09:13:15,решено,0,
t002021,2025-06-03 13:23:00,u08847,телефон,расписание и посещаемость,2,a16,2025-06-03 13:44:18,2025-06-03 15:03:19,решено,0,4
t002190,2025-04-18 09:46:00,u04450,чат,прочее,2,a16,2025-04-18 09:57:59,2025-04-18 13:54:28,решено,0,
t001292,2025-04-26 19:33:00,u01885,почта,доступ и пароли,1,a07,2025-04-26 19:38:47,2025-04-26 21:59:06,решено,1,
t003504,2025-04-03 06:49:00,u06882,чат,доступ и пароли,1,a08,2025-04-03 07:11:58,2025-04-03 08:34:30,решено,0,3
t001088,2025-01-19 11:37:00,u06907,чат,доступ и пароли,3,a13,2025-01-19 12:32:20,2025-01-19 13:16:59,решено,1,
t004390,2025-03-18 12:05:00,u00283,телефон,расписание и посещаемость,2,a06,2025-03-18 13:44:43,2025-03-18 14:22:34,решено,0,
t003347,2025-06-23 07:01:00,u00375,телефон,оплата и документы,2,a12,2025-06-23 07:08:31,2025-06-23 08:55:54,решено,0,
t000628,09.01.2025 17:50,u04566,чат,расписание и посещаемость,2,a01,2025-01-09 17:54:26,2025-01-09 23:57:34,решено,0,
t001236,2025-02-04 14:00:00,u01536,почта,оплата и документы,2,a07,2025-02-04 14:19:16,2025-02-04 22:16:32,решено,0,3
t000640,2025-04-18 09:52:00,u02900,почта,доступ и пароли,1,a08,2025-04-18 10:10:50,2025-04-18 10:19:24,решено,0,
t004039,24.06.2025 07:56,u06015,почта,оплата и документы,1,a07,2025-06-24 08:48:33,2025-06-24 15:16:09,решено,0,
t005294,2025-01-26 10:37:00,u02283,чат,расписание и посещаемость,1,a05,2025-01-26 12:19:30,2025-01-26 14:57:39,решено,0,5
t002871,2025-01-25 03:41:00,u08546,телефон,"",3,a12,2025-01-25 05:19:21,2025-01-25 07:06:55,решено,0,
t001508,2025-06-07 11:09:00,u06333,форма,доступ и пароли,2,a12,2025-06-07 11:27:18,2025-06-07 12:02:12,решено,0,
t003865,21.01.2025 03:28,u02531,чат,оплата и документы,1,a14,2025-01-21 05:04:21,2025-01-21 07:12:48,решено,0,
t000602,03.06.2025 10:44,u01767,форма,расписание и посещаемость,2,a11,2025-06-03 10:48:54,2025-06-03 12:55:58,решено,0,
t005040,03.06.2025 06:01,u08187,чат,расписание и посещаемость,2,a04,2025-06-03 06:04:24,2025-06-03 10:43:47,решено,0,
t001647,2025-06-10 07:23:00,u08162,чат,оплата и документы,1,a02,2025-06-10 07:45:30,2025-06-10 12:06:51,решено,0,
t001395,2025-02-24 13:40:00,u08461,чат,оплата и документы,2,a16,2025-02-24 15:23:48,2025-02-24 15:29:36,решено,0,
t003769,2025-04-04 07:26:00,u04718,почта,расписание и посещаемость,3,a11,2025-04-04 07:39:39,2025-04-04 11:35:05,решено,1,
t001749,2025-06-06 03:29:00,u00260,телефон,техническая проблема,1,a17,2025-06-06 04:06:37,2025-06-06 07:43:46,решено,0,3
t001765,2025-03-19 09:21:00,u03622,Чат,доступ и пароли,3,a18,2025-03-19 09:23:17,2025-03-19 09:57:22,решено,0,5
t000010,2025-05-03 09:51:00,u01813,чат,доступ и пароли,1,a01,2025-05-03 10:34:15,2025-05-03 11:10:25,решено,0,
t001856,03.03.2025 06:12,u00435,чат,техническая проблема,1,a07,2025-03-03 06:23:55,2025-03-04 18:21:53,решено,0,
t004501,2025-04-06 02:13:00,u03957,почта,оплата и документы,1,a05,2025-04-06 02:45:02,2025-04-06 03:52:45,решено,0,
t004212,2025-01-18 09:39:00,u08314,почта,расписание и посещаемость,2,a12,2025-01-18 10:51:30,2025-01-18 12:03:04,решено,0,
t000059,2025-06-01 08:17:00,u05882,почта,доступ и пароли,1,a17,2025-06-01 09:02:17,2025-06-01 09:58:35,решено,1,
t004162,2025-04-16 01:19:00,u01148,почта,расписание и посещаемость,2,a15,2025-04-16 02:03:50,2025-04-16 07:40:02,решено,0,5
t005896,07.06.2025 02:12,u03001,форма,расписание и посещаемость,1,a08,2025-06-07 02:26:51,2025-06-07 07:12:02,решено,0,
t005132,13.03.2025 07:57,u03442,почта,доступ и пароли,3,a11,2025-03-13 09:46:57,2025-03-13 09:47:54,решено,0,5
t002269,2025-06-23 07:36:00,u04733,почта,оплата и документы,1,a01,2025-06-23 08:33:26,2025-06-23 12:52:27,решено,0,
t002410,20.02.2025 10:38,u01246,почта,"",3,a11,2025-02-20 11:41:47,2025-02-20 12:11:29,решено,0,
t004402,2025-02-10 13:23:00,u02688,телефон,расписание и посещаемость,2,a08,2025-02-10 13:30:38,2025-02-10 15:41:48,решено,0,
t005581,2025-03-04 14:34:00,u01170,телефон,доступ и пароли,1,a18,2025-03-04 15:23:50,2025-03-04 16:54:09,решено,0,
t002674,20.05.2025 05:29,u06421,форма,доступ и пароли,2,a01,2025-05-20 05:50:41,2025-05-20 06:50:19,решено,0,
t003862,2025-04-25 09:46:00,u08659,почта,расписание и посещаемость,2,a04,2025-04-25 10:28:17,2025-04-25 13:45:44,решено,0,3
t004024,2025-02-27 07:25:00,u08656,чат,доступ и пароли,2,a11,2025-02-27 08:30:44,2025-02-27 09:19:20,решено,0,2
t000805,2025-05-04 17:35:00,u03818,чат,техническая проблема,1,a15,2025-05-04 17:51:06,2025-05-05 04:53:30,решено,0,
t000644,2025-05-20 08:30:00,u03829,форма,оплата и документы,1,a17,2025-05-20 08:41:41,2025-05-20 12:51:56,решено,0,
t001314,2025-06-05 05:09:00,u08954,чат,"",2,a17,2025-06-05 05:13:24,2025-06-05 13:01:52,решено,0,
t001465,2025-01-02 04:02:00,u07362,почта,прочее,2,a06,2025-01-02 04:19:33,2025-01-02 08:31:43,решено,0,
t000968,27.05.2025 12:51,u00953,чат,доступ и пароли,2,a01,2025-05-27 12:52:28,2025-05-27 14:03:06,решено,0,
t002925,15.06.2025 12:14,u06599,чат,расписание и посещаемость,2,a04,2025-06-15 12:45:06,2025-06-15 14:38:56,решено,0,
t004493,2025-04-03 03:35:00,u03812,почта,техническая проблема,2,a10,2025-04-03 03:46:36,2025-04-03 14:19:26,решено,0,
t000922,2025-01-19 08:03:00,u05356,почта,доступ и пароли,1,a04,2025-01-19 08:32:03,2025-01-19 08:48:33,решено,0,
t003653,05.02.2025 06:00,u03474,телефон,доступ и пароли,3,a16,2025-02-05 06:04:44,2025-02-05 06:45:00,решено,0,
t004692,16.01.2025 12:47,u01443,телефон,доступ и пароли,3,a03,2025-01-16 13:13:34,2025-01-16 13:17:30,решено,0,
t004051,2025-03-16 13:01:00,u03242,чат,доступ и пароли,2,a16,2025-03-16 14:26:23,2025-03-16 14:36:30,решено,0,
t004836,21.01.2025 03:51,u02172,телефон,"",3,a13,2025-01-21 05:34:34,2025-01-21 08:38:37,решено,0,
t001053,2025-03-14 04:09:00,u00669,почта,"",2,a12,2025-03-14 04:57:32,2025-03-14 09:02:58,решено,0,4
t001161,2025-05-19 03:50:00,u08265,телефон,техническая проблема,2,a18,2025-05-19 04:04:43,2025-05-19 08:57:04,решено,0,5
t002511,2025-04-19 09:40:00,u08275,форма,оплата и документы,2,a16,2025-04-19 10:14:22,2025-04-19 13:34:14,решено,1,
t005523,23.06.2025 04:40,u04725,почта,оплата и документы,2,a03,2025-06-23 04:45:02,2025-06-23 09:20:07,решено,0,
t004138,2025-02-26 12:04:00,u06694,чат,доступ и пароли,2,a06,2025-02-26 12:06:17,2025-02-26 13:24:09,решено,0,
t003599,2025-01-21 10:42:00,u03948,форма,оплата и документы,2,a08,2025-01-21 12:03:05,2025-01-21 15:16:22,решено,0,
t003091,2025-06-03 06:59:00,u06015,чат,доступ и пароли,2,a11,2025-06-03 07:08:05,2025-06-03 08:55:23,решено,0,
t003527,2025-02-23 09:20:00,u00421,чат,доступ и пароли,3,a10,2025-02-23 10:30:56,2025-02-23 15:57:53,решено,0,4
t003000,2025-06-25 07:29:00,u03431,чат,техническая проблема,1,a11,2025-06-25 07:46:19,2025-06-25 14:23:10,решено,0,
t003644,20.03.2025 04:03,u08806,чат,доступ и пароли,3,a02,2025-03-20 04:09:22,2025-03-20 07:00:08,решено,0,
t005992,2025-01-22 13:21:00,u08071,телефон,расписание и посещаемость,2,a07,2025-01-22 13:49:47,2025-01-22 15:47:09,решено,1,5
t003200,2025-06-06 01:09:00,u05745,телефон,оплата и документы,2,a01,2025-06-06 02:13:16,2025-06-06 03:38:47,решено,0,
t000750,2025-04-06 06:56:00,u04361,чат,оплата и документы,2,a15,2025-04-06 07:22:03,2025-04-06 11:09:25,решено,0,
t002790,2025-06-15 10:01:00,u03675,чат,прочее,2,a18,2025-06-15 10:42:06,2025-06-15 12:12:17,решено,0,
t001526,18.04.2025 03:42,u04168,чат,оплата и документы,2,a12,2025-04-18 04:08:14,2025-04-18 04:43:23,решено,0,
t000917,2025-05-05 02:12:00,u01946,чат,техническая проблема,1,a09,2025-05-05 02:31:28,2025-05-05 12:19:21,решено,0,
t000427,21.04.2025 10:57,u05994,почта,расписание и посещаемость,1,a05,2025-04-21 11:57:50,2025-04-21 12:56:00,закрыто без ответа,0,
t004111,2025-06-05 06:59:00,u00416,чат,,3,a17,2025-06-05 07:13:39,2025-06-05 11:09:37,решено,0,
t001038,2025-06-21 07:31:00,u03048,чат,техническая проблема,1,a06,2025-06-21 08:27:13,2025-06-21 11:41:56,решено,0,
t004862,15.01.2025 03:54,u05912,чат,техническая проблема,1,a13,2025-01-15 05:34:36,2025-01-15 23:27:37,решено,0,5
t005155,2025-03-12 12:11:00,u01233,чат,доступ и пароли,1,a06,2025-03-12 12:13:38,2025-03-12 13:07:36,решено,1,
t004126,2025-06-16 08:25:00,u00134,почта,доступ и пароли,2,a04,2025-06-16 08:42:49,2025-06-16 09:11:59,решено,0,
t004202,02.03.2025 17:16,u03685,почта,техническая проблема,1,a08,2025-03-02 17:34:22,2025-03-03 00:34:53,решено,0,1
t004541,2025-05-13 03:43:00,u08725,почта,оплата и документы,3,a17,2025-05-13 03:54:11,2025-05-13 06:48:16,решено,0,
t005381,2025-02-19 12:28:00,u03120,форма,оплата и документы,2,a16,2025-02-19 12:51:31,2025-02-19 16:02:25,решено,0,4
t002535,2025-02-17 07:34:00,u03524,почта,техническая проблема,1,a15,2025-02-17 08:34:57,2025-02-17 11:00:42,решено,0,4
t004429,07.06.2025 07:19,u08390,форма,техническая проблема,3,a12,2025-06-07 07:24:26,2025-06-06 07:07:30,решено,0,
t001984,09.04.2025 12:31,u05129,почта,прочее,3,a05,2025-04-09 12:56:39,2025-04-09 15:01:57,решено,0,
t000252,19.05.2025 03:33,u01309,телефон,оплата и документы,2,a10,2025-05-19 04:11:56,2025-05-19 05:14:22,решено,0,4
t000843,08.01.2025 12:16,u07562,чат,оплата и документы,3,a04,2025-01-08 13:37:54,2025-01-08 15:28:07,решено,0,2
t002505,2025-03-24 12:14:00,u00059,чат,техническая проблема,1,a17,2025-03-24 13:34:04,2025-03-25 12:25:24,решено,0,5
t003874,2025-06-14 08:44:00,u02332,почта,доступ и пароли,2,a06,2025-06-14 08:56:55,2025-06-14 10:59:43,решено,0,
t004276,2025-05-06 15:39:00,u02133,чат,доступ и пароли,1,a07,2025-05-06 16:15:07,2025-05-06 17:32:13,решено,1,
t001024,2025-03-24 01:22:00,u00107,чат,прочее,3,a16,2025-03-24 03:02:48,2025-03-24 06:29:14,решено,1,5
t000031,04.02.2025 11:18,u01193,почта,доступ и пароли,2,a04,2025-02-04 11:27:10,2025-02-04 12:27:52,решено,0,
t001120,2025-04-07 10:22:00,u01099,телефон,техническая проблема,1,a10,2025-04-07 10:55:16,2025-04-07 14:23:40,решено,0,
t000100,13.06.2025 13:44,u00243,чат,оплата и документы,2,a01,2025-06-13 14:48:45,2025-06-13 21:42:19,решено,0,
t001298,2025-06-26 13:35:00,u04595,чат,оплата и документы,2,a03,2025-06-26 14:28:02,2025-06-26 20:14:30,решено,0,
t002718,24.02.2025 09:02,u00868,форма,доступ и пароли,1,a07,2025-02-24 09:09:46,,в работе,0,
t001121,2025-05-03 02:00:00,u00371,чат,оплата и документы,2,a18,2025-05-03 02:08:19,2025-05-03 10:58:13,решено,0,
t002926,2025-01-05 01:14:00,u07565,форма,доступ и пароли,2,a14,,,новое,0,
t003787,2025-06-09 10:50:00,u02351,чат,оплата и документы,2,a09,2025-06-09 10:54:32,2025-06-09 17:11:00,решено,0,
t000862,2025-06-05 08:09:00,u01536,чат,расписание и посещаемость,2,a11,2025-06-05 09:01:39,2025-06-05 11:43:23,решено,0,
t005731,20.02.2025 04:32,u02637,почта,расписание и посещаемость,2,a02,2025-02-20 04:41:14,2025-02-20 05:18:12,решено,0,4
t005910,26.03.2025 01:02,u01924,почта,доступ и пароли,1,a18,2025-03-26 02:35:47,2025-03-26 03:01:39,решено,0,
t003774,2025-04-01 12:34:00,u03014,форма,техническая проблема,1,a01,2025-04-01 12:39:38,2025-04-01 16:34:06,решено,0,
t001735,2025-04-19 02:08:00,u08372,телефон,расписание и посещаемость,1,a03,2025-04-19 02:14:17,2025-04-19 07:07:09,решено,0,
t001822,2025-06-08 16:48:00,u07640,почта,оплата и документы,2,a06,2025-06-08 17:25:54,2025-06-08 21:13:06,решено,0,
t002583,11.01.2025 16:02,u03390,чат,оплата и документы,1,a12,2025-01-11 16:59:49,2025-01-12 02:26:53,решено,0,
t000550,2025-06-22 03:29:00,u03001,чат,доступ и пароли,2,a15,2025-06-22 03:41:33,2025-06-22 04:02:28,решено,0,5
t005633,2025-03-20 12:08:00,u02451,почта,доступ и пароли,1,a02,2025-03-20 12:52:40,2025-03-20 15:01:53,решено,0,3
t005998,2025-01-14 11:25:00,u06113,телефон,доступ и пароли,1,a14,2025-01-14 11:40:30,2025-01-14 14:32:01,решено,0,
t004698,2025-03-07 01:17:00,u01916,чат,расписание и посещаемость,2,a02,2025-03-07 02:43:56,2025-03-07 08:28:14,решено,0,1
t003339,2025-02-03 06:07:00,u08438,почта,расписание и посещаемость,1,a04,2025-02-03 07:37:41,2025-02-03 08:37:38,решено,0,3
t004413,02.05.2025 10:30,u04605,почта,доступ и пароли,2,a05,2025-05-02 10:49:08,2025-05-02 12:15:15,решено,1,
t004966,2025-04-18 09:30:00,u02020,форма,техническая проблема,1,a10,2025-04-18 09:38:18,2025-04-19 11:48:16,решено,0,
t001274,2025-06-09 09:10:00,u05941,чат,оплата и документы,2,a05,2025-06-09 09:43:30,2025-06-09 11:27:49,решено,0,
t002338,2025-03-03 05:00:00,u08477,чат,техническая проблема,1,a09,2025-03-03 06:13:11,2025-03-04 02:34:38,решено,0,
t002282,2025-06-24 10:52:00,u02651,чат,,2,a06,2025-06-24 11:01:03,2025-06-24 14:26:11,решено,0,
t000998,2025-06-08 08:28:00,u07885,чат,доступ и пароли,2,a01,2025-06-08 08:38:44,2025-06-08 09:18:30,решено,0,
t001242,19.01.2025 13:17,u06403,почта,расписание и посещаемость,2,a09,2025-01-19 14:14:30,2025-01-19 19:35:14,решено,0,
t005128,03.03.2025 07:37,u08897,чат,оплата и документы,2,a03,2025-03-03 07:52:51,,в работе,0,
t004757,2025-05-07 07:05:00,u03817,чат,оплата и документы,2,a03,,,новое,0,
t004996,05.04.2025 13:32,u05901,чат,расписание и посещаемость,3,a10,2025-04-05 13:41:48,2025-04-05 15:17:28,решено,0,
t000964,19.06.2025 09:28,u03864,чат,расписание и посещаемость,3,a05,2025-06-19 10:16:51,2025-06-19 11:29:07,решено,0,
t001872,2025-05-06 11:40:00,u03829,почта,оплата и документы,2,a15,2025-05-06 11:48:34,2025-05-06 14:17:22,решено,0,
t001340,2025-06-18 03:03:00,u05874,чат,техническая проблема,2,a09,2025-06-18 03:05:56,2025-06-18 15:40:26,решено,0,4
t005319,01.03.2025 10:42,u07445,чат,доступ и пароли,1,a15,2025-03-01 12:04:22,2025-03-01 12:27:31,решено,0,
t005307,2025-03-21 11:17:00,u02972,чат,NULL,2,a02,2025-03-21 13:05:40,2025-03-21 13:26:36,решено,0,3
t002199,04.01.2025 05:46,u01648,почта,доступ и пароли,1,a14,2025-01-04 07:20:38,2025-01-04 09:57:17,решено,0,2
t004856,02.02.2025 08:28,u03947,телефон,расписание и посещаемость,3,a15,2025-02-02 08:46:54,2025-02-02 10:10:48,закрыто без ответа,0,4
t003472,2025-02-07 10:33:00,u07727,почта,доступ и пароли,3,a18,2025-02-07 11:02:33,2025-02-06 10:48:04,решено,0,4
t005501,2025-06-20 09:11:00,u08187,почта,техническая проблема,3,a08,2025-06-20 09:17:56,2025-06-20 14:48:32,решено,0,
t005256,2025-05-08 01:56:00,u08765,почта,оплата и документы,3,a18,2025-05-08 02:04:56,2025-05-08 09:10:19,решено,0,
t001598,12.04.2025 15:00,u06608,чат,оплата и документы,2,a02,2025-04-12 15:16:38,2025-04-12 16:53:14,решено,0,
t005300,05.03.2025 04:25,u05508,чат,доступ и пароли,3,a18,2025-03-05 04:49:33,2025-03-05 05:33:26,решено,0,5
t004274,2025-04-24 02:18:00,u06969,форма,оплата и документы,3,a09,2025-04-24 02:33:39,2025-04-24 11:07:11,решено,0,
t004770,24.04.2025 13:52,u02236,почта,оплата и документы,2,a15,2025-04-24 14:42:44,2025-04-24 17:30:07,решено,0,
t005666,21.05.2025 08:30,u07138,чат,оплата и документы,2,a18,2025-05-21 08:35:56,2025-05-21 12:12:55,решено,0,
t000665,18.04.2025 09:08,u02985,Чат,техническая проблема,1,a05,2025-04-18 09:09:49,2025-04-19 04:02:37,решено,0,
t005054,2025-02-24 01:20:00,u05779,чат,прочее,1,a07,2025-02-24 01:24:41,2025-02-24 06:20:47,решено,0,4
t000924,2025-02-07 02:28:00,u04198,форма,оплата и документы,2,a12,2025-02-07 04:17:16,2025-02-07 09:04:39,решено,0,
t001494,2025-04-04 08:59:00,u03687,форма,NULL,2,a12,2025-04-04 09:20:40,2025-04-04 11:18:10,решено,0,
t004680,2025-04-04 09:13:00,u06536,почта,техническая проблема,1,a02,2025-04-04 09:23:35,2025-04-04 12:15:06,решено,0,
t000495,23.04.2025 09:43,u01985,чат,расписание и посещаемость,1,a16,2025-04-23 09:54:18,2025-04-23 11:34:08,решено,0,
t001407,18.03.2025 07:56,u01210,почта,доступ и пароли,2,a05,2025-03-18 09:21:10,2025-03-18 10:04:33,решено,0,
t003987,15.03.2025 11:32,u04517,чат,оплата и документы,2,a04,2025-03-15 13:22:48,2025-03-15 14:39:36,решено,0,
t004788,2025-01-22 13:02:00,u02341,почта,оплата и документы,3,a08,2025-01-22 13:25:23,2025-01-22 15:49:29,решено,0,
t005990,15.06.2025 11:24,u08263,форма,оплата и документы,3,a11,2025-06-15 11:34:07,2025-06-15 19:46:48,решено,1,
t002855,14.02.2025 01:49,u04247,форма,техническая проблема,2,a09,2025-02-14 02:44:00,2025-02-14 04:27:28,решено,0,
t005641,2025-01-25 11:51:00,u07844,телефон,техническая проблема,1,a12,2025-01-25 11:53:49,2025-01-26 02:26:10,решено,0,
t001682,05.06.2025 11:20,u03612,чат,оплата и документы,1,a11,2025-06-05 11:32:14,2025-06-05 14:21:35,закрыто без ответа,0,5
t002134,2025-03-07 03:58:00,u01916,форма,доступ и пароли,3,a11,2025-03-07 05:44:30,2025-03-07 08:15:53,решено,0,
t003968,2025-04-01 09:20:00,u04689,форма,"",2,a18,2025-04-01 09:37:15,2025-04-01 09:48:42,решено,0,
t003670,2025-04-20 10:32:00,u08975,почта,техническая проблема,3,a15,,,новое,0,
t004772,2025-04-11 11:23:00,u00598,телефон,оплата и документы,2,a15,2025-04-11 12:19:49,2025-04-11 13:38:50,решено,0,
t001180,2025-05-25 05:49:00,u07905,чат,техническая проблема,1,a03,2025-05-25 05:58:39,2025-05-25 12:57:49,решено,0,
t000217,03.05.2025 10:59,u08996,почта,техническая проблема,3,a07,2025-05-03 11:06:53,2025-05-03 22:23:07,решено,0,
t001804,19.04.2025 05:56,u07723,почта,оплата и документы,1,a01,2025-04-19 06:01:31,2025-04-19 08:48:46,решено,0,
t001048,2025-04-04 11:33:00,u08975,чат,оплата и документы,3,a07,2025-04-04 11:47:32,2025-04-04 14:56:58,решено,0,
t000540,2025-04-20 02:50:00,u00221,чат,доступ и пароли,2,a01,2025-04-20 03:25:38,2025-04-20 04:10:59,решено,0,
t004557,18.01.2025 11:54,u01957,чат,техническая проблема,1,a14,2025-01-18 13:22:42,2025-01-18 21:49:27,решено,0,
t000185,04.02.2025 15:16,u05689,чат,доступ и пароли,2,a01,2025-02-04 15:36:28,2025-02-04 16:13:48,решено,0,4
t001880,2025-01-22 03:00:00,u07180,чат,техническая проблема,2,a04,2025-01-22 03:22:50,2025-01-22 15:45:48,решено,0,
t005049,2025-02-24 05:51:00,u03731,форма,,2,a11,2025-02-24 07:03:14,2025-02-24 08:57:27,решено,0,
t002576,2025-03-17 04:50:00,u02069,почта,доступ и пароли,2,a15,2025-03-17 04:52:52,2025-03-17 04:59:11,решено,1,
t003231,02.04.2025 13:09,u04450,чат,доступ и пароли,2,a06,2025-04-02 13:25:30,2025-04-02 14:47:53,закрыто без ответа,0,
t001755,2025-03-05 03:28:00,u06345,почта,оплата и документы,1,a08,2025-03-05 04:05:46,2025-03-05 04:30:36,решено,0,
t002686,2025-01-03 03:09:00,u07150,чат,техническая проблема,1,a05,2025-01-03 04:50:35,2025-01-03 17:21:38,решено,0,5
t003617,2025-02-13 11:02:00,u06246,чат,доступ и пароли,1,a16,2025-02-13 12:51:56,2025-02-13 14:25:57,решено,0,5
t003041,2025-02-22 07:05:00,u06798,почта,доступ и пароли,2,a11,2025-02-22 07:12:53,2025-02-22 09:54:31,решено,0,
t004403,2025-02-24 12:29:00,u01013,телефон,доступ и пароли,3,a12,2025-02-24 13:25:25,2025-02-24 14:23:26,решено,0,
t001879,2025-04-25 09:59:00,u05891,почта,прочее,2,a02,2025-04-25 10:29:42,2025-04-25 13:08:16,решено,0,
t004825,2025-03-18 09:27:00,u04516,чат,доступ и пароли,2,a17,2025-03-18 10:40:32,2025-03-18 10:43:53,решено,0,
t000500,2025-06-20 10:21:00,u07233,почта,техническая проблема,1,a04,2025-06-20 10:34:19,2025-06-20 18:24:12,решено,0,
t002919,2025-06-02 12:22:00,u06998,телефон,расписание и посещаемость,2,a06,2025-06-02 12:51:26,2025-06-02 14:27:14,решено,0,
t001073,2025-01-07 13:55:00,u08645,почта,доступ и пароли,3,a06,2025-01-07 14:05:33,2025-01-07 15:01:18,решено,0,2
t000415,2025-03-15 09:35:00,u05633,чат,доступ и пароли,2,a02,2025-03-15 10:51:07,2025-03-15 13:57:23,решено,0,4
t003727,24.03.2025 01:26,u04513,чат,техническая проблема,3,a05,2025-03-24 01:36:19,2025-03-24 04:30:42,решено,0,
t004982,04.04.2025 06:21,u03788,почта,оплата и документы,1,a06,2025-04-04 06:38:53,2025-04-04 13:05:59,решено,0,
t004652,19.06.2025 12:22,u05515,чат,оплата и документы,3,a03,2025-06-19 12:41:23,2025-06-19 18:48:22,решено,0,
t000677,2025-05-18 06:34:00,u05963,чат,техническая проблема,1,a15,2025-05-18 06:46:26,2025-05-18 17:01:03,решено,0,
t003840,2025-04-26 02:20:00,u03647,почта,расписание и посещаемость,2,a04,2025-04-26 03:11:53,2025-04-26 04:48:29,решено,0,
t001559,2025-01-05 09:20:00,u01251,чат,доступ и пароли,2,a14,2025-01-05 10:32:48,2025-01-05 11:48:02,решено,1,
t003692,2025-04-12 12:14:00,u05518,чат,техническая проблема,1,a17,2025-04-12 13:13:04,2025-04-12 21:09:45,решено,0,
t003452,19.01.2025 01:56,u04103,чат,доступ и пароли,1,a14,2025-01-19 03:08:09,2025-01-19 03:12:48,решено,0,2
t001003,2025-02-02 09:23:00,u00868,телефон,техническая проблема,1,a10,2025-02-02 09:26:53,2025-02-02 14:04:00,решено,0,4
t002508,2025-04-17 19:49:00,u04314,почта,расписание и посещаемость,2,a11,2025-04-17 20:16:14,2025-04-17 21:33:50,решено,0,2
t005826,2025-03-04 10:17:00,u08437,чат,доступ и пароли,2,a16,2025-03-04 10:45:44,2025-03-04 11:42:57,решено,0,4
t004006,2025-03-20 04:24:00,u08764,чат,доступ и пароли,1,a02,2025-03-20 05:07:38,2025-03-20 05:58:05,решено,0,
t002120,2025-02-18 06:19:00,u01161,почта,техническая проблема,2,a01,2025-02-18 07:59:36,2025-02-18 22:26:37,решено,0,
t002323,2025-05-18 20:42:00,u01971,чат,техническая проблема,1,a01,2025-05-18 20:44:20,2025-05-18 23:29:14,решено,0,
t002526,2025-01-02 10:51:00,u06364,чат,доступ и пароли,1,a05,,,новое,0,
t001062,2025-06-05 03:21:00,u05023,почта,прочее,3,a15,2025-06-05 03:23:03,2025-06-05 04:10:43,решено,0,
t002495,2025-04-22 13:25:00,u05036,чат,оплата и документы,2,a12,2025-04-22 13:27:03,,в работе,0,
t001867,17.04.2025 10:55,u04533,телефон,доступ и пароли,2,a12,2025-04-17 10:58:21,2025-04-17 12:23:45,решено,0,
t005807,2025-06-18 01:50:00,u05270,телефон,доступ и пароли,1,a03,2025-06-18 02:22:35,2025-06-18 02:59:15,решено,0,
t005126,2025-06-14 09:48:00,u06674,телефон,расписание и посещаемость,2,a02,2025-06-14 09:59:42,2025-06-14 15:59:03,решено,0,
t000109,2025-06-08 13:15:00,u07556,телефон,расписание и посещаемость,2,a10,2025-06-08 13:17:05,2025-06-08 16:28:07,решено,0,3
t002516,2025-04-23 05:34:00,u00494,чат,техническая проблема,1,a18,2025-04-23 05:51:49,2025-04-23 11:40:28,решено,0,
t001868,2025-05-08 12:50:00,u02991,форма,техническая проблема,2,a17,2025-05-08 13:03:42,2025-05-09 01:44:43,решено,0,
t000209,06.02.2025 03:36,u08966,чат,доступ и пароли,3,a18,2025-02-06 04:54:57,2025-02-06 05:35:16,решено,0,
t001391,18.05.2025 08:20,u04255,чат,техническая проблема,1,a05,2025-05-18 08:25:44,2025-05-18 10:31:07,решено,0,
t002140,2025-04-09 11:20:00,u08393,почта,расписание и посещаемость,3,a17,2025-04-09 11:43:54,2025-04-09 14:10:53,решено,0,
t003424,2025-06-19 20:11:00,u00363,чат,техническая проблема,3,a04,2025-06-19 20:21:11,2025-06-20 09:47:41,решено,0,
t002121,2025-02-27 07:31:00,u06972,чат,доступ и пароли,2,a15,2025-02-27 07:49:29,2025-02-27 08:41:20,решено,0,
t001020,01.06.2025 04:40,u05882,телефон,техническая проблема,2,a11,2025-06-01 04:58:05,2025-06-01 10:12:44,решено,0,
t000757,2025-01-02 01:38:00,u05465,чат,техническая проблема,1,a06,2025-01-02 01:54:20,2025-01-02 17:34:48,решено,0,4
t005555,05.02.2025 02:58,u03071,телефон,расписание и посещаемость,2,a11,2025-02-05 03:14:13,2025-02-05 09:38:00,решено,0,
t005008,2025-04-18 08:40:00,u00055,Чат,,2,a17,2025-04-18 09:01:02,2025-04-18 10:14:49,решено,0,
t004451,2025-06-07 10:13:00,u00766,чат,доступ и пароли,2,a18,2025-06-07 11:07:38,2025-06-07 11:24:25,решено,0,
t002482,2025-06-25 05:11:00,u08463,чат,оплата и документы,2,a18,2025-06-25 05:21:00,2025-06-25 11:15:00,решено,0,
t003166,10.03.2025 09:04,u07973,почта,доступ и пароли,2,a02,2025-03-10 09:15:09,2025-03-10 09:45:08,решено,0,
t002878,2025-03-23 13:27:00,u06605,чат,доступ и пароли,2,a16,2025-03-23 14:14:46,2025-03-23 16:13:26,решено,0,4
t000017,07.04.2025 13:37,u02864,телефон,расписание и посещаемость,2,a04,2025-04-07 13:57:18,2025-04-07 16:33:39,решено,0,
t003850,2025-01-23 11:26:00,u00129,чат,оплата и документы,3,a13,2025-01-23 11:52:25,2025-01-23 16:41:40,решено,1,5
t000403,2025-01-03 03:06:00,u04062,чат,доступ и пароли,3,a04,2025-01-03 03:29:02,2025-01-03 07:32:26,решено,0,
t003939,06.03.2025 13:42,u05257,чат,доступ и пароли,2,a05,2025-03-06 15:13:38,2025-03-06 17:31:26,решено,0,5
t000661,2025-01-03 12:43:00,u04169,чат,доступ и пароли,3,a09,2025-01-03 12:58:08,2025-01-03 13:51:26,решено,0,
t000713,2025-06-15 11:04:00,u04889,почта,доступ и пароли,3,a11,2025-06-15 11:29:18,2025-06-15 13:43:42,решено,0,
t004727,2025-05-11 11:13:00,u06818,телефон,расписание и посещаемость,3,a17,2025-05-11 11:34:14,2025-05-11 15:01:14,закрыто без ответа,0,3
t002263,09.03.2025 04:51,u03259,почта,доступ и пароли,1,a18,2025-03-09 05:52:41,2025-03-09 07:03:16,решено,0,
t000193,2025-03-03 06:03:00,u05821,телефон,оплата и документы,2,a01,2025-03-03 06:45:04,2025-03-03 10:41:36,решено,1,
t003906,2025-06-08 01:08:00,u00302,чат,оплата и документы,3,a03,2025-06-08 01:11:55,2025-06-08 05:05:12,решено,0,
t003532,2025-02-06 05:11:00,u07619,телефон,доступ и пароли,3,a08,2025-02-06 07:02:27,2025-02-06 08:45:02,решено,0,
t004012,22.04.2025 09:10,u07830,чат,оплата и документы,2,a05,2025-04-22 09:31:27,2025-04-22 10:07:50,решено,0,
t003779,2025-02-16 05:34:00,u04199,чат,техническая проблема,3,a14,2025-02-16 05:40:01,2025-02-16 12:22:54,решено,0,
t004301,26.05.2025 05:29,u06797,почта,оплата и документы,2,a17,2025-05-26 05:48:13,2025-05-26 08:58:23,решено,1,
t001935,2025-04-02 13:30:00,u04168,чат,прочее,3,a04,2025-04-02 14:23:34,2025-04-02 18:49:20,решено,0,
t004968,2025-06-20 09:39:00,u04204,чат,расписание и посещаемость,2,a03,2025-06-20 09:41:25,2025-06-20 16:07:43,решено,0,
t003927,2025-03-06 04:42:00,u00539,чат,расписание и посещаемость,1,a05,2025-03-06 05:04:07,2025-03-06 07:48:04,решено,0,
t001799,2025-02-05 09:07:00,u00518,форма,доступ и пароли,1,a12,2025-02-05 10:09:03,2025-02-05 10:51:47,решено,1,
t004019,24.05.2025 05:42,u03177,чат,доступ и пароли,2,a15,2025-05-24 05:47:55,2025-05-24 06:49:27,решено,0,
t004904,2025-01-08 03:57:00,u08005,чат,NULL,3,a14,2025-01-08 04:04:08,2025-01-08 04:31:39,решено,0,
t000242,12.05.2025 02:18,u04694,чат,техническая проблема,1,a05,2025-05-12 03:11:03,2025-05-12 10:35:44,решено,0,
t001427,2025-03-12 05:10:00,u08457,чат,доступ и пароли,1,a12,2025-03-12 05:33:58,2025-03-12 06:30:37,решено,0,5
t004129,2025-02-05 17:42:00,u02001,чат,доступ и пароли,2,a14,2025-02-05 17:54:47,2025-02-05 19:48:03,решено,0,4
t000936,02.03.2025 08:51,u00842,телефон,доступ и пароли,2,a12,2025-03-02 09:03:54,2025-03-02 09:45:20,решено,0,
t000856,2025-02-20 10:40:00,u03115,чат,техническая проблема,2,a09,2025-02-20 11:47:53,2025-02-20 16:15:24,решено,0,5
t005095,2025-02-03 05:32:00,u05140,почта,доступ и пароли,2,a14,2025-02-03 05:57:15,2025-02-03 06:45:49,решено,0,2
t005534,2025-03-25 05:39:00,u02661,чат,оплата и документы,2,a04,2025-03-25 05:41:13,2025-03-25 10:39:24,решено,0,
t002209,2025-05-07 07:39:00,u00881,почта,расписание и посещаемость,1,a15,2025-05-07 08:36:46,2025-05-07 20:43:05,решено,0,
t005314,06.05.2025 13:16,u04151,почта,расписание и посещаемость,1,a03,2025-05-06 13:39:19,2025-05-06 18:05:27,решено,0,
t003263,2025-03-23 01:57:00,u05959,телефон,доступ и пароли,2,a03,2025-03-23 03:13:20,2025-03-23 05:20:22,решено,0,
t003897,2025-05-27 01:41:00,u04673,почта,прочее,2,a18,2025-05-27 01:58:10,2025-05-27 23:26:27,решено,0,
t001857,2025-02-08 13:02:00,u04522,чат,прочее,2,a06,2025-02-08 14:45:09,2025-02-08 19:14:42,решено,0,
t000663,05.06.2025 06:34,u04334,почта,оплата и документы,3,a17,2025-06-05 07:00:22,2025-06-05 08:31:30,решено,0,
t005962,2025-04-07 09:55:00,u07723,чат,расписание и посещаемость,2,a04,2025-04-07 10:53:55,2025-04-07 11:59:06,решено,0,
t005472,23.05.2025 04:01,u02101,Чат,расписание и посещаемость,3,a16,2025-05-23 04:02:55,2025-05-23 07:44:18,решено,0,
t005595,18.02.2025 08:13,u05094,почта,доступ и пароли,2,a05,2025-02-18 10:03:48,2025-02-18 11:13:25,решено,0,5
t003224,2025-06-19 06:39:00,u06680,чат,техническая проблема,1,a16,2025-06-19 06:54:34,2025-06-19 12:04:45,решено,0,
t001046,2025-02-03 09:23:00,u01378,чат,оплата и документы,1,a09,2025-02-03 11:01:20,2025-02-03 16:49:21,решено,0,
t004872,2025-04-19 09:35:00,u05121,чат,расписание и посещаемость,2,a05,2025-04-19 09:38:16,2025-04-19 11:50:28,решено,0,
t005025,03.06.2025 03:37,u05034,форма,оплата и документы,3,a05,2025-06-03 04:18:48,2025-06-03 10:33:41,решено,0,
t000232,2025-01-05 01:36:00,u03044,почта,"",2,a01,2025-01-05 01:46:51,2025-01-05 07:29:15,решено,0,
t000143,2025-06-22 06:15:00,u03919,почта,расписание и посещаемость,2,a10,2025-06-22 06:31:01,,в работе,0,5
t002693,2025-02-19 10:49:00,u04875,почта,расписание и посещаемость,1,a06,2025-02-19 11:47:58,2025-02-19 15:14:41,решено,0,
t001872,2025-05-06 11:40:00,u03829,почта,оплата и документы,2,a15,2025-05-06 11:48:34,2025-05-06 14:17:22,решено,0,
t002043,2025-06-17 14:32:00,u08185,форма,расписание и посещаемость,1,a15,2025-06-17 15:17:02,2025-06-17 15:43:20,решено,0,
t000570,2025-04-04 12:41:00,u07495,почта,оплата и документы,2,a09,2025-04-04 12:47:45,2025-04-04 15:59:11,решено,0,
t005521,2025-05-19 07:53:00,u03475,чат,техническая проблема,2,a18,2025-05-19 08:45:02,2025-05-19 11:36:50,решено,0,
t003588,2025-06-04 07:50:00,u04647,форма,доступ и пароли,3,a02,2025-06-04 08:02:11,2025-06-04 08:17:15,решено,0,5
t002302,20.03.2025 08:34,u05314,почта,доступ и пароли,1,a12,2025-03-20 08:57:16,2025-03-20 09:26:17,решено,0,5
t003440,05.05.2025 11:27,u07601,почта,расписание и посещаемость,3,a05,2025-05-05 12:04:02,2025-05-05 15:18:54,решено,0,
t005948,2025-04-18 04:57:00,u05208,чат,расписание и посещаемость,2,a07,2025-04-18 05:18:05,,в работе,0,
t003340,24.04.2025 02:09,u02962,почта,расписание и посещаемость,2,a03,2025-04-24 02:26:20,2025-04-24 04:42:13,решено,0,
t001544,2025-02-03 03:08:00,u08438,почта,прочее,1,a05,2025-02-03 04:17:44,2025-02-03 07:31:38,решено,0,5
t003368,2025-04-07 11:50:00,u07936,чат,доступ и пароли,2,a06,2025-04-07 12:37:32,2025-04-07 14:09:54,решено,1,
t003167,27.01.2025 12:46,u06589,телефон,оплата и документы,3,a05,2025-01-27 12:48:13,2025-01-27 17:34:51,решено,0,
t002634,2025-02-21 16:16:00,u05607,чат,техническая проблема,3,a17,2025-02-21 16:27:55,2025-02-22 02:47:44,решено,0,5
t005421,04.04.2025 08:06,u07143,чат,доступ и пароли,1,a15,2025-04-04 09:09:08,2025-04-04 10:32:02,решено,0,
t001845,2025-04-05 09:47:00,u02964,телефон,доступ и пароли,1,a04,2025-04-05 10:49:24,2025-04-05 12:20:44,решено,0,4
t004715,14.03.2025 07:17,u06750,почта,доступ и пароли,1,a02,2025-03-14 09:07:36,2025-03-14 13:02:53,решено,0,
t002671,2025-01-07 11:25:00,u05366,чат,доступ и пароли,1,a14,2025-01-07 11:50:31,2025-01-07 12:03:24,решено,0,4
t000802,2025-02-26 13:12:00,u04182,чат,доступ и пароли,1,a06,2025-02-26 13:34:20,2025-02-26 15:55:57,решено,0,2
t004845,2025-02-21 13:06:00,u07785,почта,доступ и пароли,2,a01,2025-02-21 14:25:36,2025-02-21 14:55:35,решено,0,2
t000219,2025-06-26 06:16:00,u01840,чат,расписание и посещаемость,3,a01,2025-06-26 06:44:09,2025-06-26 10:04:08,решено,0,
t001078,2025-03-18 06:40:00,u07173,чат,доступ и пароли,2,a01,2025-03-18 07:08:58,2025-03-18 08:01:22,решено,0,3
t004552,2025-05-21 02:41:00,u06414,почта,техническая проблема,2,a10,2025-05-21 03:08:41,2025-05-21 14:34:12,решено,0,
t000772,2025-06-16 16:03:00,u06256,почта,техническая проблема,2,a01,2025-06-16 16:23:37,2025-06-17 05:36:16,решено,0,
t000110,2025-02-24 08:06:00,u00797,почта,оплата и документы,2,a04,2025-02-24 09:43:33,2025-02-24 12:49:01,решено,0,5
t000158,2025-04-21 13:26:00,u03856,почта,расписание и посещаемость,3,a18,2025-04-21 14:12:45,2025-04-21 16:42:44,решено,0,
t005677,23.05.2025 07:06,u06126,форма,оплата и документы,1,a17,2025-05-23 07:34:23,2025-05-23 08:47:37,решено,0,
t002627,02.02.2025 13:07,u07620,чат,доступ и пароли,3,a16,2025-02-02 14:43:43,2025-02-02 15:08:22,решено,1,5
t003012,23.05.2025 12:06,u07944,чат,доступ и пароли,2,a08,2025-05-23 12:09:19,2025-05-23 12:58:53,решено,0,
t003691,2025-02-26 13:33:00,u08103,форма,"",2,a04,2025-02-26 14:57:35,2025-02-26 15:45:06,решено,0,
t002785,2025-04-06 09:00:00,u03639,телефон,расписание и посещаемость,3,a01,2025-04-06 09:15:39,2025-04-06 12:05:58,решено,0,
t004382,2025-04-17 10:29:00,u08377,чат,техническая проблема,1,a08,2025-04-17 10:46:56,2025-04-17 17:09:19,решено,0,
t000057,2025-01-18 11:14:00,u04009,форма,доступ и пароли,2,a01,2025-01-18 12:31:10,2025-01-18 12:31:44,решено,0,
t000905,2025-05-04 12:39:00,u03820,почта,доступ и пароли,2,a07,2025-05-04 13:01:49,2025-05-04 13:21:45,решено,0,
t001524,2025-03-22 12:33:00,u03516,чат,доступ и пароли,1,a11,2025-03-22 12:51:50,2025-03-22 13:46:17,решено,0,5
t004282,2025-05-21 05:02:00,u06414,чат,прочее,3,a17,2025-05-21 05:12:27,2025-05-21 10:26:04,решено,0,3
t001034,2025-03-18 09:20:00,u07343,чат,техническая проблема,3,a15,2025-03-18 10:16:28,2025-03-18 16:49:54,решено,0,3
t001192,2025-05-04 02:08:00,u01786,чат,расписание и посещаемость,1,a01,2025-05-04 02:28:12,2025-05-04 04:18:25,решено,0,
t000069,23.01.2025 09:13,u00113,почта,техническая проблема,3,a12,2025-01-23 09:19:03,2025-01-23 16:56:22,решено,0,
t003361,21.05.2025 12:41,u05005,чат,оплата и документы,2,a12,2025-05-21 12:44:34,2025-05-21 16:51:11,решено,0,
t000583,2025-01-19 07:40:00,u05473,чат,доступ и пароли,2,a08,2025-01-19 07:46:32,2025-01-19 08:54:27,решено,0,
t002981,2025-05-03 07:49:00,u00371,чат,оплата и документы,2,a01,2025-05-03 07:54:26,2025-05-03 23:37:42,решено,0,
t005985,06.06.2025 19:27,u07925,почта,техническая проблема,1,a08,2025-06-06 20:25:13,2025-06-07 09:01:33,решено,0,
t005348,2025-01-23 04:32:00,u01520,чат,техническая проблема,1,a04,2025-01-23 05:55:45,2025-01-23 09:30:50,решено,0,
t000418,02.05.2025 10:50,u03715,чат,техническая проблема,1,a04,2025-05-02 11:54:45,2025-05-02 15:31:18,решено,0,2
t001200,2025-05-05 10:22:00,u07944,почта,техническая проблема,1,a01,2025-05-05 10:35:19,2025-05-05 19:02:44,решено,0,
t004285,2025-06-22 05:33:00,u01987,чат,оплата и документы,2,a18,2025-06-22 05:39:09,2025-06-22 09:14:04,решено,0,
t002986,2025-03-07 05:49:00,u07712,чат,доступ и пароли,2,a03,2025-03-07 07:38:05,2025-03-07 08:01:44,решено,0,
t000483,2025-06-14 13:09:00,u07069,чат,доступ и пароли,2,a09,2025-06-14 13:24:27,2025-06-14 15:45:52,решено,0,
t004991,2025-04-03 10:19:00,u05751,чат,оплата и документы,2,a15,2025-04-03 10:42:33,2025-04-03 12:53:37,закрыто без ответа,0,
t003935,06.01.2025 14:44,u07927,почта,доступ и пароли,2,a08,2025-01-06 15:44:08,2025-01-06 16:08:23,решено,0,5
t001905,2025-03-07 04:05:00,u06072,чат,прочее,3,a15,2025-03-07 04:34:21,2025-03-07 07:32:12,решено,0,
t001283,2025-03-27 11:08:00,u00814,почта,оплата и документы,3,a04,2025-03-27 11:31:57,2025-03-27 18:09:11,решено,0,5
t005688,2025-03-03 11:46:00,u08477,телефон,доступ и пароли,2,a04,2025-03-03 12:02:30,2025-03-03 12:49:36,решено,0,4
t003036,2025-05-26 07:34:00,u00551,чат,расписание и посещаемость,3,a05,2025-05-26 07:58:21,2025-05-26 09:57:20,решено,0,
t005760,2025-01-13 09:05:00,u00887,форма,доступ и пароли,2,a04,2025-01-13 09:33:06,2025-01-13 12:10:04,решено,0,5
t001759,20.01.2025 02:59,u05757,почта,доступ и пароли,2,a08,2025-01-20 03:22:23,2025-01-20 03:57:40,решено,0,
t003033,05.06.2025 07:36,u05782,чат,доступ и пароли,3,a08,2025-06-05 07:46:22,2025-06-05 10:01:54,решено,0,
t004455,2025-01-22 14:55:00,u01146,телефон,оплата и документы,2,a14,2025-01-22 15:19:41,2025-01-22 20:24:11,решено,0,
t000295,2025-05-07 06:53:00,u01470,почта,доступ и пароли,2,a16,2025-05-07 07:39:06,2025-05-07 08:12:06,решено,0,5
t004702,2025-01-20 02:30:00,u06472,телефон,доступ и пароли,2,a12,2025-01-20 03:59:50,2025-01-20 05:45:34,решено,0,5
t004778,2025-02-12 10:13:00,u00051,чат,доступ и пароли,2,a14,2025-02-12 10:50:56,2025-02-12 13:13:52,решено,0,
t003261,12.06.2025 01:49,u01292,чат,расписание и посещаемость,2,a11,2025-06-12 01:50:35,2025-06-12 12:21:56,решено,0,5
t000012,12.05.2025 02:06,u08049,телефон,доступ и пароли,2,a12,2025-05-12 02:08:57,2025-05-12 02:43:53,решено,0,
t001499,2025-02-06 05:39:00,u06940,телефон,доступ и пароли,1,a05,2025-02-06 06:57:18,2025-02-06 07:58:32,решено,0,
t004913,2025-05-18 11:03:00,u07528,почта,оплата и документы,2,a10,2025-05-18 11:07:41,2025-05-18 14:48:43,решено,0,
t005278,2025-05-07 04:52:00,u01425,почта,техническая проблема,2,a06,2025-05-07 05:07:51,2025-05-07 14:40:07,решено,0,
t001482,24.05.2025 10:05,u01314,телефон,техническая проблема,1,a11,2025-05-24 10:53:59,2025-05-24 15:58:03,решено,0,
t003810,2025-05-21 07:03:00,u03881,форма,техническая проблема,1,a10,2025-05-21 07:27:02,2025-05-22 18:47:13,решено,0,
t000857,2025-06-19 09:38:00,u08832,чат,оплата и документы,2,a12,2025-06-19 10:31:32,2025-06-19 15:27:18,решено,0,
t002781,2025-01-21 09:04:00,u01130,почта,доступ и пароли,2,a09,2025-01-21 10:15:16,2025-01-21 10:53:51,решено,0,
t004186,2025-04-17 09:57:00,u01387,чат,расписание и посещаемость,3,a11,2025-04-17 10:35:26,2025-04-17 11:27:24,решено,0,5
t000047,27.03.2025 07:04,u07974,чат,"",2,a10,2025-03-27 08:18:56,2025-03-27 09:28:40,решено,0,
t003373,2025-04-20 07:08:00,u03421,почта,техническая проблема,1,a16,2025-04-20 08:07:35,2025-04-20 20:07:04,решено,0,
t005101,2025-03-02 07:34:00,u07196,почта,"",2,a01,2025-03-02 09:16:12,2025-03-02 09:19:24,решено,0,
t000603,25.06.2025 03:30,u08279,чат,техническая проблема,1,a17,2025-06-25 03:40:26,2025-06-26 10:03:32,решено,0,
t003177,08.05.2025 05:11,u04449,почта,расписание и посещаемость,2,a01,2025-05-08 05:43:00,2025-05-08 08:02:13,решено,0,
t005544,2025-03-23 06:06:00,u05051,телефон,доступ и пароли,2,a17,2025-03-23 06:13:46,2025-03-23 11:15:46,решено,0,5
t003998,20.06.2025 18:51,u07307,телефон,оплата и документы,1,a01,2025-06-20 19:08:56,,в работе,0,
t005877,2025-06-15 03:13:00,u05737,чат,"",2,a03,2025-06-15 03:17:47,2025-06-15 05:49:40,решено,1,
t003655,2025-06-02 04:13:00,u02344,чат,расписание и посещаемость,1,a07,2025-06-02 04:18:44,2025-06-02 08:53:17,решено,0,
t000363,07.02.2025 10:59,u06212,почта,доступ и пароли,2,a12,2025-02-07 11:01:45,2025-02-07 13:42:28,решено,0,2
t002848,2025-01-16 19:50:00,u01443,чат,NULL,2,a04,2025-01-16 20:48:49,2025-01-16 22:39:03,решено,0,
t002826,2025-02-26 13:15:00,u05586,телефон,доступ и пароли,2,a17,2025-02-26 14:30:55,2025-02-26 14:33:17,решено,0,
t003545,2025-05-01 15:24:00,u01221,форма,расписание и посещаемость,3,a03,2025-05-01 15:40:05,2025-05-01 21:44:02,решено,0,
t004002,04.05.2025 12:36,u08959,форма,техническая проблема,3,a17,2025-05-04 12:51:28,2025-05-03 13:27:20,решено,0,
t001675,2025-06-17 11:27:00,u02203,телефон,техническая проблема,2,a18,2025-06-17 12:27:14,2025-06-17 20:55:10,решено,0,
t003316,2025-01-13 04:03:00,u05379,чат,доступ и пароли,2,a03,2025-01-13 05:54:53,2025-01-13 07:43:11,решено,0,4
t000649,2025-06-06 15:26:00,u01657,чат,оплата и документы,3,a12,2025-06-06 16:04:23,2025-06-06 16:29:34,решено,0,
t005988,2025-06-21 13:38:00,u00552,чат,расписание и посещаемость,1,a10,2025-06-21 13:58:02,2025-06-21 21:31:01,решено,0,
t001096,03.05.2025 11:50,u02380,форма,прочее,2,a06,2025-05-03 12:00:52,2025-05-03 19:04:09,решено,0,
t001329,2025-06-05 04:19:00,u03774,телефон,доступ и пароли,1,a07,2025-06-05 05:04:57,2025-06-05 05:20:30,решено,0,
t000290,26.05.2025 08:38,u06552,Чат,расписание и посещаемость,1,a10,2025-05-26 08:48:55,2025-05-26 09:48:16,решено,0,
t001245,2025-04-22 14:51:00,u08143,почта,оплата и документы,2,a01,2025-04-22 14:56:23,2025-04-22 16:28:50,решено,0,5
t002815,2025-01-13 13:38:00,u07887,чат,расписание и посещаемость,2,a09,2025-01-13 14:59:30,2025-01-13 17:17:23,решено,0,
t000319,2025-01-22 08:37:00,u03789,телефон,прочее,1,a10,2025-01-22 08:49:11,2025-01-22 11:59:37,решено,0,
t004361,09.03.2025 01:54,u08767,чат,расписание и посещаемость,3,a12,2025-03-09 02:12:54,2025-03-09 06:37:25,решено,0,
t004900,2025-04-21 05:06:00,u07978,чат,доступ и пароли,3,a01,2025-04-21 05:59:29,2025-04-21 06:08:12,решено,0,
t003032,2025-05-04 18:26:00,u06640,чат,оплата и документы,1,a03,2025-05-04 18:43:26,2025-05-04 20:57:14,решено,0,3
t003148,2025-02-10 10:42:00,u00453,телефон,доступ и пароли,3,a15,2025-02-10 10:56:39,2025-02-10 13:57:38,решено,0,
t001170,2025-04-18 02:48:00,u00554,почта,техническая проблема,1,a07,2025-04-18 03:42:56,2025-04-18 09:22:19,решено,0,
t001122,06.05.2025 06:21,u07726,Чат,техническая проблема,3,a07,2025-05-06 06:44:07,2025-05-06 13:26:55,решено,0,
t001273,2025-02-03 02:34:00,u00645,форма,расписание и посещаемость,2,a08,2025-02-03 04:20:33,2025-02-03 05:51:51,решено,0,4
t003488,2025-01-05 11:31:00,u02345,почта,доступ и пароли,2,a03,2025-01-05 12:49:02,2025-01-05 13:00:00,решено,0,1
t000385,04.01.2025 13:21,u03948,телефон,доступ и пароли,2,a08,2025-01-04 15:12:14,2025-01-04 15:37:45,решено,0,
t004298,26.01.2025 19:01,u03587,чат,доступ и пароли,2,a12,2025-01-26 19:21:12,2025-01-26 23:12:38,закрыто без ответа,0,
t002423,2025-03-19 02:58:00,u05257,телефон,техническая проблема,1,a11,2025-03-19 04:26:54,2025-03-19 14:58:18,решено,0,
t001357,20.01.2025 01:50,u07178,чат,техническая проблема,2,a14,2025-01-20 03:36:33,2025-01-20 16:15:53,решено,0,
t002346,2025-06-13 08:09:00,u00410,чат,доступ и пароли,2,a06,2025-06-13 08:24:38,2025-06-13 09:17:33,решено,1,5
t002551,2025-05-06 07:00:00,u00491,чат,техническая проблема,2,a05,2025-05-06 07:07:00,2025-05-06 08:57:13,решено,0,
t004015,2025-04-11 08:01:00,u07713,почта,расписание и посещаемость,3,a10,2025-04-11 08:30:32,2025-04-11 11:30:35,решено,0,
t005175,2025-06-18 09:50:00,u05990,чат,расписание и посещаемость,2,a01,2025-06-18 10:38:13,2025-06-18 11:54:21,решено,0,
t001717,2025-03-06 11:13:00,u00460,почта,доступ и пароли,1,a06,,,новое,0,
t003426,11.04.2025 08:29,u01249,чат,доступ и пароли,3,a17,2025-04-11 08:31:02,2025-04-10 07:56:55,решено,0,
t004943,2025-02-04 05:48:00,u02086,почта,оплата и документы,2,a03,2025-02-04 06:49:38,2025-02-04 09:47:41,решено,1,
t005199,21.03.2025 11:18,u07386,чат,расписание и посещаемость,2,a03,2025-03-21 12:17:25,2025-03-21 13:36:13,решено,0,5
t001698,2025-03-04 08:26:00,u01170,форма,оплата и документы,3,a06,2025-03-04 09:24:11,2025-03-04 10:16:45,решено,0,
t003891,25.03.2025 12:12,u02887,почта,техническая проблема,1,a10,2025-03-25 13:42:52,2025-03-25 18:09:23,решено,0,
t005374,07.04.2025 03:40,u02492,Чат,прочее,2,a03,2025-04-07 04:21:22,2025-04-07 09:35:40,решено,1,
t004431,2025-01-18 10:14:00,u00792,чат,NULL,1,a03,2025-01-18 11:16:32,2025-01-18 11:19:38,решено,0,
t005799,2025-05-03 12:15:00,u00319,чат,NULL,2,a16,2025-05-03 12:45:45,2025-05-03 14:31:30,решено,0,
t001639,2025-05-25 06:56:00,u02222,форма,оплата и документы,1,a11,2025-05-25 07:13:56,,в работе,1,
t005798,2025-01-12 09:10:00,u01476,чат,прочее,3,a04,2025-01-12 10:47:00,2025-01-12 13:06:35,решено,0,
t004777,2025-05-20 08:14:00,u06457,чат,доступ и пароли,1,a01,2025-05-20 09:16:30,2025-05-20 10:17:53,решено,0,
t000051,2025-01-15 09:38:00,u03253,чат,доступ и пароли,1,a05,2025-01-15 10:49:29,2025-01-15 11:28:09,решено,1,
t003679,2025-05-05 16:15:00,u01208,чат,расписание и посещаемость,2,a03,2025-05-05 16:28:55,2025-05-05 17:18:02,решено,0,
t001015,20.01.2025 12:12,u05004,чат,расписание и посещаемость,2,a08,2025-01-20 13:07:30,2025-01-20 14:08:36,решено,1,
t003382,2025-05-12 12:39:00,u00489,чат,NULL,2,a01,,,новое,0,
t003519,2025-04-18 15:18:00,u07763,телефон,оплата и документы,3,a03,2025-04-18 16:13:53,2025-04-18 18:06:36,решено,0,
t005668,2025-06-02 01:02:00,u06035,чат,оплата и документы,3,a03,2025-06-02 01:14:44,2025-06-02 03:51:42,решено,0,
t001603,2025-06-05 01:31:00,u05657,почта,расписание и посещаемость,2,a12,2025-06-05 01:40:52,2025-06-05 03:54:37,решено,0,
t005524,2025-01-15 09:19:00,u04911,Чат,техническая проблема,2,a12,2025-01-15 09:32:38,2025-01-15 14:06:38,закрыто без ответа,0,
t003805,2025-05-03 08:27:00,u01975,чат,оплата и документы,3,a04,2025-05-03 08:52:01,2025-05-03 12:13:54,решено,0,5
t005906,2025-02-20 10:14:00,u01875,телефон,доступ и пароли,2,a16,2025-02-20 11:22:59,2025-02-20 12:48:05,решено,0,4
t000822,14.02.2025 07:59,u07483,телефон,техническая проблема,2,a07,2025-02-14 09:02:55,2025-02-14 19:43:43,решено,0,
t003180,2025-03-27 15:42:00,u04309,чат,доступ и пароли,2,a09,2025-03-27 15:53:16,,в работе,1,
t002882,2025-04-18 09:37:00,u00517,чат,техническая проблема,2,a02,2025-04-18 09:56:00,2025-04-18 14:48:20,решено,0,
t000444,2025-01-13 12:12:00,u04553,почта,доступ и пароли,2,a03,2025-01-13 12:38:41,2025-01-13 13:26:54,решено,0,4
t001995,2025-05-01 11:37:00,u06052,телефон,техническая проблема,1,a02,2025-05-01 11:46:02,2025-05-01 20:14:08,решено,0,
t003202,2025-04-18 16:01:00,u02020,чат,расписание и посещаемость,2,a04,2025-04-18 16:06:06,2025-04-18 20:21:55,решено,1,
t003745,09.02.2025 12:36,u02784,чат,расписание и посещаемость,1,a08,2025-02-09 12:38:16,2025-02-09 13:24:14,решено,0,
t002732,2025-03-05 11:47:00,u02451,почта,доступ и пароли,2,a02,2025-03-05 12:04:33,2025-03-05 12:59:55,решено,0,
t000709,2025-01-24 03:33:00,u01034,почта,расписание и посещаемость,1,a13,2025-01-24 03:59:37,2025-01-24 06:05:54,решено,0,
t005705,06.06.2025 18:06,u01987,чат,техническая проблема,2,a02,2025-06-06 18:11:11,,в работе,0,
t001498,2025-05-02 08:59:00,u08654,чат,NULL,1,a18,2025-05-02 09:57:39,2025-05-02 17:07:05,решено,0,
t001042,2025-02-24 12:59:00,u05385,чат,доступ и пароли,3,a14,2025-02-24 13:24:08,2025-02-24 14:52:01,решено,1,
t001507,2025-02-03 01:46:00,u01890,чат,доступ и пароли,1,a03,2025-02-03 02:02:58,2025-02-03 02:12:20,решено,0,
t001306,2025-04-27 01:46:00,u02284,чат,доступ и пароли,1,a06,2025-04-27 01:56:07,,в работе,0,
t001532,04.06.2025 10:41,u02484,чат,расписание и посещаемость,2,a02,2025-06-04 10:49:33,2025-06-04 14:13:21,решено,0,4
t003806,2025-03-25 11:59:00,u05489,чат,расписание и посещаемость,3,a18,2025-03-25 12:19:30,2025-03-25 15:33:51,решено,0,
t005373,2025-05-17 05:29:00,u01241,форма,оплата и документы,1,a01,2025-05-17 05:46:11,2025-05-17 08:22:17,решено,1,
t002980,2025-04-17 03:31:00,u02349,чат,техническая проблема,3,a08,2025-04-17 03:46:16,,в работе,1,
t000896,2025-01-07 02:55:00,u01984,чат,оплата и документы,3,a12,2025-01-07 03:52:00,2025-01-07 12:16:01,решено,0,
t004911,2025-02-19 01:36:00,u07990,чат,техническая проблема,2,a08,2025-02-19 02:45:52,2025-02-19 11:00:20,решено,0,
t003282,2025-03-09 10:38:00,u06225,чат,доступ и пароли,2,a01,2025-03-09 10:59:38,,в работе,0,5
t005045,2025-04-05 06:10:00,u03766,чат,доступ и пароли,1,a17,2025-04-05 06:25:45,2025-04-05 06:38:46,решено,0,
t001824,2025-02-02 09:55:00,u04134,чат,доступ и пароли,1,a04,2025-02-02 11:32:22,2025-02-02 13:53:50,закрыто без ответа,0,5
t000227,2025-04-09 05:20:00,u00847,чат,техническая проблема,2,a15,2025-04-09 05:24:29,2025-04-09 21:58:46,решено,0,
t002932,22.05.2025 15:04,u03011,чат,оплата и документы,2,a05,2025-05-22 15:05:41,2025-05-22 19:36:04,решено,0,
t001151,2025-06-23 07:22:00,u01086,почта,оплата и документы,2,a16,2025-06-23 07:39:04,2025-06-23 09:52:43,решено,0,
t002630,2025-06-19 11:33:00,u08062,Чат,техническая проблема,1,a18,2025-06-19 11:53:59,2025-06-19 19:36:51,решено,0,
t004922,13.02.2025 08:36,u03010,почта,доступ и пароли,1,a06,2025-02-13 09:47:35,2025-02-13 12:05:41,решено,0,
t004501,2025-04-06 02:13:00,u03957,почта,оплата и документы,1,a05,2025-04-06 02:45:02,2025-04-06 03:52:45,решено,0,
t005453,2025-05-27 17:08:00,u08999,чат,доступ и пароли,2,a04,2025-05-27 17:22:06,2025-05-27 17:37:01,решено,0,
t000082,23.03.2025 01:46,u04419,чат,NULL,3,a03,2025-03-23 02:07:17,2025-03-23 04:03:29,решено,0,4
t003704,2025-02-22 06:11:00,u05574,чат,доступ и пароли,2,a09,2025-02-22 07:07:38,2025-02-22 07:39:15,решено,0,
t004247,2025-02-23 09:49:00,u03181,почта,оплата и документы,2,a18,2025-02-23 10:16:47,2025-02-23 14:06:43,решено,0,2
t004917,2025-03-10 06:39:00,u07973,почта,доступ и пароли,2,a17,2025-03-10 07:08:47,2025-03-10 07:28:11,решено,0,
t003141,2025-04-10 10:24:00,u07271,чат,техническая проблема,2,a06,2025-04-10 10:29:45,2025-04-10 19:36:54,решено,0,
t005637,06.06.2025 03:37,u05745,чат,оплата и документы,3,a09,2025-06-06 03:42:47,2025-06-06 05:09:19,решено,0,
t002920,2025-06-08 15:24:00,u05355,чат,техническая проблема,1,a03,2025-06-08 16:17:42,2025-06-09 02:19:47,решено,0,
t002023,06.05.2025 04:07,u00491,чат,доступ и пароли,2,a03,2025-05-06 04:18:08,2025-05-06 05:12:44,решено,0,
t000991,2025-06-04 14:03:00,u05374,почта,доступ и пароли,3,a02,2025-06-04 14:52:58,2025-06-04 17:48:36,решено,0,5
t002710,2025-05-14 10:29:00,u06199,форма,доступ и пароли,2,a06,2025-05-14 10:52:22,2025-05-13 11:13:32,решено,0,
t000380,06.04.2025 11:15,u02962,телефон,техническая проблема,1,a08,2025-04-06 11:26:13,2025-04-06 17:02:38,решено,0,
t001312,20.01.2025 04:02,u07178,форма,техническая проблема,3,a14,2025-01-20 04:19:25,2025-01-21 19:14:34,решено,0,
t002944,2025-01-11 05:12:00,u05958,почта,доступ и пароли,1,a06,2025-01-11 06:44:40,2025-01-11 08:15:03,решено,0,
t003831,2025-03-14 15:53:00,u08424,форма,расписание и посещаемость,2,a03,2025-03-14 17:07:10,2025-03-14 23:10:11,решено,0,
t001183,2025-05-21 06:06:00,u00456,почта,расписание и посещаемость,3,a15,2025-05-21 06:49:19,2025-05-21 07:54:56,решено,0,
t005691,2025-01-05 04:04:00,u08347,Чат,расписание и посещаемость,3,a02,2025-01-05 05:35:30,,в работе,0,
t005389,2025-01-12 08:08:00,u01268,чат,расписание и посещаемость,3,a02,2025-01-12 08:31:22,2025-01-12 11:25:41,решено,0,3
t004593,2025-06-23 10:15:00,u01477,телефон,доступ и пароли,2,a03,2025-06-23 11:08:18,2025-06-23 12:54:44,решено,0,
t001172,2025-01-10 12:21:00,u07276,чат,доступ и пароли,2,a02,2025-01-10 13:16:33,2025-01-10 13:47:33,решено,0,
t002009,2025-02-21 08:13:00,u05280,почта,доступ и пароли,2,a03,2025-02-21 08:25:54,2025-02-21 08:51:08,решено,0,
t004848,2025-03-23 02:48:00,u00130,форма,доступ и пароли,1,a04,2025-03-23 04:08:26,2025-03-23 04:12:13,решено,0,
t002122,2025-06-07 17:41:00,u08669,форма,техническая проблема,3,a18,2025-06-07 18:23:09,,в работе,0,
t002285,23.01.2025 18:24,u05261,чат,доступ и пароли,1,a01,2025-01-23 19:07:47,2025-01-23 19:08:03,решено,0,
t000937,2025-01-23 09:29:00,u05307,почта,доступ и пароли,1,a14,2025-01-23 11:01:14,2025-01-23 11:49:33,решено,0,
t000683,2025-04-25 13:39:00,u02849,телефон,оплата и документы,1,a06,2025-04-25 13:41:10,2025-04-25 15:58:51,решено,0,
t003545,2025-05-01 15:24:00,u01221,форма,расписание и посещаемость,3,a03,2025-05-01 15:40:05,2025-05-01 21:44:02,решено,0,
t000775,2025-02-25 10:30:00,u02609,телефон,доступ и пароли,3,a06,2025-02-25 10:33:41,2025-02-25 12:39:11,решено,0,4
t004336,2025-01-22 11:10:00,u07875,чат,расписание и посещаемость,2,a04,2025-01-22 11:27:25,2025-01-22 14:10:12,решено,0,
t005860,2025-04-21 01:50:00,u01027,чат,доступ и пароли,2,a02,2025-04-21 01:58:59,2025-04-21 03:22:44,решено,0,5
t001710,2025-06-23 20:03:00,u06913,чат,расписание и посещаемость,3,a07,,,новое,0,
t005378,2025-05-04 08:16:00,u04402,почта,техническая проблема,2,a17,2025-05-04 08:32:52,2025-05-04 19:38:03,решено,0,
t001493,20.05.2025 03:23,u01896,чат,прочее,2,a03,2025-05-20 03:35:07,2025-05-20 07:46:28,решено,0,
t004185,2025-05-23 04:12:00,u03355,чат,техническая проблема,3,a16,2025-05-23 04:32:34,2025-05-23 12:18:45,решено,0,
t005160,23.02.2025 02:27,u08551,чат,прочее,3,a06,2025-02-23 02:34:54,2025-02-23 17:47:59,решено,0,
t005006,2025-06-06 10:34:00,u03919,почта,доступ и пароли,2,a04,2025-06-06 11:03:58,2025-06-06 12:29:09,решено,0,
t001471,22.06.2025 04:54,u03637,телефон,оплата и документы,1,a01,2025-06-22 05:19:37,2025-06-22 07:26:42,решено,0,
t001006,15.02.2025 07:37,u04375,форма,доступ и пароли,3,a12,2025-02-15 08:03:32,2025-02-15 09:13:08,решено,0,5
t000582,27.02.2025 17:08,u06823,чат,доступ и пароли,2,a03,2025-02-27 17:52:32,2025-02-27 18:27:33,решено,0,5
t005659,2025-06-23 17:44:00,u07933,чат,оплата и документы,3,a16,2025-06-23 18:14:05,2025-06-23 21:32:27,решено,0,
t002072,2025-01-05 01:15:00,u00748,почта,оплата и документы,1,a14,2025-01-05 01:34:30,2025-01-05 05:12:51,решено,0,
t004785,06.06.2025 03:57,u02327,почта,доступ и пароли,1,a08,2025-06-06 04:20:33,2025-06-06 05:43:33,решено,0,3
t004178,2025-04-04 09:53:00,u08821,чат,расписание и посещаемость,1,a07,2025-04-04 10:12:48,2025-04-04 16:27:04,решено,0,
t004016,2025-06-20 12:52:00,u04307,телефон,техническая проблема,2,a06,2025-06-20 13:15:53,2025-06-20 16:00:24,решено,0,
t000056,06.02.2025 18:19,u06088,чат,доступ и пароли,2,a06,2025-02-06 18:35:23,2025-02-06 19:27:28,решено,1,
t003762,2025-02-03 13:34:00,u02189,почта,доступ и пароли,1,a04,2025-02-03 14:01:14,2025-02-03 15:08:28,решено,0,
t001921,18.02.2025 05:01,u02814,телефон,оплата и документы,3,a01,2025-02-18 06:18:15,2025-02-18 08:45:52,решено,1,5
t002367,2025-02-17 03:55:00,u01513,чат,доступ и пароли,1,a14,2025-02-17 05:43:25,2025-02-17 06:01:47,решено,0,
t000212,19.02.2025 04:04,u07669,чат,техническая проблема,3,a17,2025-02-19 04:06:48,2025-02-18 04:41:27,решено,1,
t005357,2025-02-17 07:47:00,u01513,чат,доступ и пароли,3,a03,2025-02-17 07:53:43,2025-02-17 11:13:15,решено,0,
t005699,2025-01-23 03:21:00,u08493,чат,прочее,1,a10,2025-01-23 04:44:00,2025-01-23 08:07:04,решено,0,
t004591,06.02.2025 04:54,u08352,чат,доступ и пароли,3,a03,2025-02-06 05:11:12,2025-02-06 07:07:19,решено,0,
t005047,2025-05-02 06:55:00,u00385,телефон,техническая проблема,3,a03,2025-05-02 06:57:04,2025-05-02 11:50:21,решено,0,
t002709,2025-05-22 05:10:00,u07419,телефон,оплата и документы,3,a08,2025-05-22 05:24:41,,в работе,0,
t002111,2025-05-09 07:07:00,u05587,форма,расписание и посещаемость,3,a16,2025-05-09 07:19:05,2025-05-09 17:59:56,решено,0,
t000719,2025-02-05 14:18:00,u01714,чат,доступ и пароли,1,a01,2025-02-05 16:07:43,2025-02-05 16:57:35,решено,0,3
t003395,05.03.2025 12:48,u07173,телефон,доступ и пароли,2,a08,2025-03-05 14:11:53,2025-03-05 14:52:25,решено,0,
t005584,2025-03-06 20:10:00,u05257,почта,доступ и пароли,1,a01,2025-03-06 20:23:36,2025-03-06 21:14:58,решено,0,
t005660,2025-03-01 05:14:00,u08728,чат,,2,a08,2025-03-01 05:45:18,2025-03-01 07:12:16,решено,0,5
t002532,2025-06-23 13:11:00,u01086,чат,оплата и документы,2,a01,2025-06-23 13:17:46,2025-06-23 17:17:01,решено,0,4
t001657,2025-04-14 04:46:00,u07891,чат,оплата и документы,1,a15,2025-04-14 05:10:08,2025-04-14 06:31:49,решено,0,
t005485,2025-01-18 09:16:00,u06861,телефон,доступ и пароли,3,a06,2025-01-18 10:14:23,2025-01-18 11:57:36,решено,0,5
t002602,04.05.2025 13:19,u05768,чат,доступ и пароли,2,a12,2025-05-04 13:55:50,2025-05-04 15:10:48,решено,0,
t002380,11.02.2025 07:14,u03156,чат,техническая проблема,1,a06,2025-02-11 07:38:48,2025-02-11 14:54:18,решено,0,
t001217,2025-01-03 09:55:00,u04883,чат,доступ и пароли,3,a12,2025-01-03 10:14:44,2025-01-03 11:17:57,решено,0,
t005607,2025-03-18 10:08:00,u05466,чат,доступ и пароли,3,a07,2025-03-18 11:20:01,2025-03-18 11:36:53,решено,1,5
t004807,2025-03-27 02:08:00,u03607,почта,прочее,1,a10,2025-03-27 03:18:16,2025-03-27 06:45:07,решено,0,
t001009,2025-04-19 19:16:00,u06175,почта,расписание и посещаемость,1,a18,2025-04-19 19:20:26,2025-04-20 01:14:05,решено,0,
t004708,18.01.2025 08:56,u00212,форма,доступ и пароли,1,a08,2025-01-18 10:00:30,2025-01-18 11:38:32,решено,1,
t004657,2025-04-03 14:19:00,u04603,почта,оплата и документы,2,a09,2025-04-03 14:51:30,2025-04-03 16:07:24,решено,0,
t000599,2025-02-21 02:19:00,u00572,чат,доступ и пароли,2,a12,2025-02-21 03:05:44,2025-02-21 03:27:53,решено,0,2
t003991,07.05.2025 01:46,u01947,почта,,1,a04,2025-05-07 01:57:18,2025-05-07 05:06:23,решено,0,
t005246,21.03.2025 13:55,u06253,почта,расписание и посещаемость,3,a09,2025-03-21 14:55:24,2025-03-21 17:26:51,решено,0,
t001638,16.03.2025 05:46,u02097,телефон,расписание и посещаемость,2,a02,2025-03-16 06:38:51,2025-03-16 09:46:28,решено,0,
t005119,2025-03-06 09:01:00,u03873,Чат,оплата и документы,3,a08,2025-03-06 09:20:16,2025-03-06 11:18:55,решено,0,
t005975,2025-04-05 13:31:00,u04739,чат,прочее,2,a02,2025-04-05 13:44:39,2025-04-06 01:00:35,решено,0,
t003379,2025-03-09 03:16:00,u02272,форма,прочее,1,a01,2025-03-09 03:41:04,2025-03-09 12:21:42,решено,0,
t005254,2025-04-03 10:53:00,u02900,телефон,оплата и документы,1,a08,2025-04-03 11:18:40,2025-04-03 14:51:51,решено,0,
t001773,2025-05-01 07:31:00,u02370,почта,техническая проблема,1,a12,2025-05-01 07:43:49,2025-05-01 17:41:41,решено,0,
t000638,2025-06-21 01:13:00,u04289,чат,доступ и пароли,2,a06,2025-06-21 01:20:05,2025-06-21 03:15:01,решено,0,
t005321,2025-06-15 14:40:00,u01680,чат,доступ и пароли,3,a16,2025-06-15 14:55:49,2025-06-15 15:53:05,решено,0,
t005189,21.02.2025 16:55,u03909,форма,прочее,1,a01,2025-02-21 17:58:51,2025-02-22 00:28:54,решено,0,5
t003220,2025-02-11 02:31:00,u05764,почта,расписание и посещаемость,3,a16,2025-02-11 03:16:34,2025-02-11 03:17:04,решено,0,5
t005882,2025-06-26 13:55:00,u07357,чат,доступ и пароли,1,a10,2025-06-26 14:11:44,2025-06-26 15:26:02,решено,0,
t003603,2025-04-11 07:01:00,u08854,почта,оплата и документы,2,a06,2025-04-11 07:46:36,2025-04-11 09:37:09,решено,0,
t001125,12.03.2025 06:41,u06300,чат,доступ и пароли,2,a18,2025-03-12 07:04:44,2025-03-12 07:49:51,решено,0,
t003722,2025-03-09 13:08:00,u05714,телефон,доступ и пароли,3,a17,2025-03-09 13:19:37,2025-03-09 14:57:45,решено,0,2
t005209,2025-01-02 12:20:00,u07453,почта,оплата и документы,2,a03,2025-01-02 12:32:35,2025-01-02 15:32:14,решено,0,
t002847,2025-05-21 03:34:00,u05372,чат,расписание и посещаемость,2,a08,2025-05-21 04:38:03,2025-05-21 06:27:00,решено,0,
t002142,2025-03-23 06:00:00,u07196,форма,доступ и пароли,2,a06,2025-03-23 07:03:50,2025-03-23 07:30:06,решено,0,
t000583,2025-01-19 07:40:00,u05473,чат,доступ и пароли,2,a08,2025-01-19 07:46:32,2025-01-19 08:54:27,решено,0,
t003297,14.03.2025 05:08,u07360,почта,расписание и посещаемость,2,a06,2025-03-14 06:44:46,2025-03-14 09:24:45,решено,0,
t001631,2025-06-20 11:18:00,u08204,чат,доступ и пароли,1,a07,2025-06-20 11:29:05,2025-06-20 13:33:59,решено,0,
t002780,20.02.2025 10:03,u07620,форма,расписание и посещаемость,2,a03,2025-02-20 10:43:51,2025-02-20 10:56:05,решено,1,
t002682,06.05.2025 05:40,u00707,почта,доступ и пароли,1,a12,2025-05-06 05:41:06,2025-05-06 06:23:02,решено,0,
t005786,2025-04-06 11:54:00,u01263,почта,техническая проблема,2,a03,2025-04-06 12:33:28,2025-04-06 17:38:22,решено,0,
t000334,2025-05-02 15:44:00,u03023,телефон,прочее,1,a16,,,новое,0,
t001670,2025-05-07 07:53:00,u02255,чат,техническая проблема,1,a18,2025-05-07 07:55:12,2025-05-07 22:03:20,решено,0,
t004331,18.02.2025 09:58,u03673,чат,расписание и посещаемость,2,a01,2025-02-18 10:53:59,2025-02-18 13:18:54,решено,0,5
t003627,2025-03-16 01:58:00,u08492,чат,доступ и пароли,2,a04,2025-03-16 02:53:39,2025-03-16 03:21:13,решено,0,
t005671,2025-02-12 11:39:00,u08453,форма,доступ и пароли,2,a14,2025-02-12 13:06:24,2025-02-12 14:24:38,решено,0,
t004719,2025-04-19 03:45:00,u06512,почта,оплата и документы,2,a18,2025-04-19 03:56:57,2025-04-19 04:28:12,решено,0,
t001095,2025-04-05 08:00:00,u02452,телефон,расписание и посещаемость,1,a07,2025-04-05 08:08:07,2025-04-05 11:46:43,решено,0,
t000853,2025-01-04 16:47:00,u01270,телефон,расписание и посещаемость,2,a07,2025-01-04 17:07:40,2025-01-04 19:51:51,решено,1,
t001119,08.02.2025 08:26,u08177,почта,оплата и документы,1,a15,2025-02-08 10:00:26,2025-02-08 13:16:29,решено,0,
t005546,2025-02-07 15:59:00,u05280,чат,NULL,3,a10,2025-02-07 16:08:47,2025-02-08 03:33:34,решено,0,
t005100,2025-02-25 10:28:00,u04582,чат,доступ и пароли,1,a05,2025-02-25 11:39:22,2025-02-25 13:53:57,решено,0,5
t001504,2025-03-04 01:21:00,u07776,чат,доступ и пароли,2,a05,2025-03-04 02:48:58,2025-03-04 03:32:46,решено,0,1
t002805,19.05.2025 10:03,u05925,почта,доступ и пароли,3,a12,2025-05-19 11:04:47,2025-05-19 12:32:50,решено,0,
t000710,2025-02-25 05:47:00,u03583,форма,техническая проблема,1,a06,2025-02-25 06:59:51,2025-02-25 14:03:19,решено,0,
t005369,2025-05-19 09:03:00,u06346,чат,расписание и посещаемость,3,a06,2025-05-19 09:17:35,2025-05-19 11:34:08,решено,0,
t004137,25.05.2025 06:52,u02838,чат,расписание и посещаемость,1,a07,2025-05-25 07:26:31,2025-05-25 09:54:46,решено,0,5
t002257,2025-01-14 05:04:00,u07614,чат,доступ и пароли,3,a10,2025-01-14 05:07:50,2025-01-14 06:35:45,решено,0,
t004387,2025-02-25 08:12:00,u02240,телефон,доступ и пароли,2,a07,2025-02-25 08:20:42,2025-02-25 10:02:04,решено,1,
t000348,2025-04-10 10:07:00,u01545,чат,доступ и пароли,1,a01,2025-04-10 10:56:46,2025-04-10 11:00:23,решено,0,
t001547,2025-03-18 11:08:00,u04579,телефон,оплата и документы,1,a03,2025-03-18 11:58:41,2025-03-19 04:43:02,решено,0,2
t005718,2025-01-07 03:06:00,u05929,чат,оплата и документы,2,a12,2025-01-07 04:50:22,2025-01-07 15:04:14,решено,0,5
t004589,2025-04-03 01:58:00,u06969,форма,оплата и документы,2,a11,2025-04-03 02:55:45,2025-04-03 04:53:20,решено,0,
t003456,2025-05-19 03:11:00,u03076,телефон,оплата и документы,2,a09,2025-05-19 03:41:10,2025-05-19 12:58:05,решено,0,
t003400,2025-02-19 12:58:00,u00274,чат,техническая проблема,2,a09,2025-02-19 14:09:51,2025-02-20 05:41:27,решено,0,
t002198,2025-05-05 04:30:00,u01932,чат,техническая проблема,1,a10,2025-05-05 04:33:58,2025-05-05 10:49:31,решено,0,
t003239,2025-03-07 02:26:00,u07423,чат,прочее,3,a05,2025-03-07 03:42:22,2025-03-07 12:16:45,решено,1,
t002446,2025-06-24 11:08:00,u05766,форма,прочее,2,a11,2025-06-24 11:09:13,2025-06-24 15:37:18,решено,0,
t000339,06.05.2025 13:12,u07481,телефон,расписание и посещаемость,3,a16,2025-05-06 13:35:03,2025-05-06 18:00:29,решено,0,4
t002271,23.01.2025 03:47,u04938,чат,техническая проблема,1,a10,2025-01-23 05:36:31,2025-01-23 16:40:48,решено,0,5
t000055,2025-05-25 08:00:00,u04702,форма,оплата и документы,3,a02,2025-05-25 08:07:11,2025-05-24 08:11:53,решено,0,
t004500,25.01.2025 09:38,u05294,чат,,3,a11,2025-01-25 10:00:20,2025-01-25 11:18:46,решено,0,
t001819,17.03.2025 04:11,u04571,телефон,доступ и пароли,2,a06,2025-03-17 04:20:45,2025-03-17 06:28:20,решено,1,4
t003410,2025-01-23 06:37:00,u05077,почта,расписание и посещаемость,1,a07,2025-01-23 07:24:51,2025-01-23 13:55:06,решено,0,
t003022,14.02.2025 08:25,u01181,чат,расписание и посещаемость,2,a12,2025-02-14 09:36:51,2025-02-13 08:44:36,решено,0,5
t002778,24.05.2025 07:50,u02880,телефон,прочее,3,a08,2025-05-24 08:01:17,2025-05-24 15:49:32,решено,0,
t005259,2025-01-26 15:47:00,u01041,чат,доступ и пароли,1,a10,2025-01-26 15:55:54,2025-01-26 17:32:56,решено,0,4
t000085,2025-02-15 04:03:00,u08701,чат,NULL,1,a10,2025-02-15 05:08:32,2025-02-15 06:42:34,решено,1,
t000636,2025-05-23 11:58:00,u00763,почта,оплата и документы,2,a17,2025-05-23 12:56:25,2025-05-23 14:13:03,решено,0,5
t005061,10.02.2025 10:46,u06417,форма,расписание и посещаемость,2,a12,2025-02-10 12:06:46,2025-02-10 16:31:17,решено,0,
t000508,2025-01-04 11:26:00,u02574,чат,доступ и пароли,2,a03,2025-01-04 11:34:18,2025-01-04 13:18:17,решено,0,5
t005216,2025-03-03 06:59:00,u04701,чат,техническая проблема,1,a09,2025-03-03 08:43:38,2025-03-03 17:17:50,решено,0,
t001687,2025-05-21 08:07:00,u01220,почта,оплата и документы,2,a16,2025-05-21 08:30:31,2025-05-21 13:28:18,решено,0,
t004979,20.06.2025 06:34,u03078,чат,расписание и посещаемость,2,a02,2025-06-20 06:58:21,2025-06-20 14:25:58,решено,0,
t001377,2025-05-20 19:00:00,u03928,почта,расписание и посещаемость,2,a01,2025-05-20 19:09:15,,в работе,0,
t000059,2025-06-01 08:17:00,u05882,почта,доступ и пароли,1,a17,2025-06-01 09:02:17,2025-06-01 09:58:35,решено,1,
t005734,03.01.2025 03:32,u04292,чат,доступ и пароли,3,a03,2025-01-03 05:11:00,2025-01-03 06:25:01,решено,0,
t003257,03.03.2025 10:25,u00435,форма,доступ и пароли,3,a08,2025-03-03 12:00:05,2025-03-03 13:06:04,решено,0,1
t001694,2025-06-11 03:43:00,u03704,почта,техническая проблема,1,a05,2025-06-11 04:05:15,2025-06-11 09:04:15,решено,0,
t001509,2025-03-06 12:03:00,u00402,чат,доступ и пароли,2,a05,2025-03-06 13:48:51,2025-03-06 15:07:24,решено,0,
t003241,2025-06-03 20:25:00,u03590,почта,доступ и пароли,2,a08,2025-06-03 20:33:00,2025-06-03 20:57:58,решено,0,5
t002737,2025-03-10 02:45:00,u04293,почта,доступ и пароли,2,a05,2025-03-10 04:24:49,2025-03-10 04:39:34,решено,1,
t003688,2025-04-04 04:18:00,u04800,почта,NULL,3,a12,2025-04-04 05:01:04,2025-04-04 05:05:45,решено,0,2
t001545,01.04.2025 03:50,u04636,телефон,доступ и пароли,1,a01,,,новое,0,
t003945,2025-03-17 05:01:00,u04571,почта,доступ и пароли,2,a02,2025-03-17 05:41:32,2025-03-17 06:19:41,решено,1,
t003392,2025-06-01 09:31:00,u08259,чат,доступ и пароли,1,a06,2025-06-01 09:37:55,2025-06-01 14:46:47,решено,0,
t003208,2025-01-22 12:25:00,u01236,почта,доступ и пароли,3,a01,2025-01-22 12:53:34,2025-01-21 11:33:39,решено,0,3
t000016,2025-04-21 01:08:00,u04297,чат,оплата и документы,2,a16,2025-04-21 01:19:27,2025-04-21 07:52:17,решено,0,
t002827,13.05.2025 12:53,u02834,телефон,техническая проблема,1,a11,2025-05-13 13:21:14,2025-05-13 18:43:08,решено,0,5
t005735,2025-02-05 19:50:00,u01403,чат,доступ и пароли,2,a11,2025-02-05 20:37:50,2025-02-05 21:53:26,решено,0,2
t002898,05.06.2025 09:19,u02722,чат,оплата и документы,2,a06,2025-06-05 09:25:24,2025-06-05 11:19:05,закрыто без ответа,0,
t005968,2025-05-22 03:23:00,u05557,чат,оплата и документы,2,a01,2025-05-22 03:33:11,2025-05-22 05:09:44,решено,1,
t005241,2025-01-03 01:03:00,u06907,чат,расписание и посещаемость,2,a05,2025-01-03 02:38:30,2025-01-03 06:25:51,решено,0,5
t004245,2025-05-04 20:03:00,u00303,форма,техническая проблема,2,a01,,,новое,0,
t003222,11.02.2025 10:13,u08643,чат,доступ и пароли,1,a13,2025-02-11 11:31:05,2025-02-11 13:11:16,решено,0,5
t004611,2025-01-02 03:54:00,u04563,чат,доступ и пароли,2,a02,2025-01-02 05:22:58,2025-01-02 06:52:17,решено,0,
t002354,2025-01-04 11:59:00,u07950,чат,доступ и пароли,1,a05,2025-01-04 12:09:11,2025-01-04 13:13:24,решено,0,
t000870,08.02.2025 09:39,u01777,телефон,оплата и документы,2,a11,2025-02-08 09:54:00,2025-02-08 12:52:27,решено,1,
t004374,2025-01-25 11:41:00,u01870,форма,расписание и посещаемость,2,a10,2025-01-25 11:50:18,2025-01-25 15:02:45,решено,1,5
t003071,2025-01-19 03:11:00,u04169,чат,техническая проблема,1,a05,2025-01-19 04:58:32,2025-01-19 16:37:55,решено,0,1
t000723,2025-05-20 08:45:00,u00697,почта,доступ и пароли,2,a17,2025-05-20 08:58:10,2025-05-20 10:38:12,решено,0,
t000806,2025-04-25 06:56:00,u03467,чат,техническая проблема,2,a01,2025-04-25 07:19:10,2025-04-25 14:36:00,решено,0,
t001111,2025-06-02 16:01:00,u06274,чат,техническая проблема,1,a12,2025-06-02 16:18:41,2025-06-02 23:31:37,решено,0,
t000076,15.06.2025 08:33,u02028,почта,оплата и документы,2,a01,2025-06-15 09:10:25,2025-06-15 13:02:56,решено,0,
t000552,03.01.2025 08:24,u03968,чат,доступ и пароли,2,a01,2025-01-03 08:47:45,2025-01-03 09:14:24,решено,0,
t004315,2025-03-17 08:17:00,u05977,телефон,доступ и пароли,2,a02,2025-03-17 08:43:25,2025-03-17 08:50:01,решено,0,
t003365,23.04.2025 04:53,u05855,почта,оплата и документы,1,a05,2025-04-23 05:07:25,2025-04-23 13:59:44,решено,0,
t001967,08.04.2025 02:57,u07834,телефон,техническая проблема,2,a07,2025-04-08 03:35:26,2025-04-08 12:34:37,решено,0,
t005588,01.02.2025 05:46,u03753,почта,техническая проблема,2,a07,2025-02-01 06:04:22,2025-02-01 08:53:00,решено,0,1
t005163,2025-06-08 11:25:00,u08862,телефон,техническая проблема,1,a16,2025-06-08 11:32:19,2025-06-09 01:41:56,решено,0,
t002611,2025-04-20 01:08:00,u04371,чат,прочее,1,a02,2025-04-20 01:17:05,2025-04-20 06:53:29,решено,0,
t005587,2025-02-24 03:04:00,u02443,чат,"",1,a06,2025-02-24 04:23:10,2025-02-24 04:54:38,решено,0,
t005229,2025-05-22 13:55:00,u08654,чат,техническая проблема,1,a12,2025-05-22 14:13:55,2025-05-22 17:57:04,решено,0,
t004806,2025-06-14 01:52:00,u00357,чат,расписание и посещаемость,1,a07,2025-06-14 02:43:23,2025-06-14 03:56:08,закрыто без ответа,1,
t003042,2025-06-20 06:39:00,u06340,чат,техническая проблема,3,a16,2025-06-20 06:46:41,2025-06-20 09:30:01,решено,1,
t005820,2025-04-26 13:51:00,u03500,чат,расписание и посещаемость,3,a18,2025-04-26 14:55:02,2025-04-26 16:12:08,решено,0,
t004306,22.01.2025 05:58,u07246,телефон,доступ и пароли,2,a05,2025-01-22 06:27:38,2025-01-22 06:56:35,решено,0,
t003828,2025-06-07 03:51:00,u03001,почта,NULL,2,a02,2025-06-07 04:09:46,2025-06-07 04:56:26,решено,0,
t005561,2025-01-18 04:50:00,u01200,чат,доступ и пароли,2,a11,2025-01-18 05:59:18,2025-01-18 06:50:50,решено,0,3
t001863,2025-01-24 04:37:00,u07023,чат,NULL,2,a06,2025-01-24 06:06:24,2025-01-24 08:03:46,решено,1,5
t002461,2025-03-13 02:25:00,u06120,чат,доступ и пароли,1,a02,2025-03-13 02:31:08,2025-03-13 04:09:22,решено,0,
t000408,2025-04-02 13:32:00,u00190,чат,"",1,a05,2025-04-02 14:01:53,2025-04-02 14:04:02,решено,0,
t004750,18.03.2025 05:21,u02268,чат,доступ и пароли,2,a01,2025-03-18 05:38:12,2025-03-18 06:46:59,решено,0,
t004030,2025-03-19 12:50:00,u07709,чат,доступ и пароли,2,a18,2025-03-19 13:55:47,,в работе,0,4
t000352,2025-04-04 14:05:00,u04718,чат,техническая проблема,2,a18,2025-04-04 14:12:02,,в работе,0,
t001752,2025-04-04 04:44:00,u02053,чат,расписание и посещаемость,2,a18,2025-04-04 05:12:00,2025-04-04 07:04:17,решено,0,
t003335,2025-01-21 01:00:00,u08031,чат,доступ и пароли,2,a12,2025-01-21 02:47:58,2025-01-21 10:47:38,решено,0,
t000906,10.01.2025 07:39,u07276,почта,NULL,2,a07,2025-01-10 09:04:41,2025-01-10 09:20:13,решено,0,
t000325,2025-03-22 10:55:00,u03837,чат,,1,a15,2025-03-22 11:02:04,2025-03-22 12:30:57,решено,0,
t000086,10.04.2025 13:55,u04509,телефон,оплата и документы,2,a12,2025-04-10 14:34:03,2025-04-10 21:03:02,решено,0,
t003811,21.02.2025 07:23,u06456,форма,доступ и пароли,2,a09,2025-02-21 07:35:40,2025-02-21 08:28:07,решено,0,4
t003756,2025-02-27 13:37:00,u02592,форма,доступ и пароли,2,a01,2025-02-27 14:50:06,2025-02-27 15:07:48,решено,0,5
t001012,23.06.2025 11:07,u03147,форма,оплата и документы,2,a08,2025-06-23 11:43:55,2025-06-23 14:05:59,решено,0,
t001978,2025-05-02 08:17:00,u04865,чат,оплата и документы,3,a16,2025-05-02 08:42:23,2025-05-02 14:07:57,решено,0,
t005236,2025-04-22 11:16:00,u01419,телефон,расписание и посещаемость,2,a09,2025-04-22 11:19:26,2025-04-21 11:35:52,решено,0,
t001775,2025-02-23 14:52:00,u07922,почта,доступ и пароли,2,a13,2025-02-23 15:10:57,2025-02-23 15:27:51,решено,1,5
t000898,2025-03-23 10:47:00,u05206,чат,доступ и пароли,2,a18,2025-03-23 11:11:47,2025-03-23 13:20:57,решено,0,
t004653,2025-05-05 05:50:00,u07375,чат,доступ и пароли,2,a12,2025-05-05 06:02:48,2025-05-05 06:19:34,решено,0,
t004167,2025-01-05 05:16:00,u01348,чат,оплата и документы,2,a03,2025-01-05 06:33:05,2025-01-05 09:57:10,решено,0,5
t001959,21.06.2025 05:33,u06204,телефон,техническая проблема,1,a18,2025-06-21 05:41:04,2025-06-21 11:24:14,решено,0,
t003140,2025-03-22 08:35:00,u04789,почта,доступ и пароли,1,a17,2025-03-22 08:56:31,2025-03-22 09:32:23,решено,0,
t003264,06.05.2025 01:24,u07409,почта,техническая проблема,2,a03,2025-05-06 01:27:43,2025-05-06 04:52:26,решено,1,
t002652,2025-02-20 16:32:00,u07559,форма,доступ и пароли,2,a01,2025-02-20 17:58:45,2025-02-20 18:28:45,решено,0,
t001848,18.02.2025 06:59,u03262,чат,доступ и пароли,2,a14,2025-02-18 07:07:28,2025-02-18 09:56:01,решено,0,
t002499,2025-05-13 11:05:00,u06183,почта,прочее,2,a17,2025-05-13 11:10:50,2025-05-13 15:49:25,решено,0,
t000829,2025-03-02 06:48:00,u04996,форма,техническая проблема,1,a08,2025-03-02 07:17:37,2025-03-02 19:20:36,решено,0,
t001846,2025-02-21 04:30:00,u03376,чат,техническая проблема,1,a04,2025-02-21 06:05:39,2025-02-21 08:19:01,решено,0,5
t000564,2025-06-06 04:30:00,u07361,телефон,оплата и документы,2,a05,2025-06-06 04:51:35,2025-06-06 07:36:05,решено,0,
t003114,2025-05-05 06:11:00,u05251,телефон,доступ и пароли,2,a05,2025-05-05 06:22:41,,в работе,0,
t003287,12.05.2025 13:52,u05940,почта,техническая проблема,2,a01,2025-05-12 14:13:39,,в работе,0,
t004195,03.05.2025 04:23,u07998,чат,техническая проблема,1,a04,2025-05-03 04:46:18,2025-05-03 11:59:05,решено,0,
t004662,2025-04-04 08:35:00,u03277,форма,техническая проблема,2,a17,2025-04-04 08:38:51,2025-04-04 17:20:05,решено,1,
t000695,2025-02-16 10:20:00,u08129,почта,доступ и пароли,2,a17,2025-02-16 10:53:31,2025-02-16 13:06:43,решено,0,
t001825,2025-02-04 14:53:00,u08931,чат,"",2,a06,2025-02-04 15:19:25,2025-02-04 16:24:06,решено,0,
t000088,2025-05-06 01:40:00,u01652,чат,доступ и пароли,2,a01,2025-05-06 02:20:24,,в работе,0,4
t003457,2025-01-06 11:45:00,u01795,чат,расписание и посещаемость,1,a13,2025-01-06 12:55:30,2025-01-06 13:00:30,решено,0,3
t002164,24.02.2025 11:14,u07570,чат,расписание и посещаемость,3,a10,2025-02-24 11:29:09,2025-02-24 12:59:48,решено,0,
t000349,2025-04-26 15:07:00,u07360,чат,расписание и посещаемость,1,a11,2025-04-26 15:16:27,2025-04-26 17:12:43,решено,0,4
t003233,2025-05-06 06:41:00,u01652,чат,оплата и документы,2,a02,2025-05-06 06:59:28,2025-05-06 11:16:17,решено,0,
t004932,2025-04-13 11:07:00,u05893,телефон,техническая проблема,1,a04,2025-04-13 11:18:05,2025-04-13 22:21:26,решено,0,
t003995,2025-06-03 10:26:00,u05680,почта,доступ и пароли,2,a09,2025-06-03 10:42:22,2025-06-03 11:38:26,решено,0,
t001457,23.01.2025 13:24,u07374,почта,техническая проблема,2,a13,2025-01-23 14:50:43,2025-01-24 02:18:44,решено,0,
t002441,2025-05-20 05:14:00,u02548,чат,оплата и документы,2,a17,2025-05-20 05:21:41,2025-05-20 06:57:02,решено,0,
t002567,2025-06-10 06:38:00,u06393,чат,прочее,2,a03,2025-06-10 07:35:35,2025-06-10 11:40:36,решено,0,
t004321,2025-06-05 09:34:00,u03870,чат,оплата и документы,3,a03,2025-06-05 09:38:55,2025-06-05 11:35:59,решено,0,
t005782,2025-02-15 02:26:00,u02622,чат,доступ и пароли,2,a05,2025-02-15 02:54:17,2025-02-15 04:20:12,решено,0,
t005757,2025-05-05 12:21:00,u00720,чат,расписание и посещаемость,3,a15,2025-05-05 12:48:27,2025-05-06 00:42:49,решено,0,
t002248,2025-03-20 03:34:00,u03151,почта,прочее,2,a07,2025-03-20 03:50:29,2025-03-20 12:27:54,решено,0,
t001043,2025-06-20 05:34:00,u08598,чат,техническая проблема,2,a17,2025-06-20 05:42:11,2025-06-20 10:54:35,решено,0,
t003539,18.04.2025 13:31,u07763,чат,расписание и посещаемость,3,a16,2025-04-18 14:31:12,2025-04-18 18:07:41,решено,0,
t003100,03.05.2025 10:15,u07528,телефон,доступ и пароли,3,a04,2025-05-03 11:11:48,2025-05-03 11:20:32,решено,0,
t002075,09.05.2025 13:21,u06318,чат,техническая проблема,1,a11,2025-05-09 13:34:50,2025-05-10 04:47:42,решено,1,
t003797,02.01.2025 05:41,u05077,чат,прочее,2,a13,2025-01-02 07:26:00,2025-01-02 09:46:46,решено,0,5
t003871,2025-02-18 13:10:00,u05145,чат,расписание и посещаемость,1,a04,2025-02-18 13:29:26,2025-02-18 19:55:52,решено,1,1
t000544,2025-01-09 01:54:00,u03528,чат,доступ и пароли,3,a08,2025-01-09 02:14:48,2025-01-09 02:21:23,решено,0,
t004353,15.05.2025 09:29,u08460,телефон,техническая проблема,1,a17,2025-05-15 09:48:39,2025-05-15 20:03:12,решено,0,
t002757,2025-02-21 13:26:00,u06355,почта,доступ и пароли,2,a18,2025-02-21 13:36:20,2025-02-21 14:29:32,решено,0,4
t004656,2025-01-03 10:49:00,u04557,форма,доступ и пароли,3,a12,2025-01-03 11:12:52,2025-01-03 11:39:31,решено,0,
t005740,2025-01-25 14:04:00,u07542,Чат,прочее,2,a13,2025-01-25 14:23:42,2025-01-25 18:19:57,решено,0,
t002471,16.02.2025 01:29,u00408,чат,доступ и пароли,1,a18,2025-02-16 03:16:46,2025-02-16 03:29:28,решено,0,
t003780,2025-03-10 05:48:00,u06044,чат,доступ и пароли,3,a02,2025-03-10 06:17:26,2025-03-10 08:07:03,решено,0,
t000643,2025-04-24 05:26:00,u05751,форма,оплата и документы,2,a15,2025-04-24 05:43:30,2025-04-24 10:38:26,решено,0,
t003792,2025-06-20 08:17:00,u00605,чат,техническая проблема,2,a15,2025-06-20 08:25:19,2025-06-20 14:21:15,решено,0,
t004065,05.03.2025 11:16,u07900,почта,прочее,3,a12,2025-03-05 13:04:57,2025-03-05 16:44:33,решено,0,2
t002195,24.03.2025 04:10,u06566,чат,доступ и пароли,2,a09,2025-03-24 04:46:24,2025-03-23 03:49:45,решено,0,5
t003049,21.06.2025 07:26,u03037,чат,,2,a03,2025-06-21 08:00:37,2025-06-21 09:42:47,решено,0,5
t002042,2025-04-20 17:23:00,u03386,форма,доступ и пароли,3,a11,2025-04-20 18:17:58,2025-04-20 18:19:13,решено,0,
t002704,2025-02-17 08:17:00,u02897,почта,расписание и посещаемость,2,a03,2025-02-17 09:39:45,2025-02-17 11:48:52,решено,1,
t005217,2025-02-22 12:57:00,u03091,чат,доступ и пароли,2,a08,2025-02-22 14:26:47,,в работе,0,5
t003949,2025-05-13 11:43:00,u05651,телефон,оплата и документы,1,a16,2025-05-13 12:31:41,2025-05-13 18:10:31,решено,1,
t002019,2025-01-14 10:18:00,u01797,телефон,техническая проблема,3,a14,2025-01-14 10:20:16,2025-01-16 04:57:25,решено,1,4
t000566,2025-02-03 12:13:00,u01344,чат,доступ и пароли,3,a01,2025-02-03 12:23:27,2025-02-03 14:18:19,решено,1,5
t005459,06.03.2025 16:58,u01881,чат,расписание и посещаемость,2,a01,2025-03-06 17:02:57,2025-03-06 20:44:41,решено,0,
t004761,2025-04-21 04:22:00,u04572,чат,оплата и документы,2,a04,2025-04-21 04:49:58,2025-04-21 05:46:11,решено,0,
t004346,06.06.2025 09:53,u06489,почта,расписание и посещаемость,1,a01,2025-06-06 10:48:49,2025-06-06 17:28:46,решено,0,
t004457,2025-05-17 13:51:00,u02354,чат,техническая проблема,1,a09,2025-05-17 14:01:33,2025-05-18 00:33:52,решено,1,
t003975,2025-06-05 02:06:00,u05990,телефон,расписание и посещаемость,2,a08,2025-06-05 02:18:32,2025-06-05 07:24:04,решено,0,
t001686,15.03.2025 02:41,u00063,чат,NULL,3,a15,2025-03-15 02:59:24,2025-03-15 08:01:18,решено,0,
t002113,2025-05-04 02:06:00,u03663,чат,оплата и документы,3,a05,2025-05-04 02:08:11,2025-05-04 05:36:42,решено,0,
t000090,2025-01-21 11:20:00,u05621,чат,доступ и пароли,2,a01,2025-01-21 12:25:22,2025-01-21 12:34:57,решено,0,
t005713,2025-01-16 02:55:00,u00829,почта,доступ и пароли,1,a03,,,новое,0,
t003235,2025-02-07 01:46:00,u02982,почта,оплата и документы,2,a14,2025-02-07 03:07:09,2025-02-07 04:41:01,решено,1,
t004895,2025-03-02 09:54:00,u06966,чат,доступ и пароли,1,a05,,,новое,0,
t002138,2025-05-06 05:33:00,u02714,телефон,оплата и документы,2,a18,2025-05-06 06:23:38,2025-05-06 06:38:17,решено,0,
t002782,2025-05-25 13:17:00,u08793,почта,расписание и посещаемость,2,a01,2025-05-25 13:29:35,2025-05-25 14:27:45,решено,0,
t005622,18.01.2025 06:15,u08366,телефон,доступ и пароли,2,a10,2025-01-18 06:20:00,2025-01-18 07:53:13,решено,0,
t002351,2025-03-23 02:27:00,u04058,телефон,прочее,2,a15,2025-03-23 03:45:25,2025-03-23 11:50:07,решено,0,
t005407,2025-03-21 10:42:00,u04626,почта,оплата и документы,3,a15,2025-03-21 10:56:34,2025-03-21 13:18:42,решено,0,
t004201,2025-02-19 10:56:00,u07617,чат,доступ и пароли,2,a01,2025-02-19 11:15:53,2025-02-19 16:21:07,решено,0,
t003555,07.05.2025 09:56,u01819,чат,техническая проблема,1,a10,2025-05-07 10:02:07,2025-05-07 18:25:59,решено,0,
t002236,2025-04-02 04:35:00,u03137,почта,оплата и документы,3,a03,2025-04-02 05:28:33,2025-04-02 08:37:56,решено,0,
t002280,07.02.2025 08:36,u02543,чат,доступ и пароли,3,a16,2025-02-07 09:56:28,2025-02-07 11:36:19,решено,0,
t001449,2025-01-09 06:44:00,u04892,чат,прочее,3,a06,2025-01-09 06:47:37,2025-01-09 09:29:27,решено,0,5
t003398,2025-01-15 01:51:00,u00654,чат,доступ и пароли,2,a14,2025-01-15 03:20:11,2025-01-15 04:14:37,решено,0,
t002936,2025-03-13 06:13:00,u07706,почта,доступ и пароли,2,a03,2025-03-13 06:22:31,2025-03-13 08:13:07,решено,0,3
t003381,2025-05-02 11:44:00,u00428,чат,расписание и посещаемость,2,a16,2025-05-02 12:48:41,2025-05-02 14:27:13,решено,0,
t003052,10.03.2025 11:58,u05931,форма,доступ и пароли,1,a18,2025-03-10 12:23:08,2025-03-10 13:02:31,решено,0,
t001817,2025-05-04 17:52:00,u05699,чат,доступ и пароли,2,a02,2025-05-04 18:06:50,2025-05-04 18:47:10,решено,0,
t005969,19.02.2025 18:04,u06210,телефон,расписание и посещаемость,3,a03,2025-02-19 19:25:46,2025-02-20 00:46:27,решено,0,5
t002497,20.03.2025 04:34,u06345,почта,доступ и пароли,1,a01,2025-03-20 05:01:56,,в работе,0,1
t004531,2025-01-03 11:31:00,u06486,чат,прочее,1,a14,2025-01-03 11:46:25,2025-01-03 13:23:18,решено,0,
t005840,2025-04-10 12:24:00,u05717,чат,доступ и пароли,2,a15,2025-04-10 13:27:53,2025-04-10 14:19:48,решено,0,
t000938,23.03.2025 03:26,u03619,почта,расписание и посещаемость,3,a06,2025-03-23 04:38:12,2025-03-23 08:55:49,решено,0,5
t004191,22.02.2025 10:57,u02998,чат,техническая проблема,1,a09,2025-02-22 11:22:20,2025-02-23 01:49:11,решено,0,
t004453,05.02.2025 12:40,u05926,телефон,оплата и документы,1,a16,2025-02-05 13:02:40,2025-02-05 15:18:01,решено,0,
t005769,2025-03-14 14:09:00,u03770,форма,расписание и посещаемость,2,a01,2025-03-14 15:56:35,2025-03-14 20:14:57,решено,0,
t005295,2025-06-04 09:42:00,u05270,форма,техническая проблема,1,a17,2025-06-04 09:43:41,2025-06-04 21:05:17,решено,0,4
t000002,05.01.2025 11:15,u04009,почта,оплата и документы,2,a12,2025-01-05 11:36:14,2025-01-05 18:57:34,решено,0,
t003673,2025-02-05 06:41:00,u07570,почта,доступ и пароли,2,a12,2025-02-05 08:23:47,2025-02-05 10:32:29,решено,0,4
t003676,14.03.2025 09:20,u08977,Чат,оплата и документы,3,a17,2025-03-14 09:33:43,2025-03-14 13:50:10,решено,0,4
t003989,2025-01-10 06:40:00,u00879,чат,расписание и посещаемость,2,a10,2025-01-10 06:44:59,2025-01-10 13:16:40,решено,0,5
t001460,2025-02-19 11:14:00,u06210,чат,доступ и пароли,2,a15,2025-02-19 13:04:35,2025-02-19 13:56:18,решено,0,2
t004782,2025-02-11 06:22:00,u03156,форма,оплата и документы,1,a07,2025-02-11 06:48:30,2025-02-11 08:51:29,решено,0,
t002831,2025-06-16 06:45:00,u06689,почта,расписание и посещаемость,2,a02,2025-06-16 07:02:30,2025-06-16 09:29:24,закрыто без ответа,0,
t002892,2025-06-26 16:34:00,u04595,Чат,расписание и посещаемость,1,a02,2025-06-26 16:47:51,2025-06-26 23:42:05,решено,0,
t004100,14.03.2025 10:22,u03336,Чат,доступ и пароли,1,a07,2025-03-14 11:20:14,2025-03-14 12:00:11,решено,0,5
t003902,2025-04-23 08:20:00,u05672,чат,оплата и документы,2,a18,2025-04-23 09:11:12,2025-04-23 12:46:25,решено,0,
t005778,2025-05-06 11:28:00,u04151,форма,техническая проблема,2,a09,2025-05-06 11:50:45,2025-05-06 16:32:52,решено,0,
t003274,2025-04-01 03:07:00,u08022,Чат,оплата и документы,2,a17,2025-04-01 03:31:54,2025-04-01 08:10:21,решено,1,
t002286,2025-01-19 13:47:00,u01140,чат,NULL,2,a08,2025-01-19 15:02:49,2025-01-19 20:59:20,решено,0,1
t004028,04.01.2025 12:44,u05706,чат,оплата и документы,2,a09,2025-01-04 14:04:17,2025-01-04 14:46:30,решено,0,
t005507,19.06.2025 09:50,u02457,телефон,оплата и документы,2,a06,2025-06-19 09:57:38,2025-06-19 17:10:45,решено,0,
t001189,2025-02-09 07:05:00,u00372,телефон,доступ и пароли,2,a18,2025-02-09 07:23:08,2025-02-09 08:32:36,решено,0,
t002531,21.01.2025 09:21,u06486,почта,доступ и пароли,2,a09,2025-01-21 10:29:39,2025-01-21 13:28:11,решено,0,5
t005977,02.03.2025 10:56,u03685,чат,техническая проблема,1,a01,2025-03-02 12:13:07,2025-03-02 20:43:07,решено,0,
t001346,2025-04-22 05:57:00,u00880,почта,расписание и посещаемость,2,a03,2025-04-22 06:14:10,,в работе,0,
t003736,2025-04-21 11:30:00,u02045,Чат,оплата и документы,1,a15,2025-04-21 11:52:13,2025-04-21 12:43:19,решено,0,
t003571,2025-01-07 09:57:00,u08290,форма,,1,a01,2025-01-07 10:13:47,2025-01-07 11:45:09,решено,0,
t003700,04.06.2025 06:15,u08363,чат,доступ и пароли,1,a03,2025-06-04 06:44:23,2025-06-04 08:15:25,решено,0,
t005077,2025-03-02 13:44:00,u01218,форма,расписание и посещаемость,3,a01,2025-03-02 14:01:49,2025-03-02 16:22:52,решено,0,
t000171,2025-04-24 08:48:00,u01072,почта,расписание и посещаемость,2,a03,2025-04-24 09:06:46,,в работе,0,
t005286,04.03.2025 03:52,u07776,телефон,доступ и пароли,1,a01,2025-03-04 05:25:09,2025-03-04 05:46:20,закрыто без ответа,0,
t005690,2025-04-04 13:53:00,u06058,телефон,оплата и документы,2,a05,2025-04-04 14:03:27,2025-04-04 17:49:18,решено,0,
t000539,09.06.2025 02:21,u08835,чат,расписание и посещаемость,3,a08,2025-06-09 02:31:52,2025-06-09 05:49:41,решено,0,
t000108,06.01.2025 13:02,u01795,Чат,доступ и пароли,3,a05,2025-01-06 14:35:20,2025-01-06 16:20:41,решено,0,
t001208,20.06.2025 11:31,u07287,телефон,"",3,a05,2025-06-20 11:57:14,2025-06-21 19:44:19,решено,0,
t002617,2025-01-11 10:02:00,u01730,телефон,оплата и документы,1,a05,2025-01-11 11:01:25,2025-01-11 18:33:32,решено,1,
t003726,2025-06-18 01:24:00,u02612,чат,оплата и документы,1,a01,2025-06-18 01:37:21,2025-06-18 06:16:59,решено,0,3
t005052,2025-06-13 15:24:00,u00410,почта,техническая проблема,2,a15,2025-06-13 15:26:11,,в работе,0,
t000331,2025-05-24 04:07:00,u06434,Чат,техническая проблема,1,a12,2025-05-24 04:45:18,2025-05-24 21:34:16,решено,0,
t003351,2025-02-26 04:06:00,u07131,чат,прочее,2,a07,2025-02-26 05:35:24,2025-02-26 12:27:08,решено,0,
t001410,24.02.2025 10:27,u07134,телефон,доступ и пароли,2,a02,2025-02-24 11:50:17,2025-02-24 12:11:44,решено,0,
t005590,2025-03-20 06:41:00,u07568,почта,техническая проблема,3,a15,2025-03-20 06:48:06,2025-03-19 07:28:44,решено,0,
t004058,16.01.2025 13:44,u01950,чат,расписание и посещаемость,1,a06,2025-01-16 14:10:05,2025-01-16 19:20:24,решено,0,5
t003516,2025-02-21 03:08:00,u04601,телефон,доступ и пароли,2,a05,2025-02-21 04:55:33,2025-02-21 05:25:43,решено,0,
t003505,2025-03-16 14:32:00,u04343,чат,доступ и пароли,1,a10,2025-03-16 16:18:17,,в работе,0,
t001800,2025-05-03 09:36:00,u02836,почта,техническая проблема,2,a07,2025-05-03 10:13:48,2025-05-04 04:32:56,решено,0,
t003038,2025-05-12 03:24:00,u07941,чат,прочее,2,a05,2025-05-12 03:51:43,2025-05-12 11:06:43,решено,0,
t000271,19.05.2025 13:59,u08996,чат,оплата и документы,1,a06,2025-05-19 14:54:01,2025-05-19 18:39:33,решено,0,
t000066,21.05.2025 10:12,u07138,почта,техническая проблема,1,a06,2025-05-21 10:41:42,2025-05-21 15:41:48,решено,0,
t004523,2025-05-13 13:44:00,u02188,телефон,доступ и пароли,1,a18,2025-05-13 14:00:31,2025-05-13 14:41:55,решено,1,
t002216,2025-04-24 12:24:00,u08937,чат,оплата и документы,3,a18,2025-04-24 12:40:24,2025-04-24 14:21:19,решено,0,
t000624,2025-03-13 12:09:00,u03345,телефон,доступ и пароли,3,a01,2025-03-13 13:40:25,,в работе,0,1
t003578,22.01.2025 03:32,u06127,телефон,доступ и пароли,3,a02,2025-01-22 04:27:46,2025-01-22 04:44:14,решено,0,
t005261,2025-01-02 03:31:00,u04103,чат,расписание и посещаемость,1,a01,2025-01-02 04:47:30,2025-01-02 07:36:47,решено,0,
t000492,2025-03-12 01:06:00,u05686,чат,доступ и пароли,2,a11,2025-03-12 02:15:52,2025-03-12 02:44:57,решено,1,
t005825,2025-03-03 13:46:00,u08513,почта,расписание и посещаемость,3,a04,2025-03-03 15:08:02,2025-03-03 23:33:46,решено,0,
t001176,03.03.2025 02:46,u00497,телефон,доступ и пароли,1,a12,2025-03-03 03:05:39,2025-03-03 04:20:46,решено,0,5
t000246,2025-01-09 03:45:00,u07701,чат,расписание и посещаемость,2,a09,2025-01-09 05:36:30,2025-01-09 16:03:11,решено,0,4
t002333,2025-04-03 02:08:00,u01482,чат,техническая проблема,1,a18,2025-04-03 02:12:37,2025-04-03 08:37:06,решено,0,
t000480,18.06.2025 13:29,u06727,чат,доступ и пароли,2,a06,2025-06-18 13:40:27,2025-06-18 14:28:29,решено,0,
t000065,11.04.2025 13:36,u08854,форма,техническая проблема,1,a18,2025-04-11 13:51:32,2025-04-11 21:43:47,решено,0,
t000535,18.03.2025 03:06,u05426,чат,доступ и пароли,3,a06,2025-03-18 03:28:55,2025-03-18 04:33:36,решено,1,
t001766,2025-06-24 12:00:00,u05118,телефон,доступ и пароли,1,a07,2025-06-24 12:05:49,2025-06-24 13:04:18,решено,0,
t002989,2025-06-22 12:46:00,u01058,почта,оплата и документы,2,a06,2025-06-22 13:26:21,2025-06-22 16:41:48,решено,0,
t004104,2025-02-05 13:08:00,u02848,чат,доступ и пароли,1,a08,2025-02-05 13:30:34,2025-02-05 13:43:29,решено,0,
t005195,2025-06-26 02:07:00,u08426,чат,расписание и посещаемость,2,a01,2025-06-26 03:00:17,2025-06-26 09:18:11,решено,0,
t002329,22.01.2025 09:05,u01428,чат,техническая проблема,1,a11,2025-01-22 09:23:30,2025-01-23 04:12:08,решено,0,
t000678,2025-06-10 14:08:00,u04206,почта,доступ и пароли,2,a06,2025-06-10 14:11:16,2025-06-10 14:52:46,решено,1,
t002150,22.02.2025 09:14,u07847,форма,,2,a04,2025-02-22 09:19:54,2025-02-22 12:25:58,решено,1,
t004161,2025-03-11 08:16:00,u03691,почта,доступ и пароли,1,a15,2025-03-11 08:33:05,2025-03-11 09:20:22,решено,0,4
t004739,2025-04-21 08:52:00,u02452,чат,расписание и посещаемость,2,a10,2025-04-21 08:53:05,2025-04-21 13:06:11,решено,0,
t002788,2025-02-21 06:09:00,u04463,Чат,техническая проблема,2,a13,2025-02-21 07:52:34,2025-02-22 00:11:52,решено,0,
t000634,2025-05-20 02:34:00,u07981,чат,расписание и посещаемость,3,a17,2025-05-20 02:47:05,2025-05-20 05:13:13,решено,0,
t005162,2025-06-03 12:19:00,u00511,телефон,расписание и посещаемость,2,a01,2025-06-03 12:38:47,2025-06-03 16:55:31,решено,0,
t002935,17.02.2025 02:53,u03393,форма,оплата и документы,2,a15,2025-02-17 03:25:44,2025-02-17 05:23:47,решено,0,
t001146,10.03.2025 02:54,u08787,почта,прочее,2,a17,2025-03-10 04:28:42,2025-03-10 09:42:09,решено,0,
t004430,2025-02-15 04:32:00,u08359,форма,расписание и посещаемость,3,a11,2025-02-15 06:17:33,2025-02-15 07:33:35,решено,0,
t005355,2025-01-22 13:31:00,u00560,форма,доступ и пароли,1,a07,2025-01-22 13:42:22,2025-01-22 14:41:24,решено,0,
t004060,2025-03-02 10:39:00,u05562,Чат,расписание и посещаемость,2,a16,2025-03-02 11:54:09,2025-03-02 13:10:51,решено,0,
t004391,21.06.2025 03:48,u01576,чат,техническая проблема,1,a03,2025-06-21 04:14:36,2025-06-21 21:05:27,решено,1,
t002931,2025-03-01 02:43:00,u04531,чат,доступ и пароли,1,a11,2025-03-01 03:04:59,2025-03-01 03:58:30,решено,0,5
t002147,2025-02-05 09:59:00,u03451,Чат,оплата и документы,1,a16,2025-02-05 10:52:17,2025-02-05 14:15:32,решено,0,
t005464,04.04.2025 05:55,u07863,телефон,оплата и документы,2,a02,2025-04-04 06:21:49,2025-04-04 12:27:42,решено,0,
t001583,2025-01-22 05:25:00,u03812,почта,доступ и пароли,1,a02,2025-01-22 06:59:51,,в работе,0,
t004180,2025-01-19 13:25:00,u01997,форма,доступ и пароли,1,a06,2025-01-19 13:35:18,2025-01-19 15:08:43,решено,0,
t002623,07.01.2025 12:37,u01247,чат,прочее,1,a05,2025-01-07 12:57:46,2025-01-07 17:16:26,решено,0,
t002767,2025-05-19 15:28:00,u00881,почта,техническая проблема,2,a07,2025-05-19 15:42:58,2025-05-19 19:18:55,решено,1,
t003799,2025-01-15 12:34:00,u08752,чат,прочее,1,a14,2025-01-15 13:33:00,2025-01-15 21:15:45,решено,0,5
t001085,2025-05-03 06:39:00,u07018,почта,оплата и документы,2,a01,2025-05-03 06:48:19,2025-05-03 09:31:04,решено,0,
t002711,2025-03-05 01:01:00,u03847,форма,расписание и посещаемость,2,a02,2025-03-05 01:19:22,2025-03-05 10:08:05,решено,0,2
t004602,2025-02-21 03:34:00,u01833,почта,доступ и пароли,2,a01,2025-02-21 04:50:08,2025-02-21 05:25:57,решено,0,
t005806,14.05.2025 10:26,u04389,чат,техническая проблема,2,a16,2025-05-14 10:29:51,,в работе,0,
t003717,2025-02-23 13:04:00,u05525,чат,расписание и посещаемость,3,a12,2025-02-23 14:08:55,2025-02-23 15:01:54,решено,0,
t001969,18.01.2025 01:54,u08127,почта,доступ и пароли,2,a09,2025-01-18 02:57:24,2025-01-18 03:44:57,решено,0,
t005232,2025-05-26 09:18:00,u05514,почта,техническая проблема,2,a18,2025-05-26 09:21:20,,в работе,0,
t003529,2025-04-04 14:17:00,u03687,телефон,техническая проблема,2,a06,2025-04-04 15:00:35,2025-04-03 13:22:23,решено,0,
t003187,18.01.2025 03:48,u01605,телефон,доступ и пароли,1,a10,2025-01-18 04:57:31,2025-01-17 04:26:39,решено,0,
t001204,2025-04-12 16:30:00,u04201,почта,доступ и пароли,1,a07,2025-04-12 16:41:03,2025-04-12 17:29:00,решено,0,
t003960,01.01.2025 04:03,u04439,чат,доступ и пароли,1,a04,2025-01-01 05:17:59,2025-01-01 06:40:10,решено,0,3
t005936,2025-01-10 08:58:00,u07735,телефон,техническая проблема,1,a02,2025-01-10 10:27:42,2025-01-11 09:33:30,решено,0,
t000009,2025-05-20 08:24:00,u03663,чат,техническая проблема,2,a02,2025-05-20 09:18:35,2025-05-20 11:55:14,решено,0,
t001506,04.02.2025 06:35,u03250,чат,доступ и пароли,2,a11,2025-02-04 06:57:06,2025-02-04 08:53:38,решено,0,
t002262,03.04.2025 07:21,u01228,почта,доступ и пароли,2,a17,2025-04-03 08:21:10,2025-04-03 08:24:36,решено,0,
t003701,22.02.2025 02:14,u05574,чат,оплата и документы,3,a16,2025-02-22 03:17:59,2025-02-22 09:47:29,решено,0,4
t000689,2025-02-15 12:16:00,u03034,чат,оплата и документы,2,a16,2025-02-15 13:51:13,2025-02-15 22:15:59,решено,0,
t005460,2025-06-24 13:19:00,u01609,форма,оплата и документы,3,a15,2025-06-24 13:55:26,2025-06-24 19:11:04,решено,0,
t005914,2025-05-22 03:02:00,u01542,форма,,2,a16,2025-05-22 03:38:16,2025-05-22 11:57:36,решено,0,
t003451,17.02.2025 15:14,u07459,чат,оплата и документы,2,a17,2025-02-17 15:30:42,2025-02-17 16:34:49,решено,0,
t005805,2025-04-10 09:11:00,u00496,чат,прочее,1,a05,2025-04-10 09:39:59,2025-04-10 14:11:20,решено,0,
t004826,2025-02-07 05:22:00,u05574,почта,оплата и документы,1,a08,2025-02-07 06:40:02,2025-02-07 09:07:06,решено,0,
t000115,2025-02-12 13:12:00,u00295,Чат,доступ и пароли,2,a02,2025-02-12 14:58:15,2025-02-12 16:05:24,решено,0,5
t005000,2025-03-15 05:54:00,u00063,форма,доступ и пароли,2,a01,2025-03-15 05:57:48,2025-03-15 06:46:14,решено,0,4
t004099,2025-01-21 02:32:00,u02772,почта,доступ и пароли,3,a11,2025-01-21 02:56:27,2025-01-21 06:41:29,решено,0,
t002681,2025-05-07 06:50:00,u04970,чат,расписание и посещаемость,3,a16,2025-05-07 07:02:25,,в работе,0,
t000179,2025-02-04 02:48:00,u03979,чат,доступ и пароли,2,a11,2025-02-04 03:53:57,2025-02-04 04:08:42,решено,0,3
t001179,2025-06-08 19:00:00,u08862,телефон,"",2,a09,2025-06-08 19:39:56,2025-06-08 20:40:25,решено,0,
t003983,2025-06-06 06:20:00,u05679,чат,прочее,2,a07,2025-06-06 06:24:34,2025-06-06 12:32:23,решено,0,
t005402,2025-01-06 11:38:00,u05115,чат,доступ и пароли,1,a13,2025-01-06 12:24:59,2025-01-06 13:55:19,решено,0,
t002103,2025-05-25 03:35:00,u02838,почта,прочее,2,a07,2025-05-25 03:50:29,2025-05-25 06:42:22,решено,0,
t001234,25.04.2025 07:57,u05704,чат,техническая проблема,1,a12,2025-04-25 08:02:07,2025-04-25 12:28:25,решено,0,
t005761,2025-01-01 16:50:00,u02144,форма,расписание и посещаемость,2,a13,2025-01-01 18:33:30,2025-01-01 21:46:51,решено,0,2
t005921,2025-02-02 05:47:00,u01053,чат,доступ и пароли,3,a15,2025-02-02 05:51:09,2025-02-02 06:50:47,решено,1,
t005068,20.05.2025 02:05,u03918,чат,техническая проблема,3,a03,2025-05-20 02:06:19,2025-05-20 08:07:57,решено,0,
t002655,2025-05-16 02:31:00,u01397,чат,прочее,3,a07,2025-05-16 02:44:48,2025-05-16 05:02:47,решено,0,
t003659,2025-03-21 04:15:00,u02677,почта,оплата и документы,2,a08,2025-03-21 05:32:19,2025-03-21 07:40:01,решено,0,4
t004307,2025-02-02 10:31:00,u00807,чат,"",2,a04,2025-02-02 10:58:35,2025-02-02 11:22:24,решено,0,
t001651,2025-04-06 08:22:00,u06378,чат,расписание и посещаемость,3,a18,2025-04-06 08:42:49,2025-04-06 13:43:49,решено,0,
t004169,2025-06-24 03:48:00,u01646,чат,"",2,a12,2025-06-24 04:31:17,2025-06-24 05:23:13,решено,0,4
t003377,2025-02-23 03:05:00,u00909,почта,доступ и пароли,2,a02,2025-02-23 04:44:58,2025-02-23 04:56:35,решено,0,
t003755,2025-03-02 06:51:00,u05933,чат,доступ и пароли,2,a16,2025-03-02 08:06:41,2025-03-02 08:40:44,решено,0,3
t000337,18.03.2025 07:39,u05968,чат,доступ и пароли,2,a06,2025-03-18 07:47:42,2025-03-18 11:06:55,решено,0,
t003034,2025-06-18 11:39:00,u03610,телефон,NULL,1,a08,2025-06-18 11:47:56,2025-06-18 20:42:50,решено,1,4
t003210,2025-03-26 10:34:00,u05919,чат,доступ и пароли,3,a01,2025-03-26 11:37:37,2025-03-26 13:36:31,решено,0,
t003396,02.04.2025 10:12,u04222,почта,расписание и посещаемость,2,a12,2025-04-02 10:23:28,2025-04-02 12:36:14,решено,0,5
t000826,2025-04-18 11:26:00,u05880,телефон,расписание и посещаемость,2,a05,2025-04-18 12:17:14,2025-04-18 14:41:16,решено,0,
t001838,07.02.2025 03:51,u04198,чат,доступ и пароли,2,a01,2025-02-07 05:37:41,2025-02-07 06:08:02,решено,0,
t000514,2025-06-08 05:07:00,u06090,почта,доступ и пароли,1,a04,2025-06-08 05:14:49,2025-06-08 07:56:42,решено,0,
t002670,2025-04-25 06:30:00,u06988,чат,доступ и пароли,3,a02,2025-04-25 07:18:16,2025-04-25 07:18:26,решено,0,
t000368,2025-01-24 10:23:00,u04334,чат,доступ и пароли,1,a12,2025-01-24 11:30:20,2025-01-24 11:38:06,решено,0,
t003552,2025-06-30 00:00:00,u03087,почта,расписание и посещаемость,2,a01,,,новое,0,
t005600,2025-05-03 12:38:00,u00420,почта,техническая проблема,2,a03,2025-05-03 12:42:36,2025-05-03 16:32:56,решено,0,5
t005398,2025-02-06 13:36:00,u04052,почта,доступ и пароли,2,a03,2025-02-06 14:56:02,2025-02-06 15:00:40,решено,1,
t005463,17.01.2025 13:48,u01422,телефон,техническая проблема,1,a12,2025-01-17 15:07:47,2025-01-17 16:05:59,решено,0,2
t002633,04.04.2025 02:52,u04371,чат,прочее,2,a02,2025-04-04 03:14:19,2025-04-04 11:01:47,решено,0,4
t003993,05.04.2025 05:03,u05208,почта,доступ и пароли,2,a09,2025-04-05 05:20:37,2025-04-05 13:06:30,решено,0,
t005500,2025-04-04 13:42:00,u03922,чат,доступ и пароли,2,a09,2025-04-04 14:04:09,2025-04-04 17:10:10,решено,0,
t004628,2025-02-02 06:25:00,u05656,телефон,прочее,2,a12,2025-02-02 08:12:05,2025-02-02 11:22:18,решено,0,
t000472,2025-02-22 17:53:00,u02742,телефон,расписание и посещаемость,3,a16,2025-02-22 19:37:34,2025-02-22 21:07:51,решено,0,
t005755,01.05.2025 13:38,u00920,чат,техническая проблема,3,a03,2025-05-01 13:39:11,2025-05-01 23:59:43,решено,0,2
t003383,18.06.2025 10:58,u05874,чат,оплата и документы,2,a16,2025-06-18 11:17:12,2025-06-18 15:50:36,решено,0,
t001692,2025-06-24 02:15:00,u01732,почта,техническая проблема,2,a07,2025-06-24 03:09:12,2025-06-24 05:53:10,решено,0,4
t005563,2025-04-11 11:51:00,u01856,чат,оплата и документы,2,a15,2025-04-11 12:43:08,2025-04-11 15:49:04,решено,0,
t002358,2025-01-23 08:36:00,u06651,чат,доступ и пароли,1,a01,2025-01-23 08:48:47,2025-01-23 09:47:12,решено,0,5
t001711,2025-01-27 08:07:00,u01965,форма,техническая проблема,1,a03,2025-01-27 08:27:40,2025-01-28 01:21:03,решено,0,1
t005090,2025-05-04 02:47:00,u02903,чат,оплата и документы,2,a08,2025-05-04 03:02:56,2025-05-04 06:45:15,решено,0,
t005277,2025-06-26 09:21:00,u03937,чат,техническая проблема,2,a15,2025-06-26 09:25:41,2025-06-26 20:25:59,решено,0,
t001486,2025-01-17 06:24:00,u06724,почта,доступ и пароли,2,a11,2025-01-17 08:00:23,2025-01-17 08:22:41,решено,0,
t005772,2025-02-19 13:55:00,u06919,почта,доступ и пароли,2,a11,2025-02-19 14:12:05,2025-02-19 15:11:14,решено,0,
t003845,2025-06-20 02:08:00,u03888,почта,доступ и пароли,1,a09,2025-06-20 02:21:38,2025-06-20 04:12:26,решено,0,
t001070,2025-02-20 02:44:00,u07957,форма,доступ и пароли,2,a01,2025-02-20 04:18:33,2025-02-20 04:23:21,решено,0,
t004869,22.05.2025 01:26,u05177,телефон,техническая проблема,1,a01,2025-05-22 01:46:12,2025-05-23 00:38:25,решено,0,
t003288,2025-03-05 07:27:00,u04723,чат,оплата и документы,1,a02,2025-03-05 08:58:40,2025-03-05 16:13:55,решено,0,
t002476,06.05.2025 02:45,u05005,почта,техническая проблема,2,a11,2025-05-06 02:59:12,2025-05-06 15:29:40,решено,1,
t002382,16.03.2025 07:28,u03408,форма,доступ и пароли,3,a18,2025-03-16 08:58:21,2025-03-16 10:24:53,решено,0,4
t005450,2025-02-18 08:42:00,u01558,почта,доступ и пароли,2,a01,2025-02-18 08:50:35,2025-02-18 09:28:41,решено,0,1
t002239,2025-04-24 05:16:00,u07038,чат,расписание и посещаемость,2,a16,2025-04-24 05:17:15,2025-04-24 05:56:11,решено,0,
t005343,2025-01-24 02:07:00,u07179,чат,оплата и документы,2,a04,2025-01-24 02:51:55,2025-01-24 03:10:07,решено,0,
t000703,2025-03-05 07:50:00,u00740,чат,техническая проблема,1,a10,2025-03-05 08:01:23,2025-03-05 18:32:16,решено,0,5
t004208,2025-02-17 10:56:00,u04942,форма,расписание и посещаемость,3,a16,2025-02-17 11:27:25,2025-02-17 16:43:03,решено,0,
t000576,16.03.2025 03:16,u03125,чат,доступ и пароли,2,a17,2025-03-16 04:56:54,,в работе,1,
t005196,2025-01-19 13:03:00,u02454,почта,расписание и посещаемость,1,a04,2025-01-19 14:14:30,2025-01-19 16:24:40,решено,0,
t000827,2025-06-24 08:12:00,u07082,чат,техническая проблема,2,a18,,,новое,0,
t005557,2025-01-19 13:31:00,u08925,чат,доступ и пароли,1,a13,2025-01-19 13:51:34,2025-01-19 14:51:03,решено,0,
t003428,06.06.2025 01:07,u00025,чат,оплата и документы,2,a04,2025-06-06 01:10:25,2025-06-06 03:03:39,решено,0,
t005818,2025-05-04 03:34:00,u03039,почта,прочее,2,a07,2025-05-04 04:23:52,2025-05-04 10:09:31,решено,0,
t002007,2025-05-13 11:21:00,u06241,чат,доступ и пароли,3,a10,2025-05-13 11:40:42,2025-05-13 14:37:29,решено,0,
t000431,18.04.2025 09:37,u00055,телефон,расписание и посещаемость,1,a10,2025-04-18 09:49:48,2025-04-18 12:29:49,решено,0,5
t000109,2025-06-08 13:15:00,u07556,телефон,расписание и посещаемость,2,a10,2025-06-08 13:17:05,2025-06-08 16:28:07,решено,0,3
t005016,27.02.2025 11:20,u02494,телефон,оплата и документы,1,a09,2025-02-27 13:11:37,2025-02-28 00:27:44,решено,0,
t001263,2025-06-02 06:39:00,u00399,Чат,прочее,1,a03,2025-06-02 06:52:23,2025-06-02 16:04:53,решено,0,
t000524,10.03.2025 15:24,u00445,почта,доступ и пароли,2,a06,2025-03-10 15:33:59,2025-03-10 19:08:47,решено,0,
t004914,20.03.2025 09:34,u04602,почта,доступ и пароли,1,a17,2025-03-20 09:36:03,2025-03-20 10:09:34,решено,0,
t005359,07.06.2025 11:50,u04496,чат,оплата и документы,2,a15,2025-06-07 12:47:55,2025-06-07 16:43:25,решено,0,
t003003,03.06.2025 01:52,u00605,форма,техническая проблема,2,a06,2025-06-03 02:37:10,2025-06-03 05:11:55,решено,0,
t004438,2025-05-18 05:11:00,u01018,форма,техническая проблема,1,a12,2025-05-18 05:55:55,2025-05-18 15:56:01,решено,0,
t002645,2025-03-04 06:07:00,u05975,чат,доступ и пароли,2,a12,2025-03-04 07:08:02,2025-03-04 09:41:23,решено,0,5
t003809,2025-05-19 12:28:00,u03068,чат,техническая проблема,1,a05,2025-05-19 12:36:39,2025-05-19 19:39:45,решено,0,
t003425,2025-04-24 05:59:00,u02632,почта,доступ и пароли,2,a18,2025-04-24 06:22:32,2025-04-24 07:10:51,решено,0,5
t000639,2025-01-03 01:58:00,u00499,чат,доступ и пароли,1,a11,2025-01-03 03:16:29,2025-01-03 03:35:36,решено,0,4
t003250,2025-03-03 14:38:00,u08897,чат,доступ и пароли,2,a06,2025-03-03 15:54:59,2025-03-03 17:30:37,решено,0,
t002603,26.02.2025 12:00,u06292,форма,доступ и пароли,2,a05,2025-02-26 13:09:12,2025-02-26 13:42:57,решено,0,
t001086,24.05.2025 04:18,u00491,почта,техническая проблема,3,a05,2025-05-24 05:04:27,2025-05-24 19:36:04,решено,0,
t003933,03.03.2025 10:35,u06592,почта,оплата и документы,2,a01,2025-03-03 10:41:54,2025-03-03 14:33:17,решено,1,3
t004899,16.05.2025 11:50,u02379,чат,оплата и документы,3,a15,2025-05-16 12:19:19,2025-05-16 13:00:24,решено,0,
t003364,2025-06-13 06:06:00,u03182,чат,доступ и пароли,2,a10,2025-06-13 06:57:58,2025-06-13 08:17:25,решено,0,
t002939,2025-01-02 06:51:00,u06359,чат,оплата и документы,2,a04,2025-01-02 08:19:19,2025-01-02 14:03:46,решено,0,4
t001026,2025-03-17 11:25:00,u06288,чат,оплата и документы,1,a10,2025-03-17 11:52:21,2025-03-17 13:22:29,решено,0,5
t001729,07.06.2025 20:16,u05292,телефон,доступ и пароли,1,a01,2025-06-07 20:45:40,2025-06-07 22:00:31,решено,0,
t004480,23.01.2025 03:25,u02863,почта,техническая проблема,1,a02,2025-01-23 04:20:59,2025-01-23 19:38:13,решено,0,
t001495,04.04.2025 13:09,u03057,чат,расписание и посещаемость,2,a01,2025-04-04 13:22:29,2025-04-04 16:57:11,решено,0,
t002570,2025-01-06 11:47:00,u05307,телефон,техническая проблема,2,a11,2025-01-06 12:51:55,2025-01-06 22:34:02,решено,0,5
t000245,2025-04-20 04:36:00,u04080,чат,оплата и документы,2,a16,2025-04-20 04:46:57,2025-04-20 06:13:51,решено,1,
t005951,18.04.2025 14:04,u04732,телефон,прочее,1,a16,2025-04-18 14:23:00,2025-04-19 00:25:27,решено,0,
t001993,07.05.2025 17:17,u05037,чат,оплата и документы,2,a10,2025-05-07 17:39:12,2025-05-07 18:10:39,решено,1,4
t002014,2025-01-15 09:41:00,u07103,чат,расписание и посещаемость,2,a02,2025-01-15 09:55:10,2025-01-15 12:24:58,решено,1,
t004931,2025-06-02 01:40:00,u05488,почта,доступ и пароли,1,a10,2025-06-02 01:55:05,2025-06-02 03:07:35,решено,0,
t003409,2025-06-19 12:49:00,u07361,чат,доступ и пароли,1,a01,2025-06-19 13:46:59,2025-06-19 14:51:39,решено,0,
t000281,05.04.2025 04:52,u03469,чат,прочее,1,a07,2025-04-05 05:08:58,2025-04-05 09:45:27,решено,0,
t004385,07.05.2025 10:30,u03592,чат,техническая проблема,2,a01,2025-05-07 10:46:29,2025-05-07 19:12:37,решено,0,
t000995,2025-05-07 03:35:00,u05372,форма,техническая проблема,1,a10,2025-05-07 04:12:17,2025-05-07 07:39:26,решено,0,
t002841,2025-06-18 05:36:00,u02904,чат,прочее,2,a04,2025-06-18 06:23:42,2025-06-18 12:27:25,решено,0,
t003206,2025-02-04 05:12:00,u03484,почта,техническая проблема,2,a09,2025-02-04 06:20:53,2025-02-05 01:36:20,решено,0,
t002591,2025-01-06 12:26:00,u07141,чат,доступ и пароли,2,a02,,,новое,0,
t002975,2025-01-11 08:11:00,u07397,почта,доступ и пароли,2,a12,2025-01-11 08:30:09,2025-01-11 09:06:30,решено,0,
t005795,02.02.2025 13:15,u03673,чат,доступ и пароли,2,a04,2025-02-02 14:51:04,2025-02-02 15:06:26,решено,0,4
t004999,2025-02-20 02:24:00,u00019,форма,доступ и пароли,3,a17,2025-02-20 03:17:21,2025-02-20 03:46:06,решено,0,3
t005109,2025-02-21 05:12:00,u04283,почта,расписание и посещаемость,2,a17,2025-02-21 05:48:08,2025-02-21 16:37:50,решено,0,5
t002218,23.03.2025 07:26,u05933,чат,доступ и пароли,2,a01,2025-03-23 08:34:22,2025-03-23 08:36:44,решено,0,
t003793,03.01.2025 10:30,u07179,почта,прочее,1,a14,2025-01-03 11:37:00,2025-01-04 07:31:34,решено,0,
t000979,04.05.2025 14:08,u02787,форма,доступ и пароли,2,a09,2025-05-04 15:12:39,,в работе,0,
t001661,2025-01-15 09:49:00,u05401,форма,доступ и пароли,2,a11,2025-01-15 09:59:26,2025-01-14 10:20:27,решено,0,
t005248,2025-03-04 07:26:00,u02171,форма,расписание и посещаемость,2,a17,2025-03-04 09:09:39,2025-03-04 14:04:17,решено,0,4
t000904,2025-05-19 04:31:00,u02286,почта,техническая проблема,2,a11,2025-05-19 04:36:52,2025-05-19 17:25:12,решено,0,
t004423,22.05.2025 10:25,u03715,чат,техническая проблема,2,a16,2025-05-22 10:41:14,2025-05-22 13:56:02,решено,0,
t003479,2025-04-20 11:35:00,u03352,почта,доступ и пароли,1,a01,2025-04-20 12:12:07,2025-04-20 13:04:13,решено,0,
t001733,2025-03-20 06:51:00,u02793,чат,"",2,a01,2025-03-20 07:02:35,2025-03-20 12:46:13,решено,0,
t000794,2025-02-26 09:32:00,u05141,чат,доступ и пароли,1,a06,2025-02-26 11:20:38,2025-02-26 11:40:02,решено,0,
t005687,12.02.2025 12:47,u08086,чат,доступ и пароли,2,a05,2025-02-12 13:12:22,2025-02-12 14:19:29,решено,0,3
t003836,2025-04-18 07:11:00,u05846,чат,расписание и посещаемость,2,a12,2025-04-18 07:14:06,2025-04-18 13:38:46,решено,0,
t002151,2025-02-01 12:28:00,u04154,телефон,доступ и пароли,2,a12,2025-02-01 12:33:47,2025-02-01 15:51:58,решено,0,
t000028,17.01.2025 11:34,u00963,почта,доступ и пароли,2,a07,2025-01-17 12:26:20,2025-01-17 13:09:00,решено,0,
t001664,06.05.2025 10:31,u05776,чат,доступ и пароли,2,a07,2025-05-06 10:40:38,2025-05-06 11:48:07,решено,0,
t003928,2025-02-18 02:05:00,u00526,чат,расписание и посещаемость,1,a13,2025-02-18 02:08:20,2025-02-18 05:00:48,решено,0,
t003868,08.06.2025 09:45,u02176,чат,расписание и посещаемость,2,a16,2025-06-08 09:58:21,2025-06-08 16:42:55,решено,0,
t001087,2025-01-08 04:49:00,u04998,телефон,расписание и посещаемость,2,a12,2025-01-08 05:41:37,2025-01-08 12:02:22,решено,0,
t001425,2025-05-19 06:33:00,u00794,чат,прочее,2,a17,2025-05-19 06:56:50,,в работе,0,
t002897,23.01.2025 03:00,u00888,почта,оплата и документы,2,a02,2025-01-23 03:06:06,,в работе,0,
t002325,2025-01-18 01:40:00,u01200,телефон,доступ и пароли,1,a11,2025-01-18 01:44:53,2025-01-18 02:29:57,решено,0,2
t005709,2025-02-10 07:57:00,u04921,почта,доступ и пароли,2,a02,,,новое,0,
t004839,2025-04-05 17:27:00,u04739,чат,расписание и посещаемость,2,a17,2025-04-05 18:07:21,2025-04-05 18:19:38,решено,0,
t004629,15.06.2025 20:31,u01254,почта,оплата и документы,2,a03,2025-06-15 20:55:53,2025-06-16 01:28:07,решено,0,
t002985,2025-05-09 04:20:00,u08288,почта,расписание и посещаемость,1,a04,2025-05-09 04:28:35,2025-05-09 07:43:05,решено,0,
t001930,2025-04-01 17:12:00,u04689,чат,оплата и документы,2,a07,2025-04-01 17:26:40,2025-04-01 22:29:45,решено,0,
t003051,07.03.2025 10:43,u05017,телефон,доступ и пароли,2,a16,2025-03-07 11:25:36,2025-03-07 11:58:01,решено,0,
t002923,05.01.2025 02:48,u03444,чат,прочее,2,a12,2025-01-05 04:13:00,2025-01-05 06:59:46,решено,0,
t001109,2025-04-13 13:01:00,u08922,телефон,NULL,2,a12,2025-04-13 13:04:36,2025-04-13 15:23:58,решено,0,3
t003852,2025-05-12 06:53:00,u04554,форма,техническая проблема,1,a17,2025-05-12 07:02:32,2025-05-12 21:29:44,решено,0,2
t004975,2025-05-04 06:39:00,u05471,почта,оплата и документы,2,a17,2025-05-04 06:51:56,2025-05-04 13:46:32,решено,1,
t000405,2025-05-20 11:44:00,u02548,почта,техническая проблема,1,a01,2025-05-20 11:54:25,2025-05-20 23:07:53,решено,0,
t003762,2025-02-03 13:34:00,u02189,почта,доступ и пароли,1,a04,2025-02-03 14:01:14,2025-02-03 15:08:28,решено,0,
t003982,2025-01-10 07:50:00,u06101,чат,доступ и пароли,3,a11,2025-01-10 08:03:58,2025-01-10 08:04:23,решено,0,
t001877,2025-05-19 08:25:00,u03076,чат,доступ и пароли,2,a17,2025-05-19 08:32:36,2025-05-19 08:45:37,решено,0,
t003645,11.01.2025 04:38,u03349,чат,оплата и документы,1,a14,2025-01-11 05:55:53,2025-01-11 09:53:29,решено,0,5
t003135,2025-05-19 17:08:00,u06946,чат,техническая проблема,1,a07,2025-05-19 17:21:12,2025-05-19 23:06:05,решено,0,4
t000122,2025-03-19 12:57:00,u01841,почта,доступ и пароли,2,a11,2025-03-19 13:07:13,2025-03-19 14:01:00,решено,0,
t001382,21.01.2025 13:40,u02574,телефон,доступ и пароли,1,a12,2025-01-21 13:48:11,2025-01-21 14:45:43,решено,0,3
t001815,2025-04-03 15:56:00,u04767,почта,прочее,2,a08,2025-04-03 16:04:15,2025-04-03 20:17:47,решено,0,
t000935,25.04.2025 08:38,u00801,форма,техническая проблема,1,a08,2025-04-25 09:29:51,2025-04-25 15:27:08,решено,0,
t002408,05.02.2025 13:11,u04433,чат,доступ и пароли,2,a01,2025-02-05 13:23:26,2025-02-05 15:10:28,решено,0,
t005053,2025-01-19 12:27:00,u05059,телефон,доступ и пароли,3,a12,2025-01-19 13:57:42,2025-01-19 13:58:03,решено,0,5
t002786,21.03.2025 14:40,u06779,форма,оплата и документы,3,a06,2025-03-21 15:05:39,2025-03-21 16:59:23,решено,0,
t002874,06.01.2025 11:25,u06570,чат,доступ и пароли,2,a02,2025-01-06 12:31:28,2025-01-06 12:49:03,решено,0,3
t004940,2025-01-10 03:59:00,u04957,чат,расписание и посещаемость,3,a13,2025-01-10 05:21:30,2025-01-10 05:57:40,решено,0,
t002903,27.04.2025 09:41,u03041,почта,расписание и посещаемость,1,a03,2025-04-27 10:04:38,2025-04-27 11:59:38,решено,0,
t005362,2025-03-19 11:57:00,u00539,чат,расписание и посещаемость,2,a01,2025-03-19 12:00:53,2025-03-19 17:28:04,решено,0,
t005573,2025-01-24 06:43:00,u04563,почта,доступ и пароли,2,a09,2025-01-24 08:03:00,2025-01-24 08:25:52,решено,0,
t001894,2025-05-19 13:00:00,u00076,чат,"",2,a15,2025-05-19 13:06:15,2025-05-19 16:04:56,решено,0,
t001628,2025-03-24 01:03:00,u00550,чат,доступ и пароли,3,a08,2025-03-24 01:11:28,2025-03-24 01:48:20,решено,0,
t002254,2025-05-23 11:50:00,u06255,почта,оплата и документы,1,a03,2025-05-23 12:54:16,2025-05-23 16:41:01,решено,0,
t002326,2025-05-10 02:50:00,u08633,чат,техническая проблема,2,a16,2025-05-10 03:03:04,2025-05-10 18:06:51,решено,0,
t001248,2025-05-24 13:26:00,u06508,чат,доступ и пароли,2,a04,2025-05-24 13:54:28,2025-05-24 15:50:07,решено,0,
t001860,2025-04-27 01:26:00,u04644,чат,прочее,3,a08,2025-04-27 01:54:19,2025-04-27 08:53:00,решено,0,
t003320,19.06.2025 16:51,u05374,телефон,расписание и посещаемость,2,a17,2025-06-19 17:20:41,2025-06-19 20:58:32,решено,0,5
t003145,2025-06-19 03:15:00,u04469,почта,доступ и пароли,2,a01,2025-06-19 04:05:38,2025-06-19 04:49:03,решено,0,
t002791,2025-02-24 08:12:00,u00647,чат,доступ и пароли,2,a17,2025-02-24 08:23:23,2025-02-24 08:58:31,решено,0,4
t002586,13.02.2025 11:03,u08239,чат,оплата и документы,2,a13,2025-02-13 11:22:41,2025-02-13 20:08:38,решено,0,
t002291,2025-04-18 06:02:00,u05846,почта,оплата и документы,2,a16,2025-04-18 06:06:39,2025-04-18 08:40:47,решено,0,
t000785,2025-04-06 08:44:00,u03555,форма,расписание и посещаемость,2,a17,2025-04-06 09:17:57,2025-04-06 10:52:16,решено,0,
t005425,06.03.2025 07:55,u01841,чат,доступ и пароли,1,a17,2025-03-06 08:20:43,2025-03-06 09:04:09,решено,0,
t005234,22.06.2025 03:15,u04954,чат,техническая проблема,3,a08,2025-06-22 03:44:40,2025-06-22 06:16:35,решено,0,5
t005342,2025-03-01 13:11:00,u06305,телефон,NULL,3,a12,2025-03-01 14:50:11,2025-03-01 15:53:17,решено,0,
t003270,24.06.2025 02:50,u01988,Чат,доступ и пароли,1,a09,2025-06-24 02:57:27,2025-06-24 03:35:02,решено,0,
t002212,2025-02-24 01:05:00,u02982,чат,доступ и пароли,2,a13,2025-02-24 01:24:04,2025-02-24 01:32:57,решено,0,
t002608,2025-05-27 14:19:00,u06803,форма,доступ и пароли,1,a03,2025-05-27 14:23:49,2025-05-27 17:21:25,решено,1,
t004152,25.01.2025 01:46,u03053,почта,техническая проблема,1,a13,2025-01-25 02:59:50,2025-01-25 06:23:59,решено,1,
t001231,2025-06-06 16:27:00,u06925,чат,оплата и документы,1,a10,2025-06-06 16:31:40,2025-06-06 20:07:54,решено,0,
t002685,2025-05-05 11:42:00,u08444,чат,техническая проблема,3,a11,2025-05-05 12:08:35,2025-05-05 22:19:50,решено,0,
t004612,04.06.2025 01:03,u04647,чат,"",3,a17,2025-06-04 01:04:49,2025-06-04 02:13:41,решено,0,
t000167,22.03.2025 12:07,u01903,чат,"",1,a18,2025-03-22 12:17:06,2025-03-22 12:53:33,решено,0,
t005844,10.01.2025 04:48,u02445,почта,расписание и посещаемость,2,a12,2025-01-10 05:54:30,2025-01-10 07:27:17,решено,0,
t004621,2025-06-07 18:38:00,u07379,чат,"",2,a06,2025-06-07 19:05:06,2025-06-08 00:38:31,решено,0,
t001047,2025-05-21 01:39:00,u04940,чат,доступ и пароли,1,a04,2025-05-21 02:13:42,2025-05-21 03:19:13,решено,0,
t004973,2025-02-23 13:06:00,u07922,чат,доступ и пароли,1,a12,2025-02-23 13:22:16,2025-02-23 14:26:10,решено,1,
t003914,2025-03-02 08:12:00,u05148,телефон,доступ и пароли,2,a16,2025-03-02 08:36:40,2025-03-02 08:40:22,решено,0,
t000553,2025-01-07 03:22:00,u05024,чат,доступ и пароли,2,a01,2025-01-07 05:02:19,2025-01-07 05:23:30,решено,0,5
t000317,17.04.2025 15:16,u07584,почта,техническая проблема,1,a15,2025-04-17 15:18:50,2025-04-17 16:36:58,решено,0,
t002434,2025-05-05 07:48:00,u00456,почта,доступ и пароли,2,a15,2025-05-05 07:54:07,2025-05-05 09:03:18,решено,0,
t000654,2025-03-09 07:30:00,u00189,Чат,"",1,a01,2025-03-09 07:42:47,2025-03-09 08:50:34,решено,0,
t000247,2025-01-11 07:24:00,u07817,чат,доступ и пароли,1,a08,2025-01-11 08:51:13,2025-01-11 10:39:41,решено,0,
t005176,2025-04-02 08:08:00,u03871,чат,техническая проблема,1,a05,2025-04-02 08:23:39,2025-04-02 15:14:33,решено,0,
t002210,2025-03-15 03:52:00,u04128,телефон,техническая проблема,1,a04,2025-03-15 05:43:31,2025-03-15 18:56:35,решено,0,2
t003160,05.04.2025 10:01,u08045,чат,техническая проблема,1,a18,2025-04-05 10:52:20,2025-04-05 18:18:38,решено,0,
t000824,05.03.2025 12:55,u00509,чат,доступ и пароли,2,a15,2025-03-05 12:57:45,2025-03-05 13:46:12,решено,1,5
t005172,2025-04-19 07:33:00,u06296,телефон,техническая проблема,2,a05,2025-04-19 07:47:15,,в работе,0,
t003920,18.01.2025 01:19,u02777,почта,доступ и пароли,2,a04,2025-01-18 02:33:07,2025-01-18 03:25:29,решено,1,1
t000321,2025-01-08 06:33:00,u04998,форма,прочее,1,a11,2025-01-08 07:52:00,2025-01-08 21:38:54,решено,0,
t003709,2025-02-26 16:24:00,u04182,чат,доступ и пароли,1,a17,2025-02-26 16:33:45,2025-02-26 17:14:31,решено,0,4
t004305,2025-04-14 02:08:00,u07794,чат,оплата и документы,2,a03,2025-04-14 02:12:09,2025-04-14 11:47:51,закрыто без ответа,1,4
t004883,2025-02-02 09:39:00,u05906,почта,доступ и пароли,2,a03,2025-02-02 10:00:24,2025-02-02 11:50:31,решено,0,
t001909,2025-02-22 03:32:00,u06798,чат,доступ и пароли,1,a11,2025-02-22 03:36:02,2025-02-22 04:30:04,решено,0,5
t003102,2025-03-06 06:15:00,u05076,чат,доступ и пароли,1,a12,2025-03-06 07:10:00,2025-03-06 07:41:31,решено,0,5
t005930,02.04.2025 01:26,u03137,почта,прочее,2,a07,2025-04-02 01:37:34,2025-04-02 07:21:06,решено,0,
t003956,01.03.2025 07:46,u08728,чат,доступ и пароли,2,a01,2025-03-01 08:56:05,2025-03-01 10:25:02,решено,0,5
t002304,21.05.2025 02:40,u05776,форма,доступ и пароли,2,a03,2025-05-21 02:58:34,2025-05-21 03:45:30,решено,0,5
t005908,2025-04-03 13:10:00,u03997,почта,оплата и документы,2,a04,2025-04-03 13:12:18,2025-04-03 17:18:22,решено,0,
t003119,05.03.2025 12:23,u00471,чат,доступ и пароли,3,a17,2025-03-05 12:27:30,2025-03-05 13:18:58,решено,0,
t000448,25.03.2025 06:52,u02418,чат,расписание и посещаемость,2,a02,2025-03-25 08:40:34,2025-03-25 14:04:25,решено,0,5
t002488,2025-01-24 09:18:00,u01216,почта,доступ и пароли,1,a11,2025-01-24 09:53:14,2025-01-24 10:39:44,решено,0,5
t000207,2025-03-01 02:52:00,u05425,телефон,оплата и документы,2,a15,2025-03-01 03:18:05,2025-03-01 05:02:11,решено,0,
t002049,2025-06-20 11:40:00,u08648,почта,расписание и посещаемость,2,a15,2025-06-20 12:00:17,2025-06-20 13:14:38,решено,0,
t004241,2025-03-23 01:09:00,u07825,почта,доступ и пароли,2,a07,2025-03-23 01:18:38,2025-03-23 02:23:30,решено,0,
t002703,2025-01-21 01:43:00,u08579,чат,техническая проблема,1,a13,2025-01-21 03:26:34,2025-01-21 07:08:45,решено,0,
t005816,2025-05-03 19:17:00,u08663,чат,оплата и документы,2,a17,2025-05-03 19:23:49,2025-05-04 00:28:15,решено,0,
t004378,2025-05-23 01:21:00,u05738,почта,расписание и посещаемость,2,a06,2025-05-23 01:45:52,2025-05-23 04:05:21,решено,0,
t002153,19.03.2025 12:48,u03622,почта,прочее,2,a10,2025-03-19 14:16:35,2025-03-19 18:43:17,решено,0,
t000943,2025-01-20 08:15:00,u02658,чат,доступ и пароли,2,a14,2025-01-20 09:33:55,2025-01-20 09:36:59,решено,0,
t002306,2025-05-24 11:32:00,u08048,почта,оплата и документы,2,a05,2025-05-24 11:41:56,2025-05-24 15:05:13,решено,0,
t000941,2025-04-26 05:53:00,u02570,чат,"",2,a09,2025-04-26 06:40:24,2025-04-26 12:03:54,решено,0,
t003120,2025-05-23 13:42:00,u01177,телефон,расписание и посещаемость,2,a10,2025-05-23 14:15:53,2025-05-23 18:10:48,решено,0,
t004511,13.03.2025 03:30,u08043,почта,прочее,2,a08,2025-03-13 03:33:37,2025-03-12 02:53:20,решено,0,4
t002637,2025-06-04 11:18:00,u07015,Чат,расписание и посещаемость,3,a15,2025-06-04 11:52:54,2025-06-04 14:06:43,решено,0,
t001536,26.05.2025 03:03,u05255,чат,оплата и документы,2,a18,2025-05-26 03:28:46,2025-05-26 18:12:22,решено,0,
t001416,07.05.2025 14:21,u02368,телефон,оплата и документы,2,a18,2025-05-07 15:02:51,2025-05-07 21:45:07,решено,0,
t004224,2025-05-11 18:47:00,u05153,форма,"",3,a08,2025-05-11 19:51:14,2025-05-12 11:21:05,решено,0,
t001171,2025-06-06 17:35:00,u00344,телефон,доступ и пароли,2,a04,2025-06-06 17:37:33,2025-06-06 18:16:19,решено,0,
t003285,2025-06-04 12:28:00,u07985,почта,оплата и документы,2,a02,2025-06-04 12:46:28,2025-06-04 23:15:01,решено,0,
t001563,27.02.2025 05:19,u07881,чат,расписание и посещаемость,2,a06,2025-02-27 05:40:35,2025-02-27 07:32:10,решено,0,5
t005571,2025-05-08 01:17:00,u08765,чат,техническая проблема,1,a04,2025-05-08 01:29:57,2025-05-08 13:36:02,решено,0,
t005785,2025-03-11 02:25:00,u07204,почта,оплата и документы,1,a09,2025-03-11 04:14:13,2025-03-11 05:22:11,решено,0,
t005784,20.01.2025 02:51,u07261,почта,доступ и пароли,2,a02,2025-01-20 04:13:11,2025-01-20 04:17:30,решено,0,
t000208,2025-05-03 07:29:00,u04891,чат,оплата и документы,2,a03,2025-05-03 07:42:11,2025-05-03 10:41:08,решено,0,3
t004511,13.03.2025 03:30,u08043,почта,прочее,2,a08,2025-03-13 03:33:37,2025-03-12 02:53:20,решено,0,4
t004550,2025-03-23 10:22:00,u03801,чат,техническая проблема,1,a18,2025-03-23 10:32:51,2025-03-23 20:02:25,решено,0,
t002001,2025-02-15 12:28:00,u08857,почта,доступ и пароли,1,a17,2025-02-15 12:38:55,2025-02-15 13:36:15,решено,0,4
t000420,2025-06-04 07:41:00,u05374,чат,доступ и пароли,1,a04,2025-06-04 07:45:33,2025-06-04 08:33:01,решено,0,
t003942,2025-06-10 16:13:00,u08299,почта,,3,a03,2025-06-10 16:51:53,2025-06-09 16:46:50,решено,0,
t000685,2025-02-24 03:40:00,u08118,форма,доступ и пароли,1,a18,2025-02-24 04:45:31,2025-02-24 05:19:28,решено,1,4
t003318,2025-05-18 04:14:00,u03818,телефон,расписание и посещаемость,1,a09,2025-05-18 05:14:55,2025-05-18 10:14:24,решено,0,
t005190,2025-05-06 02:10:00,u05038,почта,техническая проблема,1,a12,2025-05-06 03:11:11,2025-05-06 06:52:52,решено,0,
t003312,2025-06-14 06:19:00,u07069,чат,техническая проблема,2,a15,2025-06-14 06:36:26,,в работе,0,
t001746,11.04.2025 06:44,u08518,почта,расписание и посещаемость,2,a17,2025-04-11 07:18:36,2025-04-11 15:50:18,решено,0,
t002982,2025-02-14 07:36:00,u00175,чат,доступ и пароли,2,a03,2025-02-14 09:14:14,2025-02-14 09:19:16,решено,0,5
t001997,2025-02-17 08:42:00,u03612,форма,доступ и пароли,1,a09,2025-02-17 10:08:19,2025-02-17 11:24:01,решено,0,
t002673,2025-03-07 02:23:00,u05618,форма,доступ и пароли,1,a15,2025-03-07 03:21:40,2025-03-07 06:18:09,решено,0,
t005568,2025-02-17 09:25:00,u07459,чат,оплата и документы,2,a08,2025-02-17 10:08:01,2025-02-17 12:14:31,решено,0,4
t004210,27.05.2025 15:30,u07403,чат,"",1,a02,2025-05-27 15:55:46,2025-05-27 18:07:22,решено,0,
t003922,2025-06-22 10:13:00,u01479,чат,техническая проблема,2,a06,2025-06-22 10:17:49,2025-06-22 19:32:44,решено,0,4
t001116,2025-06-20 09:27:00,u08241,почта,оплата и документы,1,a05,2025-06-20 09:35:38,2025-06-20 13:02:37,решено,0,4
t000730,14.05.2025 04:27,u07325,чат,техническая проблема,1,a17,2025-05-14 04:33:00,2025-05-14 11:22:25,решено,0,
t004838,06.03.2025 13:13,u05380,чат,доступ и пароли,3,a01,2025-03-06 14:42:55,2025-03-06 16:28:17,решено,0,
t005180,10.06.2025 08:25,u08299,чат,техническая проблема,1,a04,2025-06-10 08:35:41,2025-06-10 22:25:31,решено,0,
t002555,2025-06-03 12:21:00,u01848,форма,оплата и документы,2,a16,2025-06-03 12:25:17,2025-06-03 14:00:51,решено,0,
t001568,05.04.2025 16:08,u08045,чат,расписание и посещаемость,1,a06,2025-04-05 16:56:02,2025-04-05 21:30:52,решено,0,
t004822,2025-04-02 08:33:00,u04113,чат,доступ и пароли,1,a15,2025-04-02 09:02:36,2025-04-02 11:53:50,закрыто без ответа,0,
t000036,20.05.2025 10:39,u07161,чат,доступ и пароли,2,a06,2025-05-20 11:32:57,2025-05-20 11:54:52,решено,1,
t002397,19.06.2025 01:24,u04880,телефон,доступ и пароли,2,a04,2025-06-19 02:05:16,2025-06-19 02:26:16,решено,0,
t005470,24.04.2025 09:28,u01934,чат,оплата и документы,2,a18,2025-04-24 09:32:46,2025-04-24 13:57:14,решено,0,
t005231,03.04.2025 10:27,u04269,почта,расписание и посещаемость,2,a18,2025-04-03 11:20:10,2025-04-03 19:07:10,решено,0,
t000101,13.06.2025 01:20,u06585,телефон,оплата и документы,2,a11,2025-06-13 01:23:33,2025-06-13 07:03:12,решено,0,
t002909,2025-01-04 07:17:00,u07950,чат,доступ и пароли,2,a01,2025-01-04 08:26:05,2025-01-04 08:57:25,решено,0,4
t004682,2025-03-02 02:26:00,u04263,чат,доступ и пароли,2,a18,2025-03-02 02:49:23,2025-03-02 04:37:31,закрыто без ответа,0,
t002995,05.03.2025 08:24,u02147,форма,оплата и документы,2,a09,2025-03-05 08:35:10,2025-03-05 11:14:59,закрыто без ответа,0,1
t003387,2025-03-07 07:27:00,u07613,почта,доступ и пароли,3,a02,2025-03-07 09:17:23,2025-03-07 11:15:02,решено,0,3
t004452,2025-02-13 06:09:00,u06800,почта,оплата и документы,3,a02,2025-02-13 06:17:36,2025-02-13 12:18:45,решено,0,
t003389,2025-02-06 16:04:00,u07922,чат,техническая проблема,1,a15,2025-02-06 16:12:42,2025-02-06 21:47:38,решено,0,
t002612,2025-04-05 14:02:00,u07646,форма,оплата и документы,2,a06,2025-04-05 14:41:31,2025-04-05 21:03:18,решено,0,
t003990,2025-06-03 13:02:00,u01479,чат,"",2,a11,2025-06-03 13:30:36,2025-06-04 03:30:57,решено,0,2
t002178,22.01.2025 11:59,u06202,чат,NULL,2,a02,2025-01-22 12:01:53,2025-01-22 12:40:09,решено,0,
t004722,24.03.2025 12:44,u03609,почта,доступ и пароли,2,a01,2025-03-24 14:21:14,2025-03-24 16:08:27,решено,0,
t001704,2025-05-13 03:54:00,u00712,чат,оплата и документы,1,a10,2025-05-13 03:56:04,2025-05-13 06:26:17,решено,0,
t001190,2025-01-13 02:04:00,u07162,чат,прочее,2,a12,2025-01-13 02:11:54,2025-01-13 08:24:09,решено,0,
t004805,2025-03-09 17:40:00,u04814,телефон,прочее,2,a01,2025-03-09 18:15:16,2025-03-09 21:23:37,решено,0,
t001573,2025-02-18 11:39:00,u05749,почта,доступ и пароли,2,a15,2025-02-18 13:05:58,2025-02-17 11:30:29,решено,0,
t002714,2025-02-05 07:48:00,u03451,почта,доступ и пароли,1,a04,2025-02-05 08:17:40,2025-02-05 09:16:36,решено,0,2
t001260,2025-02-08 04:59:00,u01318,почта,"",3,a08,2025-02-08 06:15:49,2025-02-08 09:52:48,решено,0,3
t003592,2025-02-05 06:27:00,u06054,почта,доступ и пароли,2,a12,2025-02-05 06:36:03,2025-02-05 07:10:23,решено,0,
t004628,2025-02-02 06:25:00,u05656,телефон,прочее,2,a12,2025-02-02 08:12:05,2025-02-02 11:22:18,решено,0,
t000748,2025-04-07 10:27:00,u06737,форма,доступ и пароли,2,a11,2025-04-07 10:45:17,2025-04-07 11:39:01,закрыто без ответа,0,
t004570,06.06.2025 09:00,u01657,форма,техническая проблема,1,a11,2025-06-06 09:25:09,2025-06-06 19:36:40,решено,0,
t005892,2025-05-14 17:49:00,u05052,чат,оплата и документы,2,a10,,,новое,0,
t001423,2025-01-23 09:31:00,u07374,чат,доступ и пароли,1,a06,2025-01-23 09:49:26,2025-01-23 10:13:48,решено,0,5
t001727,2025-02-10 12:22:00,u07657,чат,доступ и пароли,3,a13,2025-02-10 12:25:48,2025-02-10 13:01:44,решено,0,3
t004468,2025-05-04 10:49:00,u05611,телефон,,2,a09,2025-05-04 11:11:01,2025-05-05 06:46:59,решено,1,2
t004670,06.01.2025 11:53,u03684,телефон,доступ и пароли,3,a13,2025-01-06 12:56:51,2025-01-05 12:09:33,решено,0,
t004174,2025-01-09 03:23:00,u02046,чат,техническая проблема,3,a01,2025-01-09 03:44:12,2025-01-09 13:15:15,решено,0,
t002996,2025-06-23 13:36:00,u02085,чат,оплата и документы,2,a04,2025-06-23 13:42:31,2025-06-23 19:26:46,решено,1,
t002460,06.03.2025 03:10,u03471,чат,техническая проблема,1,a17,2025-03-06 03:28:54,2025-03-06 14:33:18,решено,0,
t005076,2025-01-19 01:26:00,u04169,форма,техническая проблема,2,a13,2025-01-19 03:04:37,2025-01-19 06:25:50,решено,0,3
t002796,08.04.2025 11:53,u02468,чат,прочее,1,a03,2025-04-08 12:00:26,2025-04-08 17:25:33,решено,0,
t001106,2025-05-19 04:35:00,u07197,почта,техническая проблема,3,a01,2025-05-19 04:39:51,2025-05-20 04:21:17,решено,0,
t005887,2025-05-18 11:24:00,u08489,телефон,техническая проблема,1,a03,2025-05-18 12:10:57,2025-05-18 17:14:58,решено,0,
t000201,05.04.2025 07:52,u04609,почта,доступ и пароли,2,a08,2025-04-05 08:16:38,2025-04-05 10:06:13,решено,0,
t003958,2025-01-19 18:56:00,u07429,почта,доступ и пароли,1,a12,2025-01-19 19:20:41,2025-01-19 20:23:08,решено,0,
t000042,2025-05-21 10:12:00,u03650,чат,техническая проблема,2,a18,2025-05-21 10:20:46,2025-05-21 16:08:27,решено,1,
t005694,2025-03-24 02:44:00,u07634,форма,расписание и посещаемость,1,a09,2025-03-24 04:11:55,2025-03-24 06:38:25,решено,0,
t003898,06.05.2025 15:59,u03350,чат,NULL,1,a04,2025-05-06 16:12:34,2025-05-06 17:59:27,решено,0,
t000300,2025-02-27 05:43:00,u04684,чат,расписание и посещаемость,2,a02,2025-02-27 07:07:44,2025-02-27 07:52:59,решено,0,5
t000096,2025-01-18 08:52:00,u01032,почта,оплата и документы,2,a08,2025-01-18 10:07:28,2025-01-18 13:52:44,решено,0,5
t002594,2025-03-22 10:04:00,u03258,чат,техническая проблема,1,a05,2025-03-22 10:52:32,2025-03-22 17:52:07,решено,0,
t004221,2025-05-10 13:13:00,u02514,чат,техническая проблема,2,a12,2025-05-10 14:04:01,,в работе,0,
t003660,02.02.2025 03:54,u03115,почта,расписание и посещаемость,2,a03,2025-02-02 04:19:52,2025-02-02 09:22:38,решено,0,
t001968,09.01.2025 05:23,u00944,почта,расписание и посещаемость,2,a10,2025-01-09 06:52:30,2025-01-09 09:35:11,решено,0,
t003357,07.06.2025 02:15,u05483,чат,расписание и посещаемость,2,a10,2025-06-07 02:41:08,,в работе,0,
t000531,2025-06-15 07:35:00,u01680,чат,доступ и пароли,1,a10,2025-06-15 07:37:22,2025-06-15 08:01:01,решено,0,
t000907,2025-05-04 05:29:00,u06346,чат,расписание и посещаемость,2,a03,2025-05-04 05:54:07,2025-05-04 07:31:46,решено,1,
t005780,2025-03-15 12:00:00,u06595,чат,доступ и пароли,2,a06,2025-03-15 12:02:24,2025-03-15 13:13:16,решено,0,
t002683,02.06.2025 13:21,u03129,телефон,оплата и документы,1,a12,2025-06-02 13:49:23,2025-06-02 20:53:31,решено,0,5
t000737,18.03.2025 10:07,u07478,телефон,техническая проблема,3,a17,2025-03-18 11:13:18,2025-03-18 17:25:06,решено,0,
t003279,11.02.2025 06:52,u07080,чат,оплата и документы,2,a06,2025-02-11 07:06:34,2025-02-11 08:14:05,решено,0,2
t004580,2025-03-06 01:55:00,u05655,форма,доступ и пароли,2,a18,2025-03-06 03:05:31,2025-03-06 03:29:29,решено,0,
t005880,05.03.2025 12:11,u03055,телефон,доступ и пароли,1,a01,2025-03-05 12:48:26,2025-03-05 12:52:40,решено,0,
t003816,2025-06-12 02:07:00,u06491,чат,оплата и документы,2,a12,2025-06-12 02:30:36,,в работе,0,
t005384,2025-06-03 03:47:00,u05217,почта,"",1,a10,2025-06-03 04:02:50,2025-06-03 06:36:51,решено,1,
t004272,2025-06-15 05:11:00,u01580,почта,техническая проблема,1,a02,2025-06-15 05:32:10,2025-06-15 10:49:24,решено,1,
t003576,21.05.2025 17:18,u02528,чат,прочее,2,a07,2025-05-21 18:09:27,2025-05-22 05:26:34,решено,0,
t003256,2025-02-19 11:45:00,u04398,чат,NULL,2,a01,2025-02-19 12:40:23,2025-02-19 15:56:09,решено,0,
t000997,2025-05-19 09:12:00,u05263,чат,расписание и посещаемость,2,a15,2025-05-19 09:50:55,2025-05-19 14:45:41,решено,0,
t005642,03.03.2025 09:16,u03653,почта,доступ и пароли,3,a05,2025-03-03 09:26:41,2025-03-03 10:22:43,решено,0,
t005275,15.05.2025 05:35,u05543,чат,оплата и документы,2,a12,2025-05-15 05:37:34,2025-05-15 09:35:17,решено,0,
t001268,2025-05-19 06:38:00,u05699,Чат,прочее,3,a12,2025-05-19 06:50:58,2025-05-19 10:16:09,закрыто без ответа,0,
t000274,2025-04-21 08:16:00,u08075,чат,расписание и посещаемость,3,a05,2025-04-21 08:57:00,2025-04-21 09:59:27,решено,0,
t000353,06.05.2025 05:21,u05042,форма,техническая проблема,1,a02,2025-05-06 05:24:05,2025-05-06 13:43:43,решено,0,
t000731,2025-02-20 12:57:00,u01403,чат,оплата и документы,2,a04,2025-02-20 13:23:05,,в работе,0,4
t002037,09.06.2025 09:56,u01055,телефон,оплата и документы,2,a04,2025-06-09 10:08:06,2025-06-09 14:26:50,решено,1,
t005868,19.01.2025 03:53,u02372,почта,расписание и посещаемость,2,a08,2025-01-19 05:31:30,2025-01-19 08:29:38,решено,0,
t001175,2025-05-06 09:48:00,u03355,чат,прочее,2,a04,2025-05-06 10:03:54,2025-05-06 12:31:34,решено,0,
t004492,07.05.2025 02:05,u05697,чат,техническая проблема,1,a07,2025-05-07 02:44:50,2025-05-07 15:11:08,решено,0,
t005298,03.02.2025 12:24,u01331,чат,доступ и пароли,2,a01,2025-02-03 13:04:08,2025-02-03 13:52:03,решено,0,
t001706,2025-04-04 04:49:00,u02985,чат,оплата и документы,3,a11,2025-04-04 05:25:14,2025-04-04 06:39:35,решено,0,
t003838,2025-01-10 18:34:00,u02251,чат,оплата и документы,2,a04,2025-01-10 20:07:08,2025-01-10 23:44:57,решено,0,
